ID_Accidente;A�o;Fecha;Dia;Hopra;Ruta/Autop;km;Participantes;Tipo;Lugar;Total;Heridos Leves;Heridos Graves;Ilesos;Fallecidos;Sin datos;desc_tipo_via;desc_loc;desc_dpto;|;desc_tipo_banquina;desc_unidad_regional;desc_lugar_calzada;desc_zona;desc_prioridad;desc_estado_semaforo;desc_lugar_via;desc_estado_via;desc_estado_visibilidad;desc_luminosidad;desc_estado_clima;desc_tipo_colision;desc_tipo_atropello;desc_tipo_hecho;desc_pres_calzada;desc_senializacion
172;2021;7/1/2021;Jueves;;;0.0;1;Moto/Ciclomotor; ;1;1;0;0;0;0;Calle;ROSARIO;Constitución;S/D;S/D;II;Dentro;Urbana;Otra Señal;S/D;Intersección;S/D;S/D;S/D;S/D;Múltiple;S/D;Colisión;S/D;S/D
173;2021;7/1/2021;Jueves;;;0.0;1;Bicicleta; ;1;1;0;0;0;0;Calle;ROSARIO;Constitución;S/D;S/D;II;Dentro;Urbana;Otra Señal;S/D;Intersección;S/D;S/D;S/D;S/D;Múltiple;Ciclista;Colisión;S/D;S/D
174;2021;7/1/2021;Jueves;;;0.0;1;Moto/Ciclomotor; ;1;1;0;0;0;0;Calle;ROSARIO;Constitución;S/D;S/D;II;Dentro;Urbana;Otra Señal;S/D;Intersección;S/D;S/D;S/D;S/D;Múltiple;S/D;Colisión;S/D;S/D
175;2021;7/1/2021;Jueves;;;0.0;1;Moto/Ciclomotor; ;1;1;0;0;0;0;Calle;ROSARIO;Constitución;S/D;S/D;II;Dentro;Urbana;Otra Señal;S/D;Intersección;S/D;S/D;S/D;S/D;Múltiple;S/D;Colisión;S/D;S/D
176;2021;7/1/2021;Jueves;;;0.0;1;Moto/Ciclomotor; ;1;1;0;0;0;0;Calle;ROSARIO;Constitución;S/D;S/D;II;Dentro;Urbana;Otra Señal;S/D;Intersección;S/D;S/D;S/D;S/D;Múltiple;S/D;Colisión;S/D;S/D
177;2021;7/1/2021;Jueves;22:30:00;;0.0;2;Automóvil,Moto/Ciclomotor;San Luis Y Pueyrredón;2;0;0;1;0;0;S/D;ROSARIO;Constitución;Asfalto;No existe;II;S/D;S/D;Otra Señal;Funciona;Intersección;Bueno;Buena;Nocturna;Buen Tiempo;Múltiple;S/D;Colisión;Ninguna;Horizontal
178;2021;7/1/2021;Jueves;19:30:00;;0.0;1;Moto/Ciclomotor;Av. Belgrano Y Rivadavia Bernardino;1;0;0;0;0;0;S/D;CAPITÁN BERMÚDEZ;Constitución;S/D;S/D;XVII;S/D;S/D;Otra Señal;S/D;Intersección;S/D;S/D;S/D;S/D;Múltiple;S/D;Colisión;S/D;S/D
179;2021;8/1/2021;Viernes;21:35:00;;0.0;2;Moto/Ciclomotor,Taxi/Remis;Dorrego Y Cochabamba;3;1;0;2;0;0;Calle;ROSARIO;Rosario;Asfalto;No existe;II;Dentro;Urbana;S/D;No existe;Intersección;Bueno;S/D;Nocturna,Con luz artificial;S/D;Múltiple;S/D;Colisión;Ninguna;Vertical
180;2021;8/1/2021;Viernes;11:30:00;;0.0;2;Moto/Ciclomotor,Pickup/Utilitario;Cerrito Y Italia;2;1;0;1;0;0;Calle;ROSARIO;Rosario;Asfalto;No existe;II;Dentro;Urbana;Señal Pare;No existe;Intersección;Bueno;Buena;Diurna;Buen Tiempo;Múltiple;S/D;Colisión;Ninguna;Vertical
181;2021;8/1/2021;Viernes;23:45:00;;0.0;2;Moto/Ciclomotor,Automóvil;Dorrego Y Salta;3;2;0;1;0;0;S/D;ROSARIO;Rosario;Asfalto;No existe;II;S/D;Urbana;Ninguna;Funciona;Intersección;Bueno;Buena;Nocturna;Buen Tiempo;Múltiple;S/D;Colisión;Ninguna;Horizontal
182;2021;8/1/2021;Viernes;09:30:00;;0.0;2;Automóvil,Automóvil;Italia Y San Lorenzo;2;1;0;1;0;0;Calle;ROSARIO;Rosario;Asfalto;No existe;II;Dentro;Urbana;Ninguna;No existe;Intersección;Bueno;Buena;Diurna;Buen Tiempo;Múltiple;S/D;Colisión;Ninguna;Horizontal
183;2021;8/1/2021;Viernes;16:30:00;;0.0;2;Bicicleta,Automóvil;3 De Febrero Y Mariano Moreno;3;2;0;1;0;0;S/D;ROSARIO;Rosario;Asfalto;No existe;II;S/D;Urbana;Ninguna;No existe;Intersección;Bueno;Buena;Diurna;Buen Tiempo;Múltiple;Ciclista;Colisión;Ninguna;Horizontal
184;2021;8/1/2021;Viernes;08:20:00;;0.0;1;Moto/Ciclomotor;Av. San Martin Y General Richieri;1;1;0;0;0;0;Avenida;FRAY LUIS BELTRÁN;San Lorenzo;S/D;S/D;XVII;S/D;Urbana;S/D;S/D;Intersección;S/D;S/D;S/D;S/D;Múltiple;S/D;Colisión;S/D;S/D
185;2021;8/1/2021;Viernes;17:00:00;;0.0;2;Automóvil,Moto/Ciclomotor;Santa Fe Y Sarmiento;4;2;0;2;0;0;Calle;FRAY LUIS BELTRÁN;San Lorenzo;Asfalto;S/D;XVII;S/D;Urbana;Ninguna;No existe;Intersección;S/D;S/D;Diurna;S/D;Múltiple;S/D;Colisión;S/D;S/D
186;2021;8/1/2021;Viernes;09:15:00;;0.0;2;Moto/Ciclomotor,Peatón;Av. A del Valle Y Estanislao Zeballos;2;1;0;1;0;0;Calle;SANTA FE;La Capital;Asfalto;No existe;I;Dentro;Urbana;S/D;No existe;Intersección;Bueno;Buena;Diurna;Buen Tiempo;Múltiple;Peatón;Colisión;Ninguna;S/D
187;2021;8/1/2021;Viernes;01:00:00;;0.0;2;Moto/Ciclomotor,Automóvil;Av. Facundo Zuviria Y Pedro Centeno;2;1;0;1;0;0;S/D;SANTA FE;La Capital;Asfalto;No existe;I;S/D;S/D;Ninguna;No existe;Intersección;Bueno;Buena;Nocturna,Con luz artificial;Buen Tiempo;Múltiple;S/D;Colisión;Ninguna;S/D
188;2021;8/1/2021;Viernes;15:50:00;;0.0;2;Automóvil,Moto/Ciclomotor;Córdoba 3800;3;2;0;1;0;0;Calle;SANTA FE;La Capital;Asfalto;No existe;I;S/D;Urbana;Ninguna;No existe;Intersección;Bueno;Buena;Diurna;Buen Tiempo;Múltiple;S/D;Colisión;S/D;S/D
189;2021;8/1/2021;Viernes;22:25:00;;0.0;2;Automóvil,Bicicleta;Ing. Mosconi Y P Opicci;2;1;0;1;0;0;S/D;VILLA GOBERNADOR GÁLVEZ;Rosario;Asfalto;S/D;II;S/D;S/D;Semáforo;S/D;Intersección;Bueno;S/D;S/D;Otro;Múltiple;Ciclista;Colisión;Ninguna;Vertical
190;2021;8/1/2021;Viernes;11:25:00;;0.0;2;Moto/Ciclomotor,Automóvil;Manuel Belgrano Y Independencia;2;1;0;1;0;0;Calle;SAN CARLOS SUR;Las Colonias;Asfalto;No existe;XI;Dentro;Urbana;Ninguna;No existe;Intersección;Bueno;Buena;Diurna;Buen Tiempo;De alcance;S/D;Colisión;Ninguna;S/D
191;2021;8/1/2021;Viernes;11:45:00;;0.0;2;Pickup/Utilitario,Moto/Ciclomotor;Salvador del Carril Y Avellaneda;2;1;0;1;0;0;Avenida;SANTA FE;La Capital;Asfalto;No existe;I;Dentro;Urbana;Ninguna;No existe;Intersección;Bueno;Buena;Diurna;Buen Tiempo;Lateral;S/D;Colisión;Ninguna;S/D
192;2021;8/1/2021;Viernes;14:30:00;;0.0;2;Automóvil,Camión Chasis;Güemes Y Ángel Cassanello;2;1;0;1;0;0;Calle;SANTA FE;La Capital;Asfalto;No existe;I;Dentro;Urbana;Ninguna;No existe;Intersección;Bueno;Buena;Diurna;Buen Tiempo;Lateral;S/D;Colisión;Ninguna;S/D
193;2021;8/1/2021;Viernes;23:00:00;;0.0;2;Automóvil,Moto/Ciclomotor;Candioti Y Quintana;2;1;0;1;0;0;Calle;SANTA FE;La Capital;Asfalto;No existe;I;Dentro;Urbana;Ninguna;No existe;Intersección;Bueno;Reducida;Nocturna;Buen Tiempo;Lateral;S/D;Colisión;Ninguna;S/D
194;2021;8/1/2021;Viernes;12:15:00;;0.0;2;Automóvil,Automóvil;Salta Y San Jerónimo;3;1;0;2;0;0;Calle;SANTA FE;La Capital;Asfalto;No existe;I;S/D;Urbana;Policía de tránsito;No existe;Intersección;Bueno;Buena;Diurna;Buen Tiempo;Lateral;S/D;Colisión;Ninguna;Horizontal,Vertical
195;2021;8/1/2021;Viernes;18:20:00;;0.0;2;Moto/Ciclomotor,Pickup/Utilitario;Agustín Justo Y Ituzaingó;2;1;0;1;0;0;S/D;CALCHAQUÍ;Vera;S/D;S/D;XIX;S/D;S/D;Policía de tránsito;S/D;Intersección;S/D;S/D;S/D;S/D;S/D;S/D;Colisión;S/D;S/D
196;2021;8/1/2021;Viernes;08:20:00;;0.0;2;Moto/Ciclomotor,Moto/Ciclomotor;Italia Y Alvear;3;3;0;0;0;0;S/D;VENADO TUERTO;General LÓPEZ;S/D;S/D;VIII;S/D;S/D;S/D;S/D;Intersección;S/D;S/D;S/D;S/D;S/D;S/D;Colisión;S/D;S/D
197;2021;8/1/2021;Viernes;12:10:00;;0.0;2;Moto/Ciclomotor,Automóvil;Calle 7-Sarmiento 347;2;1;0;1;0;0;Calle;RECONQUISTA;General Obligado;Asfalto;No existe;IX;Dentro;Urbana;Otra Señal;No existe;Intersección;Bueno;Buena;Diurna;Otro;Múltiple;S/D;Colisión;Ninguna;Vertical
198;2021;8/1/2021;Viernes;;;0.0;1;Otros; ;1;0;0;0;0;1;Calle;ROSARIO;Constitución;S/D;S/D;II;Dentro;Urbana;Otra Señal;S/D;Intersección;S/D;S/D;S/D;S/D;Múltiple;S/D;Colisión;S/D;S/D
199;2021;8/1/2021;Viernes;;;0.0;1;Otros; ;1;0;0;0;0;1;Calle;ROSARIO;Constitución;S/D;S/D;II;Dentro;Urbana;Otra Señal;S/D;Intersección;S/D;S/D;S/D;S/D;Múltiple;S/D;Colisión;S/D;S/D
200;2021;8/1/2021;Viernes;;;0.0;1;Bicicleta; ;1;1;0;0;0;0;Calle;ROSARIO;Constitución;S/D;S/D;II;Dentro;Urbana;Otra Señal;S/D;Intersección;S/D;S/D;S/D;S/D;Múltiple;Ciclista;Colisión;S/D;S/D
201;2021;8/1/2021;Viernes;;;0.0;1;Bicicleta; ;1;1;0;0;0;0;Calle;ROSARIO;Constitución;S/D;S/D;II;Dentro;Urbana;Otra Señal;S/D;Intersección;S/D;S/D;S/D;S/D;Múltiple;Ciclista;Colisión;S/D;S/D
202;2021;8/1/2021;Viernes;00:00:00;;0.0;1;Moto/Ciclomotor;Bv. Seguí Y Roullon;1;1;0;0;0;0;Calle;ROSARIO;Constitución;S/D;S/D;II;Dentro;Urbana;Otra Señal;S/D;Intersección;S/D;S/D;S/D;S/D;Múltiple;S/D;Colisión;S/D;S/D
203;2021;8/1/2021;Viernes;14:35:00;;0.0;2;Moto/Ciclomotor,Automóvil;Eva Perón Y Av. San Lorenzo;2;0;0;1;0;0;Calle;CAPITÁN BERMÚDEZ;Constitución;Asfalto;Pavimento;XVII;Dentro;Urbana;Otra Señal;No existe;Intersección;Bueno;Buena;Atardecer;S/D;Múltiple;S/D;Colisión;Ninguna;Vertical
204;2021;8/1/2021;Viernes;14:00:00;;0.0;2;Automóvil,Moto/Ciclomotor;Juan José Paso Y Aaron Castellanos;3;2;0;0;0;0;Calle;ESPERANZA;Constitución;Asfalto;S/D;XI;S/D;Urbana;Otra Señal;S/D;Intersección;Bueno;S/D;S/D;Buen Tiempo;Múltiple;S/D;Colisión;Ninguna;S/D
205;2021;8/1/2021;Viernes;22:00:00;;0.0;2;Automóvil,Peatón;Av. Pte. Perón Y Magallanes;2;0;0;1;0;0;S/D;ROSARIO;Constitución;S/D;S/D;I;S/D;S/D;Otra Señal;S/D;Intersección;S/D;S/D;S/D;S/D;Múltiple;Peatón;Colisión;S/D;S/D
206;2021;8/1/2021;Viernes;;;0.0;1;Moto/Ciclomotor; ;1;0;0;0;0;0;Calle;ROSARIO;Rosario;S/D;S/D;II;Dentro;Urbana;Otra Señal;S/D;Intersección;S/D;S/D;S/D;S/D;Múltiple;S/D;Colisión;S/D;S/D
207;2021;9/1/2021;Sabado;;;0.0;2;Moto/Ciclomotor,Moto/Ciclomotor;Benito Juárez Y Pje. Medici;3;1;0;2;0;0;Calle;ROSARIO;Rosario;Asfalto;No existe;II;Dentro;Urbana;Ninguna;No existe;Intersección;Bueno;Buena;Diurna;Buen Tiempo;Otro;S/D;Colisión;Ninguna;Faltante
208;2021;9/1/2021;Sabado;21:20:00;;0.0;2;Moto/Ciclomotor,Moto/Ciclomotor;San Juan Y Mariano Moreno;2;2;0;0;0;0;Calle;ROSARIO;Rosario;Asfalto;No existe;II;S/D;Urbana;Ninguna;Funciona;Intersección;Bueno;Buena;Nocturna;Buen Tiempo;Otro;S/D;Colisión;Ninguna;Horizontal
209;2021;9/1/2021;Sabado;01:55:00;;0.0;1;Moto/Ciclomotor;J B Justo 500;1;1;0;0;0;0;Calle;SAN CRISTÓBAL;San CRISTÓBAL;Asfalto;Natural;XIII;Fuera;Urbana;Ninguna;No existe;Intersección;Bueno;Reducida;Nocturna;Buen Tiempo;Otro;S/D;Colisión;Ninguna;Vertical
210;2021;9/1/2021;Sabado;20:00:00;;0.0;2;Moto/Ciclomotor,Automóvil;Av. Génova Y Muñiz Bis;2;0;0;0;0;1;Calle;ROSARIO;Rosario;Asfalto;Pavimento;II;Dentro;Urbana;Ninguna;No existe;Intersección;Bueno;S/D;Nocturna;Buen Tiempo;S/D;S/D;Colisión;S/D;S/D
211;2021;9/1/2021;Sabado;17:00:00;;0.0;2;Moto/Ciclomotor,Moto/Ciclomotor;San Jerónimo Y Salta;2;1;0;1;0;0;Calle;SANTA FE;La Capital;Asfalto;Pavimento;I;Dentro;Urbana;Ninguna;No existe;Intersección;Bueno;Buena;Atardecer;Buen Tiempo;Lateral;S/D;Colisión;Ninguna;Faltante
212;2021;9/1/2021;Sabado;23:30:00;;0.0;1;Moto/Ciclomotor;Avenida Nuestra Señora del Luj Y Martin Zavalla;1;1;0;0;0;0;Calle;SANTO TOMÉ;La Capital;Asfalto;S/D;I;S/D;Urbana;S/D;S/D;Intersección;S/D;S/D;S/D;S/D;S/D;S/D;Colisión;S/D;S/D
213;2021;9/1/2021;Sabado;;;0.0;1;Moto/Ciclomotor; ;1;1;0;0;0;0;Calle;LÓPEZ;San JERÓNIMO;Asfalto;S/D;XV;S/D;Urbana;S/D;S/D;Intersección;S/D;S/D;S/D;S/D;S/D;S/D;Colisión;S/D;S/D
214;2021;9/1/2021;Sabado;;;0.0;2;Bicicleta,Moto/Ciclomotor;Av. 7 Jefes 4200;2;1;0;0;0;1;Avenida;SANTA FE;La Capital;Asfalto;S/D;I;S/D;Urbana;S/D;S/D;Intersección;S/D;S/D;S/D;S/D;S/D;Ciclista;Colisión;S/D;S/D
215;2021;9/1/2021;Sabado;23:20:00;;0.0;2;Bicicleta,Pickup/Utilitario;B Mitre Y Rivadavia;2;1;0;0;0;1;Calle;BIGAND;Constitución;Asfalto;No existe;IV;Dentro;Urbana;Otra Señal;No existe;Intersección;Bueno;Buena;Nocturna;Buen Tiempo;Múltiple;Ciclista;Colisión;Ninguna;Faltante
216;2021;9/1/2021;Sabado;00:00:00;;0.0;1;Bicicleta;Bv. Oroño Y 9 De Julio;1;1;0;0;0;0;Calle;ROSARIO;Constitución;S/D;S/D;II;Dentro;Urbana;Otra Señal;S/D;Intersección;S/D;S/D;S/D;S/D;Múltiple;Ciclista;Colisión;S/D;S/D
217;2021;9/1/2021;Sabado;10:30:00;;0.0;1;Moto/Ciclomotor;Bv. Seguí Y Castellanos;1;1;0;0;0;0;Calle;ROSARIO;Constitución;S/D;S/D;II;Dentro;Urbana;Otra Señal;S/D;Intersección;S/D;S/D;S/D;S/D;Múltiple;S/D;Colisión;S/D;S/D
218;2021;9/1/2021;Sabado;11:00:00;;0.0;1;Bicicleta;Av. Pellegrini Y Constitución;1;1;0;0;0;0;Calle;ROSARIO;Constitución;S/D;S/D;II;Dentro;Urbana;Otra Señal;S/D;Intersección;S/D;S/D;S/D;S/D;Múltiple;Ciclista;Colisión;S/D;S/D
219;2021;9/1/2021;Sabado;10:00:00;;0.0;1;Bicicleta;San Nicolas Y Ituzaingó;1;1;0;0;0;0;Calle;ROSARIO;Constitución;S/D;S/D;II;Dentro;Urbana;Otra Señal;S/D;Intersección;S/D;S/D;S/D;S/D;Múltiple;Ciclista;Colisión;S/D;S/D
220;2021;9/1/2021;Sabado;10:30:00;;0.0;1;Bicicleta;Lima Y Rueda;1;1;0;0;0;0;Calle;ROSARIO;Constitución;S/D;S/D;II;Dentro;Urbana;Otra Señal;S/D;Intersección;S/D;S/D;S/D;S/D;Múltiple;Ciclista;Colisión;S/D;S/D
221;2021;9/1/2021;Sabado;;;0.0;1;Moto/Ciclomotor; ;1;1;0;0;0;0;Calle;ROSARIO;Constitución;S/D;S/D;II;Dentro;Urbana;Otra Señal;S/D;Intersección;S/D;S/D;S/D;S/D;Múltiple;S/D;Colisión;S/D;S/D
222;2021;9/1/2021;Sabado;;;0.0;1;Moto/Ciclomotor; ;1;1;0;0;0;0;Calle;ROSARIO;Constitución;S/D;S/D;II;Dentro;Urbana;Otra Señal;S/D;Intersección;S/D;S/D;S/D;S/D;Múltiple;S/D;Colisión;S/D;S/D
223;2021;9/1/2021;Sabado;23:15:00;;0.0;2;Moto/Ciclomotor,Pickup/Utilitario;Bv. Avellaneda 4300;2;0;0;0;0;1;Calle;ROSARIO;Constitución;Asfalto;Pavimento;II;Dentro;Urbana;Otra Señal;No existe;Intersección;Bueno;Buena;Nocturna;Buen Tiempo;Múltiple;S/D;Colisión;Ninguna;Faltante
224;2021;9/1/2021;Sabado;19:05:00;;0.0;2;Moto/Ciclomotor,Automóvil;French Y Solís Bis;2;0;0;1;0;0;S/D;ROSARIO;Constitución;Asfalto;No existe;II;S/D;S/D;Otra Señal;No existe;Intersección;Bueno;Buena;Atardecer;S/D;Múltiple;S/D;Colisión;S/D;Faltante
225;2021;9/1/2021;Sabado;06:00:00;Ruta Provincial 70;0.0;2;Moto/Ciclomotor,Automóvil;General Manuel Belgrano Y A Aufranc;2;0;0;0;0;1;Ruta;ESPERANZA;Constitución;Asfalto;No existe;XI;S/D;Urbana;Otra Señal;No existe;Intersección;Bueno;Buena;Diurna;Buen Tiempo;Múltiple;S/D;Colisión;Ninguna;Horizontal
226;2021;9/1/2021;Sabado;18:30:00;;0.0;2;Moto/Ciclomotor,Automóvil;Av. Génova Y Gallini;2;0;0;0;0;1;Calle;ROSARIO;Constitución;Asfalto;S/D;II;S/D;Urbana;Otra Señal;S/D;Intersección;S/D;S/D;S/D;S/D;Múltiple;S/D;Colisión;S/D;S/D
227;2021;10/1/2021;Domingo;09:10:00;Ruta Secundaria 22-s;0.0;2;Bicicleta,Automóvil;San Martin Y Hortensia;2;1;0;0;0;1;Ruta;ROSARIO;Rosario;Asfalto;No existe;II;Dentro;Urbana;Ninguna;No existe;Intersección;Bueno;Buena;Diurna;Buen Tiempo;S/D;Ciclista;Colisión;Ninguna;Faltante
228;2021;10/1/2021;Domingo;04:30:00;;0.0;2;Moto/Ciclomotor,Automóvil;Sarmiento Y Mendoza;2;1;0;1;0;0;Avenida;ROSARIO;Rosario;Asfalto;No existe;II;S/D;Urbana;Ninguna;No existe;Intersección;Bueno;Buena;Nocturna;Buen Tiempo;Otro;S/D;Colisión;Ninguna;Horizontal
229;2021;10/1/2021;Domingo;03:15:00;;0.0;2;Moto/Ciclomotor,Moto/Ciclomotor;L de la Torre Y San Martin;3;3;0;0;0;0;Calle;VERA;Vera;Asfalto;No existe;XIX;Dentro;Urbana;Ninguna;Intermitente;Intersección;Bueno;Buena;Nocturna;Buen Tiempo;Otro;S/D;Colisión;Ninguna;S/D
230;2021;10/1/2021;Domingo;05:30:00;Ruta Provincial 2;0.0;1;Automóvil;Ruta Provincial 80 ;1;0;0;0;0;0;Ruta;LAGUNA PAIVA;La Capital;Ripio;Natural;I;S/D;Rural;Ninguna;No existe;Intersección;Deteriorada;Reducida;Nocturna;Buen Tiempo;S/D;S/D;Vuelco;Ninguna;Faltante
231;2021;10/1/2021;Domingo;15:00:00;;0.0;2;Moto/Ciclomotor,Moto/Ciclomotor;Cochabamba Y Ituzaingó;3;3;0;0;0;0;Calle;SAN CRISTÓBAL;San CRISTÓBAL;Asfalto;S/D;XIII;Dentro;Urbana;Ninguna;S/D;Intersección;Bueno;Buena;Diurna;Buen Tiempo;Lateral;S/D;Colisión;Ninguna;Faltante
232;2021;10/1/2021;Domingo;11:40:00;;0.0;2;Automóvil,Automóvil;J.B.Justo Y Bv. Rondeau;4;2;0;2;0;0;Avenida;ROSARIO;Rosario;Asfalto;Pavimento;II;Dentro;Urbana;Semáforo;Funciona;Intersección;Con baches;Buena;Diurna;Buen Tiempo;S/D;S/D;Colisión;Material Suelto;Horizontal,Vertical
233;2021;10/1/2021;Domingo;07:00:00;Ruta Nacional A012;0.0;1;Automóvil;Ruta Nac 33 ;2;1;0;1;0;0;Ruta;ZAVALLA;Rosario;Asfalto;No existe;II;S/D;Rural;Ninguna;No existe;Intersección;Bueno;Buena;Diurna;Buen Tiempo;Otro;S/D;Colisión;Ninguna;Vertical
234;2021;10/1/2021;Domingo;01:50:00;;0.0;1;Moto/Ciclomotor;Pacifico Otero Y Belgrano;1;1;0;0;0;0;Calle;ZAVALLA;Rosario;Ripio;No existe;II;Dentro;Urbana;Ninguna;No existe;Intersección;Bueno;Buena;Nocturna;Buen Tiempo;Otro;S/D;Colisión;Ninguna;Faltante
235;2021;10/1/2021;Domingo;22:30:00;;0.0;2;Automóvil,Moto/Ciclomotor;Alberdi Y Av. Leandro Alem;3;2;0;1;0;0;Avenida;SANTA FE;La Capital;Asfalto;No existe;I;Dentro;Urbana;S/D;Funciona;Intersección;Bueno;S/D;Nocturna;S/D;Lateral;S/D;Colisión;S/D;S/D
236;2021;10/1/2021;Domingo;;Ruta Provincial 1;0.0;2;Bicicleta,Moto/Ciclomotor;Ruta Provincial 1 Y Callejón Vega;2;2;0;0;0;0;Ruta;SAN JOSÉ DEL RINCÓN;La Capital;Asfalto;S/D;I;S/D;Urbana;S/D;S/D;Intersección;S/D;S/D;S/D;S/D;S/D;Ciclista;Colisión;S/D;S/D
237;2021;10/1/2021;Domingo;;;0.0;2;Pickup/Utilitario,Moto/Ciclomotor; ;2;1;0;1;0;0;S/D;FIRMAT;General LÓPEZ;S/D;S/D;VIII;S/D;S/D;S/D;S/D;Intersección;S/D;S/D;S/D;S/D;S/D;S/D;Colisión;S/D;S/D
238;2021;10/1/2021;Domingo;;Ruta Nacional 11;0.0;1;Automóvil;Ruta Nac 11 ;1;1;0;0;0;0;Ruta;MONJE;San JERÓNIMO;Asfalto;S/D;XV;S/D;Urbana;S/D;S/D;Intersección;S/D;S/D;S/D;S/D;Contra objeto fijo;S/D;Colisión;S/D;S/D
239;2021;10/1/2021;Domingo;;;0.0;2;Automóvil,Moto/Ciclomotor;Santa Fe Y Sarmiento;3;1;0;2;0;0;Calle;FRAY LUIS BELTRÁN;San Lorenzo;Asfalto;S/D;XVII;S/D;Urbana;S/D;S/D;Intersección;S/D;S/D;S/D;S/D;S/D;S/D;Colisión;S/D;S/D
240;2021;10/1/2021;Domingo;;;0.0;2;Moto/Ciclomotor,Moto/Ciclomotor;Rosario Y Rivadavia;3;1;0;1;0;1;Calle;PUERTO SAN MARTÍN;San Lorenzo;Asfalto;S/D;XVII;S/D;Urbana;S/D;S/D;Intersección;S/D;S/D;S/D;S/D;S/D;S/D;Colisión;S/D;S/D
241;2021;10/1/2021;Domingo;;Ruta Nacional 11;0.0;2;Moto/Ciclomotor,Automóvil;Carlos Pellegrini Y Av. San Lorenzo;2;1;0;1;0;0;Ruta;CAPITÁN BERMÚDEZ;San Lorenzo;Asfalto;S/D;XVII;S/D;Urbana;S/D;S/D;Intersección;S/D;S/D;S/D;S/D;S/D;S/D;Colisión;S/D;S/D
242;2021;10/1/2021;Domingo;03:15:00;;0.0;1;Automóvil;Chacabuco Y Gral. Manuel Belgrano;2;2;0;0;0;0;Calle;VENADO TUERTO;General LÓPEZ;Asfalto;S/D;VIII;S/D;Urbana;S/D;S/D;Intersección;S/D;S/D;S/D;S/D;Contra objeto fijo;S/D;Colisión;S/D;S/D
243;2021;10/1/2021;Domingo;;Ruta Nacional 34;214.0;4;Automóvil,Camión,Camión,Camión;Ruta Nac 34 Gral. Güemes ;4;2;0;2;0;0;Ruta;RAFAELA;Castellanos;Asfalto;S/D;V;S/D;Urbana;S/D;S/D;Intersección;S/D;S/D;S/D;S/D;Múltiple;S/D;Colisión;S/D;S/D
244;2021;10/1/2021;Domingo;;Autopista Nacional Rosario -Cordoba;368.0;1;Camión; ;1;1;0;0;0;0;Autopista;CAÑADA DE GÓMEZ;Iriondo;Asfalto;S/D;X;S/D;Urbana;S/D;S/D;Intersección;S/D;S/D;S/D;S/D;Múltiple;S/D;Colisión;S/D;S/D
245;2021;10/1/2021;Domingo;;;0.0;2;Automóvil,Automóvil; ;2;2;0;0;0;0;Camino Rural;SAN JAVIER;San Javier;S/D;S/D;XIV;S/D;Rural;S/D;S/D;Intersección;S/D;S/D;S/D;S/D;Múltiple;S/D;Colisión;S/D;S/D
246;2021;10/1/2021;Domingo;;Ruta Nacional 34;214.0;3;Camión,Camión,Automóvil; ;3;1;0;2;0;0;Ruta;SUSANA;Castellanos;Asfalto;S/D;V;S/D;Urbana;S/D;S/D;Intersección;S/D;S/D;S/D;S/D;Múltiple;S/D;Colisión;S/D;S/D
247;2021;10/1/2021;Domingo;18:45:00;;0.0;2;Automóvil,Moto/Ciclomotor;Av. Battle y Ordoñez Y Melincue;3;2;0;1;0;0;Calle;ROSARIO;Rosario;Asfalto;No existe;II;Dentro;Urbana;Otra Señal;No existe;Intersección;Bueno;Buena;Diurna;S/D;Múltiple;S/D;Colisión;Ninguna;Faltante
248;2021;10/1/2021;Domingo;02:30:00;Autopista Nacional Gral. Juan Jose Valle;279.0;2;Pickup/Utilitario,Camión c / Acoplado; ;2;0;0;1;1;0;Autopista;ALVEAR;Rosario;Asfalto;No existe;II;Dentro;Rural;Otra Señal;No existe;Intersección;Bueno;Buena;Nocturna;Buen Tiempo;De alcance,Múltiple;S/D;Colisión;Ninguna;Faltante
249;2021;10/1/2021;Domingo;19:41:00;Ruta Secundaria 67-s;87.0;1;Automóvil; ;4;2;0;0;2;0;Ruta;SANGUIER;Castellanos;Tierra;S/D;V;S/D;Rural;Otra Señal;S/D;Intersección;S/D;S/D;Nocturna;S/D;De alcance,Múltiple;S/D;Colisión;S/D;S/D
250;2021;10/1/2021;Domingo;19:40:00;Autovía Nacional 19;119.0;2;Automóvil,Moto/Ciclomotor; ;4;0;0;3;1;0;Autovía;JOSEFINA;Castellanos;Hormigón;Pavimento;V;S/D;Rural;Otra Señal;No existe;Intersección;Bueno;Reducida;Atardecer;Viento Fuerte;De alcance,Múltiple;S/D;Colisión;Ninguna;S/D
251;2021;10/1/2021;Domingo;04:35:00;;0.0;1;Moto/Ciclomotor; ;2;2;0;0;0;0;S/D;ARTEAGA;Constitución;Asfalto;S/D;IV;Dentro;Urbana;Otra Señal;S/D;Intersección;Bueno;Reducida;S/D;Buen Tiempo;Múltiple;S/D;Colisión;Ninguna;Faltante
252;2021;10/1/2021;Domingo;;;0.0;1;Moto/Ciclomotor; ;1;1;0;0;0;0;Calle;ROSARIO;Constitución;S/D;S/D;II;Dentro;Urbana;Otra Señal;S/D;Intersección;S/D;S/D;S/D;S/D;Múltiple;S/D;Colisión;S/D;S/D
253;2021;10/1/2021;Domingo;03:20:00;;0.0;1;Bicicleta;Liniers Y Bv. 27 De Febrero;1;1;0;0;0;0;Calle;ROSARIO;Constitución;S/D;S/D;II;Dentro;Urbana;Otra Señal;S/D;Intersección;S/D;S/D;S/D;S/D;Múltiple;Ciclista;Colisión;S/D;S/D
254;2021;10/1/2021;Domingo;12:00:00;;0.0;1;Bicicleta;Grandoli 5000;1;1;0;0;0;0;Calle;ROSARIO;Constitución;S/D;S/D;II;Dentro;Urbana;Otra Señal;S/D;Intersección;S/D;S/D;S/D;S/D;Múltiple;Ciclista;Colisión;S/D;S/D
255;2021;10/1/2021;Domingo;13:00:00;;0.0;1;Moto/Ciclomotor;Av. Battle y Ordoñez ;2;2;0;0;0;0;Calle;ROSARIO;Constitución;S/D;S/D;II;Dentro;Urbana;Otra Señal;S/D;Intersección;S/D;S/D;S/D;S/D;Múltiple;S/D;Colisión;S/D;S/D