ID_Accidente;A�o;Fecha;Dia;Hopra;Ruta/Autop;km;Participantes;Tipo;Lugar;Total;Heridos Leves;Heridos Graves;Ilesos;Fallecidos;Sin datos;desc_tipo_via;desc_loc;desc_dpto;|;desc_tipo_banquina;desc_unidad_regional;desc_lugar_calzada;desc_zona;desc_prioridad;desc_estado_semaforo;desc_lugar_via;desc_estado_via;desc_estado_visibilidad;desc_luminosidad;desc_estado_clima;desc_tipo_colision;desc_tipo_atropello;desc_tipo_hecho;desc_pres_calzada;desc_senializacion
256;2021;10/1/2021;Domingo;;;0.0;1;Moto/Ciclomotor; ;1;1;0;0;0;0;Calle;ROSARIO;Constitución;S/D;S/D;II;Dentro;Urbana;Otra Señal;S/D;Intersección;S/D;S/D;S/D;S/D;Múltiple;S/D;Colisión;S/D;S/D
257;2021;10/1/2021;Domingo;19:30:00;;0.0;1;Moto/Ciclomotor; ;1;1;0;0;0;0;Calle;ROSARIO;Constitución;S/D;S/D;II;Dentro;Urbana;Otra Señal;S/D;Intersección;S/D;S/D;S/D;S/D;Múltiple;S/D;Colisión;S/D;S/D
258;2021;10/1/2021;Domingo;20:40:00;;0.0;1;Cuatriciclo;Laprida Y Bv Pellegrini;2;0;0;1;0;0;Calle;ROLDÁN;Constitución;Asfalto;No existe;XVII;S/D;Urbana;Otra Señal;No existe;Intersección;Bueno;Buena;Nocturna;Buen Tiempo;Múltiple;S/D;Colisión;Ninguna;Faltante
259;2021;10/1/2021;Domingo;00:45:00;;0.0;2;Automóvil,Moto/Ciclomotor;Cervantes ;3;1;0;1;0;0;Calle;VILLA GOBERNADOR GÁLVEZ;Constitución;S/D;S/D;II;S/D;Urbana;Otra Señal;S/D;Intersección;S/D;S/D;Nocturna;S/D;Múltiple;S/D;Colisión;S/D;S/D
260;2021;10/1/2021;Domingo;17:30:00;Ruta Nacional A012;0.0;1;Moto/Ciclomotor; ;2;1;0;0;0;0;Ruta;PIÑERO;Constitución;Asfalto;Natural;II;Dentro;Urbana;Otra Señal;No existe;Intersección;Bueno;Buena;Diurna;Buen Tiempo;Múltiple;S/D;Colisión;Ninguna;Vertical
261;2021;10/1/2021;Domingo;;;0.0;2;Pickup/Utilitario,Moto/Ciclomotor; ;2;0;0;1;0;0;Calle;SAN LORENZO;Constitución;S/D;S/D;XVII;S/D;Urbana;Otra Señal;S/D;Intersección;S/D;S/D;S/D;S/D;Múltiple;S/D;Colisión;S/D;S/D
262;2021;10/1/2021;Domingo;04:30:00;Autopista Provincial Brigadier E.LÓPEZ;78.0;2;Peatón,Moto/Ciclomotor; ;2;0;0;0;1;0;Autopista;BARRANCAS;Constitución;Asfalto;S/D;XV;S/D;Rural;Otra Señal;S/D;Intersección;S/D;S/D;Nocturna;S/D;Múltiple;Peatón;Colisión;S/D;S/D
263;2021;10/1/2021;Domingo;05:00:00;;0.0;1;Moto/Ciclomotor;Mendoza Y Av. Provincias Unidas;1;0;0;0;0;0;Calle;ROSARIO;Rosario;S/D;S/D;II;Dentro;Urbana;Otra Señal;S/D;Intersección;S/D;S/D;S/D;S/D;Múltiple;S/D;Colisión;S/D;S/D
264;2021;10/1/2021;Domingo;10:30:00;;0.0;1;Moto/Ciclomotor;San Juan Y Ayacucho;1;0;0;0;0;0;Calle;ROSARIO;Rosario;S/D;S/D;II;Dentro;Urbana;Otra Señal;S/D;Intersección;S/D;S/D;S/D;S/D;Múltiple;S/D;Colisión;S/D;S/D
265;2021;10/1/2021;Domingo;;;0.0;2;Moto/Ciclomotor,Moto/Ciclomotor;J V González Y J B Justo;3;1;0;0;0;0;Calle;SUNCHALES;Castellanos;Asfalto;S/D;V;S/D;Urbana;Otra Señal;S/D;Intersección;S/D;S/D;S/D;S/D;Múltiple;S/D;Colisión;S/D;S/D
266;2021;11/1/2021;Lunes;18:00:00;;0.0;2;Peatón,Moto/Ciclomotor;Bv. Oroño ;2;1;0;0;0;1;Calle;ROSARIO;Rosario;Asfalto;Pavimento;II;Dentro;Urbana;Semáforo;Funciona;Intersección;Bueno;Buena;Diurna;Buen Tiempo;S/D;Peatón;Colisión;Ninguna;Vertical
267;2021;11/1/2021;Lunes;12:30:00;;0.0;2;Bicicleta,Automóvil;Menchaca Y Arteaga;2;1;0;1;0;0;Calle;ROSARIO;Rosario;Asfalto;S/D;II;S/D;Urbana;S/D;S/D;Intersección;Bueno;Buena;Diurna;S/D;S/D;Ciclista;Colisión;Ninguna;S/D
268;2021;11/1/2021;Lunes;12:30:00;;0.0;2;Moto/Ciclomotor,Taxi/Remis;Av. Belgrano Y Sgto. Cabral;2;1;0;1;0;0;Avenida;ROSARIO;Rosario;Asfalto;No existe;II;S/D;Urbana;Ninguna;No existe;Intersección;Bueno;Buena;Diurna;Buen Tiempo;Otro;S/D;Colisión;Ninguna;Horizontal
269;2021;11/1/2021;Lunes;14:30:00;Ruta Nacional 11;0.0;1;Automóvil; ;2;2;0;0;0;0;Ruta;LUCIANO LEIVA;San Justo;Asfalto;Natural;XVI;Dentro;Urbana;Ninguna;No existe;Intersección;Con baches;Reducida;Diurna;Lluvia;Contra objeto fijo;S/D;Colisión,Despiste;Agua;Faltante
270;2021;11/1/2021;Lunes;19:20:00;;0.0;2;Moto/Ciclomotor,Automóvil;Domingo Silva 3400;2;1;0;1;0;0;Calle;SANTA FE;La Capital;Asfalto;No existe;I;Dentro;Urbana;Ninguna;No existe;Intersección;Bueno;Buena;Amanecer;Buen Tiempo;Lateral;S/D;Colisión;Ninguna;Faltante
271;2021;11/1/2021;Lunes;15:35:00;;0.0;2;Automóvil,Automóvil;Las Heras Y Eva Perón;2;2;0;0;0;0;Calle;SANTA FE;La Capital;Asfalto;No existe;I;Dentro;Urbana;S/D;No existe;Intersección;Bueno;S/D;Diurna;S/D;Lateral;S/D;Colisión;S/D;S/D
272;2021;11/1/2021;Lunes;13:00:00;;0.0;2;Automóvil,Moto/Ciclomotor;Las Heras ;2;1;0;1;0;0;Calle;SANTA FE;La Capital;Asfalto;No existe;I;Dentro;Urbana;S/D;No existe;Intersección;Bueno;S/D;Diurna;S/D;Lateral;S/D;Colisión;S/D;S/D
273;2021;11/1/2021;Lunes;18:00:00;;0.0;2;Automóvil,Moto/Ciclomotor;1ro de Mayo Y Corrientes;2;1;0;1;0;0;Calle;SANTA FE;La Capital;Asfalto;Pavimento;I;Dentro;Urbana;S/D;No existe;Intersección;Bueno;Buena;Atardecer;Buen Tiempo;Lateral;S/D;Colisión;Ninguna;Faltante
274;2021;11/1/2021;Lunes;;Autopista Provincial Brigadier E.LÓPEZ;53.0;2;Camión,Camión c / Acoplado; ;2;1;0;1;0;0;Autopista;MACIEL;San JERÓNIMO;Asfalto;S/D;XV;S/D;Urbana;S/D;S/D;Intersección;S/D;S/D;S/D;S/D;Múltiple;S/D;Colisión;S/D;S/D
275;2021;11/1/2021;Lunes;;Ruta Nacional 11;890.0;2;Automóvil,Camión;Ruta Nacional 11 ;3;2;0;1;0;0;Ruta;LAS TOSCAS;General Obligado;Asfalto;S/D;IX;S/D;Urbana;S/D;S/D;Intersección;S/D;S/D;S/D;S/D;Múltiple;S/D;Colisión;S/D;S/D
276;2021;11/1/2021;Lunes;11:10:00;;0.0;1;Automóvil; ;2;2;0;0;0;0;Camino Rural;AVELLANEDA;General Obligado;S/D;S/D;IX;S/D;Rural;S/D;S/D;Intersección;S/D;S/D;S/D;S/D;Múltiple;S/D;Colisión;S/D;S/D
277;2021;11/1/2021;Lunes;18:20:00;Ruta Nacional 11;0.0;2;Automóvil,Pickup/Utilitario; ;4;2;0;2;0;0;Ruta;LAS TOSCAS;General Obligado;Asfalto;Natural;IX;Dentro;Urbana;Otra Señal;Intermitente;Intersección;Ahuellamiento;Buena;Diurna;Buen Tiempo;Múltiple;S/D;Colisión;Ninguna;Vertical
278;2021;11/1/2021;Lunes;00:00:00;;0.0;1;Automóvil;Av. Pte. Perón Y Av. Circunvalación;1;1;0;0;0;0;Calle;ROSARIO;Constitución;S/D;S/D;II;Dentro;Urbana;Otra Señal;S/D;Intersección;S/D;S/D;S/D;S/D;Múltiple;S/D;Colisión;S/D;S/D
279;2021;11/1/2021;Lunes;;;0.0;1;Moto/Ciclomotor; ;1;1;0;0;0;0;Calle;ROSARIO;Constitución;S/D;S/D;II;Dentro;Urbana;Otra Señal;S/D;Intersección;S/D;S/D;S/D;S/D;Múltiple;S/D;Colisión;S/D;S/D
280;2021;11/1/2021;Lunes;00:00:00;;0.0;2;Peatón,Otros;Grandoli ;2;1;0;1;0;0;Calle;ROSARIO;Constitución;S/D;S/D;II;Dentro;Urbana;Otra Señal;S/D;Intersección;S/D;S/D;S/D;S/D;Múltiple;Peatón;Colisión;S/D;S/D
281;2021;11/1/2021;Lunes;04:30:00;Ruta Provincial 70;0.0;2;Automóvil,Moto/Ciclomotor;Ruta Nac nro. 70 43;3;0;0;1;0;0;Ruta;HUMBOLDT;Constitución;Asfalto;Natural;XI;S/D;Urbana;Otra Señal;No existe;Intersección;Bueno;Reducida;Nocturna;Otro;Múltiple;S/D;Colisión;Ninguna;Horizontal
282;2021;11/1/2021;Lunes;15:15:00;;0.0;2;Automóvil,Moto/Ciclomotor;Bv. Rondeau Y Baigorria;3;0;0;2;0;0;Calle;ROSARIO;Constitución;Asfalto;Pavimento;II;S/D;Urbana;Otra Señal;Funciona;Intersección;Bueno;Buena;Diurna;Buen Tiempo;Múltiple;S/D;Colisión;Ninguna;Horizontal
283;2021;11/1/2021;Lunes;07:20:00;;0.0;1;Moto/Ciclomotor;Moreno Y San Martin;1;0;0;0;0;0;Calle;SANTA FE;Constitución;Hormigón;No existe;I;Dentro;Urbana;Otra Señal;No existe;Intersección;Bueno;Reducida;Diurna;Lluvia;Múltiple;S/D;Colisión;Agua;Horizontal,Vertical
284;2021;11/1/2021;Lunes;10:00:00;;0.0;2;Moto/Ciclomotor,Automóvil;Jujuy Y Paraná;3;0;0;1;0;0;Calle;CAPITÁN BERMÚDEZ;San Lorenzo;Asfalto;Pavimento;XVII;Dentro;Urbana;Otra Señal;No existe;Intersección;Bueno;Buena;Atardecer;S/D;Múltiple;S/D;Colisión;Ninguna;Faltante
285;2021;11/1/2021;Lunes;21:45:00;;0.0;2;Moto/Ciclomotor,Moto/Ciclomotor;J B Justo ;3;1;0;0;0;0;Calle;SUNCHALES;Castellanos;Asfalto;No existe;V;Dentro;Urbana;Otra Señal;No existe;Intersección;S/D;S/D;Nocturna;S/D;Múltiple;S/D;Colisión;S/D;Faltante
286;2021;12/1/2021;Martes;14:10:00;;0.0;2;Moto/Ciclomotor,Automóvil;Pje. Suriguez y Acha ;2;1;0;1;0;0;Calle;ROSARIO;Rosario;Asfalto;Pavimento;II;Dentro;Urbana;Ninguna;No existe;Intersección;Bueno;Buena;Diurna;Buen Tiempo;Frontal;S/D;Colisión;Ninguna;Faltante
287;2021;12/1/2021;Martes;11:25:00;;0.0;2;Automóvil,Moto/Ciclomotor;Buenos Aires Y Pje. 525;2;1;0;1;0;0;S/D;ROSARIO;Rosario;Asfalto;S/D;II;S/D;S/D;S/D;No existe;Intersección;Bueno;Buena;Diurna;Buen Tiempo;Lateral;S/D;Colisión;Ninguna;S/D
288;2021;12/1/2021;Martes;17:20:00;;0.0;2;Moto/Ciclomotor,Automóvil;España Y Cerrito;2;1;0;1;0;0;Calle;ROSARIO;Rosario;Asfalto;No existe;II;Dentro;Urbana;Ninguna;No existe;Intersección;Bueno;Buena;Diurna;Buen Tiempo;Lateral;S/D;Colisión;Ninguna;Faltante
289;2021;12/1/2021;Martes;19:30:00;;0.0;2;Moto/Ciclomotor,Pickup/Utilitario;Bv Sarmiento Y Bartolomé Mitre;2;1;0;1;0;0;Calle;ROLDÁN;San Lorenzo;Asfalto;No existe;XVII;S/D;Urbana;Policía de tránsito;No existe;Intersección;Bueno;Buena;Con luz artificial;Buen Tiempo;Lateral;S/D;Colisión;Ninguna;Faltante
290;2021;12/1/2021;Martes;19:50:00;Ruta Nacional 175;0.0;2;Peatón,Automóvil;Córdoba Y Pte. Hipólito Irigoyen;2;1;0;0;0;1;Ruta;PUERTO SAN MARTÍN;San Lorenzo;Asfalto;No existe;XVII;Dentro;Urbana;Ninguna;No existe;Intersección;Bueno;Buena;Atardecer;Buen Tiempo;S/D;Peatón;Colisión;Ninguna;Faltante
291;2021;12/1/2021;Martes;18:20:00;Ruta Nacional 11;0.0;2;Pickup/Utilitario,Moto/Ciclomotor;Av. San Martin Y B de Astrada;2;1;0;1;0;0;Ruta;SAN LORENZO;San Lorenzo;S/D;S/D;XVII;S/D;Urbana;S/D;S/D;Intersección;S/D;S/D;Diurna;S/D;S/D;S/D;Colisión;S/D;S/D
292;2021;12/1/2021;Martes;19:30:00;;0.0;1;Bicicleta;Salta Y A Lezama;1;1;0;0;0;0;Calle;VERA;Vera;Asfalto;No existe;XVIII;Dentro;Urbana;Ninguna;No existe;Intersección;Bueno;Reducida;Atardecer;Buen Tiempo;S/D;Ciclista;Caída ocupante,Atropello;Material Suelto;Vertical
293;2021;12/1/2021;Martes;16:45:00;;0.0;2;Moto/Ciclomotor,Taxi/Remis;Av. Freyre Y Mendoza;2;1;0;1;0;0;Avenida;SANTA FE;La Capital;Hormigón;No existe;I;Dentro;Urbana;Ninguna;Funciona;Intersección;Bueno;Buena;Diurna;Buen Tiempo;Lateral;S/D;Colisión;Ninguna;Faltante
294;2021;12/1/2021;Martes;09:00:00;;0.0;2;Moto/Ciclomotor,Pickup/Utilitario;Bv Pellegrini Y Av. Urquiza;2;1;0;1;0;0;Avenida;SANTA FE;La Capital;Hormigón;No existe;I;Dentro;Urbana;Ninguna;Funciona;Intersección;Bueno;Buena;Diurna;Buen Tiempo;Lateral;S/D;Colisión;Ninguna;Faltante
295;2021;12/1/2021;Martes;11:30:00;;0.0;2;Bicicleta,Automóvil;Bv Pellegrini 3400;2;1;0;1;0;0;Avenida;SANTA FE;La Capital;Hormigón;No existe;I;Dentro;Urbana;Ninguna;Funciona;Intersección;Bueno;Buena;Diurna;Buen Tiempo;S/D;Ciclista;Colisión;Ninguna;Faltante
296;2021;12/1/2021;Martes;10:00:00;;0.0;2;Automóvil,Automóvil;San Jerónimo Y Domingo Silva;2;1;0;1;0;0;Calle;SANTA FE;La Capital;Asfalto;No existe;I;Dentro;Urbana;Ninguna;No existe;Intersección;Bueno;Buena;Diurna;Buen Tiempo;Lateral;S/D;Colisión;Ninguna;S/D
297;2021;12/1/2021;Martes;10:40:00;;0.0;2;Moto/Ciclomotor,Automóvil;Av. López y Planes Y Pje Irala;2;1;0;1;0;0;Avenida;SANTA FE;La Capital;Asfalto;No existe;I;Dentro;Urbana;Semáforo;Funciona;Intersección;Bueno;Buena;Diurna;Buen Tiempo;De alcance;S/D;Colisión;Ninguna;Vertical
298;2021;12/1/2021;Martes;15:30:00;;0.0;2;Moto/Ciclomotor,Automóvil;Av. Provincias Unidas Y Av. Pellegrini;2;1;0;1;0;0;Avenida;ROSARIO;Rosario;Asfalto;S/D;II;S/D;Urbana;S/D;S/D;Intersección;Bueno;Buena;Diurna;Buen Tiempo;S/D;S/D;Colisión;Ninguna;Horizontal
299;2021;12/1/2021;Martes;10:10:00;;0.0;2;Otros,Otros;Av. A del Valle Y Azcuénaga;2;0;0;1;0;1;Calle;SANTA FE;La Capital;Asfalto;S/D;I;Dentro;Urbana;S/D;S/D;Intersección;S/D;S/D;S/D;S/D;S/D;S/D;Colisión;S/D;S/D
300;2021;12/1/2021;Martes;17:30:00;;0.0;2;Moto/Ciclomotor,Moto/Ciclomotor;Bv Gálvez Y Belgrano;2;2;0;0;0;0;Calle;SANTA FE;La Capital;Asfalto;No existe;I;Dentro;Urbana;S/D;Funciona;Intersección;Bueno;S/D;Diurna;S/D;Lateral;S/D;Colisión;S/D;S/D
301;2021;12/1/2021;Martes;;;0.0;2;Moto/Ciclomotor,Pickup/Utilitario;Justo José de Urquiza Y 9 de Julio;2;1;0;1;0;0;Calle;VILLA MINETTI;9 de Julio;Asfalto;S/D;XII;S/D;Urbana;S/D;S/D;Intersección;S/D;S/D;S/D;S/D;S/D;S/D;Colisión;S/D;S/D
302;2021;12/1/2021;Martes;;Ruta Provincial 10;0.0;2;Moto/Ciclomotor,Pickup/Utilitario;2 de Junio Y Bvard 20 de Junio;2;1;0;1;0;0;Ruta;GÁLVEZ;San JERÓNIMO;Asfalto;S/D;XV;S/D;Urbana;S/D;S/D;Intersección;S/D;S/D;S/D;S/D;S/D;S/D;Colisión;S/D;S/D
303;2021;12/1/2021;Martes;;Autopista Provincial Brigadier E.LÓPEZ;0.0;1;Camión; ;1;1;0;0;0;0;Autopista;SAN LORENZO;San Lorenzo;Asfalto;S/D;XVII;S/D;Urbana;S/D;S/D;Intersección;S/D;S/D;S/D;S/D;Múltiple;S/D;Colisión;S/D;S/D
304;2021;12/1/2021;Martes;;;0.0;1;Pickup/Utilitario;Av. Circunvalación ;1;1;0;0;0;0;Calle;SANTA FE;La Capital;S/D;S/D;I;S/D;Urbana;S/D;S/D;Intersección;S/D;S/D;S/D;S/D;Múltiple;S/D;Colisión;S/D;S/D
305;2021;12/1/2021;Martes;20:50:00;;0.0;2;Pickup/Utilitario,Moto/Ciclomotor;Junín Y Quintana;2;1;0;1;0;0;Calle;VENADO TUERTO;General LÓPEZ;Asfalto;S/D;VIII;S/D;Urbana;S/D;S/D;Intersección;S/D;S/D;S/D;S/D;Múltiple;S/D;Colisión;S/D;S/D
306;2021;12/1/2021;Martes;21:50:00;;0.0;2;Moto/Ciclomotor,Moto/Ciclomotor;Chile Y Falucho;2;2;0;0;0;0;Calle;VENADO TUERTO;General LÓPEZ;Asfalto;S/D;VIII;S/D;Urbana;S/D;S/D;Intersección;S/D;S/D;S/D;S/D;Múltiple;S/D;Colisión;S/D;S/D
307;2021;12/1/2021;Martes;21:35:00;Ruta Provincial 1;87.0;1;Automóvil; ;1;0;0;0;1;0;Ruta;HELVECIA;Garay;Asfalto;Pavimento;VII;Dentro;Rural;Otra Señal;No existe;Intersección;Bueno;S/D;Nocturna;Buen Tiempo;De alcance,Múltiple;S/D;Colisión;Ninguna;Faltante
308;2021;12/1/2021;Martes;10:40:00;;0.0;2;Automóvil,Otros;Pasaje Almte. Guillermo Brown Y Centenario;2;0;0;1;1;0;Calle;SANTO TOMÉ;La Capital;Asfalto;No existe;I;S/D;Urbana;Otra Señal;No existe;Intersección;Bueno;S/D;Diurna;S/D;De alcance,Múltiple;Ciclista;Colisión;Ninguna;Faltante
309;2021;12/1/2021;Martes;19:55:00;Ruta Nacional 11;0.0;2;Bicicleta,Automóvil;Calle 21-Gdor. Iriondo ;2;1;0;1;0;0;Ruta;RECONQUISTA;General Obligado;Asfalto;No existe;IX;Dentro;Urbana;Otra Señal;No existe;Intersección;Bueno;Buena;Nocturna;Buen Tiempo;Múltiple;Ciclista;Colisión;Ninguna;Horizontal,Vertical
310;2021;12/1/2021;Martes;18:00:00;;0.0;2;Automóvil,Bicicleta;Calle 17-Bartolome Mitre Y Calle 26 - Bolívar;2;1;0;1;0;0;Calle;RECONQUISTA;General Obligado;Asfalto;No existe;IX;Dentro;Urbana;Otra Señal;No existe;Intersección;Bueno;Buena;Diurna;Buen Tiempo;Múltiple;Ciclista;Colisión;Ninguna;Vertical
311;2021;12/1/2021;Martes;;;0.0;1;Automóvil; ;1;1;0;0;0;0;Calle;ROSARIO;Constitución;S/D;S/D;II;Dentro;Urbana;Otra Señal;S/D;Intersección;S/D;S/D;S/D;S/D;Múltiple;S/D;Colisión;S/D;S/D
312;2021;12/1/2021;Martes;;;0.0;1;Moto/Ciclomotor; ;1;1;0;0;0;0;Calle;ROSARIO;Constitución;S/D;S/D;II;Dentro;Urbana;Otra Señal;S/D;Intersección;S/D;S/D;S/D;S/D;Múltiple;S/D;Colisión;S/D;S/D
313;2021;12/1/2021;Martes;;;0.0;1;Bicicleta; ;1;1;0;0;0;0;Calle;ROSARIO;Constitución;S/D;S/D;II;Dentro;Urbana;Otra Señal;S/D;Intersección;S/D;S/D;S/D;S/D;Múltiple;Ciclista;Colisión;S/D;S/D
314;2021;13/1/2021;Miercoles;13:10:00;;0.0;2;Moto/Ciclomotor,Moto/Ciclomotor;Vera Mujica Y Dr. Rivas;2;1;0;0;0;1;Calle;ROSARIO;Rosario;Asfalto;No existe;II;Dentro;Urbana;Ninguna;No existe;Intersección;Bueno;Buena;Diurna;Buen Tiempo;De alcance;S/D;Colisión;Ninguna;Faltante
315;2021;13/1/2021;Miercoles;18:00:00;;0.0;2;Moto/Ciclomotor,Automóvil;Bv. Oroño Y Rueda;3;2;0;1;0;0;Calle;ROSARIO;Rosario;Asfalto;No existe;II;S/D;Urbana;Otra Señal;Funciona;Intersección;Bueno;S/D;Diurna;Buen Tiempo;Lateral;S/D;Colisión;Ninguna;S/D
316;2021;13/1/2021;Miercoles;08:50:00;;0.0;2;Bicicleta,Automóvil;Bv. 27 De Febrero Y Ayacucho;2;1;0;1;0;0;Avenida;ROSARIO;Rosario;Asfalto;No existe;II;Dentro;Urbana;Ninguna;No existe;Intersección;Bueno;Buena;Diurna;Buen Tiempo;S/D;Ciclista;Colisión;Ninguna;Faltante
317;2021;13/1/2021;Miercoles;12:40:00;;0.0;2;Pickup/Utilitario,Cuatriciclo;Bv  Cristóbal Colon Y Hipólito Yrigoyen;2;1;0;1;0;0;Calle;PUJATO;San Lorenzo;Hormigón;No existe;XVII;S/D;Urbana;Ninguna;No existe;Intersección;Bueno;Buena;Diurna;Buen Tiempo;Otro;S/D;Colisión;Ninguna;Vertical
318;2021;13/1/2021;Miercoles;13:00:00;;0.0;2;Camión Chasis,Automóvil; ;3;3;0;0;0;0;Calle;ROLDÁN;San Lorenzo;Asfalto;S/D;XVII;S/D;Urbana;Ninguna;No existe;Intersección;S/D;Buena;Nocturna;Buen Tiempo;Lateral;S/D;Colisión;Ninguna;Faltante
319;2021;13/1/2021;Miercoles;19:00:00;;0.0;2;Moto/Ciclomotor,Moto/Ciclomotor;Av. A del Valle Y Ángel Cassanello;2;1;0;1;0;0;Calle;SANTA FE;La Capital;Asfalto;No existe;I;S/D;Urbana;Ninguna;No existe;Intersección;Bueno;Buena;Diurna;Buen Tiempo;Lateral;S/D;Colisión;Ninguna;S/D
320;2021;13/1/2021;Miercoles;12:00:00;;0.0;2;Moto/Ciclomotor,Automóvil;Juan José Paso Y Pres Domingo Faustino Sarmiento;3;2;0;1;0;0;Calle;SANTO TOMÉ;La Capital;Asfalto;No existe;I;S/D;Urbana;Ninguna;No existe;Intersección;Bueno;Buena;Diurna;Buen Tiempo;Lateral;S/D;Colisión;Ninguna;Faltante
321;2021;13/1/2021;Miercoles;06:45:00;Ruta Nacional 9;0.0;2;Automóvil,Automóvil;Jorge Newbery Y Ruta Nacional 9;2;1;0;1;0;0;Ruta;FUNES;Rosario;Asfalto;Natural;II;Dentro;Urbana;Ninguna;No existe;Intersección;Bueno;Buena;Amanecer;Buen Tiempo;Frontal;S/D;Colisión;Ninguna;Faltante
322;2021;13/1/2021;Miercoles;20:00:00;;0.0;2;Moto/Ciclomotor,Automóvil;Khantuta 1600;2;1;0;1;0;0;Calle;ROSARIO;Rosario;Asfalto;Pavimento;II;Dentro;Urbana;Ninguna;No existe;Intersección;Bueno;Buena;Atardecer;Buen Tiempo;De alcance;S/D;Colisión;Ninguna;Faltante
323;2021;13/1/2021;Miercoles;19:40:00;;0.0;2;Moto/Ciclomotor,Automóvil;Simón de Iriondo Y Dr. Reinaldo Vanossi;2;0;0;1;0;0;Calle;ESPERANZA;Las Colonias;Asfalto;No existe;XI;Dentro;Urbana;Ninguna;No existe;Intersección;Bueno;Buena;Atardecer;Buen Tiempo;Lateral;S/D;Colisión;Ninguna;Vertical
324;2021;13/1/2021;Miercoles;21:30:00;;0.0;2;Peatón,Automóvil;4 de Enero 9300;2;1;0;1;0;0;Calle;SANTA FE;La Capital;Tierra;No existe;I;S/D;Urbana;Ninguna;No existe;Intersección;Deteriorada;Buena;Nocturna;Buen Tiempo;S/D;Peatón;Colisión;Ninguna;Faltante
325;2021;13/1/2021;Miercoles;13:00:00;;0.0;2;Moto/Ciclomotor,Camión Chasis;Av. A del Valle Y Azcuénaga;2;1;0;1;0;0;Avenida;SANTA FE;La Capital;Asfalto;S/D;I;S/D;Urbana;Ninguna;No existe;Intersección;Bueno;Buena;Diurna;Buen Tiempo;Lateral;S/D;Colisión;Ninguna;Faltante
326;2021;13/1/2021;Miercoles;18:30:00;;0.0;2;Pickup/Utilitario,Moto/Ciclomotor;Necochea Y Lavaisse;2;1;0;1;0;0;Calle;SANTA FE;La Capital;Asfalto;No existe;I;Dentro;Urbana;Ninguna;No existe;Intersección;Bueno;Buena;Diurna;Buen Tiempo;Lateral;S/D;Colisión;Ninguna;S/D
327;2021;13/1/2021;Miercoles;10:00:00;;0.0;2;Pickup/Utilitario,Moto/Ciclomotor;Av. Gral. Paz Y Lavaisse;2;1;0;1;0;0;Avenida;SANTA FE;La Capital;Asfalto;No existe;I;Dentro;Urbana;Ninguna;No existe;Intersección;Bueno;Buena;Diurna;Buen Tiempo;Lateral;S/D;Colisión;Ninguna;S/D
328;2021;13/1/2021;Miercoles;10:10:00;;0.0;2;Moto/Ciclomotor,Automóvil;4 de Enero Y Moreno;2;1;0;1;0;0;Calle;SANTA FE;La Capital;Asfalto;No existe;I;S/D;Urbana;Ninguna;No existe;Intersección;Bueno;Buena;Diurna;Buen Tiempo;Lateral;S/D;Colisión;Ninguna;Vertical
329;2021;13/1/2021;Miercoles;10:50:00;;0.0;2;Bicicleta,Otros;9 de Julio Y Cándido Pujato;2;1;0;0;0;1;Calle;SANTA FE;La Capital;Asfalto;S/D;I;Dentro;Urbana;Semáforo;S/D;Intersección;Bueno;Buena;Diurna;Buen Tiempo;S/D;Ciclista;Colisión;Ninguna;Faltante
330;2021;13/1/2021;Miercoles;;Autopista Provincial Brigadier E.LÓPEZ;101.0;2;Pickup/Utilitario,Automóvil; ;2;1;0;1;0;0;Autopista;AROCENA;San JERÓNIMO;Asfalto;S/D;XV;S/D;Urbana;S/D;S/D;Intersección;S/D;S/D;S/D;S/D;Múltiple;S/D;Colisión;S/D;S/D
331;2021;13/1/2021;Miercoles;19:00:00;;0.0;2;Moto/Ciclomotor,Automóvil;Calle 18 Y Calle 9;2;1;0;1;0;0;Calle;AVELLANEDA;General Obligado;Asfalto;S/D;IX;S/D;Urbana;S/D;S/D;Intersección;S/D;S/D;S/D;S/D;Múltiple;S/D;Colisión;S/D;S/D
332;2021;13/1/2021;Miercoles;19:35:00;;0.0;2;Moto/Ciclomotor,Automóvil;Calle 18 - Gral. Belgrano Y Calle 19-Habegger;2;1;0;1;0;0;Calle;RECONQUISTA;General Obligado;Asfalto;No existe;IX;Dentro;Urbana;Otra Señal;No existe;Intersección;Bueno;Buena;Diurna;Buen Tiempo;Múltiple;S/D;Colisión;Ninguna;Horizontal
333;2021;13/1/2021;Miercoles;;;0.0;1;Moto/Ciclomotor;Av. Ovidio Lagos ;1;1;0;0;0;0;Calle;ROSARIO;Constitución;S/D;S/D;II;Dentro;Urbana;Otra Señal;S/D;Intersección;S/D;S/D;S/D;S/D;Múltiple;S/D;Colisión;S/D;S/D
334;2021;13/1/2021;Miercoles;22:30:00;;0.0;1;Moto/Ciclomotor;Sarmiento ;1;1;0;0;0;0;Calle;ROSARIO;Constitución;S/D;S/D;II;Dentro;Urbana;Otra Señal;S/D;Intersección;S/D;S/D;S/D;S/D;Múltiple;S/D;Colisión;S/D;S/D
335;2021;13/1/2021;Miercoles;19:00:00;;0.0;1;Moto/Ciclomotor; ;1;1;0;0;0;0;Calle;ROSARIO;Constitución;S/D;S/D;II;Dentro;Urbana;Otra Señal;S/D;Intersección;S/D;S/D;S/D;S/D;Múltiple;S/D;Colisión;S/D;S/D
336;2021;13/1/2021;Miercoles;21:55:00;;0.0;2;Automóvil,Peatón;Sánchez de Loria Y Martínez Estrada;2;0;0;1;0;0;Calle;ROSARIO;Constitución;Asfalto;No existe;II;Dentro;Urbana;Otra Señal;No existe;Intersección;S/D;S/D;Nocturna;S/D;Múltiple;Peatón;Colisión;S/D;Faltante