ID_Accidente;A�o;Fecha;Dia;Hopra;Ruta/Autop;km;Participantes;Tipo;Lugar;Total;Heridos Leves;Heridos Graves;Ilesos;Fallecidos;Sin datos;desc_tipo_via;desc_loc;desc_dpto;|;desc_tipo_banquina;desc_unidad_regional;desc_lugar_calzada;desc_zona;desc_prioridad;desc_estado_semaforo;desc_lugar_via;desc_estado_via;desc_estado_visibilidad;desc_luminosidad;desc_estado_clima;desc_tipo_colision;desc_tipo_atropello;desc_tipo_hecho;desc_pres_calzada;desc_senializacion
337;2021;13/1/2021;Miercoles;;;0.0;2;Automóvil,Moto/Ciclomotor;Gral. Manuel Belgrano ;2;0;0;1;0;0;Calle;VENADO TUERTO;Constitución;S/D;S/D;VIII;S/D;Urbana;Otra Señal;S/D;Intersección;S/D;S/D;S/D;S/D;Múltiple;S/D;Colisión;S/D;S/D
338;2021;14/1/2021;Jueves;00:50:00;;0.0;2;Moto/Ciclomotor,Pickup/Utilitario;Av. Battle y Ordoñez Y Santiago;2;1;0;1;0;0;Calle;ROSARIO;Rosario;Asfalto;Pavimento;II;Dentro;Urbana;Ninguna;No existe;Intersección;Con baches;Reducida;Nocturna;Buen Tiempo;Lateral;S/D;Colisión;Ninguna;Faltante
339;2021;14/1/2021;Jueves;19:45:00;;0.0;2;Moto/Ciclomotor,Automóvil;Gálvez Y Necochea;4;3;0;1;0;0;Calle;ROSARIO;Rosario;Asfalto;No existe;II;Dentro;Urbana;Ninguna;No existe;Intersección;Bueno;Buena;Amanecer;Buen Tiempo;Lateral;S/D;Colisión;Ninguna;Faltante
340;2021;14/1/2021;Jueves;;;0.0;2;Moto/Ciclomotor,Peatón;San Luis Y Sarmiento;2;1;0;1;0;0;Calle;ROSARIO;Rosario;Asfalto;No existe;II;S/D;Urbana;Ninguna;No existe;Intersección;Bueno;Buena;Diurna;Buen Tiempo;Otro;Peatón;Colisión;Ninguna;Horizontal
341;2021;14/1/2021;Jueves;17:30:00;;0.0;2;Moto/Ciclomotor,Pickup/Utilitario;THORNE Y VUCETICH;2;1;0;1;0;0;Calle;PUERTO SAN MARTÍN;San Lorenzo;Ripio;No existe;XVII;Dentro;Rural;Ninguna;No existe;Intersección;Con baches;Buena;Diurna;Buen Tiempo;De alcance;S/D;Colisión;Ninguna;Faltante
342;2021;14/1/2021;Jueves;11:35:00;Ruta Nacional 11;0.0;2;Moto/Ciclomotor,Automóvil;Av. San Lorenzo ;2;1;0;1;0;0;Ruta;CAPITÁN BERMÚDEZ;San Lorenzo;Asfalto;Ripio;XVII;S/D;Urbana;S/D;No existe;Intersección;Bueno;Buena;Amanecer;S/D;S/D;S/D;Colisión;Ninguna;Faltante
343;2021;14/1/2021;Jueves;17:15:00;Ruta Provincial 2;0.0;1;Pickup/Utilitario;Ruta 2 ;2;2;0;0;0;0;Ruta;SAN CRISTÓBAL;San CRISTÓBAL;Ripio;Natural;XIII;S/D;Urbana;Ninguna;No existe;Intersección;Bueno;Buena;Diurna;Buen Tiempo;S/D;S/D;Colisión;S/D;S/D
344;2021;14/1/2021;Jueves;17:15:00;Ruta Provincial 1;0.0;2;Moto/Ciclomotor,Automóvil; ;3;1;0;2;0;0;Ruta;COLASTINE;La Capital;Asfalto;Pavimento;I;S/D;Urbana;Semáforo;Funciona;Intersección;Bueno;Buena;Diurna;Buen Tiempo;Lateral;S/D;Colisión;Ninguna;Vertical
345;2021;14/1/2021;Jueves;16:00:00;;0.0;2;Moto/Ciclomotor,Automóvil;Italia Y Javier de la Rosa;2;0;0;1;0;1;Calle;SANTA FE;La Capital;S/D;S/D;I;Dentro;Urbana;S/D;S/D;Intersección;S/D;S/D;S/D;S/D;Otro;S/D;Colisión;Otro;Faltante
346;2021;14/1/2021;Jueves;18:40:00;;0.0;2;Pickup/Utilitario,Peatón;Belgrano Y Salvador del Carril;2;1;0;1;0;0;Avenida;SANTA FE;La Capital;Asfalto;No existe;I;Dentro;Urbana;Ninguna;No existe;Intersección;Bueno;Buena;Diurna;Buen Tiempo;S/D;Peatón;Colisión;Ninguna;S/D
347;2021;14/1/2021;Jueves;20:05:00;;0.0;2;Automóvil,Automóvil;Juan Del Campillo ;2;1;0;1;0;0;Calle;SANTA FE;La Capital;Asfalto;No existe;I;Dentro;Urbana;S/D;No existe;Intersección;Bueno;S/D;Diurna;S/D;Lateral;S/D;Colisión;S/D;S/D
348;2021;14/1/2021;Jueves;22:30:00;;0.0;1;Automóvil;Av. Circunvalación ;2;2;0;0;0;0;Calle;SANTA FE;La Capital;Asfalto;S/D;I;Dentro;Urbana;S/D;S/D;Intersección;S/D;S/D;S/D;S/D;S/D;S/D;Colisión;S/D;S/D
349;2021;14/1/2021;Jueves;17:40:00;;0.0;2;Moto/Ciclomotor,Automóvil;25 de Mayo Y Lisandro de la Torre;2;1;0;1;0;0;Calle;SANTA FE;La Capital;Asfalto;No existe;I;Dentro;Urbana;Ninguna;No existe;Intersección;Bueno;Buena;Diurna;Buen Tiempo;Lateral;S/D;Colisión;Ninguna;Horizontal,Vertical
350;2021;14/1/2021;Jueves;;;0.0;2;Camión,Peatón;Av. Blas Parera Y Larrea;2;1;0;1;0;0;Avenida;SANTA FE;La Capital;Asfalto;S/D;I;S/D;Urbana;S/D;S/D;Intersección;S/D;S/D;S/D;S/D;S/D;Peatón;Colisión;S/D;S/D
351;2021;14/1/2021;Jueves;;;0.0;2;Automóvil,Bicicleta;J C Orsetti ;2;1;0;1;0;0;Calle;GRANADERO BAIGORRIA;Rosario;S/D;S/D;II;S/D;Urbana;S/D;S/D;Intersección;S/D;S/D;S/D;S/D;S/D;Ciclista;Colisión;S/D;S/D
352;2021;14/1/2021;Jueves;;;0.0;2;Automóvil,Moto/Ciclomotor;Av. Blas Parera Y Millan Medina;3;2;0;1;0;0;Avenida;SANTA FE;La Capital;Asfalto;S/D;I;S/D;Urbana;S/D;S/D;Intersección;S/D;S/D;S/D;S/D;S/D;S/D;Colisión;S/D;S/D
353;2021;14/1/2021;Jueves;;Ruta Nacional 11;0.0;1;Automóvil;Ruta Nac 11 ;2;2;0;0;0;0;Ruta;SAUCE VIEJO;La Capital;Asfalto;S/D;I;S/D;Urbana;S/D;S/D;Intersección;S/D;S/D;S/D;S/D;Múltiple;S/D;Colisión;S/D;S/D
354;2021;14/1/2021;Jueves;;;0.0;2;Moto/Ciclomotor,Moto/Ciclomotor;Bv Pte. Roca ;2;2;0;0;0;0;Avenida;RAFAELA;Castellanos;Asfalto;S/D;V;S/D;Urbana;S/D;S/D;Intersección;S/D;S/D;S/D;S/D;Múltiple;S/D;Colisión;S/D;S/D
355;2021;14/1/2021;Jueves;;;0.0;2;Moto/Ciclomotor,Taxi/Remis;J M Estrada Y F Simonetta;2;1;0;1;0;0;Calle;RAFAELA;Castellanos;Asfalto;S/D;V;S/D;Urbana;S/D;S/D;Intersección;S/D;S/D;S/D;S/D;Múltiple;S/D;Colisión;S/D;S/D
356;2021;14/1/2021;Jueves;;Ruta Secundaria 80-s;0.0;2;Pickup/Utilitario,Moto/Ciclomotor;Bv San Martin Y Buenos Aires;2;1;0;1;0;0;Ruta;HUMBERTO 1°;Castellanos;Asfalto;S/D;V;S/D;Urbana;S/D;S/D;Intersección;S/D;S/D;S/D;S/D;Múltiple;S/D;Colisión;S/D;S/D
357;2021;14/1/2021;Jueves;;;0.0;2;Moto/Ciclomotor,Moto/Ciclomotor;San Jorge Y Bartolomé Mitre;4;3;0;0;0;1;Calle;VILLA OCAMPO;General Obligado;Asfalto;S/D;IX;S/D;Urbana;S/D;S/D;Intersección;S/D;S/D;S/D;S/D;Múltiple;S/D;Colisión;S/D;S/D
358;2021;14/1/2021;Jueves;18:00:00;;0.0;1;Pickup/Utilitario;Av. Circunvalación ;1;1;0;0;0;0;Avenida;SANTA FE;La Capital;Asfalto;S/D;I;S/D;Urbana;S/D;S/D;Intersección;S/D;S/D;S/D;S/D;Múltiple;S/D;Colisión;S/D;S/D
359;2021;14/1/2021;Jueves;;;0.0;1;Moto/Ciclomotor;Av. Circunvalación ;1;1;0;0;0;0;Avenida;SANTA FE;La Capital;S/D;S/D;I;S/D;Urbana;S/D;S/D;Intersección;S/D;S/D;S/D;S/D;Múltiple;S/D;Colisión;S/D;S/D
360;2021;14/1/2021;Jueves;21:30:00;;0.0;2;Pickup/Utilitario,Moto/Ciclomotor; ;2;1;0;1;0;0;S/D;HUMBERTO 1°;Castellanos;Asfalto;Pavimento;V;S/D;S/D;Otra Señal;No existe;Intersección;Bueno;S/D;Nocturna;Buen Tiempo;Múltiple;S/D;Colisión;Ninguna;Faltante
361;2021;14/1/2021;Jueves;20:45:00;;0.0;2;Moto/Ciclomotor,Pickup/Utilitario;Larrea ;3;1;0;2;0;0;Calle;SAN JOSÉ DE LA ESQUINA;Constitución;S/D;No existe;IV;Dentro;Urbana;Otra Señal;S/D;Intersección;Bueno;S/D;S/D;S/D;Múltiple;S/D;Colisión;S/D;S/D
362;2021;14/1/2021;Jueves;16:00:00;;0.0;1;Moto/Ciclomotor; ;1;1;0;0;0;0;Calle;ROSARIO;Constitución;S/D;S/D;II;Dentro;Urbana;Otra Señal;S/D;Intersección;S/D;S/D;S/D;S/D;Múltiple;S/D;Colisión;S/D;S/D
363;2021;14/1/2021;Jueves;11:50:00;;0.0;1;Automóvil;Crespo Y Av. Pellegrini;1;1;0;0;0;0;Calle;ROSARIO;Constitución;S/D;S/D;II;Dentro;Urbana;Otra Señal;S/D;Intersección;S/D;S/D;S/D;S/D;Múltiple;S/D;Colisión;S/D;S/D
364;2021;14/1/2021;Jueves;00:00:00;;0.0;1;Moto/Ciclomotor; ;1;1;0;0;0;0;Calle;ROSARIO;Constitución;S/D;S/D;II;Dentro;Urbana;Otra Señal;S/D;Intersección;S/D;S/D;S/D;S/D;Múltiple;S/D;Colisión;S/D;S/D
365;2021;14/1/2021;Jueves;00:00:00;;0.0;1;Moto/Ciclomotor;Dean Funes Y Lavalle;1;1;0;0;0;0;Calle;ROSARIO;Constitución;S/D;S/D;II;Dentro;Urbana;Otra Señal;S/D;Intersección;S/D;S/D;S/D;S/D;Múltiple;S/D;Colisión;S/D;S/D
366;2021;14/1/2021;Jueves;;;0.0;1;Bicicleta; ;1;1;0;0;0;0;Calle;ROSARIO;Constitución;S/D;S/D;II;Dentro;Urbana;Otra Señal;S/D;Intersección;S/D;S/D;S/D;S/D;Múltiple;Ciclista;Colisión;S/D;S/D
367;2021;14/1/2021;Jueves;;;0.0;1;Automóvil;Av. Pellegrini ;1;1;0;0;0;0;Calle;ROSARIO;Constitución;S/D;S/D;II;Dentro;Urbana;Otra Señal;S/D;Intersección;S/D;S/D;S/D;S/D;Múltiple;S/D;Colisión;S/D;S/D
368;2021;14/1/2021;Jueves;11:20:00;;0.0;2;Pickup/Utilitario,Bicicleta;España Y JUJUY;2;0;0;1;0;0;Calle;PUEBLO ESTHER;Constitución;Asfalto;Pavimento;II;Dentro;Urbana;Otra Señal;No existe;Intersección;Bueno;Buena;Diurna;Buen Tiempo;Múltiple;Ciclista;Colisión;Ninguna;Faltante
369;2021;14/1/2021;Jueves;00:10:00;;0.0;2;Moto/Ciclomotor,Moto/Ciclomotor;Pje. 1528 Bis Y Pje. Korn;3;2;0;0;0;0;Calle;ROSARIO;Constitución;Asfalto;No existe;II;S/D;Urbana;Otra Señal;No existe;Intersección;S/D;S/D;Nocturna;S/D;Múltiple;S/D;Colisión;S/D;Faltante
370;2021;14/1/2021;Jueves;16:30:00;;0.0;2;Moto/Ciclomotor,Moto/Ciclomotor;Calle 60 Y Calle 9;2;0;0;0;1;0;Calle;FRONTERA;Constitución;Asfalto;No existe;V;S/D;Urbana;Otra Señal;No existe;Intersección;Bueno;S/D;Diurna;S/D;Múltiple;S/D;Colisión;Ninguna;Faltante
371;2021;14/1/2021;Jueves;13:25:00;;0.0;2;Bicicleta,Pickup/Utilitario;27 de Febrero Y Ángel Marino Gervaso;4;1;0;1;0;0;Calle;CAPITÁN BERMÚDEZ;San Lorenzo;Asfalto;Pavimento;XVII;Dentro;Urbana;Otra Señal;No existe;Intersección;Bueno;Buena;Amanecer;S/D;Múltiple;Ciclista;Colisión;Ninguna;Faltante
372;2021;15/1/2021;Viernes;18:40:00;;0.0;2;Moto/Ciclomotor,Automóvil;Centeno Y Constitución;3;2;0;1;0;0;Calle;ROSARIO;Rosario;Asfalto;No existe;II;Dentro;Urbana;Ninguna;No existe;Intersección;Bueno;Buena;Diurna;Buen Tiempo;S/D;S/D;Colisión;Ninguna;Faltante
373;2021;15/1/2021;Viernes;11:30:00;;0.0;3;Moto/Ciclomotor,Automóvil,Automóvil;Av. Uriburu Y Buenos Aires;3;1;0;2;0;0;Avenida;ROSARIO;Rosario;Asfalto;No existe;II;S/D;Urbana;Semáforo;Funciona;Intersección;Bueno;Buena;Diurna;Buen Tiempo;Múltiple;S/D;Colisión;Ninguna;Horizontal,Vertical
374;2021;15/1/2021;Viernes;14:30:00;;0.0;2;Bicicleta,Moto/Ciclomotor;San Martin Y Pte. Quintana;2;1;0;1;0;0;Calle;ROSARIO;Rosario;Asfalto;No existe;II;S/D;Urbana;Ninguna;S/D;Intersección;Bueno;Buena;Diurna;Buen Tiempo;S/D;Ciclista;Colisión;Ninguna;Horizontal,Vertical
375;2021;15/1/2021;Viernes;20:30:00;;0.0;2;Moto/Ciclomotor,Automóvil;Junín Y Suiza;3;2;0;1;0;0;Calle;ROSARIO;Rosario;Asfalto;S/D;II;S/D;Urbana;S/D;S/D;Intersección;Bueno;S/D;Nocturna;Buen Tiempo;Otro;S/D;Colisión;S/D;S/D
376;2021;15/1/2021;Viernes;13:50:00;Ruta Nacional 11;0.0;2;Moto/Ciclomotor,Pickup/Utilitario;Av. San Martin Y San Juan;2;1;0;1;0;0;Ruta;SAN LORENZO;San Lorenzo;S/D;S/D;XVII;S/D;Urbana;S/D;S/D;Intersección;S/D;S/D;Diurna;S/D;S/D;S/D;Colisión;S/D;S/D
377;2021;15/1/2021;Viernes;18:00:00;Ruta Provincial 2;0.0;2;Moto/Ciclomotor,Pickup/Utilitario;Ruta pcial 2 Av. San Martin Y Córdoba;4;1;0;3;0;0;Ruta;MONTE VERA;La Capital;Asfalto;Ripio;I;S/D;Urbana;Ninguna;No existe;Intersección;Bueno;Buena;Diurna;Buen Tiempo;Lateral;S/D;Colisión;Ninguna;Vertical
378;2021;15/1/2021;Viernes;20:40:00;;0.0;2;Moto/Ciclomotor,Pickup/Utilitario;9 de Julio Y J Castelli;2;1;0;1;0;0;Calle;SANTA FE;La Capital;Asfalto;No existe;I;S/D;Urbana;Ninguna;No existe;Intersección;Bueno;Buena;Atardecer,Con luz artificial;Buen Tiempo;Lateral;S/D;Colisión;Ninguna;S/D
379;2021;15/1/2021;Viernes;20:30:00;;0.0;2;Moto/Ciclomotor,Automóvil;Fraga Y J.J.Paso;4;2;0;2;0;0;Avenida;ROSARIO;Rosario;Asfalto;No existe;II;Dentro;Urbana;Señal Pare;No existe;Intersección;Bueno;Buena;Con luz artificial;Buen Tiempo;Otro;S/D;Colisión;Ninguna;Faltante
380;2021;15/1/2021;Viernes;06:20:00;;0.0;2;Moto/Ciclomotor,Automóvil;Av. Génova Y Garzón;2;1;0;0;0;1;Avenida;ROSARIO;Rosario;Asfalto;No existe;II;Dentro;Urbana;Ninguna;No existe;Intersección;Bueno;Buena;Amanecer;Buen Tiempo;Otro;S/D;Colisión;Ninguna;Faltante
381;2021;15/1/2021;Viernes;13:35:00;Ruta Provincial 6;0.0;2;Pickup/Utilitario,Peatón;San Martin 200;2;1;0;1;0;0;Ruta;SAN CARLOS SUR;Las Colonias;Asfalto;No existe;XI;Dentro;Urbana;Ninguna;No existe;Intersección;Bueno;Buena;Diurna;Buen Tiempo;S/D;Peatón;Colisión;Ninguna;S/D
382;2021;15/1/2021;Viernes;05:35:00;;0.0;2;Moto/Ciclomotor,Moto/Ciclomotor;Las Heras Y Hernandarias;3;2;0;1;0;0;Calle;SANTA FE;La Capital;Asfalto;No existe;I;Dentro;Urbana;Ninguna;No existe;Intersección;Bueno;Reducida;Amanecer;Buen Tiempo;Lateral;S/D;Colisión;Ninguna;S/D
383;2021;15/1/2021;Viernes;07:25:00;;0.0;2;Automóvil,Moto/Ciclomotor;4 de Enero Y Mendoza;2;1;0;1;0;0;Calle;SANTA FE;La Capital;Hormigón;No existe;I;Dentro;Urbana;Ninguna;No existe;Intersección;Con baches;Buena;Diurna;Buen Tiempo;Lateral;S/D;Colisión;Ninguna;Faltante
384;2021;15/1/2021;Viernes;;Ruta Nacional 11;0.0;1;Automóvil; ;1;1;0;0;0;0;Ruta;AROCENA;San JERÓNIMO;Asfalto;S/D;XV;S/D;Urbana;S/D;S/D;Intersección;S/D;S/D;S/D;S/D;S/D;S/D;Colisión;S/D;S/D
385;2021;15/1/2021;Viernes;;Autopista Nacional Rosario -Cordoba;0.0;1;Camión c / Acoplado; ;1;1;0;0;0;0;Autopista;ROSARIO;Rosario;Asfalto;S/D;II;S/D;Urbana;S/D;S/D;Intersección;S/D;S/D;S/D;S/D;Múltiple;S/D;Colisión;S/D;S/D
386;2021;15/1/2021;Viernes;16:35:00;Ruta Provincial 15;155.0;2;Pickup/Utilitario,Camión c / Acoplado; ;2;0;0;1;1;0;Ruta;TORTUGAS;Belgrano;Asfalto;Natural;III;Dentro;Rural;Otra Señal;No existe;Intersección;Bueno;Buena;Diurna;Buen Tiempo;De alcance,Múltiple;S/D;Colisión;Otro;Vertical
387;2021;15/1/2021;Viernes;05:20:00;Ruta Nacional 8;369.0;2;Bicicleta,Moto/Ciclomotor;Leoncio de la Barrera Y Ruta Nac 8;2;1;0;0;1;0;Ruta;VENADO TUERTO;General LÓPEZ;Asfalto;S/D;VIII;S/D;Urbana;Otra Señal;S/D;Intersección;S/D;Reducida;Nocturna;Lluvia;De alcance,Múltiple;Ciclista;Colisión;Agua;S/D
388;2021;15/1/2021;Viernes;09:40:00;;0.0;2;Moto/Ciclomotor,Automóvil;Calle 33-Pueyrredon ;2;1;0;1;0;0;Calle;RECONQUISTA;General Obligado;Asfalto;No existe;IX;Dentro;Urbana;Otra Señal;No existe;Intersección;Otro;Buena;Diurna;Otro;Múltiple;S/D;Colisión;Ninguna;Vertical
389;2021;15/1/2021;Viernes;00:30:00;;0.0;1;Moto/Ciclomotor;Francia F Y Riobamba;2;2;0;0;0;0;Calle;ROSARIO;Constitución;S/D;S/D;II;Dentro;Urbana;Otra Señal;S/D;Intersección;S/D;S/D;S/D;S/D;Múltiple;S/D;Colisión;S/D;S/D
390;2021;15/1/2021;Viernes;15:30:00;;0.0;1;Moto/Ciclomotor;Av. Ovidio Lagos Y Montevideo;1;1;0;0;0;0;Calle;ROSARIO;Constitución;Asfalto;No existe;II;Dentro;Urbana;Otra Señal;Funciona;Intersección;Bueno;S/D;Diurna;S/D;Múltiple;S/D;Colisión;Ninguna;Horizontal,Vertical
391;2021;15/1/2021;Viernes;08:50:00;;0.0;2;Moto/Ciclomotor,Automóvil;Bv. Seguí Y Paraguay;3;1;0;1;0;0;Calle;ROSARIO;Constitución;Asfalto;No existe;II;S/D;Urbana;Otra Señal;No existe;Intersección;Bueno;Buena;Diurna;Buen Tiempo;Múltiple;S/D;Colisión;S/D;S/D
392;2021;15/1/2021;Viernes;21:45:00;;0.0;2;Moto/Ciclomotor,Otros;Mendoza Y Ricardo Rojas;2;0;0;0;0;1;Avenida;ROSARIO;Constitución;Asfalto;S/D;II;S/D;Urbana;Otra Señal;S/D;Intersección;Bueno;Buena;Con luz artificial;Buen Tiempo;Múltiple;S/D;Colisión;Ninguna;Vertical
393;2021;15/1/2021;Viernes;;;0.0;2;Automóvil,Automóvil;Ameghino Florentino Y Gdor. Vera;3;0;0;2;0;0;Calle;GÁLVEZ;Constitución;Asfalto;No existe;XV;Dentro;Urbana;Otra Señal;S/D;Intersección;Bueno;S/D;S/D;S/D;Múltiple;S/D;Colisión;S/D;S/D
394;2021;15/1/2021;Viernes;06:00:00;;0.0;1;Moto/Ciclomotor;Mendoza Y Callao;1;0;0;0;0;0;Calle;ROSARIO;Rosario;S/D;S/D;II;Dentro;Urbana;Otra Señal;S/D;Intersección;S/D;S/D;S/D;S/D;Múltiple;S/D;Colisión;S/D;S/D
395;2021;15/1/2021;Viernes;00:00:00;;0.0;1;Bicicleta; ;1;0;0;0;0;0;Calle;ROSARIO;Rosario;S/D;S/D;II;Dentro;Urbana;Otra Señal;S/D;Intersección;S/D;S/D;S/D;S/D;Múltiple;Ciclista;Colisión;S/D;S/D
396;2021;16/1/2021;Sabado;15:30:00;Ruta Nacional 175;0.0;2;Moto/Ciclomotor,Moto/Ciclomotor;9 de Julio Y Córdoba;2;1;0;0;0;1;Ruta;PUERTO SAN MARTÍN;San Lorenzo;Asfalto;No existe;XVII;Dentro;Urbana;Ninguna;No existe;Intersección;Bueno;Buena;Diurna;Buen Tiempo;Lateral;S/D;Colisión;Ninguna;Faltante
397;2021;16/1/2021;Sabado;21:20:00;;0.0;2;Moto/Ciclomotor,Automóvil;Av. Eva Perón Y Valparaíso;2;1;0;1;0;0;Calle;ROSARIO;Rosario;Asfalto;No existe;II;S/D;Urbana;Otra Señal;No existe;Intersección;Bueno;Buena;Nocturna;Buen Tiempo;De alcance,Múltiple;S/D;Colisión;Ninguna;Faltante
398;2021;16/1/2021;Sabado;16:40:00;;0.0;2;Bicicleta,Transporte de Pasajeros Urbano (> 8 asientos);San Lorenzo Y Dorrego;2;1;0;1;0;0;Calle;ROSARIO;Rosario;Asfalto;No existe;II;Dentro;Urbana;Otra Señal;No existe;Intersección;Bueno;Buena;Diurna;Buen Tiempo;De alcance,Múltiple;Ciclista;Colisión;Ninguna;Vertical
399;2021;16/1/2021;Sabado;00:20:00;Autopista Nacional A008;21.0;2;Bicicleta,Automóvil;Av. Circunvalación ;2;1;0;1;0;0;Autopista;ROSARIO;Rosario;Asfalto;Natural;II;Dentro;Urbana;Otra Señal;No existe;Recta;Bueno;Buena;Nocturna,Con luz artificial;Buen Tiempo;De alcance,Múltiple;Ciclista;Colisión;Ninguna;Vertical
400;2021;16/1/2021;Sabado;21:15:00;Ruta Secundaria 18-s;1.0;2;Moto/Ciclomotor,Automóvil; ;3;1;0;2;0;0;Ruta;PUERTO SAN MARTÍN;San Lorenzo;Asfalto;Natural;XVII;Dentro;Urbana;Otra Señal;No existe;Intersección;Bueno;Buena;Nocturna;Buen Tiempo;De alcance,Múltiple;S/D;Colisión;Ninguna;Faltante
401;2021;16/1/2021;Sabado;22:30:00;;0.0;1;Moto/Ciclomotor;Buenos Aires Y Belgrano;1;1;0;0;0;0;Calle;PUERTO SAN MARTÍN;San Lorenzo;Asfalto;S/D;XVII;Dentro;Urbana;Otra Señal;No existe;Intersección;Bueno;Buena;Nocturna;Buen Tiempo;De alcance,Múltiple;S/D;Colisión;S/D;Faltante
402;2021;16/1/2021;Sabado;00:50:00;;0.0;2;Automóvil,Moto/Ciclomotor;Rivadavia Y Avellaneda;5;3;0;2;0;0;Calle;FRAY LUIS BELTRÁN;San Lorenzo;Asfalto;No existe;XVII;S/D;Urbana;Otra Señal;No existe;Intersección;Con baches;S/D;Nocturna;S/D;De alcance,Múltiple;S/D;Colisión;S/D;S/D
403;2021;16/1/2021;Sabado;10:20:00;;0.0;2;Automóvil,Bicicleta;San Martin Y Buenos Aires;2;1;0;1;0;0;Calle;VERA;Vera;Asfalto;No existe;XIX;S/D;Urbana;Otra Señal;No existe;Intersección;Bueno;Buena;Diurna;Buen Tiempo;De alcance,Múltiple;Ciclista;Colisión;Ninguna;Vertical
404;2021;16/1/2021;Sabado;11:08:00;;0.0;2;Moto/Ciclomotor,Automóvil;Av. López y Planes 4500;2;1;0;1;0;0;Avenida;SANTA FE;La Capital;Asfalto;No existe;I;Dentro;Urbana;Otra Señal;No existe;Recta;Bueno;Buena;Diurna;Buen Tiempo;De alcance,Múltiple;S/D;Colisión;Ninguna;Horizontal
405;2021;16/1/2021;Sabado;23:00:00;;0.0;2;Bicicleta,Camión c / Semirremolque;Av. Filipini Y Bordabhere;2;1;0;1;0;0;Calle;VILLA GOBERNADOR GÁLVEZ;Rosario;Asfalto;No existe;II;S/D;Urbana;Otra Señal;No existe;Intersección;Con baches;Buena;Nocturna,Con luz artificial;S/D;De alcance,Múltiple;Ciclista;Colisión;Ninguna;Faltante
406;2021;16/1/2021;Sabado;22:00:00;;0.0;2;Moto/Ciclomotor,Taxi/Remis;José Ingenieros Y Ottone Bis;4;1;0;3;0;0;Calle;ROSARIO;Rosario;Asfalto;No existe;II;Dentro;Urbana;Otra Señal;No existe;Intersección;Bueno;Buena;Nocturna,Con luz artificial;Buen Tiempo;De alcance,Múltiple;S/D;Colisión;Ninguna;Faltante
407;2021;16/1/2021;Sabado;13:00:00;Ruta Nacional 33;767.0;2;Moto/Ciclomotor,Automóvil; ;2;1;0;1;0;0;Ruta;ROSARIO;Rosario;Asfalto;Pavimento;II;Dentro;Urbana;Otra Señal;Funciona;Recta;Bueno;Buena;Diurna;Buen Tiempo;De alcance,Múltiple;S/D;Colisión;Ninguna;Vertical
408;2021;16/1/2021;Sabado;19:30:00;;0.0;2;Moto/Ciclomotor,Automóvil;Mariano Moreno Y Khantuta;3;2;0;1;0;0;Calle;ROSARIO;Rosario;Asfalto;Pavimento;II;Dentro;Urbana;Otra Señal;No existe;Intersección;Bueno;Buena;Atardecer;Buen Tiempo;De alcance,Múltiple;S/D;Colisión;Ninguna;Faltante
409;2021;16/1/2021;Sabado;22:30:00;;0.0;1;Moto/Ciclomotor;Domingo Faustino Sarmiento Y Estanislao Zeballos;3;0;0;0;0;3;Calle;ESPERANZA;Las Colonias;Asfalto;No existe;XI;S/D;Urbana;Otra Señal;S/D;Intersección;Bueno;Buena;Nocturna;Buen Tiempo;De alcance,Múltiple;S/D;Colisión;Ninguna;S/D
410;2021;16/1/2021;Sabado;19:20:00;;0.0;2;Automóvil,Moto/Ciclomotor;Av. Facundo Zuviria Y Pje Irala;2;1;0;1;0;0;Avenida;SANTA FE;La Capital;Asfalto;Pavimento;I;Dentro;Urbana;Otra Señal;No existe;Intersección;Bueno;Buena;Atardecer;Buen Tiempo;De alcance,Múltiple;S/D;Colisión;Ninguna;Faltante
411;2021;16/1/2021;Sabado;14:20:00;Ruta Provincial 1;145.0;2;Moto/Ciclomotor,Automóvil;Ruta Nº 1 ;2;0;0;1;1;0;Ruta;SAN JAVIER;San Javier;Asfalto;S/D;XIV;S/D;Rural;Otra Señal;S/D;Intersección;S/D;Reducida;Diurna;Lluvia;De alcance,Múltiple;S/D;Colisión;Agua;S/D
412;2021;16/1/2021;Sabado;;;0.0;2;Moto/Ciclomotor,Automóvil; ;2;1;0;1;0;0;S/D;ESPERANZA;Las Colonias;S/D;S/D;XI;S/D;S/D;Otra Señal;S/D;Intersección;S/D;S/D;S/D;S/D;De alcance,Múltiple;S/D;Colisión;S/D;S/D
413;2021;16/1/2021;Sabado;21:30:00;Ruta Nacional 178;187.0;1;Pickup/Utilitario; ;4;1;0;3;0;0;Ruta;LAS PAREJAS;Belgrano;S/D;S/D;III;S/D;Rural;Otra Señal;S/D;Intersección;S/D;S/D;Nocturna;S/D;De alcance,Múltiple;S/D;Colisión;S/D;S/D
414;2021;16/1/2021;Sabado;10:00:00;;0.0;1;Moto/Ciclomotor;Bv. Seguí 1565;1;1;0;0;0;0;Calle;ROSARIO;Constitución;S/D;S/D;II;Dentro;Urbana;Otra Señal;S/D;Intersección;S/D;S/D;S/D;S/D;Múltiple;S/D;Colisión;S/D;S/D
415;2021;16/1/2021;Sabado;11:00:00;;0.0;1;Moto/Ciclomotor;Av. Pellegrini ;1;1;0;0;0;0;Calle;ROSARIO;Constitución;S/D;S/D;II;Dentro;Urbana;Otra Señal;S/D;Intersección;S/D;S/D;S/D;S/D;Múltiple;S/D;Colisión;S/D;S/D
416;2021;16/1/2021;Sabado;02:00:00;;0.0;1;Automóvil;Bv. Rondeau Y Ricardo Gutiérrez;1;1;0;0;0;0;Calle;ROSARIO;Constitución;S/D;S/D;II;Dentro;Urbana;Otra Señal;S/D;Intersección;S/D;S/D;S/D;S/D;Múltiple;S/D;Colisión;S/D;S/D