ID_Accidente;A�o;Fecha;Dia;Hopra;Ruta/Autop;km;Participantes;Tipo;Lugar;Total;Heridos Leves;Heridos Graves;Ilesos;Fallecidos;Sin datos;desc_tipo_via;desc_loc;desc_dpto;|;desc_tipo_banquina;desc_unidad_regional;desc_lugar_calzada;desc_zona;desc_prioridad;desc_estado_semaforo;desc_lugar_via;desc_estado_via;desc_estado_visibilidad;desc_luminosidad;desc_estado_clima;desc_tipo_colision;desc_tipo_atropello;desc_tipo_hecho;desc_pres_calzada;desc_senializacion
417;2021;16/1/2021;Sabado;17:30:00;;0.0;1;Moto/Ciclomotor;Cerrito Y Servando Bayo;2;2;0;0;0;0;Calle;ROSARIO;Constitución;S/D;S/D;II;Dentro;Urbana;Otra Señal;S/D;Intersección;S/D;S/D;S/D;S/D;Múltiple;S/D;Colisión;S/D;S/D
418;2021;16/1/2021;Sabado;;;0.0;1;Bicicleta; ;1;1;0;0;0;0;Calle;ROSARIO;Constitución;S/D;S/D;II;Dentro;Urbana;Otra Señal;S/D;Intersección;S/D;S/D;S/D;S/D;Múltiple;Ciclista;Colisión;S/D;S/D
419;2021;16/1/2021;Sabado;;;0.0;1;Moto/Ciclomotor; ;1;1;0;0;0;0;Calle;ROSARIO;Constitución;S/D;S/D;II;Dentro;Urbana;Otra Señal;S/D;Intersección;S/D;S/D;S/D;S/D;Múltiple;S/D;Colisión;S/D;S/D
420;2021;16/1/2021;Sabado;21:00:00;;0.0;1;Moto/Ciclomotor;9 De Julio Y Francia F;1;1;0;0;0;0;Calle;ROSARIO;Constitución;S/D;S/D;II;Dentro;Urbana;Otra Señal;S/D;Intersección;S/D;S/D;S/D;S/D;Múltiple;S/D;Colisión;S/D;S/D
421;2021;16/1/2021;Sabado;22:30:00;;0.0;2;Peatón,Otros; ;2;1;0;1;0;0;Calle;ROSARIO;Constitución;S/D;S/D;II;Dentro;Urbana;Otra Señal;S/D;Intersección;S/D;S/D;S/D;S/D;Múltiple;Peatón;Colisión;S/D;S/D
422;2021;16/1/2021;Sabado;22:30:00;;0.0;2;Peatón,Otros; ;2;1;0;1;0;0;Calle;ROSARIO;Constitución;S/D;S/D;II;Dentro;Urbana;Otra Señal;S/D;Intersección;S/D;S/D;S/D;S/D;Múltiple;Peatón;Colisión;S/D;S/D
423;2021;16/1/2021;Sabado;12:30:00;;0.0;1;Moto/Ciclomotor;Bv. Seguí ;1;1;0;0;0;0;Calle;ROSARIO;Constitución;S/D;S/D;II;Dentro;Urbana;Otra Señal;S/D;Intersección;S/D;S/D;Diurna;S/D;Múltiple;S/D;Colisión;S/D;S/D
424;2021;16/1/2021;Sabado;23:00:00;;0.0;2;Pickup/Utilitario,Moto/Ciclomotor;Bv. Oroño Y Av. Dante Alighieri;2;0;0;1;0;0;Avenida;ROSARIO;Constitución;Asfalto;No existe;II;S/D;Urbana;Otra Señal;Funciona;Intersección;Bueno;Buena;Nocturna;Buen Tiempo;Múltiple;S/D;Colisión;Ninguna;Horizontal
425;2021;16/1/2021;Sabado;12:05:00;;0.0;2;Bicicleta,Pickup/Utilitario;Tucumán Y Mariano Moreno;2;0;0;1;0;0;Calle;ROSARIO;Constitución;Asfalto;S/D;II;S/D;Urbana;Otra Señal;S/D;Intersección;Bueno;S/D;Diurna;Buen Tiempo;Múltiple;Ciclista;Colisión;Ninguna;Faltante
426;2021;16/1/2021;Sabado;16:45:00;;0.0;2;Automóvil,Moto/Ciclomotor;Saavedra Y San Luis;2;0;0;1;0;0;Calle;SAN CARLOS CENTRO;Constitución;Ripio;Natural;XI;S/D;Urbana;Otra Señal;No existe;Intersección;Bueno;Buena;Diurna;Buen Tiempo;Múltiple;S/D;Colisión;Ninguna;Faltante
427;2021;16/1/2021;Sabado;13:50:00;;0.0;2;Moto/Ciclomotor,Automóvil;Lavalle Y 24 De Setiembre;3;0;0;1;0;0;Calle;ROSARIO;Rosario;Asfalto;No existe;II;Dentro;Urbana;Otra Señal;No existe;Intersección;Deteriorada;Buena;Diurna;Buen Tiempo;Múltiple;S/D;Colisión;Ninguna;Faltante
428;2021;16/1/2021;Sabado;16:37:00;Ruta Nacional 95;925.0;2;Camión c / Acoplado,Pickup/Utilitario; ;4;0;0;1;1;0;Ruta;GATO COLORADO;9 de Julio;Asfalto;Natural;XII;Dentro;Rural;Otra Señal;No existe;Intersección;Resbaladiza;Reducida;Diurna;Lluvia;Múltiple;S/D;Colisión;Agua;S/D
429;2021;17/1/2021;Domingo;23:50:00;Ruta Nacional 11;150.0;2;Automóvil,Moto/Ciclomotor; ;5;1;0;4;0;0;Ruta;SANTA FE;La Capital;Asfalto;Pavimento;I;S/D;Urbana;Otra Señal;No existe;Cruce;Con baches;Buena;Nocturna,Con luz artificial;Buen Tiempo;De alcance,Múltiple;S/D;Colisión;Ninguna;Vertical
430;2021;17/1/2021;Domingo;15:35:00;Autopista Nacional A008;17.0;2;Bicicleta,Automóvil; ;2;1;0;0;0;1;Autopista;ROSARIO;Rosario;Asfalto;Pavimento;II;Dentro;Urbana;Otra Señal;No existe;Recta;Bueno;Buena;Diurna;Buen Tiempo;De alcance,Múltiple;Ciclista;Colisión;Ninguna;Faltante
431;2021;17/1/2021;Domingo;20:55:00;;0.0;1;Automóvil;Fray PEÑA Y Bv Oroño;4;2;0;2;0;0;Calle;SAN LORENZO;San Lorenzo;S/D;Natural;XVII;S/D;Urbana;Otra Señal;No existe;Intersección;S/D;S/D;Nocturna;S/D;De alcance,Múltiple;S/D;Colisión;S/D;S/D
432;2021;17/1/2021;Domingo;10:10:00;;0.0;2;Moto/Ciclomotor,Pickup/Utilitario;Bv Luis Sanguinetti Y Belgrano;3;2;0;1;0;0;Calle;ARMSTRONG;Belgrano;Hormigón;No existe;III;Dentro;Urbana;Otra Señal;No existe;Intersección;Bueno;Buena;Diurna;Buen Tiempo;De alcance,Múltiple;S/D;Colisión;S/D;S/D
433;2021;17/1/2021;Domingo;06:30:00;;0.0;2;Moto/Ciclomotor,Automóvil;Av. A del Valle Y Juan Del Campillo;2;1;0;0;0;1;Avenida;SANTA FE;La Capital;Asfalto;No existe;I;Dentro;Urbana;Otra Señal;No existe;Intersección;Bueno;Buena;Amanecer;Buen Tiempo;De alcance,Múltiple;S/D;Colisión;Ninguna;S/D
434;2021;17/1/2021;Domingo;22:40:00;Ruta Secundaria 26-s;52.0;1;Automóvil; ;2;2;0;0;0;0;Ruta;ARMINDA;Rosario;Tierra;No existe;II;S/D;Rural;Otra Señal;No existe;Recta;Deteriorada;Reducida;Nocturna;Buen Tiempo;De alcance,Múltiple;S/D;Colisión;Ninguna;Faltante
435;2021;17/1/2021;Domingo;19:25:00;Autopista Nacional A012;5.0;1;Automóvil; ;2;1;0;1;0;0;Autopista;ALVEAR;Rosario;Ripio;No existe;II;Dentro;Rural;Otra Señal;No existe;Recta;Resbaladiza;Buena;Diurna;Buen Tiempo;De alcance,Múltiple;S/D;Colisión;Ninguna;Faltante
436;2021;17/1/2021;Domingo;19:00:00;;0.0;2;Moto/Ciclomotor,Moto/Ciclomotor;Pueyrredón 6071;2;1;0;1;0;0;Calle;ROSARIO;Rosario;Asfalto;No existe;II;Dentro;Urbana;Otra Señal;No existe;Recta;Bueno;Buena;Atardecer;Buen Tiempo;De alcance,Múltiple;S/D;Colisión;Ninguna;Faltante
437;2021;17/1/2021;Domingo;00:30:00;;0.0;2;Moto/Ciclomotor,Automóvil;Av. Battle y Ordoñez Y Balcarce;2;1;0;1;0;0;Calle;ROSARIO;Rosario;Asfalto;Pavimento;II;Dentro;Urbana;Otra Señal;Intermitente;Intersección;Bueno;Buena;Nocturna;Buen Tiempo;De alcance,Múltiple;S/D;Colisión;Ninguna;S/D
438;2021;17/1/2021;Domingo;14:20:00;;0.0;2;Moto/Ciclomotor,Automóvil;Elorza Y Av. Rosario;2;1;0;1;0;0;Avenida;FUNES;Rosario;S/D;S/D;II;S/D;Urbana;Otra Señal;S/D;Intersección;S/D;S/D;Diurna;S/D;De alcance,Múltiple;S/D;Colisión;S/D;S/D
439;2021;17/1/2021;Domingo;15:00:00;;0.0;2;Automóvil,Automóvil;Andreu Y Piazza;3;1;0;2;0;0;Calle;VILLA GOBERNADOR GÁLVEZ;Rosario;S/D;S/D;II;S/D;Urbana;Otra Señal;S/D;Intersección;S/D;S/D;Diurna;S/D;De alcance,Múltiple;S/D;Colisión;S/D;S/D
440;2021;17/1/2021;Domingo;;;0.0;2;Moto/Ciclomotor,Moto/Ciclomotor;Av. Gral. San Martin Y Moreno;4;2;0;2;0;0;Avenida;VILLA GOBERNADOR GÁLVEZ;Rosario;S/D;S/D;II;S/D;Urbana;Otra Señal;S/D;Intersección;S/D;S/D;S/D;S/D;De alcance,Múltiple;S/D;Colisión;S/D;S/D
441;2021;17/1/2021;Domingo;21:00:00;;0.0;2;Moto/Ciclomotor,Automóvil;Catamarca Y General Justo José De Urquiza;3;2;0;1;0;0;Calle;CASILDA;Caseros;S/D;S/D;IV;S/D;Urbana;Otra Señal;S/D;Intersección;S/D;S/D;Nocturna;S/D;De alcance,Múltiple;S/D;Colisión;S/D;S/D
442;2021;17/1/2021;Domingo;10:20:00;;0.0;2;Moto/Ciclomotor,Automóvil;Calle 47-Islas Malvinas Y Calle 64 La Pampa;2;1;0;1;0;0;Calle;RECONQUISTA;General Obligado;S/D;S/D;IX;S/D;Urbana;Otra Señal;S/D;Intersección;S/D;S/D;Diurna;S/D;De alcance,Múltiple;S/D;Colisión;S/D;S/D
443;2021;17/1/2021;Domingo;;Autopista Nacional A008;0.0;1;Camión;Av. Circunvalación Y Av. Uriburu;2;2;0;0;0;0;Autopista;ROSARIO;Rosario;S/D;S/D;II;S/D;Urbana;Otra Señal;S/D;Intersección;S/D;S/D;S/D;S/D;De alcance,Múltiple;S/D;Colisión;S/D;S/D
444;2021;17/1/2021;Domingo;12:00:00;;0.0;1;Moto/Ciclomotor;Bolivia Y Av. Eva Perón;1;1;0;0;0;0;Calle;ROSARIO;Constitución;S/D;S/D;II;Dentro;Urbana;Otra Señal;S/D;Intersección;S/D;S/D;S/D;S/D;Múltiple;S/D;Colisión;S/D;S/D
445;2021;17/1/2021;Domingo;;;0.0;1;Moto/Ciclomotor; ;1;1;0;0;0;0;Calle;ROSARIO;Constitución;S/D;S/D;II;Dentro;Urbana;Otra Señal;S/D;Intersección;S/D;S/D;S/D;S/D;Múltiple;S/D;Colisión;S/D;S/D
446;2021;17/1/2021;Domingo;;;0.0;1;Otros; ;1;1;0;0;0;0;Calle;ROSARIO;Constitución;S/D;S/D;II;Dentro;Urbana;Otra Señal;S/D;Intersección;S/D;S/D;S/D;S/D;Múltiple;S/D;Colisión;S/D;S/D
447;2021;17/1/2021;Domingo;04:55:00;;0.0;2;Moto/Ciclomotor,Taxi/Remis;Uruguay Y Entre Ríos;2;0;0;1;0;0;Calle;ROSARIO;Constitución;Asfalto;No existe;II;S/D;Urbana;Otra Señal;Intermitente;Intersección;Bueno;Buena;Nocturna,Con luz artificial;Buen Tiempo;Múltiple;S/D;Colisión;Ninguna;Horizontal,Vertical
448;2021;17/1/2021;Domingo;21:30:00;Ruta Nacional 11;425.0;2;Moto/Ciclomotor,Automóvil;Av. L de la Torre-Ruta Nac 11 ;4;0;0;2;1;0;Ruta;CORONDA;Constitución;Asfalto;Natural;XV;S/D;Rural;Otra Señal;No existe;Intersección;Bueno;Buena;Nocturna;Buen Tiempo;Múltiple;S/D;Colisión;Ninguna;Vertical
449;2021;17/1/2021;Domingo;18:55:00;;0.0;1;Moto/Ciclomotor;Bv. 27 De Febrero Y Fraga;1;0;0;0;0;0;Calle;ROSARIO;Constitución;S/D;S/D;II;S/D;Urbana;Otra Señal;S/D;Intersección;S/D;S/D;Atardecer;S/D;Múltiple;S/D;Colisión;S/D;S/D
450;2021;17/1/2021;Domingo;20:00:00;Ruta Nacional 34;216.0;2;Pickup/Utilitario,Automóvil; ;4;3;0;0;0;0;Ruta;RAFAELA;Constitución;S/D;S/D;V;S/D;Urbana;Otra Señal;S/D;Intersección;S/D;S/D;Nocturna;S/D;Múltiple;S/D;Colisión;S/D;S/D
451;2021;17/1/2021;Domingo;21:00:00;Ruta Nacional 34;193.0;1;Automóvil; ;6;2;0;1;1;0;Ruta;ANGÉLICA;Castellanos;Asfalto;Pavimento;V;S/D;Rural;Otra Señal;No existe;Intersección;Bueno;Buena;Nocturna;Buen Tiempo;Múltiple;S/D;Colisión;S/D;Horizontal,Vertical
452;2021;17/1/2021;Domingo;16:30:00;Ruta Provincial 90;112.0;1;Automóvil; ;3;0;0;0;1;0;Ruta;MELINCUÉ;General LÓPEZ;Asfalto;S/D;VIII;S/D;Rural;Otra Señal;S/D;Intersección;Bueno;Buena;Diurna;Buen Tiempo;Múltiple;S/D;Colisión;S/D;S/D
453;2021;18/1/2021;Lunes;15:00:00;;0.0;2;Moto/Ciclomotor,Automóvil;La Paz Y Pje Diego de Leiva;2;1;0;1;0;0;Calle;SANTA FE;La Capital;Asfalto;No existe;I;Dentro;Urbana;Otra Señal;No existe;Intersección;Bueno;Buena;Diurna;Buen Tiempo;De alcance,Múltiple;S/D;Colisión;Ninguna;Horizontal
454;2021;18/1/2021;Lunes;08:30:00;;0.0;2;Automóvil,Pickup/Utilitario;Amenábar Y Mariano Moreno;3;1;0;2;0;0;Calle;ROSARIO;Rosario;Asfalto;No existe;II;Dentro;Urbana;Otra Señal;No existe;Paso a Nivel FFCC;Bueno;Buena;Diurna;Buen Tiempo;De alcance,Múltiple;S/D;Colisión;Ninguna;Faltante
455;2021;18/1/2021;Lunes;09:00:00;;0.0;2;Moto/Ciclomotor,Automóvil;Av. Arijon Y Av. Corrientes;2;1;0;1;0;0;Avenida;ROSARIO;Rosario;Asfalto;No existe;II;S/D;Urbana;Otra Señal;Funciona;Intersección;Bueno;Buena;Diurna;Buen Tiempo;De alcance,Múltiple;S/D;Colisión;Ninguna;Horizontal,Vertical
456;2021;18/1/2021;Lunes;15:20:00;;0.0;2;Moto/Ciclomotor,Automóvil;L.N.Alem Y Garay;3;2;0;1;0;0;Calle;ROSARIO;Rosario;Asfalto;Pavimento;II;S/D;Urbana;Otra Señal;S/D;Intersección;Bueno;Buena;Diurna;Buen Tiempo;De alcance,Múltiple;S/D;Colisión;Ninguna;S/D
457;2021;18/1/2021;Lunes;12:00:00;;0.0;2;Moto/Ciclomotor,Taxi/Remis;Ocampo Y Sarmiento;2;1;0;0;0;1;Calle;ROSARIO;Rosario;Asfalto;No existe;II;Dentro;Urbana;Otra Señal;No existe;Intersección;Bueno;Buena;Diurna;Buen Tiempo;De alcance,Múltiple;S/D;Colisión;Ninguna;Faltante
458;2021;18/1/2021;Lunes;15:45:00;;0.0;2;Moto/Ciclomotor,Automóvil;Mitre Y San Lorenzo;2;1;0;0;0;1;Calle;ROSARIO;Rosario;Asfalto;No existe;II;Dentro;Urbana;Otra Señal;No existe;Intersección;Bueno;Buena;Diurna;Buen Tiempo;De alcance,Múltiple;S/D;Colisión;Ninguna;Horizontal
459;2021;18/1/2021;Lunes;11:00:00;;0.0;2;Moto/Ciclomotor,Taxi/Remis;Montevideo Y Sarmiento;2;1;0;1;0;0;Calle;ROSARIO;Rosario;Asfalto;S/D;II;S/D;Urbana;Otra Señal;S/D;Intersección;S/D;S/D;Diurna;S/D;De alcance,Múltiple;S/D;Colisión;S/D;S/D
460;2021;18/1/2021;Lunes;00:10:00;;0.0;1;Moto/Ciclomotor;Dorrego 300;2;2;0;0;0;0;Calle;FRAY LUIS BELTRÁN;San Lorenzo;Asfalto;Pavimento;XVII;S/D;Urbana;Otra Señal;No existe;Recta;Bueno;S/D;Nocturna;S/D;De alcance,Múltiple;S/D;Colisión;S/D;Faltante
461;2021;18/1/2021;Lunes;07:00:00;Ruta Provincial 1;1.0;2;Pickup/Utilitario,Moto/Ciclomotor; ;2;1;0;1;0;0;Ruta;COLASTINE;La Capital;Asfalto;No existe;I;S/D;Urbana;Otra Señal;Funciona;Recta;Bueno;Buena;Diurna;Buen Tiempo;De alcance,Múltiple;S/D;Colisión;Ninguna;Vertical
462;2021;18/1/2021;Lunes;08:05:00;;0.0;2;Otros,Otros;9 de Julio Y Tucumán;2;0;0;0;0;2;Calle;SANTA FE;La Capital;S/D;S/D;I;S/D;Urbana;Otra Señal;S/D;Intersección;S/D;S/D;Amanecer;S/D;De alcance,Múltiple;S/D;Colisión;S/D;S/D
463;2021;18/1/2021;Lunes;05:15:00;;0.0;2;Bicicleta,Automóvil;Soldado Aguirre Y Liniers;2;1;0;1;0;0;Calle;VILLA GOBERNADOR GÁLVEZ;Rosario;Asfalto,Tierra;Ripio;II;S/D;Urbana;Otra Señal;No existe;Intersección;Bueno;Buena;Nocturna;Buen Tiempo;De alcance,Múltiple;Ciclista;Colisión;Material Suelto;Faltante
464;2021;18/1/2021;Lunes;15:30:00;;0.0;2;Transporte de Pasajeros Urbano (> 8 asientos),Moto/Ciclomotor;Tarragona Y Fresno;2;1;0;1;0;0;Calle;ROSARIO;Rosario;Asfalto;No existe;II;Dentro;Urbana;Otra Señal;No existe;Intersección;S/D;S/D;Diurna;S/D;De alcance,Múltiple;S/D;Colisión;S/D;Faltante
465;2021;18/1/2021;Lunes;19:45:00;;0.0;2;Moto/Ciclomotor,Pickup/Utilitario;Santiago Y Centeno;2;1;0;1;0;0;Calle;ROSARIO;Rosario;Asfalto;Pavimento;II;Dentro;Urbana;Otra Señal;No existe;Intersección;Bueno;Buena;Atardecer;Buen Tiempo;De alcance,Múltiple;S/D;Colisión;Ninguna;Faltante
466;2021;18/1/2021;Lunes;19:00:00;;0.0;2;Pickup/Utilitario,Bicicleta;Adolfo Albrech 1900;2;1;0;1;0;0;Calle;FRANCK;Las Colonias;Asfalto;Pavimento;XI;S/D;Urbana;Otra Señal;No existe;Recta;Bueno;Buena;Diurna;Buen Tiempo;De alcance,Múltiple;Ciclista;Colisión;Ninguna;Vertical
467;2021;18/1/2021;Lunes;;;0.0;2;Automóvil,Moto/Ciclomotor;San Luis Y Sarmiento;2;1;0;1;0;0;Calle;SAN CARLOS CENTRO;Las Colonias;Ripio;Natural;XI;Dentro;Urbana;Otra Señal;No existe;Intersección;Bueno;Buena;Diurna;Buen Tiempo;De alcance,Múltiple;S/D;Colisión;Ninguna;Faltante
468;2021;18/1/2021;Lunes;20:45:00;;0.0;2;Moto/Ciclomotor,Automóvil;Marcos Avellaneda Y General Paz;4;2;0;0;0;2;Calle;ESPERANZA;Las Colonias;Asfalto;No existe;XI;S/D;Urbana;Otra Señal;S/D;Intersección;Bueno;Buena;Nocturna;Buen Tiempo;De alcance,Múltiple;S/D;Colisión;Ninguna;S/D
469;2021;18/1/2021;Lunes;12:00:00;;0.0;2;Moto/Ciclomotor,Automóvil;Javier de la Rosa Y Candioti;2;0;0;1;0;1;Calle;SANTA FE;La Capital;S/D;S/D;I;Dentro;Urbana;Otra Señal;No existe;Intersección;S/D;S/D;Diurna;S/D;De alcance,Múltiple;S/D;Colisión;Fluidos;Faltante
470;2021;18/1/2021;Lunes;14:00:00;;0.0;2;Bicicleta,Automóvil;Av. Facundo Zuviria Y Padre Genesio;2;1;0;1;0;0;Avenida;SANTA FE;La Capital;Asfalto;S/D;I;Dentro;Urbana;Otra Señal;No existe;Intersección;Bueno;Buena;Diurna;Buen Tiempo;De alcance,Múltiple;Ciclista;Colisión;Ninguna;S/D
471;2021;18/1/2021;Lunes;18:20:00;;0.0;2;Pickup/Utilitario,Moto/Ciclomotor;9 de Julio Y Salta;2;1;0;1;0;0;Avenida;SANTA FE;La Capital;Asfalto;Natural;I;S/D;Urbana;Otra Señal;No existe;Intersección;Bueno;Buena;Atardecer;Buen Tiempo;De alcance,Múltiple;S/D;Colisión;Ninguna;Faltante
472;2021;18/1/2021;Lunes;15:30:00;;0.0;2;Taxi/Remis,Bicicleta;25 de Mayo Y Gdor. Crespo;2;1;0;1;0;0;Calle;SANTA FE;La Capital;Asfalto;Pavimento;I;Dentro;Urbana;Otra Señal;No existe;Intersección;Bueno;Buena;Diurna;Buen Tiempo;De alcance,Múltiple;Ciclista;Colisión;Ninguna;Faltante
473;2021;18/1/2021;Lunes;;Ruta Nacional 11;133.0;2;Bicicleta,Automóvil; ;2;1;0;1;0;0;Ruta;SAUCE VIEJO;La Capital;S/D;S/D;I;S/D;Urbana;Otra Señal;S/D;Intersección;S/D;S/D;S/D;S/D;De alcance,Múltiple;Ciclista;Colisión;S/D;S/D
474;2021;18/1/2021;Lunes;;;0.0;2;Moto/Ciclomotor,Moto/Ciclomotor;Roque Sáenz PEÑA Y 25 de Mayo;3;3;0;0;0;0;Calle;CALCHAQUÍ;Vera;S/D;S/D;XIX;S/D;Urbana;Otra Señal;S/D;Intersección;S/D;S/D;S/D;S/D;De alcance,Múltiple;S/D;Colisión;S/D;S/D
475;2021;18/1/2021;Lunes;09:50:00;;0.0;2;Moto/Ciclomotor,Automóvil;Calle 33-Pueyrredon Y Calle 18-Belgrano;2;1;0;1;0;0;Calle;RECONQUISTA;General Obligado;S/D;S/D;IX;S/D;Urbana;Otra Señal;S/D;Intersección;S/D;S/D;Diurna;S/D;De alcance,Múltiple;S/D;Colisión;S/D;S/D
476;2021;18/1/2021;Lunes;;Ruta Nacional 11;17.0;1;Automóvil; ;4;4;0;0;0;0;Ruta;SAN LORENZO;San Lorenzo;S/D;S/D;XVII;S/D;Urbana;Otra Señal;S/D;Intersección;S/D;S/D;S/D;S/D;De alcance,Múltiple;S/D;Colisión;S/D;S/D
477;2021;18/1/2021;Lunes;14:32:00;;0.0;2;Transporte de Pasajeros Urbano (> 8 asientos),Automóvil;Italia Y Carlos Pellegrini;3;1;0;2;0;0;Calle;VENADO TUERTO;General LÓPEZ;S/D;S/D;VIII;S/D;Urbana;Otra Señal;S/D;Intersección;S/D;S/D;Diurna;S/D;De alcance,Múltiple;S/D;Colisión;S/D;S/D
478;2021;18/1/2021;Lunes;11:05:00;;0.0;2;Peatón,Pickup/Utilitario;Maipú Y Casey;2;1;0;1;0;0;Calle;VENADO TUERTO;General LÓPEZ;S/D;S/D;VIII;S/D;Urbana;Otra Señal;S/D;Intersección;S/D;S/D;Diurna;S/D;De alcance,Múltiple;Peatón;Colisión;S/D;S/D
479;2021;18/1/2021;Lunes;00:05:00;;0.0;1;Moto/Ciclomotor;Córdoba ;1;1;0;0;0;0;S/D;ROSARIO;Rosario;Asfalto;S/D;II;Dentro;Urbana;Otra Señal;S/D;Intersección;S/D;S/D;Nocturna;S/D;Múltiple;S/D;Colisión;S/D;S/D
480;2021;18/1/2021;Lunes;22:00:00;;0.0;1;Bicicleta; ;1;1;0;0;0;0;Calle;ROSARIO;Constitución;S/D;S/D;II;Dentro;Urbana;Otra Señal;S/D;Intersección;S/D;S/D;S/D;S/D;Múltiple;Ciclista;Colisión;S/D;S/D
481;2021;18/1/2021;Lunes;;;0.0;1;Moto/Ciclomotor; ;1;1;0;0;0;0;Calle;ROSARIO;Constitución;S/D;S/D;II;Dentro;Urbana;Otra Señal;S/D;Intersección;S/D;S/D;S/D;S/D;Múltiple;S/D;Colisión;S/D;S/D
482;2021;18/1/2021;Lunes;00:00:00;;0.0;1;Bicicleta;Mendoza Y F.More;1;1;0;0;0;0;Calle;ROSARIO;Constitución;Asfalto;No existe;II;Dentro;Urbana;Otra Señal;No existe;Intersección;Bueno;S/D;Nocturna;S/D;Múltiple;S/D;Colisión;Ninguna;Horizontal
483;2021;18/1/2021;Lunes;00:00:00;;0.0;1;Moto/Ciclomotor; ;1;1;0;0;0;0;Calle;ROSARIO;Constitución;S/D;S/D;II;Dentro;Urbana;Otra Señal;S/D;Intersección;S/D;S/D;Nocturna;S/D;Múltiple;S/D;Colisión;S/D;S/D
484;2021;18/1/2021;Lunes;18:00:00;;0.0;1;Moto/Ciclomotor;Bv. Seguí Y Pje. Espinillo;1;1;0;0;0;0;Calle;ROSARIO;Constitución;Asfalto;No existe;II;Dentro;Urbana;Otra Señal;No existe;Intersección;Bueno;S/D;Diurna;S/D;Múltiple;S/D;Colisión;Ninguna;Faltante
485;2021;18/1/2021;Lunes;07:50:00;Autopista Nacional 9;275.0;1;Moto/Ciclomotor; ;2;1;0;0;0;0;Autopista;ROSARIO;Constitución;Asfalto;Natural;II;S/D;Urbana;Otra Señal;No existe;Intersección;Bueno;Buena;Diurna;Buen Tiempo;Múltiple;S/D;Colisión;Ninguna;Vertical
486;2021;19/1/2021;Martes;20:05:00;;0.0;2;Peatón,Automóvil;San Martin Y Av. Uriburu;2;1;0;1;0;0;Avenida;ROSARIO;Rosario;Asfalto;No existe;II;Dentro;Urbana;Otra Señal;Funciona;Intersección;Bueno;Reducida p/ objetos;Atardecer,Con luz artificial;Buen Tiempo;De alcance,Múltiple;Peatón;Colisión;Ninguna;Horizontal,Vertical
487;2021;19/1/2021;Martes;16:00:00;;0.0;2;Automóvil,Moto/Ciclomotor;3 De Febrero Y Italia;2;1;0;1;0;0;Calle;ROSARIO;Rosario;Asfalto;No existe;II;Dentro;Urbana;Otra Señal;No existe;Intersección;Bueno;Buena;Diurna;Buen Tiempo;De alcance,Múltiple;S/D;Colisión;Ninguna;Horizontal
488;2021;19/1/2021;Martes;16:30:00;;0.0;2;Vehículo Oficial,Automóvil;Alvear Y Salta;2;1;0;1;0;0;Calle;ROSARIO;Rosario;Asfalto;No existe;II;Dentro;Urbana;Otra Señal;Funciona;Intersección;Bueno;Buena;Diurna;Buen Tiempo;De alcance,Múltiple;S/D;Colisión;Ninguna;Horizontal
489;2021;19/1/2021;Martes;17:40:00;;0.0;2;Vehículo Oficial,Automóvil;Av. Pellegrini Y Italia;3;0;0;2;0;1;Calle;ROSARIO;Rosario;Asfalto;No existe;II;Dentro;Urbana;Otra Señal;Funciona;Intersección;Bueno;Buena;Diurna;Buen Tiempo;De alcance,Múltiple;S/D;Colisión;Ninguna;Horizontal
490;2021;19/1/2021;Martes;12:30:00;;0.0;1;Moto/Ciclomotor;Iriondo Y San Lorenzo;1;1;0;0;0;0;Calle;RICARDONE;San Lorenzo;Ripio;Ripio;XVII;Dentro;Urbana;Otra Señal;No existe;Intersección;Otro;Buena;Diurna;Buen Tiempo;De alcance,Múltiple;S/D;Colisión;Ninguna;S/D
491;2021;19/1/2021;Martes;;;0.0;2;Moto/Ciclomotor,Moto/Ciclomotor; ;2;1;0;1;0;0;S/D;LAS PAREJAS;Belgrano;S/D;S/D;III;S/D;S/D;Otra Señal;S/D;Intersección;S/D;S/D;S/D;S/D;De alcance,Múltiple;S/D;Colisión;S/D;S/D
492;2021;19/1/2021;Martes;12:00:00;;0.0;2;Pickup/Utilitario,Moto/Ciclomotor;Padilla Y San Jerónimo;2;1;0;1;0;0;Calle;SANTA FE;La Capital;Hormigón;No existe;I;Dentro;Urbana;Otra Señal;No existe;Intersección;Bueno;Buena;Nocturna;Buen Tiempo;De alcance,Múltiple;S/D;Colisión;Ninguna;S/D
493;2021;19/1/2021;Martes;19:10:00;;0.0;2;Moto/Ciclomotor,Taxi/Remis;J.J.Paso Y Barra;2;1;0;1;0;0;Calle;ROSARIO;Rosario;Asfalto;No existe;II;Dentro;Urbana;Otra Señal;No existe;Intersección;Bueno;Buena;Atardecer;Buen Tiempo;De alcance,Múltiple;S/D;Colisión;Ninguna;Faltante
494;2021;19/1/2021;Martes;10:30:00;;0.0;2;Moto/Ciclomotor,Automóvil;Bv. Oroño Y Lamadrid;2;1;0;1;0;0;Avenida;ROSARIO;Rosario;Asfalto;Pavimento;II;Dentro;Urbana;Otra Señal;Funciona;Intersección;Bueno;Buena;Diurna;Buen Tiempo;De alcance,Múltiple;S/D;Colisión;Ninguna;Vertical
495;2021;19/1/2021;Martes;17:20:00;;0.0;2;Automóvil,Moto/Ciclomotor;Mariano Moreno 2300;2;1;0;1;0;0;Calle;ESPERANZA;Las Colonias;Asfalto;No existe;XI;S/D;Urbana;Otra Señal;S/D;Intersección;Bueno;Buena;Atardecer;Buen Tiempo;De alcance,Múltiple;S/D;Colisión;Ninguna;S/D