ID_Accidente;A�o;Fecha;Dia;Hopra;Ruta/Autop;km;Participantes;Tipo;Lugar;Total;Heridos Leves;Heridos Graves;Ilesos;Fallecidos;Sin datos;desc_tipo_via;desc_loc;desc_dpto;|;desc_tipo_banquina;desc_unidad_regional;desc_lugar_calzada;desc_zona;desc_prioridad;desc_estado_semaforo;desc_lugar_via;desc_estado_via;desc_estado_visibilidad;desc_luminosidad;desc_estado_clima;desc_tipo_colision;desc_tipo_atropello;desc_tipo_hecho;desc_pres_calzada;desc_senializacion
496;2021;19/1/2021;Martes;20:20:00;;0.0;1;Moto/Ciclomotor;Domingo Faustino Sarmiento Y Berutti;1;1;0;0;0;0;Calle;ESPERANZA;Las Colonias;Asfalto;No existe;XI;S/D;Urbana;Otra Señal;S/D;Intersección;Bueno;Buena;Atardecer;Buen Tiempo;De alcance,Múltiple;S/D;Colisión;Ninguna;S/D
497;2021;19/1/2021;Martes;19:20:00;;0.0;2;Bicicleta,Automóvil;Pavón 250;3;1;0;2;0;0;Calle;SANTA FE;La Capital;S/D;S/D;I;S/D;Urbana;Otra Señal;No existe;Intersección;S/D;Reducida;Atardecer;S/D;De alcance,Múltiple;Ciclista;Colisión;S/D;Faltante
498;2021;19/1/2021;Martes;21:20:00;;0.0;2;Moto/Ciclomotor,Pickup/Utilitario;Alvear Y Quintana;3;2;0;1;0;0;Calle;SANTA FE;La Capital;Asfalto;No existe;I;Dentro;Urbana;Otra Señal;No existe;Intersección;Bueno;Reducida;Nocturna;Buen Tiempo;De alcance,Múltiple;S/D;Colisión;Ninguna;S/D
499;2021;19/1/2021;Martes;17:00:00;;0.0;2;Moto/Ciclomotor,Pickup/Utilitario;Padilla Y Necochea;2;1;0;1;0;0;Calle;SANTA FE;La Capital;Asfalto;No existe;I;Dentro;Urbana;Otra Señal;No existe;Intersección;Bueno;Buena;Diurna;Buen Tiempo;De alcance,Múltiple;S/D;Colisión;Ninguna;S/D
500;2021;19/1/2021;Martes;19:30:00;;0.0;2;Automóvil,Bicicleta;9 de Julio Y Juan de Garay;2;1;0;1;0;0;Calle;SANTA FE;La Capital;Asfalto;Pavimento;I;Dentro;Urbana;Otra Señal;Funciona;Intersección;Bueno;Buena;Atardecer;Buen Tiempo;De alcance,Múltiple;Ciclista;Colisión;Ninguna;Faltante
501;2021;19/1/2021;Martes;19:40:00;;0.0;2;Moto/Ciclomotor,Vehículo Oficial;Domingo Faustino Sarmiento Y Av. Eva Perón;4;2;0;2;0;0;Avenida;VENADO TUERTO;General LÓPEZ;S/D;S/D;VIII;S/D;Urbana;Otra Señal;S/D;Intersección;S/D;S/D;Atardecer;S/D;De alcance,Múltiple;S/D;Colisión;S/D;S/D
502;2021;19/1/2021;Martes;16:45:00;;0.0;2;Moto/Ciclomotor,Automóvil;Av. De Las Palmeras Y Cno Limite de Municipio;2;1;0;1;0;0;Calle;ROSARIO;Rosario;S/D;S/D;II;S/D;Urbana;Otra Señal;S/D;Intersección;S/D;S/D;Diurna;S/D;De alcance,Múltiple;S/D;Colisión;S/D;S/D
503;2021;19/1/2021;Martes;09:10:00;Autopista Provincial Brigadier E.LÓPEZ;58.0;2;Automóvil,Automóvil; ;2;2;0;0;0;0;Autopista;MACIEL;San JERÓNIMO;S/D;S/D;XV;S/D;Rural;Otra Señal;S/D;Intersección;S/D;S/D;Diurna;S/D;De alcance,Múltiple;S/D;Colisión;S/D;S/D
504;2021;19/1/2021;Martes;17:50:00;;0.0;2;Moto/Ciclomotor,Automóvil;Bartolomé Mitre Y Bv General Obligado;2;1;0;1;0;0;Avenida;VILLA OCAMPO;General Obligado;S/D;S/D;IX;S/D;Urbana;Otra Señal;S/D;Intersección;S/D;S/D;Diurna;S/D;De alcance,Múltiple;S/D;Colisión;S/D;S/D
505;2021;19/1/2021;Martes;;Ruta Nacional 11;614.0;2;Moto/Ciclomotor,Camión; ;2;1;0;1;0;0;Ruta;FLORENCIA;General Obligado;S/D;S/D;IX;S/D;Urbana;Otra Señal;S/D;Intersección;S/D;S/D;S/D;S/D;De alcance,Múltiple;S/D;Colisión;S/D;S/D
506;2021;19/1/2021;Martes;;Ruta Nacional 11;475.0;2;Bicicleta,Automóvil; ;2;1;0;1;0;0;Ruta;RECONQUISTA;General Obligado;S/D;S/D;IX;S/D;Urbana;Otra Señal;S/D;Intersección;S/D;S/D;Atardecer;S/D;De alcance,Múltiple;Ciclista;Colisión;S/D;S/D
507;2021;19/1/2021;Martes;17:40:00;;0.0;1;Bicicleta;San Luis Y Bv. Avellaneda;1;1;0;0;0;0;Calle;ROSARIO;Constitución;Asfalto;No existe;II;Dentro;Urbana;Otra Señal;No existe;Intersección;Bueno;S/D;Diurna;S/D;Múltiple;S/D;Colisión;Ninguna;Horizontal,Vertical
508;2021;19/1/2021;Martes;17:55:00;;0.0;1;Moto/Ciclomotor;San Nicolas ;1;1;0;0;0;0;Calle;ROSARIO;Constitución;S/D;S/D;II;Dentro;Urbana;Otra Señal;S/D;Intersección;S/D;S/D;Diurna;S/D;Múltiple;S/D;Colisión;S/D;S/D
509;2021;19/1/2021;Martes;06:30:00;;0.0;1;Moto/Ciclomotor; ;1;1;0;0;0;0;S/D;FUNES;Constitución;S/D;S/D;II;S/D;Urbana;Otra Señal;S/D;Intersección;S/D;S/D;Nocturna;S/D;Múltiple;S/D;Colisión;S/D;S/D
510;2021;19/1/2021;Martes;18:25:00;;0.0;2;Moto/Ciclomotor,Moto/Ciclomotor;Iturraspe Y Av. Pte. Perón;3;2;0;0;0;0;Avenida;SANTA FE;Constitución;Hormigón;Ripio;I;Dentro;Urbana;Otra Señal;Funciona;Intersección;Bueno;Buena;Diurna;Buen Tiempo;Múltiple;S/D;Colisión;Agua;Horizontal
511;2021;19/1/2021;Martes;15:40:00;;0.0;2;Moto/Ciclomotor,Taxi/Remis;Rioja Y Sarmiento;2;0;0;1;0;0;Calle;ROSARIO;Constitución;Hormigón;No existe;II;Dentro;Urbana;Otra Señal;S/D;Intersección;Bueno;Buena;Diurna;Buen Tiempo;Múltiple;S/D;Colisión;Ninguna;Horizontal
512;2021;19/1/2021;Martes;18:00:00;;0.0;2;Moto/Ciclomotor,Automóvil;Calle 10 Y Calle 23;2;0;0;1;0;0;Calle;LAS TOSCAS;Constitución;S/D;S/D;IX;S/D;Urbana;Otra Señal;S/D;Intersección;S/D;S/D;Atardecer;S/D;Múltiple;S/D;Colisión;S/D;S/D
513;2021;20/1/2021;Miercoles;07:30:00;Ruta Provincial 2;0.0;1;Moto/Ciclomotor;Av. Córdoba Y Av. L de la Torre;2;1;0;1;0;0;Ruta;LAGUNA PAIVA;La Capital;Asfalto;No existe;I;S/D;Urbana;Ninguna;No existe;Intersección;Bueno;Buena;Diurna;Buen Tiempo;Atropello animal;S/D;Colisión;Ninguna;Faltante
514;2021;20/1/2021;Miercoles;22:00:00;;0.0;2;Moto/Ciclomotor,Moto/Ciclomotor;Av. Gral. López Y Saavedra;2;2;0;0;0;0;Avenida;SANTA FE;La Capital;Asfalto;Pavimento;I;S/D;Urbana;Otra Señal;No existe;Intersección;Bueno;Buena;Nocturna,Con luz artificial;Buen Tiempo;De alcance,Múltiple;S/D;Colisión;Ninguna;Vertical
515;2021;20/1/2021;Miercoles;16:00:00;;0.0;2;Moto/Ciclomotor,Automóvil;San Martin Y Patricios;2;1;0;1;0;0;Avenida;ROSARIO;Rosario;Asfalto;S/D;II;S/D;Urbana;Otra Señal;S/D;Intersección;Bueno;Buena;Diurna;S/D;De alcance,Múltiple;S/D;Colisión;S/D;S/D
516;2021;20/1/2021;Miercoles;16:00:00;;0.0;2;Vehículo Oficial,Pickup/Utilitario;Cochabamba Y Dorrego;3;1;0;2;0;0;Calle;ROSARIO;Rosario;S/D;S/D;II;S/D;Urbana;Otra Señal;S/D;Intersección;S/D;S/D;Diurna;Buen Tiempo;De alcance,Múltiple;S/D;Colisión;S/D;S/D
517;2021;20/1/2021;Miercoles;19:20:00;Autopista Nacional A008;23.0;1;Taxi/Remis; ;4;2;0;2;0;0;Autopista;VILLA GOBERNADOR GÁLVEZ;Rosario;Asfalto;No existe;II;Dentro;Urbana;Otra Señal;No existe;Intersección;Bueno;Buena;Nocturna,Con luz artificial;Buen Tiempo;De alcance,Múltiple;S/D;Colisión;Ninguna;Faltante
518;2021;20/1/2021;Miercoles;12:40:00;Autopista Nacional A008;0.0;2;Pickup/Utilitario,Moto/Ciclomotor;Mendoza Y Av. Circunvalación;2;1;0;1;0;0;Autopista;ROSARIO;Rosario;Asfalto;S/D;II;S/D;Urbana;Otra Señal;S/D;Intersección;Bueno;Buena;Diurna;Buen Tiempo;De alcance,Múltiple;S/D;Colisión;Ninguna;S/D
519;2021;20/1/2021;Miercoles;;;0.0;2;Automóvil,Automóvil;Belgrano Y Tte. roca;2;0;0;1;0;1;Calle;SAN LORENZO;San Lorenzo;S/D;S/D;XVII;S/D;Urbana;Otra Señal;S/D;Intersección;S/D;S/D;S/D;S/D;De alcance,Múltiple;S/D;Colisión;S/D;S/D
520;2021;20/1/2021;Miercoles;08:30:00;;0.0;2;Automóvil,Moto/Ciclomotor;Pio Domingo Chiodi Y José Cuffia;2;1;0;1;0;0;Calle;ARMSTRONG;Belgrano;Asfalto;Pavimento;III;S/D;Urbana;Otra Señal;No existe;Intersección;Bueno;Buena;Diurna;Buen Tiempo;De alcance,Múltiple;S/D;Colisión;Ninguna;Vertical
521;2021;20/1/2021;Miercoles;16:40:00;Ruta Secundaria 28-s;87.0;1;Pickup/Utilitario; ;1;1;0;0;0;0;Ruta;MONTES DE OCA;Belgrano;Tierra;No existe;III;Fuera;Rural;Otra Señal;No existe;Intersección;Otro;Buena;Diurna;Buen Tiempo;De alcance,Múltiple;S/D;Colisión;Ninguna;Faltante
522;2021;20/1/2021;Miercoles;00:20:00;;0.0;2;Automóvil,Moto/Ciclomotor;Av. Facundo Zuviria Y Domingo Silva;2;1;0;1;0;0;Avenida;SANTA FE;La Capital;Asfalto;No existe;I;Dentro;Urbana;Otra Señal;No existe;Intersección;Bueno;Buena;Nocturna,Con luz artificial;Buen Tiempo;De alcance,Múltiple;S/D;Colisión;Ninguna;Horizontal
523;2021;20/1/2021;Miercoles;12:50:00;;0.0;2;Automóvil,Moto/Ciclomotor;Av. Galicia Y Alberdi;2;1;0;1;0;0;Avenida;SANTA FE;La Capital;Asfalto;No existe;I;S/D;Urbana;Otra Señal;No existe;Intersección;Bueno;Buena;Diurna;Buen Tiempo;De alcance,Múltiple;S/D;Colisión;Ninguna;Vertical
524;2021;20/1/2021;Miercoles;18:05:00;;0.0;2;Moto/Ciclomotor,Automóvil;Gral. Juan Lavalle Y Juan José Castelli;3;1;0;2;0;0;Calle;SANTO TOMÉ;La Capital;Ripio;Ripio;I;Dentro;Urbana;Otra Señal;No existe;Intersección;Bueno;Buena;Diurna;Buen Tiempo;De alcance,Múltiple;S/D;Colisión;Ninguna;Faltante
525;2021;20/1/2021;Miercoles;22:00:00;;0.0;2;Moto/Ciclomotor,Automóvil;Iguazú 183;2;1;0;1;0;0;Calle;ROSARIO;Rosario;Asfalto;No existe;II;Dentro;Urbana;Otra Señal;No existe;Intersección;Bueno;S/D;Nocturna;Buen Tiempo;De alcance,Múltiple;S/D;Colisión;S/D;S/D
526;2021;20/1/2021;Miercoles;18:30:00;;0.0;2;Bicicleta,Automóvil;Av. Los Talas Y El Jilguero;2;1;0;1;0;0;Calle;PEREZ;Rosario;Asfalto;No existe;II;S/D;Urbana;Otra Señal;No existe;Intersección;Deteriorada;Buena;Diurna;Buen Tiempo;De alcance,Múltiple;Ciclista;Colisión;Ninguna;S/D
527;2021;20/1/2021;Miercoles;12:05:00;;0.0;2;Automóvil,Moto/Ciclomotor;Ugarteche Y Cam De Las Carretas;2;2;0;0;0;0;Calle;ROSARIO;Rosario;Asfalto;S/D;II;S/D;Urbana;Otra Señal;S/D;Intersección;Bueno;Buena;Diurna;Buen Tiempo;De alcance,Múltiple;S/D;Colisión;Ninguna;S/D
528;2021;20/1/2021;Miercoles;17:00:00;;0.0;2;Peatón,Moto/Ciclomotor;Ocampo Y Camilo Aldao;2;1;0;1;0;0;Calle;ROSARIO;Rosario;Asfalto;Pavimento;II;Dentro;Urbana;Otra Señal;No existe;Intersección;Bueno;Buena;Diurna;Buen Tiempo;De alcance,Múltiple;Peatón;Colisión;Ninguna;Faltante
529;2021;20/1/2021;Miercoles;00:50:00;Ruta Provincial 10;210.0;1;Moto/Ciclomotor; ;1;1;0;0;0;0;Ruta;FELICIA;Las Colonias;Asfalto;Natural;XI;S/D;Rural;Otra Señal;S/D;Intersección;Bueno;Buena;Nocturna;Buen Tiempo;De alcance,Múltiple;S/D;Colisión;Ninguna;Horizontal
530;2021;20/1/2021;Miercoles;20:30:00;;0.0;2;Moto/Ciclomotor,Automóvil;Córdoba 900;2;1;0;1;0;0;Calle;SAN CARLOS CENTRO;Las Colonias;Ripio;No existe;XI;Dentro;Urbana;Otra Señal;No existe;Intersección;Bueno;Buena;Atardecer;Buen Tiempo;De alcance,Múltiple;S/D;Colisión;Ninguna;Vertical
531;2021;20/1/2021;Miercoles;20:10:00;;0.0;2;Pickup/Utilitario,Moto/Ciclomotor;Necochea Y Ricardo Aldao;3;2;0;1;0;0;Calle;SANTA FE;La Capital;Asfalto;No existe;I;Dentro;Urbana;Otra Señal;No existe;Intersección;Bueno;Reducida;Nocturna;Buen Tiempo;De alcance,Múltiple;S/D;Colisión;Ninguna;S/D
532;2021;20/1/2021;Miercoles;13:20:00;;0.0;2;Moto/Ciclomotor,Taxi/Remis;J M Zuviria Y Alvear;2;1;0;1;0;0;Calle;SANTA FE;La Capital;Asfalto;No existe;I;Dentro;Urbana;Otra Señal;No existe;Intersección;Bueno;Buena;Diurna;Buen Tiempo;De alcance,Múltiple;S/D;Colisión;Ninguna;S/D
533;2021;20/1/2021;Miercoles;17:00:00;;0.0;2;Automóvil,Moto/Ciclomotor;Candioti Y Necochea;2;1;0;1;0;0;Calle;SANTA FE;La Capital;Asfalto;No existe;I;Dentro;Urbana;Otra Señal;Funciona;Intersección;Bueno;S/D;Diurna;S/D;De alcance,Múltiple;S/D;Colisión;S/D;S/D
534;2021;20/1/2021;Miercoles;19:15:00;;0.0;2;Automóvil,Moto/Ciclomotor;San Jerónimo Y Monseñor Zaspe;2;1;0;1;0;0;Calle;SANTA FE;La Capital;Asfalto;Pavimento;I;Dentro;Urbana;Otra Señal;No existe;Intersección;Bueno;Buena;Atardecer;Buen Tiempo;De alcance,Múltiple;S/D;Colisión;Ninguna;Faltante
535;2021;20/1/2021;Miercoles;21:50:00;;0.0;1;Moto/Ciclomotor;COLECTORA RN 34 ;1;0;0;0;1;0;Camino Rural;CENTENO;San JERÓNIMO;Tierra;S/D;XV;S/D;Rural;Otra Señal;S/D;Intersección;S/D;S/D;Nocturna;S/D;De alcance,Múltiple;S/D;Colisión;S/D;S/D
536;2021;20/1/2021;Miercoles;20:00:00;;0.0;2;Moto/Ciclomotor,Pickup/Utilitario;Av. Peñaloza Y Llerena;3;0;0;2;1;0;Avenida;SANTA FE;La Capital;Asfalto;No existe;I;S/D;Urbana;Otra Señal;No existe;Intersección;Bueno;S/D;Nocturna;S/D;De alcance,Múltiple;S/D;Colisión;Ninguna;Faltante
537;2021;20/1/2021;Miercoles;22:00:00;;0.0;2;Moto/Ciclomotor,Automóvil;San Martin 1115;2;1;0;1;0;0;Calle;ROSARIO;Rosario;S/D;S/D;II;S/D;Urbana;Otra Señal;S/D;Intersección;S/D;S/D;Nocturna;S/D;De alcance,Múltiple;S/D;Colisión;S/D;S/D
538;2021;20/1/2021;Miercoles;;Ruta Provincial 13;32.0;2;Otros,Automóvil; ;4;0;0;0;0;4;Ruta;EL TRÉBOL;San MARTÍN;S/D;S/D;XVIII;S/D;Urbana;Otra Señal;S/D;Intersección;S/D;S/D;S/D;S/D;De alcance,Múltiple;S/D;Colisión;S/D;S/D
539;2021;20/1/2021;Miercoles;;Autopista Nacional A008;0.0;2;Taxi/Remis,Automóvil;Av. Circunvalación Y Ayacucho;5;3;0;1;0;1;Autopista;ROSARIO;Rosario;S/D;S/D;II;S/D;Urbana;Otra Señal;S/D;Intersección;S/D;S/D;S/D;S/D;De alcance,Múltiple;S/D;Colisión;S/D;S/D
540;2021;20/1/2021;Miercoles;11:45:00;;0.0;2;Moto/Ciclomotor,Pickup/Utilitario;Calle 4 Y Calle 11;2;1;0;1;0;0;Calle;AVELLANEDA;General Obligado;S/D;S/D;IX;S/D;Urbana;Otra Señal;S/D;Intersección;S/D;S/D;Diurna;S/D;De alcance,Múltiple;S/D;Colisión;S/D;S/D
541;2021;20/1/2021;Miercoles;19:00:00;Ruta Provincial 40;5.0;2;Moto/Ciclomotor,Moto/Ciclomotor; ;3;3;0;0;0;0;Ruta;RECONQUISTA;General Obligado;S/D;S/D;IX;S/D;Rural;Otra Señal;S/D;Intersección;S/D;S/D;Atardecer;S/D;De alcance,Múltiple;S/D;Colisión;S/D;S/D
542;2021;20/1/2021;Miercoles;12:00:00;;0.0;2;Bicicleta,Camión;San Martin Y Ayolas;2;1;0;1;0;0;Calle;ROSARIO;Rosario;S/D;S/D;II;S/D;Urbana;Otra Señal;S/D;Intersección;S/D;S/D;Diurna;S/D;De alcance,Múltiple;Ciclista;Colisión;S/D;S/D
543;2021;20/1/2021;Miercoles;00:00:00;;0.0;1;Moto/Ciclomotor;Bv Roque Sáenz PEÑA 2536;1;1;0;0;0;0;Calle;SAN JUSTO;San Justo;S/D;S/D;XVI;S/D;Urbana;Otra Señal;S/D;Intersección;S/D;S/D;Nocturna;S/D;De alcance,Múltiple;S/D;Colisión;S/D;S/D
544;2021;20/1/2021;Miercoles;20:35:00;Ruta Nacional 168;4.0;1;Bicicleta; ;1;1;0;0;0;0;Ruta;SANTA FE;La Capital;S/D;S/D;I;S/D;Rural;Otra Señal;S/D;Intersección;S/D;S/D;Nocturna;S/D;De alcance,Múltiple;S/D;Colisión;S/D;S/D
545;2021;20/1/2021;Miercoles;21:00:00;;0.0;1;Moto/Ciclomotor;Sánchez de Bustamante ;1;1;0;0;0;0;Calle;ROSARIO;Constitución;S/D;S/D;II;Dentro;Urbana;Otra Señal;S/D;Intersección;S/D;S/D;Nocturna;S/D;Múltiple;S/D;Colisión;S/D;S/D
546;2021;20/1/2021;Miercoles;15:00:00;;0.0;1;Bicicleta;Riobamba ;1;1;0;0;0;0;Calle;ROSARIO;Constitución;S/D;S/D;II;Dentro;Urbana;Otra Señal;S/D;Intersección;S/D;S/D;Diurna;S/D;Múltiple;S/D;Colisión;S/D;S/D
547;2021;20/1/2021;Miercoles;10:00:00;;0.0;1;Moto/Ciclomotor;Tte.Agneta ;1;1;0;0;0;0;Calle;ROSARIO;Constitución;S/D;S/D;II;Dentro;Urbana;Otra Señal;S/D;Intersección;S/D;S/D;Diurna;S/D;Múltiple;S/D;Colisión;S/D;S/D
548;2021;20/1/2021;Miercoles;09:15:00;;0.0;2;Moto/Ciclomotor,Pickup/Utilitario;San Martin Y San Lorenzo;2;0;0;1;0;0;Calle;FRANCK;Constitución;Asfalto;No existe;XI;Dentro;Urbana;Otra Señal;No existe;Intersección;Bueno;Buena;Diurna;Buen Tiempo;Múltiple;S/D;Colisión;Ninguna;Vertical
549;2021;21/1/2021;Jueves;11:50:00;;0.0;2;Moto/Ciclomotor,Automóvil;San Martin Y J.M.Gutierrez;2;1;0;1;0;0;Calle;ROSARIO;Rosario;Asfalto;No existe;II;S/D;Urbana;Otra Señal;Funciona;Intersección;Bueno;Buena;Diurna;Buen Tiempo;De alcance,Múltiple;S/D;Colisión;Ninguna;Horizontal,Vertical
550;2021;21/1/2021;Jueves;19:30:00;;0.0;2;Moto/Ciclomotor,Automóvil;F.Frias Y Pje. Magnano;2;1;0;1;0;0;Calle;ROSARIO;Rosario;Asfalto;No existe;II;S/D;Urbana;Otra Señal;No existe;Intersección;Bueno;Buena;Atardecer;Buen Tiempo;De alcance,Múltiple;S/D;Colisión;Ninguna;Faltante
551;2021;21/1/2021;Jueves;08:00:00;;0.0;2;Automóvil,Moto/Ciclomotor;Moreno Y Monteagudo;2;1;0;1;0;0;Calle;FRAY LUIS BELTRÁN;San Lorenzo;Tierra;Ripio;XVII;S/D;Urbana;Otra Señal;No existe;Intersección;Con baches;S/D;Nocturna;S/D;De alcance,Múltiple;S/D;Colisión;Material Suelto;Faltante
552;2021;21/1/2021;Jueves;17:40:00;Ruta Provincial 23;46.0;2;Automóvil,Camión c / Acoplado; ;2;1;0;1;0;0;Ruta;VILLA TRINIDAD;San CRISTÓBAL;Asfalto;Natural;XIII;Dentro;Urbana;Otra Señal;No existe;Intersección;Bueno;Buena;Diurna;Buen Tiempo;De alcance,Múltiple;S/D;Colisión;Ninguna;Faltante
553;2021;21/1/2021;Jueves;21:20:00;;0.0;2;Moto/Ciclomotor,Automóvil;Güemes Y Juan B Alberdi;3;2;0;1;0;0;Calle;LAGUNA PAIVA;La Capital;Ripio;No existe;I;S/D;Urbana;Otra Señal;No existe;Intersección;Bueno;Buena;Nocturna,Con luz artificial;Buen Tiempo;De alcance,Múltiple;S/D;Colisión;Ninguna;Faltante
554;2021;21/1/2021;Jueves;07:45:00;;0.0;2;Bicicleta,Moto/Ciclomotor;Av. Pte. Perón Y Fray C Rodríguez;2;1;0;1;0;0;Avenida;SANTA FE;La Capital;Asfalto;No existe;I;Dentro;Urbana;Otra Señal;Funciona;Intersección;Bueno;Buena;Diurna;Buen Tiempo;De alcance,Múltiple;Ciclista;Colisión;Ninguna;Horizontal
555;2021;21/1/2021;Jueves;;;0.0;2;Moto/Ciclomotor,Automóvil;Av. López y Planes Y Iturraspe;2;1;0;1;0;0;Avenida;SANTA FE;La Capital;Asfalto;S/D;I;Dentro;Urbana;Otra Señal;Funciona;Intersección;Bueno;Buena;Diurna;Buen Tiempo;De alcance,Múltiple;S/D;Colisión;Ninguna;Horizontal
556;2021;21/1/2021;Jueves;19:50:00;;0.0;2;Automóvil,Moto/Ciclomotor;Av. Pte. Perón Y Bolivia;2;1;0;1;0;0;Avenida;SANTA FE;La Capital;Asfalto;No existe;I;S/D;Urbana;Otra Señal;Intermitente;Intersección;Bueno;Buena;Diurna;Buen Tiempo;De alcance,Múltiple;S/D;Colisión;Ninguna;Horizontal
557;2021;21/1/2021;Jueves;23:55:00;;0.0;2;Moto/Ciclomotor,Automóvil;F.More Bis Y Vélez Sarsfield;3;2;0;1;0;0;Calle;ROSARIO;Rosario;Asfalto;No existe;II;Dentro;Urbana;Otra Señal;No existe;Intersección;S/D;S/D;Nocturna;S/D;De alcance,Múltiple;S/D;Colisión;S/D;Faltante
558;2021;21/1/2021;Jueves;19:40:00;;0.0;2;Moto/Ciclomotor,Automóvil;Solís Y Gorriti;2;1;0;1;0;0;Calle;ROSARIO;Rosario;Asfalto;No existe;II;S/D;Urbana;Otra Señal;No existe;Intersección;Bueno;Buena;Diurna;S/D;De alcance,Múltiple;S/D;Colisión;S/D;Faltante
559;2021;21/1/2021;Jueves;12:00:00;;0.0;2;Moto/Ciclomotor,Automóvil;Av. Provincias Unidas Y Bielsa;2;1;0;1;0;0;Avenida;ROSARIO;Rosario;Asfalto;No existe;II;Dentro;Urbana;Otra Señal;No existe;Intersección;Bueno;Buena;Diurna;Buen Tiempo;De alcance,Múltiple;S/D;Colisión;Ninguna;Faltante
560;2021;21/1/2021;Jueves;;;0.0;2;Moto/Ciclomotor,Pickup/Utilitario;Ayacucho Y Belgrano;2;1;0;1;0;0;Calle;SANTA FE;La Capital;S/D;No existe;I;Dentro;Urbana;Otra Señal;No existe;Intersección;S/D;S/D;Diurna;S/D;De alcance,Múltiple;S/D;Colisión;Ninguna;Faltante
561;2021;21/1/2021;Jueves;02:00:00;;0.0;2;Moto/Ciclomotor,Vehículo Oficial;J.B.Justo 7600;3;1;0;1;1;0;Calle;ROSARIO;Rosario;S/D;S/D;II;S/D;Urbana;Otra Señal;S/D;Intersección;S/D;S/D;Nocturna;S/D;De alcance,Múltiple;S/D;Colisión;S/D;S/D
562;2021;21/1/2021;Jueves;;;0.0;2;Pickup/Utilitario,Moto/Ciclomotor; ;2;1;0;1;0;0;S/D;ESPERANZA;Las Colonias;S/D;S/D;XI;S/D;S/D;Otra Señal;S/D;Intersección;S/D;S/D;S/D;S/D;De alcance,Múltiple;S/D;Colisión;S/D;S/D
563;2021;21/1/2021;Jueves;19:15:00;;0.0;2;Moto/Ciclomotor,Pickup/Utilitario;ALVEAR Y LAVALLE;2;1;0;1;0;0;Calle;IRIGOYEN;San JERÓNIMO;S/D;S/D;XV;S/D;Urbana;Otra Señal;S/D;Intersección;S/D;S/D;Atardecer;S/D;De alcance,Múltiple;S/D;Colisión;S/D;S/D
564;2021;21/1/2021;Jueves;11:30:00;;0.0;2;Moto/Ciclomotor,Pickup/Utilitario;Santa Fe Y J B Justo;3;2;0;1;0;0;Calle;SUNCHALES;Castellanos;S/D;S/D;V;S/D;Urbana;Otra Señal;S/D;Intersección;S/D;S/D;Diurna;S/D;De alcance,Múltiple;S/D;Colisión;S/D;S/D
565;2021;21/1/2021;Jueves;;;0.0;3;Bicicleta,Bicicleta,Pickup/Utilitario;Roca Y Dentesano;3;2;0;1;0;0;Calle;SUNCHALES;Castellanos;S/D;S/D;V;S/D;Urbana;Otra Señal;S/D;Intersección;S/D;S/D;Atardecer;S/D;De alcance,Múltiple;Ciclista;Colisión;S/D;S/D
566;2021;21/1/2021;Jueves;19:00:00;Ruta Nacional 11;454.0;2;Automóvil,Automóvil; ;2;0;0;0;0;2;Ruta;SAUCE VIEJO;La Capital;S/D;S/D;I;S/D;Urbana;Otra Señal;S/D;Intersección;S/D;S/D;Atardecer;S/D;De alcance,Múltiple;S/D;Colisión;S/D;S/D
567;2021;21/1/2021;Jueves;18:50:00;;0.0;2;Automóvil,Bicicleta;Dentesano ;2;1;0;1;0;0;Calle;SUNCHALES;Castellanos;Asfalto;No existe;V;Dentro;Urbana;Otra Señal;No existe;Intersección;S/D;S/D;Diurna;Otro;Múltiple;Ciclista;Colisión;S/D;S/D
568;2021;21/1/2021;Jueves;22:40:00;;0.0;2;Moto/Ciclomotor,Moto/Ciclomotor;Centeno Y Beruti;2;1;0;0;0;0;Calle;ROSARIO;Constitución;Asfalto;No existe;II;Dentro;Urbana;Otra Señal;No existe;Intersección;Bueno;Buena;Nocturna;Buen Tiempo;Múltiple;S/D;Colisión;Ninguna;Faltante
569;2021;21/1/2021;Jueves;20:40:00;;0.0;2;Moto/Ciclomotor,Camión Chasis;Cochabamba Y Junín;2;0;0;1;0;0;Calle;SAN CRISTÓBAL;Constitución;Ripio;S/D;XIII;S/D;Urbana;Otra Señal;S/D;Intersección;Resbaladiza;Buena;Nocturna;Buen Tiempo;Múltiple;S/D;Colisión;S/D;S/D
570;2021;21/1/2021;Jueves;;;0.0;2;Moto/Ciclomotor,Automóvil;Alvear Y 12 de Octubre;2;0;0;1;0;0;Calle;TOSTADO;Constitución;S/D;S/D;XII;S/D;Urbana;Otra Señal;S/D;Intersección;S/D;S/D;S/D;S/D;Múltiple;S/D;Colisión;S/D;S/D
571;2021;22/1/2021;Viernes;14:10:00;;0.0;1;Moto/Ciclomotor;P Fournier 800;1;1;0;0;0;0;Calle;SAN LORENZO;San Lorenzo;Hormigón;No existe;XVII;S/D;Urbana;Otra Señal;No existe;Intersección;Bueno;Buena;Diurna;S/D;De alcance,Múltiple;S/D;Colisión;S/D;S/D
572;2021;22/1/2021;Viernes;19:00:00;;0.0;2;Automóvil,Moto/Ciclomotor;Av. Gral. López Y Saavedra;3;1;0;2;0;0;Avenida;SANTA FE;La Capital;Asfalto;Pavimento;I;S/D;Urbana;Otra Señal;No existe;Intersección;Bueno;Buena;Atardecer;Buen Tiempo;De alcance,Múltiple;S/D;Colisión;Ninguna;Vertical