ID_Accidente;A�o;Fecha;Dia;Hopra;Ruta/Autop;km;Participantes;Tipo;Lugar;Total;Heridos Leves;Heridos Graves;Ilesos;Fallecidos;Sin datos;desc_tipo_via;desc_loc;desc_dpto;|;desc_tipo_banquina;desc_unidad_regional;desc_lugar_calzada;desc_zona;desc_prioridad;desc_estado_semaforo;desc_lugar_via;desc_estado_via;desc_estado_visibilidad;desc_luminosidad;desc_estado_clima;desc_tipo_colision;desc_tipo_atropello;desc_tipo_hecho;desc_pres_calzada;desc_senializacion
573;2021;22/1/2021;Viernes;14:30:00;;0.0;2;Moto/Ciclomotor,Bicicleta;Av. Uriburu Y Pje. Humboldt;2;1;0;1;0;0;Calle;ROSARIO;Rosario;Asfalto;No existe;II;S/D;Urbana;Otra Señal;No existe;Intersección;Bueno;Buena;Diurna;Buen Tiempo;De alcance,Múltiple;Ciclista;Colisión;Ninguna;Faltante
574;2021;22/1/2021;Viernes;20:30:00;;0.0;2;Automóvil,Moto/Ciclomotor;Tucumán Y Paraguay;3;2;0;1;0;0;Calle;ROSARIO;Rosario;S/D;S/D;II;S/D;Urbana;Otra Señal;S/D;Intersección;S/D;S/D;Nocturna;S/D;De alcance,Múltiple;S/D;Colisión;S/D;S/D
575;2021;22/1/2021;Viernes;10:30:00;;0.0;2;Peatón,Transporte de Pasajeros Urbano (> 8 asientos);Dr. Esteban Laurencio Maradona Y Luis Jiménez de Asua;2;0;0;1;1;0;Calle;SANTA FE;La Capital;Asfalto;Natural;I;Dentro;Urbana;Otra Señal;No existe;Intersección;Bueno;Buena;Diurna;Buen Tiempo;De alcance,Múltiple;Peatón;Colisión;Ninguna;Faltante
576;2021;22/1/2021;Viernes;23:45:00;;0.0;2;Bicicleta,Automóvil;Paraguay Y Ituzaingó;2;1;0;1;0;0;Calle;ROSARIO;Rosario;Asfalto;No existe;II;Dentro;Urbana;Otra Señal;No existe;Intersección;Bueno;Buena;Nocturna,Con luz artificial;Buen Tiempo;De alcance,Múltiple;Ciclista;Colisión;Ninguna;Faltante
577;2021;22/1/2021;Viernes;20:45:00;;0.0;2;Moto/Ciclomotor,Automóvil;Bv. Oroño Y Jujuy;3;2;0;1;0;0;Calle;ROSARIO;Rosario;Asfalto;S/D;II;S/D;Urbana;Otra Señal;S/D;Intersección;S/D;S/D;Nocturna;S/D;De alcance,Múltiple;S/D;Colisión;S/D;S/D
578;2021;22/1/2021;Viernes;21:15:00;Autopista Nacional A012;42.0;2;Bicicleta,Automóvil; ;3;1;0;1;0;1;Autopista;ROLDÁN;San Lorenzo;Asfalto;S/D;XVII;S/D;Urbana;Otra Señal;No existe;Intersección;Bueno;Buena;Nocturna;Buen Tiempo;De alcance,Múltiple;Ciclista;Colisión;S/D;Faltante
579;2021;22/1/2021;Viernes;;;0.0;2;Peatón,Moto/Ciclomotor;Bv San Martin 726;3;1;0;0;0;2;Calle;ROLDÁN;San Lorenzo;Asfalto;No existe;XVII;S/D;Urbana;Otra Señal;No existe;Intersección;Bueno;Buena;Nocturna;Buen Tiempo;De alcance,Múltiple;Peatón;Colisión;Ninguna;S/D
580;2021;22/1/2021;Viernes;15:25:00;;0.0;2;Moto/Ciclomotor,Pickup/Utilitario;Av. Pte. Perón Y Cándido Pujato;2;1;0;1;0;0;Avenida;SANTA FE;La Capital;Hormigón;No existe;I;Dentro;Urbana;Otra Señal;No existe;Intersección;Bueno;Buena;Diurna;Buen Tiempo;De alcance,Múltiple;S/D;Colisión;Ninguna;Faltante
581;2021;22/1/2021;Viernes;09:35:00;;0.0;2;Bicicleta,Automóvil;Pres Domingo Faustino Sarmiento Y Juan José Paso;2;1;0;1;0;0;Calle;SANTO TOMÉ;La Capital;Asfalto;No existe;I;S/D;Urbana;Otra Señal;No existe;Intersección;Bueno;Buena;Diurna;Buen Tiempo;De alcance,Múltiple;Ciclista;Colisión;Ninguna;Faltante
582;2021;22/1/2021;Viernes;21:20:00;;0.0;2;Moto/Ciclomotor,Automóvil;Molina Y Superi;2;1;0;1;0;0;Calle;ROSARIO;Rosario;Asfalto;Pavimento;II;S/D;Urbana;Otra Señal;No existe;Intersección;Con baches;Buena;Nocturna;Buen Tiempo;De alcance,Múltiple;S/D;Colisión;Agua;Vertical
583;2021;22/1/2021;Viernes;18:50:00;;0.0;2;Moto/Ciclomotor,Automóvil;Cavour Y Hohenfels;5;3;0;2;0;0;Calle;ESPERANZA;Las Colonias;Tierra;Natural;XI;S/D;Rural;Otra Señal;S/D;Intersección;Ahuellamiento;Buena;Atardecer;Buen Tiempo;De alcance,Múltiple;S/D;Colisión;Ninguna;Faltante
584;2021;22/1/2021;Viernes;19:00:00;;0.0;2;Moto/Ciclomotor,Automóvil;Gorriti Y Av. Peñaloza;2;1;0;1;0;0;Avenida;SANTA FE;La Capital;Asfalto;S/D;I;Dentro;Urbana;Otra Señal;Funciona;Intersección;Bueno;Buena;Diurna;Buen Tiempo;De alcance,Múltiple;S/D;Colisión;Ninguna;Vertical
585;2021;22/1/2021;Viernes;20:30:00;;0.0;2;Bicicleta,Otros;Av. San Martin Y Justo José de Urquiza;2;1;0;0;0;1;Avenida;GRANADERO BAIGORRIA;Rosario;Asfalto;Pavimento;II;S/D;Urbana;Otra Señal;No existe;Intersección;Bueno;Buena;Nocturna;Buen Tiempo;De alcance,Múltiple;Ciclista;Colisión;Ninguna;Vertical
586;2021;22/1/2021;Viernes;;;0.0;2;Moto/Ciclomotor,Pickup/Utilitario; ;2;1;0;1;0;0;S/D;TEODELINA;General LÓPEZ;S/D;S/D;VIII;S/D;S/D;Otra Señal;S/D;Intersección;S/D;S/D;S/D;S/D;De alcance,Múltiple;S/D;Colisión;S/D;S/D
587;2021;22/1/2021;Viernes;;;0.0;2;Moto/Ciclomotor,Automóvil; ;2;1;0;1;0;0;S/D;ESPERANZA;Las Colonias;S/D;S/D;XI;S/D;S/D;Otra Señal;S/D;Intersección;S/D;S/D;S/D;S/D;De alcance,Múltiple;S/D;Colisión;S/D;S/D
588;2021;22/1/2021;Viernes;;;0.0;2;Moto/Ciclomotor,Pickup/Utilitario; ;2;1;0;1;0;0;S/D;ESPERANZA;Las Colonias;S/D;S/D;XI;S/D;S/D;Otra Señal;S/D;Intersección;S/D;S/D;S/D;S/D;De alcance,Múltiple;S/D;Colisión;S/D;S/D
589;2021;22/1/2021;Viernes;08:00:00;;0.0;2;Bicicleta,Automóvil;Calle 44-27 de Abril Y Calle 35-España;2;1;0;1;0;0;Calle;RECONQUISTA;General Obligado;S/D;S/D;IX;S/D;Urbana;Otra Señal;S/D;Intersección;S/D;S/D;Amanecer;S/D;De alcance,Múltiple;Ciclista;Colisión;S/D;S/D
590;2021;22/1/2021;Viernes;00:00:00;;0.0;1;Moto/Ciclomotor;Dr. Maradona Y Roullon;1;1;0;0;0;0;Calle;ROSARIO;Constitución;Asfalto;No existe;II;Dentro;Urbana;Otra Señal;No existe;Intersección;Deteriorada;S/D;Nocturna;S/D;Múltiple;S/D;Colisión;Ninguna;Faltante
591;2021;22/1/2021;Viernes;15:00:00;;0.0;1;Bicicleta;3 De Febrero ;1;1;0;0;0;0;Calle;ROSARIO;Constitución;S/D;S/D;II;Dentro;Urbana;Otra Señal;S/D;Intersección;S/D;S/D;Diurna;S/D;Múltiple;S/D;Colisión;S/D;S/D
592;2021;22/1/2021;Viernes;02:00:00;;0.0;1;Moto/Ciclomotor; ;1;1;0;0;0;0;Calle;ROSARIO;Constitución;S/D;S/D;II;S/D;Urbana;Otra Señal;S/D;Intersección;S/D;S/D;Nocturna;S/D;Múltiple;S/D;Colisión;S/D;S/D
593;2021;22/1/2021;Viernes;00:00:00;;0.0;1;Moto/Ciclomotor; ;1;1;0;0;0;0;S/D;ROSARIO;Constitución;S/D;S/D;II;S/D;S/D;Otra Señal;S/D;Intersección;S/D;S/D;Nocturna;S/D;Múltiple;S/D;Colisión;S/D;S/D
594;2021;22/1/2021;Viernes;20:50:00;Ruta Nacional 11;12.0;2;Automóvil,Bicicleta; ;4;0;0;3;0;0;Ruta;SAN LORENZO;Constitución;S/D;S/D;XVII;S/D;Urbana;Otra Señal;S/D;Intersección;S/D;S/D;Nocturna;S/D;Múltiple;Ciclista;Colisión;S/D;S/D
595;2021;22/1/2021;Viernes;19:10:00;;0.0;2;Moto/Ciclomotor,Bicicleta;Belgrano Manuel 300;2;1;0;0;0;0;Calle;SAN CARLOS CENTRO;Constitución;Asfalto;S/D;XI;Dentro;Urbana;Otra Señal;S/D;Intersección;Bueno;Buena;Diurna;Buen Tiempo;Múltiple;Ciclista;Colisión;Ninguna;Faltante
596;2021;22/1/2021;Viernes;;;0.0;2;Moto/Ciclomotor,Taxi/Remis;Av. Juan Domingo Perón Y Iglesias;2;0;0;1;0;0;Avenida;VILLA GOBERNADOR GÁLVEZ;Constitución;S/D;S/D;II;S/D;Urbana;Otra Señal;S/D;Intersección;S/D;S/D;Nocturna;S/D;Múltiple;S/D;Colisión;S/D;S/D
597;2021;23/1/2021;Sabado;03:20:00;Ruta Provincial 23;29.0;2;Moto/Ciclomotor,Camión c / Acoplado; ;2;0;0;1;1;0;Ruta;SAN GUILLERMO;San CRISTÓBAL;Asfalto;Natural;XIII;S/D;Rural;Otra Señal;No existe;Intersección;Bueno;Reducida;Nocturna;Buen Tiempo;De alcance,Múltiple;S/D;Colisión;Ninguna;Vertical
598;2021;23/1/2021;Sabado;18:15:00;;0.0;2;Automóvil,Moto/Ciclomotor;Mitre B Y Presbítero José Houriet;2;1;0;1;0;0;Calle;VERA;Vera;Asfalto;S/D;XIX;Dentro;Urbana;Otra Señal;No existe;Intersección;Bueno;Buena;Diurna;Buen Tiempo;De alcance,Múltiple;S/D;Colisión;Ninguna;Vertical
599;2021;23/1/2021;Sabado;05:55:00;Ruta Nacional 11;19.0;2;Moto/Ciclomotor,Automóvil; ;2;1;0;0;0;1;Ruta;SAN LORENZO;San Lorenzo;Asfalto;Ripio;XVII;Dentro;Urbana;Otra Señal;No existe;Intersección;Con baches;Buena;Nocturna;Buen Tiempo;De alcance,Múltiple;S/D;Colisión;Ninguna;Faltante
600;2021;23/1/2021;Sabado;01:20:00;;0.0;2;Pickup/Utilitario,Moto/Ciclomotor;Mitre Y Bv Centenario;3;2;0;1;0;0;Avenida;ACEBAL;Rosario;Hormigón;No existe;II;Dentro;Urbana;Otra Señal;No existe;Intersección;Bueno;Buena;Nocturna;Buen Tiempo;De alcance,Múltiple;S/D;Colisión;Ninguna;Faltante
601;2021;23/1/2021;Sabado;07:00:00;Autopista Nacional A007;4.0;2;Peatón,Otros; ;2;1;0;0;0;1;Autopista;SANTA FE;La Capital;S/D;S/D;I;S/D;Urbana;Otra Señal;S/D;Intersección;S/D;S/D;Amanecer;S/D;De alcance,Múltiple;Peatón;Colisión;S/D;S/D
602;2021;23/1/2021;Sabado;01:10:00;;0.0;2;Moto/Ciclomotor,Taxi/Remis;J.J.Paso Y Tte.Agneta;2;1;0;1;0;0;Avenida;ROSARIO;Rosario;Asfalto;No existe;II;Dentro;Urbana;Otra Señal;Funciona;Intersección;Bueno;S/D;Nocturna;S/D;De alcance,Múltiple;S/D;Colisión;S/D;Vertical
603;2021;23/1/2021;Sabado;22:05:00;;0.0;2;Moto/Ciclomotor,Moto/Ciclomotor;Olavarría Bis Y Av. Génova;2;1;0;1;0;0;Calle;ROSARIO;Rosario;Asfalto;No existe;II;S/D;Urbana;Otra Señal;No existe;Intersección;Bueno;Buena;Nocturna;S/D;De alcance,Múltiple;S/D;Colisión;S/D;Faltante
604;2021;23/1/2021;Sabado;09:45:00;;0.0;2;Bicicleta,Automóvil;Candioti Y Pedro Centeno;2;1;0;1;0;0;Calle;SANTA FE;La Capital;Asfalto;No existe;I;Dentro;Urbana;Otra Señal;No existe;Intersección;Bueno;Buena;Diurna;Buen Tiempo;De alcance,Múltiple;Ciclista;Colisión;Ninguna;S/D
605;2021;23/1/2021;Sabado;16:00:00;;0.0;2;Automóvil,Moto/Ciclomotor;Alvear Y Quintana;3;2;0;1;0;0;Calle;SANTA FE;La Capital;Asfalto;No existe;I;Dentro;Urbana;Otra Señal;No existe;Intersección;Bueno;Buena;Diurna;Buen Tiempo;De alcance,Múltiple;S/D;Colisión;Ninguna;S/D
606;2021;23/1/2021;Sabado;21:30:00;;0.0;2;Automóvil,Moto/Ciclomotor;Las Heras Y Salvador del Carril;2;1;0;1;0;0;Calle;SANTA FE;La Capital;Asfalto;No existe;I;Dentro;Urbana;Otra Señal;No existe;Intersección;Bueno;Reducida;Nocturna;Buen Tiempo;De alcance,Múltiple;S/D;Colisión;Ninguna;S/D
607;2021;23/1/2021;Sabado;23:00:00;;0.0;2;Moto/Ciclomotor,Automóvil;Av. Gral. Paz Y Derqui;2;1;0;0;0;1;Avenida;SANTA FE;La Capital;Asfalto;No existe;I;Dentro;Urbana;Otra Señal;No existe;Intersección;Bueno;Reducida;Nocturna;Buen Tiempo;De alcance,Múltiple;S/D;Colisión;Ninguna;S/D
608;2021;23/1/2021;Sabado;12:30:00;;0.0;2;Pickup/Utilitario,Automóvil;Av. 27 de Febrero Y Juan de Garay;3;1;0;2;0;0;Avenida;SANTA FE;La Capital;Hormigón;No existe;I;S/D;Urbana;Otra Señal;Funciona;Intersección;Bueno;Buena;Diurna;Buen Tiempo;De alcance,Múltiple;S/D;Colisión;Ninguna;Horizontal,Vertical
609;2021;23/1/2021;Sabado;17:35:00;Ruta Nacional 11;13.0;2;Moto/Ciclomotor,Automóvil; ;3;1;0;2;0;0;Ruta;SAN LORENZO;San Lorenzo;S/D;S/D;XVII;S/D;Urbana;Otra Señal;S/D;Intersección;S/D;S/D;Diurna;S/D;De alcance,Múltiple;S/D;Colisión;S/D;S/D
610;2021;23/1/2021;Sabado;20:30:00;;0.0;2;Moto/Ciclomotor,Automóvil;Gral. José de San Martin Y Roque Sáenz PEÑA;3;2;0;1;0;0;Calle;VENADO TUERTO;General LÓPEZ;S/D;S/D;VIII;S/D;Urbana;Otra Señal;S/D;Intersección;S/D;S/D;Nocturna;S/D;De alcance,Múltiple;S/D;Colisión;S/D;S/D
611;2021;23/1/2021;Sabado;02:40:00;Ruta Secundaria 98-s;44.0;1;Moto/Ciclomotor; ;1;1;0;0;0;0;Ruta;GARABATO;Vera;S/D;S/D;XIX;S/D;Rural;Otra Señal;S/D;Intersección;S/D;S/D;Nocturna;S/D;De alcance,Múltiple;S/D;Colisión;S/D;S/D
612;2021;23/1/2021;Sabado;;Ruta Provincial 6;66.0;2;Moto/Ciclomotor,Camión; ;2;1;0;1;0;0;Ruta;ESPERANZA;Las Colonias;S/D;S/D;XI;S/D;Urbana;Otra Señal;S/D;Intersección;S/D;S/D;Diurna;S/D;De alcance,Múltiple;S/D;Colisión;S/D;S/D
613;2021;23/1/2021;Sabado;;Ruta Provincial 6;67.0;1;Automóvil; ;1;1;0;0;0;0;Ruta;ESPERANZA;Las Colonias;S/D;S/D;XI;S/D;Urbana;Otra Señal;S/D;Intersección;S/D;S/D;S/D;S/D;De alcance,Múltiple;S/D;Colisión;S/D;S/D
614;2021;23/1/2021;Sabado;14:10:00;;0.0;2;Moto/Ciclomotor,Moto/Ciclomotor;Calle 15 Y Calle 16;3;1;0;2;0;0;Calle;LAS TOSCAS;General Obligado;S/D;S/D;IX;S/D;Urbana;Otra Señal;S/D;Intersección;S/D;S/D;Diurna;S/D;De alcance,Múltiple;S/D;Colisión;S/D;S/D
615;2021;23/1/2021;Sabado;22:45:00;Autopista Provincial Brigadier E.LÓPEZ;4.0;2;Automóvil,Automóvil; ;3;1;0;2;0;0;Autopista;GRANADERO BAIGORRIA;Rosario;S/D;S/D;II;S/D;Rural;Otra Señal;S/D;Intersección;S/D;S/D;Nocturna;S/D;De alcance,Múltiple;S/D;Colisión;S/D;S/D
616;2021;23/1/2021;Sabado;14:10:00;;0.0;2;Moto/Ciclomotor,Moto/Ciclomotor;Calle 15 Y Calle 16;3;3;0;0;0;0;Calle;LAS TOSCAS;General Obligado;Ripio;No existe;IX;Dentro;Urbana;Otra Señal;No existe;Intersección;Bueno;Buena;Diurna;Buen Tiempo;Múltiple;S/D;Colisión;Ninguna;Faltante
617;2021;23/1/2021;Sabado;01:20:00;;0.0;1;Moto/Ciclomotor;24 De Setiembre ;1;1;0;0;0;0;Calle;ROSARIO;Constitución;S/D;S/D;II;Dentro;Urbana;Otra Señal;S/D;Intersección;S/D;S/D;Nocturna;S/D;Múltiple;S/D;Colisión;S/D;S/D
618;2021;23/1/2021;Sabado;05:30:00;;0.0;1;Moto/Ciclomotor; ;1;1;0;0;0;0;S/D;ROSARIO;Constitución;S/D;S/D;II;S/D;S/D;Otra Señal;S/D;Intersección;S/D;S/D;Nocturna;S/D;Múltiple;S/D;Colisión;S/D;S/D
619;2021;23/1/2021;Sabado;19:30:00;;0.0;1;Moto/Ciclomotor;BV 27 DE FEBRERO Y JUAN PABLO II;1;1;0;0;0;0;Calle;ROSARIO;Constitución;Asfalto;No existe;II;Dentro;Urbana;Otra Señal;Funciona;Intersección;Bueno;S/D;Nocturna;S/D;Múltiple;S/D;Colisión;Ninguna;Horizontal,Vertical
620;2021;23/1/2021;Sabado;20:00:00;Ruta Nacional A008;0.0;1;Moto/Ciclomotor;Bv. 27 De Febrero Y Av. Circunvalación;1;1;0;0;0;0;Ruta;ROSARIO;Constitución;Asfalto;No existe;II;Dentro;Urbana;Otra Señal;No existe;Intersección;Bueno;S/D;Nocturna;S/D;Múltiple;S/D;Colisión;Ninguna;Horizontal
621;2021;23/1/2021;Sabado;21:00:00;;0.0;2;Otros,Peatón;Balcarce 4400;2;1;0;0;0;1;Calle;ROSARIO;Constitución;Asfalto;No existe;II;Dentro;Urbana;Otra Señal;No existe;Intersección;Bueno;S/D;Nocturna;S/D;Múltiple;Peatón;Colisión;Ninguna;Faltante
622;2021;23/1/2021;Sabado;18:30:00;;0.0;2;Moto/Ciclomotor,Automóvil;Calle 29 Y Calle 12;3;1;0;1;0;0;Calle;LAS PAREJAS;Constitución;Asfalto;S/D;III;Dentro;Urbana;Otra Señal;No existe;Intersección;S/D;Reducida p/ objetos;Atardecer;Buen Tiempo;Múltiple;S/D;Colisión;Ninguna;S/D
623;2021;23/1/2021;Sabado;22:10:00;;0.0;2;Peatón,Automóvil;F.M.Esquiu Y Nicaragua;2;0;0;1;0;0;Calle;ROSARIO;Constitución;Asfalto;S/D;II;S/D;Urbana;Otra Señal;No existe;Intersección;Bueno;Reducida;Nocturna,Con luz artificial;Buen Tiempo;Múltiple;Peatón;Colisión;Otro;Faltante
624;2021;23/1/2021;Sabado;17:45:00;Ruta Nacional 178;170.5;1;Automóvil; ;7;3;0;0;1;0;Ruta;ARMSTRONG;Belgrano;Asfalto;Natural;III;Dentro;Rural;Ninguna;No existe;Intersección;Con baches;Buena;Diurna;Buen Tiempo;S/D;S/D;Colisión;Ninguna;Faltante
625;2021;24/1/2021;Domingo;19:00:00;Autopista Nacional A008;0.0;2;Moto/Ciclomotor,Automóvil;Av. Circunvalación Y Av. Ovidio Lagos;2;1;0;1;0;0;Autopista;ROSARIO;Rosario;Asfalto;Natural;II;Dentro;Urbana;Otra Señal;No existe;Recta;Bueno;Buena;Atardecer;Buen Tiempo;De alcance,Múltiple;S/D;Colisión;Ninguna;S/D
626;2021;24/1/2021;Domingo;14:30:00;Ruta Nacional 11;0.0;2;Moto/Ciclomotor,Moto/Ciclomotor;Estrada ;3;3;0;0;0;0;Ruta;FRAY LUIS BELTRÁN;San Lorenzo;Asfalto;Pavimento;XVII;Dentro;Urbana;Otra Señal;No existe;Intersección;Bueno;Buena;Nocturna;S/D;De alcance,Múltiple;S/D;Colisión;S/D;Horizontal
627;2021;24/1/2021;Domingo;21:00:00;;0.0;1;Automóvil;Av. Pte. Perón Y Ecuador;3;2;0;1;0;0;Calle;SANTA FE;La Capital;Asfalto;No existe;I;Dentro;Urbana;Otra Señal;No existe;Recta;Bueno;Buena;Nocturna;S/D;De alcance,Múltiple;S/D;Colisión;Ninguna;Horizontal
628;2021;24/1/2021;Domingo;02:30:00;;0.0;1;Moto/Ciclomotor;Av. López y Planes 4100;2;2;0;0;0;0;Avenida;SANTA FE;La Capital;Asfalto;No existe;I;Dentro;Urbana;Otra Señal;No existe;Recta;Bueno;Buena;Diurna;Buen Tiempo;De alcance,Múltiple;S/D;Colisión;Ninguna;Horizontal
629;2021;24/1/2021;Domingo;;Autopista Nacional Rosario -Cordoba;303.0;2;Pickup/Utilitario,Automóvil; ;5;2;0;3;0;0;Autopista;ROSARIO;Rosario;Asfalto;Natural;II;S/D;Rural;Otra Señal;No existe;Recta;Bueno;Buena;Diurna;Buen Tiempo;De alcance,Múltiple;S/D;Colisión;Ninguna;Faltante
630;2021;24/1/2021;Domingo;21:00:00;;0.0;1;Moto/Ciclomotor;Ruta provincial 70 ;1;1;0;0;0;0;Calle;ESPERANZA;Las Colonias;Asfalto;No existe;XI;S/D;Urbana;Otra Señal;S/D;Recta;Bueno;S/D;Con luz artificial;S/D;De alcance,Múltiple;S/D;Colisión;Ninguna;S/D
631;2021;24/1/2021;Domingo;11:10:00;Ruta Nacional 168;475.0;2;Pickup/Utilitario,Moto/Ciclomotor;Ruta Nac 168 475;3;2;0;1;0;0;Ruta;SANTA FE;La Capital;Asfalto;Pavimento;I;Fuera;Urbana;Otra Señal;No existe;Intersección;Bueno;Buena;Diurna;Buen Tiempo;De alcance,Múltiple;S/D;Colisión;Ninguna;Faltante
632;2021;24/1/2021;Domingo;23:30:00;;0.0;2;Pickup/Utilitario,Moto/Ciclomotor;Laurencio Maradona ;2;1;0;1;0;0;Calle;SANTA FE;La Capital;Asfalto;No existe;I;Dentro;Urbana;Otra Señal;No existe;Intersección;Con baches;Buena;Nocturna;Buen Tiempo;De alcance,Múltiple;S/D;Colisión;Ninguna;Faltante
633;2021;24/1/2021;Domingo;06:35:00;;0.0;3;Moto/Ciclomotor,Pickup/Utilitario,Automóvil;Av. Provincias Unidas Y Bv. Seguí;4;1;0;2;1;0;Calle;ROSARIO;Rosario;Asfalto;S/D;II;S/D;Urbana;Otra Señal;Funciona;Intersección;S/D;S/D;Nocturna;S/D;De alcance,Múltiple;S/D;Colisión;S/D;Vertical
634;2021;24/1/2021;Domingo;16:40:00;Ruta Provincial 64;110.0;1;Moto/Ciclomotor; ;2;2;0;0;0;0;Ruta;CRISPI;San MARTÍN;S/D;S/D;XVIII;S/D;Rural;Otra Señal;S/D;Intersección;S/D;S/D;Diurna;S/D;De alcance,Múltiple;S/D;Colisión;S/D;S/D
635;2021;24/1/2021;Domingo;01:30:00;;0.0;1;Moto/Ciclomotor;Bertole ;1;1;0;0;0;0;Calle;ROSARIO;Constitución;S/D;S/D;II;Dentro;Urbana;Otra Señal;S/D;Intersección;S/D;S/D;Nocturna;S/D;Múltiple;S/D;Colisión;S/D;S/D
636;2021;24/1/2021;Domingo;02:50:00;;0.0;1;Bicicleta;Dr. Rivas Y Av. Ovidio Lagos;1;1;0;0;0;0;Calle;ROSARIO;Constitución;Asfalto;No existe;II;Dentro;Urbana;Otra Señal;No existe;Intersección;Bueno;S/D;Nocturna;S/D;Múltiple;S/D;Colisión;Ninguna;Horizontal
637;2021;24/1/2021;Domingo;05:25:00;;0.0;1;Moto/Ciclomotor;Av. Provincias Unidas ;1;1;0;0;0;0;Calle;ROSARIO;Constitución;S/D;S/D;II;Dentro;Urbana;Otra Señal;S/D;Intersección;S/D;S/D;Nocturna;S/D;Múltiple;S/D;Colisión;S/D;S/D
638;2021;24/1/2021;Domingo;12:00:00;;0.0;1;Moto/Ciclomotor;Av. Provincias Unidas ;1;1;0;0;0;0;Calle;ROSARIO;Constitución;S/D;S/D;II;Dentro;Urbana;Otra Señal;S/D;Intersección;S/D;S/D;Diurna;S/D;Múltiple;S/D;Colisión;S/D;S/D
639;2021;24/1/2021;Domingo;08:50:00;;0.0;1;Moto/Ciclomotor;Av. Ovidio Lagos Y Aurora;1;1;0;0;0;0;Calle;ROSARIO;Constitución;Asfalto;No existe;II;Dentro;Urbana;Otra Señal;No existe;Intersección;Bueno;S/D;Diurna;S/D;Múltiple;S/D;Colisión;Ninguna;Faltante
640;2021;24/1/2021;Domingo;19:00:00;;0.0;1;Automóvil;Av. Pellegrini Y Lima;1;1;0;0;0;0;Calle;ROSARIO;Constitución;Asfalto;No existe;II;Dentro;Urbana;Otra Señal;Funciona;Intersección;Bueno;S/D;Diurna;S/D;Múltiple;S/D;Colisión;Ninguna;Horizontal,Vertical
641;2021;24/1/2021;Domingo;20:20:00;;0.0;2;Moto/Ciclomotor,Automóvil;Laprida ;3;1;0;1;0;0;Calle;ROSARIO;Constitución;Asfalto;No existe;II;S/D;Urbana;Otra Señal;No existe;Intersección;Bueno;Buena;Nocturna,Con luz artificial;Buen Tiempo;Múltiple;S/D;Colisión;Ninguna;Faltante
642;2021;24/1/2021;Domingo;22:00:00;;0.0;1;Moto/Ciclomotor;Reconquista Y Albert Sabin;1;0;0;0;0;0;Calle;ROSARIO;Constitución;Asfalto;Pavimento;II;Dentro;Urbana;Otra Señal;No existe;Intersección;Bueno;S/D;Nocturna;Buen Tiempo;Múltiple;S/D;Colisión;Ninguna;S/D
643;2021;25/1/2021;Lunes;13:00:00;;0.0;2;Bicicleta,Moto/Ciclomotor;San Martin Y Khantuta;2;1;0;1;0;0;Avenida;ROSARIO;Rosario;Asfalto;S/D;II;S/D;Urbana;Otra Señal;S/D;Intersección;Bueno;Buena;Diurna;S/D;S/D;S/D;Colisión;S/D;S/D
644;2021;25/1/2021;Lunes;00:30:00;;0.0;2;Moto/Ciclomotor,Pickup/Utilitario;Av. Alberti ;4;2;0;2;0;0;Avenida;ROSARIO;Rosario;Asfalto;S/D;II;S/D;Urbana;Otra Señal;S/D;Intersección;Bueno;S/D;Nocturna;Buen Tiempo;S/D;S/D;Colisión;S/D;Horizontal
645;2021;25/1/2021;Lunes;11:00:00;;0.0;2;Moto/Ciclomotor,Automóvil;Urquiza Y Lavalle;2;1;0;1;0;0;Calle;ROSARIO;Rosario;Asfalto;No existe;II;Dentro;Urbana;Otra Señal;No existe;Intersección;Bueno;Buena;Diurna;Buen Tiempo;Lateral;Peatón;Colisión;Ninguna;Faltante
646;2021;25/1/2021;Lunes;21:15:00;;0.0;2;Moto/Ciclomotor,Automóvil;Paraguay ;2;1;0;1;0;0;Calle;ROSARIO;Rosario;Asfalto;No existe;II;Dentro;Urbana;Otra Señal;No existe;Intersección;Bueno;Buena;Nocturna,Con luz artificial;Buen Tiempo;Lateral;S/D;Colisión;Ninguna;Faltante
647;2021;25/1/2021;Lunes;10:00:00;;0.0;2;Moto/Ciclomotor,Automóvil;Italia ;2;1;0;1;0;0;Calle;ROSARIO;Rosario;Asfalto;Pavimento;II;Dentro;Urbana;Otra Señal;S/D;Intersección;Bueno;Buena;Diurna;Buen Tiempo;De alcance,Múltiple;S/D;Colisión;Ninguna;S/D
648;2021;25/1/2021;Lunes;15:00:00;;0.0;2;Peatón,Automóvil;Balcarce Y Güemes;2;1;0;1;0;0;Calle;ROSARIO;Rosario;Asfalto;No existe;II;S/D;Urbana;Otra Señal;Funciona;Recta;Bueno;Buena;Diurna;Buen Tiempo;De alcance,Múltiple;S/D;Colisión;Ninguna;Horizontal
649;2021;25/1/2021;Lunes;11:00:00;;0.0;2;Automóvil,Moto/Ciclomotor;Av. Pellegrini Y San Martin;2;1;0;1;0;0;Calle;ROSARIO;Rosario;Asfalto;S/D;II;S/D;Urbana;Otra Señal;S/D;Intersección;S/D;S/D;Diurna;S/D;De alcance,Múltiple;S/D;Colisión;S/D;S/D