ID_Accidente;A�o;Fecha;Dia;Hopra;Ruta/Autop;km;Participantes;Tipo;Lugar;Total;Heridos Leves;Heridos Graves;Ilesos;Fallecidos;Sin datos;desc_tipo_via;desc_loc;desc_dpto;|;desc_tipo_banquina;desc_unidad_regional;desc_lugar_calzada;desc_zona;desc_prioridad;desc_estado_semaforo;desc_lugar_via;desc_estado_via;desc_estado_visibilidad;desc_luminosidad;desc_estado_clima;desc_tipo_colision;desc_tipo_atropello;desc_tipo_hecho;desc_pres_calzada;desc_senializacion
650;2021;25/1/2021;Lunes;;;0.0;2;Otros,Otros;San Martin Y Av. Pellegrini;2;1;0;1;0;0;Avenida;ROSARIO;Rosario;Asfalto;S/D;II;S/D;Urbana;Otra Señal;S/D;Recta;S/D;S/D;Diurna;S/D;De alcance,Múltiple;S/D;Colisión;S/D;S/D
651;2021;25/1/2021;Lunes;14:30:00;Autopista Nacional A008;0.0;2;Moto/Ciclomotor,Camión;Av. Pellegrini Y Av. Circunvalación;2;1;0;1;0;0;Autopista;ROSARIO;Rosario;Asfalto;S/D;II;Dentro;Urbana;Otra Señal;S/D;Intersección;Bueno;Buena;Diurna;Buen Tiempo;De alcance,Múltiple;S/D;Colisión;Ninguna;S/D
652;2021;25/1/2021;Lunes;19:00:00;Autopista Provincial Brigadier E.LÓPEZ;16.0;2;Automóvil,Camión Chasis; ;4;2;0;2;0;0;Autopista;SAN LORENZO;San Lorenzo;Asfalto;S/D;XVII;Dentro;Rural;Otra Señal;S/D;Recta;S/D;S/D;Atardecer;S/D;De alcance,Múltiple;S/D;Colisión;S/D;S/D
653;2021;25/1/2021;Lunes;22:10:00;;0.0;2;Moto/Ciclomotor,Pickup/Utilitario;Zeballos Y Gob. Candioti;2;1;0;1;0;0;Calle;GOBERNADOR CRESPO;San Justo;Asfalto;Ripio;XVI;Dentro;Urbana;Otra Señal;S/D;Intersección;S/D;Buena;Nocturna;Buen Tiempo;De alcance,Múltiple;S/D;Colisión;Agua;Faltante
654;2021;25/1/2021;Lunes;20:30:00;;0.0;2;Moto/Ciclomotor,Automóvil;Maipú ;2;1;0;1;0;0;Calle;ROSARIO;Rosario;Asfalto;No existe;II;Dentro;Urbana;Otra Señal;No existe;Recta;Bueno;Buena;Nocturna,Con luz artificial;Buen Tiempo;De alcance,Múltiple;S/D;Colisión;Ninguna;Faltante
655;2021;25/1/2021;Lunes;23:30:00;;0.0;2;Moto/Ciclomotor,Moto/Ciclomotor;Méjico Y Riobamba;3;2;0;1;0;0;Calle;ROSARIO;Rosario;Asfalto;S/D;II;Dentro;Urbana;Otra Señal;S/D;Recta;Bueno;S/D;Nocturna;Buen Tiempo;De alcance,Múltiple;S/D;Colisión;S/D;Faltante
656;2021;25/1/2021;Lunes;15:00:00;Ruta Provincial 6;0.0;2;Moto/Ciclomotor,Moto/Ciclomotor;Perú ;3;2;0;1;0;0;Ruta;ESPERANZA;Las Colonias;Asfalto;No existe;XI;S/D;Urbana;Otra Señal;S/D;Intersección;Otro;S/D;Diurna;S/D;De alcance,Múltiple;S/D;Colisión;Ninguna;S/D
657;2021;25/1/2021;Lunes;18:00:00;;0.0;2;Automóvil,Moto/Ciclomotor;Av. Gral. Paz Y Llerena;2;1;0;1;0;0;Avenida;SANTA FE;La Capital;Asfalto;No existe;I;Fuera;Urbana;Otra Señal;No existe;Intersección;Bueno;Buena;Diurna;Buen Tiempo;De alcance,Múltiple;S/D;Colisión;Ninguna;S/D
658;2021;25/1/2021;Lunes;;;0.0;3;Automóvil,Automóvil,Automóvil; ;3;3;0;0;0;0;S/D;ESPERANZA;Las Colonias;S/D;S/D;XI;S/D;S/D;Otra Señal;S/D;Intersección;S/D;S/D;S/D;S/D;De alcance,Múltiple;S/D;Colisión;S/D;S/D
659;2021;25/1/2021;Lunes;;;0.0;1;Moto/Ciclomotor; ;1;1;0;0;0;0;Calle;VENADO TUERTO;General LÓPEZ;Asfalto;S/D;VIII;Dentro;Urbana;Otra Señal;S/D;Intersección;S/D;S/D;S/D;S/D;De alcance,Múltiple;S/D;Colisión;S/D;S/D
660;2021;25/1/2021;Lunes;01:00:00;Ruta Nacional 178;0.0;1;Moto/Ciclomotor;Ruta Nac 178 ;1;1;0;0;0;0;Ruta;BIGAND;Constitución;Asfalto;Ripio;IV;Dentro;Rural;Otra Señal;No existe;Intersección;Bueno;Buena;Nocturna;Buen Tiempo;Múltiple;S/D;Colisión;Ninguna;Faltante
661;2021;25/1/2021;Lunes;00:00:00;;0.0;1;Bicicleta; ;1;1;0;0;0;0;S/D;ROSARIO;Constitución;S/D;S/D;II;S/D;S/D;Otra Señal;S/D;Intersección;S/D;S/D;Nocturna;S/D;Múltiple;S/D;Colisión;S/D;S/D
662;2021;25/1/2021;Lunes;00:00:00;;0.0;1;Moto/Ciclomotor;F.More ;1;1;0;0;0;0;Calle;ROSARIO;Constitución;S/D;S/D;II;S/D;Urbana;Otra Señal;S/D;Intersección;S/D;S/D;Nocturna;S/D;Múltiple;S/D;Colisión;S/D;S/D
663;2021;25/1/2021;Lunes;23:10:00;;0.0;1;Bicicleta;Biedma ;1;1;0;0;0;0;Calle;ROSARIO;Constitución;S/D;S/D;II;Dentro;Urbana;Otra Señal;S/D;Intersección;S/D;S/D;Nocturna;S/D;Múltiple;S/D;Colisión;S/D;S/D
664;2021;25/1/2021;Lunes;07:50:00;;0.0;2;Moto/Ciclomotor,Moto/Ciclomotor;Bv. Rondeau Y Washington;2;2;0;0;0;0;Calle;ROSARIO;Constitución;Asfalto;No existe;II;Dentro;Urbana;Otra Señal;Funciona;Intersección;Bueno;S/D;Diurna;S/D;Múltiple;S/D;Colisión;Ninguna;Horizontal,Vertical
665;2021;25/1/2021;Lunes;17:10:00;;0.0;2;Automóvil,Moto/Ciclomotor;J.J.Paso Y Nicaragua;2;0;0;1;0;0;Calle;ROSARIO;Constitución;Asfalto;No existe;II;Dentro;Urbana;Otra Señal;No existe;Intersección;S/D;Buena;Diurna;S/D;Múltiple;S/D;Colisión;S/D;S/D
666;2021;25/1/2021;Lunes;;;0.0;1;Moto/Ciclomotor; ;2;1;0;0;0;0;Calle;ESPERANZA;Constitución;Asfalto;S/D;XI;Dentro;Urbana;Otra Señal;S/D;Intersección;S/D;S/D;S/D;S/D;Múltiple;S/D;Colisión;S/D;S/D
667;2021;25/1/2021;Lunes;20:30:00;Ruta Nacional 11;412.0;2;Moto/Ciclomotor,Automóvil; ;4;0;0;2;1;0;Ruta;AROCENA;Constitución;Asfalto;S/D;XV;S/D;Rural;Otra Señal;S/D;Intersección;S/D;S/D;Nocturna;S/D;Múltiple;S/D;Colisión;S/D;S/D
668;2021;26/1/2021;Martes;22:20:00;;0.0;2;Automóvil,Moto/Ciclomotor;Corrientes Y Roque Sáenz PEÑA;2;1;0;1;0;0;Calle;SANTA FE;La Capital;Asfalto;Pavimento;I;S/D;Urbana;Otra Señal;S/D;Intersección;Con baches;S/D;Nocturna,Con luz artificial;Buen Tiempo;Múltiple;S/D;Colisión;Ninguna;S/D
669;2021;26/1/2021;Martes;12:15:00;;0.0;2;Bicicleta,Otros;Bv. 27 De Febrero Y Bv. Oroño;2;1;0;1;0;0;Avenida;ROSARIO;Rosario;Asfalto;No existe;II;Dentro;Urbana;Otra Señal;Funciona;Recta;Bueno;Buena;Diurna;Buen Tiempo;De alcance,Múltiple;Ciclista;Colisión;Ninguna;Vertical
670;2021;26/1/2021;Martes;19:30:00;;0.0;2;Moto/Ciclomotor,Moto/Ciclomotor; ;2;1;0;1;0;0;Avenida;SANTA FE;La Capital;Asfalto;No existe;I;Dentro;Urbana;Otra Señal;No existe;Intersección;Bueno;Buena;Diurna;Buen Tiempo;De alcance,Múltiple;S/D;Colisión;Ninguna;Vertical
671;2021;26/1/2021;Martes;11:45:00;;0.0;2;Moto/Ciclomotor,Pickup/Utilitario;Av. López y Planes Y Juan Del Campillo;2;1;0;1;0;0;Avenida;SANTA FE;La Capital;Asfalto;No existe;I;Dentro;Urbana;Otra Señal;No existe;Intersección;Bueno;Buena;Diurna;Buen Tiempo;De alcance,Múltiple;S/D;Colisión;Ninguna;Vertical
672;2021;26/1/2021;Martes;23:15:00;;0.0;2;Bicicleta,Moto/Ciclomotor;Camino de los Granaderos ;2;1;0;1;0;0;Calle;ROSARIO;Rosario;S/D;S/D;II;Dentro;Urbana;Otra Señal;S/D;Intersección;S/D;S/D;Nocturna;S/D;De alcance,Múltiple;Ciclista;Colisión;S/D;S/D
673;2021;26/1/2021;Martes;20:00:00;;0.0;2;Moto/Ciclomotor,Transporte de Pasajeros Urbano (> 8 asientos);Italia Y Av. Ntra.Sra.del Rosario;2;1;0;1;0;0;Calle;ROSARIO;Rosario;Asfalto;Pavimento;II;Dentro;Urbana;Otra Señal;Funciona;Intersección;Bueno;Buena;Atardecer;Buen Tiempo;De alcance,Múltiple;S/D;Colisión;Ninguna;Faltante
674;2021;26/1/2021;Martes;11:50:00;;0.0;2;Moto/Ciclomotor,Moto/Ciclomotor;Cochabamba Y Valparaíso;3;1;0;2;0;0;Calle;ROSARIO;Rosario;Asfalto;S/D;II;Dentro;Urbana;Otra Señal;No existe;Intersección;Bueno;Buena;Diurna;Buen Tiempo;De alcance,Múltiple;S/D;Colisión;Ninguna;Faltante
675;2021;26/1/2021;Martes;;Ruta Provincial 66;0.0;1;Moto/Ciclomotor; ;2;1;0;1;0;0;Ruta;CARLOS PELLEGRINI;San MARTÍN;Asfalto;Pavimento;XVIII;Dentro;Rural;Otra Señal;No existe;Intersección;S/D;S/D;Diurna;S/D;De alcance,Múltiple;S/D;Colisión;S/D;S/D
676;2021;26/1/2021;Martes;;Ruta Secundaria 292-s;0.0;2;Pickup/Utilitario,Camión;Ruta Prov. 292 ;3;1;0;2;0;0;Ruta;VILLA MINETTI;9 de Julio;S/D;Ripio;XII;Dentro;Rural;Otra Señal;No existe;Intersección;S/D;S/D;S/D;S/D;De alcance,Múltiple;S/D;Colisión;S/D;S/D
677;2021;26/1/2021;Martes;;;0.0;2;Automóvil,Peatón;Gral. López 482;2;1;0;1;0;0;Calle;TEODELINA;General LÓPEZ;Asfalto;S/D;VIII;Dentro;Urbana;Otra Señal;S/D;Intersección;S/D;S/D;S/D;S/D;De alcance,Múltiple;Peatón;Colisión;S/D;S/D
678;2021;26/1/2021;Martes;;Ruta Provincial 2;0.0;1;Automóvil; ;3;3;0;0;0;0;Ruta;TOSTADO;9 de Julio;Asfalto;S/D;XII;Dentro;Rural;Otra Señal;S/D;Intersección;S/D;S/D;S/D;S/D;De alcance,Múltiple;S/D;Colisión;S/D;S/D
679;2021;26/1/2021;Martes;19:00:00;;0.0;1;Otros;Av. Provincias Unidas Y Av. Pte. Perón;1;1;0;0;0;0;Calle;ROSARIO;Constitución;Asfalto;No existe;II;Dentro;Urbana;Otra Señal;Funciona;Intersección;Bueno;S/D;Diurna;S/D;Múltiple;S/D;Colisión;Ninguna;Horizontal,Vertical
680;2021;27/1/2021;Miercoles;10:30:00;;0.0;2;Bicicleta,Automóvil;San Martin Y Estado de Israel;2;1;0;1;0;0;Calle;ROSARIO;Rosario;Asfalto;No existe;II;Dentro;Urbana;Otra Señal;No existe;Intersección;Bueno;Buena;Diurna;Buen Tiempo;Múltiple;Ciclista;Colisión;Ninguna;Horizontal
681;2021;27/1/2021;Miercoles;17:40:00;;0.0;2;Moto/Ciclomotor,Pickup/Utilitario; ;2;1;0;1;0;0;Calle;ROSARIO;Rosario;Asfalto;No existe;II;Dentro;Urbana;Otra Señal;No existe;Intersección;Bueno;Buena;Diurna;Buen Tiempo;Múltiple;S/D;Colisión;Ninguna;Faltante
682;2021;27/1/2021;Miercoles;07:00:00;;0.0;2;Moto/Ciclomotor,Automóvil;Juan M De Rosas Y Dr. Ghio;2;1;0;1;0;0;Calle;SAN LORENZO;San Lorenzo;S/D;S/D;XVII;S/D;S/D;Otra Señal;S/D;Intersección;S/D;S/D;Diurna;S/D;De alcance,Múltiple;S/D;Colisión;S/D;S/D
683;2021;27/1/2021;Miercoles;21:45:00;;0.0;2;Pickup/Utilitario,Moto/Ciclomotor;Bv C Pellegrini Y Gdor. Cabal;2;1;0;1;0;0;Avenida;SAN JUSTO;San Justo;Asfalto;No existe;XVI;Dentro;Urbana;Otra Señal;No existe;Intersección;Bueno;Buena;Nocturna,Con luz artificial;Buen Tiempo;De alcance,Múltiple;S/D;Colisión;Ninguna;S/D
684;2021;27/1/2021;Miercoles;14:40:00;;0.0;2;Taxi/Remis,Pickup/Utilitario;Av. A del Valle Y Iturraspe;2;1;0;1;0;0;Avenida;SANTA FE;La Capital;Asfalto;No existe;I;S/D;Urbana;Otra Señal;No existe;Intersección;Bueno;Buena;Diurna;Buen Tiempo;De alcance,Múltiple;S/D;Colisión;Ninguna;S/D
685;2021;27/1/2021;Miercoles;15:10:00;;0.0;2;Moto/Ciclomotor,Automóvil;Av. Blas Parera Y Martin Zapata;3;2;0;1;0;0;Avenida;SANTA FE;La Capital;Asfalto;No existe;I;Dentro;Urbana;Otra Señal;No existe;Intersección;Bueno;Buena;Diurna;Buen Tiempo;De alcance,Múltiple;S/D;Colisión;Ninguna;Vertical
686;2021;27/1/2021;Miercoles;18:20:00;Autopista Nacional Rosario -Cordoba;298.0;2;Moto/Ciclomotor,Automóvil; ;2;1;0;1;0;0;Autopista;ROSARIO;Rosario;Asfalto;S/D;II;S/D;Rural;Otra Señal;No existe;Recta;Bueno;Buena;Diurna;Buen Tiempo;De alcance,Múltiple;S/D;Colisión;S/D;Horizontal
687;2021;27/1/2021;Miercoles;13:30:00;;0.0;2;Moto/Ciclomotor,Automóvil;Candioti 4216;2;1;0;1;0;0;Calle;SANTA FE;La Capital;Asfalto;No existe;I;Dentro;Urbana;Otra Señal;No existe;Intersección;Bueno;S/D;Diurna;S/D;De alcance,Múltiple;S/D;Colisión;S/D;S/D
688;2021;27/1/2021;Miercoles;;Ruta Provincial 14;0.0;1;Camión; ;1;1;0;0;0;0;Ruta;FIRMAT;General LÓPEZ;S/D;Ripio;VIII;Dentro;Rural;Otra Señal;No existe;Intersección;S/D;S/D;S/D;S/D;De alcance,Múltiple;S/D;Colisión;S/D;S/D
689;2021;27/1/2021;Miercoles;09:35:00;;0.0;2;Peatón,Transporte de Pasajeros Urbano (> 8 asientos);Almafuerte Y Alberdi;2;0;0;1;1;0;Calle;ROSARIO;Rosario;Asfalto;No existe;II;Dentro;Urbana;Otra Señal;Funciona;Intersección;Bueno;S/D;Diurna;S/D;De alcance,Múltiple;Peatón;Colisión;Ninguna;Horizontal,Vertical
690;2021;27/1/2021;Miercoles;;;0.0;2;Automóvil,Automóvil;Cafferata Y E.Zeballos;3;2;0;1;0;0;Calle;ROSARIO;Rosario;Asfalto;S/D;II;Dentro;Urbana;Otra Señal;S/D;Intersección;S/D;S/D;S/D;S/D;De alcance,Múltiple;S/D;Colisión;S/D;S/D
691;2021;27/1/2021;Miercoles;;;0.0;2;Moto/Ciclomotor,Moto/Ciclomotor;Francia F Y Biedma;2;1;0;1;0;0;Calle;ROSARIO;Rosario;Asfalto;S/D;II;Dentro;Urbana;Otra Señal;S/D;Intersección;S/D;S/D;Diurna;S/D;De alcance,Múltiple;S/D;Colisión;S/D;S/D
692;2021;27/1/2021;Miercoles;;;0.0;2;Moto/Ciclomotor,Automóvil;Santa Cruz ;2;1;0;1;0;0;Calle;VENADO TUERTO;General LÓPEZ;Asfalto;S/D;VIII;Dentro;Urbana;Otra Señal;S/D;Intersección;S/D;S/D;Diurna;S/D;De alcance,Múltiple;S/D;Colisión;S/D;S/D
693;2021;27/1/2021;Miercoles;14:10:00;;0.0;2;Moto/Ciclomotor,Automóvil;Moreno ;2;1;0;1;0;0;Calle;AREQUITO;Constitución;Asfalto;No existe;IV;Dentro;Urbana;Otra Señal;No existe;Intersección;Bueno;Buena;Nocturna;Buen Tiempo;Múltiple;S/D;Colisión;Ninguna;Faltante
694;2021;27/1/2021;Miercoles;12:00:00;;0.0;1;Automóvil;Carlos Pellegrini ;2;1;0;0;0;1;Calle;FUNES;Constitución;S/D;S/D;II;Dentro;Urbana;Otra Señal;S/D;Intersección;S/D;S/D;Diurna;S/D;Múltiple;S/D;Colisión;S/D;S/D
695;2021;27/1/2021;Miercoles;14:00:00;;0.0;1;Moto/Ciclomotor;Polledo ;1;1;0;0;0;0;Calle;ROSARIO;Constitución;S/D;S/D;II;Dentro;Urbana;Otra Señal;S/D;Intersección;S/D;S/D;Diurna;S/D;Múltiple;S/D;Colisión;S/D;S/D
696;2021;27/1/2021;Miercoles;16:00:00;;0.0;1;Bicicleta;Pasco Y Matienzo;1;1;0;0;0;0;Calle;ROSARIO;Constitución;Asfalto;No existe;II;Dentro;Urbana;Otra Señal;No existe;Intersección;Bueno;S/D;Diurna;S/D;Múltiple;S/D;Colisión;Ninguna;Faltante
697;2021;27/1/2021;Miercoles;14:00:00;;0.0;1;Automóvil;Cafferata Y E.Zeballos;2;2;0;0;0;0;Calle;ROSARIO;Constitución;Asfalto;No existe;II;Dentro;Urbana;Otra Señal;Funciona;Intersección;Bueno;S/D;Diurna;S/D;Múltiple;S/D;Colisión;Ninguna;Horizontal,Vertical
698;2021;27/1/2021;Miercoles;;;0.0;1;Moto/Ciclomotor;Mendoza Y Av. Circunvalación;2;2;0;0;0;0;Avenida;ROSARIO;Constitución;S/D;S/D;II;S/D;Urbana;Otra Señal;S/D;Intersección;S/D;S/D;S/D;S/D;Múltiple;S/D;Colisión;S/D;S/D
699;2021;27/1/2021;Miercoles;;;0.0;1;Moto/Ciclomotor; ;1;1;0;0;0;0;S/D;ROSARIO;Constitución;S/D;S/D;II;S/D;S/D;Otra Señal;S/D;Intersección;S/D;S/D;S/D;S/D;Múltiple;S/D;Colisión;S/D;S/D
700;2021;28/1/2021;Jueves;21:45:00;;0.0;2;Automóvil,Moto/Ciclomotor;Dr. Zavalla Y Corrientes;3;2;0;1;0;0;Calle;SANTA FE;La Capital;Asfalto;S/D;I;S/D;Urbana;Otra Señal;S/D;Intersección;Bueno;Buena;Nocturna,Con luz artificial;Buen Tiempo;Múltiple;S/D;Colisión;Ninguna;Vertical
701;2021;28/1/2021;Jueves;11:15:00;;0.0;2;Moto/Ciclomotor,Automóvil; ;3;2;0;1;0;0;Camino Rural;FORTÍN OLMOS;Vera;Tierra;Natural;XIX;Dentro;Rural;Otra Señal;No existe;Recta;Con baches;Buena;Diurna;Buen Tiempo;Múltiple;S/D;Colisión;Otro;Faltante
702;2021;28/1/2021;Jueves;14:30:00;;0.0;2;Automóvil,Moto/Ciclomotor;Falucho Y Irigoyen;2;1;0;1;0;0;Calle;SAN LORENZO;San Lorenzo;S/D;S/D;XVII;Dentro;Urbana;Otra Señal;No existe;Intersección;Bueno;Buena;Diurna;S/D;De alcance,Múltiple;S/D;Colisión;S/D;S/D
703;2021;28/1/2021;Jueves;15:10:00;;0.0;2;Automóvil,Automóvil;Brasil Y Puerto Argentino;2;1;0;1;0;0;Calle;CAPITÁN BERMÚDEZ;San Lorenzo;Asfalto;Pavimento;XVII;Dentro;Urbana;Otra Señal;No existe;Cruce;Bueno;Buena;Atardecer;S/D;De alcance,Múltiple;S/D;Colisión;Ninguna;Faltante
704;2021;28/1/2021;Jueves;08:50:00;;0.0;2;Pickup/Utilitario,Automóvil;La Republica Y Venezuela;2;1;0;1;0;0;Calle;ROSARIO;Rosario;Asfalto;No existe;II;Dentro;Urbana;Otra Señal;No existe;Recta;Bueno;Buena;Diurna;Buen Tiempo;De alcance,Múltiple;S/D;Colisión;Ninguna;Faltante
705;2021;28/1/2021;Jueves;08:05:00;;0.0;2;Automóvil,Bicicleta;Ecuador Y Arévalo;2;1;0;1;0;0;Calle;ROSARIO;Rosario;Asfalto;No existe;II;S/D;Urbana;Otra Señal;No existe;Intersección;Bueno;Buena;Diurna;Buen Tiempo;De alcance,Múltiple;S/D;Colisión;Ninguna;Faltante
706;2021;28/1/2021;Jueves;13:10:00;;0.0;2;Automóvil,Bicicleta;Viamonte Y Valparaíso;2;1;0;1;0;0;Calle;ROSARIO;Rosario;Asfalto;S/D;II;Dentro;Urbana;Otra Señal;No existe;Intersección;Bueno;Buena;Diurna;Buen Tiempo;De alcance,Múltiple;S/D;Colisión;Ninguna;S/D
707;2021;28/1/2021;Jueves;12:45:00;;0.0;2;Bicicleta,Automóvil;Laurencio Maradona ;2;1;0;1;0;0;Calle;SANTA FE;La Capital;Asfalto;No existe;I;Dentro;Urbana;Otra Señal;No existe;Intersección;Bueno;Buena;Diurna;Buen Tiempo;De alcance,Múltiple;Ciclista;Colisión;Agua;Faltante
708;2021;28/1/2021;Jueves;20:45:00;;0.0;2;Bicicleta,Automóvil;Av. Urquiza Y Juan de Garay;2;1;0;1;0;0;Calle;SANTA FE;La Capital;Asfalto;No existe;I;Dentro;Urbana;Otra Señal;S/D;Intersección;S/D;Buena;Nocturna;Buen Tiempo;De alcance,Múltiple;Ciclista;Colisión;Agua;Horizontal
709;2021;28/1/2021;Jueves;;;0.0;2;Moto/Ciclomotor,Automóvil;Colon Y San Martin;3;2;0;1;0;0;Calle;CALCHAQUÍ;Vera;Asfalto;S/D;XIX;Dentro;Urbana;Otra Señal;No existe;Intersección;S/D;S/D;S/D;S/D;De alcance,Múltiple;S/D;Colisión;S/D;S/D
710;2021;28/1/2021;Jueves;16:20:00;;0.0;1;Moto/Ciclomotor;Nazareno C Rossi Y Sgo de Liniers;1;1;0;0;0;0;Calle;GÁLVEZ;San JERÓNIMO;S/D;S/D;XV;Dentro;Urbana;Otra Señal;S/D;Intersección;S/D;S/D;Diurna;S/D;De alcance,Múltiple;S/D;Colisión;S/D;S/D
711;2021;28/1/2021;Jueves;;;0.0;2;Moto/Ciclomotor,Automóvil;Calle 19-Habegger Y Calle 22- 25 de Mayo;2;1;0;1;0;0;Calle;RECONQUISTA;General Obligado;Asfalto;S/D;IX;Dentro;Urbana;Otra Señal;S/D;Intersección;S/D;S/D;S/D;S/D;De alcance,Múltiple;S/D;Colisión;S/D;S/D
712;2021;28/1/2021;Jueves;;;0.0;2;Moto/Ciclomotor,Automóvil;Bv C Pellegrini Y Belgrano;2;1;0;1;0;0;Calle;SAN JUSTO;San Justo;Asfalto;S/D;XVI;Dentro;Urbana;Otra Señal;S/D;Intersección;S/D;S/D;S/D;S/D;De alcance,Múltiple;S/D;Colisión;S/D;S/D
713;2021;28/1/2021;Jueves;;;0.0;2;Automóvil,Peatón;Junín ;2;1;0;1;0;0;Calle;VENADO TUERTO;General LÓPEZ;S/D;S/D;VIII;Dentro;Urbana;Otra Señal;S/D;Intersección;S/D;S/D;S/D;S/D;De alcance,Múltiple;S/D;Colisión;S/D;S/D
714;2021;28/1/2021;Jueves;;;0.0;2;Automóvil,Moto/Ciclomotor;Calle 23 Y Calle 10;2;1;0;1;0;0;Calle;LAS TOSCAS;General Obligado;Asfalto;S/D;IX;Dentro;Urbana;Otra Señal;S/D;Intersección;S/D;S/D;Diurna;S/D;De alcance,Múltiple;S/D;Colisión;S/D;S/D
715;2021;28/1/2021;Jueves;;;0.0;2;Moto/Ciclomotor,Camión;La Paz Y Barra;2;0;0;1;1;0;Calle;ROSARIO;Rosario;Asfalto;No existe;II;S/D;Urbana;Otra Señal;No existe;Intersección;Bueno;S/D;S/D;S/D;De alcance,Múltiple;S/D;Colisión;Ninguna;Faltante
716;2021;28/1/2021;Jueves;20:50:00;Ruta Secundaria 80-s;0.0;2;Camión,Bicicleta; ;2;1;0;1;0;0;Ruta;HUMBERTO 1°;Castellanos;Asfalto;Natural;V;Dentro;Rural;Otra Señal;No existe;Intersección;Bueno;Buena;Nocturna;Buen Tiempo;Múltiple;S/D;Colisión;Ninguna;Faltante
717;2021;28/1/2021;Jueves;12:30:00;;0.0;2;Moto/Ciclomotor,Automóvil;Carlos Casado Y Moreno;3;2;0;1;0;0;Calle;AREQUITO;Constitución;Asfalto;No existe;IV;Dentro;Urbana;Otra Señal;No existe;Intersección;Bueno;Buena;Diurna;Buen Tiempo;Múltiple;S/D;Colisión;Ninguna;Faltante
718;2021;28/1/2021;Jueves;;;0.0;1;Moto/Ciclomotor; ;1;1;0;0;0;0;S/D;ROSARIO;Constitución;S/D;S/D;II;S/D;S/D;Otra Señal;S/D;Intersección;S/D;S/D;S/D;S/D;Múltiple;S/D;Colisión;S/D;S/D
719;2021;28/1/2021;Jueves;11:00:00;;0.0;1;Peatón;San José Y La Rioja;1;0;0;0;0;0;Calle;SANTA FE;Constitución;Hormigón;S/D;I;Dentro;Urbana;Otra Señal;No existe;Intersección;Bueno;Buena;Diurna;Buen Tiempo;Múltiple;S/D;Colisión;Ninguna;S/D
720;2021;29/1/2021;Viernes;19:10:00;;0.0;2;Automóvil,Moto/Ciclomotor;Francia Y Moreno;2;1;0;1;0;0;Calle;SANTA FE;La Capital;Asfalto;Pavimento;I;S/D;Urbana;Otra Señal;No existe;Intersección;Con baches;Buena;Atardecer;Buen Tiempo;Múltiple;S/D;Colisión;Ninguna;S/D
721;2021;29/1/2021;Viernes;07:45:00;;0.0;2;Moto/Ciclomotor,Automóvil;Francia Y Tucumán;2;1;0;1;0;0;Calle;SANTA FE;La Capital;Hormigón;No existe;I;Dentro;Urbana;Otra Señal;No existe;Intersección;Bueno;Buena;Diurna;Lluvia;De alcance,Múltiple;S/D;Colisión;Agua;Faltante
722;2021;29/1/2021;Viernes;22:00:00;;0.0;2;Moto/Ciclomotor,Taxi/Remis;Saavedra Y Gdor. Crespo;2;1;0;1;0;0;Calle;SANTA FE;La Capital;Hormigón;No existe;I;Dentro;Urbana;Otra Señal;No existe;Intersección;Con baches;Buena;Nocturna,Con luz artificial;Buen Tiempo;De alcance,Múltiple;S/D;Colisión;Ninguna;Faltante
723;2021;29/1/2021;Viernes;08:40:00;;0.0;2;Automóvil,Bicicleta;Donado Y Bv. Argentino;2;1;0;1;0;0;Calle;ROSARIO;Rosario;Asfalto;No existe;II;S/D;Urbana;Otra Señal;No existe;Intersección;Bueno;Buena;Diurna;Buen Tiempo;De alcance,Múltiple;S/D;Colisión;Ninguna;Vertical
724;2021;29/1/2021;Viernes;17:40:00;;0.0;2;Moto/Ciclomotor,Taxi/Remis;Santiago ;2;1;0;1;0;0;Calle;ROSARIO;Rosario;Asfalto;No existe;II;Dentro;Urbana;Otra Señal;No existe;Intersección;Bueno;Buena;Diurna;Buen Tiempo;De alcance,Múltiple;S/D;Colisión;Ninguna;Faltante
725;2021;29/1/2021;Viernes;22:25:00;;0.0;2;Otros,Automóvil;Bv. Avellaneda ;2;1;0;1;0;0;Avenida;ROSARIO;Rosario;Asfalto;Pavimento;II;Dentro;Urbana;Otra Señal;Funciona;Intersección;Deteriorada;Reducida;Nocturna;Buen Tiempo;De alcance,Múltiple;S/D;Colisión;Ninguna;Horizontal
726;2021;29/1/2021;Viernes;11:35:00;;0.0;2;Automóvil,Moto/Ciclomotor;Av. Los Colonizadores Y Alberdi;2;1;0;1;0;0;Avenida;ESPERANZA;Las Colonias;Asfalto;No existe;XI;S/D;Urbana;Otra Señal;S/D;Intersección;Bueno;Buena;Diurna;S/D;De alcance,Múltiple;S/D;Colisión;Ninguna;S/D
727;2021;29/1/2021;Viernes;11:35:00;;0.0;2;Pickup/Utilitario,Camión c / Acoplado;Av. 27 de Febrero Y Lisandro de la Torre;3;1;0;2;0;0;Avenida;SANTA FE;La Capital;Asfalto;No existe;I;Dentro;Urbana;Otra Señal;Funciona;Intersección;Bueno;Buena;Diurna;Buen Tiempo;De alcance,Múltiple;S/D;Colisión;Ninguna;Horizontal,Vertical
728;2021;29/1/2021;Viernes;;Ruta Provincial 80;0.0;1;Automóvil; ;1;1;0;0;0;0;Ruta;GÁLVEZ;San JERÓNIMO;Asfalto;Pavimento;XV;Dentro;Urbana;Otra Señal;No existe;Intersección;S/D;S/D;Diurna;S/D;De alcance,Múltiple;S/D;Colisión;S/D;S/D