ID_Accidente;A�o;Fecha;Dia;Hopra;Ruta/Autop;km;Participantes;Tipo;Lugar;Total;Heridos Leves;Heridos Graves;Ilesos;Fallecidos;Sin datos;desc_tipo_via;desc_loc;desc_dpto;|;desc_tipo_banquina;desc_unidad_regional;desc_lugar_calzada;desc_zona;desc_prioridad;desc_estado_semaforo;desc_lugar_via;desc_estado_via;desc_estado_visibilidad;desc_luminosidad;desc_estado_clima;desc_tipo_colision;desc_tipo_atropello;desc_tipo_hecho;desc_pres_calzada;desc_senializacion
729;2021;29/1/2021;Viernes;12:00:00;;0.0;2;Moto/Ciclomotor,Transporte de Pasajeros Urbano (> 8 asientos);Padre Genesio Y Talcahuano;2;0;0;1;1;0;Calle;SANTA FE;La Capital;Asfalto;No existe;I;S/D;Urbana;Otra Señal;No existe;Intersección;Otro;Reducida;Diurna;S/D;De alcance,Múltiple;S/D;Colisión;Otro;Faltante
730;2021;29/1/2021;Viernes;;;0.0;1;Moto/Ciclomotor;Rio De Janeiro Y Centeno;1;1;0;0;0;0;Calle;ROSARIO;Constitución;S/D;S/D;II;S/D;Urbana;Otra Señal;S/D;Intersección;S/D;S/D;S/D;S/D;Múltiple;S/D;Colisión;S/D;S/D
731;2021;29/1/2021;Viernes;;;0.0;2;Automóvil,Automóvil;Santa Fe Y Balcarce;2;1;0;0;0;1;Calle;ROSARIO;Constitución;S/D;S/D;II;S/D;Urbana;Otra Señal;S/D;Intersección;S/D;S/D;S/D;S/D;Múltiple;S/D;Colisión;S/D;S/D
732;2021;30/1/2021;Sabado;00:00:00;Ruta Nacional 11;0.0;2;Automóvil,Moto/Ciclomotor;Ruta Nac 11 ;2;1;0;1;0;0;Ruta;SAN LORENZO;San Lorenzo;Asfalto;Ripio;XVII;Dentro;Urbana;Otra Señal;S/D;Intersección;S/D;S/D;S/D;S/D;De alcance,Múltiple;S/D;Colisión;Agua;S/D
733;2021;30/1/2021;Sabado;05:45:00;;0.0;2;Moto/Ciclomotor,Automóvil;España ;2;1;0;1;0;0;Calle;ROSARIO;Rosario;Asfalto;Pavimento;II;Dentro;Urbana;Otra Señal;No existe;Recta;Bueno;Buena;Diurna;Buen Tiempo;De alcance,Múltiple;S/D;Colisión;Ninguna;Faltante
734;2021;30/1/2021;Sabado;22:10:00;;0.0;2;Moto/Ciclomotor,Otros;Boulevard General B Mitre Y Dr. Romang;3;2;0;1;0;0;Calle;HELVECIA;Garay;Asfalto;S/D;VII;S/D;Urbana;Otra Señal;S/D;Intersección;S/D;S/D;Nocturna;S/D;De alcance,Múltiple;S/D;Colisión;S/D;S/D
735;2021;30/1/2021;Sabado;;;0.0;2;Moto/Ciclomotor,Automóvil;San Martin Y A Gaminara;3;2;0;1;0;0;Calle;SAN CARLOS CENTRO;Las Colonias;Asfalto;No existe;XI;Dentro;Urbana;Otra Señal;No existe;Intersección;Bueno;Buena;Diurna;Buen Tiempo;De alcance,Múltiple;S/D;Colisión;Ninguna;Faltante
736;2021;30/1/2021;Sabado;16:45:00;;0.0;2;Automóvil,Moto/Ciclomotor;Pje Calcena Y Laprida;2;1;0;1;0;0;Calle;SANTA FE;La Capital;Asfalto;No existe;I;Dentro;Urbana;Otra Señal;No existe;Intersección;Bueno;Reducida;Diurna;Lluvia;De alcance,Múltiple;S/D;Colisión;Agua;S/D
737;2021;30/1/2021;Sabado;21:15:00;;0.0;2;Bicicleta,Automóvil;San Jerónimo 2000;2;1;0;1;0;0;Calle;SANTA FE;La Capital;Asfalto;Pavimento;I;Dentro;Urbana;Otra Señal;No existe;Intersección;Bueno;Buena;Nocturna,Con luz artificial;Buen Tiempo;De alcance,Múltiple;Ciclista;Colisión;Ninguna;S/D
738;2021;30/1/2021;Sabado;09:15:00;Ruta Provincial 1;10.0;1;Automóvil; ;1;0;0;0;0;1;Ruta;SAN JOSÉ DEL RINCÓN;La Capital;Asfalto;S/D;I;Dentro;Urbana;Otra Señal;Funciona;Intersección;S/D;S/D;Diurna;S/D;De alcance,Múltiple;S/D;Colisión;S/D;S/D
739;2021;30/1/2021;Sabado;05:30:00;Ruta Provincial 21;18.0;2;Moto/Ciclomotor,Pickup/Utilitario;Juan B Justo Bis ;2;0;0;1;1;0;Ruta;ARROYO SECO;Rosario;Asfalto;No existe;II;Dentro;Rural;Otra Señal;Funciona;Intersección;Bueno;Buena;Nocturna;Buen Tiempo;De alcance,Múltiple;S/D;Colisión;Ninguna;Vertical
740;2021;30/1/2021;Sabado;;;0.0;1;Pickup/Utilitario; ;1;1;0;0;0;0;S/D;CAÑADA ROSQUÍN;San MARTÍN;S/D;S/D;XVIII;S/D;S/D;Otra Señal;S/D;Intersección;S/D;S/D;S/D;S/D;De alcance,Múltiple;S/D;Colisión;S/D;S/D
741;2021;30/1/2021;Sabado;;;0.0;2;Moto/Ciclomotor,Automóvil;Calle 44-27 de Abril Y Calle 57-Prof Roberto Roveda;2;1;0;1;0;0;Calle;RECONQUISTA;General Obligado;Asfalto;S/D;IX;Dentro;Urbana;Otra Señal;S/D;Intersección;S/D;S/D;S/D;S/D;De alcance,Múltiple;S/D;Colisión;S/D;S/D
742;2021;30/1/2021;Sabado;17:00:00;;0.0;2;Moto/Ciclomotor,Automóvil;Calle 2-Constituyentes Y Calle 4 - Ledesma;2;1;0;1;0;0;Calle;RECONQUISTA;General Obligado;Asfalto;S/D;IX;Dentro;Urbana;Otra Señal;S/D;Intersección;S/D;S/D;Diurna;S/D;De alcance,Múltiple;S/D;Colisión;S/D;S/D
743;2021;30/1/2021;Sabado;22:00:00;;0.0;2;Moto/Ciclomotor,Automóvil;Rosario 240;4;3;0;1;0;0;Calle;ANGÉLICA;Castellanos;Hormigón;No existe;V;Dentro;Urbana;Otra Señal;No existe;Intersección;Bueno;S/D;Nocturna;Buen Tiempo;Múltiple;S/D;Colisión;S/D;S/D
744;2021;30/1/2021;Sabado;;;0.0;2;Moto/Ciclomotor,Peatón;Gálvez Y Gorriti;2;1;0;0;0;1;Calle;ROSARIO;Constitución;S/D;S/D;II;S/D;S/D;Otra Señal;S/D;Intersección;S/D;S/D;S/D;S/D;Múltiple;Peatón;Colisión;S/D;S/D
745;2021;30/1/2021;Sabado;;;0.0;1;Moto/Ciclomotor; ;1;1;0;0;0;0;S/D;ROSARIO;Constitución;S/D;S/D;II;S/D;S/D;Otra Señal;S/D;Intersección;S/D;S/D;S/D;S/D;Múltiple;S/D;Colisión;S/D;S/D
746;2021;30/1/2021;Sabado;;;0.0;1;Moto/Ciclomotor;Colombia Bis Y Gorriti;1;1;0;0;0;0;Calle;ROSARIO;Constitución;S/D;S/D;II;S/D;S/D;Otra Señal;S/D;Intersección;S/D;S/D;S/D;S/D;Múltiple;S/D;Colisión;S/D;S/D
747;2021;30/1/2021;Sabado;23:00:00;;0.0;1;Automóvil; ;4;1;0;2;0;0;Camino Rural;TARTAGAL;Constitución;S/D;S/D;XIX;Dentro;Rural;Otra Señal;No existe;Intersección;S/D;S/D;Nocturna;S/D;Múltiple;S/D;Colisión;S/D;S/D
748;2021;31/1/2021;Domingo;11:35:00;;0.0;2;Pickup/Utilitario,Moto/Ciclomotor;15 de Agosto Y Güemes;2;1;0;1;0;0;Calle;SAN JERÓNIMO NORTE;Las Colonias;Asfalto;No existe;XI;Dentro;Urbana;Otra Señal;No existe;Intersección;Bueno;Buena;Diurna;Buen Tiempo;De alcance,Múltiple;S/D;Colisión;S/D;S/D
749;2021;31/1/2021;Domingo;00:00:00;;0.0;2;Moto/Ciclomotor,Bicicleta;Av. San Martin ;2;1;0;1;0;0;Avenida;FRAY LUIS BELTRÁN;San Lorenzo;Hormigón;No existe;XVII;S/D;Urbana;Otra Señal;No existe;Intersección;S/D;Buena;Nocturna;S/D;De alcance,Múltiple;Ciclista;Colisión;S/D;Faltante
750;2021;31/1/2021;Domingo;14:15:00;;0.0;2;Automóvil,Moto/Ciclomotor;Av. A del Valle Y Callejón Funes;2;1;0;1;0;0;Avenida;SANTA FE;La Capital;S/D;No existe;I;Dentro;Urbana;Otra Señal;No existe;Intersección;S/D;S/D;Diurna;Otro;De alcance,Múltiple;S/D;Colisión;S/D;Vertical
751;2021;31/1/2021;Domingo;04:00:00;Ruta Provincial 5;0.0;2;Automóvil,Automóvil; ;3;1;0;2;0;0;Ruta;MONTE VERA;La Capital;Asfalto;S/D;I;Dentro;Rural;Otra Señal;No existe;Intersección;S/D;S/D;Nocturna;S/D;De alcance,Múltiple;S/D;Colisión;S/D;S/D
752;2021;31/1/2021;Domingo;00:30:00;Ruta Nacional 33;0.0;1;Camión; ;1;1;0;0;0;0;Ruta;PEREZ;Rosario;Asfalto;S/D;II;Dentro;Rural;Otra Señal;No existe;Intersección;S/D;S/D;S/D;S/D;De alcance,Múltiple;S/D;Colisión;S/D;S/D
753;2021;31/1/2021;Domingo;;;0.0;3;Moto/Ciclomotor,Moto/Ciclomotor,Automóvil; ;3;2;0;1;0;0;S/D;ESPERANZA;Las Colonias;S/D;S/D;XI;S/D;S/D;Otra Señal;S/D;Intersección;S/D;S/D;S/D;S/D;De alcance,Múltiple;S/D;Colisión;S/D;S/D
754;2021;31/1/2021;Domingo;18:20:00;;0.0;2;Moto/Ciclomotor,Otros;Av. A del Valle Y Vieytes;3;2;0;1;0;0;Avenida;SANTA FE;La Capital;Asfalto;S/D;I;S/D;S/D;Otra Señal;S/D;Intersección;S/D;S/D;Atardecer;S/D;De alcance,Múltiple;S/D;Colisión;S/D;S/D
755;2021;31/1/2021;Domingo;18:55:00;;0.0;2;Moto/Ciclomotor,Pickup/Utilitario;Calle 33-Pueyrredon Y Calle 8-Chacabuco;2;1;0;1;0;0;Calle;RECONQUISTA;General Obligado;Asfalto;S/D;IX;Dentro;Urbana;Otra Señal;S/D;Intersección;S/D;S/D;Atardecer;S/D;De alcance,Múltiple;S/D;Colisión;S/D;S/D
756;2021;31/1/2021;Domingo;14:40:00;Ruta Provincial 6;0.0;2;Moto/Ciclomotor,Camión Chasis;Soler ;2;1;0;1;0;0;Ruta;ESPERANZA;Las Colonias;Asfalto;Natural;XI;S/D;Urbana;Otra Señal;S/D;Intersección;Bueno;Buena;Diurna;Buen Tiempo;De alcance,Múltiple;S/D;Colisión;Ninguna;Faltante
757;2021;31/1/2021;Domingo;21:00:00;Autovía Nacional Rosario -Cordoba;0.0;2;Automóvil,Tractor; ;4;1;0;3;0;0;Autovía;COLONIA CELLO;Castellanos;Asfalto;Natural;V;Dentro;Rural;Otra Señal;No existe;Intersección;Bueno;Reducida;Nocturna;Lluvia;Múltiple;S/D;Colisión;Agua;Horizontal
758;2021;31/1/2021;Domingo;;;0.0;1;Moto/Ciclomotor;Perú 2327;1;1;0;0;0;0;Calle;ROSARIO;Constitución;S/D;S/D;II;S/D;S/D;Otra Señal;S/D;Intersección;S/D;S/D;S/D;S/D;Múltiple;S/D;Colisión;S/D;S/D
759;2021;31/1/2021;Domingo;;;0.0;1;Moto/Ciclomotor; ;1;1;0;0;0;0;S/D;ROSARIO;Constitución;S/D;S/D;II;S/D;S/D;Otra Señal;S/D;Intersección;S/D;S/D;S/D;S/D;Múltiple;S/D;Colisión;S/D;S/D
760;2021;31/1/2021;Domingo;;;0.0;1;Camión;Av. Luis Carballo Y Vélez Sarsfield;2;1;0;0;0;1;Avenida;ROSARIO;Constitución;S/D;S/D;II;S/D;S/D;Otra Señal;S/D;Intersección;S/D;S/D;S/D;S/D;Múltiple;S/D;Colisión;S/D;S/D
761;2021;31/1/2021;Domingo;;;0.0;1;Moto/Ciclomotor; ;1;1;0;0;0;0;S/D;ROSARIO;Constitución;S/D;S/D;II;S/D;S/D;Otra Señal;S/D;Intersección;S/D;S/D;S/D;S/D;Múltiple;S/D;Colisión;S/D;S/D
762;2021;1/2/2021;Lunes;18:10:00;;0.0;2;Moto/Ciclomotor,Automóvil;Av. de los Trabaj. Ferroviario 1400;3;1;0;2;0;0;Avenida;SAN CRISTÓBAL;San CRISTÓBAL;Asfalto;No existe;XIII;Dentro;Urbana;Ninguna;No existe;Intersección;Bueno;Buena;Diurna;Buen Tiempo;De alcance;S/D;Colisión;Ninguna;Faltante
763;2021;1/2/2021;Lunes;21:30:00;;0.0;2;Automóvil,Moto/Ciclomotor;Cristóbal Colon Y Gálvez;2;1;0;1;0;0;Calle;ARROYO SECO;Rosario;Hormigón;No existe;II;Dentro;Urbana;Ninguna;No existe;Intersección;Bueno;Buena;Nocturna;Buen Tiempo;Lateral;S/D;Colisión;Ninguna;Faltante
764;2021;1/2/2021;Lunes;18:30:00;;0.0;2;Moto/Ciclomotor,Automóvil;Mariano Moreno 2241;2;1;0;1;0;0;Calle;ROSARIO;Rosario;Asfalto;No existe;II;Dentro;Urbana;Otra Señal;No existe;Intersección;Bueno;Buena;Diurna;Buen Tiempo;Múltiple;S/D;Colisión;Ninguna;Faltante
765;2021;1/2/2021;Lunes;07:10:00;;0.0;2;Moto/Ciclomotor,Automóvil;Av. Ntra.Sra.del Rosario Y Av. Ovidio Lagos;2;1;0;1;0;0;Avenida;ROSARIO;Rosario;Asfalto;No existe;II;Dentro;Urbana;Otra Señal;Funciona;Intersección;Bueno;Buena;Diurna;Otro;Múltiple;S/D;Colisión;Ninguna;Horizontal,Vertical
766;2021;1/2/2021;Lunes;15:45:00;;0.0;2;Moto/Ciclomotor,Moto/Ciclomotor;Olavarría Bis Y Pje. Atacalco;4;1;0;3;0;0;Calle;ROSARIO;Rosario;Tierra;No existe;II;Dentro;Urbana;Otra Señal;No existe;Intersección;Deteriorada;Buena;Diurna;Buen Tiempo;Múltiple;S/D;Colisión;Ninguna;Faltante
767;2021;1/2/2021;Lunes;06:15:00;Ruta Provincial 4;73.0;1;Pickup/Utilitario; ;1;1;0;0;0;0;Ruta;LA PELADA;Las Colonias;Asfalto;Natural;XI;Dentro;Rural;Otra Señal;No existe;Intersección;Resbaladiza;Reducida;Diurna;Lluvia;Múltiple;S/D;Colisión;Agua;Horizontal
768;2021;1/2/2021;Lunes;10:05:00;Ruta Nacional 11;0.0;2;Moto/Ciclomotor,Automóvil;Av. San Lorenzo Y Florida;2;1;0;1;0;0;Ruta;CAPITÁN BERMÚDEZ;San Lorenzo;Asfalto;No existe;XVII;Dentro;Urbana;Otra Señal;Funciona;Intersección;Bueno;Buena;Diurna;Buen Tiempo;Múltiple;S/D;Colisión;Ninguna;Horizontal,Vertical
769;2021;1/2/2021;Lunes;08:00:00;Ruta Nacional 11;0.0;2;Moto/Ciclomotor,Automóvil;Av. San Lorenzo Y Misiones;2;1;0;1;0;0;Ruta;CAPITÁN BERMÚDEZ;San Lorenzo;Asfalto;No existe;XVII;Dentro;Urbana;Otra Señal;No existe;Intersección;Bueno;Buena;Diurna;Buen Tiempo;Múltiple;S/D;Colisión;Ninguna;Horizontal
770;2021;1/2/2021;Lunes;;Autopista Nacional Rosario -Cordoba;381.0;1;Pickup/Utilitario; ;2;2;0;0;0;0;Autopista;ARMSTRONG;Belgrano;Asfalto;Pavimento;III;Dentro;Rural;Otra Señal;No existe;Intersección;Bueno;Buena;Diurna;Buen Tiempo;Múltiple;S/D;Colisión;Ninguna;Horizontal
771;2021;1/2/2021;Lunes;;;0.0;2;Automóvil,Moto/Ciclomotor; ;3;2;0;1;0;0;S/D;SAN CARLOS CENTRO;Las Colonias;S/D;S/D;XI;S/D;S/D;Otra Señal;S/D;Intersección;S/D;S/D;S/D;S/D;Múltiple;S/D;Colisión;Ninguna;Faltante
772;2021;1/2/2021;Lunes;;Autovía Nacional 19;113.0;4;Camión,Tractor,Tractor,Tractor; ;4;1;0;3;0;0;Autovía;COLONIA CELLO;Castellanos;Asfalto;Natural;V;Dentro;Rural;Otra Señal;No existe;Intersección;S/D;S/D;Nocturna;S/D;Múltiple;S/D;Colisión;S/D;Horizontal
773;2021;1/2/2021;Lunes;11:00:00;;0.0;2;Taxi/Remis,Automóvil;4 de Enero Y La Rioja;2;1;0;1;0;0;Calle;SANTA FE;La Capital;Asfalto;No existe;I;Dentro;Urbana;Otra Señal;No existe;Intersección;Bueno;Buena;Diurna;Buen Tiempo;Múltiple;S/D;Colisión;Ninguna;Horizontal
774;2021;1/2/2021;Lunes;18:00:00;;0.0;2;Bicicleta,Automóvil;Av. Freyre Y Catamarca;2;1;0;1;0;0;Avenida;SANTA FE;La Capital;Asfalto;No existe;I;Dentro;Urbana;Otra Señal;No existe;Intersección;Bueno;Buena;Diurna;Buen Tiempo;Múltiple;Ciclista;Colisión;Ninguna;Faltante
775;2021;1/2/2021;Lunes;;;0.0;2;Moto/Ciclomotor,Automóvil; ;3;2;0;1;0;0;S/D;SANTA FE;La Capital;S/D;S/D;I;S/D;S/D;Otra Señal;S/D;S/D;S/D;S/D;S/D;S/D;Múltiple;S/D;Colisión;S/D;S/D
776;2021;1/2/2021;Lunes;;;0.0;2;Moto/Ciclomotor,Transporte de Pasajeros (H/ 8 asientos); ;4;1;0;3;0;0;S/D;SANTA FE;La Capital;S/D;S/D;I;S/D;S/D;Otra Señal;S/D;S/D;S/D;S/D;S/D;S/D;Múltiple;S/D;Colisión;S/D;S/D
777;2021;1/2/2021;Lunes;;;0.0;2;Bicicleta,Automóvil; ;2;1;0;1;0;0;S/D;SANTA FE;La Capital;S/D;S/D;I;S/D;S/D;Otra Señal;S/D;S/D;S/D;S/D;S/D;S/D;Múltiple;Ciclista;Colisión;S/D;S/D
778;2021;1/2/2021;Lunes;17:30:00;Ruta Provincial 1;91.0;2;Moto/Ciclomotor,Moto/Ciclomotor; ;2;0;0;0;1;0;Ruta;HELVECIA;Garay;Asfalto;S/D;VII;S/D;Rural;Otra Señal;No existe;Intersección;Bueno;Buena;Diurna;Buen Tiempo;De alcance,Múltiple;S/D;Colisión;Ninguna;S/D
779;2021;1/2/2021;Lunes;01:15:00;;0.0;1;Moto/Ciclomotor;Calle 4 - Ledesma Y Calle 25-Rivadavia;1;0;0;0;1;0;Calle;RECONQUISTA;General Obligado;Asfalto;No existe;IX;S/D;Urbana;Otra Señal;No existe;Intersección;Bueno;S/D;Nocturna;S/D;De alcance,Múltiple;S/D;Colisión;S/D;Faltante
780;2021;1/2/2021;Lunes;21:50:00;;0.0;1;Moto/Ciclomotor; ;1;1;0;0;0;0;S/D;ROSARIO;Rosario;S/D;S/D;II;S/D;S/D;Otra Señal;S/D;Intersección;S/D;S/D;Nocturna;S/D;Múltiple;S/D;Colisión;S/D;S/D
781;2021;1/2/2021;Lunes;05:00:00;;0.0;1;Moto/Ciclomotor; ;1;1;0;0;0;0;S/D;ROSARIO;Constitución;S/D;S/D;II;S/D;S/D;Otra Señal;S/D;Intersección;S/D;S/D;Nocturna;S/D;Múltiple;S/D;Colisión;S/D;S/D
782;2021;1/2/2021;Lunes;15:00:00;;0.0;1;Bicicleta; ;1;1;0;0;0;0;S/D;ROSARIO;Constitución;S/D;S/D;II;S/D;S/D;Otra Señal;S/D;Intersección;S/D;S/D;Diurna;S/D;Múltiple;S/D;Colisión;S/D;S/D
783;2021;1/2/2021;Lunes;17:00:00;;0.0;1;Moto/Ciclomotor; ;1;1;0;0;0;0;S/D;ROSARIO;Constitución;S/D;S/D;II;S/D;S/D;Otra Señal;S/D;Intersección;S/D;S/D;Diurna;S/D;Múltiple;S/D;Colisión;S/D;S/D
784;2021;1/2/2021;Lunes;00:30:00;;0.0;2;Moto/Ciclomotor,Camión;Av. Luis Carballo Y Diaz Vélez;2;0;0;1;0;0;Avenida;ROSARIO;Constitución;Asfalto;No existe;II;Dentro;Urbana;Otra Señal;No existe;Intersección;Bueno;Buena;Nocturna,Con luz artificial;S/D;Múltiple;S/D;Colisión;Ninguna;Vertical
785;2021;1/2/2021;Lunes;08:30:00;;0.0;2;Automóvil,Bicicleta;Maipú Y Rivadavia;2;0;0;1;0;0;Calle;LAS ROSAS;Constitución;Asfalto;No existe;III;Dentro;Urbana;Otra Señal;No existe;Intersección;Bueno;Buena;Diurna;Buen Tiempo;Múltiple;Ciclista;Colisión;Ninguna;Faltante
786;2021;1/2/2021;Lunes;;;0.0;2;Pickup/Utilitario,Moto/Ciclomotor; ;2;0;0;1;0;0;S/D;FIRMAT;Constitución;S/D;S/D;VIII;S/D;S/D;Otra Señal;S/D;Intersección;S/D;S/D;S/D;S/D;Múltiple;S/D;Colisión;S/D;S/D
787;2021;1/2/2021;Lunes;08:40:00;;0.0;2;Automóvil,Bicicleta;Calle 23-Gral López Y Calle 24 - Olessio;2;0;0;1;0;0;Calle;RECONQUISTA;Constitución;Asfalto;No existe;IX;Dentro;Urbana;Otra Señal;No existe;Intersección;S/D;Buena;Diurna;Buen Tiempo;Múltiple;Ciclista;Colisión;S/D;Faltante
788;2021;1/2/2021;Lunes;12:15:00;;0.0;2;Automóvil,Bicicleta;Calle 26 - Bolívar Y Calle 33-Pueyrredon;2;0;0;1;0;0;Calle;RECONQUISTA;Constitución;Asfalto;No existe;IX;Dentro;Urbana;Otra Señal;No existe;Intersección;S/D;Buena;Diurna;Buen Tiempo;Múltiple;Ciclista;Colisión;S/D;Faltante
789;2021;1/2/2021;Lunes;18:10:00;;0.0;2;Ambulancia,Moto/Ciclomotor;Avenida San Martin Y Ruta Nacional 11;2;0;0;1;0;0;Avenida;VILLA OCAMPO;Constitución;Asfalto;Pavimento;IX;Dentro;Urbana;Otra Señal;No existe;Intersección;S/D;S/D;Diurna;S/D;Múltiple;S/D;Colisión;S/D;Horizontal
790;2021;1/2/2021;Lunes;16:35:00;;0.0;2;Moto/Ciclomotor,Automóvil;Calle 24 - Olessio Y Calle 105-Alicia Moreau;2;0;0;1;0;0;Calle;RECONQUISTA;Constitución;Asfalto;No existe;IX;Dentro;Urbana;Otra Señal;S/D;Intersección;S/D;S/D;Diurna;S/D;Múltiple;S/D;Colisión;S/D;S/D
791;2021;2/2/2021;Martes;15:55:00;;0.0;2;Automóvil,Moto/Ciclomotor;J.J.Paso Y J.M.de Rosas;2;1;0;1;0;0;Avenida;ROSARIO;Rosario;Asfalto;No existe;II;Dentro;Urbana;Otra Señal;No existe;Intersección;Bueno;Buena;Diurna;Buen Tiempo;Lateral;S/D;Colisión;Ninguna;Faltante
792;2021;2/2/2021;Martes;07:00:00;Ruta Nacional 33;0.0;2;Automóvil,Automóvil;Av. De Las Palmeras Y Av. Pte. Perón;2;1;0;1;0;0;Ruta;ROSARIO;Rosario;Asfalto;No existe;II;Dentro;Urbana;Otra Señal;Funciona;Intersección;Bueno;Buena;Amanecer;Buen Tiempo;De alcance;S/D;Colisión;Ninguna;Horizontal,Vertical
793;2021;2/2/2021;Martes;23:45:00;;0.0;2;Automóvil,Pickup/Utilitario;Bv. Seguí Y Laprida;8;3;0;5;0;0;Avenida;ROSARIO;Rosario;Asfalto;No existe;II;Dentro;Urbana;Otra Señal;No existe;Intersección;Bueno;Buena;Nocturna,Con luz artificial;Buen Tiempo;Lateral;S/D;Colisión;Ninguna;Vertical
794;2021;2/2/2021;Martes;18:00:00;;0.0;2;Automóvil,Pickup/Utilitario;Bv. Avellaneda Y Montevideo;3;1;0;2;0;0;Avenida;ROSARIO;Rosario;Asfalto;No existe;II;Dentro;Urbana;Otra Señal;Funciona;Intersección;Bueno;Buena;Diurna;Buen Tiempo;Múltiple;S/D;Colisión;Ninguna;Horizontal,Vertical
795;2021;2/2/2021;Martes;09:55:00;;0.0;2;Moto/Ciclomotor,Automóvil;Av. Iriondo Y E López;2;1;0;1;0;0;Avenida;SAN JUSTO;San Justo;Asfalto;No existe;XVI;Dentro;Urbana;Otra Señal;No existe;Intersección;Bueno;Buena;Diurna;Lluvia;Múltiple;S/D;Colisión;Agua;Faltante
796;2021;2/2/2021;Martes;19:30:00;;0.0;2;Bicicleta,Automóvil;Av. San Martin 407;2;1;0;1;0;0;Avenida;PUERTO SAN MARTÍN;San Lorenzo;Asfalto;No existe;XVII;Dentro;Urbana;Otra Señal;No existe;Intersección;Bueno;Reducida;Atardecer;Buen Tiempo;Múltiple;Ciclista;Colisión;Ninguna;Horizontal
797;2021;2/2/2021;Martes;21:00:00;;0.0;1;Moto/Ciclomotor;Baigorria 2100;1;1;0;0;0;0;Calle;ROSARIO;Rosario;Asfalto;No existe;II;Dentro;Urbana;Otra Señal;No existe;Intersección;Bueno;Buena;Diurna;Buen Tiempo;Múltiple;S/D;Colisión;Ninguna;Faltante
798;2021;2/2/2021;Martes;;;0.0;2;Moto/Ciclomotor,Pickup/Utilitario; ;2;1;0;1;0;0;S/D;SAN JERÓNIMO NORTE;Las Colonias;S/D;S/D;XI;S/D;S/D;Otra Señal;S/D;Intersección;S/D;S/D;S/D;S/D;Múltiple;S/D;Colisión;Ninguna;S/D
799;2021;2/2/2021;Martes;18:00:00;;0.0;2;Pickup/Utilitario,Moto/Ciclomotor;Avenida Rivadavia Y Independencia;3;2;0;1;0;0;Avenida;TOSTADO;9 de Julio;Asfalto;No existe;XII;Dentro;Urbana;Otra Señal;S/D;Intersección;Bueno;Buena;Diurna;Buen Tiempo;Múltiple;S/D;Colisión;Ninguna;S/D
800;2021;2/2/2021;Martes;;Ruta Secundaria 91-s;0.0;1;Moto/Ciclomotor;ALGARROBOS ;1;1;0;0;0;0;Ruta;VILLA MINETTI;9 de Julio;Asfalto;No existe;XII;Dentro;Urbana;Otra Señal;S/D;Intersección;Bueno;Buena;S/D;Buen Tiempo;Múltiple;S/D;Colisión;Ninguna;S/D
801;2021;2/2/2021;Martes;12:00:00;;0.0;2;Automóvil,Pickup/Utilitario;A Lezama 3100;4;1;0;3;0;0;Calle;VERA;Vera;Asfalto;No existe;XIX;Dentro;Urbana;Otra Señal;S/D;Intersección;Bueno;Reducida;Diurna;Lluvia;Múltiple;S/D;Colisión;Agua;S/D
802;2021;2/2/2021;Martes;10:45:00;;0.0;2;Automóvil,Moto/Ciclomotor;Moreno Y Rivadavia;2;1;0;1;0;0;Calle;VILLA OCAMPO;General Obligado;S/D;S/D;IX;Dentro;Urbana;Otra Señal;S/D;Intersección;S/D;S/D;Diurna;S/D;Múltiple;S/D;Colisión;S/D;S/D
803;2021;2/2/2021;Martes;08:00:00;;0.0;1;Moto/Ciclomotor;Ballesteros Y Moreno;1;1;0;0;0;0;Calle;CAÑADA DE GÓMEZ;Iriondo;Asfalto;No existe;X;Dentro;Urbana;Otra Señal;No existe;Intersección;S/D;S/D;Diurna;S/D;Múltiple;S/D;Colisión;S/D;Faltante
804;2021;2/2/2021;Martes;;;0.0;1;Moto/Ciclomotor;Bv. Balcarce Y San Martin;1;1;0;0;0;0;Avenida;CAÑADA DE GÓMEZ;Iriondo;Asfalto;No existe;X;Dentro;Urbana;Otra Señal;No existe;Intersección;S/D;S/D;S/D;S/D;Múltiple;S/D;Colisión;S/D;Vertical
805;2021;2/2/2021;Martes;16:50:00;;0.0;2;Automóvil,Moto/Ciclomotor;9 De Julio Y Gutenberg;3;2;0;1;0;0;Calle;ROSARIO;Rosario;Asfalto;No existe;II;Dentro;Urbana;Otra Señal;No existe;Intersección;Bueno;Buena;Diurna;Buen Tiempo;Múltiple;S/D;Colisión;Ninguna;Faltante
806;2021;2/2/2021;Martes;20:30:00;Ruta Provincial 2;32.0;2;Pickup/Utilitario,Bicicleta; ;2;0;0;1;1;0;Ruta;LAGUNA PAIVA;La Capital;S/D;Natural;I;S/D;Rural;Otra Señal;No existe;Intersección;Resbaladiza;Reducida;Nocturna;Lluvia;De alcance,Múltiple;Ciclista;Colisión;Agua;Horizontal
807;2021;2/2/2021;Martes;17:00:00;;0.0;2;Moto/Ciclomotor,Automóvil;21 de setiembre Y Cristóbal Colon;2;1;0;0;0;1;Calle;GRANADERO BAIGORRIA;Rosario;Asfalto;No existe;II;Dentro;Urbana;Otra Señal;No existe;Intersección;Bueno;S/D;Diurna;S/D;Múltiple;S/D;Colisión;S/D;Faltante
808;2021;2/2/2021;Martes;19:00:00;;0.0;1;Bicicleta;Cerrito Y Larrea;1;1;0;0;0;0;Calle;ROSARIO;Rosario;Asfalto;No existe;II;Dentro;Urbana;Otra Señal;No existe;Intersección;Bueno;S/D;Diurna;S/D;Múltiple;S/D;Colisión;S/D;Faltante