ID_Accidente;A�o;Fecha;Dia;Hopra;Ruta/Autop;km;Participantes;Tipo;Lugar;Total;Heridos Leves;Heridos Graves;Ilesos;Fallecidos;Sin datos;desc_tipo_via;desc_loc;desc_dpto;|;desc_tipo_banquina;desc_unidad_regional;desc_lugar_calzada;desc_zona;desc_prioridad;desc_estado_semaforo;desc_lugar_via;desc_estado_via;desc_estado_visibilidad;desc_luminosidad;desc_estado_clima;desc_tipo_colision;desc_tipo_atropello;desc_tipo_hecho;desc_pres_calzada;desc_senializacion
809;2021;2/2/2021;Martes;20:20:00;;0.0;2;Moto/Ciclomotor,Automóvil;Av. Pellegrini ;2;1;0;0;0;1;Avenida;ROSARIO;Rosario;Asfalto;S/D;II;Dentro;Urbana;Otra Señal;S/D;Intersección;S/D;S/D;Nocturna;S/D;Múltiple;S/D;Colisión;S/D;S/D
810;2021;2/2/2021;Martes;10:30:00;;0.0;1;Moto/Ciclomotor;Ayolas Y J.M.de Rosas;1;0;0;0;0;0;Calle;ROSARIO;Constitución;Asfalto;No existe;II;Dentro;Urbana;Otra Señal;No existe;Intersección;Bueno;S/D;Diurna;S/D;Múltiple;S/D;Colisión;Ninguna;Horizontal,Vertical
811;2021;2/2/2021;Martes;19:30:00;;0.0;2;Peatón,Automóvil;Gral. Urquiza 1250;2;0;0;1;0;0;Calle;GREGORIA P. DE DENIS;Constitución;Asfalto;No existe;XII;Dentro;Urbana;Otra Señal;S/D;Intersección;Bueno;Buena;Diurna;Buen Tiempo;Múltiple;Peatón;Colisión;Ninguna;Faltante
812;2021;2/2/2021;Martes;21:00:00;;0.0;1;Bicicleta;Bv. Seguí Y San Nicolas;1;0;0;0;0;0;Avenida;ROSARIO;Constitución;Asfalto;No existe;II;Dentro;Urbana;Otra Señal;Funciona;Intersección;Bueno;Buena;S/D;Buen Tiempo;Múltiple;S/D;Colisión;S/D;Horizontal,Vertical
813;2021;3/2/2021;Miercoles;09:25:00;;0.0;2;Moto/Ciclomotor,Moto/Ciclomotor;Caseros Y Oroño;3;2;0;1;0;0;Calle;SAN CRISTÓBAL;San CRISTÓBAL;Asfalto;No existe;XIII;Dentro;Urbana;Ninguna;No existe;Intersección;Bueno;Reducida;Diurna;Lluvia;Lateral;S/D;Colisión;Agua;Faltante
814;2021;3/2/2021;Miercoles;17:40:00;;0.0;2;Automóvil,Moto/Ciclomotor;Alvear Y Corrientes;4;3;0;1;0;0;Calle;VILLA GOBERNADOR GÁLVEZ;Rosario;Asfalto;No existe;II;Dentro;Urbana;Otra Señal;No existe;Intersección;Deteriorada;Buena;Diurna;Buen Tiempo;Frontal;S/D;Colisión;Ninguna;Faltante
815;2021;3/2/2021;Miercoles;16:50:00;;0.0;3;Peatón,Automóvil,Automóvil;Italia Y Tucumán;3;1;0;2;0;0;Calle;ROSARIO;Rosario;Asfalto;No existe;II;Dentro;Urbana;Otra Señal;No existe;Intersección;Bueno;Buena;Diurna;Buen Tiempo;Múltiple;Peatón;Colisión;Ninguna;Horizontal,Vertical
816;2021;3/2/2021;Miercoles;18:10:00;;0.0;2;Moto/Ciclomotor,Automóvil;Lavalle Y Urquiza;3;2;0;1;0;0;Calle;ROSARIO;Rosario;Asfalto;No existe;II;Dentro;Urbana;Otra Señal;No existe;Intersección;Bueno;Buena;Diurna;Buen Tiempo;Múltiple;S/D;Colisión;Ninguna;Faltante
817;2021;3/2/2021;Miercoles;13:05:00;Ruta Provincial 70;26.0;2;Automóvil,Automóvil; ;3;1;0;2;0;0;Ruta;HUMBOLDT;Las Colonias;Asfalto;Natural;XI;Dentro;Urbana;Otra Señal;No existe;Intersección;Bueno;Buena;Diurna;Buen Tiempo;Múltiple;S/D;Colisión;Ninguna;Faltante
818;2021;3/2/2021;Miercoles;19:40:00;;0.0;2;Peatón,Automóvil;Maipú 700;2;1;0;1;0;0;Calle;PUERTO SAN MARTÍN;San Lorenzo;Asfalto;No existe;XVII;Dentro;Urbana;Otra Señal;No existe;Intersección;Bueno;Buena;Atardecer;Buen Tiempo;Múltiple;Peatón;Colisión;Ninguna;Faltante
819;2021;3/2/2021;Miercoles;21:40:00;Ruta Nacional 9;0.0;1;Moto/Ciclomotor;Malvinas e Islas del Sur Y Ruta Nacional 9;1;1;0;0;0;0;Ruta;ROLDÁN;San Lorenzo;Asfalto;Ripio;XVII;Dentro;Urbana;Otra Señal;No existe;Intersección;Bueno;Buena;Nocturna,Con luz artificial;Buen Tiempo;Múltiple;S/D;Colisión;Ninguna;Horizontal
820;2021;3/2/2021;Miercoles;18:30:00;;0.0;2;Moto/Ciclomotor,Automóvil;Av. San Martin 3000;3;1;0;2;0;0;Avenida;SAN LORENZO;San Lorenzo;Asfalto;No existe;XVII;Dentro;Urbana;Otra Señal;No existe;Intersección;Bueno;Buena;Diurna;Buen Tiempo;Múltiple;S/D;Colisión;Ninguna;Horizontal,Vertical
821;2021;3/2/2021;Miercoles;23:20:00;;0.0;1;Moto/Ciclomotor;Lavalle Y 1 de Mayo;3;3;0;0;0;0;Calle;FRAY LUIS BELTRÁN;San Lorenzo;Tierra;No existe;XVII;Dentro;Urbana;Otra Señal;No existe;Intersección;Con baches;Reducida;Nocturna;Otro;Múltiple;S/D;Colisión;Ninguna;Faltante
822;2021;3/2/2021;Miercoles;14:15:00;;0.0;2;Automóvil,Moto/Ciclomotor;Bv. Avellaneda Y Gorriti;2;1;0;1;0;0;Avenida;ROSARIO;Rosario;Asfalto;No existe;I;Dentro;Urbana;Otra Señal;Funciona;Intersección;Bueno;Buena;Diurna;Buen Tiempo;Múltiple;S/D;Colisión;Ninguna;Horizontal,Vertical
823;2021;3/2/2021;Miercoles;02:45:00;Ruta Nacional 95;876.0;1;Camión c / Acoplado; ;1;1;0;0;0;0;Ruta;SANTA MARGARITA;9 de Julio;Asfalto;Natural;XII;Fuera;Rural;Otra Señal;No existe;Intersección;Bueno;Reducida;Nocturna;Lluvia;Múltiple;S/D;Colisión;Agua;Faltante
824;2021;3/2/2021;Miercoles;22:00:00;;0.0;2;Moto/Ciclomotor,Peatón;Av. Irigoyen 1150;2;0;0;1;1;0;Avenida;ROSARIO;Rosario;Asfalto;No existe;II;Dentro;Urbana;Otra Señal;No existe;Intersección;Bueno;Buena;Nocturna,Con luz artificial;S/D;Múltiple;Peatón;Colisión;Ninguna;Faltante
825;2021;3/2/2021;Miercoles;12:35:00;;0.0;2;Moto/Ciclomotor,Automóvil;Chaco Y Dr. Ángel Re;3;1;0;2;0;0;Calle;VENADO TUERTO;General LÓPEZ;Asfalto;No existe;VIII;Dentro;Urbana;Otra Señal;No existe;Intersección;S/D;S/D;Diurna;S/D;Múltiple;S/D;Colisión;S/D;Faltante
826;2021;3/2/2021;Miercoles;19:05:00;;0.0;2;Moto/Ciclomotor,Moto/Ciclomotor;Bernardino Rivadavia Y Santa Fe;4;1;0;3;0;0;Calle;VENADO TUERTO;General LÓPEZ;Asfalto;No existe;VIII;Dentro;Urbana;Otra Señal;Funciona;Intersección;S/D;S/D;Atardecer;S/D;Múltiple;S/D;Colisión;S/D;Horizontal,Vertical
827;2021;3/2/2021;Miercoles;18:45:00;;0.0;1;Moto/Ciclomotor;Atlántico 300;4;4;0;0;0;0;Calle;CAÑADA DE GÓMEZ;Iriondo;S/D;No existe;X;Dentro;Urbana;Otra Señal;S/D;Intersección;S/D;S/D;Diurna;S/D;Múltiple;S/D;Colisión;S/D;S/D
828;2021;3/2/2021;Miercoles;12:30:00;;0.0;2;Automóvil,Moto/Ciclomotor;Moreno Y Zavalia;2;1;0;1;0;0;Calle;SANTA FE;La Capital;Asfalto;No existe;I;Dentro;Urbana;Otra Señal;No existe;Intersección;Con baches;Buena;Diurna;Buen Tiempo;Múltiple;S/D;Colisión;Ninguna;Faltante
829;2021;3/2/2021;Miercoles;14:30:00;;0.0;2;Peatón,Automóvil;Pje Dante Alighieri 3700;2;1;0;1;0;0;Calle;SANTA FE;La Capital;Asfalto;Pavimento;I;Dentro;Urbana;Otra Señal;No existe;Intersección;Bueno;Buena;Diurna;Buen Tiempo;Múltiple;Peatón;Colisión;Ninguna;Faltante
830;2021;3/2/2021;Miercoles;08:40:00;;0.0;2;Moto/Ciclomotor,Automóvil;Mendoza Y Pje Esteban Echeverria;2;1;0;1;0;0;Calle;SANTA FE;La Capital;Asfalto;Pavimento;I;Dentro;Urbana;Otra Señal;No existe;Intersección;Bueno;Buena;Diurna;Buen Tiempo;Múltiple;S/D;Colisión;Ninguna;Horizontal
831;2021;3/2/2021;Miercoles;09:10:00;;0.0;2;Moto/Ciclomotor,Automóvil;Av. Freyre Y Bernardo de Irigoyen;2;1;0;1;0;0;Avenida;SANTA FE;La Capital;Asfalto;Pavimento;I;Dentro;Urbana;Otra Señal;No existe;Intersección;Bueno;Buena;Diurna;Buen Tiempo;Múltiple;S/D;Colisión;Ninguna;Faltante
832;2021;3/2/2021;Miercoles;12:00:00;;0.0;2;Moto/Ciclomotor,Automóvil;Av. Freyre Y Catamarca;3;2;0;1;0;0;Avenida;SANTA FE;La Capital;Asfalto;Pavimento;I;Dentro;Urbana;Otra Señal;No existe;Intersección;Bueno;Buena;Diurna;Buen Tiempo;Múltiple;S/D;Colisión;Ninguna;Horizontal
833;2021;3/2/2021;Miercoles;05:30:00;Ruta Nacional 11;481.0;2;Moto/Ciclomotor,Bicicleta; ;2;1;0;1;0;0;Ruta;RECREO;La Capital;Asfalto;Pavimento;I;Dentro;Rural;Otra Señal;No existe;Recta;Bueno;Buena;Amanecer;Buen Tiempo;Múltiple;Ciclista;Colisión;Ninguna;Faltante
834;2021;3/2/2021;Miercoles;19:40:00;Ruta Provincial 1;1.0;2;Moto/Ciclomotor,Moto/Ciclomotor; ;3;1;0;1;0;1;Ruta;SANTA FE;La Capital;Asfalto;Ripio;I;Dentro;Urbana;Otra Señal;Funciona;Recta;Bueno;Buena;Atardecer;Buen Tiempo;Múltiple;S/D;Colisión;Ninguna;Vertical
835;2021;3/2/2021;Miercoles;21:15:00;Ruta Nacional 11;0.0;2;Moto/Ciclomotor,Automóvil;Av. Blas Parera ;2;1;0;1;0;0;Ruta;SANTA FE;La Capital;Asfalto;S/D;I;Dentro;Urbana;Otra Señal;S/D;Recta;S/D;S/D;Nocturna;S/D;Múltiple;S/D;Colisión;S/D;S/D
836;2021;3/2/2021;Miercoles;;;0.0;2;Moto/Ciclomotor,Automóvil;Juan Bautista Alberdi Y Mariano Candioti;2;1;0;1;0;0;Calle;SANTO TOMÉ;La Capital;Asfalto;No existe;I;Dentro;Urbana;Otra Señal;Funciona;Intersección;Bueno;S/D;S/D;S/D;Múltiple;S/D;Colisión;Ninguna;Horizontal,Vertical
837;2021;3/2/2021;Miercoles;08:51:00;Ruta Provincial 10;4.5;2;Camión c / Acoplado,Camión c / Acoplado; ;2;0;0;1;1;0;Ruta;SAN LORENZO;San Lorenzo;Tierra;Natural;XVII;S/D;Rural;Otra Señal;No existe;Intersección;Bueno;S/D;Diurna;S/D;De alcance,Múltiple;S/D;Colisión;S/D;Faltante
838;2021;3/2/2021;Miercoles;05:45:00;Ruta Nacional 11;0.0;2;Bicicleta,Camión Chasis;Malvinas Argentinas Y Ruta Nac 11;2;1;0;1;0;0;Ruta;SAUCE VIEJO;La Capital;Asfalto;Ripio;I;Dentro;Rural;Otra Señal;No existe;Intersección;Bueno;Buena;Amanecer;Buen Tiempo;Múltiple;Ciclista;Colisión;Ninguna;Horizontal
839;2021;3/2/2021;Miercoles;15:20:00;;0.0;2;Moto/Ciclomotor,Automóvil;La Rioja Y Simón de Iriondo;3;2;0;1;0;0;Calle;SANTO TOMÉ;La Capital;Asfalto;No existe;I;Dentro;Urbana;Otra Señal;No existe;Intersección;Bueno;Buena;Diurna;Buen Tiempo;Múltiple;S/D;Colisión;Ninguna;Faltante
840;2021;3/2/2021;Miercoles;17:30:00;;0.0;2;Automóvil,Moto/Ciclomotor;Albert Sabin Y Corazzi Bis;2;1;0;0;0;1;Calle;ROSARIO;Rosario;Asfalto;No existe;II;Dentro;Urbana;Otra Señal;Funciona;Intersección;Bueno;S/D;Diurna;Buen Tiempo;Múltiple;S/D;Colisión;S/D;Horizontal,Vertical
841;2021;3/2/2021;Miercoles;19:00:00;;0.0;1;Otros; ;1;1;0;0;0;0;Camino Rural;SOLDINI;Rosario;S/D;S/D;II;S/D;Rural;Otra Señal;S/D;Intersección;S/D;S/D;S/D;S/D;Múltiple;S/D;Colisión;S/D;S/D
842;2021;3/2/2021;Miercoles;02:00:00;;0.0;1;Otros; ;1;1;0;0;0;0;S/D;ROSARIO;Constitución;S/D;S/D;II;S/D;S/D;Otra Señal;S/D;Intersección;S/D;S/D;Nocturna;S/D;Múltiple;S/D;Colisión;S/D;S/D
843;2021;3/2/2021;Miercoles;19:50:00;;0.0;2;Moto/Ciclomotor,Automóvil;Cafferata Y Ocampo;2;0;0;1;0;0;Calle;ROSARIO;Constitución;Asfalto;No existe;II;Dentro;Urbana;Otra Señal;No existe;Intersección;Bueno;Buena;Atardecer;Buen Tiempo;Múltiple;S/D;Colisión;Ninguna;Faltante
844;2021;3/2/2021;Miercoles;02:20:00;Ruta Nacional 9;247.0;1;Pickup/Utilitario; ;4;3;0;0;0;0;Ruta;EMPALME VILLA CONSTITUCIÓN;Constitución;Asfalto;Natural;VI;Dentro;Rural;Otra Señal;No existe;Intersección;Bueno;Buena;Nocturna;Buen Tiempo;Múltiple;S/D;Colisión;Ninguna;Vertical
845;2021;3/2/2021;Miercoles;17:40:00;;0.0;2;Pickup/Utilitario,Moto/Ciclomotor;Manuel Dorrego Y Neuquén;3;1;0;1;0;0;Calle;VILLA CONSTITUCIÓN;Constitución;Asfalto;No existe;VI;Dentro;Urbana;Otra Señal;No existe;Intersección;Bueno;Buena;Diurna;Buen Tiempo;Múltiple;S/D;Colisión;Ninguna;Faltante
846;2021;4/2/2021;Jueves;18:05:00;;0.0;2;Automóvil,Moto/Ciclomotor;Mendoza Y Ravignani;2;1;0;1;0;0;Avenida;ROSARIO;Rosario;Asfalto;No existe;II;Dentro;Urbana;Ninguna;No existe;Intersección;Bueno;Buena;Diurna;Buen Tiempo;Lateral;S/D;Colisión;Ninguna;Faltante
847;2021;4/2/2021;Jueves;17:20:00;;0.0;2;Moto/Ciclomotor,Automóvil;Av. Filipini Y Ing. Mosconi;2;1;0;1;0;0;Avenida;VILLA GOBERNADOR GÁLVEZ;Rosario;Asfalto;No existe;II;Dentro;Urbana;Otra Señal;Funciona;Intersección;Con baches,Deteriorada;Buena;Diurna;Buen Tiempo;S/D;S/D;Colisión;Ninguna;Faltante
848;2021;4/2/2021;Jueves;11:30:00;;0.0;2;Automóvil,Moto/Ciclomotor;Av. Pellegrini Y Tte.Agneta;2;1;0;1;0;0;Avenida;ROSARIO;Rosario;Asfalto;No existe;II;Dentro;Urbana;Otra Señal;No existe;Intersección;Bueno;Buena;Diurna;Buen Tiempo;De alcance;S/D;Colisión;Ninguna;Horizontal
849;2021;4/2/2021;Jueves;20:10:00;Ruta Provincial 21;0.0;2;Bicicleta,Automóvil;SAN LORENZO ;2;1;0;1;0;0;Ruta;PUEBLO ESTHER;Rosario;Asfalto;No existe;II;Dentro;Urbana;Otra Señal;Funciona;Intersección;Bueno;Buena;Diurna;Buen Tiempo;Lateral;Ciclista;Colisión;Ninguna;Horizontal,Vertical
850;2021;4/2/2021;Jueves;12:20:00;;0.0;2;Pickup/Utilitario,Pickup/Utilitario;Mr.Ross Y San Martin;4;2;0;2;0;0;Avenida;ROSARIO;Rosario;Asfalto;No existe;II;Dentro;Urbana;Otra Señal;Funciona;Intersección;Bueno;Buena;Diurna;Buen Tiempo;Lateral;S/D;Colisión;Ninguna;Horizontal,Vertical
851;2021;4/2/2021;Jueves;12:30:00;Ruta Provincial 21;0.0;2;Moto/Ciclomotor,Automóvil;Av. Gral. San Martin Y Moreno;2;1;0;1;0;0;Ruta;VILLA GOBERNADOR GÁLVEZ;Rosario;Asfalto;No existe;II;Dentro;Urbana;Otra Señal;No existe;Intersección;Bueno;Buena;Diurna;Buen Tiempo;Lateral;S/D;Colisión;Ninguna;Horizontal
852;2021;4/2/2021;Jueves;14:10:00;;0.0;2;Bicicleta,Automóvil;Italia Y Tucumán;2;1;0;1;0;0;Calle;ROSARIO;Rosario;Asfalto;No existe;II;Dentro;Urbana;Otra Señal;No existe;Intersección;Bueno;Buena;Diurna;Buen Tiempo;Múltiple;Ciclista;Colisión;Ninguna;Horizontal,Vertical
853;2021;4/2/2021;Jueves;22:25:00;Autopista Nacional A008;0.0;2;Moto/Ciclomotor,Automóvil;Av. de Circunvalación Y Cervantes;2;1;0;0;0;1;Autopista;VILLA GOBERNADOR GÁLVEZ;Rosario;Asfalto;No existe;II;Dentro;Urbana;Otra Señal;No existe;Intersección;Bueno;Buena;Nocturna,Con luz artificial;Buen Tiempo;Múltiple;S/D;Colisión;Ninguna;Faltante
854;2021;4/2/2021;Jueves;08:50:00;;0.0;2;Moto/Ciclomotor,Pickup/Utilitario;CARLOS TIBALDO Y NICOLAS FIGUREDO;2;1;0;1;0;0;Calle;SAN JUSTO;San Justo;Asfalto;No existe;XVI;Dentro;Urbana;Otra Señal;No existe;Intersección;Bueno;Buena;Diurna;Buen Tiempo;Múltiple;S/D;Colisión;Agua;Faltante
855;2021;4/2/2021;Jueves;17:05:00;Ruta Nacional 11;0.0;2;Automóvil,Moto/Ciclomotor;Av. San Martin ;2;1;0;1;0;0;Ruta;FRAY LUIS BELTRÁN;San Lorenzo;Asfalto;No existe;XVII;Dentro;Urbana;Otra Señal;Funciona;Intersección;Bueno;Buena;Nocturna;Otro;Múltiple;S/D;Colisión;Ninguna;Horizontal,Vertical
856;2021;4/2/2021;Jueves;;;0.0;2;Moto/Ciclomotor,Automóvil; ;2;1;0;1;0;0;S/D;ESPERANZA;Las Colonias;S/D;S/D;XI;S/D;S/D;Otra Señal;S/D;Intersección;S/D;S/D;S/D;Buen Tiempo;Múltiple;S/D;Colisión;S/D;S/D
857;2021;4/2/2021;Jueves;13:00:00;;0.0;1;Moto/Ciclomotor;CAMINO RURAL ;2;2;0;0;0;0;Camino Rural;SAN GENARO;San JERÓNIMO;Tierra;S/D;XV;Dentro;Urbana;Otra Señal;S/D;Intersección;S/D;S/D;S/D;Buen Tiempo;Múltiple;S/D;Colisión;S/D;S/D
858;2021;4/2/2021;Jueves;;;0.0;2;Automóvil,Moto/Ciclomotor;Belgrano Y Bv Lisandro de la Torre;2;1;0;1;0;0;Avenida;SAN JORGE;San MARTÍN;Asfalto;No existe;XVIII;Dentro;Urbana;Otra Señal;No existe;Intersección;Bueno;Buena;Diurna;Buen Tiempo;Múltiple;S/D;Colisión;Ninguna;Vertical
859;2021;4/2/2021;Jueves;12:40:00;;0.0;2;Bicicleta,Peatón;Lisandro de la Torre 3300;2;2;0;0;0;0;Calle;VENADO TUERTO;General LÓPEZ;Hormigón;No existe;VIII;Dentro;Urbana;Otra Señal;No existe;Intersección;S/D;S/D;Diurna;S/D;Múltiple;Peatón;Colisión;S/D;Faltante
860;2021;4/2/2021;Jueves;10:20:00;;0.0;2;Moto/Ciclomotor,Automóvil;Guillermo Brown Y Juan José Castelli;3;2;0;1;0;0;Calle;VENADO TUERTO;General LÓPEZ;Asfalto;No existe;VIII;Dentro;Urbana;Otra Señal;No existe;Intersección;S/D;S/D;Diurna;S/D;Múltiple;S/D;Colisión;S/D;S/D
861;2021;4/2/2021;Jueves;11:40:00;;0.0;1;Moto/Ciclomotor;Callao 200;1;1;0;0;0;0;Calle;CAÑADA DE GÓMEZ;Iriondo;S/D;No existe;X;Dentro;Urbana;Otra Señal;S/D;Intersección;S/D;S/D;Diurna;S/D;Múltiple;S/D;Colisión;S/D;S/D
862;2021;4/2/2021;Jueves;10:10:00;;0.0;2;Automóvil,Moto/Ciclomotor;Calle 3 Y Calle 6;3;2;0;1;0;0;Calle;LAS TOSCAS;General Obligado;Asfalto;No existe;IX;Dentro;Urbana;Otra Señal;No existe;Intersección;Bueno;Buena;Diurna;Buen Tiempo;Múltiple;S/D;Colisión;Ninguna;Faltante
863;2021;4/2/2021;Jueves;12:00:00;;0.0;1;Moto/Ciclomotor;Libertad Y Urquiza;1;1;0;0;0;0;Calle;CAÑADA DE GÓMEZ;Iriondo;S/D;No existe;X;Dentro;Urbana;Otra Señal;No existe;Intersección;S/D;S/D;Diurna;S/D;Múltiple;S/D;Colisión;S/D;S/D
864;2021;4/2/2021;Jueves;14:00:00;;0.0;2;Moto/Ciclomotor,Automóvil;Av. Freyre Y Salta;2;1;0;1;0;0;Avenida;SANTA FE;La Capital;Asfalto;Pavimento;I;Dentro;Urbana;Otra Señal;No existe;Intersección;Bueno;Buena;Diurna;Buen Tiempo;Múltiple;S/D;Colisión;Ninguna;Faltante
865;2021;4/2/2021;Jueves;10:00:00;;0.0;2;Moto/Ciclomotor,Taxi/Remis;Alvear Y Derqui;3;1;0;2;0;0;Calle;SANTA FE;La Capital;Asfalto;No existe;I;Dentro;Urbana;Otra Señal;No existe;Intersección;Bueno;Buena;Diurna;Buen Tiempo;Múltiple;S/D;Colisión;Ninguna;Faltante
866;2021;4/2/2021;Jueves;;;0.0;1;Pickup/Utilitario; ;1;1;0;0;0;0;Calle;SANTA FE;La Capital;S/D;S/D;I;Fuera;S/D;Otra Señal;S/D;S/D;S/D;S/D;S/D;S/D;Múltiple;S/D;Colisión;S/D;S/D
867;2021;4/2/2021;Jueves;;Autopista Provincial Brigadier E.LÓPEZ;138.0;1;Camión c / Acoplado; ;1;1;0;0;0;0;Autopista;SAUCE VIEJO;La Capital;Asfalto;Pavimento;I;Fuera;Rural;Otra Señal;No existe;Recta;Bueno;S/D;Nocturna;S/D;Múltiple;S/D;Colisión;Ninguna;Horizontal
868;2021;4/2/2021;Jueves;21:00:00;;0.0;2;Moto/Ciclomotor,Automóvil;Juan Bautista Alberdi Y Simón de Iriondo;2;1;0;1;0;0;Calle;SANTO TOMÉ;La Capital;Asfalto;Pavimento;I;Dentro;Urbana;Otra Señal;No existe;Intersección;Bueno;Buena;Diurna;Buen Tiempo;Múltiple;S/D;Colisión;Ninguna;Vertical
869;2021;4/2/2021;Jueves;11:15:00;;0.0;1;Bicicleta;Av. Ovidio Lagos Y Uruguay;1;1;0;0;0;0;Avenida;ROSARIO;Rosario;Asfalto;No existe;II;Dentro;Urbana;Otra Señal;No existe;Intersección;Bueno;S/D;Diurna;Buen Tiempo;Múltiple;S/D;Colisión;S/D;Horizontal
870;2021;4/2/2021;Jueves;10:00:00;;0.0;2;Pickup/Utilitario,Moto/Ciclomotor;Av. Ovidio Lagos Y Av. Uriburu;2;1;0;0;0;1;Avenida;ROSARIO;Rosario;Asfalto;No existe;II;Dentro;Rural;Otra Señal;Funciona;Intersección;Bueno;S/D;Diurna;S/D;Múltiple;S/D;Colisión;S/D;Horizontal,Vertical
871;2021;4/2/2021;Jueves;18:00:00;;0.0;2;Automóvil,Moto/Ciclomotor;Av. Provincias Unidas ;2;1;0;0;0;1;Avenida;ROSARIO;Rosario;Asfalto;S/D;II;Dentro;Urbana;Otra Señal;S/D;Intersección;S/D;S/D;S/D;S/D;Múltiple;S/D;Colisión;S/D;S/D
872;2021;4/2/2021;Jueves;19:00:00;;0.0;2;Moto/Ciclomotor,Moto/Ciclomotor;Benito Juárez Y Pavón;2;2;0;0;0;0;Calle;ROSARIO;Rosario;Asfalto;No existe;II;Dentro;Urbana;Otra Señal;No existe;Intersección;Bueno;S/D;Nocturna;Buen Tiempo;Múltiple;S/D;Colisión;S/D;Faltante
873;2021;4/2/2021;Jueves;19:30:00;;0.0;1;Moto/Ciclomotor;Bv. Seguí Y Roullon;1;1;0;0;0;0;Avenida;ROSARIO;Rosario;Asfalto;No existe;II;Dentro;Urbana;Otra Señal;Funciona;Intersección;Bueno;S/D;Nocturna;S/D;Múltiple;S/D;Colisión;S/D;Horizontal,Vertical
874;2021;4/2/2021;Jueves;22:30:00;Ruta Nacional 9;398.0;2;Moto/Ciclomotor,Camión c / Acoplado; ;2;0;0;1;0;0;Ruta;ARMSTRONG;Constitución;Asfalto;Natural;III;Dentro;Rural;Otra Señal;No existe;Intersección;Con baches;Buena;Nocturna;Buen Tiempo;Múltiple;S/D;Colisión;Ninguna;Horizontal
875;2021;4/2/2021;Jueves;22:30:00;Ruta Nacional 9;0.0;2;Moto/Ciclomotor,Camión; ;2;0;0;1;0;0;Ruta;TORTUGAS;Constitución;Asfalto;Natural;III;Dentro;Rural;Otra Señal;No existe;Intersección;S/D;S/D;Nocturna;S/D;Múltiple;S/D;Colisión;S/D;Horizontal
876;2021;4/2/2021;Jueves;19:40:00;;0.0;2;Moto/Ciclomotor,Moto/Ciclomotor;Magallanes Y Pellegrini;3;1;0;0;0;0;Calle;VILLA GOBERNADOR GÁLVEZ;Rosario;Asfalto;No existe;II;Dentro;Urbana;Otra Señal;No existe;Intersección;Con baches,Deteriorada;Buena;Atardecer,Con luz artificial;Buen Tiempo;Múltiple;S/D;Colisión;Ninguna;Faltante
877;2021;5/2/2021;Viernes;14:20:00;;0.0;3;Taxi/Remis,Automóvil,Automóvil;Albert Sabin Y French;4;2;0;2;0;0;Avenida;ROSARIO;Rosario;Asfalto;No existe;II;Dentro;Urbana;Otra Señal;Funciona;Intersección;Bueno;Buena;Diurna;Buen Tiempo;De alcance,Múltiple;S/D;Colisión;Ninguna;Horizontal,Vertical
878;2021;5/2/2021;Viernes;20:15:00;;0.0;2;Moto/Ciclomotor,Automóvil;Cerrito Y San Martin;2;1;0;1;0;0;Calle;ROSARIO;Rosario;Asfalto;No existe;II;Dentro;Urbana;Otra Señal;No existe;Intersección;Bueno;Buena;Diurna;Buen Tiempo;Múltiple;S/D;Colisión;Ninguna;Vertical
879;2021;5/2/2021;Viernes;20:50:00;;0.0;2;Moto/Ciclomotor,Automóvil;Colon Y Rivadavia;3;2;0;1;0;0;Calle;SAN CARLOS CENTRO;Las Colonias;Asfalto;No existe;XI;Dentro;Urbana;Otra Señal;No existe;Intersección;Bueno;Reducida;Nocturna;Buen Tiempo;Múltiple;S/D;Colisión;Ninguna;Faltante
880;2021;5/2/2021;Viernes;17:30:00;Ruta Nacional 175;0.0;2;Moto/Ciclomotor,Automóvil;Av. San Martin Y Córdoba;2;1;0;1;0;0;Ruta;PUERTO SAN MARTÍN;San Lorenzo;Asfalto;No existe;XVII;Dentro;Urbana;Otra Señal;No existe;Intersección;Bueno;Buena;Diurna;Buen Tiempo;Múltiple;S/D;Colisión;Ninguna;Horizontal
881;2021;5/2/2021;Viernes;16:20:00;;0.0;2;Moto/Ciclomotor,Pickup/Utilitario;General Manuel Belgrano Y Santa Fe;2;1;0;1;0;0;Calle;BOUQUET;Belgrano;Hormigón;No existe;III;Dentro;Urbana;Otra Señal;No existe;Intersección;Bueno;Buena;Diurna;Buen Tiempo;Múltiple;S/D;Colisión;Ninguna;Faltante
882;2021;5/2/2021;Viernes;22:30:00;Ruta Nacional 11;0.0;2;Moto/Ciclomotor,Moto/Ciclomotor;Av. San Martin Y N PEÑA;2;2;0;0;0;0;Ruta;SAN LORENZO;San Lorenzo;Asfalto;No existe;XVII;Dentro;Urbana;Otra Señal;No existe;Intersección;Bueno;S/D;Nocturna,Con luz artificial;S/D;Múltiple;S/D;Colisión;Ninguna;Vertical
883;2021;5/2/2021;Viernes;18:00:00;;0.0;2;Peatón,Camión Chasis;Av. Battle y Ordoñez Y Bv. Avellaneda;2;1;0;1;0;0;Avenida;ROSARIO;Rosario;Asfalto;No existe;II;Dentro;Urbana;Otra Señal;No existe;Intersección;Bueno;Buena;Diurna;Buen Tiempo;Múltiple;Peatón;Colisión;Ninguna;Faltante