ID_Accidente;A�o;Fecha;Dia;Hopra;Ruta/Autop;km;Participantes;Tipo;Lugar;Total;Heridos Leves;Heridos Graves;Ilesos;Fallecidos;Sin datos;desc_tipo_via;desc_loc;desc_dpto;|;desc_tipo_banquina;desc_unidad_regional;desc_lugar_calzada;desc_zona;desc_prioridad;desc_estado_semaforo;desc_lugar_via;desc_estado_via;desc_estado_visibilidad;desc_luminosidad;desc_estado_clima;desc_tipo_colision;desc_tipo_atropello;desc_tipo_hecho;desc_pres_calzada;desc_senializacion
884;2021;5/2/2021;Viernes;;;0.0;2;Moto/Ciclomotor,Bicicleta; ;2;1;0;1;0;0;S/D;ESPERANZA;Las Colonias;S/D;S/D;XI;S/D;S/D;Otra Señal;S/D;Intersección;S/D;S/D;S/D;S/D;Múltiple;Ciclista;Colisión;S/D;S/D
885;2021;5/2/2021;Viernes;;Ruta Nacional 175;0.0;2;Peatón,Moto/Ciclomotor;Bv San Martin Y Córdoba;2;1;0;1;0;0;Ruta;PUERTO SAN MARTÍN;San Lorenzo;Asfalto;Pavimento;XVII;Dentro;Urbana;Otra Señal;No existe;Intersección;Bueno;Buena;Diurna;Buen Tiempo;Múltiple;Peatón;Colisión;Ninguna;Horizontal
886;2021;5/2/2021;Viernes;04:10:00;Ruta Provincial 40;0.0;1;Moto/Ciclomotor; ;2;2;0;0;0;0;Ruta;FORTÍN OLMOS;Vera;Tierra;S/D;XIX;Dentro;Urbana;Otra Señal;S/D;Intersección;Resbaladiza;S/D;Nocturna;S/D;Múltiple;S/D;Colisión;Agua;S/D
887;2021;5/2/2021;Viernes;19:00:00;;0.0;1;Pickup/Utilitario;Luisa de Larrechea Y Santa Fe Bis;1;1;0;0;0;0;Calle;GÁLVEZ;San JERÓNIMO;Asfalto;No existe;XV;Dentro;Urbana;Otra Señal;S/D;Intersección;Bueno;Buena;Atardecer;S/D;Múltiple;S/D;Colisión;Ninguna;S/D
888;2021;5/2/2021;Viernes;20:50:00;;0.0;2;Moto/Ciclomotor,Moto/Ciclomotor;España Y Iturraspe;2;2;0;0;0;0;Calle;VENADO TUERTO;General LÓPEZ;Asfalto;No existe;VIII;Dentro;Urbana;Otra Señal;No existe;Intersección;S/D;S/D;Nocturna;S/D;Múltiple;S/D;Colisión;S/D;Faltante
889;2021;5/2/2021;Viernes;07:10:00;Ruta Secundaria 7-s;0.0;2;Moto/Ciclomotor,Automóvil;Cristóbal Colon Y Santa Fe;4;1;0;3;0;0;Ruta;VENADO TUERTO;General LÓPEZ;Asfalto;No existe;VIII;Dentro;Urbana;Otra Señal;No existe;Intersección;S/D;S/D;Diurna;S/D;Múltiple;S/D;Colisión;S/D;Faltante
890;2021;5/2/2021;Viernes;;;0.0;2;Pickup/Utilitario,Automóvil;3 De Febrero Y Lavalle;2;1;0;1;0;0;Calle;ROSARIO;Rosario;Asfalto;No existe;II;Dentro;Urbana;Otra Señal;No existe;Intersección;Bueno;Buena;Atardecer;Buen Tiempo;Múltiple;S/D;Colisión;Ninguna;Faltante
891;2021;5/2/2021;Viernes;09:25:00;;0.0;2;Bicicleta,Peatón;Bv Gálvez Y Rivadavia;2;1;0;1;0;0;Avenida;SANTA FE;La Capital;Asfalto;No existe;I;Dentro;Urbana;Otra Señal;Funciona;Intersección;Bueno;S/D;Diurna;S/D;Múltiple;Peatón;Colisión;Ninguna;Horizontal,Vertical
892;2021;5/2/2021;Viernes;07:15:00;;0.0;2;Automóvil,Moto/Ciclomotor;Irigoyen Freyre Y 9 de Julio;2;1;0;1;0;0;Calle;SANTA FE;La Capital;Asfalto;No existe;I;Dentro;Urbana;Otra Señal;No existe;Intersección;Bueno;S/D;Diurna;S/D;Múltiple;S/D;Colisión;Ninguna;Horizontal
893;2021;5/2/2021;Viernes;18:30:00;Ruta Nacional 11;0.0;2;Automóvil,Moto/Ciclomotor;Av. Santa Fe Y Jujuy;3;2;0;1;0;0;Ruta;NELSON;La Capital;Asfalto;Ripio;I;Dentro;Urbana;Otra Señal;No existe;Curva;Bueno;Buena;Diurna;Buen Tiempo;Múltiple;S/D;Colisión;Ninguna;Horizontal
894;2021;5/2/2021;Viernes;00:05:00;;0.0;1;Moto/Ciclomotor;Italia Y Rueda;1;1;0;0;0;0;Calle;ROSARIO;Rosario;Asfalto;No existe;II;Dentro;Urbana;Otra Señal;No existe;Intersección;Bueno;S/D;Nocturna;S/D;Múltiple;S/D;Colisión;S/D;Faltante
895;2021;5/2/2021;Viernes;10:45:00;;0.0;2;Automóvil,Moto/Ciclomotor;Córdoba Y Av. Eva Perón;2;1;0;0;0;1;Calle;ROSARIO;Rosario;Asfalto;No existe;II;Dentro;Urbana;Otra Señal;Funciona;Intersección;Bueno;S/D;Diurna;S/D;Múltiple;S/D;Colisión;S/D;Horizontal,Vertical
896;2021;5/2/2021;Viernes;00:05:00;;0.0;1;Bicicleta; ;1;1;0;0;0;0;S/D;ROSARIO;Rosario;S/D;S/D;II;S/D;S/D;Otra Señal;S/D;Intersección;S/D;S/D;Nocturna;S/D;Múltiple;S/D;Colisión;S/D;S/D
897;2021;5/2/2021;Viernes;14:00:00;;0.0;2;Automóvil,Moto/Ciclomotor;Camilo Aldao Y Pje. Lejarza;2;1;0;0;0;1;Calle;ROSARIO;Rosario;Asfalto;No existe;II;Dentro;Urbana;Otra Señal;No existe;Intersección;Bueno;S/D;Diurna;S/D;Múltiple;S/D;Colisión;S/D;Faltante
898;2021;5/2/2021;Viernes;10:00:00;;0.0;1;Moto/Ciclomotor;Bv. 27 De Febrero Y Cafferata;1;1;0;0;0;0;Avenida;ROSARIO;Rosario;Asfalto;No existe;II;Dentro;Urbana;Otra Señal;Funciona;Intersección;Deteriorada;S/D;Diurna;S/D;Múltiple;S/D;Colisión;Ninguna;Vertical
899;2021;5/2/2021;Viernes;20:00:00;;0.0;2;Peatón,Otros; ;2;1;0;0;0;1;Calle;VILLA GOBERNADOR GÁLVEZ;Rosario;S/D;S/D;II;Dentro;Urbana;Otra Señal;S/D;Intersección;S/D;S/D;Nocturna;S/D;Múltiple;Peatón;Colisión;S/D;S/D
900;2021;5/2/2021;Viernes;22:30:00;;0.0;1;Bicicleta;Rio De Janeiro ;1;1;0;0;0;0;Calle;ROSARIO;Rosario;Asfalto;S/D;II;Dentro;Urbana;Otra Señal;S/D;Intersección;S/D;S/D;Nocturna;S/D;Múltiple;S/D;Colisión;S/D;S/D
901;2021;5/2/2021;Viernes;13:30:00;;0.0;2;Pickup/Utilitario,Moto/Ciclomotor;9 De Julio 3500;2;0;0;1;0;0;Calle;ROSARIO;Constitución;Asfalto;No existe;II;Dentro;Urbana;Otra Señal;Funciona;Intersección;Bueno;Buena;Diurna;Buen Tiempo;Múltiple;S/D;Colisión;Ninguna;Horizontal,Vertical
902;2021;5/2/2021;Viernes;20:00:00;;0.0;2;Moto/Ciclomotor,Automóvil;Av. Corrientes Y Tucumán;2;0;0;1;0;0;Avenida;ROSARIO;Constitución;Asfalto;No existe;II;Dentro;Urbana;Otra Señal;Funciona;Intersección;Bueno;Buena;Diurna;Buen Tiempo;Múltiple;S/D;Colisión;Ninguna;Horizontal,Vertical
903;2021;5/2/2021;Viernes;01:00:00;;0.0;2;Automóvil,Moto/Ciclomotor;Bv. 27 De Febrero Y Pueyrredón;2;0;0;1;0;0;Avenida;ROSARIO;Constitución;Asfalto;No existe;II;Dentro;Urbana;Otra Señal;No existe;Intersección;Bueno;Buena;Nocturna;Buen Tiempo;Múltiple;S/D;Colisión;Ninguna;Horizontal
904;2021;5/2/2021;Viernes;;;0.0;1;Moto/Ciclomotor;20 de Junio Y Domingo Faustino Sarmiento;1;0;0;0;0;0;Calle;ESPERANZA;Constitución;S/D;No existe;XI;Dentro;Urbana;Otra Señal;S/D;Intersección;Bueno;Buena;Diurna;Buen Tiempo;Múltiple;S/D;Colisión;Ninguna;S/D
905;2021;5/2/2021;Viernes;22:00:00;;0.0;2;Moto/Ciclomotor,Moto/Ciclomotor;Av. Pellegrini Y Av. Provincias Unidas;2;0;0;0;0;1;Avenida;ROSARIO;Constitución;Asfalto;No existe;II;Dentro;Urbana;Otra Señal;Funciona;Intersección;Bueno;S/D;Nocturna;Buen Tiempo;Múltiple;S/D;Colisión;S/D;Horizontal,Vertical
906;2021;5/2/2021;Viernes;20:00:00;;0.0;1;Bicicleta; ;1;0;0;0;0;0;S/D;ROSARIO;Constitución;S/D;S/D;II;S/D;S/D;Otra Señal;S/D;Intersección;S/D;S/D;S/D;S/D;Múltiple;S/D;Colisión;S/D;S/D
907;2021;6/2/2021;Sabado;19:30:00;;0.0;2;Automóvil,Moto/Ciclomotor;9 de Julio Y Hipólito Irigoyen;3;2;0;1;0;0;Calle;ALEJANDRA;San Javier;Tierra;No existe;XIV;Dentro;Urbana;Ninguna;No existe;Intersección;Bueno;Buena;Atardecer;Buen Tiempo;Frontal;S/D;Colisión;Ninguna;Faltante
908;2021;6/2/2021;Sabado;16:30:00;Ruta Nacional 34;343.0;2;Automóvil,Pickup/Utilitario; ;3;1;0;2;0;0;Ruta;SAN CRISTÓBAL;San CRISTÓBAL;Asfalto;Natural;XIII;Dentro;Rural;Señal Pare;No existe;Intersección;Bueno;Buena;Diurna;Buen Tiempo;Lateral;S/D;Colisión;Ninguna;Horizontal,Vertical
909;2021;6/2/2021;Sabado;12:15:00;;0.0;2;Moto/Ciclomotor,Pickup/Utilitario;Av. Arijon Y Entre Ríos;2;1;0;1;0;0;Avenida;ROSARIO;Rosario;Asfalto;No existe;II;Dentro;Urbana;Otra Señal;Funciona;Intersección;Bueno;Buena;Diurna;Buen Tiempo;De alcance;S/D;Colisión;Ninguna;Horizontal,Vertical
910;2021;6/2/2021;Sabado;21:25:00;;0.0;2;Moto/Ciclomotor,Taxi/Remis;San Martin 5200;4;2;0;2;0;0;Avenida;ROSARIO;Rosario;Asfalto;No existe;II;Dentro;Urbana;Otra Señal;No existe;Intersección;Bueno;Buena;Nocturna;Buen Tiempo;Lateral;S/D;Colisión;Ninguna;Horizontal,Vertical
911;2021;6/2/2021;Sabado;15:30:00;;0.0;1;Moto/Ciclomotor;Av. Uriburu Y Laprida;2;1;0;1;0;0;Avenida;ROSARIO;Rosario;Asfalto;No existe;II;Dentro;Urbana;Otra Señal;No existe;Intersección;Bueno;Buena;Diurna;Buen Tiempo;S/D;S/D;Colisión;Ninguna;Horizontal
912;2021;6/2/2021;Sabado;18:15:00;;0.0;2;Moto/Ciclomotor,Pickup/Utilitario;Av. Juan Domingo Perón Y Garay;2;1;0;1;0;0;Avenida;VILLA GOBERNADOR GÁLVEZ;Rosario;Asfalto;No existe;II;Dentro;Urbana;Otra Señal;No existe;Intersección;Bueno;Buena;Atardecer;Buen Tiempo;Lateral;S/D;Colisión;Ninguna;Faltante
913;2021;6/2/2021;Sabado;10:50:00;;0.0;1;Moto/Ciclomotor;JUJUY  Y ROQUE SÁENZ PEÑA;3;3;0;0;0;0;Calle;VERA;Vera;Tierra,Ripio;No existe;XIX;Dentro;Urbana;Otra Señal;No existe;Intersección;Bueno;Buena;Diurna;Buen Tiempo;Múltiple;S/D;Colisión;Ninguna;Faltante
914;2021;6/2/2021;Sabado;;;0.0;2;Automóvil,Moto/Ciclomotor;Mariano Vera 1000;3;2;0;1;0;0;Calle;SAN JERÓNIMO NORTE;Las Colonias;Asfalto;No existe;XI;Dentro;Urbana;Otra Señal;No existe;Intersección;Bueno;Reducida;Nocturna;Buen Tiempo;Múltiple;S/D;Colisión;Ninguna;Faltante
915;2021;6/2/2021;Sabado;08:50:00;;0.0;2;Moto/Ciclomotor,Pickup/Utilitario;M S M de Balcarce Y 25 de Mayo;2;1;0;1;0;0;Calle;SAN JUSTO;San Justo;Asfalto;No existe;XVI;Dentro;Urbana;Otra Señal;No existe;Intersección;Bueno;Buena;Diurna;Buen Tiempo;Múltiple;S/D;Colisión;Ninguna;Faltante
916;2021;6/2/2021;Sabado;17:30:00;;0.0;2;Automóvil,Moto/Ciclomotor;Av. Corrientes Y Biedma;3;2;0;1;0;0;Avenida;ROSARIO;Rosario;Asfalto;No existe;II;Dentro;Urbana;Otra Señal;No existe;Intersección;Bueno;Buena;Diurna;Buen Tiempo;Múltiple;S/D;Colisión;Ninguna;Faltante
917;2021;6/2/2021;Sabado;02:40:00;Ruta Provincial 80;0.0;1;Pickup/Utilitario;Ruta N 6 ;1;1;0;0;0;0;Ruta;GÁLVEZ;San JERÓNIMO;Asfalto;No existe;XV;Dentro;Urbana;Otra Señal;No existe;Intersección;Bueno;Reducida;Nocturna;Buen Tiempo;Múltiple;S/D;Colisión;Ninguna;Horizontal
918;2021;6/2/2021;Sabado;21:10:00;;0.0;1;Moto/Ciclomotor;JUAN DOMINGO PERÓN ;1;1;0;0;0;0;Calle;LUIS PALACIOS;San Lorenzo;Asfalto;No existe;XVII;Dentro;Urbana;Otra Señal;S/D;Intersección;S/D;S/D;Nocturna;Buen Tiempo;Múltiple;S/D;Colisión;Ninguna;S/D
919;2021;6/2/2021;Sabado;15:15:00;;0.0;1;Transporte de Pasajeros Urbano (> 8 asientos); ;13;13;0;0;0;0;S/D;SAN CARLOS SUR;Las Colonias;S/D;S/D;XI;S/D;S/D;Otra Señal;S/D;Intersección;S/D;S/D;S/D;S/D;Múltiple;S/D;Colisión;S/D;S/D
920;2021;6/2/2021;Sabado;;Ruta Provincial 70;0.0;2;Moto/Ciclomotor,Automóvil;Bv H Irigoyen 700;2;1;0;1;0;0;Ruta;RAFAELA;Castellanos;Asfalto;No existe;V;Dentro;Urbana;Otra Señal;No existe;Intersección;Bueno;Buena;Atardecer;Buen Tiempo;Múltiple;S/D;Colisión;Ninguna;Horizontal
921;2021;6/2/2021;Sabado;;;0.0;2;Moto/Ciclomotor,Automóvil;A Diaz Y América;2;1;0;1;0;0;Calle;RAFAELA;Castellanos;Asfalto;No existe;V;Dentro;Urbana;Otra Señal;No existe;Intersección;Bueno;Buena;Diurna;Buen Tiempo;Múltiple;S/D;Colisión;Ninguna;Faltante
922;2021;6/2/2021;Sabado;00:18:00;;0.0;2;Moto/Ciclomotor,Moto/Ciclomotor;25 de mayo Y Alberdi;3;3;0;0;0;0;Calle;LEHMANN;Castellanos;Asfalto;No existe;V;Dentro;Urbana;Otra Señal;No existe;Intersección;Bueno;Buena;Nocturna,Con luz artificial;Buen Tiempo;Múltiple;S/D;Colisión;Ninguna;Faltante
923;2021;6/2/2021;Sabado;15:50:00;;0.0;2;Automóvil,Moto/Ciclomotor;Belgrano Y Bv Gálvez;2;1;0;1;0;0;Avenida;SANTA FE;La Capital;Asfalto;No existe;I;Dentro;Urbana;Otra Señal;Funciona;Intersección;Bueno;Buena;Diurna;Buen Tiempo;Múltiple;S/D;Colisión;Ninguna;Vertical
924;2021;6/2/2021;Sabado;07:30:00;;0.0;2;Moto/Ciclomotor,Automóvil;Entre Ríos 3300;2;1;0;1;0;0;Calle;SANTA FE;La Capital;Asfalto;No existe;I;Dentro;Urbana;Otra Señal;No existe;Intersección;Bueno;Buena;Diurna;Buen Tiempo;Múltiple;S/D;Colisión;Ninguna;Faltante
925;2021;6/2/2021;Sabado;17:10:00;;0.0;2;Automóvil,Moto/Ciclomotor;Uruguay Y 9 de Julio;2;1;0;1;0;0;Calle;SANTA FE;La Capital;Asfalto;No existe;I;Dentro;Urbana;Otra Señal;No existe;Intersección;Bueno;S/D;Diurna;S/D;Múltiple;S/D;Colisión;Ninguna;Horizontal
926;2021;6/2/2021;Sabado;23:20:00;;0.0;2;Automóvil,Moto/Ciclomotor;Av. Blas Parera Y Martin Zapata;2;0;0;0;0;2;Avenida;SANTA FE;La Capital;Asfalto;No existe;I;Dentro;Urbana;Otra Señal;Funciona;Intersección;Bueno;Buena;Nocturna,Con luz artificial;Buen Tiempo;Múltiple;S/D;Colisión;Ninguna;Horizontal,Vertical
927;2021;6/2/2021;Sabado;23:30:00;Ruta Provincial 6;27.0;1;Automóvil;San Martin ;1;0;0;0;1;0;Ruta;SAN CARLOS SUR;Las Colonias;Hormigón;Natural;XI;S/D;Rural;Otra Señal;No existe;Intersección;Bueno;Reducida;Nocturna;Buen Tiempo;De alcance,Múltiple;S/D;Colisión;Ninguna;Horizontal,Vertical
928;2021;6/2/2021;Sabado;13:30:00;Ruta Nacional 11;318.0;2;Moto/Ciclomotor,Vehículo Oficial;Av. San Martin Y Julio Argentino Roca;3;1;0;1;1;0;Ruta;GRANADERO BAIGORRIA;Rosario;Asfalto;S/D;II;S/D;Urbana;Otra Señal;Funciona;Intersección;S/D;Buena;Diurna;Buen Tiempo;De alcance,Múltiple;S/D;Colisión;Ninguna;Vertical
929;2021;6/2/2021;Sabado;18:15:00;;0.0;2;Moto/Ciclomotor,Automóvil;Calle 10-Ludueña Y Calle 15-Patricio Diez;2;1;0;1;0;0;Calle;RECONQUISTA;General Obligado;Asfalto;No existe;IX;Dentro;Urbana;Otra Señal;No existe;Intersección;Bueno;Buena;Diurna;Buen Tiempo;Múltiple;S/D;Colisión;Ninguna;Faltante
930;2021;6/2/2021;Sabado;16:15:00;;0.0;2;Automóvil,Bicicleta;Hernandarias Y Simón De Iriondo;2;1;0;1;0;0;Calle;SANTA FE;La Capital;Asfalto;No existe;I;Dentro;Urbana;Otra Señal;No existe;Intersección;Bueno;Buena;Diurna;Buen Tiempo;Múltiple;Ciclista;Colisión;Ninguna;Faltante
931;2021;6/2/2021;Sabado;07:30:00;;0.0;2;Bicicleta,Automóvil;Calle 12 Y Calle 27;2;1;0;1;0;0;Calle;SAUCE VIEJO;La Capital;Ripio;No existe;I;Dentro;Urbana;Otra Señal;No existe;Intersección;Con baches;Reducida polvo;Amanecer;Buen Tiempo;Múltiple;Ciclista;Colisión;Ninguna;Faltante
932;2021;6/2/2021;Sabado;12:00:00;;0.0;1;Bicicleta;Av. Pellegrini Y Tte.Agneta;1;1;0;0;0;0;Avenida;ROSARIO;Rosario;Asfalto;No existe;II;Dentro;Urbana;Otra Señal;No existe;Intersección;Bueno;S/D;Diurna;Buen Tiempo;Múltiple;S/D;Colisión;S/D;Horizontal,Vertical
933;2021;6/2/2021;Sabado;17:30:00;;0.0;1;Moto/Ciclomotor; ;1;1;0;0;0;0;S/D;ROSARIO;Rosario;S/D;S/D;II;S/D;S/D;Otra Señal;S/D;Intersección;S/D;S/D;Diurna;S/D;Múltiple;S/D;Colisión;S/D;S/D
934;2021;6/2/2021;Sabado;19:40:00;;0.0;2;Automóvil,Automóvil;Alsina Y Pte. Quintana;2;1;0;0;0;1;Calle;ROSARIO;Rosario;Asfalto;No existe;II;Dentro;Urbana;Otra Señal;No existe;Intersección;Deteriorada;S/D;Nocturna;Buen Tiempo;Múltiple;S/D;Colisión;Ninguna;Faltante
935;2021;6/2/2021;Sabado;09:20:00;;0.0;2;Moto/Ciclomotor,Pickup/Utilitario;Mendoza Y Nicaragua;2;0;0;1;0;0;Avenida;ROSARIO;Constitución;Asfalto;No existe;II;Dentro;Urbana;Otra Señal;No existe;Intersección;Bueno;Buena;Diurna;Buen Tiempo;Múltiple;S/D;Colisión;Ninguna;Horizontal
936;2021;6/2/2021;Sabado;22:50:00;Ruta Provincial 39;191.4;1;Moto/Ciclomotor; ;1;0;0;0;0;0;Ruta;ARRUFÓ;Constitución;Asfalto;Natural;XIII;Dentro;Rural;Otra Señal;No existe;Intersección;Con baches;Reducida;Nocturna;Buen Tiempo;Múltiple;S/D;Colisión;Otro;Horizontal
937;2021;6/2/2021;Sabado;21:40:00;;0.0;2;Moto/Ciclomotor,Peatón;Calle 25 800;2;0;0;1;0;0;Calle;LAS PAREJAS;Constitución;Asfalto;No existe;III;Dentro;Urbana;Otra Señal;No existe;Intersección;Bueno;Buena;Nocturna;Buen Tiempo;Múltiple;Peatón;Colisión;Ninguna;Faltante
938;2021;6/2/2021;Sabado;14:30:00;;0.0;2;Pickup/Utilitario,Moto/Ciclomotor;Mariano Moreno Y Olegario V.Andrade;2;0;0;1;0;0;Calle;ROSARIO;Constitución;Asfalto;No existe;II;Dentro;Urbana;Otra Señal;No existe;Intersección;Bueno;Buena;Nocturna;Buen Tiempo;Múltiple;S/D;Colisión;Ninguna;Faltante
939;2021;6/2/2021;Sabado;18:40:00;Ruta Nacional 11;427.0;1;Moto/Ciclomotor; ;1;0;0;0;0;0;Ruta;CORONDA;Constitución;Asfalto;Natural;XV;Dentro;Rural;Otra Señal;No existe;Intersección;Bueno;Buena;Diurna;Buen Tiempo;Múltiple;S/D;Colisión;Ninguna;Horizontal
940;2021;6/2/2021;Sabado;;;0.0;2;Moto/Ciclomotor,Pickup/Utilitario;A. Capdevila Y Quintana;2;0;0;1;0;0;Calle;CAÑADA DE GÓMEZ;Constitución;Tierra;No existe;X;Dentro;Urbana;Otra Señal;No existe;Intersección;Bueno;Buena;Diurna;Buen Tiempo;Múltiple;S/D;Colisión;Ninguna;Faltante
941;2021;7/2/2021;Domingo;18:30:00;Autopista Nacional 9;266.0;1;Moto/Ciclomotor; ;2;2;0;0;0;0;Autopista;ARROYO SECO;Rosario;Asfalto;Natural;II;Dentro;Rural;Ninguna;No existe;Intersección;Bueno;Buena;Diurna;Buen Tiempo;S/D;S/D;Colisión;Ninguna;Horizontal
942;2021;7/2/2021;Domingo;09:05:00;;0.0;1;Camión Chasis;Barra Y Cerrito;1;1;0;0;0;0;Calle;ROSARIO;Rosario;Asfalto;No existe;II;Dentro;Urbana;Otra Señal;No existe;Intersección;Bueno;Buena;Diurna;Buen Tiempo;Contra objeto fijo;S/D;Colisión;Ninguna;Faltante
943;2021;7/2/2021;Domingo;09:30:00;;0.0;1;Automóvil;Dorrego 2137;3;1;0;2;0;0;Calle;ROSARIO;Rosario;Asfalto;No existe;II;Dentro;Urbana;Otra Señal;No existe;Intersección;Bueno;Buena;Diurna;Buen Tiempo;Múltiple;S/D;Colisión;Ninguna;Faltante
944;2021;7/2/2021;Domingo;22:30:00;;0.0;2;Moto/Ciclomotor,Automóvil;Biedma Y Bv. Avellaneda;2;1;0;0;0;1;Avenida;ROSARIO;Rosario;Asfalto;No existe;II;Dentro;Urbana;Otra Señal;No existe;Intersección;Bueno;Buena;Nocturna,Con luz artificial;Buen Tiempo;Múltiple;S/D;Colisión;Ninguna;Faltante
945;2021;7/2/2021;Domingo;18:10:00;;0.0;2;Moto/Ciclomotor,Automóvil;JOSÉ M ROSA Y 5 DE AGOSTO;3;2;0;1;0;0;Calle;ROSARIO;Rosario;Asfalto;No existe;II;Dentro;Urbana;Otra Señal;No existe;Intersección;Bueno;Buena;Diurna;Buen Tiempo;Múltiple;S/D;Colisión;Ninguna;Faltante
946;2021;7/2/2021;Domingo;21:00:00;;0.0;2;Moto/Ciclomotor,Automóvil;Fragata Sarmiento Y Rodríguez;2;1;0;0;0;1;Calle;ROSARIO;Rosario;Asfalto;No existe;II;Dentro;Urbana;Otra Señal;No existe;Intersección;Bueno;Buena;Nocturna,Con luz artificial;Buen Tiempo;Múltiple;S/D;Colisión;Ninguna;Faltante
947;2021;7/2/2021;Domingo;01:00:00;Autopista Nacional A008;0.0;2;Automóvil,Automóvil;Av. Circunvalación Y Bv. Oroño;4;4;0;0;0;0;Autopista;ROSARIO;Rosario;Asfalto;No existe;II;Dentro;Urbana;Otra Señal;No existe;Intersección;Bueno;Buena;Nocturna,Con luz artificial;Buen Tiempo;Múltiple;S/D;Colisión;Ninguna;Horizontal
948;2021;7/2/2021;Domingo;21:50:00;;0.0;1;Pickup/Utilitario;Bv Kenmis Y Rivadavia;1;1;0;0;0;0;Avenida;LAS ROSAS;Belgrano;Asfalto;No existe;III;Dentro;Urbana;Otra Señal;No existe;Intersección;Bueno;Buena;Nocturna;Buen Tiempo;Múltiple;S/D;Colisión;Ninguna;Faltante
949;2021;7/2/2021;Domingo;09:05:00;Autopista Provincial Brigadier E.LÓPEZ;12.0;2;Automóvil,Pickup/Utilitario; ;4;1;0;3;0;0;Autopista;FRAY LUIS BELTRÁN;San Lorenzo;Asfalto;Pavimento;XVII;Dentro;Rural;Otra Señal;No existe;Intersección;Bueno;Buena;Nocturna;Buen Tiempo;Múltiple;S/D;Colisión;Ninguna;Faltante
950;2021;7/2/2021;Domingo;;;0.0;2;Bicicleta,Automóvil; ;2;1;0;1;0;0;S/D;GÁLVEZ;San JERÓNIMO;S/D;S/D;XV;S/D;S/D;Otra Señal;S/D;Intersección;S/D;S/D;S/D;S/D;Múltiple;Ciclista;Colisión;S/D;S/D
951;2021;7/2/2021;Domingo;;Ruta Provincial 13;39.0;1;Automóvil; ;2;2;0;0;0;0;Ruta;EL TRÉBOL;San MARTÍN;Asfalto;No existe;XVIII;Dentro;Rural;Otra Señal;No existe;Intersección;Bueno;Buena;Diurna;Buen Tiempo;Múltiple;S/D;Colisión;Ninguna;Horizontal
952;2021;7/2/2021;Domingo;01:00:00;;0.0;2;Automóvil,Moto/Ciclomotor;Buenos Aires Y Francisco A. Candioti;3;2;0;1;0;0;Calle;EL TRÉBOL;San MARTÍN;Asfalto;No existe;XVIII;Dentro;Urbana;Otra Señal;No existe;Intersección;Bueno;Buena;Diurna;Buen Tiempo;Múltiple;S/D;Colisión;Ninguna;Horizontal
953;2021;7/2/2021;Domingo;15:50:00;;0.0;2;Moto/Ciclomotor,Automóvil;Moreno Y Sarmiento;5;2;0;3;0;0;Calle;GÁLVEZ;San JERÓNIMO;Asfalto;No existe;IV;Dentro;Urbana;Otra Señal;No existe;Intersección;Bueno;Buena;Diurna;Buen Tiempo;Múltiple;S/D;Colisión;Ninguna;Faltante
954;2021;7/2/2021;Domingo;19:10:00;;0.0;2;Moto/Ciclomotor,Automóvil; ;3;2;0;1;0;0;S/D;GÁLVEZ;San JERÓNIMO;S/D;S/D;XV;S/D;S/D;Otra Señal;S/D;Intersección;S/D;S/D;S/D;S/D;Múltiple;S/D;Colisión;S/D;S/D
955;2021;7/2/2021;Domingo;20:00:00;Ruta Provincial 40;90.0;1;Moto/Ciclomotor; ;2;2;0;0;0;0;Ruta;FORTÍN OLMOS;Vera;Tierra;Natural;XIX;Dentro;Rural;Otra Señal;No existe;Intersección;Ahuellamiento;Reducida polvo;Nocturna;Buen Tiempo;Múltiple;S/D;Colisión;Ninguna;Faltante
956;2021;7/2/2021;Domingo;13:55:00;;0.0;2;Automóvil,Pickup/Utilitario;Calle 22- 25 de Mayo Y Calle 33-Pueyrredon;2;1;0;1;0;0;Calle;RECONQUISTA;General Obligado;Asfalto;No existe;IX;Dentro;Urbana;Otra Señal;No existe;Intersección;Bueno;Buena;Diurna;Buen Tiempo;Múltiple;S/D;Colisión;Ninguna;Faltante
957;2021;7/2/2021;Domingo;;;0.0;2;Automóvil,Peatón;Obispo Gelabert Y Rivadavia;2;1;0;1;0;0;Calle;SANTA FE;La Capital;Asfalto;No existe;I;Dentro;Urbana;Otra Señal;Funciona;Intersección;Bueno;Buena;Diurna;Buen Tiempo;Múltiple;Peatón;Colisión;Ninguna;Horizontal,Vertical
958;2021;7/2/2021;Domingo;15:00:00;;0.0;2;Moto/Ciclomotor,Automóvil;Corrientes 3800;2;1;0;1;0;0;Calle;SANTA FE;La Capital;Asfalto;No existe;I;Dentro;Urbana;Otra Señal;No existe;Recta;Bueno;Buena;Diurna;Buen Tiempo;Múltiple;S/D;Colisión;Ninguna;Faltante
959;2021;7/2/2021;Domingo;19:00:00;;0.0;2;Moto/Ciclomotor,Automóvil;La Rioja Y San Luis;2;1;0;1;0;0;Calle;SANTA FE;La Capital;Asfalto;No existe;I;Dentro;Urbana;Otra Señal;No existe;Intersección;Bueno;S/D;Diurna;S/D;Múltiple;S/D;Colisión;Ninguna;Faltante