ID_Accidente;A�o;Fecha;Dia;Hopra;Ruta/Autop;km;Participantes;Tipo;Lugar;Total;Heridos Leves;Heridos Graves;Ilesos;Fallecidos;Sin datos;desc_tipo_via;desc_loc;desc_dpto;|;desc_tipo_banquina;desc_unidad_regional;desc_lugar_calzada;desc_zona;desc_prioridad;desc_estado_semaforo;desc_lugar_via;desc_estado_via;desc_estado_visibilidad;desc_luminosidad;desc_estado_clima;desc_tipo_colision;desc_tipo_atropello;desc_tipo_hecho;desc_pres_calzada;desc_senializacion
960;2021;7/2/2021;Domingo;14:00:00;;0.0;2;Moto/Ciclomotor,Vehículo Oficial;Av. Blas Parera Y Derqui;2;1;0;1;0;0;Avenida;SANTA FE;La Capital;Asfalto;No existe;I;Dentro;Urbana;Otra Señal;Funciona;Intersección;Bueno;Buena;Diurna;Buen Tiempo;Múltiple;S/D;Colisión;Ninguna;Faltante
961;2021;7/2/2021;Domingo;20:05:00;;0.0;2;Moto/Ciclomotor,Automóvil;Artigas Y Av. López y Planes;2;0;0;0;0;2;Avenida;SANTA FE;La Capital;Asfalto;No existe;I;Dentro;Urbana;Otra Señal;Funciona;Intersección;Bueno;Buena;Amanecer;Buen Tiempo;Múltiple;S/D;Colisión;Ninguna;Horizontal,Vertical
962;2021;7/2/2021;Domingo;19:30:00;;0.0;2;Automóvil,Moto/Ciclomotor;Av. Almte. Brown Y Pedro de Vega;2;1;0;1;0;0;Avenida;SANTA FE;La Capital;Asfalto;No existe;I;Dentro;Urbana;Otra Señal;No existe;Intersección;Bueno;Buena;Atardecer;Buen Tiempo;Múltiple;S/D;Colisión;Ninguna;Horizontal
963;2021;7/2/2021;Domingo;17:50:00;Ruta Provincial 1;4.0;2;Automóvil,Automóvil; ;5;2;0;3;0;0;Ruta;COLASTINE;La Capital;Asfalto;No existe;I;Dentro;Urbana;Otra Señal;Funciona;Recta;Bueno;Buena;Diurna;Buen Tiempo;Múltiple;S/D;Colisión;Ninguna;Horizontal,Vertical
964;2021;7/2/2021;Domingo;06:25:00;;0.0;1;Automóvil;ENTRE RÍOS Y PADRE CELESTINO BRUNA;3;2;0;1;0;0;Calle;MONTE VERA;La Capital;Tierra;Natural;I;Dentro;Urbana;Otra Señal;No existe;Recta;Bueno;Buena;Amanecer;Buen Tiempo;Múltiple;S/D;Colisión;Ninguna;Faltante
965;2021;7/2/2021;Domingo;;Autovía Nacional 168;4.5;3;Camión,Pickup/Utilitario,Pickup/Utilitario; ;5;3;0;2;0;0;Autovía;SANTA FE;La Capital;Asfalto;Pavimento;I;Dentro;Rural;Otra Señal;No existe;Recta;S/D;S/D;Diurna;S/D;Múltiple;S/D;Colisión;S/D;Horizontal
966;2021;7/2/2021;Domingo;19:00:00;;0.0;1;Moto/Ciclomotor;Soler Y Saavedra;1;0;0;0;1;0;Calle;ESPERANZA;Las Colonias;Asfalto;S/D;XI;S/D;Urbana;Otra Señal;S/D;Intersección;S/D;S/D;Atardecer;Buen Tiempo;De alcance,Múltiple;S/D;Colisión;Ninguna;S/D
967;2021;7/2/2021;Domingo;18:00:00;Ruta Nacional 34;38.0;1;Moto/Ciclomotor;Av. L V López  Ruta Nacional34 ;1;0;0;0;1;0;Ruta;SALTO GRANDE;Iriondo;Asfalto;Natural;X;S/D;Rural;Otra Señal;No existe;Intersección;Bueno;S/D;Diurna;S/D;De alcance,Múltiple;S/D;Colisión;Ninguna;Horizontal
968;2021;7/2/2021;Domingo;23:00:00;Ruta Nacional 11;0.0;2;Automóvil,Moto/Ciclomotor;Agustín P Justo Y Ruta Nac 11;2;1;0;1;0;0;Ruta;SAUCE VIEJO;La Capital;Asfalto;Natural;I;Dentro;Urbana;Otra Señal;No existe;Intersección;Bueno;Buena;Nocturna;Buen Tiempo;Múltiple;S/D;Colisión;Ninguna;Faltante
969;2021;7/2/2021;Domingo;00:05:00;;0.0;1;Bicicleta; ;1;1;0;0;0;0;S/D;ROSARIO;Rosario;S/D;S/D;II;S/D;S/D;Otra Señal;S/D;Intersección;S/D;S/D;Nocturna;S/D;Múltiple;S/D;Colisión;S/D;S/D
970;2021;7/2/2021;Domingo;00:05:00;;0.0;1;Bicicleta; ;1;1;0;0;0;0;S/D;ROSARIO;Rosario;S/D;S/D;II;S/D;S/D;Otra Señal;S/D;Intersección;S/D;S/D;Nocturna;S/D;Múltiple;S/D;Colisión;S/D;S/D
971;2021;7/2/2021;Domingo;07:30:00;;0.0;1;Moto/Ciclomotor;Godoy Cruz Y Molina;1;1;0;0;0;0;Calle;ROSARIO;Rosario;Asfalto;No existe;II;Dentro;Urbana;Otra Señal;No existe;Intersección;Deteriorada;S/D;Diurna;Buen Tiempo;Múltiple;S/D;Colisión;Ninguna;Faltante
972;2021;7/2/2021;Domingo;00:05:00;;0.0;1;Moto/Ciclomotor;Av. Pte. Perón Y Cullen;1;1;0;0;0;0;Avenida;ROSARIO;Rosario;Asfalto;No existe;II;Dentro;Urbana;Otra Señal;Funciona;Intersección;Bueno;S/D;Nocturna;Buen Tiempo;Múltiple;S/D;Colisión;S/D;Horizontal,Vertical
973;2021;7/2/2021;Domingo;00:05:00;;0.0;1;Moto/Ciclomotor;Av. Jorge Newbery Y Tarragona;1;1;0;0;0;0;Avenida;ROSARIO;Rosario;Asfalto;No existe;II;Dentro;Urbana;Otra Señal;No existe;Intersección;Bueno;Buena;Nocturna;Buen Tiempo;Múltiple;S/D;Colisión;Ninguna;Vertical
974;2021;7/2/2021;Domingo;18:30:00;Autopista Nacional A008;0.0;2;Moto/Ciclomotor,Automóvil;Av. Circunvalación Y J.J.Paso;2;1;0;0;0;1;Autopista;ROSARIO;Rosario;Asfalto;No existe;II;Dentro;Urbana;Otra Señal;Funciona;Intersección;Bueno;S/D;Diurna;Buen Tiempo;Múltiple;S/D;Colisión;Ninguna;Horizontal,Vertical
975;2021;7/2/2021;Domingo;19:00:00;;0.0;2;Automóvil,Moto/Ciclomotor;Av. Corrientes Y Rueda;2;1;0;0;0;1;Avenida;ROSARIO;Rosario;Hormigón;No existe;II;Dentro;Urbana;Otra Señal;No existe;Intersección;Bueno;S/D;Nocturna;S/D;Múltiple;S/D;Colisión;S/D;Faltante
976;2021;7/2/2021;Domingo;23:40:00;;0.0;2;Moto/Ciclomotor,Moto/Ciclomotor;Comodoro Rivadavia Y Manuel Dorrego;2;1;0;0;0;0;Calle;VILLA CONSTITUCIÓN;Constitución;Asfalto;No existe;VI;Dentro;Urbana;Otra Señal;No existe;Intersección;Bueno;Buena;Diurna;Buen Tiempo;Múltiple;S/D;Colisión;Ninguna;Faltante
977;2021;7/2/2021;Domingo;02:00:00;;0.0;1;Moto/Ciclomotor; ;1;1;0;0;0;0;S/D;ROSARIO;Constitución;S/D;S/D;II;S/D;S/D;Otra Señal;S/D;Intersección;S/D;S/D;Nocturna;S/D;Múltiple;S/D;Colisión;S/D;S/D
978;2021;7/2/2021;Domingo;07:30:00;;0.0;1;Moto/Ciclomotor; ;1;1;0;0;0;0;S/D;ROSARIO;Constitución;S/D;S/D;II;S/D;S/D;Otra Señal;S/D;Intersección;S/D;S/D;Diurna;S/D;Múltiple;S/D;Colisión;S/D;S/D
979;2021;7/2/2021;Domingo;06:50:00;Ruta Provincial 39;183.0;1;Moto/Ciclomotor; ;1;0;0;0;0;0;Ruta;ARRUFÓ;Constitución;Asfalto;No existe;XIII;Dentro;Rural;Otra Señal;No existe;Intersección;Ahuellamiento;S/D;Amanecer;Buen Tiempo;Múltiple;S/D;Colisión;Otro;Horizontal,Vertical
980;2021;7/2/2021;Domingo;02:50:00;Ruta Secundaria 80-s;41.0;2;Automóvil,Automóvil; ;7;6;0;0;0;0;Ruta;PROGRESO;Constitución;Asfalto;Natural;XI;Dentro;Rural;Otra Señal;No existe;Intersección;Bueno;Reducida;Nocturna;Buen Tiempo;Múltiple;S/D;Colisión;Ninguna;Faltante
981;2021;7/2/2021;Domingo;;;0.0;2;Automóvil,Peatón;CAMINO RURAL ;3;2;0;0;0;0;Camino Rural;VILLA ELOÍSA;Constitución;Tierra;No existe;X;Dentro;Rural;Otra Señal;No existe;Intersección;Bueno;Buena;Diurna;Buen Tiempo;Múltiple;Peatón;Colisión;S/D;Faltante
982;2021;7/2/2021;Domingo;01:40:00;;0.0;2;Moto/Ciclomotor,Automóvil;Calle 24 - Olessio Y Calle 47-Islas Malvinas;3;0;0;1;1;0;Calle;RECONQUISTA;Constitución;Asfalto;No existe;IX;S/D;Urbana;Otra Señal;No existe;Intersección;Bueno;Buena;Nocturna;S/D;Múltiple;S/D;Colisión;Ninguna;Faltante
983;2021;7/2/2021;Domingo;19:30:00;;0.0;2;Moto/Ciclomotor,Automóvil;F.More Y P.L.Funes;3;0;0;0;0;1;Calle;ROSARIO;Rosario;Asfalto;No existe;II;Dentro;Urbana;Otra Señal;No existe;Intersección;Bueno;S/D;Atardecer;S/D;Múltiple;S/D;Colisión;Ninguna;Faltante
984;2021;8/2/2021;Lunes;16:45:00;;0.0;2;Moto/Ciclomotor,Pickup/Utilitario;Gaboto Y Larrea;3;2;0;1;0;0;Calle;ROSARIO;Rosario;Asfalto;No existe;II;Dentro;Urbana;Ninguna;No existe;Intersección;Bueno;Buena;Diurna;Buen Tiempo;Lateral;S/D;Colisión;Ninguna;Faltante
985;2021;8/2/2021;Lunes;23:50:00;;0.0;2;Automóvil,Moto/Ciclomotor;Av. Pte. Perón Y Matienzo;2;1;0;1;0;0;Avenida;ROSARIO;Rosario;Asfalto;No existe;II;Dentro;Urbana;Otra Señal;Funciona;Intersección;Bueno;Buena;Nocturna;Buen Tiempo;De alcance;S/D;Colisión;Ninguna;Faltante
986;2021;8/2/2021;Lunes;19:30:00;;0.0;2;Moto/Ciclomotor,Automóvil;Buenos Aires Y Pellegrini;2;1;0;1;0;0;Calle;VILLA GOBERNADOR GÁLVEZ;Rosario;Asfalto;No existe;II;Dentro;Urbana;Otra Señal;No existe;Intersección;Bueno;Buena;Amanecer,Con luz artificial;Buen Tiempo;S/D;S/D;Colisión;Ninguna;Faltante
987;2021;8/2/2021;Lunes;09:30:00;;0.0;2;Pickup/Utilitario,Moto/Ciclomotor;Av. Pte. Perón Y Magallanes;3;2;0;1;0;0;Avenida;ROSARIO;Rosario;Asfalto;No existe;II;Dentro;Urbana;Otra Señal;No existe;Intersección;Bueno;Buena;Diurna;Buen Tiempo;De alcance;S/D;Colisión;Ninguna;Horizontal
988;2021;8/2/2021;Lunes;18:40:00;;0.0;2;Moto/Ciclomotor,Automóvil;Anderson Y Rivarola;3;1;0;2;0;0;Avenida;ROSARIO;Rosario;Asfalto;No existe;II;Dentro;Urbana;Otra Señal;No existe;Intersección;Bueno;Buena;Atardecer;Buen Tiempo;De alcance;S/D;Colisión;Ninguna;Faltante
989;2021;8/2/2021;Lunes;11:00:00;Ruta Nacional 11;21.0;2;Automóvil,Automóvil; ;4;3;0;1;0;0;Ruta;PUERTO SAN MARTÍN;San Lorenzo;Asfalto;Pavimento;XVII;Dentro;Urbana;Otra Señal;No existe;Intersección;Bueno;Buena;Diurna;Buen Tiempo;Múltiple;S/D;Colisión;Ninguna;Horizontal
990;2021;8/2/2021;Lunes;09:00:00;;0.0;2;Automóvil,Automóvil;Av. Ntra.Sra.del Rosario Y Cereseto;2;1;0;1;0;0;Avenida;ROSARIO;Rosario;Asfalto;No existe;II;Dentro;Urbana;Otra Señal;No existe;Intersección;Bueno;Buena;Diurna;Buen Tiempo;Múltiple;S/D;Colisión;Ninguna;Vertical
991;2021;8/2/2021;Lunes;12:00:00;;0.0;2;Moto/Ciclomotor,Automóvil;L Novoro Y Mitre;2;1;0;1;0;0;Calle;SAN CARLOS CENTRO;Las Colonias;Asfalto;No existe;XI;Dentro;Urbana;Otra Señal;No existe;Intersección;Bueno;Buena;Diurna;Buen Tiempo;Múltiple;S/D;Colisión;Ninguna;Faltante
992;2021;8/2/2021;Lunes;19:20:00;;0.0;1;Moto/Ciclomotor;Av. Iriondo Y J M De Rosas;1;1;0;0;0;0;Avenida;SAN JUSTO;San Justo;Asfalto;No existe;XVI;Dentro;Urbana;Otra Señal;No existe;Intersección;Bueno;Buena;Atardecer;Buen Tiempo;Múltiple;S/D;Colisión;Ninguna;Faltante
993;2021;8/2/2021;Lunes;18:00:00;Ruta Nacional 11;0.0;2;Automóvil,Moto/Ciclomotor;Av. San Martin Y Dr. Ghio;2;1;0;1;0;0;Ruta;SAN LORENZO;San Lorenzo;Asfalto;No existe;XVII;Dentro;Urbana;Otra Señal;Funciona;Intersección;Bueno;S/D;Diurna;S/D;Múltiple;S/D;Colisión;Ninguna;Horizontal,Vertical
994;2021;8/2/2021;Lunes;00:30:00;;0.0;1;Automóvil;J.M.de Rosas 1905;2;2;0;0;0;0;Calle;ROSARIO;Rosario;Asfalto;No existe;II;Dentro;Urbana;Otra Señal;No existe;Intersección;Bueno;Buena;Diurna;Buen Tiempo;Múltiple;S/D;Colisión;Ninguna;Horizontal,Vertical
995;2021;8/2/2021;Lunes;21:30:00;;0.0;2;Otros,Moto/Ciclomotor;Dante Alighieri 2100;2;1;0;0;0;1;Avenida;CASILDA;Caseros;Asfalto;No existe;IV;Dentro;Urbana;Otra Señal;No existe;Intersección;Bueno;Buena;Nocturna,Con luz artificial;Buen Tiempo;Múltiple;S/D;Colisión;Ninguna;Horizontal
996;2021;8/2/2021;Lunes;;;0.0;1;Moto/Ciclomotor;Av. 51 Y Calle 68;1;1;0;0;0;0;Avenida;VILLA CAÑAS;General LÓPEZ;Asfalto;No existe;VIII;Dentro;Urbana;Otra Señal;S/D;Intersección;S/D;S/D;S/D;Buen Tiempo;Múltiple;S/D;Colisión;Ninguna;S/D
997;2021;8/2/2021;Lunes;;Ruta Provincial 94;37.0;1;Automóvil; ;1;1;0;0;0;0;Ruta;SANTA ISABEL;General LÓPEZ;Asfalto;Natural;VIII;Dentro;Rural;Otra Señal;No existe;Intersección;Bueno;Buena;S/D;Buen Tiempo;Múltiple;S/D;Colisión;Ninguna;Horizontal
998;2021;8/2/2021;Lunes;17:25:00;Ruta Secundaria 7-s;0.0;1;Moto/Ciclomotor;José Aufranc Y Santa Fe;2;2;0;0;0;0;Ruta;VENADO TUERTO;General LÓPEZ;Asfalto;No existe;VIII;Dentro;Urbana;Otra Señal;No existe;Intersección;Deteriorada;Buena;Diurna;Buen Tiempo;Múltiple;S/D;Colisión;Ninguna;Faltante
999;2021;8/2/2021;Lunes;00:25:00;;0.0;1;Bicicleta;Guillermo Brown Y Santa Fe;1;1;0;0;0;0;Calle;VENADO TUERTO;General LÓPEZ;Asfalto;No existe;VIII;Dentro;Urbana;Otra Señal;No existe;Intersección;Bueno;Buena;Nocturna;Buen Tiempo;Múltiple;S/D;Colisión;Ninguna;Vertical
1000;2021;8/2/2021;Lunes;16:00:00;Ruta Nacional 9;373.0;1;Automóvil; ;1;1;0;0;0;0;Ruta;CAÑADA DE GÓMEZ;Iriondo;Asfalto;Natural;X;Dentro;Rural;Otra Señal;No existe;Intersección;Bueno;Buena;Diurna;Buen Tiempo;Múltiple;S/D;Colisión;Ninguna;Horizontal
1001;2021;8/2/2021;Lunes;12:00:00;;0.0;2;Automóvil,Bicicleta;Calle 12 San Martin Y Calle 25-Rivadavia;2;1;0;1;0;0;Calle;RECONQUISTA;General Obligado;Asfalto;No existe;IX;Dentro;Urbana;Otra Señal;No existe;Intersección;Bueno;Buena;Diurna;Buen Tiempo;Múltiple;Ciclista;Colisión;Ninguna;Horizontal
1002;2021;8/2/2021;Lunes;10:00:00;;0.0;2;Bicicleta,Peatón;Av. Urquiza Y Salta;2;1;0;0;0;1;Avenida;SANTA FE;La Capital;Asfalto;No existe;I;Dentro;Urbana;Otra Señal;Funciona;Recta;Bueno;S/D;Diurna;S/D;Múltiple;Peatón;Colisión;Ninguna;Horizontal,Vertical
1003;2021;8/2/2021;Lunes;07:50:00;;0.0;2;Moto/Ciclomotor,Pickup/Utilitario;Junín Y Saavedra;2;1;0;1;0;0;Calle;SANTA FE;La Capital;Asfalto;No existe;I;Dentro;Urbana;Otra Señal;No existe;Intersección;Bueno;Buena;Diurna;Buen Tiempo;Múltiple;S/D;Colisión;Ninguna;Vertical
1004;2021;8/2/2021;Lunes;16:30:00;;0.0;2;Moto/Ciclomotor,Moto/Ciclomotor;Av. A del Valle Y Javier de la Rosa;3;2;0;1;0;0;Avenida;SANTA FE;La Capital;Asfalto;No existe;I;Dentro;Urbana;Otra Señal;No existe;Intersección;Con baches;Buena;Diurna;Buen Tiempo;Múltiple;S/D;Colisión;Ninguna;Faltante
1005;2021;8/2/2021;Lunes;12:00:00;;0.0;2;Automóvil,Moto/Ciclomotor;Belgrano Y Pedro de Vega;2;1;0;1;0;0;Calle;SANTA FE;La Capital;Asfalto;No existe;I;Dentro;Urbana;Otra Señal;No existe;Intersección;Bueno;Buena;Diurna;Buen Tiempo;Múltiple;S/D;Colisión;Ninguna;Faltante
1006;2021;8/2/2021;Lunes;08:00:00;;0.0;1;Automóvil; ;3;2;0;1;0;0;Calle;SANTA FE;La Capital;Asfalto;No existe;I;Dentro;Urbana;Otra Señal;No existe;Recta;S/D;S/D;Diurna;S/D;Múltiple;S/D;Colisión;S/D;Faltante
1007;2021;8/2/2021;Lunes;08:32:00;;0.0;1;Moto/Ciclomotor; ;1;1;0;0;0;0;S/D;SANTA FE;La Capital;S/D;S/D;I;Dentro;Urbana;Otra Señal;S/D;S/D;S/D;Buena;Diurna;Buen Tiempo;Múltiple;S/D;Colisión;S/D;S/D
1008;2021;8/2/2021;Lunes;;;0.0;2;Transporte de Pasajeros (H/ 8 asientos),Moto/Ciclomotor; ;2;1;0;1;0;0;Calle;SANTA FE;La Capital;Asfalto;S/D;I;Dentro;Urbana;Otra Señal;S/D;S/D;S/D;S/D;S/D;S/D;Múltiple;S/D;Colisión;S/D;S/D
1009;2021;8/2/2021;Lunes;15:50:00;Ruta Provincial 40;3.2;2;Bicicleta,Pickup/Utilitario; ;2;0;0;1;1;0;Ruta;RECONQUISTA;General Obligado;Asfalto;S/D;IX;S/D;Rural;Otra Señal;S/D;Intersección;S/D;Buena;Diurna;Buen Tiempo;De alcance,Múltiple;Ciclista;Colisión;S/D;S/D
1010;2021;8/2/2021;Lunes;19:30:00;;0.0;1;Moto/Ciclomotor;Esteban Echeverria Y Calle s/n;1;1;0;0;0;0;Calle;SANTA CLARA DE SAGUIER;Castellanos;Tierra;No existe;V;Dentro;Urbana;Otra Señal;No existe;Intersección;Bueno;Buena;Atardecer;Buen Tiempo;Múltiple;S/D;Colisión;Ninguna;Faltante
1011;2021;8/2/2021;Lunes;12:00:00;;0.0;1;Bicicleta; ;1;1;0;0;0;0;S/D;ROSARIO;Rosario;S/D;S/D;II;S/D;S/D;Otra Señal;S/D;Intersección;S/D;S/D;Diurna;S/D;Múltiple;S/D;Colisión;S/D;S/D
1012;2021;8/2/2021;Lunes;10:00:00;Autopista Nacional Rosario -Cordoba;0.0;2;Automóvil,Automóvil; ;2;1;0;0;0;1;Autopista;FUNES;Rosario;Asfalto;S/D;II;S/D;S/D;Otra Señal;S/D;Intersección;Bueno;S/D;S/D;S/D;Múltiple;S/D;Colisión;S/D;Horizontal
1013;2021;8/2/2021;Lunes;08:30:00;;0.0;1;Moto/Ciclomotor;Av. Pellegrini Y Vera Mujica;1;1;0;0;0;0;Avenida;ROSARIO;Rosario;Asfalto;No existe;II;Dentro;Urbana;Otra Señal;Funciona;Intersección;Bueno;Buena;Diurna;Buen Tiempo;Múltiple;S/D;Colisión;S/D;Horizontal,Vertical
1014;2021;8/2/2021;Lunes;09:00:00;;0.0;1;Moto/Ciclomotor;Camilo Aldao Y J.J.Paso;1;1;0;0;0;0;Calle;ROSARIO;Rosario;Asfalto;No existe;II;Dentro;Urbana;Otra Señal;No existe;Intersección;Bueno;Buena;Diurna;Buen Tiempo;Múltiple;S/D;Colisión;Ninguna;Faltante
1015;2021;8/2/2021;Lunes;22:00:00;;0.0;2;Automóvil,Moto/Ciclomotor;Castellanos Y Rueda;2;1;0;0;0;1;Calle;ROSARIO;Rosario;Asfalto;No existe;II;Dentro;Urbana;Otra Señal;No existe;Intersección;Bueno;S/D;Diurna;S/D;Múltiple;S/D;Colisión;Ninguna;Faltante
1016;2021;8/2/2021;Lunes;19:10:00;;0.0;2;Moto/Ciclomotor,Automóvil;Fraga Y La Republica;2;0;0;1;0;0;Calle;ROSARIO;Constitución;Hormigón;No existe;II;Dentro;Urbana;Otra Señal;No existe;Intersección;Bueno;Buena;Atardecer;Buen Tiempo;Múltiple;S/D;Colisión;Ninguna;Faltante
1017;2021;8/2/2021;Lunes;18:00:00;;0.0;2;Moto/Ciclomotor,Automóvil;Av. Ovidio Lagos Y Dean Funes;2;0;0;1;0;0;Avenida;ROSARIO;Constitución;Asfalto;No existe;II;Dentro;Urbana;Otra Señal;No existe;Intersección;Bueno;Buena;Diurna;Buen Tiempo;Múltiple;S/D;Colisión;Ninguna;Horizontal
1018;2021;8/2/2021;Lunes;21:40:00;;0.0;2;Automóvil,Moto/Ciclomotor;Manuel Belgrano Y Colon;2;0;0;1;0;0;Calle;SAN CARLOS CENTRO;Constitución;Asfalto;No existe;XI;Dentro;Urbana;Otra Señal;No existe;Intersección;Bueno;Reducida;Nocturna,Con luz artificial;Buen Tiempo;Múltiple;S/D;Colisión;Ninguna;Faltante
1019;2021;8/2/2021;Lunes;20:30:00;Ruta Provincial 21;26.0;2;Automóvil,Moto/Ciclomotor; ;3;1;0;1;0;0;Ruta;FIGHIERA;Constitución;Asfalto;Natural;II;Dentro;Rural;Otra Señal;No existe;Intersección;Bueno;Buena;Nocturna;Buen Tiempo;Múltiple;S/D;Colisión;Ninguna;Horizontal
1020;2021;8/2/2021;Lunes;;Ruta Nacional 11;0.0;1;Moto/Ciclomotor;Av. Blas Parera 8800;1;0;0;0;0;0;Ruta;SANTA FE;Constitución;Asfalto;No existe;I;Dentro;Urbana;Otra Señal;No existe;Intersección;S/D;S/D;Diurna;S/D;Múltiple;S/D;Colisión;S/D;Faltante
1021;2021;9/2/2021;Martes;16:15:00;;0.0;2;Bicicleta,Bicicleta;Bv. Oroño Y Gaboto;2;1;0;1;0;0;Avenida;ROSARIO;Rosario;Asfalto;No existe;II;Dentro;Urbana;Otra Señal;Funciona;Intersección;Bueno;Buena;Diurna;Buen Tiempo;De alcance;Ciclista;Colisión;Ninguna;Horizontal,Vertical
1022;2021;9/2/2021;Martes;17:50:00;;0.0;2;Peatón,Pickup/Utilitario;A Lezama 2720;2;1;0;1;0;0;Calle;VERA;Vera;Asfalto;No existe;XIX;Dentro;Urbana;Otra Señal;Intermitente;Intersección;Bueno;S/D;Diurna;Buen Tiempo;Múltiple;Peatón;Colisión;Ninguna;Vertical
1023;2021;9/2/2021;Martes;14:15:00;;0.0;2;Moto/Ciclomotor,Automóvil;Formosa Y San Marcos;2;1;0;1;0;0;Calle;ROLDÁN;San Lorenzo;Tierra;No existe;XVII;Dentro;Urbana;Otra Señal;No existe;Intersección;Deteriorada;Buena;Diurna;Buen Tiempo;Múltiple;S/D;Colisión;Ninguna;Faltante
1024;2021;9/2/2021;Martes;19:05:00;;0.0;2;Bicicleta,Automóvil;Conrado Schaer Y Dr. Ricardo Fischer;2;1;0;1;0;0;Calle;ARMSTRONG;Belgrano;Asfalto;No existe;III;Dentro;Urbana;Otra Señal;No existe;Intersección;Bueno;Buena;Diurna;Buen Tiempo;Múltiple;Ciclista;Colisión;Ninguna;Vertical
1025;2021;9/2/2021;Martes;17:00:00;;0.0;2;Moto/Ciclomotor,Automóvil;Falucho Y Laprida;2;1;0;1;0;0;Calle;CAPITÁN BERMÚDEZ;San Lorenzo;Asfalto;No existe;XVII;Dentro;Urbana;Otra Señal;No existe;Intersección;Bueno;Buena;Diurna;Buen Tiempo;Múltiple;S/D;Colisión;Ninguna;Faltante
1026;2021;9/2/2021;Martes;12:20:00;;0.0;2;Automóvil,Moto/Ciclomotor;Av. Dr. Luis Chapuis Y José Aufranc;2;1;0;1;0;0;Avenida;VENADO TUERTO;General LÓPEZ;Asfalto;No existe;VIII;Dentro;Urbana;Otra Señal;Funciona;Intersección;Bueno;Buena;Diurna;Buen Tiempo;Múltiple;S/D;Colisión;Ninguna;Vertical
1027;2021;9/2/2021;Martes;09:55:00;;0.0;2;Automóvil,Moto/Ciclomotor;Saavedra 1400;2;1;0;1;0;0;Calle;SANTA FE;La Capital;Asfalto;No existe;I;Dentro;Urbana;Otra Señal;No existe;Recta;Bueno;Buena;Diurna;Buen Tiempo;Múltiple;S/D;Colisión;Ninguna;Horizontal
1028;2021;9/2/2021;Martes;11:15:00;;0.0;2;Automóvil,Moto/Ciclomotor;Corrientes Y Dr. Zavalla;2;1;0;1;0;0;Calle;SANTA FE;La Capital;Asfalto;Pavimento;I;Dentro;Urbana;Otra Señal;No existe;Intersección;Bueno;Buena;Diurna;Buen Tiempo;Múltiple;S/D;Colisión;Ninguna;Faltante
1029;2021;9/2/2021;Martes;13:05:00;;0.0;2;Automóvil,Pickup/Utilitario;San Luis 2600;2;1;0;1;0;0;Calle;SANTA FE;La Capital;Asfalto;No existe;I;Dentro;Urbana;Otra Señal;No existe;Recta;Bueno;Buena;Diurna;S/D;Múltiple;S/D;Colisión;Ninguna;Faltante
1030;2021;9/2/2021;Martes;22:00:00;Autopista Nacional A007;0.0;1;Automóvil;Av. Circunvalación ;1;1;0;0;0;0;Autopista;SANTA FE;La Capital;Asfalto;No existe;I;Dentro;Urbana;Otra Señal;No existe;Recta;Bueno;Buena;Nocturna,Con luz artificial;Buen Tiempo;Múltiple;S/D;Colisión;Ninguna;Vertical
1031;2021;9/2/2021;Martes;13:00:00;;0.0;2;Automóvil,Automóvil;Salvador del Carril Y Vélez Sarsfield;2;1;0;1;0;0;Calle;SANTA FE;La Capital;Asfalto;No existe;I;Dentro;Urbana;Otra Señal;No existe;Paso a Nivel FFCC;Bueno;Buena;Diurna;Buen Tiempo;Múltiple;S/D;Colisión;Ninguna;Vertical
1032;2021;9/2/2021;Martes;23:30:00;;0.0;2;Moto/Ciclomotor,Peatón;Av. Gral. Paz Y Huergo;2;1;0;1;0;0;Avenida;SANTA FE;La Capital;Asfalto;No existe;I;Dentro;Urbana;Otra Señal;No existe;Recta;Bueno;Buena;Nocturna;Buen Tiempo;Múltiple;Peatón;Colisión;Ninguna;Vertical
1033;2021;9/2/2021;Martes;17:30:00;;0.0;2;Automóvil,Moto/Ciclomotor;Baldaccini Y Santa Fe;2;1;0;1;0;0;Calle;MONTE VERA;La Capital;Asfalto,Ripio;No existe;I;Dentro;Urbana;Otra Señal;No existe;Intersección;Bueno;Buena;Diurna;Buen Tiempo;Múltiple;S/D;Colisión;Ninguna;Faltante
1034;2021;9/2/2021;Martes;23:55:00;Ruta Nacional 11;654.0;2;Pickup/Utilitario,Transporte de Pasajeros Larga Distancia (Doble Piso);Ruta Nacional 11 ;34;7;0;26;1;0;Ruta;PEDRO GÓMEZ CELLO;San Justo;Asfalto;Natural;XVI;S/D;Rural;Otra Señal;No existe;Intersección;Bueno;S/D;Nocturna;S/D;De alcance,Múltiple;S/D;Colisión;Ninguna;Faltante
1035;2021;9/2/2021;Martes;20:30:00;;0.0;2;Bicicleta,Automóvil;Balcarce Y Hipólito Irigoyen;2;1;0;1;0;0;Calle;SANTO TOMÉ;La Capital;Asfalto;No existe;I;Dentro;Urbana;Otra Señal;No existe;Intersección;Bueno;Buena;Nocturna;Buen Tiempo;Múltiple;Ciclista;Colisión;Ninguna;Faltante
1036;2021;9/2/2021;Martes;00:05:00;;0.0;1;Moto/Ciclomotor; ;1;1;0;0;0;0;S/D;ROSARIO;Rosario;S/D;S/D;II;S/D;S/D;Otra Señal;S/D;Intersección;S/D;S/D;Nocturna;S/D;Múltiple;S/D;Colisión;S/D;S/D