ID_Accidente;A�o;Fecha;Dia;Hopra;Ruta/Autop;km;Participantes;Tipo;Lugar;Total;Heridos Leves;Heridos Graves;Ilesos;Fallecidos;Sin datos;desc_tipo_via;desc_loc;desc_dpto;|;desc_tipo_banquina;desc_unidad_regional;desc_lugar_calzada;desc_zona;desc_prioridad;desc_estado_semaforo;desc_lugar_via;desc_estado_via;desc_estado_visibilidad;desc_luminosidad;desc_estado_clima;desc_tipo_colision;desc_tipo_atropello;desc_tipo_hecho;desc_pres_calzada;desc_senializacion
1037;2021;9/2/2021;Martes;16:00:00;Autopista Nacional A008;0.0;1;Moto/Ciclomotor;Av. Circunvalación Y Rivarola;1;1;0;0;0;0;Autopista;ROSARIO;Rosario;Asfalto;No existe;II;Dentro;Urbana;Otra Señal;Funciona;Intersección;Bueno;S/D;Diurna;Buen Tiempo;Múltiple;S/D;Colisión;S/D;Horizontal,Vertical
1038;2021;9/2/2021;Martes;12:15:00;;0.0;1;Moto/Ciclomotor;Rioja Y San Martin;1;1;0;0;0;0;Calle;ROSARIO;Rosario;Asfalto;No existe;II;Dentro;Urbana;Otra Señal;No existe;Intersección;Bueno;Buena;Diurna;Buen Tiempo;Múltiple;S/D;Colisión;Ninguna;Horizontal
1039;2021;9/2/2021;Martes;12:30:00;;0.0;1;Moto/Ciclomotor;Alsina Y Viamonte;1;1;0;0;0;0;Calle;ROSARIO;Rosario;Asfalto;No existe;II;Dentro;Urbana;Otra Señal;No existe;Intersección;Bueno;S/D;Diurna;S/D;Múltiple;S/D;Colisión;S/D;Faltante
1040;2021;9/2/2021;Martes;18:30:00;;0.0;1;Moto/Ciclomotor;España Y Lamadrid;1;1;0;0;0;0;Calle;ROSARIO;Rosario;Asfalto;No existe;II;Dentro;Urbana;Otra Señal;No existe;Intersección;Deteriorada;S/D;Diurna;S/D;Múltiple;S/D;Colisión;S/D;Faltante
1041;2021;9/2/2021;Martes;19:30:00;;0.0;1;Automóvil;Av. Pte. Perón Y Bv. 27 De Febrero;1;1;0;0;0;0;Avenida;ROSARIO;Rosario;Asfalto;No existe;II;Dentro;Urbana;Otra Señal;Funciona;Intersección;Bueno;S/D;Nocturna;Buen Tiempo;Múltiple;S/D;Colisión;S/D;Horizontal,Vertical
1042;2021;9/2/2021;Martes;20:30:00;Autopista Nacional A008;0.0;1;Bicicleta;Av. Circunvalación Y Av. Eva Perón;1;1;0;0;0;0;Autopista;ROSARIO;Rosario;Asfalto;No existe;II;Dentro;Urbana;Otra Señal;No existe;Intersección;Bueno;S/D;Nocturna;Buen Tiempo;Múltiple;S/D;Colisión;S/D;Horizontal,Vertical
1043;2021;9/2/2021;Martes;03:10:00;;0.0;2;Moto/Ciclomotor,Pickup/Utilitario;A Rossi Y Bartolomé Mitre;2;0;0;1;0;0;Calle;SANTA ROSA DE CALCHINES;Constitución;Asfalto;No existe;VII;Dentro;Urbana;Otra Señal;No existe;Intersección;Bueno;Buena;Nocturna;Buen Tiempo;Múltiple;S/D;Colisión;Ninguna;Horizontal
1044;2021;9/2/2021;Martes;18:35:00;;0.0;2;Moto/Ciclomotor,Automóvil;San Lorenzo Y San Nicolas;2;0;0;1;0;0;Calle;ROSARIO;Constitución;Asfalto;No existe;II;Dentro;Urbana;Otra Señal;No existe;Intersección;Bueno;Buena;Diurna;Buen Tiempo;Múltiple;S/D;Colisión;Ninguna;Horizontal
1045;2021;9/2/2021;Martes;07:00:00;Ruta Nacional 11;0.0;2;Moto/Ciclomotor,Moto/Ciclomotor;Av. San Lorenzo Y Cervantes;2;0;0;1;0;0;Ruta;CAPITÁN BERMÚDEZ;Constitución;Asfalto;No existe;XVII;Dentro;Urbana;Otra Señal;No existe;Intersección;Bueno;Buena;Diurna;Buen Tiempo;Múltiple;S/D;Colisión;Ninguna;Horizontal
1046;2021;10/2/2021;Miercoles;18:15:00;Ruta Provincial 1;80.0;2;Moto/Ciclomotor,Pickup/Utilitario; ;2;1;0;1;0;0;Ruta;CAMPO DEL MEDIO;Garay;Asfalto;Natural;VII;Dentro;Urbana;Ninguna;No existe;Intersección;Bueno;Buena;Atardecer;Buen Tiempo;S/D;S/D;Colisión;Ninguna;Horizontal
1047;2021;10/2/2021;Miercoles;17:20:00;;0.0;2;Automóvil,Peatón;Dorrego Y San Juan;2;1;0;1;0;0;Calle;ROSARIO;Rosario;Asfalto;No existe;II;Dentro;Urbana;Otra Señal;No existe;Intersección;Bueno;Buena;Diurna;Buen Tiempo;S/D;S/D;Colisión;Ninguna;Horizontal
1048;2021;10/2/2021;Miercoles;10:45:00;;0.0;2;Taxi/Remis,Moto/Ciclomotor;Ocampo Y San Martin;2;1;0;1;0;0;Calle;ROSARIO;Rosario;Asfalto;No existe;II;Dentro;Urbana;Otra Señal;No existe;Intersección;Bueno;Buena;Diurna;Buen Tiempo;S/D;S/D;Colisión;Ninguna;Horizontal
1049;2021;10/2/2021;Miercoles;20:30:00;;0.0;2;Automóvil,Moto/Ciclomotor;Abanderado Grandoli Y Isola Bis;2;1;0;1;0;0;Avenida;ROSARIO;Rosario;Asfalto;No existe;II;Dentro;Urbana;Otra Señal;No existe;Intersección;Bueno;Buena;Nocturna,Con luz artificial;Buen Tiempo;Lateral;S/D;Colisión;Ninguna;Faltante
1050;2021;10/2/2021;Miercoles;10:50:00;;0.0;2;Peatón,Automóvil;Paraguay Y Rioja;4;1;0;3;0;0;Calle;ROSARIO;Rosario;Asfalto;No existe;II;Dentro;Urbana;Otra Señal;Funciona;Intersección;Bueno;Buena;Diurna;Buen Tiempo;Múltiple;Peatón;Colisión;Ninguna;Horizontal,Vertical
1051;2021;10/2/2021;Miercoles;19:15:00;;0.0;2;Bicicleta,Automóvil;Italia 2400;2;1;0;1;0;0;Calle;ROSARIO;Rosario;Asfalto;No existe;II;Dentro;Urbana;Otra Señal;No existe;Intersección;Bueno;Buena;Diurna;Buen Tiempo;Múltiple;S/D;Colisión;Ninguna;Vertical
1052;2021;10/2/2021;Miercoles;09:15:00;;0.0;2;Moto/Ciclomotor,Bicicleta;Av. Battle y Ordoñez 500;2;1;0;1;0;0;Avenida;ROSARIO;Rosario;Asfalto;No existe;II;Dentro;Urbana;Otra Señal;No existe;Intersección;Bueno;Buena;Diurna;Buen Tiempo;Múltiple;Ciclista;Colisión;Ninguna;S/D
1053;2021;10/2/2021;Miercoles;15:10:00;;0.0;2;Moto/Ciclomotor,Automóvil;Gaboto Y Vera Mujica;2;0;0;1;1;0;Calle;ROSARIO;Rosario;Asfalto;No existe;II;Dentro;Urbana;Otra Señal;No existe;Intersección;Bueno;Buena;Diurna;Buen Tiempo;Múltiple;S/D;Colisión;Ninguna;Faltante
1054;2021;10/2/2021;Miercoles;18:35:00;;0.0;2;Moto/Ciclomotor,Pickup/Utilitario;R P A Janssen 3000;3;1;0;2;0;0;Calle;ESPERANZA;Las Colonias;Asfalto;No existe;XI;Dentro;Urbana;Otra Señal;No existe;Intersección;Bueno;Buena;Atardecer;Buen Tiempo;Múltiple;S/D;Colisión;Ninguna;Faltante
1055;2021;10/2/2021;Miercoles;;;0.0;2;Transporte de Pasajeros Urbano (> 8 asientos),Bicicleta;Boulevard Ovidio Lagos Y San Juan;2;1;0;1;0;0;Avenida;CASILDA;Caseros;Asfalto;No existe;IV;Dentro;Urbana;Otra Señal;No existe;Intersección;Bueno;Buena;S/D;Buen Tiempo;Múltiple;Ciclista;Colisión;Ninguna;Faltante
1056;2021;10/2/2021;Miercoles;;;0.0;2;Automóvil,Bicicleta;Boulevard Lisandro de la Torre Y Mariano Moreno;3;1;0;2;0;0;Avenida;CASILDA;Caseros;Asfalto;No existe;IV;Dentro;Urbana;Otra Señal;No existe;Intersección;Bueno;Buena;Diurna;Buen Tiempo;Múltiple;Ciclista;Colisión;Ninguna;Faltante
1057;2021;10/2/2021;Miercoles;;;0.0;2;Automóvil,Bicicleta;Boulevard Lisandro de la Torre Y Maipú;2;1;0;1;0;0;Avenida;CASILDA;Caseros;Asfalto;No existe;IV;Dentro;Urbana;Otra Señal;No existe;Intersección;Bueno;Buena;Diurna;Buen Tiempo;Múltiple;Ciclista;Colisión;Ninguna;Faltante
1058;2021;10/2/2021;Miercoles;;Ruta Secundaria 4-s;0.0;1;Automóvil; ;3;3;0;0;0;0;Ruta;VENADO TUERTO;General LÓPEZ;S/D;S/D;VIII;Dentro;Rural;Otra Señal;S/D;Intersección;S/D;S/D;S/D;Buen Tiempo;Múltiple;S/D;Colisión;S/D;S/D
1059;2021;10/2/2021;Miercoles;10:40:00;Autopista Provincial Brigadier E.LÓPEZ;0.0;2;Bicicleta,Moto/Ciclomotor; ;2;2;0;0;0;0;Autopista;ROSARIO;Rosario;Asfalto;S/D;II;Dentro;Urbana;Otra Señal;S/D;Intersección;S/D;S/D;Nocturna;S/D;Múltiple;Ciclista;Colisión;S/D;S/D
1060;2021;10/2/2021;Miercoles;20:10:00;;0.0;2;Moto/Ciclomotor,Automóvil;E López Y Sarmiento;2;1;0;1;0;0;Calle;SAN CARLOS CENTRO;Las Colonias;Asfalto;No existe;XI;Dentro;Urbana;Otra Señal;No existe;Intersección;Bueno;Buena;Diurna;Buen Tiempo;Múltiple;S/D;Colisión;Ninguna;Faltante
1061;2021;10/2/2021;Miercoles;11:53:00;;0.0;2;Moto/Ciclomotor,Bicicleta;Carlos Pellegrini Y Casey;2;2;0;0;0;0;Calle;VENADO TUERTO;General LÓPEZ;Asfalto;No existe;VIII;Dentro;Urbana;Otra Señal;No existe;Intersección;Bueno;Buena;Diurna;Buen Tiempo;Múltiple;Ciclista;Colisión;Ninguna;Faltante
1062;2021;10/2/2021;Miercoles;11:35:00;;0.0;2;Moto/Ciclomotor,Pickup/Utilitario;Calle s n 1300;3;1;0;2;0;0;Calle;VENADO TUERTO;General LÓPEZ;Ripio;No existe;VIII;Dentro;Urbana;Otra Señal;No existe;Intersección;Bueno;Buena;Diurna;Buen Tiempo;Múltiple;S/D;Colisión;Ninguna;Faltante
1063;2021;10/2/2021;Miercoles;20:00:00;;0.0;2;Peatón,Automóvil;Islas Malvinas 3550;2;1;0;1;0;0;Calle;SANTA FE;La Capital;Asfalto;No existe;I;Dentro;Urbana;Otra Señal;No existe;Recta;Bueno;Buena;Nocturna,Con luz artificial;Buen Tiempo;Múltiple;Peatón;Colisión;Ninguna;Faltante
1064;2021;10/2/2021;Miercoles;;;0.0;2;Moto/Ciclomotor,Pickup/Utilitario;Av. A del Valle Y Pedro Ferre;3;2;0;1;0;0;Avenida;SANTA FE;La Capital;Asfalto;No existe;II;Dentro;Urbana;Otra Señal;Funciona;Intersección;Bueno;S/D;S/D;S/D;Múltiple;S/D;Colisión;Ninguna;Horizontal,Vertical
1065;2021;10/2/2021;Miercoles;;;0.0;1;Otros; ;1;1;0;0;0;0;S/D;ROSARIO;Rosario;S/D;S/D;II;S/D;S/D;Otra Señal;S/D;Intersección;S/D;S/D;S/D;S/D;Múltiple;S/D;Colisión;S/D;S/D
1066;2021;10/2/2021;Miercoles;18:30:00;;0.0;1;Bicicleta;Ituzaingó Y Pte. Roca;1;1;0;0;0;0;Calle;ROSARIO;Rosario;Asfalto;No existe;II;Dentro;Urbana;Otra Señal;No existe;Intersección;Bueno;S/D;Diurna;Buen Tiempo;Múltiple;S/D;Colisión;S/D;Faltante
1067;2021;10/2/2021;Miercoles;12:30:00;;0.0;2;Automóvil,Automóvil;Av. Pte. Perón Y Roullon;2;1;0;0;0;1;Avenida;ROSARIO;Rosario;Asfalto;No existe;II;Dentro;Urbana;Otra Señal;Funciona;Intersección;S/D;S/D;Diurna;Buen Tiempo;Múltiple;S/D;Colisión;S/D;Horizontal,Vertical
1068;2021;10/2/2021;Miercoles;07:40:00;;0.0;2;Moto/Ciclomotor,Automóvil;Bv. 27 De Febrero Y San Nicolas;2;1;0;0;0;0;Avenida;ROSARIO;Constitución;Asfalto;No existe;II;Dentro;Urbana;Otra Señal;Funciona;Intersección;Bueno;Buena;Diurna;Buen Tiempo;Múltiple;S/D;Colisión;Ninguna;Horizontal,Vertical
1069;2021;10/2/2021;Miercoles;16:50:00;;0.0;2;Automóvil,Moto/Ciclomotor;Amenábar Y Av. Ovidio Lagos;2;0;0;1;0;0;Avenida;ROSARIO;Constitución;Asfalto;No existe;II;Dentro;Urbana;Otra Señal;No existe;Intersección;Bueno;Buena;Diurna;Buen Tiempo;Múltiple;S/D;Colisión;Ninguna;Horizontal
1070;2021;10/2/2021;Miercoles;08:50:00;Ruta Nacional 11;0.0;2;Automóvil,Automóvil;Ruta Prov. 39 ;4;2;0;1;0;0;Ruta;GOBERNADOR CRESPO;Constitución;Asfalto;Natural;XVI;Dentro;Urbana;Otra Señal;No existe;Intersección;Bueno;Buena;Diurna;Buen Tiempo;Múltiple;S/D;Colisión;Ninguna;Vertical
1071;2021;10/2/2021;Miercoles;10:00:00;;0.0;2;Automóvil,Moto/Ciclomotor;Alberdi Y Av. San Martin;2;0;0;1;0;0;Avenida;CHAÑAR LADEADO;Caseros;Asfalto;No existe;IV;Dentro;Urbana;Otra Señal;No existe;Intersección;Bueno;Buena;Diurna;Buen Tiempo;Múltiple;S/D;Colisión;Ninguna;Faltante
1072;2021;11/2/2021;Jueves;20:30:00;;0.0;2;Moto/Ciclomotor,Moto/Ciclomotor;Elorza Y Gral. Paz;2;1;0;1;0;0;Calle;FUNES;Rosario;Asfalto;No existe;II;Dentro;Urbana;Ninguna;No existe;Intersección;Bueno;Buena;Nocturna;Buen Tiempo;S/D;S/D;Colisión;Ninguna;Faltante
1073;2021;11/2/2021;Jueves;16:00:00;;0.0;2;Bicicleta,Automóvil;Centeno Y Pte. Roca;2;1;0;1;0;0;Calle;ROSARIO;Rosario;Asfalto;No existe;II;Dentro;Urbana;Ninguna;No existe;Intersección;Bueno;Buena;Diurna;Buen Tiempo;S/D;Ciclista;Colisión;Ninguna;Faltante
1074;2021;11/2/2021;Jueves;07:30:00;;0.0;2;Pickup/Utilitario,Camión;JUAN PABLO II Y MENDOZA;2;1;0;1;0;0;Calle;ROSARIO;Rosario;Asfalto;No existe;II;Dentro;Urbana;Otra Señal;Funciona;Intersección;Bueno;Buena;Diurna;Buen Tiempo;De alcance;S/D;Colisión;Ninguna;Vertical
1075;2021;11/2/2021;Jueves;09:15:00;;0.0;2;Pickup/Utilitario,Automóvil;JUAN PABLO II Y VÉLEZ SARSFIELD;2;1;0;1;0;0;Calle;ROSARIO;Rosario;Asfalto;No existe;II;Dentro;Urbana;Otra Señal;No existe;Intersección;Bueno;Buena;Diurna;Buen Tiempo;Lateral;S/D;Colisión;Ninguna;Vertical
1076;2021;11/2/2021;Jueves;17:45:00;;0.0;2;Moto/Ciclomotor,Automóvil;Callao Y Olegario V.Andrade;3;2;0;1;0;0;Calle;ROSARIO;Rosario;Asfalto;No existe;II;Dentro;Urbana;Otra Señal;No existe;Intersección;Bueno;Buena;Atardecer;Buen Tiempo;Múltiple;S/D;Colisión;Ninguna;Faltante
1077;2021;11/2/2021;Jueves;15:40:00;;0.0;2;Pickup/Utilitario,Automóvil;CAMINO RURAL ;3;1;0;2;0;0;Camino Rural;SAN CARLOS NORTE;Las Colonias;Ripio;No existe;XI;Dentro;Rural;Otra Señal;No existe;Intersección;Bueno;Buena;Diurna;Buen Tiempo;Múltiple;S/D;Colisión;Ninguna;Faltante
1078;2021;11/2/2021;Jueves;20:45:00;Autovía Provincial Brigadier E.LÓPEZ;16.0;2;Pickup/Utilitario,Automóvil; ;4;3;0;1;0;0;Autovía;SAN LORENZO;San Lorenzo;Asfalto;Natural;XVII;Dentro;Rural;Otra Señal;S/D;Intersección;S/D;S/D;Nocturna;S/D;Múltiple;S/D;Colisión;S/D;Horizontal
1079;2021;11/2/2021;Jueves;23:30:00;;0.0;2;Automóvil,Moto/Ciclomotor;San Juan Y 25 de Mayo;2;1;0;1;0;0;Calle;SAN LORENZO;San Lorenzo;Asfalto;No existe;XVII;Dentro;Urbana;Otra Señal;No existe;Intersección;Bueno;S/D;Nocturna;S/D;Múltiple;S/D;Colisión;Ninguna;S/D
1080;2021;11/2/2021;Jueves;11:50:00;;0.0;2;Moto/Ciclomotor,Moto/Ciclomotor;Av. Carlos A Poucel Y B de Astrada;2;1;0;1;0;0;Avenida;SAN LORENZO;San Lorenzo;Asfalto;No existe;XVII;Dentro;Urbana;Otra Señal;No existe;Intersección;Bueno;S/D;Diurna;Buen Tiempo;Múltiple;S/D;Colisión;Ninguna;Faltante
1081;2021;11/2/2021;Jueves;20:40:00;Ruta Nacional 11;0.0;2;Moto/Ciclomotor,Automóvil;Av. San Martin Y Dorrego;3;1;0;2;0;0;Ruta;FRAY LUIS BELTRÁN;San Lorenzo;Asfalto;No existe;XVII;Dentro;Urbana;Otra Señal;No existe;Intersección;Bueno;Reducida;Nocturna;Otro;Múltiple;S/D;Colisión;Ninguna;Faltante
1082;2021;11/2/2021;Jueves;09:00:00;;0.0;2;Automóvil,Bicicleta;Mendoza 3600;2;1;0;1;0;0;Calle;ROSARIO;Rosario;Asfalto;No existe;II;Dentro;Urbana;Otra Señal;Funciona;Intersección;Bueno;Buena;Diurna;Buen Tiempo;Múltiple;Ciclista;Colisión;Ninguna;Horizontal,Vertical
1083;2021;11/2/2021;Jueves;;Ruta Nacional 33;0.0;2;Taxi/Remis,Moto/Ciclomotor;Boulevard Lisandro de la Torre Y Boulevard Cristóbal Colon;2;1;0;1;0;0;Ruta;CASILDA;Caseros;Asfalto;Pavimento;IV;Dentro;Urbana;Otra Señal;Funciona;Intersección;Bueno;Buena;Diurna;Buen Tiempo;Múltiple;S/D;Colisión;Ninguna;Horizontal,Vertical
1084;2021;11/2/2021;Jueves;;;0.0;2;Automóvil,Moto/Ciclomotor;Falucho Y R Matassi;2;1;0;1;0;0;Calle;VENADO TUERTO;General LÓPEZ;Tierra;S/D;VIII;Dentro;Urbana;Otra Señal;No existe;Intersección;Bueno;Buena;S/D;Buen Tiempo;Múltiple;S/D;Colisión;Ninguna;Faltante
1085;2021;11/2/2021;Jueves;;;0.0;1;Moto/Ciclomotor; ;3;2;0;1;0;0;S/D;SAN JERÓNIMO NORTE;Las Colonias;S/D;S/D;XI;S/D;S/D;Otra Señal;S/D;Intersección;S/D;S/D;S/D;S/D;Múltiple;S/D;Colisión;S/D;S/D
1086;2021;11/2/2021;Jueves;19:00:00;;0.0;2;Moto/Ciclomotor,Peatón;4 de Enero Y Av. Republica;3;1;0;2;0;0;Avenida;GÁLVEZ;San JERÓNIMO;Tierra;No existe;XV;Dentro;Urbana;Otra Señal;No existe;Intersección;Bueno;Buena;Diurna;Buen Tiempo;Múltiple;Peatón;Colisión;Ninguna;Faltante
1087;2021;11/2/2021;Jueves;;Ruta Nacional 11;0.0;3;Pickup/Utilitario,Automóvil,Automóvil;Independencia Y Ruta Nacional 11;3;1;0;2;0;0;Ruta;SAN JUSTO;San Justo;Asfalto;No existe;XVI;Dentro;Urbana;Otra Señal;No existe;Intersección;Bueno;S/D;S/D;S/D;Múltiple;S/D;Colisión;Ninguna;Faltante
1088;2021;11/2/2021;Jueves;21:40:00;;0.0;2;Moto/Ciclomotor,Moto/Ciclomotor;Calle 16 Y Calle 29;2;2;0;0;0;0;Calle;LAS TOSCAS;General Obligado;Asfalto;No existe;IX;Dentro;Urbana;Otra Señal;No existe;Intersección;Bueno;Buena;Nocturna,Con luz artificial;Buen Tiempo;Múltiple;S/D;Colisión;Ninguna;Faltante
1089;2021;11/2/2021;Jueves;19:00:00;;0.0;2;Moto/Ciclomotor,Automóvil;Av. Gral. López Y Saavedra;4;2;0;2;0;0;Avenida;SANTA FE;La Capital;Asfalto;No existe;I;Dentro;Urbana;Otra Señal;No existe;Intersección;Bueno;Buena;Atardecer;Buen Tiempo;Múltiple;S/D;Colisión;Ninguna;Horizontal
1090;2021;11/2/2021;Jueves;11:30:00;;0.0;2;Moto/Ciclomotor,Automóvil;San Martin Y Suipacha;2;1;0;0;0;1;Calle;SANTA FE;La Capital;Asfalto;No existe;I;Dentro;Urbana;Otra Señal;Funciona;Intersección;Bueno;S/D;Diurna;S/D;Múltiple;S/D;Colisión;Ninguna;Horizontal,Vertical
1091;2021;11/2/2021;Jueves;17:00:00;;0.0;2;Moto/Ciclomotor,Automóvil;Av. López y Planes Y Agustín Delgado;2;0;0;0;0;2;Avenida;SANTA FE;La Capital;Asfalto;No existe;I;Dentro;Urbana;Otra Señal;Funciona;Intersección;Bueno;Buena;Diurna;Buen Tiempo;Múltiple;S/D;Colisión;Ninguna;Vertical
1092;2021;11/2/2021;Jueves;19:20:00;;0.0;2;Moto/Ciclomotor,Pickup/Utilitario;Av. Urquiza 3331;2;1;0;1;0;0;Avenida;SANTA FE;La Capital;Asfalto;No existe;I;Dentro;Urbana;Otra Señal;No existe;Recta;Bueno;Buena;Atardecer,Con luz artificial;Buen Tiempo;Múltiple;S/D;Colisión;Ninguna;Faltante
1093;2021;11/2/2021;Jueves;10:00:00;;0.0;2;Moto/Ciclomotor,Automóvil;Necochea Y Salvador del Carril;2;1;0;1;0;0;Calle;SANTA FE;La Capital;Asfalto;No existe;I;Dentro;Urbana;Otra Señal;No existe;Intersección;Bueno;Buena;Diurna;Buen Tiempo;Múltiple;S/D;Colisión;Ninguna;Horizontal
1094;2021;11/2/2021;Jueves;11:50:00;;0.0;2;Automóvil,Moto/Ciclomotor;Av. Galicia 2300;2;1;0;1;0;0;Avenida;SANTA FE;La Capital;Asfalto;No existe;I;Dentro;Urbana;Otra Señal;No existe;Intersección;Bueno;Buena;Diurna;Buen Tiempo;Múltiple;S/D;Colisión;Ninguna;Faltante
1095;2021;11/2/2021;Jueves;12:45:00;;0.0;2;Pickup/Utilitario,Moto/Ciclomotor;Av. Mitre Y Belgrano;2;1;0;1;0;0;Avenida;RECREO;La Capital;Asfalto,Ripio;No existe;I;Dentro;Urbana;Otra Señal;No existe;Intersección;Bueno;Buena;Diurna;Buen Tiempo;Múltiple;S/D;Colisión;Ninguna;Faltante
1096;2021;11/2/2021;Jueves;23:50:00;;0.0;1;Moto/Ciclomotor;Av. Mitre Y Belgrano;2;1;0;1;0;0;Avenida;RECREO;La Capital;Asfalto,Ripio;No existe;I;Dentro;Urbana;Otra Señal;No existe;Recta;Bueno;Buena;Nocturna;Buen Tiempo;Múltiple;S/D;Colisión;Ninguna;Faltante
1097;2021;11/2/2021;Jueves;20:50:00;;0.0;2;Moto/Ciclomotor,Automóvil;Matheu Y Las Heras;2;1;0;1;0;0;Calle;SANTA FE;La Capital;S/D;S/D;I;Dentro;Urbana;Otra Señal;S/D;Intersección;S/D;S/D;Atardecer;S/D;Múltiple;S/D;Colisión;S/D;S/D
1098;2021;11/2/2021;Jueves;;;0.0;2;Camión c / Semirremolque,Moto/Ciclomotor;General Manuel Belgrano Y Lisandro de La Torre;2;1;0;1;0;0;Calle;SANTO TOMÉ;La Capital;Asfalto;No existe;I;Dentro;Urbana;Otra Señal;No existe;Recta;Bueno;S/D;S/D;S/D;Múltiple;S/D;Colisión;Ninguna;Faltante
1099;2021;11/2/2021;Jueves;13:00:00;Ruta Nacional 11;0.0;2;Moto/Ciclomotor,Moto/Ciclomotor;Calle 33-Pueyrredon Y Calle 34;2;1;0;1;0;0;Ruta;RECONQUISTA;General Obligado;Asfalto;No existe;IX;Dentro;Urbana;Otra Señal;Funciona;Intersección;Bueno;Buena;Diurna;Buen Tiempo;Múltiple;S/D;Colisión;Ninguna;Horizontal,Vertical
1100;2021;11/2/2021;Jueves;15:30:00;;0.0;2;Automóvil,Automóvil; ;3;3;0;0;0;0;S/D;ROSARIO;Rosario;S/D;S/D;II;S/D;S/D;Otra Señal;S/D;Intersección;S/D;S/D;Diurna;S/D;Múltiple;S/D;Colisión;S/D;S/D
1101;2021;11/2/2021;Jueves;08:30:00;;0.0;2;Automóvil,Automóvil;Av. Battle y Ordoñez Y España;2;1;0;0;0;1;Avenida;ROSARIO;Rosario;Asfalto;No existe;II;Dentro;Urbana;Otra Señal;Funciona;Intersección;Bueno;S/D;Diurna;Buen Tiempo;Múltiple;S/D;Colisión;Ninguna;Vertical
1102;2021;11/2/2021;Jueves;23:00:00;;0.0;1;Bicicleta;Castellanos Y Ocampo;1;1;0;0;0;0;Calle;ROSARIO;Rosario;Asfalto;No existe;II;Dentro;Urbana;Otra Señal;No existe;Intersección;Bueno;S/D;Nocturna;S/D;Múltiple;S/D;Colisión;S/D;Faltante
1103;2021;11/2/2021;Jueves;22:20:00;;0.0;2;Automóvil,Automóvil;Donado Y French;5;2;0;2;0;0;Calle;ROSARIO;Constitución;Asfalto;No existe;II;Dentro;Urbana;Otra Señal;No existe;Intersección;Bueno;Buena;Nocturna;Buen Tiempo;Múltiple;S/D;Colisión;Ninguna;Vertical
1104;2021;11/2/2021;Jueves;19:40:00;;0.0;2;Pickup/Utilitario,Moto/Ciclomotor;9 DE JULIO Y HAMBURGO;2;0;0;1;0;0;Calle;SAN JERÓNIMO SUR;Constitución;Asfalto;No existe;XVII;Dentro;Urbana;Otra Señal;No existe;Intersección;Bueno;Buena;Diurna;Buen Tiempo;Múltiple;S/D;Colisión;Ninguna;Faltante
1105;2021;12/2/2021;Viernes;21:40:00;Autovía Nacional Rosario -Cordoba;300.0;1;Automóvil; ;1;1;0;0;0;0;Autovía;ROSARIO;Rosario;Asfalto;Natural;II;Fuera;Rural;Otra Señal;No existe;Intersección;Bueno;Buena;Nocturna;Buen Tiempo;Contra objeto fijo;S/D;Colisión;Ninguna;Faltante
1106;2021;12/2/2021;Viernes;19:20:00;;0.0;2;Automóvil,Bicicleta;Av. Belgrano Y Dr. Borzone;2;1;0;1;0;0;Avenida;PEREZ;Rosario;Asfalto;Pavimento;II;Dentro;Urbana;Otra Señal;No existe;Intersección;Bueno;Buena;Diurna;Buen Tiempo;S/D;Ciclista;Colisión;Ninguna;Horizontal
1107;2021;12/2/2021;Viernes;10:00:00;;0.0;2;Moto/Ciclomotor,Automóvil;Bv. 27 De Febrero Y F.More;3;1;0;2;0;0;Avenida;ROSARIO;Rosario;Asfalto;No existe;II;Dentro;Urbana;Otra Señal;Funciona;Intersección;Bueno;Buena;Diurna;Buen Tiempo;Lateral;S/D;Colisión;Ninguna;Horizontal,Vertical
1108;2021;12/2/2021;Viernes;19:20:00;;0.0;2;Moto/Ciclomotor,Automóvil;La Paz Y Sarmiento;2;1;0;1;0;0;Calle;ROSARIO;Rosario;Asfalto;No existe;II;Dentro;Urbana;Otra Señal;No existe;Intersección;Bueno;Buena;Diurna;Buen Tiempo;S/D;S/D;Colisión;Ninguna;Faltante
1109;2021;12/2/2021;Viernes;13:00:00;;0.0;2;Peatón,Automóvil;Santiago Y Pje. Palacio;2;1;0;1;0;0;Calle;ROSARIO;Rosario;Asfalto;No existe;II;Dentro;Urbana;Otra Señal;No existe;Intersección;Bueno;Buena;Diurna;Buen Tiempo;Múltiple;Peatón;Colisión;Ninguna;Faltante
1110;2021;12/2/2021;Viernes;18:35:00;;0.0;2;Moto/Ciclomotor,Automóvil;Bv. Avellaneda Y Garibaldi;2;1;0;1;0;0;Avenida;ROSARIO;Rosario;Asfalto;No existe;II;Dentro;Urbana;Otra Señal;No existe;Intersección;Bueno;Buena;Diurna;Buen Tiempo;Múltiple;S/D;Colisión;Ninguna;Faltante