ID_Accidente;A�o;Fecha;Dia;Hopra;Ruta/Autop;km;Participantes;Tipo;Lugar;Total;Heridos Leves;Heridos Graves;Ilesos;Fallecidos;Sin datos;desc_tipo_via;desc_loc;desc_dpto;|;desc_tipo_banquina;desc_unidad_regional;desc_lugar_calzada;desc_zona;desc_prioridad;desc_estado_semaforo;desc_lugar_via;desc_estado_via;desc_estado_visibilidad;desc_luminosidad;desc_estado_clima;desc_tipo_colision;desc_tipo_atropello;desc_tipo_hecho;desc_pres_calzada;desc_senializacion
1111;2021;12/2/2021;Viernes;;;0.0;1;Moto/Ciclomotor;9 de Julio Y General Paz;2;2;0;0;0;0;Calle;ESPERANZA;Las Colonias;Asfalto;No existe;XI;Dentro;Urbana;Otra Señal;No existe;Intersección;Bueno;Buena;Diurna;Buen Tiempo;Múltiple;S/D;Colisión;Ninguna;Faltante
1112;2021;12/2/2021;Viernes;16:45:00;Ruta Nacional 11;337.0;2;Moto/Ciclomotor,Camión c / Acoplado; ;2;1;0;1;0;0;Ruta;PUERTO SAN MARTÍN;San Lorenzo;Asfalto;No existe;XVII;Dentro;Urbana;Otra Señal;No existe;Intersección;Ahuellamiento;Buena;Diurna;Buen Tiempo;Múltiple;S/D;Colisión;Ninguna;Horizontal
1113;2021;12/2/2021;Viernes;17:00:00;;0.0;1;Moto/Ciclomotor;José Cuffia 1700;1;1;0;0;0;0;Calle;ARMSTRONG;Belgrano;Asfalto;No existe;III;Dentro;Urbana;Otra Señal;No existe;Intersección;Bueno;Buena;Diurna;Buen Tiempo;Múltiple;S/D;Colisión;Ninguna;Faltante
1114;2021;12/2/2021;Viernes;13:55:00;;0.0;1;Automóvil;Bme Mitre Y Colon;2;1;0;1;0;0;Calle;GÁLVEZ;San JERÓNIMO;Asfalto;No existe;XV;Dentro;Urbana;Otra Señal;No existe;Intersección;Bueno;Buena;Diurna;Buen Tiempo;Múltiple;S/D;Colisión;Ninguna;Faltante
1115;2021;12/2/2021;Viernes;;;0.0;2;Moto/Ciclomotor,Pickup/Utilitario;Santa Fe Y Sarmiento;2;1;0;1;0;0;Calle;CALCHAQUÍ;Vera;Asfalto;No existe;XIX;Dentro;Urbana;Otra Señal;S/D;Intersección;Bueno;S/D;S/D;S/D;Múltiple;S/D;Colisión;Ninguna;S/D
1116;2021;12/2/2021;Viernes;12:05:00;;0.0;1;Moto/Ciclomotor;Calle 23-Gral López 1235;1;1;0;0;0;0;Calle;RECONQUISTA;General Obligado;Asfalto;No existe;IX;Dentro;Urbana;Otra Señal;No existe;Intersección;Bueno;S/D;Diurna;S/D;Múltiple;S/D;Colisión;Ninguna;Faltante
1117;2021;12/2/2021;Viernes;11:40:00;;0.0;2;Moto/Ciclomotor,Automóvil;Calle 33-Pueyrredon 1243;2;1;0;1;0;0;Calle;RECONQUISTA;General Obligado;Asfalto;No existe;IX;Dentro;Urbana;Otra Señal;No existe;Intersección;Bueno;S/D;Diurna;S/D;Múltiple;S/D;Colisión;Ninguna;Faltante
1118;2021;12/2/2021;Viernes;11:25:00;;0.0;2;Moto/Ciclomotor,Automóvil;Calle 12 San Martin Y Calle 33-Pueyrredon;3;1;0;2;0;0;Calle;RECONQUISTA;General Obligado;Asfalto;No existe;IX;Dentro;Urbana;Otra Señal;No existe;Intersección;Bueno;S/D;Diurna;S/D;Múltiple;S/D;Colisión;Ninguna;Faltante
1119;2021;12/2/2021;Viernes;10:20:00;;0.0;2;Moto/Ciclomotor,Automóvil;Calle 21-Gdor. Iriondo Y Calle 28 - San Lorenzo;3;1;0;2;0;0;Calle;RECONQUISTA;General Obligado;Asfalto;No existe;IX;Dentro;Urbana;Otra Señal;No existe;Intersección;Bueno;Buena;Diurna;Buen Tiempo;Múltiple;S/D;Colisión;Ninguna;Faltante
1120;2021;12/2/2021;Viernes;;;0.0;2;Moto/Ciclomotor,Automóvil;Av. Italia Y J Abele;2;1;0;1;0;0;Avenida;RAFAELA;Castellanos;Asfalto;No existe;V;Dentro;Urbana;Otra Señal;No existe;Intersección;Bueno;S/D;Nocturna;S/D;Múltiple;S/D;Colisión;Ninguna;Faltante
1121;2021;12/2/2021;Viernes;;;0.0;2;Automóvil,Peatón;Rincón Y 14 de Julio;2;1;0;1;0;0;Calle;RAFAELA;Castellanos;Asfalto;No existe;V;Dentro;Urbana;Otra Señal;No existe;Intersección;Bueno;S/D;S/D;S/D;Múltiple;Peatón;Colisión;Ninguna;Faltante
1122;2021;12/2/2021;Viernes;20:20:00;Ruta Nacional 8;0.0;2;Moto/Ciclomotor,Automóvil;Manuel Vicente Manzano Y Ruta Nac 8;2;1;0;1;0;0;Ruta;VENADO TUERTO;General LÓPEZ;Asfalto;No existe;VIII;Dentro;Urbana;Otra Señal;No existe;Intersección;Bueno;S/D;Nocturna;S/D;Múltiple;S/D;Colisión;Ninguna;Faltante
1123;2021;12/2/2021;Viernes;04:30:00;Ruta Nacional 11;0.0;3;Moto/Ciclomotor,Moto/Ciclomotor,Moto/Ciclomotor;J J Paso Y 1ro de Mayo;3;2;0;1;0;0;Ruta;SANTA FE;La Capital;Asfalto;No existe;I;Dentro;Urbana;Otra Señal;No existe;Intersección;Bueno;S/D;Nocturna,Con luz artificial;S/D;Múltiple;S/D;Colisión;Ninguna;Horizontal,Vertical
1124;2021;12/2/2021;Viernes;08:20:00;;0.0;2;Moto/Ciclomotor,Transporte de Pasajeros Urbano (> 8 asientos);Av. Blas Parera Y Fray C Rodríguez;2;0;0;0;0;2;Avenida;SANTA FE;La Capital;Asfalto;No existe;I;Dentro;Urbana;Otra Señal;Funciona;Intersección;Bueno;Buena;Diurna;Buen Tiempo;Múltiple;S/D;Colisión;Ninguna;Vertical
1125;2021;12/2/2021;Viernes;11:50:00;;0.0;2;Moto/Ciclomotor,Moto/Ciclomotor;Av. Freyre Y Lisandro de la Torre;2;1;0;1;0;0;Avenida;SANTA FE;La Capital;Asfalto;No existe;I;Dentro;Urbana;Otra Señal;No existe;Intersección;Bueno;Buena;Diurna;Buen Tiempo;Múltiple;S/D;Colisión;Ninguna;Horizontal,Vertical
1126;2021;12/2/2021;Viernes;07:20:00;;0.0;2;Automóvil,Pickup/Utilitario;Laprida Y Pje Calcena;2;1;0;1;0;0;Calle;SANTA FE;La Capital;Asfalto;No existe;I;Dentro;Urbana;Otra Señal;No existe;Intersección;Bueno;Buena;Amanecer;Buen Tiempo;Múltiple;S/D;Colisión;Ninguna;Horizontal
1127;2021;12/2/2021;Viernes;;;0.0;1;Otros;Eusebio Marcilla Y M Oliber;2;2;0;0;0;0;Calle;RAFAELA;Castellanos;Asfalto;No existe;V;Dentro;Urbana;Otra Señal;No existe;Intersección;Bueno;Buena;Atardecer;Buen Tiempo;Múltiple;S/D;Colisión;Ninguna;Horizontal
1128;2021;12/2/2021;Viernes;19:00:00;;0.0;2;Automóvil,Moto/Ciclomotor;Estados Unidos Y Republica Dominicana;2;1;0;1;0;0;Calle;SAUCE VIEJO;La Capital;Tierra;No existe;I;Dentro;Urbana;Otra Señal;No existe;Intersección;Bueno;Buena;Atardecer,Con luz artificial;Buen Tiempo;Múltiple;S/D;Colisión;Ninguna;Faltante
1129;2021;12/2/2021;Viernes;11:45:00;;0.0;2;Automóvil,Moto/Ciclomotor;San Martin 758;2;1;0;1;0;0;Calle;TACURAL;Castellanos;Asfalto;No existe;V;Dentro;Urbana;Otra Señal;No existe;Intersección;Bueno;Buena;Diurna,Con luz artificial;Buen Tiempo;Múltiple;S/D;Colisión;Ninguna;Faltante
1130;2021;12/2/2021;Viernes;08:30:00;;0.0;1;Bicicleta;Rep. Dominicana ;1;1;0;0;0;0;S/D;ROSARIO;Rosario;S/D;S/D;II;Dentro;Urbana;Otra Señal;S/D;Intersección;S/D;S/D;Diurna;S/D;Múltiple;S/D;Colisión;S/D;S/D
1131;2021;12/2/2021;Viernes;12:00:00;;0.0;2;Automóvil,Moto/Ciclomotor; ;2;1;0;0;0;1;S/D;ROSARIO;Rosario;S/D;S/D;II;S/D;S/D;Otra Señal;S/D;Intersección;S/D;S/D;Diurna;S/D;Múltiple;S/D;Colisión;S/D;S/D
1132;2021;12/2/2021;Viernes;17:00:00;;0.0;1;Bicicleta; ;1;1;0;0;0;0;S/D;ROSARIO;Rosario;S/D;S/D;II;S/D;S/D;Otra Señal;S/D;Intersección;S/D;S/D;Diurna;S/D;Múltiple;S/D;Colisión;S/D;S/D
1133;2021;12/2/2021;Viernes;16:00:00;;0.0;1;Moto/Ciclomotor;Av. Ing.Acevedo Y Mr.Ross;1;1;0;0;0;0;Avenida;ROSARIO;Rosario;Asfalto;No existe;II;Dentro;Urbana;Otra Señal;Funciona;Intersección;Bueno;S/D;Diurna;S/D;Múltiple;S/D;Colisión;S/D;Horizontal,Vertical
1134;2021;12/2/2021;Viernes;19:20:00;;0.0;1;Moto/Ciclomotor;Garay Y Valparaíso;1;1;0;0;0;0;Calle;ROSARIO;Rosario;Asfalto;No existe;II;Dentro;Urbana;Otra Señal;No existe;Intersección;Bueno;S/D;Nocturna;S/D;Múltiple;S/D;Colisión;S/D;Faltante
1135;2021;12/2/2021;Viernes;11:00:00;;0.0;1;Moto/Ciclomotor;Callao Y Córdoba;1;1;0;0;0;0;Calle;ROSARIO;Rosario;Asfalto;No existe;II;Dentro;Urbana;Otra Señal;Funciona;Intersección;Bueno;S/D;Diurna;Buen Tiempo;Múltiple;S/D;Colisión;S/D;Horizontal,Vertical
1136;2021;12/2/2021;Viernes;20:30:00;;0.0;1;Bicicleta;Montevideo Y Roullon;1;1;0;0;0;0;Calle;ROSARIO;Rosario;Asfalto;No existe;II;Dentro;Urbana;Otra Señal;No existe;Intersección;Bueno;S/D;Nocturna;S/D;Múltiple;S/D;Colisión;S/D;Faltante
1137;2021;12/2/2021;Viernes;18:10:00;;0.0;2;Automóvil,Moto/Ciclomotor;Iriondo Y Mendoza;2;1;0;0;0;1;Calle;ROSARIO;Rosario;Asfalto;No existe;II;Dentro;Urbana;Otra Señal;Funciona;Intersección;Bueno;S/D;Diurna;Buen Tiempo;Múltiple;S/D;Colisión;S/D;Horizontal,Vertical
1138;2021;12/2/2021;Viernes;23:00:00;;0.0;1;Bicicleta;Castellanos Y Montevideo;1;1;0;0;0;0;Calle;ROSARIO;Rosario;Asfalto;No existe;II;Dentro;Urbana;Otra Señal;No existe;Intersección;Bueno;S/D;Nocturna;S/D;Múltiple;S/D;Colisión;S/D;Faltante
1139;2021;12/2/2021;Viernes;22:00:00;Ruta Provincial 1;1.0;2;Automóvil,Automóvil; ;4;1;0;3;0;0;Ruta;SANTA FE;Constitución;Asfalto;Pavimento;I;Dentro;Urbana;Otra Señal;Funciona;Intersección;Bueno;Reducida;Nocturna;Buen Tiempo;Múltiple;S/D;Colisión;Ninguna;Horizontal,Vertical
1140;2021;12/2/2021;Viernes;09:30:00;;0.0;2;Camión,Peatón;EVA PERÓN Y JUAN PABLO II;2;0;0;1;0;0;Avenida;ROSARIO;Constitución;Asfalto;No existe;II;Dentro;Urbana;Otra Señal;Funciona;Intersección;Bueno;Buena;Diurna;Buen Tiempo;Múltiple;Peatón;Colisión;Ninguna;Horizontal,Vertical
1141;2021;12/2/2021;Viernes;16:20:00;;0.0;2;Moto/Ciclomotor,Peatón;Maipú Y San Luis;2;0;0;1;0;0;Calle;ROSARIO;Constitución;Asfalto;No existe;II;Dentro;Urbana;Otra Señal;Funciona;Intersección;Bueno;Buena;Diurna;Buen Tiempo;Múltiple;Peatón;Colisión;Ninguna;Horizontal,Vertical
1142;2021;12/2/2021;Viernes;08:00:00;;0.0;1;Moto/Ciclomotor;Rivarola ;1;0;0;0;0;0;S/D;ROSARIO;Constitución;Asfalto;S/D;II;Dentro;Urbana;Otra Señal;S/D;Intersección;S/D;S/D;Diurna;S/D;Múltiple;S/D;Colisión;S/D;S/D
1143;2021;12/2/2021;Viernes;00:05:00;;0.0;1;Bicicleta;Av. Francia Y Bv. 27 De Febrero;1;0;0;0;0;0;Avenida;ROSARIO;Constitución;Asfalto;No existe;II;Dentro;Urbana;Otra Señal;Funciona;Intersección;Bueno;S/D;Nocturna;Buen Tiempo;Múltiple;S/D;Colisión;S/D;Horizontal,Vertical
1144;2021;12/2/2021;Viernes;21:30:00;;0.0;1;Moto/Ciclomotor;Brasil Y Ituzaingó;1;0;0;0;0;0;Calle;ROSARIO;Constitución;Asfalto;No existe;II;Dentro;Urbana;Otra Señal;No existe;Intersección;Bueno;S/D;Nocturna;S/D;Múltiple;S/D;Colisión;S/D;Faltante
1145;2021;12/2/2021;Viernes;21:00:00;Autopista Nacional A009;7.0;2;Moto/Ciclomotor,Bicicleta;Ruta A-009 ;3;0;0;0;1;0;Autopista;RECONQUISTA;General Obligado;Asfalto;Natural;IX;S/D;Rural;Otra Señal;No existe;Intersección;Bueno;S/D;Nocturna;S/D;Múltiple;Ciclista;Colisión;Ninguna;Faltante
1146;2021;13/2/2021;Sabado;15:30:00;;0.0;2;Moto/Ciclomotor,Automóvil;Colombia Y Pje. Volta;2;1;0;1;0;0;Calle;ROSARIO;Rosario;Asfalto;No existe;II;Dentro;Urbana;Ninguna;No existe;Intersección;Bueno;Buena;Diurna;Buen Tiempo;Lateral;S/D;Colisión;Ninguna;Faltante
1147;2021;13/2/2021;Sabado;06:30:00;;0.0;2;Moto/Ciclomotor,Automóvil;Hilarion de la Quintana Y Rvdo.J.Margis;2;1;0;0;0;1;Avenida;ROSARIO;Rosario;Asfalto;No existe;II;Dentro;Urbana;Otra Señal;No existe;Intersección;Bueno;Buena;Amanecer;Buen Tiempo;Contra objeto fijo,Lateral;S/D;Colisión;Ninguna;Faltante
1148;2021;13/2/2021;Sabado;16:30:00;;0.0;1;Automóvil;Avenida América 1877;2;1;0;1;0;0;Avenida;ALVEAR;Rosario;Asfalto;No existe;II;Dentro;Urbana;Otra Señal;No existe;Intersección;Bueno;Buena;Diurna;Buen Tiempo;Contra objeto fijo;S/D;Colisión;Ninguna;Faltante
1149;2021;13/2/2021;Sabado;21:30:00;;0.0;2;Moto/Ciclomotor,Automóvil;Av. Ntra.Sra.del Rosario Y Salva;2;1;0;1;0;0;Avenida;ROSARIO;Rosario;Asfalto;No existe;II;Dentro;Urbana;Otra Señal;No existe;Intersección;Bueno;Buena;Nocturna,Con luz artificial;Buen Tiempo;Lateral;S/D;Colisión;Ninguna;Faltante
1150;2021;13/2/2021;Sabado;14:30:00;;0.0;2;Pickup/Utilitario,Moto/Ciclomotor;Av. Argentina Y Polter;2;1;0;1;0;0;Camino Rural;ESPERANZA;Las Colonias;Ripio;No existe;XI;Dentro;Urbana;Otra Señal;No existe;Intersección;Bueno;Buena;Diurna;Buen Tiempo;Múltiple;S/D;Colisión;Ninguna;Faltante
1151;2021;13/2/2021;Sabado;11:00:00;;0.0;1;Moto/Ciclomotor;Rivadavia 1900;1;1;0;0;0;0;Calle;PUERTO SAN MARTÍN;San Lorenzo;Asfalto;No existe;XVII;Dentro;Urbana;Otra Señal;No existe;Intersección;Bueno;Buena;Diurna;Buen Tiempo;Múltiple;S/D;Colisión;Ninguna;Horizontal
1152;2021;13/2/2021;Sabado;13:30:00;Ruta Secundaria 62-s;0.0;1;Moto/Ciclomotor;RUTA 62 S Y RUTA 2;2;2;0;0;0;0;Ruta;CAYASTACITO;San Justo;Asfalto;No existe;XVI;Dentro;Urbana;Otra Señal;No existe;Intersección;Bueno;Buena;Diurna;Buen Tiempo;Múltiple;S/D;Colisión;Ninguna;Horizontal,Vertical
1153;2021;13/2/2021;Sabado;;;0.0;2;Automóvil,Moto/Ciclomotor;J J Paso Y Urquiza;2;1;0;1;0;0;Calle;SAN LORENZO;San Lorenzo;Asfalto;No existe;XVII;Dentro;Urbana;Otra Señal;No existe;Intersección;Bueno;S/D;S/D;S/D;Múltiple;S/D;Colisión;Ninguna;Faltante
1154;2021;13/2/2021;Sabado;22:05:00;;0.0;2;Vehículo Oficial,Moto/Ciclomotor;Lavalle 1500;2;1;0;1;0;0;Calle;ROSARIO;Rosario;Asfalto;No existe;II;Dentro;Urbana;Otra Señal;No existe;Intersección;Bueno;Buena;Nocturna,Con luz artificial;S/D;Múltiple;S/D;Colisión;Ninguna;Faltante
1155;2021;13/2/2021;Sabado;;;0.0;2;Bicicleta,Automóvil;Av. Battle y Ordoñez 700;2;1;0;0;0;1;Avenida;ROSARIO;Rosario;Asfalto;No existe;II;Dentro;Urbana;Otra Señal;No existe;Intersección;Bueno;S/D;S/D;S/D;Múltiple;Ciclista;Colisión;Ninguna;Horizontal
1156;2021;13/2/2021;Sabado;;;0.0;2;Moto/Ciclomotor,Automóvil;Derqui Y Mendoza;2;1;0;1;0;0;Calle;CAÑADA DE GÓMEZ;Iriondo;Ripio;No existe;X;Dentro;Urbana;Otra Señal;No existe;Intersección;Bueno;S/D;Diurna;S/D;Múltiple;S/D;Colisión;Ninguna;Faltante
1157;2021;13/2/2021;Sabado;19:05:00;;0.0;2;Moto/Ciclomotor,Automóvil;Calle 23-Gral López Y Calle 20 9 de Julio;2;1;0;1;0;0;Calle;RECONQUISTA;General Obligado;Asfalto;No existe;IX;Dentro;Urbana;Otra Señal;No existe;Intersección;Bueno;Buena;Atardecer;S/D;Múltiple;S/D;Colisión;Ninguna;Faltante
1158;2021;13/2/2021;Sabado;13:05:00;;0.0;2;Moto/Ciclomotor,Peatón;Casey Y Iturraspe;3;1;0;2;0;0;Avenida;VENADO TUERTO;General LÓPEZ;Asfalto;No existe;VIII;Dentro;Urbana;Otra Señal;No existe;Intersección;Bueno;S/D;Diurna;S/D;Múltiple;Peatón;Colisión;Ninguna;Faltante
1159;2021;13/2/2021;Sabado;09:15:00;;0.0;2;Automóvil,Peatón;Santiago del Estero Y 1ro de Mayo;2;1;0;1;0;0;Calle;SANTA FE;La Capital;Asfalto;No existe;I;Dentro;Urbana;Otra Señal;No existe;Recta;Bueno;S/D;Diurna;S/D;Múltiple;Peatón;Colisión;Ninguna;Horizontal
1160;2021;13/2/2021;Sabado;01:50:00;;0.0;2;Moto/Ciclomotor,Automóvil;Bv Pellegrini Y Francia;2;1;0;1;0;0;Avenida;SANTA FE;La Capital;Asfalto;No existe;I;Dentro;Urbana;Otra Señal;Funciona;Intersección;Bueno;Buena;Nocturna,Con luz artificial;Buen Tiempo;Múltiple;S/D;Colisión;Ninguna;Horizontal,Vertical
1161;2021;13/2/2021;Sabado;05:20:00;Ruta Provincial 4;0.0;2;Automóvil,Moto/Ciclomotor; ;2;1;0;1;0;0;Ruta;NELSON;La Capital;Asfalto;Natural;I;Dentro;Rural;Otra Señal;No existe;Recta;Bueno;Reducida;Amanecer;Niebla;Múltiple;S/D;Colisión;Ninguna;Horizontal
1162;2021;13/2/2021;Sabado;13:30:00;;0.0;2;Moto/Ciclomotor,Pickup/Utilitario;Las Heras Y Matheu;2;0;0;1;0;1;Calle;SANTA FE;La Capital;Asfalto;No existe;I;Dentro;Urbana;Otra Señal;No existe;Intersección;Deteriorada;Reducida;Diurna;Buen Tiempo;Múltiple;S/D;Colisión;Ninguna;Faltante
1163;2021;13/2/2021;Sabado;;;0.0;1;Moto/Ciclomotor;4 de Enero 1900;1;1;0;0;0;0;Calle;SANTA FE;La Capital;Asfalto;No existe;I;Dentro;Urbana;Otra Señal;No existe;Recta;Bueno;S/D;S/D;S/D;Múltiple;S/D;Colisión;Ninguna;Faltante
1164;2021;13/2/2021;Sabado;10:00:00;;0.0;1;Pickup/Utilitario;Av. Sarmiento ;1;0;0;0;1;0;Camino Rural;HERSILIA;San CRISTÓBAL;Tierra;No existe;XIII;Fuera;Rural;Otra Señal;No existe;Intersección;Bueno;Buena;Diurna;Buen Tiempo;De alcance,Múltiple;S/D;Colisión;Ninguna;Faltante
1165;2021;13/2/2021;Sabado;12:40:00;;0.0;2;Moto/Ciclomotor,Pickup/Utilitario;Calle 33-Pueyrredon Y Calle 44-27 de Abril;2;1;0;1;0;0;Calle;RECONQUISTA;General Obligado;Asfalto;No existe;IX;Dentro;Urbana;Otra Señal;Funciona;Intersección;Bueno;Buena;Diurna;Buen Tiempo;Múltiple;S/D;Colisión;Ninguna;Horizontal,Vertical
1166;2021;13/2/2021;Sabado;22:45:00;Ruta Nacional 11;0.0;2;Moto/Ciclomotor,Automóvil;Avenida Nuestra Señora del Luj Y Hernandarias;2;1;0;1;0;0;Ruta;SANTO TOMÉ;La Capital;Asfalto;Pavimento;I;Dentro;Urbana;Otra Señal;Funciona;Intersección;Bueno;Buena;Nocturna;Buen Tiempo;Múltiple;S/D;Colisión;Ninguna;Horizontal,Vertical
1167;2021;13/2/2021;Sabado;21:30:00;;0.0;1;Bicicleta;Entre Ríos Y San Juan;1;1;0;0;0;0;Calle;ROSARIO;Rosario;Asfalto;No existe;II;Dentro;Urbana;Otra Señal;Funciona;Intersección;Bueno;S/D;Nocturna;S/D;Múltiple;S/D;Colisión;S/D;Horizontal,Vertical
1168;2021;13/2/2021;Sabado;04:00:00;Autopista Nacional A008;0.0;2;Automóvil,Moto/Ciclomotor;Av. Circunvalación Y Av. Pellegrini;2;1;0;0;0;1;Autopista;ROSARIO;Rosario;Asfalto;Pavimento;II;Dentro;Urbana;Otra Señal;No existe;Intersección;Bueno;S/D;Diurna;S/D;Múltiple;S/D;Colisión;S/D;Horizontal
1169;2021;13/2/2021;Sabado;18:00:00;Ruta Provincial 14;0.0;2;Moto/Ciclomotor,Automóvil; ;2;1;0;0;0;1;Ruta;SOLDINI;Rosario;Asfalto;Natural;II;S/D;S/D;Otra Señal;S/D;Intersección;Bueno;S/D;Diurna;S/D;Múltiple;S/D;Colisión;S/D;Horizontal
1170;2021;13/2/2021;Sabado;05:00:00;;0.0;1;Moto/Ciclomotor; ;1;1;0;0;0;0;S/D;ROSARIO;Constitución;S/D;S/D;II;S/D;S/D;Otra Señal;S/D;Intersección;S/D;S/D;Diurna;S/D;Múltiple;S/D;Colisión;S/D;S/D
1171;2021;13/2/2021;Sabado;19:55:00;;0.0;2;Moto/Ciclomotor,Automóvil;Calle 503 Y San Martin;3;0;0;2;0;0;Avenida;ROSARIO;Constitución;Asfalto;No existe;II;Dentro;Urbana;Otra Señal;No existe;Intersección;Bueno;Buena;Atardecer;Buen Tiempo;Múltiple;S/D;Colisión;Ninguna;Faltante
1172;2021;13/2/2021;Sabado;19:00:00;Autovía Nacional 168;470.0;1;Moto/Ciclomotor;PUENTE Oroño ;2;1;0;0;0;0;Autovía;SANTA FE;Constitución;Asfalto;No existe;I;Fuera;Urbana;Otra Señal;No existe;Intersección;Bueno;S/D;Diurna;S/D;Múltiple;S/D;Colisión;Ninguna;Horizontal
1173;2021;13/2/2021;Sabado;13:35:00;Ruta Provincial 21;12.0;2;Camión c / Acoplado,Camión c / Acoplado; ;2;0;0;0;1;0;Ruta;GENERAL LAGOS;Constitución;Asfalto;Ripio;II;S/D;Rural;Otra Señal;No existe;Intersección;Bueno;Buena;Diurna;Lluvia;Múltiple;S/D;Colisión;Agua;Faltante
1174;2021;13/2/2021;Sabado;07:20:00;Ruta Nacional A012;27.0;2;Automóvil,Pickup/Utilitario; ;5;0;0;0;3;0;Ruta;ZAVALLA;Constitución;Asfalto;Natural;II;Dentro;Rural;Otra Señal;No existe;Intersección;Bueno;Buena;Diurna;Buen Tiempo;Múltiple;S/D;Colisión;Ninguna;Vertical
1175;2021;13/2/2021;Sabado;16:00:00;;0.0;1;Moto/Ciclomotor;El Jilguero ;1;0;0;0;0;0;Calle;PEREZ;Constitución;S/D;S/D;II;Dentro;Urbana;Otra Señal;S/D;Intersección;S/D;S/D;Diurna;S/D;Múltiple;S/D;Colisión;S/D;S/D
1176;2021;14/2/2021;Domingo;14:45:00;;0.0;3;Bicicleta,Automóvil,Pickup/Utilitario;Av. Uriburu Y Paraguay;3;1;0;2;0;0;Avenida;ROSARIO;Rosario;Asfalto;No existe;II;Dentro;Urbana;Paso Peatonal;No existe;Intersección;Bueno;Buena;Diurna;Buen Tiempo;Lateral;Ciclista;Colisión;Ninguna;Horizontal
1177;2021;14/2/2021;Domingo;08:20:00;;0.0;2;Moto/Ciclomotor,Automóvil;J.Chapo Bis Y Lituania;2;1;0;0;0;1;Calle;ROSARIO;Rosario;Asfalto;No existe;II;Dentro;Urbana;Ninguna;No existe;Intersección;Bueno;Buena;Diurna;Buen Tiempo;De alcance;S/D;Colisión;Ninguna;Faltante
1178;2021;14/2/2021;Domingo;14:00:00;;0.0;2;Automóvil,Moto/Ciclomotor;López y Planes Y Salk;2;2;0;0;0;0;Calle;SAN GUILLERMO;San CRISTÓBAL;Ripio;No existe;XIII;Dentro;Urbana;Otra Señal;No existe;Intersección;Resbaladiza;Buena;Diurna;Buen Tiempo;Lateral;S/D;Colisión;Material Suelto;Vertical
1179;2021;14/2/2021;Domingo;07:00:00;;0.0;2;Peatón,Automóvil;Jujuy 400;2;1;0;1;0;0;Calle;SAN GUILLERMO;San CRISTÓBAL;Arena;No existe;XIII;Dentro;Urbana;Otra Señal;No existe;Intersección;Bueno;Buena;Amanecer;Buen Tiempo;S/D;Peatón;Colisión;Ninguna;Faltante
1180;2021;14/2/2021;Domingo;19:00:00;;0.0;2;Bicicleta,Automóvil;Av. Ntra.Sra.del Rosario Y Av. Ovidio Lagos;2;1;0;1;0;0;Avenida;ROSARIO;Rosario;Asfalto;No existe;II;Dentro;Urbana;Otra Señal;Funciona;Intersección;Deteriorada;Buena;Atardecer;Buen Tiempo;Múltiple;Ciclista;Colisión;Ninguna;Horizontal,Vertical
1181;2021;14/2/2021;Domingo;11:30:00;;0.0;2;Moto/Ciclomotor,Peatón;D Gurel Y Estado de Israel;2;2;0;0;0;0;Calle;SAN LORENZO;San Lorenzo;Asfalto;No existe;XVII;Dentro;Urbana;Otra Señal;No existe;Intersección;Bueno;S/D;Diurna;S/D;Múltiple;Peatón;Colisión;Ninguna;Faltante
1182;2021;14/2/2021;Domingo;23:45:00;;0.0;1;Moto/Ciclomotor; ;2;2;0;0;0;0;S/D;LA GALLARETA;Vera;S/D;S/D;XIX;S/D;S/D;Otra Señal;S/D;Intersección;S/D;S/D;Nocturna;S/D;Múltiple;S/D;Colisión;S/D;S/D
1183;2021;14/2/2021;Domingo;19:45:00;;0.0;2;Pickup/Utilitario,Moto/Ciclomotor;Belgrano Y Sarmiento;3;1;0;2;0;0;Calle;GÁLVEZ;San JERÓNIMO;Asfalto;S/D;XV;Dentro;Urbana;Otra Señal;S/D;Intersección;S/D;S/D;S/D;S/D;Múltiple;S/D;Colisión;S/D;S/D
1184;2021;14/2/2021;Domingo;00:30:00;;0.0;2;Moto/Ciclomotor,Automóvil;BELGRANO Y ENTRE RÍOS;2;1;0;1;0;0;Calle;SAN GENARO;San JERÓNIMO;Asfalto;No existe;XV;Dentro;Urbana;Otra Señal;No existe;Intersección;Bueno;S/D;Nocturna,Con luz artificial;S/D;Múltiple;S/D;Colisión;Ninguna;Faltante
1185;2021;14/2/2021;Domingo;23:30:00;;0.0;2;Moto/Ciclomotor,Automóvil;Av. Pellegrini Y Gutenberg;2;1;0;0;0;1;Avenida;ROSARIO;Rosario;Asfalto;No existe;II;Dentro;Urbana;Otra Señal;Funciona;Intersección;Bueno;S/D;Nocturna,Con luz artificial;S/D;Múltiple;S/D;Colisión;Ninguna;Horizontal,Vertical