ID_Accidente;A�o;Fecha;Dia;Hopra;Ruta/Autop;km;Participantes;Tipo;Lugar;Total;Heridos Leves;Heridos Graves;Ilesos;Fallecidos;Sin datos;desc_tipo_via;desc_loc;desc_dpto;|;desc_tipo_banquina;desc_unidad_regional;desc_lugar_calzada;desc_zona;desc_prioridad;desc_estado_semaforo;desc_lugar_via;desc_estado_via;desc_estado_visibilidad;desc_luminosidad;desc_estado_clima;desc_tipo_colision;desc_tipo_atropello;desc_tipo_hecho;desc_pres_calzada;desc_senializacion
1186;2021;14/2/2021;Domingo;06:15:00;Ruta Provincial 32;0.0;2;Moto/Ciclomotor,Bicicleta; ;3;3;0;0;0;0;Ruta;VILLA OCAMPO;General Obligado;Asfalto;Natural;IX;Dentro;Rural;Otra Señal;S/D;Intersección;S/D;S/D;Amanecer;S/D;Múltiple;Ciclista;Colisión;S/D;Faltante
1187;2021;14/2/2021;Domingo;;Ruta Provincial 32;362.0;1;Moto/Ciclomotor; ;1;1;0;0;0;0;Ruta;MAGGIOLO;General LÓPEZ;Asfalto;Natural;VIII;Fuera;Rural;Otra Señal;No existe;Intersección;Bueno;S/D;S/D;S/D;Múltiple;S/D;Colisión;Ninguna;Faltante
1188;2021;14/2/2021;Domingo;17:15:00;;0.0;2;Moto/Ciclomotor,Moto/Ciclomotor;Pavón Y Turner S;3;3;0;0;0;0;Calle;VENADO TUERTO;General LÓPEZ;Ripio;No existe;VIII;Dentro;Urbana;Otra Señal;No existe;Intersección;Bueno;S/D;Diurna;S/D;Múltiple;S/D;Colisión;Ninguna;Faltante
1189;2021;14/2/2021;Domingo;23:10:00;;0.0;2;Automóvil,Bicicleta;Av. Facundo Zuviria Y Ayacucho;2;1;0;1;0;0;Avenida;SANTA FE;La Capital;Asfalto;No existe;I;Dentro;Urbana;Otra Señal;No existe;Intersección;Bueno;Buena;Nocturna,Con luz artificial;Buen Tiempo;Múltiple;Ciclista;Colisión;Ninguna;Faltante
1190;2021;14/2/2021;Domingo;23:30:00;;0.0;2;Automóvil,Peatón;Av. Almte. Brown Y Pedro de Vega;2;1;0;1;0;0;Avenida;SANTA FE;La Capital;Asfalto;No existe;I;Dentro;Urbana;Otra Señal;No existe;Intersección;Bueno;Reducida;Nocturna;Buen Tiempo;Múltiple;Peatón;Colisión;Ninguna;Horizontal
1191;2021;14/2/2021;Domingo;23:30:00;;0.0;2;Taxi/Remis,Moto/Ciclomotor;Av. Gral. Paz Y Pje Calcena;2;1;0;1;0;0;Avenida;SANTA FE;La Capital;Asfalto;No existe;I;Dentro;Urbana;Otra Señal;No existe;Intersección;Bueno;Buena;Nocturna;Buen Tiempo;Múltiple;S/D;Colisión;Ninguna;Horizontal
1192;2021;14/2/2021;Domingo;;;0.0;2;Moto/Ciclomotor,Moto/Ciclomotor;Gorriti Y Larguia;3;1;0;2;0;0;Calle;SANTA FE;La Capital;Asfalto;No existe;I;Dentro;Urbana;Otra Señal;No existe;Intersección;S/D;S/D;S/D;S/D;Múltiple;S/D;Colisión;S/D;Faltante
1193;2021;14/2/2021;Domingo;01:00:00;Ruta Nacional 33;745.8;2;Moto/Ciclomotor,Automóvil; ;3;0;0;1;2;0;Ruta;CASILDA;Caseros;Asfalto;Pavimento;IV;S/D;Urbana;Otra Señal;No existe;Intersección;Bueno;S/D;Nocturna;S/D;De alcance,Múltiple;S/D;Colisión;Ninguna;Faltante
1194;2021;14/2/2021;Domingo;14:50:00;;0.0;2;Moto/Ciclomotor,Pickup/Utilitario;Córdoba Y Simón de Iriondo;2;1;0;1;0;0;Calle;TACURAL;Castellanos;Asfalto;No existe;V;Dentro;Urbana;Otra Señal;No existe;Intersección;Bueno;Buena;Diurna;Buen Tiempo;Múltiple;S/D;Colisión;Ninguna;Faltante
1195;2021;14/2/2021;Domingo;21:00:00;;0.0;1;Moto/Ciclomotor;Av. Pellegrini Y Paraguay;1;1;0;0;0;0;Avenida;ROSARIO;Rosario;Asfalto;No existe;II;Dentro;Urbana;Otra Señal;Funciona;Intersección;Bueno;S/D;Nocturna;S/D;Múltiple;S/D;Colisión;S/D;Horizontal,Vertical
1196;2021;14/2/2021;Domingo;21:00:00;;0.0;1;Moto/Ciclomotor;Av. Pellegrini Y Balcarce;1;1;0;0;0;0;Avenida;ROSARIO;Rosario;Asfalto;No existe;II;Dentro;Urbana;Otra Señal;Funciona;Intersección;Bueno;S/D;Nocturna;S/D;Múltiple;S/D;Colisión;S/D;Horizontal,Vertical
1197;2021;14/2/2021;Domingo;23:00:00;;0.0;3;Otros,Peatón,Peatón;Cangallo Y Humberto I;3;2;0;0;0;1;Calle;ROSARIO;Rosario;Asfalto;No existe;II;Dentro;Urbana;Otra Señal;No existe;Intersección;Bueno;S/D;Nocturna;S/D;Múltiple;Peatón;Colisión;S/D;Faltante
1198;2021;14/2/2021;Domingo;20:30:00;Ruta Secundaria 71-s;0.0;1;Automóvil; ;3;2;0;0;0;0;Ruta;MONTE OSCURIDAD;Constitución;Arena;Natural;XIII;Fuera;Rural;Otra Señal;No existe;Intersección;Bueno;Buena;Nocturna;Buen Tiempo;Múltiple;S/D;Colisión;Ninguna;Faltante
1199;2021;14/2/2021;Domingo;18:50:00;Ruta Secundaria 18-s;0.0;1;Moto/Ciclomotor;CAMINO RURAL ;1;0;0;0;0;0;Ruta;PUJATO;Constitución;Asfalto,Tierra;No existe;XVII;Dentro;Urbana;Otra Señal;No existe;Intersección;Resbaladiza;Buena;Atardecer;Lluvia;Múltiple;S/D;Colisión;Agua;Faltante
1200;2021;14/2/2021;Domingo;;;0.0;2;Automóvil,Moto/Ciclomotor; ;2;0;0;1;0;0;S/D;ESPERANZA;Constitución;S/D;S/D;XI;S/D;S/D;Otra Señal;S/D;Intersección;S/D;S/D;S/D;S/D;Múltiple;S/D;Colisión;S/D;S/D
1201;2021;15/2/2021;Lunes;17:30:00;;0.0;2;Moto/Ciclomotor,Automóvil;Balcarce Y Salta;2;1;0;1;0;0;Calle;ROSARIO;Rosario;Asfalto;No existe;II;Dentro;Urbana;Otra Señal;No existe;Intersección;Bueno;Buena;Diurna;Buen Tiempo;S/D;S/D;Colisión;Ninguna;Horizontal
1202;2021;15/2/2021;Lunes;15:00:00;;0.0;2;Pickup/Utilitario,Taxi/Remis;Rioja Y Sarmiento;2;1;0;1;0;0;Calle;ROSARIO;Rosario;Asfalto;No existe;II;Dentro;Urbana;Otra Señal;No existe;Intersección;Bueno;Buena;Diurna;Buen Tiempo;S/D;S/D;Colisión;Ninguna;Horizontal
1203;2021;15/2/2021;Lunes;01:10:00;;0.0;2;Moto/Ciclomotor,Moto/Ciclomotor;Crespo Y Martin de la PEÑA;2;2;0;0;0;0;Calle;PROGRESO;Las Colonias;Asfalto;Natural;XI;Dentro;Urbana;Otra Señal;No existe;Intersección;Bueno;Buena;Nocturna,Con luz artificial;Buen Tiempo;Múltiple;S/D;Colisión;Ninguna;Faltante
1204;2021;15/2/2021;Lunes;11:50:00;Ruta Provincial 4;34.0;1;Moto/Ciclomotor; ;1;1;0;0;0;0;Ruta;PROGRESO;Las Colonias;Asfalto;Natural;XI;Dentro;Rural;Otra Señal;No existe;Intersección;Bueno;Buena;Nocturna;Buen Tiempo;Múltiple;S/D;Colisión;Ninguna;Horizontal
1205;2021;15/2/2021;Lunes;;;0.0;2;Moto/Ciclomotor,Moto/Ciclomotor; ;2;2;0;0;0;0;S/D;ESPERANZA;Las Colonias;S/D;S/D;XI;S/D;S/D;Otra Señal;S/D;Intersección;S/D;S/D;S/D;S/D;Múltiple;S/D;Colisión;S/D;S/D
1206;2021;15/2/2021;Lunes;15:55:00;;0.0;1;Automóvil;Caparros R Y Runciman;1;1;0;0;0;0;Calle;VENADO TUERTO;General LÓPEZ;Ripio;No existe;VIII;Dentro;Urbana;Otra Señal;No existe;Intersección;Bueno;S/D;Diurna;S/D;Múltiple;S/D;Colisión;Ninguna;S/D
1207;2021;15/2/2021;Lunes;00:55:00;;0.0;2;Moto/Ciclomotor,Pickup/Utilitario;Guillermo Brown Y Mariano Moreno;4;1;0;3;0;0;Calle;VENADO TUERTO;General LÓPEZ;Asfalto;No existe;VIII;Dentro;Urbana;Otra Señal;No existe;Intersección;Bueno;S/D;Nocturna;S/D;Múltiple;S/D;Colisión;Ninguna;Vertical
1208;2021;15/2/2021;Lunes;08:30:00;Ruta Nacional 11;0.0;1;Moto/Ciclomotor;PUENTE CARRETERO ;1;0;0;0;0;0;Ruta;SANTA FE;La Capital;Asfalto;No existe;I;Dentro;Urbana;Otra Señal;No existe;Intersección;Con baches;Buena;Diurna;Buen Tiempo;Múltiple;S/D;Colisión;Ninguna;Horizontal
1209;2021;15/2/2021;Lunes;20:15:00;;0.0;2;Peatón,Moto/Ciclomotor;Av. Pte. Perón Y Cortada Perú;2;0;0;0;0;2;Avenida;SANTA FE;La Capital;Asfalto;No existe;I;Dentro;Urbana;Otra Señal;Funciona;Intersección;Bueno;Buena;Diurna;Buen Tiempo;Múltiple;Peatón;Colisión;Ninguna;Vertical
1210;2021;15/2/2021;Lunes;06:10:00;;0.0;1;Moto/Ciclomotor;Maipú 890;1;0;0;0;1;0;Calle;SAN CRISTÓBAL;San CRISTÓBAL;Asfalto;No existe;XIII;S/D;Urbana;Otra Señal;No existe;Intersección;Bueno;Buena;Amanecer,Con luz artificial;Buen Tiempo;De alcance,Múltiple;S/D;Colisión;Ninguna;Faltante
1211;2021;15/2/2021;Lunes;21:00:00;;0.0;2;Moto/Ciclomotor,Moto/Ciclomotor;Salta 3575;2;2;0;0;0;0;Calle;SANTO TOMÉ;La Capital;Asfalto;No existe;I;Dentro;Urbana;Otra Señal;No existe;Intersección;Bueno;Reducida;Nocturna;Buen Tiempo;Múltiple;S/D;Colisión;Ninguna;Faltante
1212;2021;15/2/2021;Lunes;11:20:00;;0.0;1;Moto/Ciclomotor;C Colon Y Cervantes;1;1;0;0;0;0;Calle;SUNCHALES;Castellanos;Hormigón;No existe;V;Dentro;Urbana;Otra Señal;No existe;Intersección;Bueno;Reducida;Diurna;Buen Tiempo;Múltiple;S/D;Colisión;Ninguna;Faltante
1213;2021;15/2/2021;Lunes;20:00:00;;0.0;1;Bicicleta;San Martin Y Viamonte;1;1;0;0;0;0;Calle;ROSARIO;Rosario;Asfalto;No existe;II;Dentro;Urbana;Otra Señal;No existe;Intersección;Bueno;S/D;Nocturna;S/D;Múltiple;S/D;Colisión;S/D;Horizontal,Vertical
1214;2021;15/2/2021;Lunes;12:20:00;;0.0;1;Automóvil; ;3;2;0;0;0;0;Calle;PUEBLO ESTHER;Constitución;Ripio,Arena;Natural;II;Dentro;Urbana;Otra Señal;No existe;Intersección;Bueno;Buena;Diurna;Otro;Múltiple;S/D;Colisión;Ninguna;Faltante
1215;2021;15/2/2021;Lunes;01:10:00;Ruta Provincial 23;7.0;2;Moto/Ciclomotor,Automóvil;Córdoba ;6;1;0;3;1;0;Ruta;SUARDI;Constitución;Asfalto;Natural;XIII;Dentro;Urbana;Otra Señal;No existe;Intersección;Ahuellamiento;Buena;Nocturna,Con luz artificial;Buen Tiempo;Múltiple;S/D;Colisión;Ninguna;Vertical
1216;2021;16/2/2021;Martes;09:40:00;;0.0;2;Moto/Ciclomotor,Automóvil;Carlos Lucente Y Libertad;3;2;0;1;0;0;Calle;ARROYO SECO;Rosario;Ripio;No existe;II;Dentro;Urbana;Ninguna;No existe;Intersección;Bueno;Buena;Diurna;Buen Tiempo;S/D;S/D;Colisión;Ninguna;Faltante
1217;2021;16/2/2021;Martes;15:50:00;Ruta Provincial 21;0.0;2;Bicicleta,Automóvil;Av. Gral. San Martin Y Av. Leandro Alem;4;1;0;3;0;0;Ruta;VILLA GOBERNADOR GÁLVEZ;Rosario;Asfalto;No existe;II;Dentro;Urbana;Otra Señal;Funciona;Intersección;Bueno;Buena;Diurna;Buen Tiempo;Frontal;Ciclista;Colisión;Ninguna;Faltante
1218;2021;16/2/2021;Martes;22:30:00;;0.0;2;Moto/Ciclomotor,Automóvil;Oroño Y Simón de Iriondo;2;2;0;0;0;0;Calle;ESPERANZA;Las Colonias;Asfalto;No existe;XI;Dentro;Urbana;Otra Señal;No existe;Intersección;Bueno;Buena;Nocturna;Buen Tiempo;Múltiple;S/D;Colisión;Ninguna;Faltante
1219;2021;16/2/2021;Martes;14:00:00;;0.0;2;Bicicleta,Automóvil;Marcos Avellaneda Y Mariano Moreno;2;1;0;1;0;0;Calle;ESPERANZA;Las Colonias;Asfalto;No existe;XI;Dentro;Urbana;Otra Señal;No existe;Intersección;Bueno;Buena;Diurna;Buen Tiempo;Múltiple;S/D;Colisión;Ninguna;Faltante
1220;2021;16/2/2021;Martes;16:30:00;;0.0;2;Bicicleta,Pickup/Utilitario;Av. Ovidio Lagos Y Saavedra;2;1;0;1;0;0;Avenida;ROSARIO;Rosario;Asfalto;No existe;II;Dentro;Urbana;Otra Señal;No existe;Intersección;Bueno;Buena;Diurna;Buen Tiempo;Múltiple;Ciclista;Colisión;Ninguna;Horizontal
1221;2021;16/2/2021;Martes;11:30:00;Autopista Nacional A008;0.0;2;Taxi/Remis,Pickup/Utilitario;Av. Circunvalación Y Bv. Avellaneda;2;1;0;1;0;0;Autopista;ROSARIO;Rosario;Asfalto;Pavimento;II;Dentro;Urbana;Otra Señal;No existe;Intersección;Bueno;Buena;Diurna;Buen Tiempo;Múltiple;S/D;Colisión;Ninguna;Faltante
1222;2021;16/2/2021;Martes;15:50:00;;0.0;2;Moto/Ciclomotor,Automóvil;Almte. Brown Y Jujuy;2;1;0;1;0;0;Calle;ROLDÁN;San Lorenzo;Asfalto;Pavimento;XVII;Dentro;Urbana;Otra Señal;No existe;Intersección;Bueno;Buena;Diurna;Buen Tiempo;Múltiple;S/D;Colisión;Ninguna;Faltante
1223;2021;16/2/2021;Martes;07:00:00;Ruta Nacional 11;0.0;1;Automóvil;F Quiroga Y Ruta Nac 11;1;1;0;0;0;0;Ruta;SAN LORENZO;San Lorenzo;Asfalto;No existe;XVII;Dentro;Urbana;Otra Señal;No existe;Intersección;Bueno;Buena;Diurna;Buen Tiempo;Múltiple;S/D;Colisión;Ninguna;Horizontal
1224;2021;16/2/2021;Martes;11:30:00;Ruta Provincial 10;0.0;2;Moto/Ciclomotor,Bicicleta;Bvard 20 de Junio Y F Vicente Solano;2;1;0;1;0;0;Ruta;GÁLVEZ;San JERÓNIMO;Asfalto;No existe;XV;Dentro;Urbana;Otra Señal;No existe;Intersección;Bueno;S/D;Diurna;S/D;Múltiple;Ciclista;Colisión;Ninguna;Faltante
1225;2021;16/2/2021;Martes;18:30:00;;0.0;2;Peatón,Pickup/Utilitario;San Luis 2700;5;4;0;0;0;1;Calle;CASILDA;Caseros;Asfalto;No existe;IV;Dentro;Urbana;Otra Señal;No existe;Intersección;Bueno;S/D;Diurna;S/D;Múltiple;Peatón;Colisión;Ninguna;Faltante
1226;2021;16/2/2021;Martes;;;0.0;1;Moto/Ciclomotor;Baigorria Y Calle 1364;1;1;0;0;0;0;Calle;ROSARIO;Rosario;S/D;S/D;II;Dentro;Urbana;Otra Señal;S/D;Intersección;S/D;S/D;S/D;S/D;Múltiple;S/D;Colisión;S/D;S/D
1227;2021;16/2/2021;Martes;;;0.0;1;Automóvil; ;3;3;0;0;0;0;Calle;ROSARIO;Rosario;Asfalto;S/D;II;Dentro;Urbana;Otra Señal;S/D;Intersección;S/D;S/D;S/D;S/D;Múltiple;S/D;Colisión;S/D;S/D
1228;2021;16/2/2021;Martes;18:30:00;;0.0;2;Moto/Ciclomotor,Taxi/Remis;Av. Luis Fanti Y José y Ricardo Armando;2;1;0;1;0;0;Avenida;RAFAELA;Castellanos;Asfalto;No existe;V;Dentro;Urbana;Otra Señal;No existe;Intersección;Bueno;S/D;Diurna;S/D;Múltiple;S/D;Colisión;Ninguna;Faltante
1229;2021;16/2/2021;Martes;14:00:00;;0.0;2;Moto/Ciclomotor,Moto/Ciclomotor;Av. López y Planes Y Bv Pellegrini;3;1;0;2;0;0;Avenida;SANTA FE;La Capital;Asfalto;Pavimento;I;Dentro;Urbana;Otra Señal;Funciona;Intersección;Bueno;Buena;Diurna;Buen Tiempo;Múltiple;S/D;Colisión;Ninguna;Horizontal,Vertical
1230;2021;16/2/2021;Martes;19:30:00;;0.0;2;Peatón,Moto/Ciclomotor;Juan Diaz de Solís Y Pedro Centeno;2;0;0;0;0;2;Calle;SANTA FE;La Capital;Asfalto;No existe;I;Dentro;Urbana;Otra Señal;No existe;Intersección;Bueno;Buena;Atardecer;Buen Tiempo;Múltiple;Peatón;Colisión;Ninguna;Faltante
1231;2021;16/2/2021;Martes;20:20:00;;0.0;2;Pickup/Utilitario,Moto/Ciclomotor;Av. Urquiza Y Gdor. Crespo;2;1;0;1;0;0;Avenida;SANTA FE;La Capital;Asfalto;No existe;I;Dentro;Urbana;Otra Señal;Funciona;Intersección;Bueno;S/D;Diurna;S/D;Múltiple;S/D;Colisión;Ninguna;Horizontal,Vertical
1232;2021;16/2/2021;Martes;22:05:00;;0.0;2;Pickup/Utilitario,Bicicleta;Av. Almte. Brown Y R Godoy;2;1;0;1;0;0;Avenida;SANTA FE;La Capital;Asfalto;No existe;I;Dentro;Urbana;Otra Señal;No existe;Intersección;Bueno;Buena;Nocturna;Buen Tiempo;Múltiple;S/D;Colisión;Ninguna;Horizontal
1233;2021;16/2/2021;Martes;13:20:00;;0.0;2;Automóvil,Moto/Ciclomotor;Av. Gral. Paz Y Ayacucho;2;1;0;1;0;0;Avenida;SANTA FE;La Capital;Asfalto;No existe;I;Dentro;Urbana;Otra Señal;No existe;S/D;Bueno;S/D;Diurna;S/D;Múltiple;S/D;Colisión;S/D;Faltante
1234;2021;16/2/2021;Martes;19:00:00;;0.0;1;Moto/Ciclomotor;La Paz Y Valparaíso;1;1;0;0;0;0;Calle;ROSARIO;Rosario;Asfalto;No existe;II;Dentro;Urbana;Otra Señal;No existe;Intersección;Bueno;S/D;Nocturna;S/D;Múltiple;S/D;Colisión;S/D;Faltante
1235;2021;16/2/2021;Martes;21:30:00;;0.0;1;Moto/Ciclomotor; ;1;1;0;0;0;0;S/D;ROSARIO;Constitución;S/D;S/D;II;S/D;S/D;Otra Señal;S/D;Intersección;S/D;S/D;Nocturna;S/D;Múltiple;S/D;Colisión;S/D;S/D
1236;2021;16/2/2021;Martes;19:40:00;;0.0;2;Camión Chasis,Moto/Ciclomotor;Gustavo Cochet Y Pje. Bellaco;3;1;0;1;0;0;Calle;ROSARIO;Constitución;Asfalto;No existe;II;Dentro;Urbana;Otra Señal;No existe;Intersección;Bueno;Buena;Atardecer,Con luz artificial;Buen Tiempo;Múltiple;S/D;Colisión;Ninguna;Faltante
1237;2021;16/2/2021;Martes;05:20:00;Ruta Provincial 13;18.0;1;Automóvil; ;1;0;0;0;0;0;Ruta;LOS CARDOS;Constitución;Asfalto;Natural;XVIII;Fuera;Rural;Otra Señal;No existe;Intersección;Bueno;S/D;Nocturna;S/D;Múltiple;S/D;Colisión;Ninguna;Faltante
1238;2021;17/2/2021;Miercoles;17:15:00;Ruta Nacional 9;0.0;2;Bicicleta,Automóvil;Candelaria Y Ruta Nacional 9;3;1;0;2;0;0;Ruta;FUNES;Rosario;Asfalto;Natural;II;Dentro;Urbana;Ninguna;No existe;Intersección;Bueno;Buena;Diurna;Buen Tiempo;S/D;S/D;Colisión;Ninguna;Horizontal
1239;2021;17/2/2021;Miercoles;09:30:00;;0.0;2;Bicicleta,Automóvil;Av. Rosario Y Moreno;2;1;0;1;0;0;Avenida;FUNES;Rosario;Asfalto;No existe;II;Dentro;Urbana;Ninguna;No existe;Intersección;Bueno;Buena;Diurna;Buen Tiempo;S/D;Ciclista;Colisión;Ninguna;Faltante
1240;2021;17/2/2021;Miercoles;;;0.0;2;Peatón,Taxi/Remis;Albert Sabin Y J.J.Paso;2;1;0;1;0;0;Avenida;ROSARIO;Rosario;Asfalto;No existe;II;Dentro;Urbana;Semáforo;Funciona;Intersección;Bueno;S/D;S/D;S/D;S/D;Peatón;Colisión;Ninguna;Horizontal,Vertical
1241;2021;17/2/2021;Miercoles;;;0.0;2;Moto/Ciclomotor,Automóvil;Paraguay Y Urquiza;2;1;0;1;0;0;Calle;ROSARIO;Rosario;Asfalto;No existe;II;Dentro;Urbana;Otra Señal;No existe;Intersección;Bueno;Buena;S/D;Buen Tiempo;S/D;S/D;Colisión;Ninguna;Horizontal
1242;2021;17/2/2021;Miercoles;14:30:00;;0.0;2;Automóvil,Automóvil;Amenábar Y Rodríguez;2;1;0;1;0;0;Calle;ROSARIO;Rosario;Asfalto;No existe;II;Dentro;Urbana;Otra Señal;No existe;Intersección;Bueno;Buena;Diurna;Buen Tiempo;Múltiple;S/D;Colisión;Ninguna;Faltante
1243;2021;17/2/2021;Miercoles;07:30:00;;0.0;2;Moto/Ciclomotor,Moto/Ciclomotor;Cerrito Y España;2;1;0;1;0;0;Calle;ROSARIO;Rosario;Asfalto;No existe;II;Dentro;Urbana;Otra Señal;No existe;Intersección;Bueno;Buena;Diurna;Buen Tiempo;Múltiple;S/D;Colisión;Ninguna;Faltante
1244;2021;17/2/2021;Miercoles;09:00:00;Ruta Nacional 9;0.0;2;Bicicleta,Automóvil;Av. Eva Perón 8100;2;1;0;0;0;1;Ruta;ROSARIO;Rosario;Asfalto;No existe;II;Dentro;Urbana;Otra Señal;Funciona;Intersección;Bueno;Buena;Diurna;Buen Tiempo;Múltiple;Ciclista;Colisión;Ninguna;Horizontal,Vertical
1245;2021;17/2/2021;Miercoles;19:50:00;;0.0;2;Bicicleta,Automóvil;GRAL. URQUIZA  Y MARIANO MORENO;2;1;0;1;0;0;Calle;SAN JUSTO;San Justo;Tierra;No existe;XVI;Dentro;Urbana;Otra Señal;No existe;Intersección;Ahuellamiento;Buena;Diurna;Buen Tiempo;Múltiple;Ciclista;Colisión;Ninguna;Faltante
1246;2021;17/2/2021;Miercoles;18:00:00;;0.0;1;Moto/Ciclomotor;Av. Arronga Y España;1;1;0;0;0;0;Avenida;VERA;Vera;Ripio;No existe;XIX;Dentro;Urbana;Otra Señal;No existe;Intersección;Bueno;Buena;Diurna;Buen Tiempo;Múltiple;S/D;Colisión;Ninguna;Faltante
1247;2021;17/2/2021;Miercoles;18:30:00;;0.0;2;Automóvil,Moto/Ciclomotor;Av. Ovidio Lagos Y Centeno;3;2;0;1;0;0;Avenida;ROSARIO;Rosario;Asfalto;No existe;II;Dentro;Urbana;Otra Señal;No existe;Intersección;Bueno;S/D;Diurna;S/D;Múltiple;S/D;Colisión;Ninguna;Faltante
1248;2021;17/2/2021;Miercoles;11:40:00;;0.0;2;Automóvil,Moto/Ciclomotor;Av. San Martin Y Mendoza;2;1;0;1;0;0;Avenida;PUERTO SAN MARTÍN;San Lorenzo;Asfalto;No existe;XVII;Dentro;Urbana;Otra Señal;No existe;Intersección;Bueno;S/D;Diurna;S/D;Múltiple;S/D;Colisión;Ninguna;Horizontal
1249;2021;17/2/2021;Miercoles;06:30:00;Ruta Provincial 32;0.0;2;Moto/Ciclomotor,Moto/Ciclomotor; ;3;2;0;1;0;0;Ruta;VILLA ANA;General Obligado;S/D;No existe;IX;Dentro;Rural;Otra Señal;No existe;Intersección;S/D;S/D;Amanecer;S/D;Múltiple;S/D;Colisión;S/D;S/D
1250;2021;17/2/2021;Miercoles;18:30:00;;0.0;2;Moto/Ciclomotor,Automóvil;Calle 30-Lucas Funes Y Calle 37-Bvard. Lovato;3;2;0;1;0;0;Avenida;RECONQUISTA;General Obligado;Asfalto;No existe;IX;Dentro;Urbana;Otra Señal;S/D;Intersección;Bueno;S/D;Diurna;Otro;Múltiple;S/D;Colisión;Ninguna;Faltante
1251;2021;17/2/2021;Miercoles;17:25:00;;0.0;2;Moto/Ciclomotor,Automóvil;Calle 104 Y Calle 119;3;1;0;2;0;0;Calle;LAS TOSCAS;General Obligado;Ripio;No existe;IX;Dentro;Urbana;Otra Señal;No existe;Intersección;Bueno;Buena;Diurna;Buen Tiempo;Múltiple;S/D;Colisión;Ninguna;Faltante
1252;2021;17/2/2021;Miercoles;09:45:00;;0.0;2;Moto/Ciclomotor,Automóvil;Gdor. Crespo Y Lamadrid;2;1;0;1;0;0;Calle;SANTA FE;La Capital;Asfalto,Tierra;No existe;I;Dentro;Urbana;Otra Señal;No existe;Intersección;Deteriorada;Buena;Diurna;Buen Tiempo;Múltiple;S/D;Colisión;Material Suelto;Faltante
1253;2021;17/2/2021;Miercoles;16:45:00;;0.0;2;Moto/Ciclomotor,Automóvil;Azcuénaga Y Rivadavia;2;1;0;0;0;1;Calle;SANTA FE;La Capital;S/D;S/D;I;Dentro;Urbana;Otra Señal;S/D;S/D;S/D;S/D;Diurna;S/D;Múltiple;S/D;Colisión;S/D;S/D
1254;2021;17/2/2021;Miercoles;13:30:00;;0.0;1;Bicicleta;Av. Francia Y 9 De Julio;1;1;0;0;0;0;Avenida;ROSARIO;Rosario;Asfalto;No existe;II;Dentro;Urbana;Otra Señal;Funciona;Intersección;Bueno;S/D;Diurna;S/D;Múltiple;S/D;Colisión;S/D;Horizontal,Vertical
1255;2021;17/2/2021;Miercoles;17:45:00;;0.0;2;Automóvil,Moto/Ciclomotor;Pte. Quintana ;2;1;0;0;0;1;S/D;ROSARIO;Rosario;Asfalto;S/D;II;Dentro;Urbana;Otra Señal;S/D;Intersección;S/D;S/D;Diurna;S/D;Múltiple;S/D;Colisión;S/D;S/D
1256;2021;17/2/2021;Miercoles;16:00:00;;0.0;2;Camión,Automóvil;Bv. Oroño Y Saavedra;2;1;0;0;0;1;Avenida;ROSARIO;Rosario;Asfalto;No existe;II;Dentro;Urbana;Otra Señal;Funciona;Intersección;Bueno;S/D;Diurna;Buen Tiempo;Múltiple;S/D;Colisión;Ninguna;Horizontal,Vertical
1257;2021;17/2/2021;Miercoles;16:00:00;;0.0;1;Automóvil;Ecuador Y Mendoza;1;1;0;0;0;0;Calle;ROSARIO;Rosario;Asfalto;No existe;II;Dentro;Urbana;Otra Señal;No existe;Intersección;Bueno;S/D;Diurna;S/D;Múltiple;S/D;Colisión;S/D;Horizontal
1258;2021;17/2/2021;Miercoles;11:00:00;;0.0;1;Otros; ;1;1;0;0;0;0;S/D;ROSARIO;Constitución;S/D;S/D;II;S/D;S/D;Otra Señal;S/D;Intersección;S/D;S/D;Diurna;S/D;Múltiple;S/D;Colisión;S/D;S/D
1259;2021;17/2/2021;Miercoles;06:45:00;;0.0;1;Moto/Ciclomotor;Agüero Y San Martin;1;0;0;0;0;0;Calle;ROSARIO;Constitución;Asfalto;No existe;II;Dentro;Urbana;Otra Señal;No existe;Intersección;Bueno;S/D;Nocturna;S/D;Múltiple;S/D;Colisión;S/D;Faltante
1260;2021;17/2/2021;Miercoles;22:00:00;Autopista Provincial Brigadier E.LÓPEZ;0.0;1;Moto/Ciclomotor; ;1;0;0;0;0;0;Autopista;ROSARIO;Constitución;Asfalto;Natural;II;S/D;S/D;Otra Señal;S/D;Intersección;S/D;S/D;Nocturna;S/D;Múltiple;S/D;Colisión;S/D;Horizontal
1261;2021;17/2/2021;Miercoles;18:00:00;;0.0;2;Moto/Ciclomotor,Automóvil;Alsina Y Viamonte;3;0;0;1;0;0;Calle;ROSARIO;Rosario;Asfalto;No existe;II;Dentro;Urbana;Otra Señal;No existe;Intersección;Bueno;Buena;Diurna;Buen Tiempo;Múltiple;S/D;Colisión;Ninguna;Faltante
1262;2021;18/2/2021;Jueves;15:45:00;Ruta Nacional 33;0.0;1;Automóvil;Av. San Lorenzo Y Ruta Nac 33;1;1;0;0;0;0;Ruta;PEREZ;Rosario;Asfalto;Pavimento;II;Dentro;Urbana;Ninguna;No existe;Intersección;Bueno;Buena;Diurna;Buen Tiempo;Contra objeto fijo;S/D;Colisión;Ninguna;Horizontal