ID_Accidente;A�o;Fecha;Dia;Hopra;Ruta/Autop;km;Participantes;Tipo;Lugar;Total;Heridos Leves;Heridos Graves;Ilesos;Fallecidos;Sin datos;desc_tipo_via;desc_loc;desc_dpto;|;desc_tipo_banquina;desc_unidad_regional;desc_lugar_calzada;desc_zona;desc_prioridad;desc_estado_semaforo;desc_lugar_via;desc_estado_via;desc_estado_visibilidad;desc_luminosidad;desc_estado_clima;desc_tipo_colision;desc_tipo_atropello;desc_tipo_hecho;desc_pres_calzada;desc_senializacion
1263;2021;18/2/2021;Jueves;20:50:00;Ruta Provincial 21;2.0;2;Moto/Ciclomotor,Bicicleta; ;2;2;0;0;0;0;Ruta;ALVEAR;Rosario;Asfalto;No existe;II;Dentro;Urbana;Otra Señal;No existe;Intersección;Bueno;Buena;Nocturna,Con luz artificial;Buen Tiempo;S/D;Ciclista;Colisión;Ninguna;Horizontal
1264;2021;18/2/2021;Jueves;12:50:00;;0.0;2;Moto/Ciclomotor,Automóvil;Av. Luis Carballo Y Echeverria Bis;2;1;0;1;0;0;Avenida;ROSARIO;Rosario;Asfalto;No existe;II;Dentro;Urbana;Otra Señal;Funciona;Intersección;Bueno;Buena;Diurna;Buen Tiempo;S/D;Ciclista;Colisión;Ninguna;Horizontal,Vertical
1265;2021;18/2/2021;Jueves;21:40:00;;0.0;2;Automóvil,Automóvil;Mitre Y Montevideo;3;2;0;1;0;0;Calle;ROSARIO;Rosario;Asfalto;No existe;II;Dentro;Urbana;Otra Señal;No existe;Intersección;Bueno;Buena;Nocturna,Con luz artificial;Buen Tiempo;S/D;S/D;Colisión;Ninguna;Horizontal
1266;2021;18/2/2021;Jueves;10:50:00;;0.0;2;Moto/Ciclomotor,Bicicleta;Av. Pellegrini Y Bv. Avellaneda;3;2;0;1;0;0;Avenida;ROSARIO;Rosario;Asfalto;No existe;II;Dentro;Urbana;Otra Señal;Funciona;Intersección;Bueno;Buena;Diurna;Buen Tiempo;Múltiple;Ciclista;Colisión;Ninguna;Horizontal,Vertical
1267;2021;18/2/2021;Jueves;14:45:00;;0.0;1;Bicicleta;Rui Barbosa Y Pje. J.Blanco;1;1;0;0;0;0;Calle;ROSARIO;Rosario;Asfalto;No existe;II;Dentro;Urbana;Otra Señal;No existe;Intersección;Bueno;Buena;Diurna;Buen Tiempo;Múltiple;S/D;Colisión;Ninguna;Faltante
1268;2021;18/2/2021;Jueves;08:15:00;;0.0;2;Pickup/Utilitario,Moto/Ciclomotor;Combate de San Lorenzo 245;3;2;0;1;0;0;Calle;GOBERNADOR CRESPO;San Justo;Asfalto;No existe;XVI;Dentro;Urbana;Otra Señal;No existe;Intersección;Bueno;Buena;Diurna;Buen Tiempo;Múltiple;S/D;Colisión;Ninguna;Faltante
1269;2021;18/2/2021;Jueves;22:00:00;Ruta Provincial 3;0.0;1;Automóvil; ;2;1;0;1;0;0;Ruta;LOS AMORES;Vera;Asfalto;S/D;XIX;Fuera;Rural;Otra Señal;S/D;Intersección;S/D;S/D;Nocturna;S/D;Múltiple;S/D;Colisión;S/D;S/D
1270;2021;18/2/2021;Jueves;06:20:00;;0.0;2;Moto/Ciclomotor,Peatón;Calle 24 - Olessio 3800;2;1;0;1;0;0;Calle;RECONQUISTA;General Obligado;S/D;S/D;IX;Dentro;Urbana;Otra Señal;S/D;Intersección;S/D;S/D;S/D;S/D;Múltiple;Peatón;Colisión;S/D;S/D
1271;2021;18/2/2021;Jueves;11:30:00;;0.0;2;Moto/Ciclomotor,Automóvil;Av. Freyre Y Santiago del Estero;2;1;0;1;0;0;Avenida;SANTA FE;La Capital;Asfalto;No existe;I;Dentro;Urbana;Otra Señal;Funciona;Intersección;Bueno;Buena;Diurna;Buen Tiempo;Múltiple;S/D;Colisión;Ninguna;Horizontal,Vertical
1272;2021;18/2/2021;Jueves;10:30:00;;0.0;2;Taxi/Remis,Moto/Ciclomotor;Rivadavia Y Suipacha;2;1;0;1;0;0;Calle;SANTA FE;La Capital;Asfalto;No existe;I;Dentro;Urbana;Otra Señal;No existe;Intersección;Bueno;S/D;Diurna;S/D;Múltiple;S/D;Colisión;Ninguna;Horizontal
1273;2021;18/2/2021;Jueves;06:40:00;;0.0;2;Moto/Ciclomotor,Automóvil;Mendoza Y San Jerónimo;2;1;0;1;0;0;Calle;SANTA FE;La Capital;Asfalto;No existe;I;Dentro;Urbana;Otra Señal;No existe;S/D;Bueno;Buena;Amanecer;S/D;Múltiple;S/D;Colisión;Ninguna;Horizontal
1274;2021;18/2/2021;Jueves;21:00:00;;0.0;2;Moto/Ciclomotor,Moto/Ciclomotor;Avellaneda Y Quintana;2;1;0;1;0;0;Calle;SANTA FE;La Capital;Asfalto;No existe;I;Dentro;Urbana;Otra Señal;No existe;Intersección;Bueno;Buena;Nocturna;Buen Tiempo;Múltiple;S/D;Colisión;Ninguna;Faltante
1275;2021;18/2/2021;Jueves;;;0.0;3;Moto/Ciclomotor,Moto/Ciclomotor,Moto/Ciclomotor; ;3;3;0;0;0;0;S/D;SANTA FE;La Capital;Asfalto;S/D;I;S/D;S/D;Otra Señal;Funciona;Recta;S/D;S/D;S/D;S/D;Múltiple;S/D;Colisión;S/D;Vertical
1276;2021;18/2/2021;Jueves;02:00:00;Autopista Provincial Brigadier E.LÓPEZ;145.0;2;Moto/Ciclomotor,Camión; ;3;1;0;1;1;0;Autopista;SANTO TOMÉ;La Capital;Asfalto;No existe;I;Dentro;Rural;Otra Señal;No existe;Cruce;S/D;S/D;Nocturna;S/D;Múltiple;S/D;Colisión;S/D;Horizontal
1277;2021;18/2/2021;Jueves;13:45:00;;0.0;1;Bicicleta;Garzón Y Mendoza;1;1;0;0;0;0;Calle;ROSARIO;Rosario;Asfalto;No existe;II;Dentro;Urbana;Otra Señal;Funciona;Intersección;S/D;S/D;Diurna;Buen Tiempo;Múltiple;S/D;Colisión;S/D;Horizontal,Vertical
1278;2021;18/2/2021;Jueves;13:15:00;;0.0;2;Automóvil,Moto/Ciclomotor;Pte. Quintana Y Pte. Roca;3;2;0;0;0;1;Calle;ROSARIO;Rosario;Asfalto;No existe;II;Dentro;Urbana;Otra Señal;No existe;Intersección;Bueno;S/D;Diurna;S/D;Múltiple;S/D;Colisión;S/D;Faltante
1279;2021;18/2/2021;Jueves;20:00:00;;0.0;2;Automóvil,Moto/Ciclomotor;Vélez Sarsfield 591;2;1;0;0;0;1;Calle;ROSARIO;Rosario;Asfalto;No existe;II;Dentro;Urbana;Otra Señal;No existe;Intersección;Bueno;S/D;Nocturna;S/D;Múltiple;S/D;Colisión;S/D;Faltante
1280;2021;18/2/2021;Jueves;20:30:00;;0.0;2;Otros,Peatón;Valparaíso Y Rueda;2;1;0;0;0;1;Calle;ROSARIO;Rosario;Asfalto;No existe;II;Dentro;Urbana;Otra Señal;S/D;Intersección;Bueno;S/D;Nocturna;S/D;Múltiple;Peatón;Colisión;S/D;Faltante
1281;2021;18/2/2021;Jueves;22:00:00;;0.0;1;Moto/Ciclomotor;Mendoza Y Paraguay;1;1;0;0;0;0;Calle;ROSARIO;Rosario;Asfalto;No existe;II;Dentro;Urbana;Otra Señal;Funciona;Intersección;Bueno;S/D;Nocturna;S/D;Múltiple;S/D;Colisión;S/D;Horizontal,Vertical
1282;2021;18/2/2021;Jueves;00:05:00;;0.0;1;Moto/Ciclomotor; ;1;1;0;0;0;0;S/D;ROSARIO;Rosario;S/D;S/D;II;S/D;S/D;Otra Señal;S/D;Intersección;S/D;S/D;Nocturna;S/D;Múltiple;S/D;Colisión;S/D;S/D
1283;2021;18/2/2021;Jueves;20:00:00;;0.0;1;Moto/Ciclomotor; ;1;1;0;0;0;0;S/D;ROSARIO;Constitución;S/D;S/D;II;S/D;S/D;Otra Señal;S/D;Intersección;S/D;S/D;Nocturna;S/D;Múltiple;S/D;Colisión;S/D;S/D
1284;2021;18/2/2021;Jueves;08:50:00;;0.0;2;Automóvil,Peatón;Suipacha Y Urquiza;2;0;0;1;0;0;Calle;ROSARIO;Constitución;Asfalto;No existe;II;Dentro;Urbana;Otra Señal;No existe;Intersección;Bueno;Buena;Diurna;Buen Tiempo;Múltiple;Peatón;Colisión;Ninguna;Horizontal,Vertical
1285;2021;18/2/2021;Jueves;11:50:00;;0.0;2;Peatón,Automóvil;Av. Pellegrini Y L.N.Alem;2;0;0;1;0;0;Avenida;ROSARIO;Constitución;Asfalto;No existe;II;Dentro;Urbana;Otra Señal;Funciona;Intersección;Bueno;Buena;Diurna;Buen Tiempo;Múltiple;S/D;Colisión;Ninguna;Horizontal,Vertical
1286;2021;18/2/2021;Jueves;09:00:00;;0.0;1;Moto/Ciclomotor; ;1;0;0;0;0;0;S/D;ROSARIO;Rosario;S/D;S/D;II;S/D;S/D;Otra Señal;S/D;Intersección;S/D;S/D;Diurna;S/D;Múltiple;S/D;Colisión;S/D;S/D
1287;2021;19/2/2021;Viernes;11:30:00;;0.0;2;Pickup/Utilitario,Moto/Ciclomotor;CAMINO DE LOS GRANADEROS Y JUAN PABLO II;2;1;0;1;0;0;Calle;ROSARIO;Rosario;Asfalto;No existe;II;Dentro;Urbana;Semáforo;Funciona;Intersección;Bueno;Buena;Diurna;Buen Tiempo;S/D;S/D;Colisión;Ninguna;Horizontal,Vertical
1288;2021;19/2/2021;Viernes;20:20:00;;0.0;2;Automóvil,Bicicleta;J.J.Paso Y Mariano Cabal Bis;2;1;0;1;0;0;Avenida;ROSARIO;Rosario;Asfalto;No existe;II;Dentro;Urbana;Otra Señal;No existe;Intersección;Bueno;Buena;Nocturna,Con luz artificial;S/D;S/D;Ciclista;Colisión;Ninguna;Faltante
1289;2021;19/2/2021;Viernes;17:00:00;;0.0;2;Automóvil,Peatón;Bv. 27 de Febrero Bis 7700;2;1;0;1;0;0;Avenida;ROSARIO;Rosario;Asfalto;No existe;II;Dentro;Urbana;Otra Señal;No existe;Intersección;Bueno;Buena;Diurna;Buen Tiempo;Contra objeto fijo;Peatón;Colisión;Ninguna;Faltante
1290;2021;19/2/2021;Viernes;21:13:00;;0.0;2;Automóvil,Moto/Ciclomotor;Av. Luis Carballo Y Echeverria Bis;5;2;0;3;0;0;Avenida;ROSARIO;Rosario;Asfalto;No existe;II;Dentro;Urbana;Otra Señal;Funciona;Intersección;Bueno;Buena;Diurna;Buen Tiempo;Lateral;S/D;Colisión;Ninguna;Horizontal,Vertical
1291;2021;19/2/2021;Viernes;21:00:00;;0.0;2;Pickup/Utilitario,Moto/Ciclomotor;Mariano Moreno Y San Juan;4;3;0;1;0;0;Calle;ROSARIO;Rosario;Asfalto;No existe;II;Dentro;Urbana;Otra Señal;No existe;Intersección;Bueno;Buena;Nocturna;Buen Tiempo;S/D;S/D;Colisión;Ninguna;Horizontal
1292;2021;19/2/2021;Viernes;13:20:00;;0.0;2;Bicicleta,Automóvil;Brown Y Bv. Oroño;2;1;0;1;0;0;Avenida;ROSARIO;Rosario;Asfalto;No existe;II;Dentro;Urbana;Otra Señal;Funciona;Intersección;Bueno;Buena;Diurna;Buen Tiempo;S/D;Ciclista;Colisión;Ninguna;Horizontal,Vertical
1293;2021;19/2/2021;Viernes;20:35:00;;0.0;1;Automóvil;Av. Los Colonizadores 800;2;2;0;0;0;0;Avenida;ESPERANZA;Las Colonias;Asfalto;No existe;XI;Dentro;Urbana;Otra Señal;Funciona;Intersección;Bueno;Buena;Nocturna;Buen Tiempo;Múltiple;S/D;Colisión;Ninguna;Vertical
1294;2021;19/2/2021;Viernes;18:30:00;;0.0;2;Moto/Ciclomotor,Automóvil;Alsina Y Bv. Seguí;2;1;0;1;0;0;Avenida;ROSARIO;Rosario;Asfalto;No existe;II;Dentro;Urbana;Otra Señal;No existe;Intersección;Bueno;Buena;Diurna;Buen Tiempo;Múltiple;S/D;Colisión;Ninguna;Vertical
1295;2021;19/2/2021;Viernes;;;0.0;2;Bicicleta,Moto/Ciclomotor; ;4;1;0;3;0;0;S/D;CALCHAQUÍ;Vera;S/D;S/D;XIX;S/D;S/D;Otra Señal;S/D;Intersección;S/D;S/D;S/D;S/D;Múltiple;Ciclista;Colisión;S/D;S/D
1296;2021;19/2/2021;Viernes;00:03:00;;0.0;2;Moto/Ciclomotor,Moto/Ciclomotor;Av. Estrugamou Y Roque Sáenz PEÑA;3;3;0;0;0;0;Avenida;VENADO TUERTO;General LÓPEZ;Asfalto;No existe;VIII;Dentro;Urbana;Otra Señal;Funciona;Intersección;Bueno;S/D;Nocturna,Con luz artificial;S/D;Múltiple;S/D;Colisión;Ninguna;Horizontal,Vertical
1297;2021;19/2/2021;Viernes;17:10:00;;0.0;2;Pickup/Utilitario,Moto/Ciclomotor;Larrea A Y Runciman;3;1;0;2;0;0;Calle;VENADO TUERTO;General LÓPEZ;Asfalto;No existe;VIII;Dentro;Urbana;Otra Señal;No existe;Intersección;Bueno;S/D;Diurna;S/D;Múltiple;S/D;Colisión;Ninguna;Faltante
1298;2021;19/2/2021;Viernes;18:25:00;;0.0;1;Moto/Ciclomotor;Correa Llobet Y Santiago Derqui;1;1;0;0;0;0;Calle;VENADO TUERTO;General LÓPEZ;Asfalto;No existe;VIII;Dentro;Urbana;Otra Señal;No existe;Intersección;Bueno;S/D;Diurna;S/D;Múltiple;S/D;Colisión;Ninguna;Faltante
1299;2021;19/2/2021;Viernes;06:30:00;;0.0;2;Automóvil,Taxi/Remis;Buenos Aires Y San Juan;3;1;0;2;0;0;Calle;ROSARIO;Rosario;Asfalto;No existe;II;Dentro;Urbana;Otra Señal;No existe;Intersección;Bueno;S/D;Amanecer;S/D;Múltiple;S/D;Colisión;Ninguna;Horizontal
1300;2021;19/2/2021;Viernes;;;0.0;2;Automóvil,Moto/Ciclomotor;Lavalle Y Sarmiento;2;1;0;1;0;0;Calle;RAFAELA;Castellanos;Asfalto;No existe;V;Dentro;Urbana;Otra Señal;No existe;Intersección;Bueno;S/D;Diurna;S/D;Múltiple;S/D;Colisión;Ninguna;Horizontal
1301;2021;19/2/2021;Viernes;11:30:00;;0.0;2;Automóvil,Pickup/Utilitario;J B Justo Y J D Perón;3;1;0;2;0;0;Calle;SUNCHALES;Castellanos;Asfalto;No existe;V;Dentro;Urbana;Otra Señal;No existe;Intersección;Resbaladiza;Reducida;Diurna;Lluvia;Múltiple;S/D;Colisión;Agua;Vertical
1302;2021;19/2/2021;Viernes;20:00:00;Ruta Provincial 13;0.0;2;Automóvil,Bicicleta;Av. Rivadavia ;3;2;0;1;0;0;Ruta;SUNCHALES;Castellanos;Asfalto;No existe;V;Dentro;Urbana;Otra Señal;No existe;Intersección;Bueno;S/D;Nocturna;S/D;Múltiple;Ciclista;Colisión;Ninguna;Faltante
1303;2021;19/2/2021;Viernes;09:10:00;;0.0;2;Automóvil,Moto/Ciclomotor;Calle 3 Y Calle 6;4;2;0;2;0;0;Calle;LAS TOSCAS;General Obligado;Asfalto,Tierra;No existe;IX;Dentro;Urbana;Otra Señal;No existe;Intersección;Bueno;Buena;Diurna;Buen Tiempo;Múltiple;S/D;Colisión;Ninguna;Faltante
1304;2021;19/2/2021;Viernes;00:25:00;;0.0;2;Automóvil,Moto/Ciclomotor;Av. 7 Jefes 7300;2;1;0;1;0;0;Avenida;SANTA FE;La Capital;Asfalto;No existe;I;Dentro;Urbana;Otra Señal;No existe;Recta;Bueno;S/D;Nocturna,Con luz artificial;S/D;Múltiple;S/D;Colisión;Ninguna;Horizontal
1305;2021;19/2/2021;Viernes;11:45:00;;0.0;2;Moto/Ciclomotor,Camión c / Acoplado;Av. Blas Parera Y Lavaisse;2;0;0;0;0;2;Avenida;SANTA FE;La Capital;Asfalto;No existe;I;Dentro;Urbana;Otra Señal;Funciona;Intersección;Bueno;Buena;Diurna;Buen Tiempo;Múltiple;S/D;Colisión;Ninguna;Horizontal,Vertical
1306;2021;19/2/2021;Viernes;18:05:00;;0.0;2;Peatón,Pickup/Utilitario;Av. Freyre Y Primera Junta;2;1;0;1;0;0;Avenida;SANTA FE;La Capital;Asfalto;Pavimento;I;Dentro;Urbana;Otra Señal;No existe;Intersección;Bueno;Buena;Diurna;Buen Tiempo;Múltiple;Peatón;Colisión;Ninguna;Vertical
1307;2021;19/2/2021;Viernes;17:05:00;;0.0;2;Bicicleta,Automóvil;Moreno Y 25 de Mayo;2;1;0;1;0;0;Calle;SANTA FE;La Capital;Asfalto;No existe;I;Dentro;Urbana;Otra Señal;No existe;Recta;Bueno;S/D;Diurna;S/D;Múltiple;Ciclista;Colisión;Ninguna;Faltante
1308;2021;19/2/2021;Viernes;13:10:00;;0.0;1;Moto/Ciclomotor;Rivadavia 5743;2;1;0;1;0;0;Calle;SANTA FE;La Capital;Asfalto;No existe;I;Dentro;Urbana;Otra Señal;No existe;Intersección;Bueno;Buena;Diurna;Buen Tiempo;Múltiple;S/D;Colisión;Ninguna;Faltante
1309;2021;19/2/2021;Viernes;22:00:00;;0.0;2;Automóvil,Moto/Ciclomotor;Avellaneda Y Salvador del Carril;2;1;0;1;0;0;Calle;SANTA FE;La Capital;Asfalto;No existe;I;Dentro;Urbana;Otra Señal;No existe;Intersección;Bueno;Buena;Nocturna;Buen Tiempo;Múltiple;S/D;Colisión;Ninguna;Horizontal
1310;2021;19/2/2021;Viernes;17:30:00;;0.0;2;Moto/Ciclomotor,Automóvil;Padre Genesio Y Rivadavia;2;1;0;0;0;1;Calle;SANTA FE;La Capital;Asfalto;No existe;I;Dentro;Urbana;Otra Señal;No existe;Intersección;S/D;Reducida;Diurna;S/D;Múltiple;S/D;Colisión;S/D;Faltante
1311;2021;19/2/2021;Viernes;06:20:00;Ruta Provincial 1;18.5;1;Automóvil; ;2;2;0;0;0;0;Ruta;ARROYO LEYES;La Capital;Asfalto;Natural;I;Fuera;Rural;Otra Señal;No existe;Recta;Bueno;Reducida;Nocturna;Buen Tiempo;Múltiple;S/D;Colisión;Ninguna;Horizontal
1312;2021;19/2/2021;Viernes;;;0.0;2;Otros,Otros; ;2;2;0;0;0;0;S/D;SANTA FE;La Capital;S/D;S/D;I;S/D;S/D;Otra Señal;S/D;S/D;S/D;S/D;S/D;S/D;Múltiple;S/D;Colisión;S/D;S/D
1313;2021;19/2/2021;Viernes;19:25:00;;0.0;2;Bicicleta,Automóvil;Calle 25-Rivadavia Y Calle 20 9 de Julio;3;2;0;1;0;0;Avenida;RECONQUISTA;General Obligado;Asfalto;S/D;IX;Dentro;Urbana;Otra Señal;No existe;Intersección;Bueno;S/D;Diurna;Buen Tiempo;Múltiple;Ciclista;Colisión;Ninguna;Faltante
1314;2021;19/2/2021;Viernes;20:05:00;;0.0;2;Bicicleta,Automóvil;Calle 20 9 de Julio Y Calle 29-Alte Brown;2;1;0;1;0;0;Calle;RECONQUISTA;General Obligado;Asfalto;No existe;IX;Dentro;Urbana;Otra Señal;No existe;Intersección;Bueno;Buena;Nocturna,Con luz artificial;Buen Tiempo;Múltiple;Ciclista;Colisión;Ninguna;Horizontal
1315;2021;19/2/2021;Viernes;12:30:00;;0.0;2;Moto/Ciclomotor,Taxi/Remis;Juan Bautista Alberdi Y Salta;2;1;0;1;0;0;Calle;SANTO TOMÉ;La Capital;Asfalto;No existe;I;Dentro;Urbana;Otra Señal;No existe;Intersección;Bueno;Buena;Diurna;Buen Tiempo;Múltiple;S/D;Colisión;Ninguna;Faltante
1316;2021;19/2/2021;Viernes;00:05:00;;0.0;1;Bicicleta;JUAN PABLO II Y SANTA FE;1;1;0;0;0;0;Calle;ROSARIO;Rosario;Asfalto;No existe;II;Dentro;Urbana;Otra Señal;No existe;Intersección;Bueno;S/D;Nocturna;S/D;Múltiple;S/D;Colisión;S/D;Faltante
1317;2021;19/2/2021;Viernes;00:05:00;;0.0;1;Moto/Ciclomotor; ;1;1;0;0;0;0;S/D;ROSARIO;Rosario;S/D;S/D;II;S/D;S/D;Otra Señal;S/D;Intersección;S/D;S/D;Nocturna;S/D;Múltiple;S/D;Colisión;S/D;S/D
1318;2021;19/2/2021;Viernes;00:05:00;;0.0;2;Automóvil,Moto/Ciclomotor;Dorrego Y Sánchez de Bustamante;3;2;0;0;0;1;Calle;ROSARIO;Rosario;Asfalto;No existe;II;Dentro;Urbana;Otra Señal;No existe;Intersección;Bueno;S/D;Nocturna;S/D;Múltiple;S/D;Colisión;S/D;Faltante
1319;2021;19/2/2021;Viernes;16:30:00;;0.0;2;Automóvil,Moto/Ciclomotor;Agrelo Y Baigorria;3;2;0;0;0;1;Calle;ROSARIO;Rosario;Asfalto;No existe;II;Dentro;Urbana;Otra Señal;No existe;Intersección;Bueno;S/D;Diurna;S/D;Múltiple;S/D;Colisión;S/D;Faltante
1320;2021;19/2/2021;Viernes;18:00:00;;0.0;1;Bicicleta;F.More Y Pasco;1;1;0;0;0;0;Calle;ROSARIO;Rosario;Asfalto;No existe;II;Dentro;Urbana;Otra Señal;No existe;Intersección;Bueno;S/D;Diurna;S/D;Múltiple;S/D;Colisión;S/D;Faltante
1321;2021;19/2/2021;Viernes;23:30:00;;0.0;2;Moto/Ciclomotor,Pickup/Utilitario;Bv. Seguí Y Laprida;2;0;0;1;0;0;Avenida;ROSARIO;Constitución;Asfalto;No existe;II;Dentro;Urbana;Otra Señal;No existe;Intersección;Bueno;Buena;Nocturna;Buen Tiempo;Múltiple;S/D;Colisión;Ninguna;Vertical
1322;2021;19/2/2021;Viernes;05:50:00;Autopista Nacional A008;0.0;1;Moto/Ciclomotor;Av. Circunvalación Y Av. Eva Perón;2;1;0;0;0;0;Autopista;ROSARIO;Constitución;Asfalto;No existe;II;Dentro;Urbana;Otra Señal;No existe;Intersección;Bueno;Buena;Amanecer;Buen Tiempo;Múltiple;S/D;Colisión;Ninguna;Faltante
1323;2021;20/2/2021;Sabado;18:20:00;Ruta Provincial 39;178.0;2;Moto/Ciclomotor,Automóvil; ;4;1;0;3;0;0;Ruta;ARRUFÓ;San CRISTÓBAL;Asfalto;Natural;XIII;Dentro;Urbana;Otra Señal;No existe;Intersección;Bueno;Buena;Diurna;Buen Tiempo;Frontal;S/D;Colisión;Ninguna;Faltante
1324;2021;20/2/2021;Sabado;12:35:00;;0.0;2;Automóvil,Moto/Ciclomotor;Bv. Rondeau Y Freyre;3;2;0;1;0;0;Avenida;ROSARIO;Rosario;Asfalto;No existe;II;Dentro;Urbana;Otra Señal;No existe;Intersección;Bueno;Buena;Diurna;Buen Tiempo;Lateral;S/D;Colisión;Ninguna;Faltante
1325;2021;20/2/2021;Sabado;22:20:00;;0.0;2;Peatón,Transporte de Pasajeros Urbano (> 8 asientos);Paraguay Y Salta;2;1;0;1;0;0;Calle;ROSARIO;Rosario;Asfalto;No existe;II;Dentro;Urbana;Otra Señal;No existe;Intersección;Bueno;Buena;Nocturna,Con luz artificial;Buen Tiempo;S/D;Peatón;Colisión;Ninguna;Horizontal
1326;2021;20/2/2021;Sabado;23:30:00;;0.0;2;Moto/Ciclomotor,Automóvil;CLAVEL  Y 5 DE AGOSTO ;2;1;0;1;0;0;Calle;ROSARIO;Rosario;Asfalto;No existe;II;Dentro;Urbana;Otra Señal;No existe;Intersección;Bueno;Buena;Nocturna,Con luz artificial;Buen Tiempo;Múltiple;S/D;Colisión;Ninguna;Faltante
1327;2021;20/2/2021;Sabado;08:30:00;;0.0;2;Moto/Ciclomotor,Pickup/Utilitario;Av. Ntra.Sra.del Rosario Y Rodríguez;3;2;0;1;0;0;Avenida;ROSARIO;Rosario;Asfalto;No existe;II;Dentro;Urbana;Otra Señal;No existe;Intersección;Bueno;Buena;Diurna;Buen Tiempo;Múltiple;S/D;Colisión;Ninguna;Faltante
1328;2021;20/2/2021;Sabado;10:15:00;Autovía Nacional A008;0.0;1;Moto/Ciclomotor;Av. Circunvalación Y Av. Pellegrini;1;1;0;0;0;0;Autovía;ROSARIO;Rosario;Asfalto;Pavimento;II;Dentro;Urbana;Otra Señal;No existe;Intersección;Bueno;Buena;Diurna;Buen Tiempo;Múltiple;S/D;Colisión;Ninguna;Faltante
1329;2021;20/2/2021;Sabado;19:40:00;;0.0;1;Moto/Ciclomotor;A Belotti Y Italia;2;1;0;0;0;1;Calle;SAN JUSTO;San Justo;Tierra;No existe;XVI;Dentro;Urbana;Otra Señal;No existe;Intersección;Bueno;Buena;Diurna;Buen Tiempo;Múltiple;S/D;Colisión;Ninguna;Faltante
1330;2021;20/2/2021;Sabado;13:15:00;;0.0;1;Moto/Ciclomotor;A Lezama Y 9 de Julio;1;1;0;0;0;0;Calle;VERA;Vera;Asfalto;No existe;XIX;Dentro;Urbana;Otra Señal;No existe;Intersección;Bueno;S/D;Diurna;Buen Tiempo;Múltiple;S/D;Colisión;Ninguna;Faltante
1331;2021;20/2/2021;Sabado;07:00:00;;0.0;1;Otros;BOLIVIA  Y BV Oroño;2;2;0;0;0;0;Calle;SAN LORENZO;San Lorenzo;S/D;S/D;XVII;Dentro;Urbana;Otra Señal;S/D;Intersección;S/D;S/D;Diurna;S/D;Múltiple;S/D;Colisión;S/D;S/D
1332;2021;20/2/2021;Sabado;02:00:00;Autovía Provincial Brigadier E.LÓPEZ;13.0;2;Camión c / Acoplado,Camión c / Acoplado; ;2;1;0;1;0;0;Autovía;SAN LORENZO;San Lorenzo;Asfalto;Natural;XVII;Dentro;Rural;Otra Señal;No existe;Intersección;Bueno;S/D;Nocturna;S/D;Múltiple;S/D;Colisión;Ninguna;Faltante
1333;2021;20/2/2021;Sabado;17:30:00;;0.0;2;Automóvil,Moto/Ciclomotor;Misiones 100;3;1;0;2;0;0;Calle;CAPITÁN BERMÚDEZ;San Lorenzo;Asfalto;Pavimento;XVII;Dentro;Urbana;Otra Señal;No existe;Intersección;Bueno;Buena;Atardecer;Buen Tiempo;Múltiple;S/D;Colisión;Ninguna;Faltante
1334;2021;20/2/2021;Sabado;21:30:00;;0.0;2;Bicicleta,Automóvil;Formosa Y Pasco;2;1;0;1;0;0;Calle;CASILDA;Caseros;Asfalto;S/D;IV;Dentro;Urbana;Otra Señal;S/D;Intersección;S/D;S/D;Nocturna;S/D;Múltiple;Ciclista;Colisión;S/D;S/D
1335;2021;20/2/2021;Sabado;15:45:00;;0.0;2;Moto/Ciclomotor,Moto/Ciclomotor;Calle 1821 5100;2;1;0;0;0;1;Calle;ROSARIO;Rosario;Asfalto;No existe;II;Dentro;Urbana;Otra Señal;No existe;Intersección;Bueno;S/D;Diurna;S/D;Múltiple;S/D;Colisión;Ninguna;Faltante
1336;2021;20/2/2021;Sabado;20:30:00;;0.0;2;Automóvil,Moto/Ciclomotor;San Martin Y 24 De Setiembre;2;1;0;1;0;0;Avenida;ROSARIO;Rosario;Asfalto;No existe;II;Dentro;Urbana;Otra Señal;No existe;Intersección;Bueno;S/D;Nocturna;S/D;Múltiple;S/D;Colisión;Ninguna;Faltante
1337;2021;20/2/2021;Sabado;05:40:00;;0.0;1;Vehículo Oficial;Domingo Faustino Sarmiento Y Juan B Justo;2;1;0;1;0;0;Calle;VENADO TUERTO;General LÓPEZ;Asfalto;No existe;VIII;Fuera;Urbana;Otra Señal;No existe;Intersección;Bueno;S/D;Nocturna,Con luz artificial;S/D;Múltiple;S/D;Colisión;Ninguna;Faltante
1338;2021;20/2/2021;Sabado;18:55:00;;0.0;2;Moto/Ciclomotor,Automóvil;Avellaneda Y Balcarce;2;1;0;0;0;1;Calle;SANTA FE;La Capital;Asfalto;No existe;I;Dentro;Urbana;Otra Señal;No existe;Intersección;Bueno;S/D;Atardecer;S/D;Múltiple;S/D;Colisión;Ninguna;Horizontal,Vertical