ID_Accidente;A�o;Fecha;Dia;Hopra;Ruta/Autop;km;Participantes;Tipo;Lugar;Total;Heridos Leves;Heridos Graves;Ilesos;Fallecidos;Sin datos;desc_tipo_via;desc_loc;desc_dpto;|;desc_tipo_banquina;desc_unidad_regional;desc_lugar_calzada;desc_zona;desc_prioridad;desc_estado_semaforo;desc_lugar_via;desc_estado_via;desc_estado_visibilidad;desc_luminosidad;desc_estado_clima;desc_tipo_colision;desc_tipo_atropello;desc_tipo_hecho;desc_pres_calzada;desc_senializacion
1339;2021;20/2/2021;Sabado;23:15:00;Autovía Nacional 168;0.0;2;Pickup/Utilitario,Moto/Ciclomotor;Av. Leandro Alem Y Vélez Sarsfield;2;1;0;1;0;0;Autovía;SANTA FE;La Capital;Asfalto;No existe;I;Dentro;Urbana;Otra Señal;Funciona;Intersección;Bueno;S/D;Nocturna,Con luz artificial;S/D;Múltiple;S/D;Colisión;Ninguna;Horizontal,Vertical
1340;2021;20/2/2021;Sabado;12:35:00;;0.0;2;Bicicleta,Automóvil;Av. López y Planes 3500;2;1;0;1;0;0;Avenida;SANTA FE;La Capital;Asfalto;Pavimento;I;Dentro;Urbana;Otra Señal;No existe;Intersección;Bueno;Buena;Diurna;Buen Tiempo;Múltiple;Ciclista;Colisión;Ninguna;Vertical
1341;2021;20/2/2021;Sabado;20:00:00;Ruta Provincial 2;12.0;2;Automóvil,Automóvil; ;8;3;0;5;0;0;Ruta;SANTA FE;La Capital;Asfalto;Natural;I;Dentro;Urbana;Otra Señal;No existe;Intersección;Bueno;Buena;Atardecer;Buen Tiempo;Múltiple;S/D;Colisión;Ninguna;Horizontal
1342;2021;20/2/2021;Sabado;;;0.0;2;Automóvil,Peatón;Estado de Israel 4900;2;1;0;1;0;0;Calle;SANTA FE;La Capital;Asfalto;No existe;I;Dentro;Urbana;Otra Señal;No existe;Recta;S/D;S/D;S/D;S/D;Múltiple;Peatón;Colisión;S/D;Faltante
1343;2021;20/2/2021;Sabado;02:00:00;Autopista Nacional Rosario -Cordoba;379.0;2;Pickup/Utilitario,Camión c / Acoplado; ;2;0;0;1;1;0;Autopista;ARMSTRONG;Belgrano;Asfalto;Natural;III;Dentro;Rural;Otra Señal;No existe;Intersección;Bueno;Buena;Nocturna;Buen Tiempo;De alcance,Múltiple;S/D;Colisión;Ninguna;Faltante
1344;2021;20/2/2021;Sabado;11:15:00;Ruta Secundaria 81-s;0.0;2;Moto/Ciclomotor,Camión c / Acoplado; ;3;0;0;1;2;0;Ruta;COLONIA BIGAND;Castellanos;Tierra;S/D;IV;S/D;Rural;Otra Señal;S/D;Intersección;S/D;S/D;Diurna;S/D;De alcance,Múltiple;S/D;Colisión;S/D;S/D
1345;2021;20/2/2021;Sabado;01:40:00;Autopista Nacional A008;29.0;1;Automóvil;Av. Circunvalación Y Bv. 27 De Febrero;1;0;0;0;1;0;Autopista;ROSARIO;Rosario;Asfalto;No existe;II;S/D;Urbana;Otra Señal;No existe;Intersección;Bueno;S/D;Nocturna;S/D;De alcance,Múltiple;S/D;Colisión;Ninguna;Faltante
1346;2021;20/2/2021;Sabado;20:30:00;Ruta Nacional 11;0.0;2;Moto/Ciclomotor,Pickup/Utilitario;Calle 11-Alvear ;4;3;0;1;0;0;Ruta;RECONQUISTA;General Obligado;Asfalto;No existe;IX;Dentro;Urbana;Otra Señal;No existe;Intersección;Bueno;Buena;Nocturna;Buen Tiempo;Múltiple;S/D;Colisión;Ninguna;Horizontal
1347;2021;20/2/2021;Sabado;02:20:00;Ruta Nacional 11;0.0;2;Moto/Ciclomotor,Moto/Ciclomotor;Buenos Aires Y Ruta Nac 11;2;1;0;1;0;0;Ruta;SAUCE VIEJO;La Capital;Asfalto;Ripio;I;Dentro;Urbana;Otra Señal;No existe;Intersección;Bueno;Buena;Con luz artificial;Buen Tiempo;Múltiple;S/D;Colisión;Ninguna;Faltante
1348;2021;20/2/2021;Sabado;16:00:00;;0.0;1;Bicicleta;Cochabamba ;1;1;0;0;0;0;S/D;ROSARIO;Rosario;Asfalto;S/D;II;Dentro;Urbana;Otra Señal;S/D;Intersección;S/D;S/D;Diurna;S/D;Múltiple;S/D;Colisión;S/D;S/D
1349;2021;20/2/2021;Sabado;00:05:00;;0.0;1;Moto/Ciclomotor;Dr. Rivas Y Rodríguez;1;1;0;0;0;0;S/D;ROSARIO;Rosario;Asfalto;No existe;II;S/D;S/D;Otra Señal;No existe;Intersección;Bueno;S/D;Nocturna;S/D;Múltiple;S/D;Colisión;S/D;Faltante
1350;2021;20/2/2021;Sabado;18:00:00;;0.0;1;Bicicleta;Garay Y Tte.Agneta;1;1;0;0;0;0;Calle;ROSARIO;Rosario;Asfalto;No existe;II;Dentro;Urbana;Otra Señal;No existe;Intersección;Bueno;S/D;Diurna;S/D;Múltiple;S/D;Colisión;S/D;Faltante
1351;2021;20/2/2021;Sabado;20:30:00;;0.0;1;Moto/Ciclomotor;Gutenberg Y Mendoza;1;1;0;0;0;0;Calle;ROSARIO;Rosario;Asfalto;No existe;II;Dentro;Urbana;Otra Señal;No existe;Intersección;Bueno;S/D;Nocturna;S/D;Múltiple;S/D;Colisión;S/D;Horizontal
1352;2021;20/2/2021;Sabado;12:40:00;;0.0;2;Pickup/Utilitario,Moto/Ciclomotor;Dr. Lisandro de la Torre Y Madrid;2;1;0;1;0;0;Calle;CHAÑAR LADEADO;Constitución;Ripio;No existe;IV;Dentro;Urbana;Otra Señal;No existe;Intersección;Bueno;Buena;Diurna;Buen Tiempo;Múltiple;S/D;Colisión;Ninguna;Faltante
1353;2021;20/2/2021;Sabado;23:00:00;;0.0;1;Moto/Ciclomotor; ;1;1;0;0;0;0;S/D;ROSARIO;Constitución;S/D;S/D;II;S/D;S/D;Otra Señal;S/D;Intersección;S/D;S/D;Nocturna;S/D;Múltiple;S/D;Colisión;S/D;S/D
1354;2021;20/2/2021;Sabado;21:15:00;Ruta Nacional 34;7.5;2;Automóvil,Camión c / Acoplado;Ruta Nac 34 Y Ruta Pcial Sec 34;3;0;0;1;1;0;Ruta;IBARLUCEA;Constitución;Asfalto;Pavimento;II;Dentro;Urbana;Otra Señal;Intermitente;Intersección;Bueno;Reducida;Nocturna,Con luz artificial;Buen Tiempo;Múltiple;S/D;Colisión;Ninguna;Horizontal
1355;2021;20/2/2021;Sabado;11:00:00;;0.0;2;Moto/Ciclomotor,Pickup/Utilitario;La Paz Y Sarmiento;2;0;0;1;0;0;Calle;SAN CRISTÓBAL;Constitución;Ripio;No existe;XIII;Dentro;Urbana;Otra Señal;No existe;Intersección;Bueno;Buena;Diurna;Buen Tiempo;Múltiple;S/D;Colisión;Ninguna;Faltante
1356;2021;20/2/2021;Sabado;;;0.0;2;Moto/Ciclomotor,Taxi/Remis;Bv. Oroño Y Lugones;3;1;0;1;0;0;Avenida;ROSARIO;Constitución;Asfalto;No existe;II;Dentro;Urbana;Otra Señal;No existe;Intersección;Bueno;S/D;S/D;S/D;Múltiple;S/D;Colisión;Ninguna;Horizontal
1357;2021;20/2/2021;Sabado;15:40:00;;0.0;1;Moto/Ciclomotor;Santiago del Estero ;2;0;0;1;0;0;Calle;LAGUNA PAIVA;Constitución;Ripio;No existe;I;Dentro;Urbana;Otra Señal;No existe;Intersección;Bueno;Buena;Diurna;Buen Tiempo;Múltiple;S/D;Colisión;Ninguna;Faltante
1358;2021;20/2/2021;Sabado;19:30:00;Autopista Provincial Brigadier E.LÓPEZ;153.0;2;Moto/Ciclomotor,Tracción animal / Carro; ;2;0;0;1;0;0;Autopista;SANTO TOMÉ;Constitución;Asfalto;No existe;I;Dentro;Rural;Otra Señal;No existe;Intersección;Bueno;Buena;Atardecer;Buen Tiempo;Múltiple;S/D;Colisión;Ninguna;Horizontal
1359;2021;20/2/2021;Sabado;;Ruta Nacional 8;300.0;3;Automóvil,Moto/Ciclomotor,Moto/Ciclomotor; ;3;0;0;1;0;0;Ruta;SANTA ISABEL;General LÓPEZ;Asfalto;Natural;VIII;Dentro;Rural;Otra Señal;No existe;Intersección;Bueno;S/D;Diurna;S/D;Múltiple;S/D;Colisión;Ninguna;Faltante
1360;2021;21/2/2021;Domingo;20:30:00;;0.0;2;Automóvil,Moto/Ciclomotor;Montevideo Y Tucumán;2;1;0;1;0;0;Calle;FUNES;Rosario;Asfalto;Natural;II;Dentro;Urbana;Ninguna;No existe;Intersección;Bueno;Buena;Nocturna;Buen Tiempo;Lateral;S/D;Colisión;Ninguna;Faltante
1361;2021;21/2/2021;Domingo;19:30:00;Ruta Secundaria 26-s;60.0;2;Pickup/Utilitario,Automóvil; ;3;1;0;2;0;0;Ruta;CARMEN DEL SAUCE;Rosario;Asfalto;Ripio;II;Dentro;Urbana;Ninguna;No existe;Intersección;Bueno;Buena;Atardecer;Buen Tiempo;De alcance;S/D;Colisión;Ninguna;Horizontal
1362;2021;21/2/2021;Domingo;;;0.0;2;Moto/Ciclomotor,Automóvil;Laprida Y M M T de Hoenfels;3;1;0;2;0;0;Calle;ESPERANZA;Las Colonias;Asfalto;No existe;XI;Dentro;Urbana;Otra Señal;No existe;Intersección;Bueno;Buena;Diurna;Buen Tiempo;Múltiple;S/D;Colisión;Ninguna;Faltante
1363;2021;21/2/2021;Domingo;03:55:00;;0.0;2;Moto/Ciclomotor,Automóvil;Av. Battle y Ordoñez Y España;2;1;0;1;0;0;Avenida;ROSARIO;Rosario;Asfalto;No existe;II;Dentro;Urbana;Otra Señal;Funciona;Intersección;Bueno;Buena;Nocturna,Con luz artificial;Buen Tiempo;Múltiple;S/D;Colisión;Ninguna;Vertical
1364;2021;21/2/2021;Domingo;18:55:00;;0.0;2;Moto/Ciclomotor,Automóvil;AVELLANEDA  Y PJE 2015;4;1;0;3;0;0;Avenida;ROSARIO;Rosario;Asfalto;No existe;II;Dentro;Urbana;Otra Señal;No existe;Intersección;Bueno;Buena;Atardecer;Buen Tiempo;Múltiple;S/D;Colisión;Ninguna;Faltante
1365;2021;21/2/2021;Domingo;20:00:00;;0.0;1;Moto/Ciclomotor;Belgrano Y R Mudry;1;1;0;0;0;0;Calle;VERA;Vera;Tierra;No existe;XIX;Dentro;Urbana;Otra Señal;No existe;Intersección;Con baches;Buena;Nocturna;Buen Tiempo;Múltiple;S/D;Colisión;Ninguna;Faltante
1366;2021;21/2/2021;Domingo;13:15:00;;0.0;1;Automóvil;CAMINO RURAL ;1;1;0;0;0;0;Camino Rural;RICARDONE;San Lorenzo;Asfalto;No existe;XVII;Dentro;Rural;Otra Señal;No existe;Intersección;Bueno;Buena;Diurna;Buen Tiempo;Múltiple;S/D;Colisión;Ninguna;Faltante
1367;2021;21/2/2021;Domingo;02:00:00;;0.0;2;Moto/Ciclomotor,Moto/Ciclomotor;Bv Tortugas Y Ida de Borello;2;2;0;0;0;0;Avenida;ARMSTRONG;Belgrano;Asfalto;No existe;III;Dentro;Urbana;Otra Señal;No existe;Intersección;Bueno;Buena;Diurna;Buen Tiempo;Múltiple;S/D;Colisión;Ninguna;Faltante
1368;2021;21/2/2021;Domingo;19:15:00;;0.0;2;Moto/Ciclomotor,Automóvil;J J Paso Y Urquiza;2;1;0;1;0;0;Calle;SAN LORENZO;San Lorenzo;Asfalto;No existe;XVII;Dentro;Urbana;Otra Señal;No existe;Intersección;Bueno;S/D;Atardecer;S/D;Múltiple;S/D;Colisión;Ninguna;Horizontal
1369;2021;21/2/2021;Domingo;12:00:00;Ruta Provincial 40;0.0;1;Moto/Ciclomotor; ;1;1;0;0;0;0;Ruta;FORTÍN OLMOS;Vera;Asfalto;Natural;XIX;Dentro;Rural;Otra Señal;S/D;Intersección;S/D;S/D;Diurna;S/D;Múltiple;S/D;Colisión;S/D;S/D
1370;2021;21/2/2021;Domingo;;Ruta Provincial 66;60.0;1;Automóvil; ;2;2;0;0;0;0;Ruta;CARLOS PELLEGRINI;San MARTÍN;Asfalto;No existe;XVIII;Fuera;Rural;Otra Señal;No existe;Intersección;Bueno;S/D;S/D;S/D;Múltiple;S/D;Colisión;Ninguna;Faltante
1371;2021;21/2/2021;Domingo;00:40:00;;0.0;2;Moto/Ciclomotor,Moto/Ciclomotor;CÓRDOBA  Y 25 DE MAYO;3;3;0;0;0;0;Calle;SAN GENARO;San JERÓNIMO;Asfalto;No existe;XV;Fuera;Urbana;Otra Señal;No existe;Intersección;Bueno;S/D;Nocturna,Con luz artificial;S/D;Múltiple;S/D;Colisión;Ninguna;Faltante
1372;2021;21/2/2021;Domingo;11:30:00;;0.0;2;Moto/Ciclomotor,Automóvil;Ayacucho Y  Remedios de Escalada de San M;2;1;0;1;0;0;Calle;CASILDA;Caseros;Asfalto;No existe;IV;Dentro;Urbana;Otra Señal;No existe;Intersección;Bueno;S/D;Diurna;S/D;Múltiple;S/D;Colisión;Ninguna;Faltante
1373;2021;21/2/2021;Domingo;19:30:00;;0.0;2;Automóvil,Moto/Ciclomotor;J J Paso ;2;1;0;1;0;0;Calle;VILLA GOBERNADOR GÁLVEZ;Rosario;Asfalto;No existe;II;Dentro;Urbana;Otra Señal;S/D;Intersección;S/D;S/D;Diurna;S/D;Múltiple;S/D;Colisión;S/D;S/D
1374;2021;21/2/2021;Domingo;16:30:00;;0.0;1;Moto/Ciclomotor;Av. Luis Fanti Y Maestro Cossettini;2;1;0;1;0;0;Avenida;RAFAELA;Castellanos;Asfalto;No existe;V;Dentro;Urbana;Otra Señal;No existe;Intersección;Bueno;S/D;Diurna;S/D;Múltiple;S/D;Colisión;Ninguna;Faltante
1375;2021;21/2/2021;Domingo;11:15:00;;0.0;2;Moto/Ciclomotor,Moto/Ciclomotor;Juan Diaz de Solís Y Moreno;2;2;0;0;0;0;Calle;SANTA FE;La Capital;Asfalto;Pavimento;I;Dentro;Urbana;Otra Señal;No existe;Intersección;Con baches;Buena;Diurna;Buen Tiempo;Múltiple;S/D;Colisión;Ninguna;Faltante
1376;2021;21/2/2021;Domingo;13:00:00;;0.0;2;Moto/Ciclomotor,Automóvil;Lamadrid Y Mendoza;3;2;0;1;0;0;Calle;SANTA FE;La Capital;Asfalto;Pavimento;I;Dentro;Urbana;Otra Señal;Funciona;Intersección;Bueno;Buena;Diurna;Buen Tiempo;Múltiple;S/D;Colisión;Ninguna;Vertical
1377;2021;21/2/2021;Domingo;06:40:00;;0.0;2;Moto/Ciclomotor,Automóvil;Hernandarias Y Necochea;2;1;0;1;0;0;Calle;SANTA FE;La Capital;Asfalto;No existe;I;Dentro;Urbana;Otra Señal;No existe;Intersección;Bueno;Reducida;Amanecer;Buen Tiempo;Múltiple;S/D;Colisión;Ninguna;Faltante
1378;2021;21/2/2021;Domingo;21:00:00;;0.0;1;Moto/Ciclomotor;French Y Tacuarí;1;1;0;0;0;0;Calle;SANTA FE;La Capital;Asfalto;No existe;I;Dentro;Urbana;Otra Señal;No existe;Recta;Bueno;S/D;Nocturna,Con luz artificial;Buen Tiempo;Múltiple;S/D;Colisión;S/D;Faltante
1379;2021;21/2/2021;Domingo;15:35:00;;0.0;2;Moto/Ciclomotor,Pickup/Utilitario;Av. A del Valle Y Alfonsina Storni;2;1;0;1;0;0;Avenida;SANTA FE;La Capital;Asfalto;No existe;I;Dentro;Urbana;Otra Señal;No existe;Intersección;Bueno;Buena;Atardecer;Buen Tiempo;Múltiple;S/D;Colisión;Ninguna;Faltante
1380;2021;21/2/2021;Domingo;;;0.0;1;Bicicleta;Av. Galicia 2171;1;1;0;0;0;0;Avenida;SANTA FE;La Capital;Asfalto;No existe;I;Dentro;Urbana;Otra Señal;No existe;Recta;S/D;S/D;S/D;S/D;Múltiple;S/D;Colisión;S/D;Faltante
1381;2021;21/2/2021;Domingo;03:30:00;Ruta Provincial 13;2.0;1;Automóvil; ;2;1;0;0;1;0;Ruta;LAS ROSAS;Belgrano;Asfalto;Natural;III;Fuera;Rural;Otra Señal;No existe;Intersección;Bueno;Reducida;Nocturna;Buen Tiempo;De alcance,Múltiple;S/D;Colisión;Otro;Faltante
1382;2021;21/2/2021;Domingo;18:20:00;Ruta Provincial 1;127.0;2;Automóvil,Moto/Ciclomotor; ;2;0;0;1;1;0;Ruta;COLONIA FRANCESA;San Javier;Asfalto;Natural;XIV;Dentro;Rural;Otra Señal;No existe;Intersección;Ahuellamiento;Buena;Diurna;Buen Tiempo;De alcance,Múltiple;S/D;Colisión;Ninguna;S/D
1383;2021;21/2/2021;Domingo;21:10:00;Ruta Nacional 7;425.0;2;Moto/Ciclomotor,Automóvil;Ruta Nacional 7 ;2;0;0;1;1;0;Ruta;RUFINO;General LÓPEZ;Asfalto;S/D;VIII;S/D;Urbana;Otra Señal;S/D;Intersección;S/D;S/D;Nocturna;S/D;De alcance,Múltiple;S/D;Colisión;S/D;S/D
1384;2021;21/2/2021;Domingo;00:05:00;;0.0;1;Moto/Ciclomotor;Pte. Quintana 3835;1;1;0;0;0;0;Calle;ROSARIO;Rosario;Asfalto;No existe;II;Dentro;Urbana;Otra Señal;No existe;Intersección;Bueno;S/D;Nocturna;S/D;Múltiple;S/D;Colisión;S/D;Faltante
1385;2021;21/2/2021;Domingo;00:05:00;;0.0;1;Moto/Ciclomotor;Bv. Seguí Y Roullon;1;1;0;0;0;0;Avenida;ROSARIO;Rosario;Asfalto;No existe;II;Dentro;Urbana;Otra Señal;Funciona;Intersección;Bueno;S/D;Nocturna;S/D;Múltiple;S/D;Colisión;S/D;Horizontal,Vertical
1386;2021;21/2/2021;Domingo;00:05:00;;0.0;1;Automóvil;Av. Ovidio Lagos Y Fragata Sarmiento;1;1;0;0;0;0;Avenida;ROSARIO;Rosario;Asfalto;No existe;II;Dentro;Urbana;Otra Señal;Funciona;Intersección;Bueno;S/D;Nocturna;S/D;Múltiple;S/D;Colisión;S/D;Horizontal,Vertical
1387;2021;21/2/2021;Domingo;01:00:00;;0.0;1;Moto/Ciclomotor; ;1;1;0;0;0;0;S/D;ROSARIO;Constitución;S/D;S/D;II;S/D;S/D;Otra Señal;S/D;Intersección;S/D;S/D;Nocturna;S/D;Múltiple;S/D;Colisión;S/D;S/D
1388;2021;21/2/2021;Domingo;12:00:00;;0.0;1;Moto/Ciclomotor;Saavedra Y San Martin;2;0;0;1;0;0;Calle;ROSARIO;Constitución;Asfalto;No existe;II;Dentro;Urbana;Otra Señal;Funciona;Intersección;Bueno;Buena;Diurna;Buen Tiempo;Múltiple;S/D;Colisión;Ninguna;Horizontal,Vertical
1389;2021;21/2/2021;Domingo;18:40:00;;0.0;2;Peatón,Automóvil;Av. Génova Y Chaco Bis;2;0;0;1;0;0;Avenida;ROSARIO;Constitución;Asfalto;No existe;II;Dentro;Urbana;Otra Señal;No existe;Intersección;Bueno;Buena;Diurna;S/D;Múltiple;Peatón;Colisión;Ninguna;Faltante
1390;2021;21/2/2021;Domingo;;;0.0;1;Moto/Ciclomotor;Rafaela 1300;2;0;0;0;0;1;Calle;ESPERANZA;Constitución;S/D;S/D;XI;Dentro;Urbana;Otra Señal;S/D;Intersección;S/D;S/D;S/D;S/D;Múltiple;S/D;Colisión;S/D;S/D
1391;2021;21/2/2021;Domingo;17:00:00;;0.0;1;Moto/Ciclomotor; ;1;0;0;0;0;0;Calle;ROSARIO;Constitución;S/D;S/D;II;Dentro;Urbana;Otra Señal;S/D;Intersección;S/D;S/D;S/D;S/D;Múltiple;S/D;Colisión;S/D;S/D
1392;2021;22/2/2021;Lunes;04:50:00;Ruta Provincial 1;223.0;1;Moto/Ciclomotor; ;2;2;0;0;0;0;Ruta;ALEJANDRA;San Javier;Asfalto;Natural;II;Dentro;Rural;Ninguna;No existe;Intersección;Bueno;Buena;Nocturna;Buen Tiempo;S/D;S/D;Colisión;Ninguna;Horizontal
1393;2021;22/2/2021;Lunes;15:35:00;;0.0;2;Moto/Ciclomotor,Automóvil;Av. Ntra. Sra. de la Paz Y Corrientes;3;2;0;1;0;0;Avenida;VILLA GOBERNADOR GÁLVEZ;Rosario;Asfalto;No existe;II;Dentro;Urbana;Otra Señal;No existe;Intersección;Bueno;Buena;Diurna;Buen Tiempo;S/D;S/D;Colisión;Ninguna;Faltante
1394;2021;22/2/2021;Lunes;17:50:00;;0.0;2;Moto/Ciclomotor,Automóvil;Nahuel Huapi Y Soldado Aguirre;2;1;0;1;0;0;Calle;VILLA GOBERNADOR GÁLVEZ;Rosario;Asfalto;No existe;II;Dentro;Urbana;Otra Señal;No existe;Intersección;Bueno;Buena;Atardecer;Buen Tiempo;S/D;S/D;Colisión;Ninguna;Faltante
1395;2021;22/2/2021;Lunes;16:40:00;;0.0;3;Bicicleta,Automóvil,Automóvil;Av. Pellegrini Y Matienzo;3;1;0;2;0;0;Avenida;ROSARIO;Rosario;Asfalto;No existe;II;Dentro;Urbana;Otra Señal;Funciona;Intersección;Bueno;Buena;Diurna;Buen Tiempo;Múltiple;Ciclista;Colisión;Ninguna;Horizontal,Vertical
1396;2021;22/2/2021;Lunes;17:00:00;;0.0;2;Automóvil,Automóvil;Moreno Y San Luis;3;1;0;2;0;0;Calle;SAN CARLOS CENTRO;Las Colonias;Asfalto;No existe;XI;Dentro;Urbana;Otra Señal;No existe;Intersección;Bueno;Buena;Atardecer;Buen Tiempo;Múltiple;S/D;Colisión;Ninguna;Faltante
1397;2021;22/2/2021;Lunes;13:00:00;Ruta Nacional 175;0.0;2;Moto/Ciclomotor,Automóvil;9 de Julio Y Córdoba;2;1;0;1;0;0;Ruta;PUERTO SAN MARTÍN;San Lorenzo;Asfalto;No existe;XVII;Dentro;Urbana;Otra Señal;No existe;Intersección;Bueno;Buena;Diurna;Buen Tiempo;Múltiple;S/D;Colisión;Ninguna;Horizontal
1398;2021;22/2/2021;Lunes;21:10:00;;0.0;2;Pickup/Utilitario,Moto/Ciclomotor;Bv San Martin Y Urquiza;3;2;0;1;0;0;Avenida;ROLDÁN;San Lorenzo;Asfalto;No existe;XVII;Dentro;Urbana;Otra Señal;No existe;Intersección;Bueno;Buena;Con luz artificial;Buen Tiempo;Múltiple;S/D;Colisión;Ninguna;Vertical
1399;2021;22/2/2021;Lunes;18:25:00;Ruta Nacional 11;0.0;2;Moto/Ciclomotor,Moto/Ciclomotor;Av. San Lorenzo ;2;2;0;0;0;0;Ruta;CAPITÁN BERMÚDEZ;San Lorenzo;Asfalto;No existe;XVII;Dentro;Urbana;Otra Señal;No existe;Intersección;Bueno;Buena;Atardecer;Buen Tiempo;Múltiple;S/D;Colisión;Ninguna;Faltante
1400;2021;22/2/2021;Lunes;21:25:00;Ruta Provincial 14;0.0;2;Moto/Ciclomotor,Pickup/Utilitario;Ruta Pcial 14 Y 17 Bolivia;2;1;0;1;0;0;Ruta;SOLDINI;Rosario;Asfalto;No existe;II;Dentro;Urbana;Otra Señal;No existe;Intersección;Bueno;S/D;Nocturna;S/D;Múltiple;S/D;Colisión;Ninguna;Faltante
1401;2021;22/2/2021;Lunes;15:10:00;;0.0;2;Moto/Ciclomotor,Moto/Ciclomotor;Calle 16 Y Calle 17;5;5;0;0;0;0;Calle;LAS TOSCAS;General Obligado;Ripio;No existe;IX;Dentro;Urbana;Otra Señal;No existe;Intersección;Bueno;Buena;Diurna;Buen Tiempo;Múltiple;S/D;Colisión;Ninguna;Faltante
1402;2021;22/2/2021;Lunes;;;0.0;1;Moto/Ciclomotor;Alvear 1200;2;1;0;1;0;0;Calle;RAFAELA;Castellanos;Asfalto;No existe;V;Dentro;Urbana;Otra Señal;No existe;Intersección;Bueno;Buena;Diurna;Buen Tiempo;Múltiple;S/D;Colisión;Ninguna;Faltante
1403;2021;22/2/2021;Lunes;;;0.0;2;Automóvil,Moto/Ciclomotor;B I Iturraspe Y Bv Pte. Roca;2;1;0;1;0;0;Avenida;RAFAELA;Castellanos;Asfalto;No existe;V;Dentro;Urbana;Otra Señal;No existe;Intersección;Bueno;S/D;Diurna;S/D;Múltiple;S/D;Colisión;Ninguna;Faltante
1404;2021;22/2/2021;Lunes;19:30:00;;0.0;2;Moto/Ciclomotor,Automóvil;Maipú 1900;2;1;0;1;0;0;Calle;SANTA FE;La Capital;Asfalto;No existe;I;Dentro;Urbana;Otra Señal;No existe;Recta;Bueno;S/D;Atardecer;S/D;Múltiple;S/D;Colisión;Ninguna;Horizontal
1405;2021;22/2/2021;Lunes;14:30:00;;0.0;2;Moto/Ciclomotor,Pickup/Utilitario;Francia Y Maipú;2;1;0;1;0;0;Calle;SANTA FE;La Capital;Asfalto;No existe;I;Dentro;Urbana;Otra Señal;No existe;Intersección;Bueno;Buena;Diurna;Buen Tiempo;Múltiple;S/D;Colisión;Ninguna;Vertical
1406;2021;22/2/2021;Lunes;08:25:00;;0.0;2;Moto/Ciclomotor,Automóvil;Av. Pte. Perón Y Santiago del Estero;3;2;0;1;0;0;Avenida;SANTA FE;La Capital;Asfalto;No existe;I;Dentro;Urbana;Otra Señal;No existe;Intersección;Bueno;Buena;Diurna;Buen Tiempo;Múltiple;S/D;Colisión;Ninguna;Vertical
1407;2021;22/2/2021;Lunes;21:35:00;;0.0;2;Moto/Ciclomotor,Moto/Ciclomotor;Güemes Y Moreno;2;2;0;0;0;0;Calle;SANTA FE;La Capital;Asfalto;No existe;I;Dentro;Urbana;Otra Señal;No existe;Intersección;Bueno;Buena;Nocturna;Buen Tiempo;Múltiple;S/D;Colisión;Ninguna;Faltante
1408;2021;22/2/2021;Lunes;13:00:00;;0.0;2;Moto/Ciclomotor,Automóvil;Pascual Rosas ;2;1;0;0;0;1;S/D;ROSARIO;Rosario;Asfalto;S/D;II;Dentro;Urbana;Otra Señal;S/D;Intersección;S/D;S/D;Diurna;S/D;Múltiple;S/D;Colisión;S/D;S/D
1409;2021;22/2/2021;Lunes;19:30:00;;0.0;1;Moto/Ciclomotor;Camino de los Granaderos Y Godoy Cruz;2;2;0;0;0;0;Avenida;ROSARIO;Rosario;Asfalto;No existe;II;Dentro;Urbana;Otra Señal;Funciona;Intersección;Bueno;S/D;Nocturna;S/D;Múltiple;S/D;Colisión;Ninguna;Horizontal,Vertical
1410;2021;22/2/2021;Lunes;02:00:00;;0.0;1;Automóvil;Mitre Y Uruguay;1;1;0;0;0;0;Calle;ROSARIO;Rosario;Asfalto;No existe;II;Dentro;Urbana;Otra Señal;No existe;Intersección;Bueno;S/D;Nocturna;Buen Tiempo;Múltiple;S/D;Colisión;S/D;Vertical
1411;2021;22/2/2021;Lunes;17:30:00;;0.0;1;Bicicleta; ;1;1;0;0;0;0;S/D;ROSARIO;Constitución;S/D;S/D;II;S/D;S/D;Otra Señal;No existe;Intersección;S/D;S/D;Diurna;S/D;Múltiple;S/D;Colisión;S/D;S/D
1412;2021;22/2/2021;Lunes;00:00:00;;0.0;1;Moto/Ciclomotor;Cochabamba Y España;1;1;0;0;0;0;Calle;ROSARIO;Constitución;Asfalto;No existe;II;Dentro;Urbana;Otra Señal;No existe;Intersección;Bueno;S/D;Nocturna;S/D;Múltiple;S/D;Colisión;Ninguna;Horizontal
1413;2021;22/2/2021;Lunes;;;0.0;2;Moto/Ciclomotor,Automóvil;Belgrano Y Hipólito Irigoyen;3;0;0;2;0;0;Calle;SAN JORGE;Constitución;Asfalto;No existe;XVIII;Dentro;Urbana;Otra Señal;No existe;Intersección;Bueno;S/D;S/D;S/D;Múltiple;S/D;Colisión;Ninguna;Faltante
1414;2021;22/2/2021;Lunes;04:55:00;Ruta Nacional 8;300.0;3;Moto/Ciclomotor,Automóvil,Moto/Ciclomotor;Ruta nac 8 ;3;0;0;1;1;0;Ruta;HUGHES;Constitución;Asfalto;Pavimento;VIII;S/D;Rural;Otra Señal;No existe;Intersección;Bueno;S/D;Nocturna;S/D;Múltiple;S/D;Colisión;Ninguna;Faltante