ID_Accidente;A�o;Fecha;Dia;Hopra;Ruta/Autop;km;Participantes;Tipo;Lugar;Total;Heridos Leves;Heridos Graves;Ilesos;Fallecidos;Sin datos;desc_tipo_via;desc_loc;desc_dpto;|;desc_tipo_banquina;desc_unidad_regional;desc_lugar_calzada;desc_zona;desc_prioridad;desc_estado_semaforo;desc_lugar_via;desc_estado_via;desc_estado_visibilidad;desc_luminosidad;desc_estado_clima;desc_tipo_colision;desc_tipo_atropello;desc_tipo_hecho;desc_pres_calzada;desc_senializacion
1415;2021;23/2/2021;Martes;20:00:00;;0.0;2;Pickup/Utilitario,Bicicleta;Malvinas Argentinas 145;2;1;0;1;0;0;Calle;PEREZ;Rosario;Asfalto;Pavimento;II;Dentro;Urbana;Otra Señal;No existe;Intersección;Bueno;Buena;Diurna;Buen Tiempo;S/D;Ciclista;Colisión;Ninguna;Faltante
1416;2021;23/2/2021;Martes;08:30:00;;0.0;2;Moto/Ciclomotor,Automóvil;Alberdi Y Chubut;3;2;0;1;0;0;Calle;VILLA GOBERNADOR GÁLVEZ;Rosario;Asfalto;No existe;II;Dentro;Urbana;Otra Señal;No existe;Intersección;Bueno;Buena;Diurna;Buen Tiempo;S/D;S/D;Colisión;Ninguna;Faltante
1417;2021;23/2/2021;Martes;14:30:00;;0.0;2;Moto/Ciclomotor,Pickup/Utilitario;Colon Y 24 De Setiembre;2;1;0;1;0;0;Calle;ROSARIO;Rosario;Asfalto;No existe;II;Dentro;Urbana;Otra Señal;No existe;Intersección;Bueno;S/D;Diurna;S/D;Múltiple;S/D;Colisión;Ninguna;Faltante
1418;2021;23/2/2021;Martes;21:30:00;;0.0;2;Automóvil,Moto/Ciclomotor;General Manuel Belgrano Y Laprida;3;2;0;1;0;0;Calle;ESPERANZA;Las Colonias;Asfalto;No existe;XI;Dentro;Urbana;Otra Señal;No existe;Intersección;Bueno;Buena;Diurna;Buen Tiempo;Múltiple;S/D;Colisión;Ninguna;Faltante
1419;2021;23/2/2021;Martes;17:20:00;;0.0;1;Transporte de Pasajeros Urbano (> 8 asientos);Bv Oroño Y Clemente Albelo;3;1;0;2;0;0;Avenida;SAN LORENZO;San Lorenzo;Asfalto;No existe;XVII;Dentro;Urbana;Otra Señal;No existe;Intersección;Bueno;Buena;Diurna;Buen Tiempo;Múltiple;S/D;Colisión;Ninguna;Faltante
1420;2021;23/2/2021;Martes;18:30:00;Ruta Nacional 11;0.0;2;Moto/Ciclomotor,Automóvil;Av. San Martin Y 3 de Febrero;2;1;0;1;0;0;Ruta;SAN LORENZO;San Lorenzo;Asfalto;No existe;XVII;Dentro;Urbana;Otra Señal;No existe;Intersección;Bueno;Buena;Diurna;S/D;Múltiple;S/D;Colisión;Ninguna;Faltante
1421;2021;23/2/2021;Martes;10:30:00;Ruta Provincial 20;0.0;2;Moto/Ciclomotor,Moto/Ciclomotor;Av. Julián Bustinza Y 25 de Mayo;2;1;0;1;0;0;Ruta;PIAMONTE;San MARTÍN;Asfalto;S/D;XVIII;Dentro;Urbana;Otra Señal;S/D;Intersección;S/D;S/D;Diurna;S/D;Múltiple;S/D;Colisión;S/D;S/D
1422;2021;23/2/2021;Martes;21:30:00;;0.0;1;Moto/Ciclomotor;Capitán Bermúdez Y Sarmiento;1;1;0;0;0;0;Calle;GÁLVEZ;San JERÓNIMO;S/D;S/D;XV;Dentro;Urbana;Otra Señal;S/D;Intersección;S/D;S/D;S/D;S/D;Múltiple;S/D;Colisión;S/D;S/D
1423;2021;23/2/2021;Martes;;;0.0;1;Moto/Ciclomotor; ;2;2;0;0;0;0;S/D;ESPERANZA;Las Colonias;S/D;S/D;XI;S/D;S/D;Otra Señal;S/D;Intersección;S/D;S/D;S/D;S/D;Múltiple;S/D;Colisión;S/D;S/D
1424;2021;23/2/2021;Martes;;;0.0;2;Transporte de Pasajeros Urbano (> 8 asientos),Automóvil;Av. Corrientes Y Benito Juárez;4;2;0;2;0;0;Avenida;ROSARIO;Rosario;Asfalto;No existe;II;Dentro;Urbana;Otra Señal;No existe;Intersección;Bueno;S/D;S/D;S/D;Múltiple;S/D;Colisión;Ninguna;Faltante
1425;2021;23/2/2021;Martes;10:45:00;;0.0;2;Automóvil,Bicicleta;Mariano Moreno Y Nicolas Avellaneda;2;1;0;1;0;0;Calle;VENADO TUERTO;General LÓPEZ;Asfalto;No existe;VIII;Dentro;Urbana;Otra Señal;No existe;Intersección;Bueno;Buena;Diurna;Buen Tiempo;Múltiple;Ciclista;Colisión;Ninguna;Faltante
1426;2021;23/2/2021;Martes;11:30:00;;0.0;2;Moto/Ciclomotor,Automóvil;Mendoza 3200;2;1;0;1;0;0;Calle;SANTA FE;La Capital;Asfalto;No existe;I;Dentro;Urbana;Otra Señal;Funciona;Intersección;Bueno;Buena;Diurna;Buen Tiempo;Múltiple;S/D;Colisión;Ninguna;Horizontal,Vertical
1427;2021;23/2/2021;Martes;22:10:00;;0.0;2;Moto/Ciclomotor,Automóvil;Av. Freyre 2360;2;1;0;1;0;0;Avenida;SANTA FE;La Capital;Asfalto;No existe;I;Dentro;Urbana;Otra Señal;Funciona;Intersección;Bueno;Buena;Nocturna,Con luz artificial;Buen Tiempo;Múltiple;S/D;Colisión;Ninguna;Horizontal,Vertical
1428;2021;23/2/2021;Martes;21:00:00;;0.0;2;Moto/Ciclomotor,Automóvil;Padilla 2171;2;1;0;1;0;0;Calle;SANTA FE;La Capital;Asfalto;No existe;I;Dentro;Urbana;Otra Señal;No existe;Intersección;Bueno;Buena;Diurna;Buen Tiempo;Múltiple;S/D;Colisión;Ninguna;Faltante
1429;2021;23/2/2021;Martes;00:05:00;;0.0;1;Moto/Ciclomotor;F.More Y Pasco;1;1;0;0;0;0;Calle;ROSARIO;Rosario;Asfalto;No existe;II;Dentro;Urbana;Otra Señal;No existe;Intersección;S/D;S/D;Nocturna;S/D;Múltiple;S/D;Colisión;Ninguna;Vertical
1430;2021;23/2/2021;Martes;17:00:00;;0.0;2;Automóvil,Moto/Ciclomotor;Av. De Las Palmeras Y Rivarola;2;1;0;0;0;1;Avenida;ROSARIO;Rosario;Hormigón;No existe;II;Dentro;Urbana;Otra Señal;No existe;Intersección;Bueno;S/D;Diurna;S/D;Múltiple;S/D;Colisión;S/D;Faltante
1431;2021;23/2/2021;Martes;17:15:00;;0.0;2;Automóvil,Moto/Ciclomotor;Callao Y Olegario V.Andrade;2;1;0;0;0;1;Calle;ROSARIO;Rosario;Asfalto;No existe;II;Dentro;Urbana;Otra Señal;No existe;Intersección;Bueno;S/D;S/D;S/D;Múltiple;S/D;Colisión;S/D;Faltante
1432;2021;23/2/2021;Martes;16:00:00;;0.0;2;Automóvil,Moto/Ciclomotor;Bv. Avellaneda ;2;1;0;0;0;1;S/D;ROSARIO;Rosario;S/D;S/D;II;Dentro;Urbana;Otra Señal;S/D;Intersección;S/D;S/D;Diurna;S/D;Múltiple;S/D;Colisión;S/D;S/D
1433;2021;23/2/2021;Martes;19:00:00;;0.0;2;Automóvil,Moto/Ciclomotor;Alsina Y Bv. Seguí;2;1;0;0;0;1;Avenida;ROSARIO;Rosario;Asfalto;No existe;II;Dentro;Urbana;Otra Señal;No existe;Intersección;Bueno;S/D;Diurna;S/D;Múltiple;S/D;Colisión;S/D;Horizontal,Vertical
1434;2021;23/2/2021;Martes;20:00:00;;0.0;1;Bicicleta;Mendoza 6000;1;1;0;0;0;0;Calle;ROSARIO;Rosario;Asfalto;No existe;II;Dentro;Urbana;Otra Señal;Funciona;Intersección;Bueno;S/D;Nocturna;Buen Tiempo;Múltiple;S/D;Colisión;S/D;Horizontal,Vertical
1435;2021;23/2/2021;Martes;16:30:00;;0.0;1;Moto/Ciclomotor; ;1;1;0;0;0;0;S/D;ROSARIO;Constitución;S/D;S/D;II;S/D;S/D;Otra Señal;S/D;Intersección;S/D;S/D;S/D;S/D;Múltiple;S/D;Colisión;S/D;S/D
1436;2021;23/2/2021;Martes;15:50:00;;0.0;3;Automóvil,Moto/Ciclomotor,Automóvil;3 De Febrero Y Suipacha;4;1;0;2;0;0;Calle;ROSARIO;Constitución;Asfalto;No existe;II;Dentro;Urbana;Otra Señal;No existe;Intersección;Bueno;Buena;Diurna;Buen Tiempo;Múltiple;S/D;Colisión;Ninguna;Faltante
1437;2021;24/2/2021;Miercoles;13:15:00;Ruta Provincial 21;7.0;2;Pickup/Utilitario,Moto/Ciclomotor; ;2;1;0;1;0;0;Ruta;ALVEAR;Rosario;Asfalto;No existe;II;Dentro;Urbana;Otra Señal;No existe;Intersección;Bueno;Buena;Diurna;Buen Tiempo;Frontal;S/D;Colisión;Ninguna;Horizontal
1438;2021;24/2/2021;Miercoles;07:50:00;;0.0;2;Moto/Ciclomotor,Automóvil;Av. Ing.Acevedo Y Av. Génova;2;1;0;1;0;0;Avenida;ROSARIO;Rosario;Asfalto;No existe;II;Dentro;Urbana;Otra Señal;No existe;Intersección;Bueno;Buena;Diurna;Buen Tiempo;Múltiple;S/D;Colisión;Ninguna;Faltante
1439;2021;24/2/2021;Miercoles;;;0.0;2;Automóvil,Moto/Ciclomotor;Gregorio Donnet Y Rivadavia;2;1;0;1;0;0;Calle;ESPERANZA;Las Colonias;Asfalto;No existe;XI;Dentro;Urbana;Otra Señal;No existe;Intersección;Bueno;Buena;Diurna;Buen Tiempo;Múltiple;S/D;Colisión;Ninguna;Faltante
1440;2021;24/2/2021;Miercoles;18:30:00;;0.0;1;Moto/Ciclomotor;L Alem Y R S PEÑA;1;1;0;0;0;0;Calle;VERA;Vera;Tierra;No existe;XIX;Dentro;Urbana;Otra Señal;No existe;Intersección;Bueno;Buena;Diurna;Buen Tiempo;Múltiple;S/D;Colisión;Ninguna;Faltante
1441;2021;24/2/2021;Miercoles;17:40:00;;0.0;2;Moto/Ciclomotor,Pickup/Utilitario;Lavalle Y Vilcapujio;2;1;0;1;0;0;Calle;SAN LORENZO;San Lorenzo;Asfalto;No existe;XVII;Dentro;Urbana;Otra Señal;No existe;Intersección;Bueno;S/D;Diurna;S/D;Múltiple;S/D;Colisión;Ninguna;Faltante
1442;2021;24/2/2021;Miercoles;16:15:00;;0.0;2;Moto/Ciclomotor,Otros;Gutenberg Y Misiones;4;3;0;0;0;1;Calle;SAN LORENZO;San Lorenzo;Asfalto;No existe;XVII;Dentro;Urbana;Otra Señal;No existe;Intersección;Bueno;Buena;Diurna;Buen Tiempo;Múltiple;S/D;Colisión;Ninguna;Faltante
1443;2021;24/2/2021;Miercoles;21:25:00;;0.0;2;Peatón,Moto/Ciclomotor;Ciudad de Firmat ;2;1;0;0;0;1;Calle;GÁLVEZ;San JERÓNIMO;Asfalto;S/D;XV;Dentro;Urbana;Otra Señal;S/D;Intersección;S/D;S/D;Nocturna;S/D;Múltiple;Peatón;Colisión;S/D;S/D
1444;2021;24/2/2021;Miercoles;20:00:00;;0.0;2;Automóvil,Automóvil;Av. Francia Y San Luis;3;1;0;2;0;0;Avenida;ROSARIO;Rosario;Asfalto;No existe;II;Dentro;Urbana;Otra Señal;Funciona;Intersección;Bueno;S/D;Nocturna,Con luz artificial;S/D;Múltiple;S/D;Colisión;Ninguna;Horizontal,Vertical
1445;2021;24/2/2021;Miercoles;14:50:00;;0.0;1;Moto/Ciclomotor;JUAN PABLO II Y J J PASO;1;1;0;0;0;0;Calle;ROSARIO;Rosario;Asfalto;No existe;II;Dentro;Urbana;Otra Señal;No existe;Intersección;Bueno;Buena;Diurna;S/D;Múltiple;S/D;Colisión;Ninguna;Faltante
1446;2021;24/2/2021;Miercoles;;;0.0;2;Moto/Ciclomotor,Moto/Ciclomotor;Gobernador Crespo Y Jorge Newbery;2;2;0;0;0;0;Calle;RAFAELA;Castellanos;Asfalto;No existe;V;Dentro;Urbana;Otra Señal;No existe;Intersección;Bueno;Buena;S/D;Buen Tiempo;Múltiple;S/D;Colisión;Ninguna;Faltante
1447;2021;24/2/2021;Miercoles;07:50:00;Autovía Nacional 168;0.0;2;Automóvil,Automóvil;PUENTE Oroño ;2;1;0;1;0;0;Autovía;SANTA FE;La Capital;Hormigón;No existe;I;Dentro;Urbana;Otra Señal;No existe;Curva;Bueno;S/D;Amanecer;S/D;Múltiple;S/D;Colisión;Ninguna;Faltante
1448;2021;24/2/2021;Miercoles;17:30:00;;0.0;2;Moto/Ciclomotor,Automóvil;San Juan Y Salta;4;3;0;1;0;0;Calle;SANTA FE;La Capital;Asfalto;No existe;I;Dentro;Urbana;Otra Señal;No existe;Intersección;Bueno;Buena;Diurna;Buen Tiempo;Múltiple;S/D;Colisión;Ninguna;Horizontal,Vertical
1449;2021;24/2/2021;Miercoles;20:00:00;;0.0;2;Moto/Ciclomotor,Moto/Ciclomotor;Maipú Y Obrero;3;3;0;0;0;0;Calle;LAGUNA PAIVA;La Capital;Asfalto;No existe;I;Dentro;Urbana;Otra Señal;No existe;Intersección;Bueno;Buena;Nocturna;Buen Tiempo;Múltiple;S/D;Colisión;Ninguna;Faltante
1450;2021;24/2/2021;Miercoles;23:30:00;Ruta Provincial 5;0.0;2;Automóvil,Bicicleta;CAMINO RURAL ;2;1;0;1;0;0;Ruta;SANTA FE;La Capital;Asfalto;Natural;I;Dentro;Rural;Otra Señal;No existe;Intersección;Bueno;Buena;Nocturna;Buen Tiempo;Múltiple;Ciclista;Colisión;Ninguna;Horizontal
1451;2021;24/2/2021;Miercoles;20:15:00;Autovía Nacional 168;0.0;2;Automóvil,Moto/Ciclomotor; ;2;1;0;1;0;0;Autovía;SANTA FE;La Capital;Asfalto;Natural;I;Dentro;Rural;Otra Señal;No existe;Recta;Bueno;S/D;Nocturna;S/D;Múltiple;S/D;Colisión;Ninguna;Faltante
1452;2021;24/2/2021;Miercoles;08:00:00;;0.0;1;Moto/Ciclomotor;Av. Wheelwright Y Dorrego;1;1;0;0;0;0;Avenida;ROSARIO;Rosario;Asfalto;No existe;II;Dentro;Urbana;Otra Señal;No existe;Intersección;Bueno;S/D;Diurna;S/D;Múltiple;S/D;Colisión;S/D;Horizontal,Vertical
1453;2021;24/2/2021;Miercoles;11:00:00;;0.0;2;Automóvil,Automóvil;Paraguay Y Pasco;2;1;0;0;0;1;Calle;ROSARIO;Rosario;Asfalto;No existe;II;Dentro;Urbana;Otra Señal;No existe;Intersección;Bueno;S/D;Diurna;S/D;Múltiple;S/D;Colisión;S/D;Faltante
1454;2021;24/2/2021;Miercoles;20:00:00;;0.0;1;Automóvil;Mariano Moreno Y Urquiza;1;1;0;0;0;0;Calle;ROSARIO;Rosario;Asfalto;No existe;II;Dentro;Urbana;Otra Señal;No existe;Intersección;Bueno;S/D;Nocturna;S/D;Múltiple;S/D;Colisión;S/D;Horizontal,Vertical
1455;2021;24/2/2021;Miercoles;17:15:00;;0.0;2;Peatón,Otros;Callao 1323;2;1;0;0;0;1;Calle;ROSARIO;Rosario;Asfalto;No existe;II;Dentro;Urbana;Otra Señal;Funciona;Intersección;Bueno;S/D;Diurna;S/D;Múltiple;S/D;Colisión;S/D;Horizontal,Vertical
1456;2021;24/2/2021;Miercoles;23:00:00;;0.0;1;Bicicleta; ;1;1;0;0;0;0;S/D;ROSARIO;Rosario;S/D;S/D;II;S/D;S/D;Otra Señal;S/D;Intersección;S/D;S/D;Nocturna;S/D;Múltiple;S/D;Colisión;S/D;S/D
1457;2021;24/2/2021;Miercoles;00:15:00;;0.0;1;Moto/Ciclomotor; ;1;1;0;0;0;0;S/D;ROSARIO;Constitución;S/D;S/D;II;S/D;S/D;Otra Señal;S/D;Intersección;S/D;S/D;Nocturna;S/D;Múltiple;S/D;Colisión;S/D;S/D
1458;2021;24/2/2021;Miercoles;21:15:00;;0.0;1;Bicicleta; ;1;1;0;0;0;0;S/D;ROSARIO;Constitución;S/D;S/D;II;S/D;S/D;Otra Señal;S/D;Intersección;S/D;S/D;S/D;S/D;Múltiple;S/D;Colisión;S/D;S/D
1459;2021;24/2/2021;Miercoles;20:45:00;Ruta Provincial 1;120.0;1;Moto/Ciclomotor; ;1;0;0;0;0;0;Ruta;COLONIA MASCIAS;Constitución;Asfalto;Natural;VII;Fuera;Urbana;Otra Señal;No existe;Intersección;Otro;Reducida;Diurna;Buen Tiempo;Múltiple;S/D;Colisión;Material Suelto;Faltante
1460;2021;24/2/2021;Miercoles;15:20:00;;0.0;2;Automóvil,Moto/Ciclomotor;Formosa Y Humberto I;3;1;0;1;0;0;Avenida;ROSARIO;Constitución;Asfalto;No existe;II;Dentro;Urbana;Otra Señal;No existe;Intersección;Bueno;Buena;Diurna;Buen Tiempo;Múltiple;S/D;Colisión;Ninguna;Faltante
1461;2021;24/2/2021;Miercoles;09:30:00;Autopista Nacional A008;0.0;1;Moto/Ciclomotor;Av. Circunvalación Y Av. Jorge Newbery;1;0;0;0;0;0;Autopista;ROSARIO;Constitución;Asfalto;Natural;II;Dentro;Urbana;Otra Señal;No existe;Intersección;Bueno;Buena;Diurna;S/D;Múltiple;S/D;Colisión;Ninguna;Horizontal
1462;2021;24/2/2021;Miercoles;21:00:00;;0.0;2;Moto/Ciclomotor,Automóvil;7 de Octubre 1500;2;0;0;1;0;0;Calle;CAÑADA DE GÓMEZ;Constitución;Asfalto;No existe;X;Dentro;Urbana;Otra Señal;No existe;Intersección;Bueno;Buena;Nocturna;Buen Tiempo;Múltiple;S/D;Colisión;Ninguna;Faltante
1463;2021;24/2/2021;Miercoles;;;0.0;1;Moto/Ciclomotor;14 de Julio Y Bv G L Lehmann;1;0;0;0;0;0;Avenida;RAFAELA;Constitución;Asfalto;No existe;V;Dentro;Urbana;Otra Señal;No existe;Intersección;Bueno;Buena;Atardecer;Buen Tiempo;Múltiple;S/D;Colisión;Ninguna;Horizontal,Vertical
1464;2021;25/2/2021;Jueves;07:00:00;Ruta Nacional 9;0.0;2;Moto/Ciclomotor,Automóvil;Angelone Y Ruta Nacional 9;3;1;0;2;0;0;Ruta;FUNES;Rosario;Asfalto;Natural;II;Dentro;Urbana;Ninguna;No existe;Intersección;Bueno;Buena;Diurna;Buen Tiempo;S/D;S/D;Colisión;Ninguna;Faltante
1465;2021;25/2/2021;Jueves;18:15:00;;0.0;2;Bicicleta,Moto/Ciclomotor;Bv. Bouchard ;2;1;0;1;0;0;Avenida;ROSARIO;Rosario;Asfalto;S/D;II;Dentro;Urbana;Ninguna;S/D;Intersección;S/D;S/D;Diurna;S/D;S/D;Ciclista;Colisión;S/D;S/D
1466;2021;25/2/2021;Jueves;18:50:00;;0.0;2;Moto/Ciclomotor,Bicicleta;Santa Fe 245;2;2;0;0;0;0;Calle;ARRUFÓ;San CRISTÓBAL;Asfalto;No existe;XIII;Dentro;Urbana;Otra Señal;No existe;Intersección;Bueno;Buena;Diurna;Buen Tiempo;S/D;Ciclista;Colisión;Ninguna;Faltante
1467;2021;25/2/2021;Jueves;10:50:00;;0.0;2;Moto/Ciclomotor,Automóvil;Ricchieri Y Rioja;2;1;0;1;0;0;Calle;ROSARIO;Rosario;Asfalto;No existe;II;Dentro;Urbana;Otra Señal;No existe;Intersección;Bueno;Buena;Diurna;Buen Tiempo;S/D;S/D;Colisión;Ninguna;Horizontal
1468;2021;25/2/2021;Jueves;10:35:00;;0.0;2;Automóvil,Bicicleta;Av. Belgrano 208;2;1;0;1;0;0;Avenida;ROSARIO;Rosario;Asfalto;No existe;II;Dentro;Urbana;Otra Señal;No existe;Intersección;Bueno;Buena;Diurna;Buen Tiempo;S/D;Ciclista;Colisión;Ninguna;Horizontal
1469;2021;25/2/2021;Jueves;12:20:00;Ruta Provincial 70;0.0;2;Bicicleta,Moto/Ciclomotor;A Aufranc 1000;2;1;0;1;0;0;Ruta;ESPERANZA;Las Colonias;Asfalto;No existe;XI;Dentro;Urbana;Otra Señal;No existe;Intersección;Bueno;Buena;Diurna;Buen Tiempo;Múltiple;Ciclista;Colisión;Ninguna;Horizontal
1470;2021;25/2/2021;Jueves;08:30:00;Autopista Nacional A008;0.0;5;Automóvil,Automóvil,Automóvil,Automóvil,Automóvil;Av. Circunvalación Y Av. Pellegrini;8;1;0;7;0;0;Autopista;ROSARIO;Rosario;Asfalto;Pavimento;II;Dentro;Urbana;Otra Señal;No existe;Intersección;Bueno;Buena;Diurna;Buen Tiempo;Múltiple;S/D;Colisión;Ninguna;Faltante
1471;2021;25/2/2021;Jueves;09:25:00;;0.0;2;Automóvil,Bicicleta;Jujuy Y Tucumán;2;1;0;1;0;0;Calle;CAPITÁN BERMÚDEZ;San Lorenzo;Asfalto;No existe;XVII;Dentro;Urbana;Otra Señal;No existe;Intersección;Bueno;Buena;Diurna;Buen Tiempo;Múltiple;Ciclista;Colisión;Ninguna;Faltante
1472;2021;25/2/2021;Jueves;16:45:00;;0.0;2;Moto/Ciclomotor,Peatón;Belgrano Y Rivadavia;2;1;0;1;0;0;Avenida;PUERTO SAN MARTÍN;San Lorenzo;Asfalto;No existe;XVII;Dentro;Urbana;Otra Señal;No existe;Intersección;Deteriorada;Buena;Diurna;Buen Tiempo;Múltiple;Peatón;Colisión;Ninguna;Horizontal
1473;2021;25/2/2021;Jueves;18:40:00;;0.0;2;Moto/Ciclomotor,Pickup/Utilitario;Bv Centeno ;2;1;0;1;0;0;Avenida;CENTENO;San JERÓNIMO;S/D;S/D;XV;Dentro;Urbana;Otra Señal;S/D;Intersección;S/D;S/D;Atardecer;S/D;Múltiple;S/D;Colisión;S/D;S/D
1474;2021;25/2/2021;Jueves;;;0.0;2;Automóvil,Moto/Ciclomotor;Buenos Aires Y Cornelio Saavedra;2;1;0;1;0;0;Calle;CASILDA;Caseros;Asfalto;No existe;IV;Dentro;Urbana;Otra Señal;No existe;Intersección;Bueno;S/D;S/D;S/D;Múltiple;S/D;Colisión;Ninguna;Faltante
1475;2021;25/2/2021;Jueves;;;0.0;2;Automóvil,Moto/Ciclomotor;Dante Alighieri Y Mariano Moreno;2;1;0;1;0;0;Calle;CASILDA;Caseros;Asfalto;No existe;IV;Dentro;Urbana;Otra Señal;No existe;Intersección;Bueno;S/D;S/D;S/D;Múltiple;S/D;Colisión;Ninguna;Faltante
1476;2021;25/2/2021;Jueves;09:10:00;;0.0;3;Peatón,Automóvil,Automóvil;Boulevard Lisandro de la Torre Y 1 de Mayo;3;1;0;2;0;0;Avenida;CASILDA;Caseros;Asfalto;No existe;IV;Dentro;Urbana;Otra Señal;No existe;Intersección;Bueno;Buena;Diurna;Buen Tiempo;Múltiple;Peatón;Colisión;Ninguna;Faltante
1477;2021;25/2/2021;Jueves;07:15:00;;0.0;2;Automóvil,Moto/Ciclomotor;Casiano Casas 1900;2;1;0;1;0;0;Calle;ROSARIO;Rosario;Asfalto;No existe;II;Dentro;Urbana;Otra Señal;No existe;Intersección;Bueno;Buena;Diurna;Buen Tiempo;Múltiple;S/D;Colisión;Ninguna;Faltante
1478;2021;25/2/2021;Jueves;10:37:00;;0.0;2;Moto/Ciclomotor,Moto/Ciclomotor;2 de Abril Y Los Andes;2;2;0;0;0;0;Calle;VENADO TUERTO;General LÓPEZ;Asfalto,Tierra;No existe;VIII;Dentro;Urbana;Otra Señal;No existe;Intersección;Bueno;Buena;Diurna;Buen Tiempo;Múltiple;S/D;Colisión;Ninguna;Faltante
1479;2021;25/2/2021;Jueves;20:00:00;;0.0;2;Moto/Ciclomotor,Automóvil;Av. Brasil Y Av. Roque Sáenz PEÑA;2;1;0;1;0;0;Avenida;RAFAELA;Castellanos;Asfalto;No existe;V;Dentro;Urbana;Otra Señal;No existe;Intersección;Bueno;Buena;Nocturna;Buen Tiempo;Múltiple;S/D;Colisión;Ninguna;Faltante
1480;2021;25/2/2021;Jueves;08:40:00;;0.0;2;Moto/Ciclomotor,Automóvil;Bartolomé Mitre Y Gral. Manuel Belgrano;2;1;0;1;0;0;Calle;VENADO TUERTO;General LÓPEZ;Asfalto;No existe;VIII;Dentro;Urbana;Otra Señal;No existe;Intersección;Bueno;Buena;Diurna;Buen Tiempo;Múltiple;S/D;Colisión;Ninguna;Vertical
1481;2021;25/2/2021;Jueves;23:07:00;;0.0;2;Pickup/Utilitario,Moto/Ciclomotor;Italia Y Iturraspe;2;1;0;1;0;0;Calle;VENADO TUERTO;General LÓPEZ;Asfalto;No existe;VIII;Dentro;Urbana;Otra Señal;No existe;Intersección;Bueno;Buena;Diurna;Buen Tiempo;Múltiple;S/D;Colisión;Ninguna;Faltante
1482;2021;25/2/2021;Jueves;;;0.0;2;Moto/Ciclomotor,Automóvil;Mitre Y Pedro Centeno;2;1;0;1;0;0;Calle;SANTA FE;La Capital;Asfalto;No existe;I;Dentro;Urbana;Otra Señal;No existe;Intersección;Bueno;S/D;S/D;S/D;Múltiple;S/D;Colisión;Ninguna;Faltante
1483;2021;25/2/2021;Jueves;17:00:00;Autopista Nacional A007;0.0;2;Automóvil,Moto/Ciclomotor;Diego Núñez ;2;1;0;1;0;0;Autopista;SANTA FE;La Capital;Asfalto;Pavimento;I;Dentro;Urbana;Otra Señal;No existe;Intersección;Con baches;Buena;Atardecer;Buen Tiempo;Múltiple;S/D;Colisión;Ninguna;Horizontal,Vertical
1484;2021;25/2/2021;Jueves;19:10:00;;0.0;2;Moto/Ciclomotor,Automóvil;J Castelli Y Rivadavia;3;2;0;1;0;0;Calle;SANTA FE;La Capital;Asfalto;No existe;I;Dentro;Urbana;Otra Señal;No existe;Intersección;Bueno;Buena;Atardecer;Buen Tiempo;Múltiple;S/D;Colisión;Ninguna;Vertical
1485;2021;25/2/2021;Jueves;06:25:00;Ruta Nacional 11;418.0;2;Bicicleta,Pickup/Utilitario;Av. L de la Torre-Ruta Nac 11 ;6;0;0;5;1;0;Ruta;CORONDA;San JERÓNIMO;Asfalto;Natural;XV;S/D;Rural;Otra Señal;No existe;Intersección;Bueno;Buena;Nocturna;Buen Tiempo;De alcance,Múltiple;Ciclista;Colisión;S/D;Faltante
1486;2021;25/2/2021;Jueves;00:05:00;;0.0;1;Moto/Ciclomotor; ;1;1;0;0;0;0;S/D;ROSARIO;Rosario;S/D;S/D;II;S/D;S/D;Otra Señal;S/D;Intersección;S/D;S/D;Nocturna;S/D;Múltiple;S/D;Colisión;S/D;S/D
1487;2021;25/2/2021;Jueves;13:30:00;;0.0;1;Bicicleta;Bv. Oroño Y Cochabamba;1;1;0;0;0;0;Avenida;ROSARIO;Rosario;Asfalto;No existe;II;Dentro;Urbana;Otra Señal;No existe;Intersección;Bueno;S/D;Diurna;S/D;Múltiple;S/D;Colisión;S/D;Horizontal,Vertical
1488;2021;25/2/2021;Jueves;19:00:00;;0.0;1;Moto/Ciclomotor;Bv. Avellaneda Y Bv. Seguí;1;1;0;0;0;0;Avenida;ROSARIO;Rosario;Asfalto;No existe;II;Dentro;Urbana;Otra Señal;Funciona;Intersección;Bueno;S/D;Nocturna;S/D;Múltiple;S/D;Colisión;S/D;Horizontal,Vertical
1489;2021;25/2/2021;Jueves;12:00:00;;0.0;2;Moto/Ciclomotor,Pickup/Utilitario;Bv. Oroño Y Garibaldi;2;1;0;0;0;1;Avenida;ROSARIO;Rosario;Asfalto;No existe;II;Dentro;Urbana;Otra Señal;Funciona;Intersección;Bueno;S/D;Diurna;S/D;Múltiple;S/D;Colisión;S/D;Horizontal,Vertical
1490;2021;25/2/2021;Jueves;;;0.0;1;Otros;Sarmiento ;1;0;0;0;1;0;S/D;TEODELINA;Constitución;S/D;S/D;VIII;S/D;Urbana;Otra Señal;S/D;Intersección;S/D;S/D;S/D;S/D;Múltiple;S/D;Colisión;S/D;S/D
1491;2021;25/2/2021;Jueves;11:00:00;;0.0;1;Moto/Ciclomotor; ;1;1;0;0;0;0;S/D;ROSARIO;Constitución;S/D;S/D;II;S/D;S/D;Otra Señal;S/D;Intersección;S/D;S/D;Diurna;S/D;Múltiple;S/D;Colisión;S/D;S/D