ID_Accidente;A�o;Fecha;Dia;Hopra;Ruta/Autop;km;Participantes;Tipo;Lugar;Total;Heridos Leves;Heridos Graves;Ilesos;Fallecidos;Sin datos;desc_tipo_via;desc_loc;desc_dpto;|;desc_tipo_banquina;desc_unidad_regional;desc_lugar_calzada;desc_zona;desc_prioridad;desc_estado_semaforo;desc_lugar_via;desc_estado_via;desc_estado_visibilidad;desc_luminosidad;desc_estado_clima;desc_tipo_colision;desc_tipo_atropello;desc_tipo_hecho;desc_pres_calzada;desc_senializacion
1492;2021;25/2/2021;Jueves;13:30:00;;0.0;1;Moto/Ciclomotor; ;1;1;0;0;0;0;S/D;ROSARIO;Constitución;S/D;S/D;II;S/D;S/D;Otra Señal;S/D;Intersección;S/D;S/D;Diurna;S/D;Múltiple;S/D;Colisión;S/D;S/D
1493;2021;25/2/2021;Jueves;21:30:00;;0.0;1;Moto/Ciclomotor; ;1;1;0;0;0;0;S/D;ROSARIO;Constitución;S/D;S/D;II;S/D;S/D;Otra Señal;S/D;Intersección;S/D;S/D;Nocturna;S/D;Múltiple;S/D;Colisión;S/D;S/D
1494;2021;25/2/2021;Jueves;19:00:00;Ruta Nacional 98;0.0;2;Moto/Ciclomotor,Bicicleta; ;4;3;0;0;0;0;Ruta;VERA;Constitución;Asfalto;Natural;XIX;Dentro;Rural;Otra Señal;No existe;Intersección;Bueno;Buena;Diurna;Buen Tiempo;Múltiple;Ciclista;Colisión;Ninguna;Faltante
1495;2021;25/2/2021;Jueves;11:35:00;Ruta Provincial 2;0.0;1;Moto/Ciclomotor;Pastor Barrios 1000;1;0;0;0;0;0;Ruta;LAGUNA PAIVA;Constitución;Asfalto;No existe;I;Dentro;Urbana;Otra Señal;No existe;Intersección;Bueno;Buena;Diurna;Buen Tiempo;Múltiple;S/D;Colisión;Ninguna;Faltante
1496;2021;26/2/2021;Viernes;12:20:00;;0.0;2;Automóvil,Moto/Ciclomotor;Av. Pellegrini Y Camilo Aldao;2;1;0;1;0;0;Avenida;ROSARIO;Rosario;Asfalto;No existe;II;Dentro;Urbana;Otra Señal;Funciona;Intersección;Bueno;Buena;Diurna;Buen Tiempo;Lateral;S/D;Colisión;Ninguna;Horizontal,Vertical
1497;2021;26/2/2021;Viernes;10:15:00;;0.0;2;Bicicleta,Automóvil;Bv. 27 De Febrero Y Vera Mujica;2;1;0;1;0;0;Avenida;ROSARIO;Rosario;Asfalto;No existe;II;Dentro;Urbana;Otra Señal;Funciona;Intersección;Bueno;Buena;Diurna;Buen Tiempo;S/D;Ciclista;Colisión;Ninguna;Horizontal,Vertical
1498;2021;26/2/2021;Viernes;15:15:00;;0.0;2;Automóvil,Moto/Ciclomotor;Bv. Avellaneda Y Cochabamba;2;1;0;1;0;0;Avenida;ROSARIO;Rosario;Asfalto;No existe;II;Dentro;Urbana;Otra Señal;No existe;Intersección;Bueno;Buena;Diurna;Buen Tiempo;Lateral;S/D;Colisión;Ninguna;Horizontal
1499;2021;26/2/2021;Viernes;13:25:00;;0.0;2;Peatón,Automóvil;Paraguay Y Uruguay;2;1;0;0;0;1;Calle;ROSARIO;Rosario;Asfalto;No existe;II;Dentro;Urbana;Otra Señal;No existe;Intersección;Bueno;Buena;Diurna;Buen Tiempo;S/D;Peatón;Colisión;Ninguna;Vertical
1500;2021;26/2/2021;Viernes;21:30:00;;0.0;2;Automóvil,Bicicleta;Colombres Y Feliciano Silva;2;1;0;1;0;0;Calle;SAN LORENZO;San Lorenzo;Asfalto;No existe;XVII;Dentro;Urbana;Otra Señal;No existe;Intersección;Bueno;S/D;Nocturna,Con luz artificial;S/D;Múltiple;Ciclista;Colisión;Ninguna;Faltante
1501;2021;26/2/2021;Viernes;12:20:00;;0.0;2;Moto/Ciclomotor,Moto/Ciclomotor;Belgrano Y Simón de Iriondo;2;1;0;1;0;0;Calle;LAS ROSAS;Belgrano;Asfalto;No existe;III;Dentro;Urbana;Otra Señal;No existe;Intersección;Bueno;Buena;Diurna;Buen Tiempo;Múltiple;S/D;Colisión;Ninguna;Faltante
1502;2021;26/2/2021;Viernes;17:30:00;;0.0;2;Moto/Ciclomotor,Automóvil;J B Alberdi Y Mendoza;2;1;0;1;0;0;Calle;PUERTO SAN MARTÍN;San Lorenzo;Asfalto;No existe;XVII;Dentro;Urbana;Otra Señal;No existe;Intersección;Bueno;Buena;Diurna;Buen Tiempo;Múltiple;S/D;Colisión;Ninguna;Horizontal
1503;2021;26/2/2021;Viernes;;;0.0;2;Moto/Ciclomotor,Pickup/Utilitario; ;2;1;0;1;0;0;Calle;SAN JERÓNIMO NORTE;Las Colonias;S/D;S/D;XI;Dentro;Urbana;Otra Señal;S/D;Intersección;S/D;S/D;S/D;S/D;Múltiple;S/D;Colisión;S/D;S/D
1504;2021;26/2/2021;Viernes;;;0.0;2;Moto/Ciclomotor,Automóvil;Azcuénaga Y Colon;2;1;0;0;0;1;Calle;RUFINO;General LÓPEZ;Asfalto;S/D;VIII;Dentro;Urbana;Otra Señal;S/D;Intersección;S/D;S/D;S/D;S/D;Múltiple;S/D;Colisión;S/D;S/D
1505;2021;26/2/2021;Viernes;;;0.0;2;Pickup/Utilitario,Moto/Ciclomotor;Hugo Wast Y Reinares;2;1;0;1;0;0;Avenida;SANTA FE;La Capital;Asfalto;No existe;I;Dentro;Urbana;Otra Señal;No existe;Intersección;Bueno;S/D;S/D;S/D;Múltiple;S/D;Colisión;Ninguna;Faltante
1506;2021;26/2/2021;Viernes;;;0.0;1;Moto/Ciclomotor; ;2;1;0;1;0;0;Calle;SANTA FE;La Capital;S/D;S/D;I;Dentro;Urbana;Otra Señal;S/D;Intersección;S/D;S/D;S/D;S/D;Múltiple;S/D;Colisión;S/D;S/D
1507;2021;26/2/2021;Viernes;10:15:00;Ruta Nacional 33;550.0;2;Camión c / Acoplado,Camión c / Acoplado; ;2;2;0;0;0;0;Ruta;RUFINO;General LÓPEZ;Asfalto;No existe;VIII;Dentro;Urbana;Otra Señal;No existe;Intersección;Bueno;Buena;Diurna;Buen Tiempo;Múltiple;S/D;Colisión;Ninguna;Horizontal
1508;2021;26/2/2021;Viernes;;;0.0;2;Pickup/Utilitario,Moto/Ciclomotor;Domingo Silva Y Pedro Alejandro Vittori;2;1;0;1;0;0;Calle;SANTA FE;La Capital;Asfalto;No existe;I;Dentro;Urbana;Otra Señal;Funciona;Intersección;Bueno;S/D;S/D;S/D;Múltiple;S/D;Colisión;Ninguna;Vertical
1509;2021;26/2/2021;Viernes;16:50:00;Ruta Provincial 1;4.5;2;Automóvil,Camión Chasis; ;2;1;0;1;0;0;Ruta;COLASTINE;La Capital;Asfalto;No existe;I;Dentro;Urbana;Otra Señal;Funciona;Recta;Bueno;Buena;Diurna;Buen Tiempo;Múltiple;S/D;Colisión;Ninguna;Horizontal,Vertical
1510;2021;26/2/2021;Viernes;15:15:00;;0.0;2;Moto/Ciclomotor,Pickup/Utilitario;Av. Gral. Paz Y Ricardo Aldao;2;1;0;1;0;0;Avenida;SANTA FE;La Capital;Asfalto;No existe;I;Dentro;Urbana;Otra Señal;No existe;Intersección;Bueno;Buena;Diurna;Buen Tiempo;Múltiple;S/D;Colisión;Ninguna;Faltante
1511;2021;26/2/2021;Viernes;23:50:00;Autovía Nacional 168;5.0;2;Moto/Ciclomotor,Camión; ;2;1;0;1;0;0;Autovía;LA GUARDIA;La Capital;Asfalto;Pavimento;I;Dentro;Rural;Otra Señal;No existe;Puente;Bueno;Reducida;Nocturna,Con luz artificial;Buen Tiempo;Múltiple;S/D;Colisión;Ninguna;Horizontal
1512;2021;26/2/2021;Viernes;23:45:00;Ruta Provincial 2;295.0;1;Camión c / Acoplado; ;1;1;0;0;0;0;Ruta;JUAN DE GARAY;9 de Julio;Asfalto;Natural;XII;Fuera;Rural;Otra Señal;No existe;Intersección;Bueno;Buena;Nocturna;Buen Tiempo;De alcance,Múltiple;S/D;Colisión;Ninguna;Vertical
1513;2021;26/2/2021;Viernes;08:30:00;;0.0;2;Moto/Ciclomotor,Automóvil;2 de Abril Y Misiones;2;1;0;1;0;0;Calle;TOSTADO;9 de Julio;Ripio;No existe;XII;Dentro;Urbana;Otra Señal;No existe;Intersección;Bueno;Buena;Diurna;Buen Tiempo;De alcance,Múltiple;S/D;Colisión;Ninguna;Faltante
1514;2021;26/2/2021;Viernes;10:35:00;;0.0;2;Moto/Ciclomotor,Otros;6 de Caballería Y Carlos Silvestre Begnis;2;1;0;1;0;0;Calle;TOSTADO;9 de Julio;Asfalto,Ripio;Natural;XII;Dentro;Urbana;Otra Señal;No existe;Intersección;Bueno;Buena;Diurna;Buen Tiempo;De alcance,Múltiple;S/D;Colisión;Ninguna;Faltante
1515;2021;26/2/2021;Viernes;18:35:00;;0.0;2;Moto/Ciclomotor,Moto/Ciclomotor;Av. Fray Luis Beltrán Y Yapeyu;4;3;0;0;1;0;Avenida;FRAY LUIS BELTRÁN;San Lorenzo;Hormigón;No existe;XVII;S/D;Urbana;Otra Señal;No existe;Intersección;Bueno;S/D;Diurna;S/D;De alcance,Múltiple;S/D;Colisión;Ninguna;Faltante
1516;2021;26/2/2021;Viernes;20:30:00;Ruta Nacional 34;155.5;2;Automóvil,Camión c / Acoplado;Ruta Nac 34 Gral. Güemes ;2;0;0;1;1;0;Ruta;RAFAELA;Castellanos;Asfalto;Pavimento;V;S/D;Rural;Otra Señal;No existe;Intersección;Bueno;S/D;Nocturna;S/D;De alcance,Múltiple;S/D;Colisión;Ninguna;Faltante
1517;2021;26/2/2021;Viernes;16:30:00;;0.0;2;Moto/Ciclomotor,Moto/Ciclomotor;Bolívar Y E Zeballos;2;1;0;1;0;0;Calle;SUNCHALES;Castellanos;Asfalto;No existe;V;S/D;Urbana;Otra Señal;No existe;Intersección;Bueno;Buena;Diurna;Buen Tiempo;Múltiple;S/D;Colisión;Ninguna;Faltante
1518;2021;26/2/2021;Viernes;16:00:00;;0.0;2;Moto/Ciclomotor,Moto/Ciclomotor; ;2;1;0;0;0;1;S/D;ROSARIO;Rosario;S/D;S/D;II;S/D;S/D;Otra Señal;S/D;Intersección;S/D;S/D;Diurna;S/D;Múltiple;S/D;Colisión;S/D;S/D
1519;2021;26/2/2021;Viernes;11:30:00;;0.0;1;Bicicleta;Av. Pellegrini Y Bv. Avellaneda;1;1;0;0;0;0;Avenida;ROSARIO;Rosario;Asfalto;No existe;II;Dentro;Urbana;Otra Señal;Funciona;Intersección;Bueno;S/D;Diurna;S/D;Múltiple;S/D;Colisión;S/D;Horizontal,Vertical
1520;2021;26/2/2021;Viernes;18:00:00;;0.0;1;Otros;Gaboto Y Mitre;1;1;0;0;0;0;Calle;ROSARIO;Rosario;Asfalto;No existe;II;Dentro;Urbana;Otra Señal;No existe;Intersección;Bueno;S/D;Diurna;S/D;Múltiple;Peatón;Colisión;S/D;Faltante
1521;2021;26/2/2021;Viernes;08:00:00;Autopista Nacional A008;0.0;2;Automóvil,Moto/Ciclomotor;Av. Circunvalación ;2;1;0;0;0;1;Autopista;ROSARIO;Rosario;Asfalto;S/D;II;Dentro;Urbana;Otra Señal;S/D;Intersección;S/D;S/D;Diurna;S/D;Múltiple;S/D;Colisión;S/D;Horizontal
1522;2021;26/2/2021;Viernes;13:00:00;;0.0;2;Automóvil,Automóvil;Av. Pellegrini Y Av. Ovidio Lagos;2;1;0;0;0;1;Avenida;ROSARIO;Rosario;Asfalto;No existe;II;Dentro;Urbana;Otra Señal;Funciona;Intersección;Bueno;S/D;Diurna;S/D;Múltiple;S/D;Colisión;Ninguna;Horizontal,Vertical
1523;2021;26/2/2021;Viernes;12:30:00;;0.0;2;Moto/Ciclomotor,Automóvil;Bv. 27 De Febrero 7000;2;0;0;1;0;0;Avenida;ROSARIO;Constitución;Asfalto;No existe;II;Dentro;Urbana;Otra Señal;Funciona;Intersección;Bueno;Buena;Diurna;Buen Tiempo;Múltiple;S/D;Colisión;Ninguna;Horizontal,Vertical
1524;2021;26/2/2021;Viernes;14:30:00;;0.0;2;Moto/Ciclomotor,Pickup/Utilitario;Juan de Garay Y San Martin;2;0;0;1;0;0;Calle;PILAR;Constitución;Asfalto;No existe;XI;Dentro;Urbana;Otra Señal;No existe;Intersección;Bueno;Buena;Diurna;Buen Tiempo;Múltiple;S/D;Colisión;Ninguna;Faltante
1525;2021;26/2/2021;Viernes;11:25:00;;0.0;2;Moto/Ciclomotor,Pickup/Utilitario;Bolívar Y Zavalia;3;1;0;1;0;0;Calle;SANTA FE;Constitución;Asfalto;No existe;I;Dentro;Urbana;Otra Señal;No existe;Intersección;Bueno;Buena;Diurna;Buen Tiempo;Múltiple;S/D;Colisión;Ninguna;Faltante
1526;2021;27/2/2021;Sabado;19:30:00;Ruta Provincial 1;0.0;2;Moto/Ciclomotor,Pickup/Utilitario;Primera Junta Y Ruta Provic 1;3;2;0;1;0;0;Ruta;SANTA ROSA DE CALCHINES;Garay;Asfalto;No existe;VII;Dentro;Urbana;Paso Peatonal;No existe;Intersección;Bueno;Buena;Atardecer;Buen Tiempo;S/D;S/D;Colisión;Ninguna;Horizontal,Vertical
1527;2021;27/2/2021;Sabado;21:30:00;;0.0;2;Automóvil,Bicicleta;AV CISNEROS  5520;2;1;0;1;0;0;Avenida;ROSARIO;Rosario;Asfalto;No existe;II;Dentro;Urbana;Otra Señal;No existe;Intersección;Bueno;Buena;Nocturna,Con luz artificial;Buen Tiempo;S/D;Ciclista;Colisión;Ninguna;Faltante
1528;2021;27/2/2021;Sabado;02:20:00;;0.0;1;Moto/Ciclomotor;Carlos Bosch Y Simón de Iriondo;1;1;0;0;0;0;Calle;ESPERANZA;Las Colonias;Asfalto;No existe;XI;Dentro;Urbana;Otra Señal;No existe;Intersección;Bueno;Buena;Nocturna,Con luz artificial;Buen Tiempo;Múltiple;S/D;Colisión;Ninguna;Faltante
1529;2021;27/2/2021;Sabado;15:45:00;;0.0;2;Moto/Ciclomotor,Moto/Ciclomotor;Alvear Y Estanislao López;2;2;0;0;0;0;Calle;VERA;Vera;Tierra;No existe;XIX;Dentro;Urbana;Otra Señal;No existe;Intersección;Bueno;Buena;Diurna;Buen Tiempo;Múltiple;S/D;Colisión;Ninguna;Faltante
1530;2021;27/2/2021;Sabado;12:15:00;;0.0;2;Pickup/Utilitario,Moto/Ciclomotor;Boulevard Lisandro de la Torre Y General Bartolomé Mitre;3;2;0;1;0;0;Avenida;CASILDA;Caseros;Asfalto;No existe;IV;Dentro;Urbana;Otra Señal;No existe;Intersección;Bueno;S/D;Diurna;S/D;Múltiple;S/D;Colisión;Ninguna;Horizontal
1531;2021;27/2/2021;Sabado;;;0.0;1;Moto/Ciclomotor;Av. Argentina 5624;2;2;0;0;0;0;Avenida;ROSARIO;Rosario;Tierra;No existe;II;Dentro;Urbana;Otra Señal;No existe;Intersección;Bueno;S/D;S/D;S/D;Múltiple;S/D;Colisión;Ninguna;Faltante
1532;2021;27/2/2021;Sabado;;;0.0;2;Automóvil,Automóvil;J Macia Y Lisandro de La Torre;2;1;0;1;0;0;Calle;SANTO TOMÉ;La Capital;Asfalto;No existe;I;Dentro;Urbana;Otra Señal;No existe;Intersección;Bueno;S/D;S/D;Buen Tiempo;Múltiple;S/D;Colisión;Ninguna;Faltante
1533;2021;27/2/2021;Sabado;23:30:00;;0.0;1;Moto/Ciclomotor;General Belgrano 1580;1;1;0;0;0;0;Avenida;SAN CARLOS NORTE;Las Colonias;Asfalto;No existe;XI;Dentro;Urbana;Otra Señal;S/D;Intersección;Bueno;Buena;Diurna;Buen Tiempo;Múltiple;S/D;Colisión;Ninguna;S/D
1534;2021;27/2/2021;Sabado;16:47:00;;0.0;1;Moto/Ciclomotor;Ricardo Salvadores Y San Luis;1;1;0;0;0;0;Calle;VENADO TUERTO;General LÓPEZ;Tierra;No existe;VIII;Dentro;Urbana;Otra Señal;No existe;Intersección;Bueno;Buena;Diurna;Buen Tiempo;Múltiple;S/D;Colisión;Ninguna;Faltante
1535;2021;27/2/2021;Sabado;13:10:00;;0.0;1;Moto/Ciclomotor;Domingo Pardal Y Justo José de Urquiza;1;1;0;0;0;0;Calle;VENADO TUERTO;General LÓPEZ;Tierra;No existe;VIII;Dentro;Urbana;Otra Señal;No existe;Intersección;Bueno;Buena;Diurna;Buen Tiempo;Múltiple;S/D;Colisión;Ninguna;Faltante
1536;2021;27/2/2021;Sabado;12:55:00;;0.0;2;Moto/Ciclomotor,Automóvil;Miguel de Azcuénaga Y Roque Sáenz PEÑA;2;1;0;1;0;0;Calle;VENADO TUERTO;General LÓPEZ;Asfalto;No existe;VIII;Dentro;Urbana;Otra Señal;No existe;Intersección;Bueno;Buena;Diurna;Buen Tiempo;Múltiple;S/D;Colisión;Ninguna;Faltante
1537;2021;27/2/2021;Sabado;16:30:00;;0.0;2;Moto/Ciclomotor,Automóvil;Av. Blas Parera Y M De Polonia;2;0;0;0;0;2;Avenida;SANTA FE;La Capital;Asfalto;No existe;I;Dentro;Urbana;Otra Señal;Funciona;Intersección;Bueno;Buena;Diurna;Buen Tiempo;Múltiple;S/D;Colisión;Ninguna;Horizontal
1538;2021;27/2/2021;Sabado;19:50:00;Ruta Provincial 1;0.0;2;Moto/Ciclomotor,Automóvil;SAN FRANCISCO Y RP 1;2;1;0;0;0;1;Ruta;COLASTINE;La Capital;Asfalto;No existe;I;Dentro;Urbana;Otra Señal;Funciona;Intersección;Bueno;Buena;Atardecer;Buen Tiempo;Múltiple;S/D;Colisión;Ninguna;Vertical
1539;2021;27/2/2021;Sabado;09:00:00;;0.0;2;Moto/Ciclomotor,Automóvil;9 de Julio Y Belgrano;2;1;0;1;0;0;Calle;LAGUNA PAIVA;La Capital;Ripio;No existe;I;Dentro;Urbana;Otra Señal;No existe;Intersección;Bueno;Buena;Diurna;Buen Tiempo;Múltiple;S/D;Colisión;Ninguna;Faltante
1540;2021;27/2/2021;Sabado;06:10:00;Ruta Provincial 10;138.0;2;Camión c / Acoplado,Automóvil;Ruta Prov. 10 ;2;1;0;0;1;0;Ruta;SANTA CLARA DE BUENA VISTA;Las Colonias;Asfalto;Natural;XI;Dentro;Rural;Otra Señal;No existe;Intersección;Bueno;Buena;Amanecer;Buen Tiempo;De alcance,Múltiple;S/D;Colisión;Ninguna;Vertical
1541;2021;27/2/2021;Sabado;03:15:00;;0.0;2;Moto/Ciclomotor,Moto/Ciclomotor;Salta Y Italia;2;1;0;0;1;0;Calle;LAS ROSAS;Belgrano;Asfalto;No existe;III;S/D;Urbana;Otra Señal;No existe;Intersección;Bueno;Buena;Nocturna;Buen Tiempo;De alcance,Múltiple;S/D;Colisión;Ninguna;Vertical
1542;2021;27/2/2021;Sabado;05:00:00;Autopista Provincial Brigadier E.LÓPEZ;0.0;1;Moto/Ciclomotor;Av. Circunvalación ;1;1;0;0;0;0;Autopista;ROSARIO;Rosario;Asfalto;Pavimento;II;Dentro;Urbana;Otra Señal;No existe;Intersección;Bueno;S/D;Nocturna;S/D;Múltiple;S/D;Colisión;S/D;Horizontal
1543;2021;27/2/2021;Sabado;23:00:00;;0.0;1;Bicicleta;Barra Y Viamonte;1;1;0;0;0;0;Calle;ROSARIO;Rosario;Asfalto;No existe;II;Dentro;Urbana;Otra Señal;No existe;Intersección;Bueno;S/D;Nocturna;S/D;Múltiple;S/D;Colisión;S/D;Faltante
1544;2021;27/2/2021;Sabado;13:30:00;;0.0;1;Moto/Ciclomotor; ;1;1;0;0;0;0;S/D;ROSARIO;Constitución;S/D;S/D;II;S/D;S/D;Otra Señal;S/D;Intersección;S/D;S/D;Diurna;S/D;Múltiple;S/D;Colisión;S/D;S/D
1545;2021;27/2/2021;Sabado;13:15:00;;0.0;2;Moto/Ciclomotor,Moto/Ciclomotor;Belgrano Y Gobernador Aldao;4;3;0;0;0;0;Calle;CERES;Constitución;Asfalto;No existe;XIII;Dentro;Urbana;Otra Señal;No existe;Intersección;Bueno;Buena;Diurna;Buen Tiempo;Múltiple;S/D;Colisión;Ninguna;Faltante
1546;2021;27/2/2021;Sabado;18:00:00;;0.0;1;Moto/Ciclomotor;Pérez de Denis Gregoria Y Vera Mujica;1;0;0;0;0;0;Calle;CERES;Constitución;Tierra;No existe;XIII;Dentro;Urbana;Otra Señal;No existe;Intersección;Bueno;Buena;Diurna;Buen Tiempo;Múltiple;S/D;Colisión;S/D;Faltante
1547;2021;27/2/2021;Sabado;20:00:00;;0.0;2;Moto/Ciclomotor,Automóvil;Buenos Aires Y Rca Oriental del Uruguay;2;0;0;1;0;0;Calle;SANTO TOMÉ;Constitución;Asfalto;No existe;I;Dentro;Urbana;Otra Señal;No existe;Intersección;Bueno;Buena;Nocturna;Buen Tiempo;Múltiple;S/D;Colisión;Ninguna;Faltante
1548;2021;27/2/2021;Sabado;07:30:00;;0.0;1;Moto/Ciclomotor; ;1;0;0;0;0;0;S/D;VILLA GOBERNADOR GÁLVEZ;Constitución;S/D;S/D;II;S/D;S/D;Otra Señal;S/D;Intersección;S/D;S/D;Diurna;S/D;Múltiple;S/D;Colisión;S/D;S/D
1549;2021;27/2/2021;Sabado;11:15:00;;0.0;2;Automóvil,Moto/Ciclomotor;Biedma Y Dorrego;2;0;0;0;0;1;Calle;ROSARIO;Constitución;Asfalto;No existe;II;Dentro;Urbana;Otra Señal;No existe;Intersección;Bueno;S/D;Diurna;S/D;Múltiple;S/D;Colisión;S/D;Faltante
1550;2021;27/2/2021;Sabado;13:00:00;;0.0;1;Moto/Ciclomotor;Av. Corrientes Y Cochabamba;1;0;0;0;0;0;Avenida;ROSARIO;Constitución;Asfalto;No existe;II;Dentro;Urbana;Otra Señal;No existe;Intersección;Bueno;S/D;Diurna;S/D;Múltiple;S/D;Colisión;S/D;Horizontal
1551;2021;28/2/2021;Domingo;23:30:00;;0.0;1;Moto/Ciclomotor;CAMINO RURAL ;1;1;0;0;0;0;Camino Rural;HELVECIA;Garay;Tierra;No existe;VII;Dentro;Rural;Ninguna;No existe;Intersección;Deteriorada;Buena;Nocturna;Buen Tiempo;S/D;S/D;Colisión;S/D;Faltante
1552;2021;28/2/2021;Domingo;01:25:00;;0.0;2;Moto/Ciclomotor,Taxi/Remis;Av. Battle y Ordoñez Y España;3;2;0;1;0;0;Avenida;ROSARIO;Rosario;Asfalto;No existe;II;Dentro;Urbana;Otra Señal;Funciona;Intersección;Bueno;Buena;Nocturna,Con luz artificial;Buen Tiempo;Múltiple;S/D;Colisión;Ninguna;Horizontal,Vertical
1553;2021;28/2/2021;Domingo;13:40:00;;0.0;2;Moto/Ciclomotor,Automóvil;Santa Fe ;3;2;0;1;0;0;Calle;VERA;Vera;Tierra;No existe;XIX;Dentro;Urbana;Otra Señal;No existe;Intersección;Bueno;Buena;Diurna;Buen Tiempo;Múltiple;S/D;Colisión;Ninguna;Faltante
1554;2021;28/2/2021;Domingo;04:10:00;Ruta Nacional 11;0.0;2;Moto/Ciclomotor,Automóvil;Bv Oroño Y Dorrego;5;2;0;3;0;0;Ruta;SAN LORENZO;San Lorenzo;Asfalto;No existe;XVII;Dentro;Urbana;Otra Señal;Funciona;Intersección;Bueno;Buena;Nocturna,Con luz artificial;Buen Tiempo;Múltiple;S/D;Colisión;Ninguna;Horizontal,Vertical
1555;2021;28/2/2021;Domingo;05:30:00;;0.0;1;Moto/Ciclomotor;CAMINO RURAL ;1;1;0;0;0;0;Camino Rural;LAS ROSAS;Belgrano;Asfalto;No existe;III;Dentro;Rural;Otra Señal;No existe;Intersección;Ahuellamiento;Reducida;Nocturna;Buen Tiempo;Múltiple;S/D;Colisión;Ninguna;Faltante
1556;2021;28/2/2021;Domingo;07:30:00;;0.0;1;Moto/Ciclomotor;CURVA ACCESO A LA AUTOPISTA ;3;2;0;0;0;1;Calle;CAÑADA DE GÓMEZ;Iriondo;Asfalto;No existe;X;Dentro;Rural;Otra Señal;No existe;Intersección;Bueno;Buena;Diurna;Buen Tiempo;Múltiple;S/D;Colisión;Ninguna;Horizontal
1557;2021;28/2/2021;Domingo;;;0.0;2;Moto/Ciclomotor,Tracción animal / Carro;B Geuna 3400;3;1;0;2;0;0;Calle;RAFAELA;Castellanos;Asfalto,Tierra;No existe;V;Dentro;Urbana;Otra Señal;No existe;Intersección;Bueno;Buena;S/D;Buen Tiempo;Múltiple;S/D;Colisión;Ninguna;Faltante
1558;2021;28/2/2021;Domingo;08:30:00;;0.0;2;Automóvil,Moto/Ciclomotor;Almafuerte Y Chacabuco;3;2;0;1;0;0;Calle;VENADO TUERTO;General LÓPEZ;Asfalto;No existe;VIII;Dentro;Urbana;Otra Señal;No existe;Intersección;Bueno;Buena;Diurna;Buen Tiempo;Múltiple;S/D;Colisión;Ninguna;Faltante
1559;2021;28/2/2021;Domingo;00:40:00;;0.0;2;Moto/Ciclomotor,Moto/Ciclomotor;Hipólito Irigoyen Y Junín;3;3;0;0;0;0;Avenida;VENADO TUERTO;General LÓPEZ;Asfalto;No existe;VIII;Dentro;Urbana;Otra Señal;No existe;Intersección;Bueno;Buena;Nocturna;Buen Tiempo;Múltiple;S/D;Colisión;Ninguna;Faltante
1560;2021;28/2/2021;Domingo;00:05:00;;0.0;2;Moto/Ciclomotor,Automóvil;Gral. Manuel Belgrano Y Maipú;2;1;0;1;0;0;Calle;VENADO TUERTO;General LÓPEZ;Asfalto;No existe;VIII;Dentro;Urbana;Otra Señal;No existe;Intersección;Bueno;Buena;Nocturna;Buen Tiempo;Múltiple;S/D;Colisión;Ninguna;Vertical
1561;2021;28/2/2021;Domingo;14:50:00;;0.0;1;Automóvil;Joaquín Argosnz Y Neuquén;3;3;0;0;0;0;Calle;VENADO TUERTO;General LÓPEZ;Tierra;No existe;VIII;Dentro;Urbana;Otra Señal;No existe;Intersección;Bueno;Buena;Diurna;Buen Tiempo;Múltiple;S/D;Colisión;Ninguna;Faltante
1562;2021;28/2/2021;Domingo;22:50:00;Ruta Provincial 1;8.0;2;Automóvil,Peatón; ;2;1;0;1;0;0;Ruta;SANTA FE;La Capital;Asfalto;Natural;I;Dentro;Urbana;Otra Señal;Funciona;Recta;Bueno;Buena;Nocturna;Buen Tiempo;Múltiple;Peatón;Colisión;Ninguna;Horizontal,Vertical
1563;2021;28/2/2021;Domingo;23:50:00;Ruta Provincial 70;37.0;2;Automóvil,Moto/Ciclomotor;Ruta Nac nro. 70 ;2;1;0;0;1;0;Ruta;HUMBOLDT;Las Colonias;Asfalto;Natural;XI;Dentro;Rural;Otra Señal;No existe;Intersección;Bueno;Reducida;Nocturna;Buen Tiempo;De alcance,Múltiple;S/D;Colisión;Ninguna;Vertical
1564;2021;28/2/2021;Domingo;21:15:00;Ruta Provincial 1;288.0;2;Moto/Ciclomotor,Automóvil;Ruta Provincial 1 ;3;1;0;1;1;0;Ruta;LOS LAURELES;General Obligado;Asfalto;Natural;IX;S/D;Rural;Otra Señal;No existe;Intersección;Bueno;S/D;Nocturna;S/D;De alcance,Múltiple;S/D;Colisión;Ninguna;Faltante
1565;2021;28/2/2021;Domingo;19:00:00;;0.0;2;Moto/Ciclomotor,Pickup/Utilitario;Calle 19-Habegger Y Calle 32 - Amenábar;2;1;0;0;0;1;Calle;RECONQUISTA;General Obligado;Asfalto;No existe;IX;Dentro;Urbana;Otra Señal;No existe;Intersección;Bueno;Buena;Atardecer;Buen Tiempo;Múltiple;S/D;Colisión;Ninguna;Faltante