ID_Accidente;A�o;Fecha;Dia;Hopra;Ruta/Autop;km;Participantes;Tipo;Lugar;Total;Heridos Leves;Heridos Graves;Ilesos;Fallecidos;Sin datos;desc_tipo_via;desc_loc;desc_dpto;|;desc_tipo_banquina;desc_unidad_regional;desc_lugar_calzada;desc_zona;desc_prioridad;desc_estado_semaforo;desc_lugar_via;desc_estado_via;desc_estado_visibilidad;desc_luminosidad;desc_estado_clima;desc_tipo_colision;desc_tipo_atropello;desc_tipo_hecho;desc_pres_calzada;desc_senializacion
1566;2021;28/2/2021;Domingo;07:30:00;;0.0;1;Moto/Ciclomotor; ;2;2;0;0;0;0;Camino Rural;HUMBERTO 1°;Castellanos;Tierra;No existe;V;Dentro;Rural;Otra Señal;No existe;Intersección;Bueno;Buena;Amanecer;Buen Tiempo;Múltiple;S/D;Colisión;Ninguna;Faltante
1567;2021;28/2/2021;Domingo;04:00:00;;0.0;1;Moto/Ciclomotor; ;1;1;0;0;0;0;S/D;ROSARIO;Rosario;S/D;S/D;II;S/D;Urbana;Otra Señal;S/D;Intersección;S/D;S/D;Nocturna;S/D;Múltiple;S/D;Colisión;S/D;S/D
1568;2021;28/2/2021;Domingo;09:00:00;;0.0;2;Moto/Ciclomotor,Moto/Ciclomotor;Cerrito Y Nicaragua;2;2;0;0;0;0;Calle;ROSARIO;Rosario;Asfalto;No existe;II;Dentro;Urbana;Otra Señal;No existe;Intersección;Bueno;S/D;Diurna;S/D;Múltiple;S/D;Colisión;S/D;Faltante
1569;2021;28/2/2021;Domingo;17:00:00;;0.0;2;Automóvil,Bicicleta;Gutenberg Y Santa Fe;2;1;0;0;0;1;Calle;ROSARIO;Rosario;Asfalto;No existe;II;Dentro;Urbana;Otra Señal;Funciona;Intersección;Bueno;S/D;Diurna;S/D;Múltiple;Ciclista;Colisión;S/D;Horizontal,Vertical
1570;2021;28/2/2021;Domingo;09:00:00;;0.0;2;Automóvil,Automóvil;Brown Y Dorrego;2;1;0;0;0;1;Calle;ROSARIO;Rosario;Asfalto;No existe;II;Dentro;Urbana;Otra Señal;No existe;Intersección;Bueno;S/D;Diurna;S/D;Múltiple;S/D;Colisión;S/D;Horizontal,Vertical
1571;2021;28/2/2021;Domingo;22:00:00;;0.0;1;Moto/Ciclomotor;Bv. Rondeau Y Washington;1;1;0;0;0;0;Avenida;ROSARIO;Rosario;Asfalto;No existe;II;Dentro;Urbana;Otra Señal;Funciona;Intersección;Bueno;S/D;Nocturna;S/D;Múltiple;S/D;Colisión;S/D;Horizontal,Vertical
1572;2021;28/2/2021;Domingo;00:05:00;;0.0;1;Moto/Ciclomotor;Sánchez de Bustamante Y San Martin;1;1;0;0;0;0;Calle;ROSARIO;Rosario;Asfalto;No existe;II;Dentro;Urbana;Otra Señal;Funciona;Intersección;Bueno;Buena;Nocturna;S/D;Múltiple;S/D;Colisión;S/D;Horizontal,Vertical
1573;2021;28/2/2021;Domingo;11:45:00;;0.0;1;Automóvil; ;3;2;0;1;0;0;Camino Rural;EMPALME VILLA CONSTITUCIÓN;Constitución;Tierra;No existe;V;Dentro;Rural;Otra Señal;No existe;Intersección;Ahuellamiento;Buena;Diurna;Buen Tiempo;Múltiple;S/D;Colisión;Ninguna;Faltante
1574;2021;28/2/2021;Domingo;01:45:00;;0.0;2;Moto/Ciclomotor,Automóvil;Castellanos Y Laprida;3;1;0;2;0;0;Calle;SAN JOSÉ DE LA ESQUINA;Constitución;Asfalto;No existe;IV;Dentro;Urbana;Otra Señal;No existe;Intersección;Bueno;Buena;Nocturna;Buen Tiempo;Múltiple;S/D;Colisión;Ninguna;Faltante
1575;2021;28/2/2021;Domingo;11:30:00;;0.0;1;Moto/Ciclomotor; ;1;1;0;0;0;0;S/D;ROSARIO;Constitución;S/D;S/D;II;S/D;S/D;Otra Señal;S/D;Intersección;S/D;S/D;Diurna;S/D;Múltiple;S/D;Colisión;S/D;S/D
1576;2021;28/2/2021;Domingo;20:00:00;;0.0;1;Bicicleta; ;1;1;0;0;0;0;S/D;ROSARIO;Constitución;S/D;S/D;II;S/D;S/D;Otra Señal;S/D;Intersección;S/D;S/D;Nocturna;S/D;Múltiple;S/D;Colisión;S/D;S/D
1577;2021;28/2/2021;Domingo;07:50:00;;0.0;1;Moto/Ciclomotor;La Rioja Y San Martin;1;0;0;0;0;0;Calle;VERA;Constitución;Ripio;No existe;XIX;Dentro;Urbana;Otra Señal;No existe;Intersección;Bueno;Buena;Diurna;S/D;Múltiple;S/D;Colisión;Ninguna;Faltante
1578;2021;28/2/2021;Domingo;;Ruta Secundaria 24-s;0.0;2;Automóvil,Moto/Ciclomotor;Calle 94 Y Camino Interprovincial;6;1;0;4;0;0;Ruta;FRONTERA;Constitución;Asfalto;No existe;V;Dentro;Urbana;Otra Señal;Funciona;Intersección;Bueno;Buena;Diurna;Buen Tiempo;Múltiple;S/D;Colisión;Ninguna;Vertical
1579;2021;28/2/2021;Domingo;;;0.0;2;Moto/Ciclomotor,Peatón;Necochea 900;2;0;0;1;0;0;Calle;RAFAELA;Constitución;Asfalto;No existe;V;Dentro;Urbana;Otra Señal;No existe;Intersección;Bueno;Buena;Diurna;Buen Tiempo;Múltiple;Peatón;Colisión;Ninguna;Faltante
1580;2021;28/2/2021;Domingo;15:00:00;;0.0;1;Moto/Ciclomotor;Bv. Rondeau 3100;1;0;0;0;0;0;Avenida;ROSARIO;Constitución;Asfalto;No existe;II;Dentro;Urbana;Otra Señal;No existe;Intersección;Bueno;S/D;Diurna;S/D;Múltiple;S/D;Colisión;S/D;Horizontal
1581;2021;1/3/2021;Lunes;21:10:00;;0.0;1;Otros; ;2;2;0;0;0;0;S/D;ROSARIO;Rosario;S/D;S/D;II;S/D;S/D;S/D;S/D;Intersección;S/D;S/D;S/D;S/D;S/D;S/D;Colisión;S/D;S/D
1582;2021;1/3/2021;Lunes;08:20:00;;0.0;2;Pickup/Utilitario,Camión Chasis;Montevideo Y Buenos Aires;2;1;0;1;0;0;S/D;ROSARIO;Rosario;S/D;S/D;II;Dentro;Urbana;Otra Señal;S/D;Intersección;S/D;S/D;S/D;S/D;Múltiple;S/D;Colisión;S/D;S/D
1583;2021;1/3/2021;Lunes;01:00:00;;0.0;2;Moto/Ciclomotor,Pickup/Utilitario;Av. Avellaneda B Y Centeno;2;1;0;1;0;0;Avenida;ROSARIO;Rosario;Asfalto;No existe;II;Dentro;Urbana;Otra Señal;No existe;Intersección;Bueno;Buena;Nocturna;Buen Tiempo;Múltiple;S/D;Colisión;Ninguna;Faltante
1584;2021;1/3/2021;Lunes;18:15:00;;0.0;2;Moto/Ciclomotor,Automóvil;J.J.Paso Y Barra;2;1;0;1;0;0;Avenida;ROSARIO;Rosario;Asfalto;S/D;II;Dentro;Urbana;Otra Señal;No existe;Intersección;Bueno;Buena;Diurna;Buen Tiempo;Múltiple;S/D;Colisión;Ninguna;Faltante
1585;2021;1/3/2021;Lunes;;;0.0;2;Moto/Ciclomotor,Moto/Ciclomotor;Belgrano Manuel Y San Lorenzo;2;1;0;1;0;0;Calle;SAN CARLOS CENTRO;Las Colonias;Asfalto;No existe;XI;Dentro;Urbana;Otra Señal;No existe;Recta;Bueno;Buena;Diurna;Buen Tiempo;Múltiple;S/D;Colisión;Ninguna;S/D
1586;2021;1/3/2021;Lunes;13:00:00;Ruta Provincial 1;0.0;2;Moto/Ciclomotor,Automóvil; ;2;1;0;1;0;0;Ruta;COLASTINE;La Capital;Asfalto;Ripio;I;Dentro;Urbana;Otra Señal;Funciona;Recta;Bueno;Buena;Atardecer;Buen Tiempo;Múltiple;S/D;Colisión;Ninguna;Vertical
1587;2021;1/3/2021;Lunes;12:10:00;;0.0;2;Automóvil,Moto/Ciclomotor;Sarmiento Y Crespo;3;2;0;1;0;0;Calle;PROGRESO;Las Colonias;Asfalto;No existe;XI;Dentro;Urbana;Otra Señal;No existe;Intersección;Bueno;Buena;Diurna;Buen Tiempo;Múltiple;S/D;Colisión;Ninguna;Horizontal
1588;2021;1/3/2021;Lunes;17:55:00;;0.0;2;Moto/Ciclomotor,Automóvil;Cruz Roje Argentina Y Corrientes;2;1;0;1;0;0;Calle;SANTA FE;La Capital;S/D;S/D;I;S/D;Urbana;Otra Señal;S/D;S/D;S/D;S/D;S/D;S/D;Múltiple;S/D;Colisión;S/D;S/D
1589;2021;1/3/2021;Lunes;18:45:00;;0.0;1;Moto/Ciclomotor; ;1;1;0;0;0;0;Camino Rural;CAÑADA OMBÚ;Vera;Tierra;Natural;XIX;S/D;Rural;Otra Señal;No existe;Recta;Ahuellamiento;Buena;S/D;Buen Tiempo;Múltiple;S/D;Colisión;Ninguna;S/D
1590;2021;1/3/2021;Lunes;12:10:00;;0.0;2;Bicicleta,Camión Chasis;Lehman 900;2;1;0;1;0;0;Calle;RECREO;La Capital;Hormigón;No existe;I;Dentro;Urbana;Otra Señal;No existe;Recta;Bueno;Buena;Diurna;Buen Tiempo;Múltiple;Ciclista;Colisión;Ninguna;Faltante
1591;2021;1/3/2021;Lunes;08:45:00;;0.0;2;Moto/Ciclomotor,Otros;Av. López y Planes 4400;2;1;0;0;0;1;Avenida;SANTA FE;La Capital;Asfalto;No existe;I;S/D;Urbana;Otra Señal;Funciona;Recta;Bueno;Buena;Diurna;Buen Tiempo;Múltiple;S/D;Colisión;Ninguna;Vertical
1592;2021;1/3/2021;Lunes;06:20:00;;0.0;2;Moto/Ciclomotor,Camión Chasis;Av. Circunvalación ;2;1;0;1;0;0;S/D;SANTA FE;La Capital;Hormigón;Natural;I;S/D;S/D;Otra Señal;No existe;Recta;Bueno;Buena;Amanecer;Buen Tiempo;Múltiple;S/D;Colisión;Ninguna;Vertical
1593;2021;1/3/2021;Lunes;10:15:00;;0.0;2;Moto/Ciclomotor,Automóvil;Vera Mujica Y O'Higgins;2;1;0;1;0;0;Calle;SANTA FE;La Capital;Asfalto;Pavimento;I;Dentro;Urbana;Otra Señal;No existe;Intersección;Bueno;Buena;Diurna;Buen Tiempo;Múltiple;S/D;Colisión;Ninguna;Faltante
1594;2021;1/3/2021;Lunes;10:15:00;;0.0;1;Moto/Ciclomotor; ;1;1;0;0;0;0;S/D;SANTO TOMÉ;La Capital;S/D;S/D;I;S/D;S/D;Otra Señal;S/D;S/D;S/D;S/D;S/D;S/D;Múltiple;S/D;Colisión;S/D;S/D
1595;2021;1/3/2021;Lunes;;;0.0;2;Moto/Ciclomotor,Moto/Ciclomotor; ;2;1;0;0;0;1;S/D;ESPERANZA;Las Colonias;S/D;S/D;XI;S/D;S/D;Otra Señal;S/D;S/D;S/D;S/D;S/D;S/D;Múltiple;S/D;Colisión;S/D;S/D
1596;2021;1/3/2021;Lunes;04:10:00;;0.0;2;Moto/Ciclomotor,Automóvil;Bv Oroño Y Dorrego;5;2;0;3;0;0;S/D;SAN LORENZO;San Lorenzo;S/D;S/D;XVII;S/D;S/D;Otra Señal;S/D;S/D;S/D;S/D;S/D;S/D;Múltiple;S/D;Colisión;S/D;S/D
1597;2021;1/3/2021;Lunes;;;0.0;2;Bicicleta,Automóvil;Boulevard Lisandro de la Torre ;2;1;0;1;0;0;S/D;CASILDA;Caseros;S/D;S/D;IV;S/D;S/D;Otra Señal;S/D;S/D;S/D;S/D;S/D;S/D;Múltiple;Ciclista;Colisión;S/D;S/D
1598;2021;1/3/2021;Lunes;09:30:00;;0.0;2;Moto/Ciclomotor,Automóvil;Calle 24 - Olessio Y Calle 27-Gdor Freyre;4;3;0;1;0;0;S/D;RECONQUISTA;General Obligado;S/D;S/D;IX;S/D;S/D;Otra Señal;S/D;S/D;S/D;S/D;S/D;S/D;Múltiple;S/D;Colisión;S/D;S/D
1599;2021;1/3/2021;Lunes;09:30:00;;0.0;2;Moto/Ciclomotor,Moto/Ciclomotor;Calle 4 - Ledesma Y Calle 15-Patricio Diez;2;1;0;1;0;0;S/D;RECONQUISTA;General Obligado;S/D;S/D;IX;S/D;S/D;Otra Señal;S/D;S/D;S/D;S/D;S/D;S/D;Múltiple;S/D;Colisión;S/D;S/D
1600;2021;1/3/2021;Lunes;10:05:00;;0.0;2;Bicicleta,Pickup/Utilitario;PARQUE INDUSTRIAL ;2;1;0;1;0;0;S/D;RECONQUISTA;General Obligado;S/D;S/D;IX;S/D;S/D;Otra Señal;S/D;S/D;S/D;S/D;S/D;S/D;Múltiple;Ciclista;Colisión;S/D;S/D
1601;2021;1/3/2021;Lunes;15:20:00;Ruta Nacional A009;0.0;2;Moto/Ciclomotor,Moto/Ciclomotor;Calle 105-Alicia Moreau ;2;2;0;0;0;0;Ruta;RECONQUISTA;General Obligado;S/D;S/D;IX;S/D;S/D;Otra Señal;S/D;S/D;S/D;S/D;S/D;S/D;Múltiple;S/D;Colisión;S/D;S/D
1602;2021;1/3/2021;Lunes;10:30:00;Autopista Nacional A008;0.0;2;Automóvil,Automóvil;Av. de Circunvalación Y Nogues;2;1;0;1;0;0;Autopista;VILLA GOBERNADOR GÁLVEZ;Rosario;Asfalto;No existe;II;S/D;Urbana;Otra Señal;No existe;Recta;Bueno;Buena;Diurna;S/D;De alcance,Múltiple;S/D;Colisión;Ninguna;Faltante
1603;2021;1/3/2021;Lunes;06:00:00;;0.0;1;Moto/Ciclomotor;J.J.Paso Y Francia F;1;1;0;0;0;0;Calle;ROSARIO;Constitución;Asfalto;S/D;II;Dentro;Urbana;Otra Señal;S/D;Intersección;S/D;S/D;Amanecer;S/D;Múltiple;S/D;Colisión;S/D;S/D
1604;2021;1/3/2021;Lunes;06:10:00;;0.0;1;Moto/Ciclomotor; ;1;1;0;0;0;0;S/D;ROSARIO;Constitución;S/D;S/D;II;S/D;S/D;Otra Señal;S/D;Intersección;S/D;S/D;Diurna;S/D;Múltiple;S/D;Colisión;S/D;S/D
1605;2021;1/3/2021;Lunes;13:30:00;;0.0;1;Automóvil;Av. Ovidio Lagos F Y F.More;2;2;0;0;0;0;Avenida;ROSARIO;Constitución;Asfalto;S/D;II;Dentro;Urbana;Otra Señal;S/D;Intersección;S/D;S/D;Atardecer;S/D;Múltiple;S/D;Colisión;S/D;S/D
1606;2021;1/3/2021;Lunes;18:45:00;Ruta Secundaria 293-s;0.0;1;Moto/Ciclomotor; ;1;0;0;0;0;0;Ruta;SANTA MARGARITA;Constitución;Asfalto;Natural;XII;Fuera;Rural;Otra Señal;No existe;Intersección;Bueno;Buena;Atardecer;Buen Tiempo;Múltiple;S/D;Colisión;Ninguna;Faltante
1607;2021;1/3/2021;Lunes;16:45:00;;0.0;2;Bicicleta,Automóvil;Santa Fe 4726;2;0;0;1;0;0;S/D;ROSARIO;Constitución;S/D;S/D;II;S/D;S/D;Otra Señal;S/D;Intersección;S/D;S/D;S/D;S/D;Múltiple;S/D;Colisión;S/D;S/D
1608;2021;1/3/2021;Lunes;;;0.0;1;Moto/Ciclomotor;Sarmiento ;1;0;0;0;0;0;S/D;SAN JUSTO;Constitución;S/D;S/D;XVI;S/D;S/D;Otra Señal;S/D;Intersección;S/D;S/D;S/D;S/D;Múltiple;S/D;Colisión;S/D;S/D
1609;2021;1/3/2021;Lunes;;Autopista Provincial Brigadier E.LÓPEZ;0.0;2;Automóvil,Camión; ;2;0;0;1;0;0;Autopista;SANTA FE;Constitución;S/D;S/D;I;S/D;S/D;Otra Señal;S/D;Intersección;S/D;S/D;S/D;S/D;Múltiple;S/D;Colisión;S/D;S/D
1610;2021;2/3/2021;Martes;12:50:00;Ruta Provincial 2;0.0;2;Camión c / Acoplado,Pickup/Utilitario; ;3;2;0;1;0;0;Ruta;LAS AVISPAS;San CRISTÓBAL;Tierra,Ripio;Ripio;XIII;Dentro;S/D;Policía de tránsito;No existe;Intersección;Otro;Reducida polvo;Diurna;Buen Tiempo;Otro;S/D;Colisión;Material Suelto;Faltante
1611;2021;2/3/2021;Martes;13:00:00;;0.0;2;Automóvil,Automóvil;San Martin Y Hilarion de la Quintana;3;1;0;2;0;0;Calle;ROSARIO;Rosario;Asfalto;Pavimento;II;S/D;Urbana;Semáforo;Funciona;Intersección;Bueno;Buena;Diurna;Buen Tiempo;Contra objeto fijo;S/D;Colisión;Ninguna;Horizontal,Vertical
1612;2021;2/3/2021;Martes;14:50:00;;0.0;2;Moto/Ciclomotor,Automóvil;Washington Y Darragueira;3;1;0;0;0;2;S/D;ROSARIO;Rosario;Asfalto;Pavimento;II;S/D;S/D;Otra Señal;No existe;Intersección;Bueno;Buena;Diurna;Buen Tiempo;Lateral;S/D;Colisión;Ninguna;Faltante
1613;2021;2/3/2021;Martes;11:00:00;;0.0;2;Moto/Ciclomotor,Automóvil;Francia F Y Cerrito;3;2;0;1;0;0;Avenida;ROSARIO;Rosario;Asfalto;S/D;II;Dentro;Urbana;Otra Señal;No existe;Intersección;Bueno;Buena;Diurna;Buen Tiempo;Múltiple;S/D;Colisión;Ninguna;Faltante
1614;2021;2/3/2021;Martes;18:40:00;;0.0;2;Bicicleta,Automóvil;Cafferata Y Rioja;2;1;0;1;0;0;Calle;ROSARIO;Rosario;Asfalto;No existe;II;Dentro;S/D;Otra Señal;No existe;Intersección;Bueno;Buena;Diurna;Buen Tiempo;Múltiple;Ciclista;Colisión;Ninguna;Faltante
1615;2021;2/3/2021;Martes;20:00:00;;0.0;2;Moto/Ciclomotor,Automóvil;Uruguay Y Camilo Aldao;3;2;0;1;0;0;Calle;ROSARIO;Rosario;Asfalto;Pavimento;II;Dentro;Urbana;Otra Señal;No existe;Intersección;Bueno;Buena;Atardecer;Buen Tiempo;Múltiple;S/D;Colisión;Ninguna;Vertical
1616;2021;2/3/2021;Martes;10:20:00;;0.0;2;Moto/Ciclomotor,Automóvil;Av. Ovidio Lagos Y Saavedra;3;2;0;1;0;0;Avenida;ROSARIO;Rosario;Asfalto;No existe;II;S/D;Urbana;Otra Señal;No existe;Intersección;Bueno;Buena;Diurna;Buen Tiempo;Múltiple;S/D;Colisión;Ninguna;Faltante
1617;2021;2/3/2021;Martes;18:30:00;;0.0;2;Automóvil,Bicicleta;Tarragona Y Albarracín;2;1;0;1;0;0;Calle;ROSARIO;Rosario;Asfalto;No existe;II;Dentro;Urbana;Otra Señal;No existe;Intersección;Bueno;Buena;Con luz artificial;Buen Tiempo;Múltiple;Ciclista;Colisión;Ninguna;Faltante
1618;2021;2/3/2021;Martes;21:00:00;Ruta Provincial 21;0.0;2;Moto/Ciclomotor,Pickup/Utilitario; ;2;1;0;0;0;1;Ruta;PUEBLO ESTHER;Rosario;Asfalto;Natural;II;S/D;S/D;Otra Señal;No existe;Intersección;Bueno;Reducida;Nocturna;Otro;Múltiple;S/D;Colisión;Otro;Faltante
1619;2021;2/3/2021;Martes;;;0.0;2;Bicicleta,Automóvil;El Picaflor 382;2;1;0;1;0;0;Calle;PEREZ;Rosario;S/D;No existe;II;S/D;Urbana;Otra Señal;No existe;Otro;Otro;Buena;Diurna;Buen Tiempo;Múltiple;Ciclista;Colisión;Ninguna;Faltante
1620;2021;2/3/2021;Martes;18:20:00;;0.0;2;Moto/Ciclomotor,Automóvil;San Martin Y Gregorio Donnet;2;1;0;1;0;0;Calle;ESPERANZA;Las Colonias;Asfalto;Pavimento;XI;Dentro;Urbana;Otra Señal;No existe;Cruce;Bueno;Buena;Atardecer;Buen Tiempo;Múltiple;S/D;Colisión;Ninguna;S/D
1621;2021;2/3/2021;Martes;05:40:00;Ruta Nacional 11;0.0;1;Pickup/Utilitario; ;4;1;0;3;0;0;Ruta;SAN JUSTO;San Justo;Asfalto;Natural;XVI;S/D;Rural;Otra Señal;No existe;Recta;Bueno;Reducida;Nocturna;Buen Tiempo;Múltiple;S/D;Colisión;Ninguna;Faltante
1622;2021;2/3/2021;Martes;12:15:00;;0.0;2;Pickup/Utilitario,Moto/Ciclomotor;Santa Fe Y N Figueredo;2;1;0;1;0;0;Calle;SAN JUSTO;San Justo;Asfalto;No existe;XVI;Dentro;Urbana;Otra Señal;No existe;Intersección;Bueno;Buena;Con luz artificial;Buen Tiempo;Múltiple;S/D;Colisión;Ninguna;Faltante
1623;2021;2/3/2021;Martes;11:00:00;;0.0;2;Bicicleta,Automóvil;S Martin 2460;3;2;0;1;0;0;Calle;SAN JUSTO;San Justo;Asfalto;No existe;XVI;S/D;Urbana;Otra Señal;No existe;Recta;Bueno;Buena;Diurna;Buen Tiempo;Múltiple;Ciclista;Colisión;Ninguna;Faltante
1624;2021;2/3/2021;Martes;11:20:00;;0.0;2;Automóvil,Moto/Ciclomotor;Alvear Y R S PEÑA;3;1;0;2;0;0;Calle;VERA;Vera;Tierra,Ripio;No existe;XIX;Dentro;Urbana;Otra Señal;No existe;Intersección;Otro;Buena;Diurna;Buen Tiempo;Múltiple;S/D;Colisión;Otro;Faltante
1625;2021;2/3/2021;Martes;00:30:00;;0.0;2;Moto/Ciclomotor,Automóvil;Mariano Moreno ;3;2;0;0;0;1;S/D;CORONDA;San JERÓNIMO;S/D;S/D;XV;S/D;S/D;Otra Señal;S/D;S/D;S/D;S/D;S/D;S/D;Múltiple;S/D;Colisión;S/D;S/D
1626;2021;2/3/2021;Martes;;;0.0;2;Moto/Ciclomotor,Automóvil;Av. Peñaloza ;2;1;0;1;0;0;S/D;SANTA FE;La Capital;S/D;S/D;I;S/D;S/D;Otra Señal;S/D;S/D;S/D;S/D;S/D;S/D;Múltiple;S/D;Colisión;S/D;S/D
1627;2021;2/3/2021;Martes;17:40:00;;0.0;2;Moto/Ciclomotor,Pickup/Utilitario;Mendoza Y Novarro;2;1;0;1;0;0;S/D;GABOTO;San JERÓNIMO;S/D;S/D;XV;S/D;S/D;Otra Señal;S/D;S/D;S/D;S/D;S/D;S/D;Múltiple;S/D;Colisión;S/D;S/D
1628;2021;2/3/2021;Martes;13:10:00;;0.0;2;Moto/Ciclomotor,Automóvil;Falucho Y Córdoba;3;1;0;2;0;0;Calle;PUERTO SAN MARTÍN;San Lorenzo;Asfalto;No existe;XVII;Dentro;Urbana;Otra Señal;No existe;Intersección;Bueno;Buena;Diurna;Buen Tiempo;De alcance,Múltiple;S/D;Colisión;Ninguna;Horizontal
1629;2021;2/3/2021;Martes;23:30:00;;0.0;2;Moto/Ciclomotor,Automóvil;San Luis Y Pitón;2;1;0;1;0;0;Calle;PUERTO SAN MARTÍN;San Lorenzo;Asfalto;No existe;XVII;Dentro;Urbana;Otra Señal;No existe;Intersección;Bueno;Buena;Nocturna;Buen Tiempo;De alcance,Múltiple;S/D;Colisión;Ninguna;Horizontal
1630;2021;2/3/2021;Martes;18:30:00;;0.0;2;Moto/Ciclomotor,Moto/Ciclomotor;Independencia Y Sarmiento;2;2;0;0;0;0;Calle;LAGUNA PAIVA;La Capital;Ripio;No existe;I;S/D;Urbana;Otra Señal;No existe;Intersección;Bueno;Buena;Diurna;Buen Tiempo;Múltiple;S/D;Colisión;Ninguna;Faltante
1631;2021;2/3/2021;Martes;11:00:00;;0.0;1;Automóvil; ;1;1;0;0;0;0;S/D;ROSARIO;Constitución;S/D;S/D;II;S/D;S/D;Otra Señal;S/D;Intersección;S/D;S/D;Diurna;S/D;Múltiple;S/D;Colisión;S/D;S/D
1632;2021;2/3/2021;Martes;19:00:00;;0.0;1;Moto/Ciclomotor;Av. Uriburu Y Bv. Oroño;1;1;0;0;0;0;Avenida;ROSARIO;Constitución;Asfalto;S/D;II;Dentro;Urbana;Otra Señal;S/D;Intersección;S/D;S/D;Diurna;S/D;Múltiple;S/D;Colisión;S/D;S/D
1633;2021;2/3/2021;Martes;20:00:00;;0.0;1;Moto/Ciclomotor;Pje. Lejarza ;1;1;0;0;0;0;Calle;ROSARIO;Constitución;S/D;S/D;II;Dentro;Urbana;Otra Señal;S/D;Intersección;S/D;S/D;Nocturna;S/D;Múltiple;S/D;Colisión;S/D;S/D
1634;2021;2/3/2021;Martes;;;0.0;1;Moto/Ciclomotor; ;1;1;0;0;0;0;S/D;ROSARIO;Constitución;S/D;S/D;II;S/D;S/D;Otra Señal;S/D;Intersección;S/D;S/D;S/D;S/D;Múltiple;S/D;Colisión;S/D;S/D
1635;2021;2/3/2021;Martes;10:10:00;;0.0;2;Automóvil,Automóvil;Bv. Seguí Y Valparaíso;3;0;0;2;0;0;S/D;ROSARIO;Constitución;Asfalto;Pavimento;II;Dentro;Urbana;Otra Señal;No existe;Intersección;Bueno;Buena;Diurna;Buen Tiempo;Múltiple;S/D;Colisión;Ninguna;Faltante
1636;2021;2/3/2021;Martes;10:40:00;;0.0;2;Automóvil,Moto/Ciclomotor;Andrade 340;2;0;0;1;0;0;Calle;FIGHIERA;Constitución;Hormigón;No existe;II;S/D;Urbana;Otra Señal;No existe;Intersección;Bueno;Buena;Diurna;Buen Tiempo;Múltiple;S/D;Colisión;Ninguna;Faltante
1637;2021;2/3/2021;Martes;13:10:00;;0.0;2;Automóvil,Moto/Ciclomotor;Ayacucho 5300;3;0;0;1;0;0;S/D;SANTA FE;La Capital;S/D;S/D;I;S/D;S/D;Otra Señal;S/D;Intersección;S/D;S/D;S/D;S/D;Múltiple;S/D;Colisión;S/D;S/D
1638;2021;3/3/2021;Miercoles;23:00:00;;0.0;1;Moto/Ciclomotor;Avenida Tristán Malbrán ;1;1;0;0;0;0;S/D;CERES;San CRISTÓBAL;S/D;S/D;XIII;S/D;S/D;Policía de tránsito;S/D;Intersección;S/D;S/D;S/D;S/D;S/D;S/D;Colisión;S/D;S/D
1639;2021;3/3/2021;Miercoles;10:20:00;;0.0;2;Automóvil,Moto/Ciclomotor;Superi Y Bv. Rondeau;3;1;0;0;0;2;S/D;ROSARIO;Rosario;Asfalto;Pavimento;II;S/D;S/D;Otra Señal;Funciona;Intersección;Bueno;Buena;Diurna;Buen Tiempo;Lateral;S/D;Colisión;Ninguna;S/D
1640;2021;3/3/2021;Miercoles;16:25:00;;0.0;2;Automóvil,Automóvil;Entre Ríos Y Riobamba;2;1;0;1;0;0;S/D;ROSARIO;Rosario;Asfalto;S/D;II;S/D;S/D;Otra Señal;No existe;Intersección;Bueno;Buena;Diurna;Buen Tiempo;Múltiple;S/D;Colisión;Ninguna;Vertical
1641;2021;3/3/2021;Miercoles;;;0.0;2;Bicicleta,Automóvil;Colon 1400;2;1;0;1;0;0;Calle;ROSARIO;Rosario;S/D;S/D;II;S/D;Urbana;Otra Señal;S/D;Intersección;Bueno;S/D;S/D;S/D;Múltiple;Ciclista;Colisión;S/D;S/D
1642;2021;3/3/2021;Miercoles;10:15:00;;0.0;2;Automóvil,Automóvil;J.J.Paso Y Donado;2;1;0;1;0;0;Calle;ROSARIO;Rosario;Asfalto;No existe;II;Dentro;Urbana;Otra Señal;Funciona;Intersección;Bueno;Buena;Diurna;Buen Tiempo;Múltiple;S/D;Colisión;Ninguna;S/D
1643;2021;3/3/2021;Miercoles;19:00:00;;0.0;2;Moto/Ciclomotor,Moto/Ciclomotor;El Jilguero Y Av. Los Talas;2;1;0;0;0;1;Calle;PEREZ;Rosario;Asfalto;No existe;II;S/D;Urbana;Otra Señal;No existe;Intersección;Bueno;Buena;Atardecer;Buen Tiempo;Múltiple;S/D;Colisión;S/D;Faltante
1644;2021;3/3/2021;Miercoles;18:30:00;;0.0;2;Automóvil,Pickup/Utilitario;Belgrano Y A Contini;3;1;0;2;0;0;Calle;NELSON;La Capital;Ripio;No existe;I;Dentro;Urbana;Otra Señal;No existe;Intersección;Bueno;Buena;Atardecer;Buen Tiempo;Múltiple;S/D;Colisión;Ninguna;S/D
1645;2021;3/3/2021;Miercoles;20:00:00;;0.0;2;Moto/Ciclomotor,Automóvil;Av. Urquiza Y Junín;2;1;0;1;0;0;Avenida;SANTA FE;La Capital;Asfalto;S/D;I;S/D;Urbana;Otra Señal;Funciona;Intersección;Bueno;Buena;Nocturna,Con luz artificial;Buen Tiempo;Múltiple;S/D;Colisión;Ninguna;Vertical
1646;2021;3/3/2021;Miercoles;20:15:00;;0.0;2;Moto/Ciclomotor,Automóvil;Roque Sáenz PEÑA Y La Rioja;2;1;0;1;0;0;Calle;SANTA FE;La Capital;Asfalto;No existe;I;S/D;Urbana;Otra Señal;No existe;Intersección;Con baches;Reducida;Nocturna,Con luz artificial;Buen Tiempo;Múltiple;S/D;Colisión;Ninguna;Faltante
1647;2021;3/3/2021;Miercoles;22:30:00;;0.0;2;Automóvil,Moto/Ciclomotor;Pres Domingo Faustino Sarmiento 4100;2;1;0;1;0;0;Calle;SANTO TOMÉ;La Capital;Asfalto;S/D;I;S/D;Urbana;Otra Señal;No existe;Recta;Resbaladiza;Buena;Nocturna;Buen Tiempo;Múltiple;S/D;Colisión;Agua;Faltante