ID_Accidente;A�o;Fecha;Dia;Hopra;Ruta/Autop;km;Participantes;Tipo;Lugar;Total;Heridos Leves;Heridos Graves;Ilesos;Fallecidos;Sin datos;desc_tipo_via;desc_loc;desc_dpto;|;desc_tipo_banquina;desc_unidad_regional;desc_lugar_calzada;desc_zona;desc_prioridad;desc_estado_semaforo;desc_lugar_via;desc_estado_via;desc_estado_visibilidad;desc_luminosidad;desc_estado_clima;desc_tipo_colision;desc_tipo_atropello;desc_tipo_hecho;desc_pres_calzada;desc_senializacion
1648;2021;3/3/2021;Miercoles;00:40:00;;0.0;2;Moto/Ciclomotor,Moto/Ciclomotor;Av. Estrugamou Y Nicolas Avellaneda;3;3;0;0;0;0;S/D;VENADO TUERTO;General LÓPEZ;S/D;S/D;VIII;S/D;S/D;Otra Señal;S/D;S/D;S/D;S/D;S/D;S/D;Múltiple;S/D;Colisión;S/D;S/D
1649;2021;3/3/2021;Miercoles;23:50:00;;0.0;1;Moto/Ciclomotor;Malvinas 900;1;1;0;0;0;0;S/D;VENADO TUERTO;General LÓPEZ;S/D;S/D;VIII;S/D;S/D;Otra Señal;S/D;S/D;S/D;S/D;S/D;S/D;Múltiple;S/D;Colisión;S/D;S/D
1650;2021;3/3/2021;Miercoles;17:55:00;;0.0;2;Pickup/Utilitario,Moto/Ciclomotor;BV HIPÓLITO YRIGOYEN Y IRINEO FACCIOLI;4;2;0;2;0;0;S/D;RECONQUISTA;General Obligado;S/D;S/D;IX;S/D;S/D;Otra Señal;S/D;S/D;S/D;S/D;S/D;S/D;Múltiple;S/D;Colisión;S/D;S/D
1651;2021;3/3/2021;Miercoles;;;0.0;2;Pickup/Utilitario,Tren;Bv. Avellaneda 4500;2;1;0;1;0;0;S/D;ROSARIO;Rosario;S/D;S/D;II;S/D;S/D;Otra Señal;S/D;S/D;S/D;S/D;S/D;S/D;Múltiple;S/D;Colisión;S/D;S/D
1652;2021;3/3/2021;Miercoles;12:00:00;;0.0;1;Bicicleta;Fco Romero 2238;1;1;0;0;0;0;S/D;SAN JUSTO;San Justo;S/D;S/D;XVI;S/D;S/D;Otra Señal;S/D;S/D;S/D;S/D;S/D;S/D;Múltiple;Ciclista;Colisión;S/D;S/D
1653;2021;3/3/2021;Miercoles;17:50:00;;0.0;2;Moto/Ciclomotor,Automóvil;Dorrego Y Silverio Córdoba;2;2;0;0;0;0;S/D;SAN LORENZO;San Lorenzo;Hormigón;S/D;XVII;S/D;Urbana;Otra Señal;S/D;Intersección;Bueno;Buena;Diurna;Buen Tiempo;De alcance,Múltiple;S/D;Colisión;Ninguna;S/D
1654;2021;3/3/2021;Miercoles;14:00:00;;0.0;2;Pickup/Utilitario,Bicicleta;Calle 12 Y Calle 17;2;1;0;1;0;0;Calle;LAS TOSCAS;General Obligado;Asfalto;Pavimento;IX;Dentro;Urbana;Otra Señal;No existe;Intersección;Bueno;Buena;Diurna;Buen Tiempo;Múltiple;Ciclista;Colisión;Ninguna;S/D
1655;2021;3/3/2021;Miercoles;01:00:00;;0.0;1;Bicicleta;Av. Provincias Unidas Y Monte Flores;1;1;0;0;0;0;Calle;ROSARIO;Constitución;Asfalto;S/D;II;Dentro;Urbana;Otra Señal;S/D;Intersección;S/D;S/D;Nocturna;S/D;Múltiple;S/D;Colisión;S/D;S/D
1656;2021;3/3/2021;Miercoles;;;0.0;1;Moto/Ciclomotor; ;1;1;0;0;0;0;S/D;ROSARIO;Constitución;S/D;S/D;II;S/D;S/D;Otra Señal;S/D;Intersección;S/D;S/D;S/D;S/D;Múltiple;S/D;Colisión;S/D;S/D
1657;2021;3/3/2021;Miercoles;23:30:00;;0.0;1;Moto/Ciclomotor;Bv. Avellaneda Y Bv. Seguí;1;1;0;0;0;0;Avenida;ROSARIO;Constitución;Asfalto;S/D;II;Dentro;Urbana;Otra Señal;S/D;Intersección;S/D;S/D;Nocturna;S/D;Múltiple;S/D;Colisión;S/D;S/D
1658;2021;3/3/2021;Miercoles;07:00:00;;0.0;1;Moto/Ciclomotor;Ceibo Y España;1;1;0;0;0;0;Calle;ROSARIO;Constitución;Asfalto;S/D;II;Dentro;Urbana;Otra Señal;S/D;Intersección;S/D;S/D;Diurna;S/D;Múltiple;S/D;Colisión;S/D;S/D
1659;2021;3/3/2021;Miercoles;08:30:00;;0.0;1;Moto/Ciclomotor;Gaboto Y Garibaldi;1;1;0;0;0;0;Calle;ROSARIO;Constitución;Asfalto;S/D;II;Dentro;Urbana;Otra Señal;S/D;Intersección;S/D;S/D;Diurna;S/D;Múltiple;S/D;Colisión;S/D;S/D
1660;2021;3/3/2021;Miercoles;;;0.0;1;Moto/Ciclomotor; ;1;1;0;0;0;0;S/D;ROSARIO;Constitución;S/D;S/D;II;S/D;S/D;Otra Señal;S/D;Intersección;S/D;S/D;S/D;S/D;Múltiple;S/D;Colisión;S/D;S/D
1661;2021;3/3/2021;Miercoles;11:45:00;;0.0;2;Automóvil,Automóvil;Bv. 27 De Febrero Y Ecuador;2;0;0;1;0;0;Calle;ROSARIO;Constitución;Asfalto;Pavimento;II;Dentro;Urbana;Otra Señal;S/D;Intersección;Bueno;Buena;Diurna;Buen Tiempo;Múltiple;S/D;Colisión;Ninguna;S/D
1662;2021;3/3/2021;Miercoles;13:40:00;Autopista Provincial Brigadier E.LÓPEZ;99.0;2;Automóvil,Camión; ;2;0;0;1;0;0;Autopista;AROCENA;Constitución;S/D;S/D;XV;S/D;S/D;Otra Señal;S/D;Intersección;S/D;S/D;S/D;S/D;Múltiple;S/D;Colisión;S/D;S/D
1663;2021;3/3/2021;Miercoles;15:45:00;;0.0;2;Moto/Ciclomotor,Automóvil;Bv Santa Fe Y Gral. Mosconi;2;0;0;1;0;0;S/D;RAFAELA;Constitución;S/D;S/D;V;S/D;S/D;Otra Señal;S/D;Intersección;S/D;S/D;S/D;S/D;Múltiple;S/D;Colisión;S/D;S/D
1664;2021;4/3/2021;Jueves;08:20:00;;0.0;2;Moto/Ciclomotor,Pickup/Utilitario;Av. Uriburu Y Sarmiento;2;1;0;1;0;0;Calle;ROSARIO;Rosario;Asfalto;No existe;II;Dentro;Urbana;Ninguna;No existe;Intersección;Bueno;Buena;Diurna;Buen Tiempo;De alcance;S/D;Colisión;Ninguna;Faltante
1665;2021;4/3/2021;Jueves;18:25:00;;0.0;2;Moto/Ciclomotor,Automóvil;Sarmiento Y Riobamba;2;1;0;1;0;0;Calle;ROSARIO;Rosario;Asfalto;No existe;II;Dentro;Urbana;Otra Señal;No existe;Intersección;Bueno;Buena;Diurna;Buen Tiempo;Múltiple;S/D;Colisión;Ninguna;Vertical
1666;2021;4/3/2021;Jueves;00:45:00;;0.0;2;Taxi/Remis,Automóvil;Dorrego Y Córdoba;3;2;0;1;0;0;Calle;ROSARIO;Rosario;Asfalto;S/D;II;S/D;Urbana;Otra Señal;S/D;Intersección;S/D;S/D;Nocturna;S/D;Múltiple;S/D;Colisión;S/D;S/D
1667;2021;4/3/2021;Jueves;19:00:00;;0.0;2;Bicicleta,Automóvil;Bv. Avellaneda Y Gálvez;3;1;0;2;0;0;Avenida;ROSARIO;Rosario;Asfalto;No existe;II;S/D;Urbana;Otra Señal;No existe;Intersección;Bueno;Buena;Atardecer;Buen Tiempo;Múltiple;Ciclista;Colisión;Ninguna;Faltante
1668;2021;4/3/2021;Jueves;08:35:00;Autopista Nacional A008;0.0;2;Moto/Ciclomotor,Moto/Ciclomotor;Bv. Avellaneda Y Av. Circunvalación;2;1;0;1;0;0;Autopista;ROSARIO;Rosario;Asfalto;No existe;II;Dentro;Urbana;Otra Señal;No existe;Intersección;Bueno;Buena;Diurna;Buen Tiempo;Múltiple;S/D;Colisión;Ninguna;Faltante
1669;2021;4/3/2021;Jueves;16:15:00;;0.0;2;Moto/Ciclomotor,Automóvil;Liniers Y Gorriti;3;2;0;1;0;0;Calle;ROSARIO;Rosario;Asfalto;No existe;II;Dentro;Urbana;Otra Señal;No existe;Intersección;S/D;S/D;Diurna;S/D;Múltiple;S/D;Colisión;S/D;Faltante
1670;2021;4/3/2021;Jueves;13:40:00;Ruta Nacional 9;0.0;2;Moto/Ciclomotor,Automóvil;Galindo ;2;1;0;1;0;0;Ruta;FUNES;Rosario;Asfalto;Ripio;II;Dentro;Urbana;Otra Señal;No existe;Recta;Bueno;Buena;Diurna;Buen Tiempo;Múltiple;S/D;Colisión;Ninguna;Vertical
1671;2021;4/3/2021;Jueves;23:45:00;;0.0;2;Moto/Ciclomotor,Moto/Ciclomotor;Rodríguez PEÑA ;3;3;0;0;0;0;Calle;ESPERANZA;Las Colonias;Asfalto;Pavimento;XI;Dentro;Urbana;Otra Señal;No existe;Intersección;Bueno;Reducida;Nocturna;Buen Tiempo;Múltiple;S/D;Colisión;Ninguna;S/D
1672;2021;4/3/2021;Jueves;08:20:00;;0.0;2;Pickup/Utilitario,Bicicleta; ;2;1;0;1;0;0;S/D;SANTA FE;La Capital;Asfalto;No existe;I;Dentro;Urbana;Otra Señal;No existe;Curva;Bueno;S/D;Diurna;S/D;Múltiple;Ciclista;Colisión;S/D;S/D
1673;2021;4/3/2021;Jueves;06:40:00;;0.0;2;Automóvil,Moto/Ciclomotor;Av. Provincias Unidas Y Derqui;2;1;0;1;0;0;S/D;ROSARIO;Rosario;S/D;S/D;II;S/D;S/D;Otra Señal;S/D;S/D;S/D;S/D;S/D;S/D;Múltiple;S/D;Colisión;S/D;S/D
1674;2021;4/3/2021;Jueves;;;0.0;2;Moto/Ciclomotor,Automóvil;9 de Julio Y Italia;2;1;0;1;0;0;S/D;ELORTONDO;General LÓPEZ;S/D;S/D;VIII;S/D;S/D;Otra Señal;S/D;S/D;S/D;S/D;S/D;S/D;Múltiple;S/D;Colisión;S/D;S/D
1675;2021;4/3/2021;Jueves;06:00:00;Ruta Provincial 13;0.0;2;Otros,Otros; ;2;1;0;0;0;1;Ruta;EL TRÉBOL;San MARTÍN;S/D;S/D;XVIII;S/D;S/D;Otra Señal;S/D;S/D;S/D;S/D;S/D;S/D;Múltiple;S/D;Colisión;S/D;S/D
1676;2021;4/3/2021;Jueves;08:30:00;;0.0;1;Otros;Av. Circunvalación ;1;1;0;0;0;0;S/D;SANTA FE;La Capital;S/D;S/D;I;S/D;S/D;Otra Señal;S/D;S/D;S/D;S/D;S/D;S/D;Múltiple;S/D;Colisión;S/D;S/D
1677;2021;4/3/2021;Jueves;14:25:00;;0.0;2;Pickup/Utilitario,Automóvil;Los Andes Y Dante Alighieri;2;2;0;0;0;0;S/D;VENADO TUERTO;General LÓPEZ;S/D;S/D;VIII;S/D;S/D;Otra Señal;S/D;S/D;S/D;S/D;S/D;S/D;Múltiple;S/D;Colisión;S/D;S/D
1678;2021;4/3/2021;Jueves;;;0.0;2;Moto/Ciclomotor,Automóvil;Bv Santa Fe ;2;1;0;1;0;0;S/D;RAFAELA;Castellanos;S/D;S/D;V;S/D;S/D;Otra Señal;S/D;S/D;S/D;S/D;S/D;S/D;Múltiple;S/D;Colisión;S/D;S/D
1679;2021;4/3/2021;Jueves;;;0.0;1;Taxi/Remis;HIPÓLITO YRIGOYEN 2500;2;1;0;1;0;0;S/D;SAN LORENZO;San Lorenzo;S/D;S/D;XVII;S/D;S/D;Otra Señal;S/D;S/D;S/D;S/D;S/D;S/D;Múltiple;S/D;Colisión;S/D;S/D
1680;2021;4/3/2021;Jueves;19:00:00;;0.0;2;Bicicleta,Automóvil; ;2;1;0;1;0;0;S/D;CASILDA;Caseros;S/D;S/D;IV;S/D;S/D;Otra Señal;S/D;Intersección;S/D;S/D;S/D;S/D;De alcance,Múltiple;Ciclista;Colisión;S/D;S/D
1681;2021;4/3/2021;Jueves;01:10:00;Autopista Nacional Rosario -Cordoba;370.0;2;Camión c / Acoplado,Camión c / Acoplado; ;2;0;0;1;1;0;Autopista;CAÑADA DE GÓMEZ;Iriondo;Asfalto;Natural;X;S/D;Rural;Otra Señal;No existe;Intersección;S/D;S/D;Nocturna;S/D;De alcance,Múltiple;S/D;Colisión;Ninguna;Faltante
1682;2021;4/3/2021;Jueves;08:00:00;;0.0;1;Moto/Ciclomotor; ;1;1;0;0;0;0;S/D;ROSARIO;Constitución;S/D;S/D;II;S/D;S/D;Otra Señal;S/D;Intersección;S/D;S/D;Diurna;S/D;Múltiple;S/D;Colisión;S/D;S/D
1683;2021;4/3/2021;Jueves;17:00:00;;0.0;1;Moto/Ciclomotor;Av. Ovidio Lagos B Y Av. Pellegrini;2;2;0;0;0;0;Avenida;ROSARIO;Constitución;Asfalto;S/D;II;Dentro;Urbana;Otra Señal;S/D;Intersección;S/D;S/D;Diurna;S/D;Múltiple;S/D;Colisión;S/D;S/D
1684;2021;4/3/2021;Jueves;;;0.0;1;Moto/Ciclomotor; ;1;1;0;0;0;0;S/D;ROSARIO;Constitución;S/D;S/D;II;S/D;S/D;Otra Señal;S/D;Intersección;S/D;S/D;S/D;S/D;Múltiple;S/D;Colisión;S/D;S/D
1685;2021;4/3/2021;Jueves;21:30:00;;0.0;1;Moto/Ciclomotor;Bv. 27 De Febrero Y Pje. Palau;1;1;0;0;0;0;Calle;ROSARIO;Constitución;Asfalto;S/D;II;Dentro;Urbana;Otra Señal;S/D;Intersección;S/D;S/D;Nocturna;S/D;Múltiple;S/D;Colisión;S/D;S/D
1686;2021;4/3/2021;Jueves;21:30:00;;0.0;1;Moto/Ciclomotor;Av. Las Palmeras ;1;1;0;0;0;0;Avenida;PEREZ;Constitución;Asfalto;S/D;II;Dentro;Urbana;Otra Señal;S/D;Intersección;S/D;S/D;Nocturna;S/D;Múltiple;S/D;Colisión;S/D;S/D
1687;2021;4/3/2021;Jueves;22:00:00;;0.0;1;Automóvil; ;1;1;0;0;0;0;S/D;ROLDÁN;Constitución;S/D;S/D;XVII;S/D;S/D;Otra Señal;S/D;Intersección;S/D;S/D;Nocturna;S/D;Múltiple;S/D;Colisión;S/D;S/D
1688;2021;4/3/2021;Jueves;07:40:00;;0.0;2;Bicicleta,Moto/Ciclomotor;Av. Eva Perón Y Dr. Maradona;2;0;0;1;0;0;Avenida;ROSARIO;Constitución;Asfalto;No existe;II;Dentro;Urbana;Otra Señal;S/D;Intersección;Bueno;Buena;Diurna;Buen Tiempo;Múltiple;Ciclista;Colisión;Ninguna;Faltante
1689;2021;4/3/2021;Jueves;17:00:00;Ruta Provincial 18;6.0;2;Moto/Ciclomotor,Automóvil; ;2;1;0;0;0;0;Ruta;PIÑERO;Constitución;Asfalto;Natural;II;Dentro;Urbana;Otra Señal;No existe;Intersección;Bueno;Buena;Diurna;Buen Tiempo;Múltiple;S/D;Colisión;Ninguna;Vertical
1690;2021;4/3/2021;Jueves;20:30:00;;0.0;2;Moto/Ciclomotor,Peatón;Independencia Y Saavedra;2;0;0;1;0;0;Calle;TOSTADO;Constitución;Asfalto;No existe;XII;Dentro;Urbana;Otra Señal;Funciona;Intersección;Bueno;Buena;Nocturna;Buen Tiempo;Múltiple;Peatón;Colisión;Ninguna;Horizontal
1691;2021;4/3/2021;Jueves;15:00:00;;0.0;2;Pickup/Utilitario,Moto/Ciclomotor;Chacabuco Y Bv Centenario B;2;0;0;1;0;0;S/D;CAÑADA DE GÓMEZ;Constitución;S/D;S/D;X;S/D;S/D;Otra Señal;S/D;Intersección;S/D;S/D;S/D;S/D;Múltiple;S/D;Colisión;S/D;S/D
1692;2021;4/3/2021;Jueves;04:00:00;Ruta Provincial 91;5.0;2;Automóvil,Camión c / Acoplado; ;7;0;0;1;2;0;Ruta;ANDINO;Iriondo;Asfalto;Natural;X;S/D;Rural;Otra Señal;No existe;Intersección;Bueno;S/D;Nocturna;S/D;Múltiple;S/D;Colisión;S/D;Faltante
1693;2021;5/3/2021;Viernes;12:40:00;;0.0;2;Moto/Ciclomotor,Automóvil;Calle 15 Y Calle 28;2;1;0;1;0;0;Calle;LAS PAREJAS;Belgrano;Ripio;No existe;III;Dentro;Urbana;Policía de tránsito;No existe;Intersección;Bueno;Buena;Diurna;Buen Tiempo;Lateral;S/D;Colisión;Ninguna;Faltante
1694;2021;5/3/2021;Viernes;17:30:00;;0.0;2;Moto/Ciclomotor,Automóvil;Bv 14 de Diciembre Y San Luis;2;1;0;1;0;0;Calle;ARMSTRONG;Belgrano;Asfalto;No existe;III;S/D;Urbana;Policía de tránsito;No existe;Intersección;Bueno;Buena;Diurna;Buen Tiempo;De alcance;S/D;Colisión;Ninguna;Vertical
1695;2021;5/3/2021;Viernes;11:30:00;;0.0;2;Pickup/Utilitario,Moto/Ciclomotor;Cortada 21 bis Y Calle 24;2;1;0;1;0;0;Avenida;LAS PAREJAS;Belgrano;Ripio;No existe;III;Dentro;Urbana;Policía de tránsito;No existe;Intersección;Bueno;Buena;Diurna;Buen Tiempo;Lateral;S/D;Colisión;Ninguna;Faltante
1696;2021;5/3/2021;Viernes;17:45:00;;0.0;2;Moto/Ciclomotor,Taxi/Remis;Balcarce Y Garibaldi;2;1;0;1;0;0;S/D;ROSARIO;Rosario;Asfalto;S/D;II;S/D;S/D;Ninguna;S/D;Intersección;Bueno;S/D;S/D;S/D;Lateral;S/D;Colisión;Ninguna;Faltante
1697;2021;5/3/2021;Viernes;16:50:00;;0.0;2;Bicicleta,Automóvil;J.M.de Rosas Y La Paz;2;1;0;1;0;0;Calle;ROSARIO;Rosario;Asfalto;No existe;II;Dentro;Urbana;Otra Señal;No existe;Intersección;Bueno;Buena;Diurna;Buen Tiempo;Lateral;Ciclista;Colisión;Ninguna;Faltante
1698;2021;5/3/2021;Viernes;19:00:00;;0.0;2;Pickup/Utilitario,Moto/Ciclomotor;Centenario Y Ayacucho;2;1;0;1;0;0;Calle;ROSARIO;Rosario;Asfalto;No existe;II;Dentro;Urbana;Otra Señal;No existe;Intersección;Bueno;Buena;Atardecer;Buen Tiempo;Múltiple;S/D;Colisión;Ninguna;Faltante
1699;2021;5/3/2021;Viernes;07:05:00;;0.0;2;Automóvil,Automóvil;Av. Uriburu ;2;1;0;1;0;0;Avenida;ROSARIO;Rosario;Asfalto;Pavimento;II;Dentro;Urbana;Otra Señal;Funciona;Intersección;Bueno;Buena;Diurna;Buen Tiempo;Múltiple;S/D;Colisión;Ninguna;Vertical
1700;2021;5/3/2021;Viernes;12:48:00;;0.0;2;Moto/Ciclomotor,Pickup/Utilitario;Av. Gral. San Martin 2900;2;2;0;0;0;0;Calle;VILLA GOBERNADOR GÁLVEZ;Rosario;Asfalto;No existe;II;Dentro;Urbana;Otra Señal;No existe;Recta;Bueno;Buena;Diurna;Buen Tiempo;Múltiple;S/D;Colisión;Ninguna;Faltante
1701;2021;5/3/2021;Viernes;09:05:00;;0.0;2;Automóvil,Moto/Ciclomotor;Av. Fuerza Aérea Y Los Pumas;4;1;0;3;0;0;Avenida;FUNES;Rosario;Asfalto;Ripio;II;Dentro;Urbana;Otra Señal;No existe;Recta;Bueno;Buena;Diurna;Buen Tiempo;Múltiple;S/D;Colisión;Ninguna;Vertical
1702;2021;5/3/2021;Viernes;17:00:00;;0.0;2;Pickup/Utilitario,Moto/Ciclomotor;Ignacio Asurmendi Y Lavalle;2;1;0;1;0;0;Calle;ACEBAL;Rosario;Asfalto;No existe;II;S/D;Urbana;Otra Señal;No existe;Recta;Bueno;Buena;Diurna;Buen Tiempo;Múltiple;S/D;Colisión;Ninguna;Faltante
1703;2021;5/3/2021;Viernes;23:53:00;;0.0;2;Automóvil,Moto/Ciclomotor;Gdor. Candioti Y Avellaneda;2;1;0;1;0;0;Calle;SANTA FE;La Capital;Asfalto;No existe;I;Dentro;Urbana;Otra Señal;No existe;Intersección;Bueno;S/D;Nocturna;S/D;Múltiple;S/D;Colisión;S/D;S/D
1704;2021;5/3/2021;Viernes;18:50:00;;0.0;2;Moto/Ciclomotor,Automóvil;Francia Y Catamarca;2;1;0;1;0;0;Calle;SANTA FE;La Capital;Asfalto;No existe;I;Dentro;Urbana;Otra Señal;No existe;Intersección;Con baches;Buena;Diurna;Buen Tiempo;Múltiple;S/D;Colisión;Ninguna;Faltante
1705;2021;5/3/2021;Viernes;;;0.0;2;Moto/Ciclomotor,Automóvil; ;3;2;0;1;0;0;S/D;FRAY LUIS BELTRÁN;San Lorenzo;S/D;S/D;XVII;S/D;S/D;Otra Señal;S/D;S/D;S/D;S/D;S/D;S/D;Múltiple;S/D;Colisión;S/D;S/D
1706;2021;5/3/2021;Viernes;;;0.0;2;Moto/Ciclomotor,Automóvil;Las Heras Y Hernandarias;3;2;0;1;0;0;S/D;SANTA FE;La Capital;S/D;S/D;I;S/D;S/D;Otra Señal;S/D;S/D;S/D;S/D;S/D;S/D;Múltiple;S/D;Colisión;S/D;S/D
1707;2021;5/3/2021;Viernes;;;0.0;2;Automóvil,Moto/Ciclomotor;Boulevard Ovidio Lagos Y La Rioja;2;1;0;1;0;0;S/D;CASILDA;Caseros;S/D;S/D;IV;S/D;S/D;Otra Señal;S/D;S/D;S/D;S/D;S/D;S/D;Múltiple;S/D;Colisión;S/D;S/D
1708;2021;5/3/2021;Viernes;18:30:00;;0.0;2;Moto/Ciclomotor,Automóvil;Boulevard 25 de Mayo ;3;2;0;1;0;0;Camino Rural;CASILDA;Caseros;S/D;S/D;IV;S/D;S/D;Otra Señal;S/D;S/D;S/D;S/D;S/D;S/D;Múltiple;S/D;Colisión;S/D;S/D
1709;2021;5/3/2021;Viernes;21:45:00;;0.0;2;Moto/Ciclomotor,Bicicleta;Presidente Domingo Faustino Sa Y  General Martin Miguel de Guem;2;1;0;1;0;0;S/D;CASILDA;Caseros;S/D;S/D;IV;S/D;S/D;Otra Señal;S/D;S/D;S/D;S/D;S/D;S/D;Múltiple;Ciclista;Colisión;S/D;S/D
1710;2021;5/3/2021;Viernes;15:00:00;;0.0;2;Moto/Ciclomotor,Moto/Ciclomotor;Av. Republica Y Balcarce;2;1;0;1;0;0;S/D;GÁLVEZ;San JERÓNIMO;S/D;S/D;XV;S/D;S/D;Otra Señal;S/D;S/D;S/D;S/D;S/D;S/D;Múltiple;S/D;Colisión;S/D;S/D
1711;2021;5/3/2021;Viernes;;Ruta Nacional 11;478.0;1;Automóvil; ;2;2;0;0;0;0;Ruta;RECREO;La Capital;S/D;S/D;I;S/D;S/D;Otra Señal;S/D;S/D;S/D;S/D;S/D;S/D;Múltiple;S/D;Colisión;S/D;S/D
1712;2021;5/3/2021;Viernes;;;0.0;2;Automóvil,Moto/Ciclomotor;Alvear Y Santa Fe;2;1;0;1;0;0;S/D;VILLA GUILLERMINA;General Obligado;S/D;S/D;IX;S/D;S/D;Otra Señal;S/D;S/D;S/D;S/D;S/D;S/D;Múltiple;S/D;Colisión;S/D;S/D
1713;2021;5/3/2021;Viernes;03:30:00;;0.0;1;Moto/Ciclomotor;Av. Gral. Urquiza Y Puente Arroyo Ludueña ;1;0;0;0;1;0;Avenida;ROSARIO;Rosario;Asfalto;No existe;II;Dentro;Urbana;Otra Señal;No existe;Intersección;Bueno;Buena;Diurna;Buen Tiempo;De alcance,Múltiple;S/D;Colisión;Ninguna;Faltante
1714;2021;5/3/2021;Viernes;03:30:00;Ruta Nacional 11;892.5;2;Moto/Ciclomotor,Camión c / Semirremolque;Ruta Nacional 11 ;2;0;0;1;1;0;Ruta;LAS TOSCAS;General Obligado;Asfalto;Natural;IX;S/D;Rural;Otra Señal;No existe;Intersección;Bueno;S/D;Nocturna;S/D;De alcance,Múltiple;S/D;Colisión;Ninguna;Faltante
1715;2021;5/3/2021;Viernes;21:40:00;Ruta Nacional 33;557.5;2;Automóvil,Camión c / Acoplado;Ruta Nacional 33 ;4;2;0;1;1;0;Ruta;RUFINO;General LÓPEZ;Asfalto;Natural;VIII;S/D;Rural;Otra Señal;No existe;Intersección;Bueno;S/D;Nocturna;S/D;De alcance,Múltiple;S/D;Colisión;Ninguna;Faltante
1716;2021;5/3/2021;Viernes;17:30:00;;0.0;2;Automóvil,Pickup/Utilitario;25 de Mayo Y Jujuy;4;1;0;3;0;0;Calle;PUERTO SAN MARTÍN;San Lorenzo;Asfalto;No existe;XVII;Dentro;Urbana;Otra Señal;No existe;Intersección;Bueno;Buena;Diurna;Buen Tiempo;De alcance,Múltiple;S/D;Colisión;Ninguna;Horizontal
1717;2021;5/3/2021;Viernes;18:00:00;;0.0;2;Moto/Ciclomotor,Moto/Ciclomotor;Alvear Y Santa Fe;2;1;0;1;0;0;Calle;VILLA GUILLERMINA;Constitución;Hormigón;Natural;IX;Dentro;Urbana;Otra Señal;No existe;Intersección;Bueno;Buena;Diurna;Buen Tiempo;Múltiple;S/D;Colisión;Ninguna;Faltante
1718;2021;5/3/2021;Viernes;22:00:00;;0.0;1;Moto/Ciclomotor;Crespo Y Bv. Seguí;1;1;0;0;0;0;Calle;ROSARIO;Constitución;Asfalto;S/D;II;Dentro;Urbana;Otra Señal;S/D;Intersección;S/D;S/D;Nocturna;S/D;Múltiple;S/D;Colisión;S/D;S/D
1719;2021;5/3/2021;Viernes;17:40:00;;0.0;1;Moto/Ciclomotor;La Paz Y Méjico;1;1;0;0;0;0;Calle;ROSARIO;Constitución;Asfalto;S/D;II;Dentro;Urbana;Otra Señal;S/D;Intersección;S/D;S/D;Diurna;S/D;Múltiple;S/D;Colisión;S/D;S/D
1720;2021;5/3/2021;Viernes;19:00:00;;0.0;1;Moto/Ciclomotor;24 de Setiembre Bis 3131;1;1;0;0;0;0;Calle;ROSARIO;Constitución;Asfalto;S/D;II;Dentro;Urbana;Otra Señal;S/D;Intersección;S/D;S/D;Nocturna;S/D;Múltiple;S/D;Colisión;S/D;S/D
1721;2021;5/3/2021;Viernes;20:48:00;;0.0;1;Moto/Ciclomotor; ;1;1;0;0;0;0;Calle;ROSARIO;Constitución;S/D;S/D;II;Dentro;Urbana;Otra Señal;S/D;Intersección;S/D;S/D;Nocturna;S/D;Múltiple;S/D;Colisión;S/D;S/D
1722;2021;5/3/2021;Viernes;11:15:00;;0.0;2;Pickup/Utilitario,Moto/Ciclomotor; ;5;0;0;4;0;0;S/D;SUARDI;Constitución;S/D;Natural;XIII;S/D;S/D;Otra Señal;No existe;Intersección;Otro;Buena;Diurna;Buen Tiempo;Múltiple;S/D;Colisión;Ninguna;Faltante
1723;2021;5/3/2021;Viernes;15:00:00;;0.0;2;Moto/Ciclomotor,Camión Chasis;Av. Provincias Unidas Y Vélez Sarsfield;2;0;0;1;0;0;Avenida;ROSARIO;Constitución;Asfalto;No existe;II;Dentro;Urbana;Otra Señal;Funciona;Intersección;Bueno;Buena;Diurna;Buen Tiempo;Múltiple;S/D;Colisión;Ninguna;Faltante
1724;2021;5/3/2021;Viernes;05:40:00;Ruta Nacional 11;338.0;2;Automóvil,Moto/Ciclomotor; ;2;0;0;1;0;0;Ruta;TIMBÚES;Constitución;S/D;S/D;XVII;S/D;S/D;Otra Señal;S/D;Intersección;S/D;S/D;S/D;S/D;Múltiple;S/D;Colisión;S/D;S/D
1725;2021;5/3/2021;Viernes;20:30:00;;0.0;2;Moto/Ciclomotor,Automóvil;Gral. Mosconi ;2;0;0;1;0;0;S/D;RAFAELA;Constitución;S/D;S/D;V;S/D;S/D;Otra Señal;S/D;Intersección;S/D;S/D;S/D;S/D;Múltiple;S/D;Colisión;S/D;S/D
1726;2021;5/3/2021;Viernes;01:15:00;Autopista Nacional A008;0.0;2;Transporte de Pasajeros Urbano (> 8 asientos),Moto/Ciclomotor;Av. Circunvalación Y Av. Uriburu;2;0;0;1;0;0;Autopista;ROSARIO;Constitución;Asfalto;No existe;II;Dentro;Urbana;Otra Señal;No existe;Intersección;Bueno;Buena;Nocturna,Con luz artificial;Buen Tiempo;Múltiple;S/D;Colisión;Ninguna;Faltante
1727;2021;5/3/2021;Viernes;22:30:00;;0.0;1;Taxi/Remis;Irigoyen 2500;2;1;0;0;0;0;S/D;SAN LORENZO;Constitución;S/D;S/D;XVII;S/D;S/D;Otra Señal;S/D;Intersección;S/D;S/D;S/D;S/D;Múltiple;S/D;Colisión;S/D;S/D
1728;2021;6/3/2021;Sabado;19:15:00;Ruta Provincial 13;0.0;1;Automóvil; ;1;1;0;0;0;0;Ruta;CONSTANZA;San CRISTÓBAL;Asfalto;No existe;XIII;S/D;S/D;Policía de tránsito;No existe;Intersección;Con baches;Buena;Atardecer;Buen Tiempo;S/D;S/D;Colisión;Ninguna;Faltante
1729;2021;6/3/2021;Sabado;19:55:00;Ruta Nacional 178;800.0;2;Moto/Ciclomotor,Automóvil; ;6;1;0;5;0;0;Ruta;LAS ROSAS;Belgrano;Asfalto;Ripio;III;Dentro;Rural;Ninguna;No existe;Intersección;Bueno;Buena;Atardecer;Buen Tiempo;De alcance;S/D;Colisión;Ninguna;Faltante
1730;2021;6/3/2021;Sabado;22:30:00;Ruta Provincial 1;30.0;1;Moto/Ciclomotor; ;2;2;0;0;0;0;Ruta;LOS ZAPALLOS;Garay;S/D;S/D;VII;S/D;Urbana;S/D;S/D;Intersección;S/D;S/D;S/D;S/D;Atropello animal;S/D;Colisión;S/D;S/D