ID_Accidente;A�o;Fecha;Dia;Hopra;Ruta/Autop;km;Participantes;Tipo;Lugar;Total;Heridos Leves;Heridos Graves;Ilesos;Fallecidos;Sin datos;desc_tipo_via;desc_loc;desc_dpto;|;desc_tipo_banquina;desc_unidad_regional;desc_lugar_calzada;desc_zona;desc_prioridad;desc_estado_semaforo;desc_lugar_via;desc_estado_via;desc_estado_visibilidad;desc_luminosidad;desc_estado_clima;desc_tipo_colision;desc_tipo_atropello;desc_tipo_hecho;desc_pres_calzada;desc_senializacion
1731;2021;6/3/2021;Sabado;08:30:00;;0.0;2;Moto/Ciclomotor,Moto/Ciclomotor;Ayacucho Y Rafael Arrieta;3;3;0;0;0;0;S/D;ROSARIO;Rosario;Asfalto;No existe;II;S/D;S/D;Ninguna;No existe;Intersección;Bueno;Buena;Diurna;Buen Tiempo;Lateral;S/D;Colisión;Ninguna;Faltante
1732;2021;6/3/2021;Sabado;07:05:00;;0.0;1;Moto/Ciclomotor;Av. Ntra.Sra.del Rosario Y Cepeda;2;2;0;0;0;0;Calle;ROSARIO;Rosario;S/D;No existe;II;Dentro;Urbana;S/D;Funciona;Intersección;S/D;Buena;Diurna;S/D;S/D;S/D;Colisión;S/D;S/D
1733;2021;6/3/2021;Sabado;18:00:00;;0.0;3;Moto/Ciclomotor,Automóvil,Automóvil;Andreu Y Bv San diego;4;1;0;3;0;0;Calle;VILLA GOBERNADOR GÁLVEZ;Rosario;Asfalto;No existe;II;Dentro;Urbana;Otra Señal;No existe;Intersección;Bueno;Buena;Atardecer;Buen Tiempo;Múltiple;S/D;Colisión;Ninguna;Faltante
1734;2021;6/3/2021;Sabado;13:30:00;;0.0;2;Automóvil,Peatón;Bertole Y Méndez;2;1;0;1;0;0;Calle;ROSARIO;Rosario;Asfalto;No existe;II;S/D;Urbana;Otra Señal;No existe;Intersección;Bueno;Buena;Diurna;Buen Tiempo;Múltiple;Peatón;Colisión;Ninguna;Faltante
1735;2021;6/3/2021;Sabado;00:40:00;;0.0;3;Automóvil,Bicicleta,Bicicleta;G Lehmann Y Mariano Moreno;3;2;0;1;0;0;Calle;ESPERANZA;Las Colonias;Asfalto;S/D;XI;Dentro;Urbana;Otra Señal;No existe;Intersección;Bueno;Buena;Nocturna,Con luz artificial;Buen Tiempo;Múltiple;Ciclista;Colisión;Ninguna;S/D
1736;2021;6/3/2021;Sabado;08:50:00;;0.0;2;Moto/Ciclomotor,Camión Chasis;9 de Julio ;2;1;0;1;0;0;Calle;CALCHAQUÍ;Vera;Tierra;No existe;XIX;Dentro;Urbana;Otra Señal;No existe;Intersección;Deteriorada;Buena;Diurna;Buen Tiempo;Múltiple;S/D;Colisión;Ninguna;Faltante
1737;2021;6/3/2021;Sabado;07:40:00;;0.0;2;Moto/Ciclomotor,Taxi/Remis;Av. Pte. Perón Y Artigas;2;1;0;1;0;0;Avenida;SANTA FE;La Capital;Asfalto;No existe;I;S/D;Urbana;Otra Señal;Funciona;Intersección;Bueno;Buena;Diurna;Buen Tiempo;Múltiple;S/D;Colisión;Ninguna;Vertical
1738;2021;6/3/2021;Sabado;;Ruta Provincial 2;0.0;2;Tracción animal / Carro,Otros; ;4;3;0;1;0;0;Ruta;MONTE VERA;La Capital;S/D;S/D;I;S/D;S/D;Otra Señal;S/D;S/D;S/D;S/D;S/D;S/D;Múltiple;S/D;Colisión;S/D;S/D
1739;2021;6/3/2021;Sabado;;;0.0;2;Moto/Ciclomotor,Pickup/Utilitario; ;2;1;0;1;0;0;S/D;ESPERANZA;Las Colonias;S/D;S/D;XI;S/D;S/D;Otra Señal;S/D;S/D;S/D;S/D;S/D;S/D;Múltiple;S/D;Colisión;S/D;S/D
1740;2021;6/3/2021;Sabado;09:30:00;;0.0;2;Bicicleta,Automóvil;Boulevard 25 de Mayo Y Buenos Aires;2;1;0;1;0;0;S/D;CASILDA;Caseros;S/D;S/D;IV;S/D;S/D;Otra Señal;S/D;S/D;S/D;S/D;S/D;S/D;Múltiple;Ciclista;Colisión;S/D;S/D
1741;2021;6/3/2021;Sabado;19:10:00;;0.0;2;Automóvil,Moto/Ciclomotor;Hipólito Irigoyen Y Dorrego;3;2;0;1;0;0;S/D;SAN JORGE;San MARTÍN;S/D;S/D;XVIII;S/D;S/D;Otra Señal;S/D;S/D;S/D;S/D;S/D;S/D;Múltiple;S/D;Colisión;S/D;S/D
1742;2021;6/3/2021;Sabado;03:45:00;;0.0;2;Moto/Ciclomotor,Automóvil; ;2;1;0;1;0;0;S/D;MACIEL;San JERÓNIMO;S/D;S/D;XV;S/D;S/D;Otra Señal;S/D;S/D;S/D;S/D;S/D;S/D;Múltiple;S/D;Colisión;S/D;S/D
1743;2021;6/3/2021;Sabado;00:10:00;Ruta Provincial 1;2.0;2;Automóvil,Moto/Ciclomotor; ;2;1;0;1;0;0;Ruta;SANTA FE;La Capital;S/D;S/D;I;S/D;S/D;Otra Señal;S/D;S/D;S/D;S/D;S/D;S/D;Múltiple;S/D;Colisión;S/D;S/D
1744;2021;6/3/2021;Sabado;07:00:00;Ruta Provincial 6;0.0;1;Automóvil; ;1;1;0;0;0;0;Ruta;SAN CARLOS SUR;Las Colonias;S/D;S/D;XI;S/D;S/D;Otra Señal;S/D;S/D;S/D;S/D;S/D;S/D;Múltiple;S/D;Colisión;S/D;S/D
1745;2021;6/3/2021;Sabado;20:30:00;;0.0;2;Automóvil,Moto/Ciclomotor;Alberdi J B Y 25 de Mayo;2;1;0;1;0;0;S/D;SUNCHALES;Castellanos;S/D;S/D;V;S/D;S/D;Otra Señal;S/D;S/D;S/D;S/D;S/D;S/D;Múltiple;S/D;Colisión;S/D;S/D
1746;2021;6/3/2021;Sabado;18:00:00;;0.0;2;Automóvil,Automóvil;HOHELFELDS ;3;1;0;2;0;0;S/D;ESPERANZA;Las Colonias;S/D;S/D;XI;S/D;S/D;Otra Señal;S/D;S/D;S/D;S/D;S/D;S/D;Múltiple;S/D;Colisión;S/D;S/D
1747;2021;6/3/2021;Sabado;;;0.0;1;Tractor;Pte. Hipólito Irigoyen ;1;1;0;0;0;0;S/D;PUERTO SAN MARTÍN;San Lorenzo;S/D;S/D;XVII;S/D;S/D;Otra Señal;S/D;S/D;S/D;S/D;S/D;S/D;Múltiple;S/D;Colisión;S/D;S/D
1748;2021;6/3/2021;Sabado;21:40:00;Autovía Nacional Rosario -Cordoba;0.0;2;Bicicleta,Pickup/Utilitario; ;2;1;0;1;0;0;Autovía;ROLDÁN;San Lorenzo;Asfalto;No existe;XVII;S/D;S/D;Otra Señal;No existe;Intersección;Bueno;Buena;Con luz artificial;Buen Tiempo;De alcance,Múltiple;Ciclista;Colisión;Ninguna;Horizontal,Vertical
1749;2021;6/3/2021;Sabado;18:00:00;;0.0;2;Otros,Peatón;Liniers Y Av. Pte. Perón;2;0;0;0;1;1;Calle;ROSARIO;Constitución;Asfalto;No existe;II;Dentro;Urbana;Otra Señal;Funciona;Intersección;Bueno;S/D;Diurna;S/D;Múltiple;Peatón;Colisión;Ninguna;Horizontal,Vertical
1750;2021;6/3/2021;Sabado;20:56:00;;0.0;1;Automóvil; ;1;0;0;0;1;0;S/D;ROSARIO;Constitución;S/D;S/D;II;S/D;S/D;Otra Señal;S/D;Intersección;S/D;S/D;Nocturna;S/D;Múltiple;S/D;Colisión;S/D;S/D
1751;2021;6/3/2021;Sabado;06:10:00;;0.0;1;Automóvil; ;1;1;0;0;0;0;Camino Rural;BIGAND;Constitución;Tierra;Natural;IV;Fuera;Rural;Otra Señal;No existe;Intersección;Ahuellamiento;Reducida;Amanecer;Niebla;Múltiple;S/D;Colisión;Ninguna;Faltante
1752;2021;6/3/2021;Sabado;03:30:00;;0.0;1;Moto/Ciclomotor;Bv San Martin 50;1;1;0;0;0;0;Calle;ARTEAGA;Constitución;Asfalto;No existe;IV;Dentro;Urbana;Otra Señal;S/D;Intersección;Bueno;Buena;Amanecer;Buen Tiempo;Múltiple;S/D;Colisión;Ninguna;Faltante
1753;2021;6/3/2021;Sabado;12:15:00;;0.0;2;Automóvil,Otros;Av. Francia Y Saavedra;2;2;0;0;0;0;Avenida;ROSARIO;Constitución;S/D;S/D;II;Dentro;Urbana;Otra Señal;S/D;Intersección;S/D;S/D;Diurna;S/D;Múltiple;S/D;Colisión;S/D;S/D
1754;2021;6/3/2021;Sabado;11:00:00;;0.0;1;Moto/Ciclomotor;Pje. Lejarza 502;1;1;0;0;0;0;Calle;ROSARIO;Constitución;S/D;S/D;II;Dentro;Urbana;Otra Señal;S/D;Intersección;S/D;S/D;Diurna;S/D;Múltiple;S/D;Colisión;S/D;S/D
1755;2021;6/3/2021;Sabado;00:00:00;;0.0;1;Moto/Ciclomotor; ;1;1;0;0;0;0;S/D;ROSARIO;Constitución;S/D;S/D;II;S/D;S/D;Otra Señal;S/D;Intersección;S/D;S/D;Nocturna;S/D;Múltiple;S/D;Colisión;S/D;S/D
1756;2021;6/3/2021;Sabado;17:40:00;;0.0;1;Moto/Ciclomotor; ;1;1;0;0;0;0;S/D;ROSARIO;Constitución;S/D;S/D;II;S/D;S/D;Otra Señal;S/D;Intersección;S/D;S/D;Diurna;S/D;Múltiple;S/D;Colisión;S/D;S/D
1757;2021;6/3/2021;Sabado;;;0.0;1;Otros; ;1;1;0;0;0;0;S/D;ROSARIO;Constitución;S/D;S/D;II;S/D;S/D;Otra Señal;S/D;Intersección;S/D;S/D;S/D;S/D;Múltiple;S/D;Colisión;S/D;S/D
1758;2021;6/3/2021;Sabado;;;0.0;1;Moto/Ciclomotor; ;1;1;0;0;0;0;S/D;ROSARIO;Constitución;S/D;S/D;II;S/D;S/D;Otra Señal;S/D;Intersección;S/D;S/D;S/D;S/D;Múltiple;S/D;Colisión;S/D;S/D
1759;2021;6/3/2021;Sabado;;;0.0;1;Moto/Ciclomotor; ;1;1;0;0;0;0;S/D;ROSARIO;Constitución;S/D;S/D;II;S/D;S/D;Otra Señal;S/D;Intersección;S/D;S/D;S/D;S/D;Múltiple;S/D;Colisión;S/D;S/D
1760;2021;6/3/2021;Sabado;07:00:00;Ruta Nacional 178;0.0;2;Moto/Ciclomotor,Moto/Ciclomotor; ;3;1;0;1;0;0;Ruta;LAS PAREJAS;Constitución;Asfalto;Natural;III;Dentro;Urbana;Otra Señal;No existe;Intersección;Bueno;Buena;Diurna;Buen Tiempo;Múltiple;S/D;Colisión;Ninguna;Vertical
1761;2021;6/3/2021;Sabado;07:15:00;Ruta Provincial 6;0.0;1;Automóvil; ;1;0;0;0;0;0;Ruta;SAN CARLOS SUR;Constitución;Asfalto;Natural;XI;Fuera;Rural;Otra Señal;No existe;Intersección;Bueno;Buena;Diurna;Buen Tiempo;Múltiple;S/D;Colisión;Ninguna;Horizontal
1762;2021;6/3/2021;Sabado;13:45:00;;0.0;2;Moto/Ciclomotor,Automóvil;Pte. Quintana Y Morrison;2;0;0;1;0;0;Calle;ROSARIO;Constitución;Asfalto;No existe;II;Dentro;Urbana;Otra Señal;No existe;Intersección;Bueno;Buena;Diurna;Buen Tiempo;Múltiple;S/D;Colisión;Ninguna;Faltante
1763;2021;6/3/2021;Sabado;07:15:00;Ruta Provincial 6;0.0;1;Automóvil; ;1;0;0;0;0;0;Ruta;SAN CARLOS SUR;Constitución;Asfalto;Natural;XI;Fuera;Rural;Otra Señal;No existe;Intersección;Bueno;Buena;Diurna;Buen Tiempo;Múltiple;S/D;Colisión;Ninguna;Horizontal
1764;2021;6/3/2021;Sabado;;Ruta Secundaria 280-s;0.0;2;Moto/Ciclomotor,Pickup/Utilitario; ;3;1;0;1;0;0;Ruta;ALDAO;Constitución;S/D;S/D;XVII;S/D;S/D;Otra Señal;S/D;Intersección;S/D;S/D;S/D;S/D;Múltiple;S/D;Colisión;S/D;S/D
1765;2021;6/3/2021;Sabado;;Ruta Provincial 70;0.0;2;Moto/Ciclomotor,Moto/Ciclomotor; ;2;1;0;0;0;0;Ruta;PRESIDENTE ROCA;Constitución;S/D;S/D;V;S/D;S/D;Otra Señal;S/D;Intersección;S/D;S/D;S/D;S/D;Múltiple;S/D;Colisión;S/D;S/D
1766;2021;6/3/2021;Sabado;17:05:00;;0.0;2;Moto/Ciclomotor,Automóvil;Córdoba Y Reconquista;2;0;0;1;0;0;S/D;PUERTO SAN MARTÍN;Constitución;Asfalto;No existe;XVII;S/D;Urbana;Otra Señal;No existe;Intersección;Bueno;Buena;Diurna;Buen Tiempo;Múltiple;S/D;Colisión;Ninguna;Horizontal
1767;2021;6/3/2021;Sabado;08:00:00;;0.0;2;Pickup/Utilitario,Moto/Ciclomotor;San Luis Y San Nicolas;3;0;0;1;0;0;S/D;ROSARIO;Rosario;S/D;S/D;II;S/D;S/D;Otra Señal;S/D;Intersección;S/D;S/D;S/D;S/D;Múltiple;S/D;Colisión;S/D;S/D
1768;2021;7/3/2021;Domingo;12:40:00;;0.0;1;Moto/Ciclomotor;Calle 5 Y Calle 24;2;1;0;1;0;0;Calle;LAS PAREJAS;Belgrano;Ripio;Pavimento;III;Dentro;Urbana;Ninguna;No existe;Intersección;Deteriorada;Buena;Diurna;Buen Tiempo;Otro;S/D;Colisión;Ninguna;Faltante
1769;2021;7/3/2021;Domingo;08:45:00;Ruta Provincial 1;78.0;1;Automóvil; ;1;1;0;0;0;0;Ruta;CAMPO DEL MEDIO;Garay;Asfalto;Natural;VII;Fuera;Rural;Ninguna;No existe;Intersección;Ahuellamiento;Buena;Diurna;Buen Tiempo;S/D;S/D;Colisión;Ninguna;Faltante
1770;2021;7/3/2021;Domingo;21:20:00;Ruta Provincial 1;35.0;2;Automóvil,Camión Chasis; ;2;1;0;1;0;0;Ruta;SANTA ROSA DE CALCHINES;Garay;Asfalto;Natural;VII;S/D;S/D;Ninguna;No existe;Intersección;Bueno;Buena;Nocturna;Buen Tiempo;Lateral;S/D;Colisión;Ninguna;S/D
1771;2021;7/3/2021;Domingo;;Ruta Provincial 1;37.0;2;Automóvil,Moto/Ciclomotor; ;3;2;0;1;0;0;Ruta;SANTA ROSA DE CALCHINES;Garay;Hormigón;Pavimento;VII;S/D;Urbana;Ninguna;No existe;Intersección;Bueno;Buena;Diurna;Buen Tiempo;S/D;S/D;Colisión;Ninguna;Faltante
1772;2021;7/3/2021;Domingo;12:15:00;;0.0;2;Moto/Ciclomotor,Automóvil;Ayacucho Y Esteban de Luca;3;2;0;1;0;0;Calle;ROSARIO;Rosario;Asfalto;No existe;II;Dentro;Urbana;Otra Señal;No existe;Intersección;Bueno;Buena;Diurna;Buen Tiempo;De alcance;S/D;Colisión;Ninguna;Faltante
1773;2021;7/3/2021;Domingo;22:30:00;;0.0;2;Automóvil,Moto/Ciclomotor;A.Maza Y Pintor Musto;2;0;0;0;0;2;S/D;ROSARIO;Rosario;Asfalto;S/D;II;S/D;S/D;Otra Señal;S/D;Intersección;Bueno;S/D;Nocturna;Buen Tiempo;Lateral;S/D;Colisión;Ninguna;Faltante
1774;2021;7/3/2021;Domingo;09:00:00;;0.0;2;Moto/Ciclomotor,Transporte de Pasajeros Urbano (> 8 asientos);Colon Y Pasco;3;1;0;2;0;0;Calle;ROSARIO;Rosario;Asfalto;No existe;II;Dentro;Urbana;Otra Señal;No existe;Intersección;Bueno;Buena;Diurna;Buen Tiempo;Lateral;S/D;Colisión;Ninguna;Faltante
1775;2021;7/3/2021;Domingo;19:20:00;;0.0;2;Automóvil,Moto/Ciclomotor;Tte.Agneta Y Pje. Ghandi;5;4;0;1;0;0;S/D;ROSARIO;Rosario;Asfalto;No existe;II;S/D;S/D;Otra Señal;No existe;Intersección;S/D;S/D;Atardecer;S/D;Múltiple;S/D;Colisión;S/D;Faltante
1776;2021;7/3/2021;Domingo;01:10:00;;0.0;2;Bicicleta,Moto/Ciclomotor;Villarino Bv Y French;2;1;0;0;0;1;Calle;ZAVALLA;Rosario;Ripio;No existe;II;S/D;Urbana;Otra Señal;No existe;Intersección;Con baches;Buena;Nocturna;Buen Tiempo;Múltiple;Ciclista;Colisión;Ninguna;Faltante
1777;2021;7/3/2021;Domingo;00:40:00;Ruta Provincial 1;0.0;2;Moto/Ciclomotor,Automóvil; ;2;1;0;1;0;0;Ruta;COLASTINE;La Capital;Asfalto;Ripio;I;Dentro;Urbana;Otra Señal;Funciona;Recta;Bueno;Reducida;Con luz artificial;Buen Tiempo;Múltiple;S/D;Colisión;Ninguna;Vertical
1778;2021;7/3/2021;Domingo;04:30:00;;0.0;2;Moto/Ciclomotor,Camión Chasis;J J Paso Y 1ro de Mayo;2;1;0;1;0;0;Calle;SANTA FE;La Capital;S/D;S/D;I;S/D;Urbana;Otra Señal;S/D;S/D;S/D;S/D;S/D;S/D;Múltiple;S/D;Colisión;S/D;S/D
1779;2021;7/3/2021;Domingo;20:00:00;;0.0;1;Moto/Ciclomotor;Av. Pte. Perón Y Iturraspe;2;2;0;0;0;0;Avenida;SANTA FE;La Capital;Asfalto;No existe;I;S/D;Urbana;Otra Señal;Funciona;Intersección;Bueno;Buena;Nocturna;Buen Tiempo;Múltiple;S/D;Colisión;Ninguna;Vertical
1780;2021;7/3/2021;Domingo;03:00:00;;0.0;2;Moto/Ciclomotor,Automóvil;Salta Y Francia;3;2;0;1;0;0;Calle;SANTA FE;La Capital;Asfalto;No existe;I;S/D;Urbana;Otra Señal;No existe;Intersección;Con baches;Reducida;Nocturna;Buen Tiempo;Múltiple;S/D;Colisión;Ninguna;Vertical
1781;2021;7/3/2021;Domingo;03:10:00;Ruta Nacional 11;0.0;1;Automóvil;Av. Circunvalación ;1;1;0;0;0;0;Ruta;SANTA FE;La Capital;Asfalto;Pavimento;I;Dentro;Urbana;Otra Señal;No existe;Curva;Bueno;Buena;Nocturna;Buen Tiempo;Múltiple;S/D;Colisión;Ninguna;Faltante
1782;2021;7/3/2021;Domingo;18:00:00;;0.0;2;Moto/Ciclomotor,Automóvil;Av. Galicia Y Alberdi;2;0;0;0;0;2;Calle;SANTA FE;La Capital;S/D;No existe;I;Dentro;Urbana;Otra Señal;No existe;Otro;Otro;Reducida;Amanecer;Otro;Múltiple;S/D;Colisión;Otro;Faltante
1783;2021;7/3/2021;Domingo;20:45:00;;0.0;2;Automóvil,Automóvil;Piedras ;2;2;0;0;0;0;Calle;SANTA FE;La Capital;S/D;Ripio;I;Dentro;Urbana;Otra Señal;No funciona;Otro;Otro;Reducida;Con luz artificial;Otro;Múltiple;S/D;Colisión;S/D;Faltante
1784;2021;7/3/2021;Domingo;08:00:00;;0.0;1;Moto/Ciclomotor; ;1;1;0;0;0;0;S/D;LOS AMORES;Vera;S/D;S/D;XIX;S/D;S/D;Otra Señal;S/D;S/D;S/D;S/D;S/D;S/D;Múltiple;S/D;Colisión;S/D;S/D
1785;2021;7/3/2021;Domingo;;;0.0;2;Bicicleta,Automóvil; ;2;1;0;1;0;0;S/D;SAN LORENZO;San Lorenzo;S/D;S/D;XVII;S/D;S/D;Otra Señal;S/D;S/D;S/D;S/D;S/D;S/D;Múltiple;Ciclista;Colisión;S/D;S/D
1786;2021;7/3/2021;Domingo;02:25:00;;0.0;2;Moto/Ciclomotor,Peatón; ;3;2;0;1;0;0;S/D;SAN GENARO;San JERÓNIMO;S/D;S/D;XV;S/D;S/D;Otra Señal;S/D;S/D;S/D;S/D;S/D;S/D;Múltiple;Peatón;Colisión;S/D;S/D
1787;2021;7/3/2021;Domingo;21:30:00;;0.0;1;Automóvil;Calle 103 Y Calle 120;2;2;0;0;0;0;S/D;AVELLANEDA;General Obligado;S/D;S/D;IX;S/D;S/D;Otra Señal;S/D;S/D;S/D;S/D;S/D;S/D;Múltiple;S/D;Colisión;S/D;S/D
1788;2021;7/3/2021;Domingo;;Ruta Nacional 11;0.0;1;Automóvil;Ruta Nac 11 Av. Perón 2871;2;1;0;1;0;0;Ruta;SAN LORENZO;San Lorenzo;S/D;S/D;XVII;S/D;S/D;Otra Señal;S/D;S/D;S/D;S/D;S/D;S/D;Múltiple;S/D;Colisión;S/D;S/D
1789;2021;7/3/2021;Domingo;04:30:00;Ruta Nacional 11;726.0;2;Pickup/Utilitario,Moto/Ciclomotor;Ruta Nacional 11 726;4;0;0;3;1;0;Ruta;VERA;Vera;Asfalto;Natural;XIX;Dentro;Rural;Otra Señal;No existe;Intersección;Bueno;Reducida;Nocturna;Buen Tiempo;De alcance,Múltiple;S/D;Colisión;Ninguna;Vertical
1790;2021;7/3/2021;Domingo;16:20:00;Ruta Nacional 11;0.0;2;Moto/Ciclomotor,Pickup/Utilitario; ;2;1;0;1;0;0;Ruta;TIMBÚES;San Lorenzo;S/D;S/D;XVII;S/D;Urbana;Otra Señal;S/D;Intersección;S/D;S/D;S/D;S/D;De alcance,Múltiple;S/D;Colisión;S/D;S/D
1791;2021;7/3/2021;Domingo;05:15:00;;0.0;1;Automóvil;Eva Perón 2800;2;1;0;1;0;0;S/D;SAN LORENZO;San Lorenzo;S/D;S/D;XVII;S/D;S/D;Otra Señal;S/D;Intersección;S/D;S/D;S/D;S/D;De alcance,Múltiple;S/D;Colisión;S/D;S/D
1792;2021;7/3/2021;Domingo;17:00:00;;0.0;1;Moto/Ciclomotor;Bolivia Y Rivadavia;1;1;0;0;0;0;Calle;ROSARIO;Constitución;Asfalto;S/D;II;Dentro;Urbana;Otra Señal;S/D;Intersección;S/D;S/D;Diurna;S/D;Múltiple;S/D;Colisión;S/D;S/D
1793;2021;7/3/2021;Domingo;00:00:00;Ruta Nacional A007;0.0;1;Moto/Ciclomotor;Ayolas Y Av. Circunvalación;1;1;0;0;0;0;Ruta;ROSARIO;Constitución;Asfalto;S/D;II;Dentro;Urbana;Otra Señal;No existe;Intersección;S/D;S/D;Nocturna;S/D;Múltiple;S/D;Colisión;S/D;S/D
1794;2021;7/3/2021;Domingo;08:00:00;;0.0;1;Moto/Ciclomotor;Av. Francia Y Av. Uriburu;1;1;0;0;0;0;Avenida;ROSARIO;Constitución;Asfalto;S/D;II;Dentro;Urbana;Otra Señal;S/D;Intersección;S/D;S/D;Diurna;S/D;Múltiple;S/D;Colisión;S/D;S/D
1795;2021;7/3/2021;Domingo;19:50:00;;0.0;2;Automóvil,Moto/Ciclomotor;Bv. Avellaneda Y Gral.Mosconi;3;1;0;1;0;0;Avenida;ROSARIO;Constitución;Asfalto;No existe;II;Dentro;Urbana;Otra Señal;No existe;Intersección;Bueno;Buena;Con luz artificial;Buen Tiempo;Múltiple;S/D;Colisión;Ninguna;Faltante
1796;2021;7/3/2021;Domingo;18:30:00;;0.0;2;Moto/Ciclomotor,Automóvil;Castellanos Y Alvear;2;0;0;1;0;0;Calle;SANTA FE;Constitución;Asfalto;No existe;I;Dentro;Urbana;Otra Señal;No existe;Intersección;Bueno;S/D;Atardecer;S/D;Múltiple;S/D;Colisión;S/D;S/D
1797;2021;7/3/2021;Domingo;01:45:00;Ruta Nacional 9;0.0;2;Moto/Ciclomotor,Automóvil;Mendoza ;3;1;0;1;0;0;Ruta;CAÑADA DE GÓMEZ;Constitución;S/D;S/D;X;S/D;S/D;Otra Señal;S/D;Intersección;S/D;S/D;S/D;S/D;Múltiple;S/D;Colisión;S/D;S/D
1798;2021;7/3/2021;Domingo;11:30:00;;0.0;2;Moto/Ciclomotor,Automóvil;Calle 8 Y Calle 31;3;1;0;1;0;0;Calle;LAS TOSCAS;Constitución;Ripio;No existe;IV;Dentro;Urbana;Otra Señal;No existe;Intersección;Bueno;Buena;Diurna;Buen Tiempo;Múltiple;S/D;Colisión;Ninguna;Faltante
1799;2021;7/3/2021;Domingo;05:50:00;Ruta Provincial 92;0.0;1;Automóvil; ;4;1;0;2;0;0;Ruta;AREQUITO;Caseros;Asfalto;Natural;IV;Dentro;Urbana;Otra Señal;No existe;Intersección;Bueno;Buena;Diurna;Buen Tiempo;Múltiple;S/D;Colisión;Ninguna;Horizontal
1800;2021;7/3/2021;Domingo;05:25:00;;0.0;1;Moto/Ciclomotor;Falucho 740;2;0;0;0;0;0;Calle;GÁLVEZ;San JERÓNIMO;S/D;S/D;XV;S/D;S/D;Otra Señal;S/D;Intersección;S/D;S/D;S/D;S/D;Múltiple;S/D;Colisión;S/D;S/D
1801;2021;7/3/2021;Domingo;11:30:00;;0.0;2;Moto/Ciclomotor,Automóvil;Calle 8 Y Calle 29;3;0;0;1;0;0;S/D;LAS TOSCAS;General Obligado;S/D;S/D;IX;S/D;S/D;Otra Señal;S/D;Intersección;S/D;S/D;S/D;S/D;Múltiple;S/D;Colisión;S/D;S/D
1802;2021;8/3/2021;Lunes;18:30:00;;0.0;2;Automóvil,Pickup/Utilitario;Av. Los Colonizadores Y Nicolas Schneider;3;1;0;2;0;0;Avenida;ESPERANZA;Las Colonias;Asfalto;S/D;XI;Dentro;Urbana;S/D;No existe;Intersección;Bueno;Buena;Diurna;Buen Tiempo;Frontal;S/D;Colisión;Ninguna;S/D
1803;2021;8/3/2021;Lunes;14:40:00;;0.0;2;Moto/Ciclomotor,Bicicleta;Pres Domingo Faustino Sarmiento Y Gral. Enrique Mosconi;2;2;0;0;0;0;Calle;SANTO TOMÉ;La Capital;Asfalto;S/D;I;S/D;Urbana;Ninguna;No existe;Intersección;Bueno;Buena;Diurna;Buen Tiempo;S/D;Ciclista;Colisión;Ninguna;Faltante
1804;2021;8/3/2021;Lunes;10:40:00;Autopista Nacional Rosario -Cordoba;0.0;1;Automóvil; ;5;3;0;2;0;0;Autopista;ROSARIO;Rosario;Asfalto;Ripio;II;Dentro;Urbana;S/D;No existe;Intersección;Con baches,Resbaladiza,Deteriorada;Reducida;Diurna;Lluvia;S/D;S/D;Colisión;Agua;S/D
1805;2021;8/3/2021;Lunes;17:40:00;;0.0;2;Moto/Ciclomotor,Automóvil;Av. Ovidio Lagos Y Hilarion de la Quintana;2;1;0;1;0;0;Avenida;ROSARIO;Rosario;S/D;No existe;II;S/D;Urbana;Otra Señal;No existe;Intersección;S/D;Buena;Diurna;Buen Tiempo;Múltiple;S/D;Colisión;S/D;S/D
1806;2021;8/3/2021;Lunes;;;0.0;2;Moto/Ciclomotor,Automóvil;Av. Casiano Casas Y Ghiraldo;2;1;0;0;0;1;Calle;ROSARIO;Rosario;Asfalto;Pavimento;II;S/D;Urbana;Otra Señal;S/D;Intersección;Bueno;Buena;Diurna;Buen Tiempo;Múltiple;S/D;Colisión;S/D;Faltante
1807;2021;8/3/2021;Lunes;11:40:00;;0.0;2;Automóvil,Automóvil;Virasoro Y Bv. Oroño;2;1;0;1;0;0;Avenida;ROSARIO;Rosario;Asfalto;No existe;II;Dentro;Urbana;Otra Señal;Funciona;Intersección;Bueno;Buena;Diurna;Buen Tiempo;Múltiple;S/D;Colisión;Ninguna;Vertical
1808;2021;8/3/2021;Lunes;18:20:00;;0.0;2;Moto/Ciclomotor,Pickup/Utilitario;Virasoro Y Dorrego;2;1;0;1;0;0;Calle;ROSARIO;Rosario;Asfalto;No existe;II;Dentro;Urbana;Otra Señal;No existe;Intersección;Bueno;Buena;Diurna;Buen Tiempo;Múltiple;S/D;Colisión;Ninguna;Faltante
1809;2021;8/3/2021;Lunes;22:50:00;;0.0;2;Moto/Ciclomotor,Taxi/Remis;4 de Enero Y Juan Del Campillo;2;1;0;1;0;0;Calle;SANTA FE;La Capital;Asfalto;No existe;I;S/D;Urbana;Otra Señal;Funciona;Intersección;Bueno;Buena;Nocturna;Buen Tiempo;Múltiple;S/D;Colisión;Ninguna;Vertical
1810;2021;8/3/2021;Lunes;;;0.0;2;Automóvil,Automóvil; ;2;2;0;0;0;0;S/D;ESPERANZA;Las Colonias;S/D;S/D;XI;S/D;S/D;Otra Señal;S/D;Intersección;S/D;S/D;S/D;S/D;Múltiple;S/D;Colisión;S/D;S/D
1811;2021;8/3/2021;Lunes;;;0.0;2;Moto/Ciclomotor,Automóvil; ;2;1;0;1;0;0;S/D;PUERTO SAN MARTÍN;San Lorenzo;S/D;S/D;XVII;S/D;S/D;Otra Señal;S/D;Intersección;S/D;S/D;S/D;S/D;Múltiple;S/D;Colisión;S/D;S/D
1812;2021;8/3/2021;Lunes;;;0.0;2;Automóvil,Peatón; ;2;1;0;1;0;0;S/D;SAN LORENZO;San Lorenzo;S/D;S/D;XVII;S/D;S/D;Otra Señal;S/D;Intersección;S/D;S/D;S/D;S/D;Múltiple;Peatón;Colisión;S/D;S/D
1813;2021;8/3/2021;Lunes;;;0.0;2;Moto/Ciclomotor,Automóvil;Av. Galicia Y Alberdi;3;1;0;1;0;1;Calle;SANTA FE;La Capital;Asfalto;S/D;I;S/D;Urbana;Otra Señal;S/D;Intersección;S/D;S/D;S/D;S/D;Múltiple;S/D;Colisión;S/D;S/D
1814;2021;8/3/2021;Lunes;;;0.0;2;Automóvil,Peatón;José Ignacio Gorriti ;2;1;0;1;0;0;Avenida;SANTA FE;La Capital;S/D;S/D;I;S/D;Urbana;Otra Señal;S/D;Intersección;S/D;S/D;S/D;S/D;Múltiple;Peatón;Colisión;S/D;S/D
1815;2021;8/3/2021;Lunes;;;0.0;1;Moto/Ciclomotor;Estrada Y Iturraspe;2;2;0;0;0;0;Calle;SANTA FE;La Capital;S/D;S/D;I;S/D;Urbana;Otra Señal;S/D;Intersección;S/D;S/D;S/D;S/D;Múltiple;S/D;Colisión;S/D;S/D