ID_Accidente;A�o;Fecha;Dia;Hopra;Ruta/Autop;km;Participantes;Tipo;Lugar;Total;Heridos Leves;Heridos Graves;Ilesos;Fallecidos;Sin datos;desc_tipo_via;desc_loc;desc_dpto;|;desc_tipo_banquina;desc_unidad_regional;desc_lugar_calzada;desc_zona;desc_prioridad;desc_estado_semaforo;desc_lugar_via;desc_estado_via;desc_estado_visibilidad;desc_luminosidad;desc_estado_clima;desc_tipo_colision;desc_tipo_atropello;desc_tipo_hecho;desc_pres_calzada;desc_senializacion
1816;2021;8/3/2021;Lunes;16:00:00;Ruta Provincial 38;0.0;1;Automóvil; ;1;1;0;0;0;0;Ruta;CALCHAQUÍ;Vera;Tierra;Natural;XIX;Fuera;Urbana;Otra Señal;No existe;Intersección;Con baches;Buena;Diurna;Buen Tiempo;Múltiple;S/D;Colisión;Ninguna;Faltante
1817;2021;8/3/2021;Lunes;09:45:00;;0.0;2;Automóvil,Moto/Ciclomotor;Calle 26-Bolivar Y Calle 65-Canada;2;1;0;1;0;0;Calle;RECONQUISTA;General Obligado;Asfalto;S/D;IX;S/D;Urbana;Otra Señal;S/D;Intersección;S/D;S/D;S/D;S/D;Múltiple;S/D;Colisión;S/D;S/D
1818;2021;8/3/2021;Lunes;20:15:00;Ruta Provincial 18;1.0;2;Pickup/Utilitario,Moto/Ciclomotor;AV. OVIDIO LAGOS  Y 5 DE AGOSTO;3;0;0;1;2;0;Ruta;ROSARIO;Rosario;Asfalto;No existe;II;Dentro;Urbana;Otra Señal;Funciona;Intersección;Bueno;Buena;Con luz artificial;Buen Tiempo;De alcance,Múltiple;S/D;Colisión;Ninguna;Vertical
1819;2021;8/3/2021;Lunes;10:00:00;;0.0;1;Moto/Ciclomotor;Córdoba Y San Juan;1;1;0;0;0;0;Avenida;PUERTO SAN MARTÍN;San Lorenzo;Asfalto;No existe;XVII;Dentro;Urbana;Otra Señal;No existe;Intersección;Bueno;Buena;Diurna;Buen Tiempo;De alcance,Múltiple;S/D;Colisión;Ninguna;Horizontal
1820;2021;8/3/2021;Lunes;13:00:00;;0.0;1;Moto/Ciclomotor;Garay 5900;1;1;0;0;0;0;Calle;ROSARIO;Constitución;Asfalto;S/D;II;Dentro;Urbana;Otra Señal;S/D;Intersección;S/D;S/D;Diurna;S/D;Múltiple;S/D;Colisión;S/D;S/D
1821;2021;8/3/2021;Lunes;16:00:00;;0.0;1;Moto/Ciclomotor;Villa del Parque ;1;1;0;0;0;0;Calle;ROSARIO;Constitución;Asfalto;S/D;II;Dentro;Urbana;Otra Señal;S/D;Intersección;S/D;S/D;Diurna;S/D;Múltiple;S/D;Colisión;S/D;S/D
1822;2021;8/3/2021;Lunes;21:40:00;;0.0;1;Moto/Ciclomotor;Av. Provincias Unidas Y Mendoza;1;1;0;0;0;0;Avenida;ROSARIO;Constitución;Asfalto;S/D;II;Dentro;Urbana;Otra Señal;S/D;Intersección;S/D;S/D;Nocturna;S/D;Múltiple;S/D;Colisión;S/D;S/D
1823;2021;8/3/2021;Lunes;21:50:00;;0.0;2;Moto/Ciclomotor,Moto/Ciclomotor;24 De Setiembre Y G.Carrasco;3;2;0;0;0;0;Calle;ROSARIO;Constitución;Asfalto;No existe;II;Dentro;Urbana;Otra Señal;No existe;Intersección;Bueno;Buena;Con luz artificial;S/D;Múltiple;S/D;Colisión;Ninguna;Faltante
1824;2021;9/3/2021;Martes;17:00:00;;0.0;2;Pickup/Utilitario,Moto/Ciclomotor;25 de Mayo Y Belgrano;2;1;0;1;0;0;Calle;LAGUNA PAIVA;La Capital;Ripio;No existe;I;S/D;Urbana;Ninguna;No existe;Intersección;Bueno;Buena;Diurna;Buen Tiempo;Lateral;S/D;Colisión;Ninguna;Faltante
1825;2021;9/3/2021;Martes;12:20:00;;0.0;2;Moto/Ciclomotor,Automóvil;Rivadavia Y Primera Junta;2;1;0;1;0;0;Avenida;SANTA FE;La Capital;Asfalto;Pavimento;I;S/D;Urbana;Semáforo;Funciona;Intersección;Bueno;Buena;Diurna;Buen Tiempo;S/D;S/D;Colisión;Ninguna;S/D
1826;2021;9/3/2021;Martes;07:45:00;;0.0;2;Automóvil,Automóvil;Belgrano Y Junín;2;1;0;1;0;0;Calle;SANTA FE;La Capital;Asfalto;Pavimento;I;Dentro;Urbana;Ninguna;No existe;Intersección;Bueno;Buena;Diurna;Buen Tiempo;Lateral;S/D;Colisión;Ninguna;Faltante
1827;2021;9/3/2021;Martes;07:50:00;;0.0;2;Moto/Ciclomotor,Pickup/Utilitario;Bv Gálvez Y Belgrano;2;1;0;1;0;0;Avenida;SANTA FE;La Capital;Asfalto;No existe;I;Dentro;Urbana;S/D;Funciona;Intersección;Bueno;S/D;Diurna;S/D;Lateral;S/D;Colisión;S/D;S/D
1828;2021;9/3/2021;Martes;15:00:00;;0.0;2;Moto/Ciclomotor,Automóvil;Chacabuco Y Las Heras;2;1;0;1;0;0;Calle;SANTA FE;La Capital;Asfalto;No existe;I;Dentro;Urbana;S/D;No existe;Intersección;Bueno;S/D;Diurna;S/D;Lateral;S/D;Colisión;S/D;S/D
1829;2021;9/3/2021;Martes;17:50:00;Ruta Provincial 21;0.0;2;Automóvil,Moto/Ciclomotor;SAN JUAN Y RUTA 21;2;1;0;1;0;0;Ruta;PUEBLO ESTHER;Rosario;Asfalto;Pavimento;II;Dentro;Urbana;Ninguna;No existe;Intersección;Bueno;Buena;Diurna;Otro;Otro;S/D;Colisión;Otro;Faltante
1830;2021;9/3/2021;Martes;21:40:00;;0.0;1;Moto/Ciclomotor;Av. Juan Domingo Perón Y Fornieles;1;1;0;0;0;0;Avenida;VILLA GOBERNADOR GÁLVEZ;Rosario;Asfalto;No existe;II;S/D;Urbana;Ninguna;No existe;Intersección;Bueno;Buena;Nocturna,Con luz artificial;Buen Tiempo;Contra objeto fijo;S/D;Colisión;Ninguna;Faltante
1831;2021;9/3/2021;Martes;20:30:00;;0.0;2;Peatón,Pickup/Utilitario;Gdor. Freyre Y Gutiérrez;2;1;0;1;0;0;Calle;SANTA FE;La Capital;Asfalto;No existe;I;S/D;Urbana;Semáforo;Funciona;Intersección;Bueno;Buena;Con luz artificial;Buen Tiempo;S/D;Peatón;Colisión;S/D;S/D
1832;2021;9/3/2021;Martes;12:10:00;;0.0;2;Pickup/Utilitario,Pickup/Utilitario;Av. Peñaloza Y Fray C Rodríguez;2;1;0;1;0;0;Avenida;SANTA FE;La Capital;Asfalto;No existe;I;S/D;Urbana;Semáforo;Funciona;Intersección;Bueno;Buena;Diurna;Buen Tiempo;Lateral;S/D;Colisión;Ninguna;Vertical
1833;2021;9/3/2021;Martes;21:20:00;;0.0;1;Moto/Ciclomotor;Centeno Y Av. Corrientes;2;2;0;0;0;0;Calle;ROSARIO;Rosario;Asfalto;No existe;II;Dentro;Urbana;Otra Señal;S/D;Intersección;Bueno;Buena;Nocturna;Buen Tiempo;Múltiple;S/D;Colisión;Ninguna;Faltante
1834;2021;9/3/2021;Martes;08:50:00;;0.0;2;Bicicleta,Automóvil;Pte. Roca Y Viamonte;2;1;0;1;0;0;Calle;ROSARIO;Rosario;Asfalto;No existe;II;Dentro;Urbana;Otra Señal;No existe;Intersección;Bueno;Buena;Diurna;Buen Tiempo;Múltiple;Ciclista;Colisión;Ninguna;Faltante
1835;2021;9/3/2021;Martes;11:30:00;;0.0;2;Moto/Ciclomotor,Pickup/Utilitario;Salta Y España;5;1;0;4;0;0;Calle;ROSARIO;Rosario;S/D;S/D;II;S/D;Urbana;Otra Señal;S/D;Intersección;S/D;S/D;Diurna;S/D;Múltiple;S/D;Colisión;S/D;S/D
1836;2021;9/3/2021;Martes;01:20:00;;0.0;2;Taxi/Remis,Taxi/Remis;Bv. Oroño Y Jujuy;3;1;0;2;0;0;Avenida;ROSARIO;Rosario;Asfalto;S/D;II;S/D;Urbana;Otra Señal;S/D;Intersección;S/D;S/D;Nocturna;S/D;Múltiple;S/D;Colisión;S/D;S/D
1837;2021;9/3/2021;Martes;16:00:00;;0.0;2;Moto/Ciclomotor,Peatón;San Juan Y Catamarca;2;1;0;1;0;0;Calle;SANTA FE;La Capital;Asfalto;No existe;I;S/D;Urbana;Otra Señal;No existe;Intersección;Con baches;Buena;Diurna;Buen Tiempo;Múltiple;Peatón;Colisión;Ninguna;Faltante
1838;2021;9/3/2021;Martes;08:40:00;Autopista Nacional Rosario -Cordoba;304.0;2;Automóvil,Moto/Ciclomotor; ;2;1;0;1;0;0;Autopista;FUNES;Rosario;Asfalto;Natural;II;Dentro;Urbana;Otra Señal;No existe;Intersección;Deteriorada;Buena;Diurna;Buen Tiempo;Múltiple;S/D;Colisión;Ninguna;Horizontal,Vertical
1839;2021;9/3/2021;Martes;16:45:00;Autopista Nacional Rosario -Cordoba;0.0;2;Automóvil,Pickup/Utilitario; ;2;2;0;0;0;0;Autopista;FUNES;Rosario;Asfalto;Natural;II;S/D;Urbana;Otra Señal;No existe;Intersección;Deteriorada;Buena;Diurna;Buen Tiempo;Múltiple;S/D;Colisión;Ninguna;Horizontal,Vertical
1840;2021;9/3/2021;Martes;;;0.0;1;Automóvil; ;3;3;0;0;0;0;S/D;LA ORILLA;Las Colonias;S/D;S/D;XI;S/D;S/D;Otra Señal;S/D;Intersección;S/D;S/D;S/D;S/D;Múltiple;S/D;Colisión;S/D;S/D
1841;2021;9/3/2021;Martes;23:30:00;Ruta Nacional 11;0.0;2;Moto/Ciclomotor,Automóvil;Ruta Nacional 11 Y Calle 37-Bvard. Lovato;3;2;0;1;0;0;Ruta;RECONQUISTA;General Obligado;Asfalto;S/D;IX;S/D;Urbana;Otra Señal;S/D;Intersección;S/D;S/D;S/D;S/D;Múltiple;S/D;Colisión;S/D;S/D
1842;2021;9/3/2021;Martes;09:30:00;;0.0;2;Pickup/Utilitario,Moto/Ciclomotor;Calle 43-Fuerza Aérea Y Pasaje 44-46;3;1;0;2;0;0;Calle;RECONQUISTA;General Obligado;Asfalto;S/D;IX;S/D;Urbana;Otra Señal;S/D;Intersección;S/D;S/D;S/D;S/D;Múltiple;S/D;Colisión;S/D;S/D
1843;2021;9/3/2021;Martes;12:10:00;;0.0;1;Moto/Ciclomotor;Av. Arronga 1900;1;1;0;0;0;0;Calle;VERA;Vera;Ripio;No existe;XIX;Dentro;Urbana;Otra Señal;No existe;Recta;Bueno;Buena;Diurna;Buen Tiempo;Múltiple;S/D;Colisión;Otro;Faltante
1844;2021;9/3/2021;Martes;08:35:00;Ruta Provincial 10;143.0;1;Camión c / Acoplado;Ruta Prov. 10 ;1;0;0;0;1;0;Ruta;SANTA CLARA DE BUENA VISTA;Las Colonias;Asfalto;Natural;XI;Dentro;Rural;Otra Señal;No existe;Intersección;Bueno;Buena;Diurna;Buen Tiempo;De alcance,Múltiple;S/D;Colisión;Ninguna;Faltante
1845;2021;9/3/2021;Martes;20:20:00;;0.0;2;Pickup/Utilitario,Moto/Ciclomotor;Eva Perón Y General López;3;2;0;1;0;0;Calle;SAN LORENZO;San Lorenzo;Asfalto;Pavimento;XVII;S/D;Urbana;Otra Señal;No existe;Intersección;Bueno;Buena;Nocturna;Buen Tiempo;De alcance,Múltiple;S/D;Colisión;Ninguna;Faltante
1846;2021;9/3/2021;Martes;23:00:00;;0.0;2;Bicicleta,Moto/Ciclomotor;25 de Mayo Y Corrientes;2;1;0;1;0;0;Calle;SAN LORENZO;San Lorenzo;Asfalto;S/D;XVII;Dentro;Urbana;Otra Señal;S/D;Intersección;S/D;S/D;Nocturna;S/D;De alcance,Múltiple;Ciclista;Colisión;S/D;S/D
1847;2021;9/3/2021;Martes;18:20:00;;0.0;1;Moto/Ciclomotor;8 de Enero Y Salta;1;1;0;0;0;0;Calle;AREQUITO;Constitución;Tierra;Natural;IV;Dentro;Urbana;Otra Señal;No existe;Intersección;Deteriorada;Buena;Diurna;Buen Tiempo;Múltiple;S/D;Colisión;Ninguna;Faltante
1848;2021;9/3/2021;Martes;;;0.0;1;Moto/Ciclomotor; ;1;1;0;0;0;0;S/D;ROSARIO;Constitución;S/D;S/D;II;S/D;S/D;Otra Señal;S/D;Intersección;S/D;S/D;S/D;S/D;Múltiple;S/D;Colisión;S/D;S/D
1849;2021;9/3/2021;Martes;18:00:00;;0.0;1;Automóvil;Av. Pellegrini Y Constitución;2;2;0;0;0;0;Avenida;ROSARIO;Constitución;Asfalto;S/D;II;Dentro;Urbana;Otra Señal;S/D;Intersección;S/D;S/D;Atardecer;S/D;Múltiple;S/D;Colisión;S/D;S/D
1850;2021;9/3/2021;Martes;17:20:00;;0.0;1;Moto/Ciclomotor;Sarmiento 1900;2;1;0;0;0;0;Calle;SAN CRISTÓBAL;Constitución;Ripio;Natural;XIII;S/D;Urbana;Otra Señal;No existe;Intersección;Con baches;Buena;Diurna;Buen Tiempo;Múltiple;S/D;Colisión;Otro;S/D
1851;2021;9/3/2021;Martes;08:50:00;;0.0;2;Automóvil,Moto/Ciclomotor;Acevedo Bis Y J.J.Paso;2;0;0;1;0;0;Calle;ROSARIO;Constitución;Asfalto;No existe;II;Dentro;Urbana;Otra Señal;No existe;Intersección;Bueno;Buena;Diurna;Buen Tiempo;Múltiple;S/D;Colisión;Ninguna;Vertical
1852;2021;9/3/2021;Martes;;;0.0;2;Automóvil,Moto/Ciclomotor;SARMIENTO Y MENDOZA;2;0;0;1;0;0;Calle;CORONEL ARNOLD;Constitución;Asfalto;S/D;XVII;S/D;Urbana;Otra Señal;S/D;Intersección;S/D;S/D;S/D;S/D;Múltiple;S/D;Colisión;S/D;S/D
1853;2021;9/3/2021;Martes;11:55:00;;0.0;2;Moto/Ciclomotor,Automóvil;San Martin Y Santa Clara;3;1;0;1;0;0;Calle;SAN JOSÉ DE LA ESQUINA;Caseros;Asfalto;No existe;IV;Dentro;Urbana;Otra Señal;S/D;Intersección;Bueno;S/D;S/D;S/D;Múltiple;S/D;Colisión;Ninguna;S/D
1854;2021;10/3/2021;Miercoles;22:00:00;;0.0;1;Automóvil;Brown 800;1;1;0;0;0;0;Calle;SAN CRISTÓBAL;San CRISTÓBAL;Ripio;Natural;XIII;S/D;Urbana;Ninguna;No existe;Intersección;Con baches;Buena;Nocturna;Buen Tiempo;Múltiple;S/D;Colisión;Ninguna;Faltante
1855;2021;10/3/2021;Miercoles;17:25:00;;0.0;2;Automóvil,Moto/Ciclomotor;Av. 7 Jefes Y Domingo Silva;2;1;0;1;0;0;Calle;SANTA FE;La Capital;Asfalto;No existe;I;Dentro;Urbana;S/D;No existe;Intersección;Bueno;S/D;Atardecer;S/D;Lateral;S/D;Colisión;S/D;S/D
1856;2021;10/3/2021;Miercoles;09:20:00;;0.0;2;Moto/Ciclomotor,Automóvil;1ro de Mayo Y Irigoyen Freyre;2;1;0;1;0;0;Calle;SANTA FE;La Capital;Asfalto;Pavimento;I;Dentro;Urbana;Ninguna;No existe;Intersección;Bueno;Buena;Amanecer;Buen Tiempo;Lateral;S/D;Colisión;Ninguna;S/D
1857;2021;10/3/2021;Miercoles;20:50:00;;0.0;2;Peatón,Otros;Rivadavia Y Santiago del Estero;2;1;0;0;0;1;Calle;SANTA FE;La Capital;Asfalto;Pavimento;I;Dentro;Urbana;Semáforo;Funciona;Intersección;Bueno;Buena;Nocturna,Con luz artificial;Buen Tiempo;S/D;Peatón;Colisión;Ninguna;Faltante
1858;2021;10/3/2021;Miercoles;12:00:00;;0.0;2;Moto/Ciclomotor,Automóvil; ;3;2;0;1;0;0;Calle;SANTA FE;La Capital;S/D;S/D;I;S/D;Urbana;S/D;S/D;Intersección;S/D;S/D;S/D;S/D;S/D;S/D;Colisión;S/D;S/D
1859;2021;10/3/2021;Miercoles;10:55:00;;0.0;2;Taxi/Remis,Moto/Ciclomotor;Av. Ovidio Lagos Y Saavedra;2;1;0;1;0;0;Avenida;ROSARIO;Rosario;Asfalto;No existe;II;S/D;Urbana;Otra Señal;No existe;Intersección;Bueno;Buena;Diurna;Buen Tiempo;Múltiple;S/D;Colisión;Ninguna;Faltante
1860;2021;10/3/2021;Miercoles;12:10:00;;0.0;2;Moto/Ciclomotor,Taxi/Remis;Mitre Y Riobamba;2;1;0;1;0;0;Calle;ROSARIO;Rosario;Asfalto;No existe;II;Dentro;Urbana;Otra Señal;S/D;Intersección;Bueno;Buena;Diurna;Buen Tiempo;Múltiple;S/D;Colisión;Ninguna;S/D
1861;2021;10/3/2021;Miercoles;18:00:00;;0.0;2;Pickup/Utilitario,Moto/Ciclomotor;José Ingenieros Y L.M.Drago Bis;3;2;0;1;0;0;Calle;ROSARIO;Rosario;Asfalto;S/D;II;S/D;Urbana;Otra Señal;S/D;Intersección;Bueno;S/D;S/D;Buen Tiempo;Múltiple;S/D;Colisión;Ninguna;Horizontal
1862;2021;10/3/2021;Miercoles;18:30:00;;0.0;3;Automóvil,Moto/Ciclomotor,Peatón;Bv. Oroño Y San Lorenzo;3;1;0;2;0;0;Calle;ROSARIO;Rosario;Asfalto;S/D;II;S/D;Urbana;Otra Señal;S/D;Intersección;S/D;S/D;Diurna;S/D;Múltiple;Peatón;Colisión;S/D;S/D
1863;2021;10/3/2021;Miercoles;07:50:00;;0.0;2;Moto/Ciclomotor,Automóvil;Bv C Pellegrini Y Gral. Urquiza;2;1;0;1;0;0;Calle;SAN JUSTO;San Justo;Asfalto;No existe;XVI;Dentro;Urbana;Otra Señal;No existe;Intersección;Bueno;Buena;Diurna;Buen Tiempo;Múltiple;S/D;Colisión;Ninguna;Faltante
1864;2021;10/3/2021;Miercoles;;;0.0;2;Vehículo Oficial,Moto/Ciclomotor;25 de Mayo Y Alberdi;2;2;0;0;0;0;Calle;CORONDA;San JERÓNIMO;Asfalto;S/D;XV;S/D;Urbana;Otra Señal;S/D;Intersección;S/D;S/D;S/D;S/D;Múltiple;S/D;Colisión;S/D;S/D
1865;2021;10/3/2021;Miercoles;;Ruta Provincial 39;1.0;2;Moto/Ciclomotor,Bicicleta;Ruta Nº39 ;2;1;0;0;1;0;Ruta;SAN JAVIER;San Javier;Asfalto;S/D;XIV;S/D;Urbana;Otra Señal;S/D;Intersección;S/D;S/D;S/D;S/D;Múltiple;Ciclista;Colisión;S/D;S/D
1866;2021;10/3/2021;Miercoles;08:30:00;;0.0;2;Moto/Ciclomotor,Camión;Av. Galicia Y Lavalle;2;1;0;0;1;0;Calle;SANTA FE;La Capital;Asfalto;No existe;I;S/D;Urbana;Otra Señal;No existe;Intersección;Bueno;Buena;Diurna;Buen Tiempo;De alcance,Múltiple;S/D;Colisión;S/D;S/D
1867;2021;10/3/2021;Miercoles;15:00:00;;0.0;2;Moto/Ciclomotor,Pickup/Utilitario;25 de Mayo Y Jujuy;2;1;0;1;0;0;Calle;CAPITÁN BERMÚDEZ;San Lorenzo;Asfalto;Pavimento;XVII;Dentro;Urbana;Otra Señal;No existe;Intersección;Bueno;Buena;Diurna;Buen Tiempo;De alcance,Múltiple;S/D;Colisión;Ninguna;S/D
1868;2021;10/3/2021;Miercoles;;;0.0;1;Moto/Ciclomotor; ;1;1;0;0;0;0;S/D;ROSARIO;Constitución;S/D;S/D;II;S/D;S/D;Otra Señal;S/D;Intersección;S/D;S/D;S/D;S/D;Múltiple;S/D;Colisión;S/D;S/D
1869;2021;10/3/2021;Miercoles;;;0.0;1;Moto/Ciclomotor; ;1;1;0;0;0;0;S/D;ROSARIO;Constitución;S/D;S/D;II;S/D;S/D;Otra Señal;S/D;Intersección;S/D;S/D;S/D;S/D;Múltiple;S/D;Colisión;S/D;S/D
1870;2021;10/3/2021;Miercoles;;;0.0;1;Moto/Ciclomotor; ;1;1;0;0;0;0;S/D;ROSARIO;Constitución;S/D;S/D;II;S/D;S/D;Otra Señal;S/D;Intersección;S/D;S/D;S/D;S/D;Múltiple;S/D;Colisión;S/D;S/D
1871;2021;10/3/2021;Miercoles;19:30:00;Ruta Provincial 6;0.0;2;Bicicleta,Automóvil;San Martin Y E Wuthrich;2;0;0;1;0;0;Ruta;SAN CARLOS CENTRO;Constitución;Asfalto;Pavimento;XI;Dentro;Urbana;Otra Señal;No existe;Intersección;Bueno;Buena;Amanecer;Buen Tiempo;Múltiple;Ciclista;Colisión;Ninguna;Horizontal,Vertical
1872;2021;10/3/2021;Miercoles;12:30:00;;0.0;2;Moto/Ciclomotor,Moto/Ciclomotor;Garzón Y J.J.Paso;2;0;0;1;0;0;Calle;ROSARIO;Constitución;Asfalto;No existe;II;Dentro;Urbana;Otra Señal;No existe;Intersección;S/D;S/D;S/D;S/D;Múltiple;S/D;Colisión;S/D;Faltante
1873;2021;10/3/2021;Miercoles;;;0.0;2;Pickup/Utilitario,Moto/Ciclomotor;25 de Mayo Y Pueyrredón;2;0;0;1;0;0;Calle;SAN CARLOS CENTRO;Constitución;Asfalto;S/D;XI;S/D;Urbana;Otra Señal;S/D;Intersección;S/D;S/D;S/D;S/D;Múltiple;S/D;Colisión;S/D;S/D
1874;2021;11/3/2021;Jueves;20:45:00;Ruta Secundaria 69-s;0.0;1;Automóvil; ;5;2;0;3;0;0;Ruta;LA PELADA;Las Colonias;Tierra;Natural;XI;Fuera;Rural;Ninguna;No existe;Intersección;Otro;Reducida polvo;Nocturna;Buen Tiempo;Contra objeto fijo;S/D;Colisión;Material Suelto;Faltante
1875;2021;11/3/2021;Jueves;07:00:00;Ruta Provincial 21;0.0;2;Moto/Ciclomotor,Automóvil;Av. Gral. San Martin Y Av. Juan Domingo Perón;2;1;0;1;0;0;Ruta;VILLA GOBERNADOR GÁLVEZ;Rosario;Asfalto;No existe;II;Dentro;Urbana;Ninguna;Funciona;Intersección;Bueno;Buena;Diurna;Buen Tiempo;Lateral;S/D;Colisión;Ninguna;Faltante
1876;2021;11/3/2021;Jueves;15:45:00;Ruta Nacional 33;782.0;2;Moto/Ciclomotor,Automóvil; ;2;1;0;1;0;0;Ruta;PEREZ;Rosario;Asfalto;Pavimento;II;Dentro;Rural;Ninguna;No existe;Intersección;Bueno;Buena;Diurna;Buen Tiempo;Lateral;S/D;Colisión;Ninguna;S/D
1877;2021;11/3/2021;Jueves;12:20:00;;0.0;2;Pickup/Utilitario,Moto/Ciclomotor;Avenida San Martin Y 6 de Caballería;2;1;0;1;0;0;Avenida;TOSTADO;9 de Julio;Asfalto;Pavimento;XII;S/D;Urbana;Ninguna;No existe;Intersección;S/D;Buena;Diurna;Buen Tiempo;S/D;S/D;Colisión;S/D;S/D
1878;2021;11/3/2021;Jueves;14:40:00;;0.0;2;Moto/Ciclomotor,Moto/Ciclomotor;Nicaragua Y Zuviria;2;2;0;0;0;0;Calle;ROSARIO;Rosario;Asfalto;No existe;II;Dentro;Urbana;S/D;No existe;Intersección;Bueno;Buena;Diurna;Buen Tiempo;Lateral;S/D;Colisión;Ninguna;S/D
1879;2021;11/3/2021;Jueves;10:10:00;;0.0;2;Moto/Ciclomotor,Automóvil;Paraguay Y Ituzaingó;2;1;0;1;0;0;Calle;ROSARIO;Rosario;Asfalto;No existe;II;Dentro;Urbana;Otra Señal;No existe;Intersección;Bueno;Buena;Diurna;Buen Tiempo;Múltiple;S/D;Colisión;Ninguna;Faltante
1880;2021;11/3/2021;Jueves;15:00:00;;0.0;3;Automóvil,Pickup/Utilitario,Pickup/Utilitario;Av. Belgrano Y Av. Pellegrini;4;2;0;2;0;0;Avenida;ROSARIO;Rosario;Asfalto;No existe;II;Dentro;Urbana;Otra Señal;No existe;Intersección;Bueno;Buena;Diurna;Buen Tiempo;Múltiple;S/D;Colisión;Ninguna;Faltante
1881;2021;11/3/2021;Jueves;;Ruta Nacional 33;0.0;1;Camión c / Acoplado; ;1;1;0;0;0;0;Ruta;CHOVET;General LÓPEZ;S/D;S/D;VIII;S/D;Urbana;Otra Señal;S/D;Intersección;S/D;S/D;S/D;S/D;Múltiple;S/D;Colisión;S/D;S/D
1882;2021;11/3/2021;Jueves;;;0.0;2;Pickup/Utilitario,Peatón;PRESBÍTERO LUIS V. DUSSO 7900;2;1;0;1;0;0;Calle;SANTA FE;La Capital;Asfalto;S/D;I;S/D;Urbana;Otra Señal;S/D;Intersección;S/D;S/D;S/D;S/D;Múltiple;Peatón;Colisión;S/D;S/D
1883;2021;11/3/2021;Jueves;13:15:00;Ruta Nacional 8;0.0;2;Automóvil,Automóvil;Ovidio Lagos Av. Y Ruta Nac 8;5;2;0;3;0;0;Ruta;VENADO TUERTO;General LÓPEZ;Asfalto;S/D;VIII;S/D;Urbana;Otra Señal;S/D;Intersección;S/D;S/D;S/D;S/D;Múltiple;S/D;Colisión;S/D;S/D
1884;2021;11/3/2021;Jueves;21:30:00;;0.0;2;Moto/Ciclomotor,Moto/Ciclomotor;R S PEÑA Y Salta;2;2;0;0;0;0;Calle;VERA;Vera;Asfalto;No existe;XIX;S/D;Urbana;Otra Señal;No existe;Intersección;Con baches;Buena;Con luz artificial;Buen Tiempo;Múltiple;S/D;Colisión;Ninguna;Faltante
1885;2021;11/3/2021;Jueves;18:15:00;;0.0;2;Moto/Ciclomotor,Peatón;Av. Tte. Gral. Sánchez Y Ayolas;2;1;0;1;0;0;Avenida;ROSARIO;Rosario;Asfalto;No existe;II;Dentro;Urbana;Otra Señal;No existe;Cruce;Bueno;Buena;Atardecer;Buen Tiempo;De alcance,Múltiple;Peatón;Colisión;Ninguna;Horizontal
1886;2021;11/3/2021;Jueves;14:00:00;;0.0;2;Automóvil,Moto/Ciclomotor;Bv San Martin Y A Castellanos;2;1;0;1;0;0;Calle;ARMSTRONG;Belgrano;Asfalto;No existe;III;Dentro;Urbana;Otra Señal;No existe;Intersección;Bueno;Buena;Diurna;Buen Tiempo;De alcance,Múltiple;S/D;Colisión;Ninguna;Vertical
1887;2021;11/3/2021;Jueves;21:15:00;;0.0;2;Pickup/Utilitario,Transporte de Pasajeros Urbano (> 8 asientos);Av. San Lorenzo Y José Hernández;2;1;0;1;0;0;Calle;CAPITÁN BERMÚDEZ;San Lorenzo;Asfalto;No existe;XVII;S/D;Urbana;Otra Señal;No existe;Intersección;Bueno;Reducida;Nocturna;Buen Tiempo;De alcance,Múltiple;S/D;Colisión;Ninguna;Faltante
1888;2021;11/3/2021;Jueves;02:00:00;;0.0;1;Moto/Ciclomotor;Av. Uriburu Y Av. Corrientes;1;1;0;0;0;0;Avenida;ROSARIO;Constitución;Asfalto;S/D;II;Dentro;Urbana;Otra Señal;S/D;Intersección;S/D;S/D;Nocturna;S/D;Múltiple;S/D;Colisión;S/D;S/D
1889;2021;11/3/2021;Jueves;;;0.0;1;Moto/Ciclomotor; ;1;1;0;0;0;0;S/D;ROSARIO;Constitución;S/D;S/D;II;S/D;S/D;Otra Señal;S/D;Intersección;S/D;S/D;S/D;S/D;Múltiple;S/D;Colisión;S/D;S/D
1890;2021;11/3/2021;Jueves;17:15:00;;0.0;2;Moto/Ciclomotor,Automóvil;Garay Y Av. La Haya;2;2;0;0;0;0;Avenida;ROSARIO;Constitución;Asfalto;S/D;II;Dentro;Urbana;Otra Señal;S/D;Intersección;S/D;S/D;Diurna;S/D;Múltiple;S/D;Colisión;S/D;S/D
1891;2021;11/3/2021;Jueves;21:40:00;;0.0;2;Bicicleta,Otros;Av. Provincias Unidas Y Riobamba;2;1;0;0;0;1;Avenida;ROSARIO;Constitución;Asfalto;S/D;II;Dentro;Urbana;Otra Señal;S/D;Intersección;S/D;S/D;Nocturna;S/D;Múltiple;S/D;Colisión;S/D;S/D
1892;2021;11/3/2021;Jueves;;Ruta Secundaria 67-s;0.0;2;Automóvil,Moto/Ciclomotor;Guillermo Tell Y Enrique Nieman;2;1;0;0;0;0;Ruta;SAN JERÓNIMO NORTE;Constitución;Ripio;Natural;XI;Dentro;Urbana;Otra Señal;No existe;Intersección;Bueno;Buena;Diurna;Buen Tiempo;Múltiple;S/D;Colisión;Ninguna;Vertical
1893;2021;11/3/2021;Jueves;00:10:00;;0.0;1;Moto/Ciclomotor;Av. Arijon Y Av. Bermúdez;2;1;0;0;0;0;Calle;ROSARIO;Constitución;Asfalto;No existe;II;Dentro;Urbana;Otra Señal;No existe;Intersección;Bueno;Buena;Nocturna;Buen Tiempo;Múltiple;S/D;Colisión;Ninguna;S/D