ID_Accidente;A�o;Fecha;Dia;Hopra;Ruta/Autop;km;Participantes;Tipo;Lugar;Total;Heridos Leves;Heridos Graves;Ilesos;Fallecidos;Sin datos;desc_tipo_via;desc_loc;desc_dpto;|;desc_tipo_banquina;desc_unidad_regional;desc_lugar_calzada;desc_zona;desc_prioridad;desc_estado_semaforo;desc_lugar_via;desc_estado_via;desc_estado_visibilidad;desc_luminosidad;desc_estado_clima;desc_tipo_colision;desc_tipo_atropello;desc_tipo_hecho;desc_pres_calzada;desc_senializacion
1894;2021;11/3/2021;Jueves;20:15:00;Ruta Provincial 13;0.0;2;Automóvil,Camión c / Acoplado; ;3;1;0;1;0;0;Ruta;LOS CARDOS;Constitución;Tierra;S/D;XVIII;S/D;Rural;Otra Señal;S/D;Intersección;S/D;S/D;S/D;S/D;Múltiple;S/D;Colisión;S/D;S/D
1895;2021;12/3/2021;Viernes;20:30:00;Ruta Provincial 15;0.0;2;Automóvil,Bicicleta; ;2;1;0;1;0;0;Ruta;ARMSTRONG;Belgrano;Asfalto;Natural;III;S/D;Rural;Ninguna;No existe;Intersección;Bueno;Reducida;Nocturna;Buen Tiempo;Múltiple;Ciclista;Colisión;Ninguna;S/D
1896;2021;12/3/2021;Viernes;23:00:00;;0.0;1;Moto/Ciclomotor;1ro de Mayo Y Aragón;1;1;0;0;0;0;Calle;NELSON;La Capital;Tierra;No existe;I;S/D;Urbana;Ninguna;No existe;Intersección;Bueno;Buena;Con luz artificial;Buen Tiempo;S/D;S/D;Colisión;Ninguna;Faltante
1897;2021;12/3/2021;Viernes;19:00:00;;0.0;2;Automóvil,Moto/Ciclomotor;Juan de Garay Y San Lorenzo;2;1;0;1;0;0;Calle;SANTA FE;La Capital;Asfalto;S/D;I;S/D;Urbana;Ninguna;S/D;Intersección;Con baches;Buena;Atardecer;Buen Tiempo;S/D;S/D;Colisión;Ninguna;S/D
1898;2021;12/3/2021;Viernes;12:30:00;;0.0;2;Automóvil,Moto/Ciclomotor;Av. Freyre Y Uruguay;2;1;0;1;0;0;Avenida;SANTA FE;La Capital;Asfalto;S/D;I;S/D;Urbana;Ninguna;S/D;Intersección;Con baches;Buena;Diurna;Buen Tiempo;S/D;S/D;Colisión;Ninguna;S/D
1899;2021;12/3/2021;Viernes;18:30:00;;0.0;2;Moto/Ciclomotor,Pickup/Utilitario;Bv San diego Y Buenos Aires;2;1;0;1;0;0;Calle;VILLA GOBERNADOR GÁLVEZ;Rosario;Asfalto;No existe;II;S/D;Urbana;Ninguna;No existe;Intersección;Con baches;Buena;Diurna;Otro;S/D;S/D;Colisión;Ninguna;Faltante
1900;2021;12/3/2021;Viernes;12:45:00;;0.0;2;Moto/Ciclomotor,Automóvil;Francia Y Irigoyen Freyre;3;1;0;2;0;0;Calle;SANTA FE;La Capital;Asfalto;No existe;I;S/D;Urbana;Ninguna;No existe;Intersección;Bueno;Buena;Diurna;Buen Tiempo;Lateral;S/D;Colisión;Ninguna;Vertical
1901;2021;12/3/2021;Viernes;18:50:00;;0.0;2;Automóvil,Moto/Ciclomotor;Rivadavia Y Sarmiento;3;2;0;1;0;0;Calle;LAGUNA PAIVA;La Capital;Asfalto;S/D;I;S/D;Urbana;Ninguna;No existe;Intersección;Bueno;Buena;Atardecer;Buen Tiempo;Frontal;S/D;Colisión;Ninguna;Faltante
1902;2021;12/3/2021;Viernes;02:00:00;;0.0;2;Automóvil,Bicicleta;J.B.Justo Y García del Cossio Bis;2;1;0;1;0;0;Calle;ROSARIO;Rosario;Asfalto;No existe;II;Dentro;Urbana;Ninguna;No existe;Intersección;S/D;S/D;Nocturna;S/D;S/D;Ciclista;Colisión;S/D;Faltante
1903;2021;12/3/2021;Viernes;11:00:00;;0.0;2;Automóvil,Pickup/Utilitario;Av. Ntra.Sra.del Rosario Y Rodríguez;2;2;0;0;0;0;Calle;ROSARIO;Rosario;Asfalto;No existe;II;Dentro;Urbana;Ninguna;No existe;Intersección;Bueno;Buena;Diurna;Buen Tiempo;S/D;S/D;Colisión;Ninguna;Faltante
1904;2021;12/3/2021;Viernes;15:40:00;;0.0;2;Bicicleta,Pickup/Utilitario;Av. Ovidio Lagos Y Mendoza;2;1;0;0;0;1;Avenida;ROSARIO;Rosario;Asfalto;No existe;II;Dentro;Urbana;Otra Señal;No existe;Intersección;Bueno;Buena;Diurna;Buen Tiempo;Múltiple;Ciclista;Colisión;Ninguna;Faltante
1905;2021;12/3/2021;Viernes;08:15:00;;0.0;2;Moto/Ciclomotor,Automóvil;Jorge Newbery ;2;1;0;1;0;0;Avenida;FUNES;Rosario;Asfalto;Pavimento;II;Dentro;Urbana;Otra Señal;No existe;Intersección;Bueno;Buena;Diurna;Buen Tiempo;Múltiple;S/D;Colisión;Ninguna;Vertical
1906;2021;12/3/2021;Viernes;;;0.0;2;Moto/Ciclomotor,Moto/Ciclomotor; ;3;3;0;0;0;0;S/D;TEODELINA;General LÓPEZ;S/D;S/D;VIII;S/D;S/D;Otra Señal;S/D;Intersección;S/D;S/D;S/D;S/D;Múltiple;S/D;Colisión;S/D;S/D
1907;2021;12/3/2021;Viernes;;;0.0;2;Moto/Ciclomotor,Automóvil;Avda. 25 de Mayo Y Sarmiento;2;1;0;1;0;0;Calle;GÁLVEZ;San JERÓNIMO;Asfalto;S/D;XV;S/D;Urbana;Otra Señal;S/D;Intersección;S/D;S/D;S/D;S/D;Múltiple;S/D;Colisión;S/D;S/D
1908;2021;12/3/2021;Viernes;;;0.0;3;Moto/Ciclomotor,Moto/Ciclomotor,Bicicleta;9 de Julio Y Bv Pellegrini;4;4;0;0;0;0;Calle;SANTA FE;La Capital;Asfalto;S/D;I;S/D;Urbana;Otra Señal;S/D;Intersección;S/D;S/D;S/D;S/D;Múltiple;Ciclista;Colisión;S/D;S/D
1909;2021;12/3/2021;Viernes;;;0.0;1;Pickup/Utilitario;Av. 27 de Febrero Y Mendoza;1;1;0;0;0;0;Calle;SANTA FE;La Capital;Asfalto;S/D;I;S/D;Urbana;Otra Señal;S/D;Intersección;S/D;S/D;S/D;S/D;Múltiple;S/D;Colisión;S/D;S/D
1910;2021;12/3/2021;Viernes;10:30:00;;0.0;2;Moto/Ciclomotor,Pickup/Utilitario;Roque Sáenz PEÑA ;2;1;0;1;0;0;Calle;CALCHAQUÍ;Vera;Asfalto;Natural;XIX;Dentro;Urbana;Otra Señal;No existe;Recta;Bueno;Buena;Diurna;Buen Tiempo;Múltiple;S/D;Colisión;Ninguna;Vertical
1911;2021;12/3/2021;Viernes;12:15:00;Ruta Secundaria 50-s;1.0;2;Bicicleta,Pickup/Utilitario;Mariano Moreno ;6;0;0;5;1;0;Ruta;FRANCK;Las Colonias;Asfalto;Natural;XI;S/D;Rural;Otra Señal;No existe;Intersección;Bueno;Buena;Diurna;Buen Tiempo;De alcance,Múltiple;Ciclista;Colisión;Ninguna;Horizontal
1912;2021;12/3/2021;Viernes;19:25:00;;0.0;2;Bicicleta,Pickup/Utilitario;Calle 31-Newbery Y Calle 8-Chacabuco;3;2;0;1;0;0;Calle;RECONQUISTA;General Obligado;Asfalto;No existe;IX;Dentro;Urbana;Otra Señal;No existe;Intersección;Bueno;Buena;Nocturna;Buen Tiempo;Múltiple;Ciclista;Colisión;Ninguna;Horizontal,Vertical
1913;2021;12/3/2021;Viernes;07:15:00;;0.0;2;Moto/Ciclomotor,Automóvil;Av. Génova Y Garzón;2;0;0;1;0;0;Calle;ROSARIO;Constitución;Asfalto;No existe;II;Dentro;Urbana;Otra Señal;No existe;Intersección;S/D;S/D;Diurna;S/D;Múltiple;S/D;Colisión;S/D;Faltante
1914;2021;12/3/2021;Viernes;15:00:00;Ruta Provincial 18;9.0;2;Automóvil,Automóvil; ;5;4;0;0;0;0;Ruta;PIÑERO;Constitución;Asfalto;Natural;II;Dentro;Urbana;Otra Señal;No existe;Intersección;Bueno;Buena;Diurna;Buen Tiempo;Múltiple;S/D;Colisión;Ninguna;Vertical
1915;2021;12/3/2021;Viernes;;Ruta Nacional 11;0.0;2;Automóvil,Moto/Ciclomotor;Ruta Nac 11 Y Ruta 18 S;2;0;0;1;0;0;Ruta;PUERTO SAN MARTÍN;Constitución;Asfalto;S/D;XVII;S/D;Urbana;Otra Señal;S/D;Intersección;S/D;S/D;S/D;S/D;Múltiple;S/D;Colisión;S/D;S/D
1916;2021;12/3/2021;Viernes;16:45:00;;0.0;2;Moto/Ciclomotor,Moto/Ciclomotor;Av. Génova Y Pje. Aguapey Bis;2;0;0;0;0;0;Calle;ROSARIO;Rosario;Asfalto;No existe;II;Dentro;Urbana;Otra Señal;No existe;Intersección;S/D;Buena;Diurna;S/D;Múltiple;S/D;Colisión;S/D;Faltante
1917;2021;13/3/2021;Sabado;06:15:00;Ruta Provincial 39;0.0;1;Moto/Ciclomotor;ruta pcial 39-s ;1;1;0;0;0;0;Ruta;ARRUFÓ;San CRISTÓBAL;Asfalto;Natural;XIII;Dentro;Rural;Ninguna;No existe;Intersección;Bueno;Buena;Diurna;Buen Tiempo;Múltiple;S/D;Colisión;Ninguna;Faltante
1918;2021;13/3/2021;Sabado;19:10:00;;0.0;1;Bicicleta;Juárez Celman 440;1;1;0;0;0;0;Calle;TORTUGAS;Belgrano;Asfalto;S/D;III;S/D;Urbana;Ninguna;No existe;Intersección;Bueno;Buena;Diurna;Buen Tiempo;Múltiple;Ciclista;Colisión;Ninguna;Faltante
1919;2021;13/3/2021;Sabado;17:05:00;;0.0;2;Automóvil,Moto/Ciclomotor;Obispo Gelabert Y Genaro Almaraz;2;1;0;1;0;0;Calle;SANTO TOMÉ;La Capital;Ripio;No existe;I;S/D;Urbana;Ninguna;S/D;Intersección;Bueno;S/D;S/D;Buen Tiempo;Lateral;S/D;Colisión;Ninguna;Faltante
1920;2021;13/3/2021;Sabado;19:00:00;;0.0;2;Moto/Ciclomotor,Pickup/Utilitario;Dean Funes Y Crespo;3;2;0;1;0;0;Calle;ROSARIO;Rosario;Asfalto;No existe;II;S/D;Urbana;Ninguna;No existe;Intersección;Bueno;Buena;Atardecer;Buen Tiempo;S/D;S/D;Colisión;Ninguna;Faltante
1921;2021;13/3/2021;Sabado;19:15:00;;0.0;2;Automóvil,Moto/Ciclomotor;Av. Pellegrini Y Av. Provincias Unidas;4;1;0;3;0;0;Calle;ROSARIO;Rosario;Asfalto;No existe;II;S/D;Urbana;Otra Señal;Funciona;Intersección;Bueno;Buena;Nocturna;Buen Tiempo;Múltiple;S/D;Colisión;Ninguna;Faltante
1922;2021;13/3/2021;Sabado;;;0.0;2;Moto/Ciclomotor,Pickup/Utilitario;Boulevard Villada Y Diagonal sin nombre;2;1;0;1;0;0;Calle;CASILDA;Caseros;S/D;S/D;IV;S/D;Urbana;Otra Señal;S/D;Intersección;S/D;S/D;S/D;S/D;Múltiple;S/D;Colisión;S/D;S/D
1923;2021;13/3/2021;Sabado;;Ruta Provincial 6;0.0;2;Pickup/Utilitario,Bicicleta;San Martin ;2;1;0;1;0;0;Ruta;SAN CARLOS CENTRO;Las Colonias;S/D;S/D;XI;S/D;Urbana;Otra Señal;S/D;Intersección;S/D;S/D;S/D;S/D;Múltiple;Ciclista;Colisión;S/D;S/D
1924;2021;13/3/2021;Sabado;;;0.0;2;Moto/Ciclomotor,Automóvil; ;2;1;0;1;0;0;S/D;ESPERANZA;Las Colonias;S/D;S/D;XI;S/D;S/D;Otra Señal;S/D;Intersección;S/D;S/D;S/D;S/D;Múltiple;S/D;Colisión;S/D;S/D
1925;2021;13/3/2021;Sabado;;;0.0;2;Otros,Automóvil;Belgrano Y Constituyentes;2;1;0;1;0;0;Calle;RAFAELA;Castellanos;Asfalto;S/D;V;S/D;Urbana;Otra Señal;S/D;Intersección;S/D;S/D;S/D;S/D;Múltiple;S/D;Colisión;S/D;S/D
1926;2021;13/3/2021;Sabado;;Ruta Provincial 70;0.0;1;Moto/Ciclomotor;Av. Luis Fanti ;1;1;0;0;0;0;Ruta;RAFAELA;Castellanos;Asfalto;S/D;V;S/D;Urbana;Otra Señal;S/D;Intersección;S/D;S/D;S/D;S/D;Múltiple;S/D;Colisión;S/D;S/D
1927;2021;13/3/2021;Sabado;12:25:00;Ruta Nacional 11;406.0;2;Automóvil,Tren; ;3;2;0;1;0;0;Ruta;SAN FABIÁN;San JERÓNIMO;S/D;S/D;XV;S/D;Urbana;Otra Señal;S/D;Intersección;S/D;S/D;S/D;S/D;Múltiple;S/D;Colisión;S/D;S/D
1928;2021;13/3/2021;Sabado;;Autopista Nacional Gral. Juan Jose Valle;0.0;2;Automóvil,Camión Chasis; ;2;0;0;1;0;0;Autopista;VILLA GOBERNADOR GÁLVEZ;Rosario;S/D;S/D;II;S/D;Urbana;Otra Señal;S/D;Intersección;S/D;S/D;S/D;S/D;Múltiple;S/D;Colisión;S/D;S/D
1929;2021;13/3/2021;Sabado;22:30:00;Autopista Nacional A008;0.0;3;Automóvil,Automóvil,Automóvil;Av. Circunvalación ;3;1;0;2;0;0;Autopista;ROSARIO;Rosario;Asfalto;No existe;II;S/D;Urbana;Otra Señal;No existe;Intersección;Bueno;Buena;Nocturna;Buen Tiempo;Múltiple;S/D;Colisión;Ninguna;Faltante
1930;2021;13/3/2021;Sabado;18:30:00;Autopista Nacional A008;0.0;2;Moto/Ciclomotor,Moto/Ciclomotor;Av. Circunvalación Y San Martin;2;2;0;0;0;0;Autopista;ROSARIO;Rosario;Asfalto;No existe;II;Dentro;Urbana;Otra Señal;No existe;Intersección;Bueno;Buena;Diurna;Buen Tiempo;De alcance,Múltiple;S/D;Colisión;Ninguna;Faltante
1931;2021;13/3/2021;Sabado;19:00:00;Autopista Nacional A008;0.0;1;Automóvil;Av. Circunvalación ;3;3;0;0;0;0;Autopista;ROSARIO;Rosario;Asfalto;S/D;II;S/D;Urbana;Otra Señal;No existe;Recta;Bueno;Buena;Diurna;Buen Tiempo;De alcance,Múltiple;S/D;Colisión;S/D;S/D
1932;2021;13/3/2021;Sabado;09:40:00;Ruta Provincial 92;0.0;2;Moto/Ciclomotor,Automóvil; ;2;1;0;1;0;0;Ruta;SAN JOSÉ DE LA ESQUINA;Constitución;Asfalto;No existe;IV;Dentro;Urbana;Otra Señal;No existe;Intersección;Bueno;S/D;S/D;S/D;Múltiple;S/D;Colisión;Ninguna;S/D
1933;2021;13/3/2021;Sabado;;;0.0;1;Automóvil; ;1;1;0;0;0;0;S/D;FIGHIERA;Constitución;S/D;S/D;II;S/D;S/D;Otra Señal;S/D;Intersección;S/D;S/D;S/D;S/D;Múltiple;S/D;Colisión;S/D;S/D
1934;2021;13/3/2021;Sabado;14:00:00;;0.0;1;Moto/Ciclomotor;Av. Ovidio Lagos Y Virasoro;1;1;0;0;0;0;Avenida;ROSARIO;Constitución;Asfalto;S/D;II;Dentro;Urbana;Otra Señal;S/D;Intersección;S/D;S/D;Diurna;S/D;Múltiple;S/D;Colisión;S/D;S/D
1935;2021;13/3/2021;Sabado;16:00:00;;0.0;1;Bicicleta;Mendoza Y Entre Ríos;1;1;0;0;0;0;Calle;ROSARIO;Constitución;Asfalto;No existe;II;Dentro;Urbana;Otra Señal;Funciona;Intersección;Bueno;S/D;Diurna;S/D;Múltiple;S/D;Colisión;Ninguna;Horizontal,Vertical
1936;2021;13/3/2021;Sabado;00:00:00;Ruta Nacional A008;0.0;2;Moto/Ciclomotor,Moto/Ciclomotor;J.J.Paso Y Av. Circunvalación;2;2;0;0;0;0;Ruta;ROSARIO;Constitución;Asfalto;No existe;II;Dentro;Urbana;Otra Señal;No existe;Intersección;Bueno;S/D;Nocturna;S/D;Múltiple;S/D;Colisión;Ninguna;Faltante
1937;2021;13/3/2021;Sabado;17:00:00;;0.0;1;Bicicleta; ;1;1;0;0;0;0;S/D;ROSARIO;Constitución;S/D;S/D;II;S/D;S/D;Otra Señal;S/D;Intersección;S/D;S/D;Diurna;S/D;Múltiple;S/D;Colisión;S/D;S/D
1938;2021;13/3/2021;Sabado;12:00:00;;0.0;1;Moto/Ciclomotor; ;1;1;0;0;0;0;S/D;ROSARIO;Constitución;S/D;S/D;II;S/D;S/D;Otra Señal;S/D;Intersección;S/D;S/D;Diurna;S/D;Múltiple;S/D;Colisión;S/D;S/D
1939;2021;13/3/2021;Sabado;17:30:00;;0.0;1;Moto/Ciclomotor; ;1;1;0;0;0;0;S/D;ROSARIO;Constitución;S/D;S/D;II;S/D;S/D;Otra Señal;S/D;Intersección;S/D;S/D;Diurna;S/D;Múltiple;S/D;Colisión;S/D;S/D
1940;2021;13/3/2021;Sabado;19:00:00;;0.0;1;Bicicleta;Av. Uriburu Y Av. Francia;1;1;0;0;0;0;Calle;ROSARIO;Constitución;Asfalto;No existe;II;Dentro;Urbana;Otra Señal;Funciona;Intersección;Bueno;S/D;Diurna;S/D;Múltiple;S/D;Colisión;Ninguna;Horizontal,Vertical
1941;2021;13/3/2021;Sabado;;;0.0;1;Moto/Ciclomotor;Valparaíso Y Bv. Seguí;1;1;0;0;0;0;Avenida;ROSARIO;Constitución;S/D;S/D;II;S/D;Urbana;Otra Señal;S/D;Intersección;S/D;S/D;S/D;S/D;Múltiple;S/D;Colisión;S/D;S/D
1942;2021;13/3/2021;Sabado;20:00:00;;0.0;1;Moto/Ciclomotor;Av. Pte. Perón Y Tte.Agneta;1;1;0;0;0;0;Calle;ROSARIO;Constitución;Asfalto;No existe;II;Dentro;Urbana;Otra Señal;No existe;Intersección;Bueno;S/D;Nocturna;S/D;Múltiple;S/D;Colisión;Ninguna;Horizontal
1943;2021;13/3/2021;Sabado;22:15:00;;0.0;1;Moto/Ciclomotor;Av. Pellegrini Y Crespo;1;1;0;0;0;0;Calle;ROSARIO;Constitución;Asfalto;No existe;II;Dentro;Urbana;Otra Señal;Funciona;Intersección;Bueno;S/D;Nocturna;S/D;Múltiple;S/D;Colisión;Ninguna;Horizontal,Vertical
1944;2021;13/3/2021;Sabado;10:15:00;;0.0;2;Moto/Ciclomotor,Automóvil;Avenida 17 Y Cortada 24 bis;2;0;0;1;0;0;Calle;LAS PAREJAS;Constitución;Asfalto;No existe;III;Dentro;Urbana;Otra Señal;No existe;Intersección;Bueno;Buena;Diurna;Buen Tiempo;Múltiple;S/D;Colisión;Ninguna;Faltante
1945;2021;13/3/2021;Sabado;14:45:00;Autopista Provincial Brigadier E.LÓPEZ;0.0;2;Moto/Ciclomotor,Pickup/Utilitario; ;3;1;0;1;0;0;Autopista;SANTO TOMÉ;Constitución;Asfalto;Natural;I;S/D;Urbana;Otra Señal;No existe;Intersección;Bueno;Buena;Diurna;Buen Tiempo;Múltiple;S/D;Colisión;Ninguna;S/D
1946;2021;13/3/2021;Sabado;21:00:00;Ruta Provincial 1;1.5;3;Peatón,Peatón,Automóvil; ;3;0;0;1;1;0;Ruta;COLASTINE;Constitución;Asfalto;Pavimento;I;Dentro;Urbana;Otra Señal;Funciona;Intersección;Bueno;Buena;Con luz artificial;Buen Tiempo;Múltiple;Peatón;Colisión;Ninguna;Vertical
1947;2021;13/3/2021;Sabado;;;0.0;2;Moto/Ciclomotor,Moto/Ciclomotor; ;2;0;0;0;0;0;S/D;ESPERANZA;Las Colonias;S/D;S/D;XI;S/D;S/D;Otra Señal;S/D;Intersección;S/D;S/D;S/D;S/D;Múltiple;S/D;Colisión;S/D;S/D
1948;2021;14/3/2021;Domingo;20:10:00;;0.0;2;Automóvil,Moto/Ciclomotor;J B Justo Y Caseros;2;1;0;1;0;0;Calle;SAN CRISTÓBAL;San CRISTÓBAL;Asfalto;S/D;XIII;S/D;Urbana;Semáforo;Funciona;Intersección;Bueno;Buena;Nocturna,Con luz artificial;Buen Tiempo;Múltiple;S/D;Colisión;Ninguna;Faltante
1949;2021;14/3/2021;Domingo;20:50:00;Ruta Secundaria 74-s;0.0;2;Moto/Ciclomotor,Automóvil;Enrique Crippa Y Javier Arrufo;3;2;0;1;0;0;Ruta;ARRUFÓ;San CRISTÓBAL;Ripio;S/D;XIII;Dentro;Urbana;Ninguna;No existe;Intersección;Resbaladiza;Reducida;Nocturna;Buen Tiempo;Múltiple;S/D;Colisión;Ninguna;Faltante
1950;2021;14/3/2021;Domingo;22:15:00;;0.0;2;Automóvil,Moto/Ciclomotor;Calle 25 Y Calle 14;2;1;0;1;0;0;Calle;LAS PAREJAS;Belgrano;Ripio;No existe;III;S/D;Urbana;Ninguna;No existe;Intersección;Deteriorada;Reducida;Nocturna;Buen Tiempo;Múltiple;S/D;Colisión;Ninguna;Faltante
1951;2021;14/3/2021;Domingo;13:40:00;;0.0;2;Moto/Ciclomotor,Automóvil;Av. Leandro Alem Y Candioti;2;1;0;1;0;0;Avenida;SANTA FE;La Capital;Asfalto;No existe;I;Dentro;Urbana;S/D;Funciona;Intersección;Bueno;S/D;Diurna;S/D;Lateral;S/D;Colisión;S/D;S/D
1952;2021;14/3/2021;Domingo;22:40:00;;0.0;1;Moto/Ciclomotor;Neuquén Y Baldaccini;1;1;0;0;0;0;Calle;MONTE VERA;La Capital;Ripio;No existe;I;S/D;Urbana;Ninguna;No existe;Intersección;Bueno;Buena;Nocturna,Con luz artificial;Buen Tiempo;Atropello animal;S/D;Colisión;Ninguna;Faltante
1953;2021;14/3/2021;Domingo;12:15:00;;0.0;2;Moto/Ciclomotor,Automóvil;Pueyrredón Y Av. Jorge Cura;2;1;0;1;0;0;Avenida;ROSARIO;Rosario;Asfalto;No existe;II;S/D;Urbana;Ninguna;No existe;Intersección;Bueno;Buena;Diurna;Buen Tiempo;Lateral;S/D;Colisión;Ninguna;Faltante
1954;2021;14/3/2021;Domingo;;;0.0;2;Moto/Ciclomotor,Automóvil;Ayacucho 4500;3;1;0;2;0;0;Calle;ROSARIO;Rosario;Asfalto;No existe;II;Dentro;Urbana;Otra Señal;No existe;Intersección;Bueno;Buena;Diurna;Buen Tiempo;Múltiple;S/D;Colisión;Ninguna;Faltante
1955;2021;14/3/2021;Domingo;17:00:00;;0.0;2;Moto/Ciclomotor,Pickup/Utilitario;Italia Y Saavedra;3;1;0;2;0;0;Calle;ROSARIO;Rosario;Asfalto;No existe;II;Dentro;Urbana;Otra Señal;No existe;Intersección;Otro;Buena;Diurna;Buen Tiempo;Múltiple;S/D;Colisión;Ninguna;Faltante
1956;2021;14/3/2021;Domingo;23:45:00;;0.0;2;Pickup/Utilitario,Moto/Ciclomotor;Av. Luis Carballo Y Bv. Avellaneda Bis;3;2;0;1;0;0;Avenida;ROSARIO;Rosario;Asfalto;S/D;II;S/D;Urbana;Otra Señal;S/D;Intersección;Bueno;Buena;Nocturna;Buen Tiempo;Múltiple;S/D;Colisión;S/D;Horizontal
1957;2021;14/3/2021;Domingo;;;0.0;1;Automóvil;Almafuerte 200;2;2;0;0;0;0;Calle;RAFAELA;Castellanos;Asfalto;S/D;V;S/D;Urbana;Otra Señal;S/D;Intersección;S/D;S/D;S/D;S/D;Múltiple;S/D;Colisión;S/D;S/D
1958;2021;14/3/2021;Domingo;;;0.0;1;Automóvil;Salta Y Garibaldi;2;2;0;0;0;0;Calle;RAFAELA;Castellanos;Asfalto;S/D;V;S/D;Urbana;Otra Señal;S/D;Intersección;S/D;S/D;S/D;S/D;Múltiple;S/D;Colisión;S/D;S/D
1959;2021;14/3/2021;Domingo;;;0.0;1;Automóvil;Las Caléndulas Y Los Alelies;1;1;0;0;0;0;Calle;RAFAELA;Castellanos;S/D;S/D;V;S/D;Urbana;Otra Señal;S/D;Intersección;S/D;S/D;S/D;S/D;Múltiple;S/D;Colisión;S/D;S/D
1960;2021;14/3/2021;Domingo;;;0.0;2;Moto/Ciclomotor,Moto/Ciclomotor;Calle 21-Gdor. Iriondo Y Calle 2-Constituyentes;4;3;0;1;0;0;Calle;RECONQUISTA;General Obligado;S/D;S/D;IX;S/D;Urbana;Otra Señal;S/D;Intersección;S/D;S/D;S/D;S/D;Múltiple;S/D;Colisión;S/D;S/D
1961;2021;14/3/2021;Domingo;20:00:00;Ruta Nacional A008;0.0;2;Automóvil,Moto/Ciclomotor;Av. Circunvalación Y Mendoza;3;2;0;1;0;0;Ruta;ROSARIO;Rosario;Asfalto;No existe;II;S/D;Urbana;Otra Señal;No existe;Intersección;Bueno;Buena;S/D;Buen Tiempo;Múltiple;S/D;Colisión;Ninguna;S/D
1962;2021;14/3/2021;Domingo;15:05:00;;0.0;2;Moto/Ciclomotor,Moto/Ciclomotor;9 de Julio Y San Martin;3;3;0;0;0;0;Calle;VERA;Vera;Asfalto;No existe;XIX;Dentro;Urbana;Otra Señal;No existe;Intersección;Bueno;Buena;Diurna;Buen Tiempo;Múltiple;S/D;Colisión;Ninguna;Vertical
1963;2021;14/3/2021;Domingo;14:00:00;Ruta Nacional 11;664.0;1;Automóvil; ;1;1;0;0;0;0;Ruta;CALCHAQUÍ;Vera;Tierra;Natural;XIX;Dentro;Rural;Otra Señal;No existe;Recta;Deteriorada;Buena;Diurna;Buen Tiempo;Múltiple;S/D;Colisión;Ninguna;Faltante
1964;2021;14/3/2021;Domingo;22:30:00;;0.0;1;Moto/Ciclomotor; ;1;0;0;0;1;0;Camino Rural;SUNCHALES;Castellanos;Tierra;S/D;V;S/D;Rural;Otra Señal;S/D;Intersección;S/D;S/D;Nocturna;S/D;De alcance,Múltiple;S/D;Colisión;S/D;S/D
1965;2021;14/3/2021;Domingo;01:20:00;Ruta Provincial 40;4.0;2;Bicicleta,Pickup/Utilitario; ;2;0;0;1;1;0;Ruta;RECONQUISTA;General Obligado;Asfalto;S/D;IX;S/D;Rural;Otra Señal;S/D;Intersección;S/D;S/D;Nocturna;S/D;De alcance,Múltiple;Ciclista;Colisión;S/D;S/D
1966;2021;14/3/2021;Domingo;12:15:00;Ruta Nacional 11;0.0;2;Peatón,Automóvil; ;2;1;0;1;0;0;Ruta;SAN LORENZO;San Lorenzo;S/D;S/D;XVII;Dentro;Urbana;Otra Señal;S/D;Intersección;S/D;S/D;Diurna;S/D;De alcance,Múltiple;Peatón;Colisión;S/D;S/D
1967;2021;14/3/2021;Domingo;19:50:00;;0.0;2;Peatón,Tren;Ángel Marino Gervaso ;2;1;0;1;0;0;Calle;CAPITÁN BERMÚDEZ;San Lorenzo;S/D;No existe;XVII;Dentro;Urbana;Otra Señal;No existe;Intersección;Con baches;Reducida;Nocturna;Buen Tiempo;De alcance,Múltiple;Peatón;Colisión;Ninguna;Vertical
1968;2021;14/3/2021;Domingo;19:00:00;;0.0;2;Moto/Ciclomotor,Automóvil;Rivadavia Y Belgrano;2;2;0;0;0;0;Calle;BIGAND;Constitución;Asfalto;No existe;IV;Dentro;Urbana;Otra Señal;No existe;Intersección;Bueno;Buena;Diurna;Buen Tiempo;Múltiple;S/D;Colisión;Ninguna;Faltante
1969;2021;14/3/2021;Domingo;;;0.0;1;Moto/Ciclomotor;Camilo Aldao Y Virasoro;1;1;0;0;0;0;Avenida;ROSARIO;Constitución;S/D;S/D;II;S/D;Urbana;Otra Señal;S/D;Intersección;S/D;S/D;S/D;S/D;Múltiple;S/D;Colisión;S/D;S/D
1970;2021;14/3/2021;Domingo;;;0.0;2;Moto/Ciclomotor,Moto/Ciclomotor;Sanguinetti Y E.Deliot;2;2;0;0;0;0;Calle;ROSARIO;Constitución;S/D;S/D;II;S/D;Urbana;Otra Señal;S/D;Intersección;S/D;S/D;S/D;S/D;Múltiple;S/D;Colisión;S/D;S/D
1971;2021;14/3/2021;Domingo;;;0.0;2;Otros,Peatón;Av. Luis Carballo 600;2;1;0;0;0;1;Avenida;ROSARIO;Constitución;S/D;S/D;II;S/D;Urbana;Otra Señal;S/D;Intersección;S/D;S/D;S/D;S/D;Múltiple;Peatón;Colisión;S/D;S/D
1972;2021;14/3/2021;Domingo;;;0.0;1;Moto/Ciclomotor;Magallanes Y Mendoza;1;1;0;0;0;0;Calle;ROSARIO;Constitución;S/D;S/D;II;S/D;Urbana;Otra Señal;S/D;Intersección;S/D;S/D;S/D;S/D;Múltiple;S/D;Colisión;S/D;S/D
1973;2021;15/3/2021;Lunes;18:00:00;;0.0;2;Bicicleta,Pickup/Utilitario;Uruguay Y A Rossi;2;1;0;1;0;0;Calle;SANTA ROSA DE CALCHINES;Garay;Asfalto;Pavimento;VII;S/D;Urbana;Ninguna;No existe;Intersección;Bueno;Buena;S/D;Buen Tiempo;Múltiple;Ciclista;Colisión;Ninguna;S/D