ID_Accidente;A�o;Fecha;Dia;Hopra;Ruta/Autop;km;Participantes;Tipo;Lugar;Total;Heridos Leves;Heridos Graves;Ilesos;Fallecidos;Sin datos;desc_tipo_via;desc_loc;desc_dpto;|;desc_tipo_banquina;desc_unidad_regional;desc_lugar_calzada;desc_zona;desc_prioridad;desc_estado_semaforo;desc_lugar_via;desc_estado_via;desc_estado_visibilidad;desc_luminosidad;desc_estado_clima;desc_tipo_colision;desc_tipo_atropello;desc_tipo_hecho;desc_pres_calzada;desc_senializacion
1974;2021;15/3/2021;Lunes;;;0.0;2;Moto/Ciclomotor,Automóvil;General Paz ;3;2;0;1;0;0;Calle;ESPERANZA;Las Colonias;Asfalto;Pavimento;XI;Dentro;Urbana;Ninguna;No existe;Intersección;Resbaladiza;Buena;Diurna;Lluvia;Frontal;S/D;Colisión;Agua;Vertical
1975;2021;15/3/2021;Lunes;20:25:00;;0.0;2;Moto/Ciclomotor,Otros;Alvear Y Sargento Cabral;2;1;0;0;0;1;Calle;SANTA FE;La Capital;Asfalto;No existe;I;Dentro;Urbana;S/D;No existe;Intersección;Bueno;S/D;Diurna;S/D;S/D;S/D;Colisión;S/D;S/D
1976;2021;15/3/2021;Lunes;18:40:00;;0.0;2;Moto/Ciclomotor,Automóvil;3 de Febrero Y Francia;3;1;0;2;0;0;Calle;SANTA FE;La Capital;Asfalto;S/D;I;S/D;Urbana;Ninguna;S/D;Intersección;Con baches;S/D;Atardecer;Buen Tiempo;S/D;S/D;Colisión;Ninguna;S/D
1977;2021;15/3/2021;Lunes;09:20:00;;0.0;2;Automóvil,Moto/Ciclomotor;Junín Y Pje. Descartes Bis;2;1;0;1;0;0;Calle;ROSARIO;Rosario;Asfalto;No existe;II;S/D;Urbana;Ninguna;No existe;Intersección;S/D;Buena;Diurna;S/D;Lateral;S/D;Colisión;S/D;Faltante
1978;2021;15/3/2021;Lunes;08:55:00;Ruta Nacional 33;0.0;2;Automóvil,Moto/Ciclomotor;Gral. Bettucci Y Ruta Nac 33;2;1;0;1;0;0;Ruta;PEREZ;Rosario;Asfalto,Ripio;Ripio;II;Dentro;Urbana;Ninguna;Funciona;Intersección;Bueno,Con baches;Buena;Diurna;Buen Tiempo;Lateral;S/D;Colisión;Ninguna;Vertical
1979;2021;15/3/2021;Lunes;07:00:00;;0.0;2;Moto/Ciclomotor,Automóvil;Dr. Zavalla 2800;2;1;0;1;0;0;Calle;SANTA FE;La Capital;Asfalto;No existe;I;S/D;Urbana;Ninguna;No existe;Intersección;Bueno;Buena;Diurna;Buen Tiempo;Lateral;S/D;Colisión;Ninguna;Faltante
1980;2021;15/3/2021;Lunes;;;0.0;2;Moto/Ciclomotor,Moto/Ciclomotor;Domingo Faustino Sarmiento ;2;2;0;0;0;0;Calle;ESPERANZA;Las Colonias;Asfalto;S/D;XI;S/D;Urbana;S/D;No existe;Intersección;Bueno;Buena;Diurna;Buen Tiempo;S/D;S/D;Colisión;Ninguna;Horizontal,Vertical
1981;2021;15/3/2021;Lunes;18:50:00;;0.0;2;Moto/Ciclomotor,Automóvil;Güemes Y Dr. Romang;2;1;0;1;0;0;Calle;ESPERANZA;Las Colonias;Asfalto;No existe;XI;S/D;Urbana;S/D;No existe;Intersección;S/D;S/D;Diurna;S/D;S/D;S/D;Colisión;Ninguna;Horizontal
1982;2021;15/3/2021;Lunes;05:20:00;;0.0;2;Moto/Ciclomotor,Bicicleta;Av. Francia Y Comodoro Rivadavia;2;1;0;1;0;0;Calle;ROSARIO;Rosario;Asfalto;No existe;II;Dentro;Urbana;Otra Señal;No existe;Intersección;Bueno;Buena;Con luz artificial;Buen Tiempo;Múltiple;Ciclista;Colisión;Ninguna;Faltante
1983;2021;15/3/2021;Lunes;11:05:00;;0.0;2;Automóvil,Automóvil;Bv. Seguí Y Rodríguez;3;1;0;2;0;0;Avenida;ROSARIO;Rosario;Asfalto;No existe;II;Dentro;Urbana;Otra Señal;No existe;Intersección;Bueno;Buena;Diurna;Buen Tiempo;Múltiple;S/D;Colisión;Ninguna;Vertical
1984;2021;15/3/2021;Lunes;12:35:00;;0.0;1;Moto/Ciclomotor;Bv. Seguí Y Dorrego;1;1;0;0;0;0;Calle;ROSARIO;Rosario;Asfalto;No existe;II;Dentro;Urbana;Otra Señal;No existe;Intersección;Bueno;Buena;Diurna;Buen Tiempo;Múltiple;S/D;Colisión;Ninguna;Faltante
1985;2021;15/3/2021;Lunes;11:00:00;;0.0;2;Moto/Ciclomotor,Automóvil;Bv. Oroño Y Av. Jorge Cura;3;1;0;2;0;0;Calle;ROSARIO;Rosario;Asfalto;No existe;II;Dentro;Urbana;Otra Señal;Funciona;Intersección;Bueno;Buena;Diurna;Buen Tiempo;Múltiple;S/D;Colisión;Ninguna;Vertical
1986;2021;15/3/2021;Lunes;09:45:00;;0.0;2;Bicicleta,Automóvil;Entre Ríos Y Urquiza;2;1;0;1;0;0;Calle;ROSARIO;Rosario;S/D;S/D;II;S/D;Urbana;Otra Señal;S/D;Intersección;S/D;S/D;Diurna;S/D;Múltiple;Ciclista;Colisión;S/D;S/D
1987;2021;15/3/2021;Lunes;17:30:00;;0.0;2;Automóvil,Moto/Ciclomotor;Saavedra Y Mariano Comas;3;2;0;1;0;0;Calle;SANTA FE;La Capital;Asfalto;No existe;I;S/D;Urbana;Otra Señal;No existe;Intersección;Con baches;Buena;Diurna;Buen Tiempo;Múltiple;S/D;Colisión;Ninguna;Faltante
1988;2021;15/3/2021;Lunes;15:40:00;Ruta Provincial 14;8.0;1;Automóvil;Ruta Pcial 14 ;4;1;0;3;0;0;Ruta;SOLDINI;Rosario;Asfalto;Natural;II;Dentro;Rural;Otra Señal;No existe;Intersección;Resbaladiza;Reducida;Diurna;Lluvia;Múltiple;S/D;Colisión;Agua;Faltante
1989;2021;15/3/2021;Lunes;;Ruta Nacional 34;145.0;1;Pickup/Utilitario; ;1;1;0;0;0;0;Ruta;SAN MARTIN DE LAS ESCOBAS;San MARTÍN;S/D;S/D;XVIII;S/D;Urbana;Otra Señal;S/D;Intersección;S/D;S/D;S/D;S/D;Múltiple;S/D;Colisión;S/D;S/D
1990;2021;15/3/2021;Lunes;;Autopista Nacional Gral. Juan Jose Valle;286.0;2;Automóvil,Camión Chasis; ;2;1;0;1;0;0;Autopista;VILLA GOBERNADOR GÁLVEZ;Rosario;Asfalto;S/D;II;S/D;Urbana;Otra Señal;S/D;Intersección;S/D;S/D;S/D;S/D;Múltiple;S/D;Colisión;S/D;S/D
1991;2021;15/3/2021;Lunes;;Autopista Nacional A008;0.0;2;Camión c / Acoplado,Camión;Av. Circunvalación Y Av. Uriburu;2;2;0;0;0;0;Autopista;ROSARIO;Rosario;S/D;S/D;II;S/D;Urbana;Otra Señal;S/D;Intersección;S/D;S/D;S/D;S/D;Múltiple;S/D;Colisión;S/D;S/D
1992;2021;15/3/2021;Lunes;;;0.0;2;Moto/Ciclomotor,Moto/Ciclomotor;Avenida San Martin Y Bv General Obligado;2;2;0;0;0;0;Calle;VILLA OCAMPO;General Obligado;S/D;S/D;IX;S/D;Urbana;Otra Señal;S/D;Intersección;S/D;S/D;S/D;S/D;Múltiple;S/D;Colisión;S/D;S/D
1993;2021;15/3/2021;Lunes;;Ruta Nacional 11;0.0;2;Moto/Ciclomotor,Automóvil;Dorrego Y Av. San Martin;2;1;0;1;0;0;Ruta;FRAY LUIS BELTRÁN;San Lorenzo;Asfalto;S/D;XVII;S/D;Urbana;Otra Señal;S/D;Intersección;S/D;S/D;S/D;S/D;Múltiple;S/D;Colisión;S/D;S/D
1994;2021;15/3/2021;Lunes;13:45:00;;0.0;2;Peatón,Pickup/Utilitario;Calle 6-Ituzaingo 1367;2;1;0;0;0;1;Calle;RECONQUISTA;General Obligado;Asfalto;No existe;IX;Dentro;Urbana;Otra Señal;No existe;Intersección;Bueno;Buena;Diurna;S/D;Múltiple;Peatón;Colisión;Ninguna;Vertical
1995;2021;15/3/2021;Lunes;;;0.0;1;Moto/Ciclomotor;Marcos Paz Y Bolívar;1;1;0;0;0;0;Calle;VILLA GOBERNADOR GÁLVEZ;Constitución;S/D;S/D;II;S/D;Urbana;Otra Señal;S/D;Intersección;S/D;S/D;S/D;S/D;Múltiple;S/D;Colisión;S/D;S/D
1996;2021;15/3/2021;Lunes;;;0.0;1;Moto/Ciclomotor;Rioja Y Sucre;1;1;0;0;0;0;Calle;ROSARIO;Constitución;S/D;S/D;II;S/D;Urbana;Otra Señal;S/D;Intersección;S/D;S/D;S/D;S/D;Múltiple;S/D;Colisión;S/D;S/D
1997;2021;15/3/2021;Lunes;;;0.0;1;Automóvil;San Martin Y Av. Belgrano;1;1;0;0;0;0;Avenida;ROSARIO;Constitución;S/D;S/D;II;S/D;Urbana;Otra Señal;S/D;Intersección;S/D;S/D;S/D;S/D;Múltiple;S/D;Colisión;S/D;S/D
1998;2021;15/3/2021;Lunes;11:00:00;;0.0;1;Moto/Ciclomotor;Bv. Avellaneda Y Garibaldi;1;1;0;0;0;0;Avenida;ROSARIO;Constitución;S/D;S/D;II;S/D;Urbana;Otra Señal;S/D;Intersección;S/D;S/D;Diurna;S/D;Múltiple;S/D;Colisión;S/D;S/D
1999;2021;15/3/2021;Lunes;;;0.0;2;Automóvil,Peatón;Belgrano Y José Andrés Abrata bis;2;0;0;1;0;0;Calle;CARCARAÑÁ;Constitución;Asfalto;S/D;XVII;S/D;Urbana;Otra Señal;S/D;Intersección;S/D;S/D;S/D;S/D;Múltiple;Peatón;Colisión;S/D;S/D
2000;2021;15/3/2021;Lunes;;Ruta Nacional A009;0.0;2;Camión,Moto/Ciclomotor;Calle 131-Raul Carussi Y Ruta A-009;3;1;0;1;0;0;Ruta;RECONQUISTA;Constitución;S/D;S/D;IX;S/D;Urbana;Otra Señal;S/D;Intersección;S/D;S/D;S/D;S/D;Múltiple;S/D;Colisión;S/D;S/D
2001;2021;15/3/2021;Lunes;21:00:00;;0.0;2;Moto/Ciclomotor,Automóvil;Bielsa Y Campbell;3;0;0;0;0;1;Calle;ROSARIO;Rosario;Asfalto;No existe;II;Dentro;Urbana;Otra Señal;No existe;Intersección;S/D;S/D;Nocturna;S/D;Múltiple;S/D;Colisión;S/D;S/D
2002;2021;16/3/2021;Martes;13:15:00;;0.0;2;Bicicleta,Camión;Av. Pte. Perón Y Bv. Seguí;2;0;0;1;1;0;Avenida;ROSARIO;Rosario;Asfalto;No existe;II;S/D;Urbana;Otra Señal;No existe;Intersección;Bueno;S/D;Diurna;S/D;De alcance,Múltiple;Ciclista;Colisión;S/D;Horizontal
2003;2021;16/3/2021;Martes;13:00:00;Ruta Provincial 39;142.0;1;Pickup/Utilitario; ;4;1;0;3;0;0;Ruta;SAN CRISTÓBAL;San CRISTÓBAL;Asfalto;Natural;XIII;S/D;Rural;Otra Señal;No existe;Intersección;S/D;Buena;Diurna;Lluvia;De alcance,Múltiple;S/D;Colisión;Agua;Faltante
2004;2021;16/3/2021;Martes;08:45:00;;0.0;2;Automóvil,Moto/Ciclomotor;Monseñor Zaspe Y San José;2;1;0;1;0;0;Calle;SANTA FE;La Capital;Asfalto;S/D;I;S/D;Urbana;Otra Señal;S/D;Intersección;Con baches;S/D;Amanecer;Buen Tiempo;De alcance,Múltiple;S/D;Colisión;Ninguna;S/D
2005;2021;16/3/2021;Martes;18:40:00;;0.0;2;Moto/Ciclomotor,Automóvil;Corrientes Y San José;2;1;0;1;0;0;Calle;SANTA FE;La Capital;Asfalto;S/D;I;S/D;Urbana;Otra Señal;S/D;Intersección;Con baches;Buena;Atardecer;Buen Tiempo;De alcance,Múltiple;S/D;Colisión;Ninguna;S/D
2006;2021;16/3/2021;Martes;19:40:00;Ruta Nacional 11;318.0;2;Bicicleta,Moto/Ciclomotor;Av. San Lorenzo ;2;1;0;0;1;0;Ruta;CAPITÁN BERMÚDEZ;San Lorenzo;Asfalto;No existe;XVII;S/D;Urbana;Otra Señal;No existe;Intersección;Bueno;Buena;Nocturna;Lluvia;De alcance,Múltiple;Ciclista;Colisión;Ninguna;Vertical
2007;2021;16/3/2021;Martes;12:35:00;Ruta Nacional 11;15.0;2;Moto/Ciclomotor,Automóvil; ;3;0;0;0;0;3;Ruta;SAN LORENZO;San Lorenzo;S/D;S/D;XVII;S/D;Urbana;Otra Señal;S/D;Intersección;S/D;S/D;Diurna;S/D;De alcance,Múltiple;S/D;Colisión;S/D;S/D
2008;2021;16/3/2021;Martes;;;0.0;2;Bicicleta,Moto/Ciclomotor;Curupaiti Y M de Iriondo;2;1;0;1;0;0;Calle;SAN LORENZO;San Lorenzo;S/D;S/D;XVII;S/D;Urbana;Otra Señal;S/D;Intersección;S/D;S/D;S/D;S/D;De alcance,Múltiple;Ciclista;Colisión;S/D;S/D
2009;2021;16/3/2021;Martes;11:15:00;;0.0;2;Pickup/Utilitario,Moto/Ciclomotor;Av. A del Valle Y Boneo;2;2;0;0;0;0;Calle;SANTA FE;La Capital;S/D;No existe;I;Dentro;Urbana;Otra Señal;No existe;Intersección;S/D;S/D;Diurna;S/D;De alcance,Múltiple;S/D;Colisión;S/D;Faltante
2010;2021;16/3/2021;Martes;;;0.0;2;Moto/Ciclomotor,Bicicleta;Gdor. Crespo Y San José;2;2;0;0;0;0;Calle;SANTA FE;La Capital;Asfalto;No existe;I;S/D;Urbana;Otra Señal;No existe;Intersección;Bueno;S/D;S/D;Buen Tiempo;De alcance,Múltiple;Ciclista;Colisión;Ninguna;Faltante
2011;2021;16/3/2021;Martes;12:35:00;;0.0;2;Moto/Ciclomotor,Pickup/Utilitario;Dr. Zavalla Y Salvador Caputo;2;1;0;1;0;0;Calle;SANTA FE;La Capital;Asfalto;No existe;I;S/D;Urbana;Otra Señal;No existe;Intersección;Con baches;Buena;Diurna;Buen Tiempo;De alcance,Múltiple;S/D;Colisión;Ninguna;Faltante
2012;2021;16/3/2021;Martes;19:00:00;;0.0;2;Bicicleta,Automóvil;Domingo Silva Y San Lorenzo;2;1;0;1;0;0;Calle;SANTA FE;La Capital;Asfalto;No existe;I;S/D;Urbana;Otra Señal;Funciona;Intersección;Bueno;Buena;Atardecer;Buen Tiempo;De alcance,Múltiple;Ciclista;Colisión;Ninguna;Vertical
2013;2021;16/3/2021;Martes;12:40:00;;0.0;2;Moto/Ciclomotor,Automóvil;Av. Pte. Perón Y Pje Irala;2;1;0;1;0;0;Avenida;SANTA FE;La Capital;Asfalto;No existe;I;S/D;Urbana;Otra Señal;Funciona;Intersección;Bueno;Buena;Diurna;Buen Tiempo;De alcance,Múltiple;S/D;Colisión;Ninguna;Vertical
2014;2021;16/3/2021;Martes;08:45:00;;0.0;2;Moto/Ciclomotor,Taxi/Remis;Av. Urquiza Y Tucumán;2;1;0;1;0;0;Calle;SANTA FE;La Capital;S/D;S/D;I;S/D;Urbana;Otra Señal;S/D;Intersección;S/D;S/D;Diurna;S/D;De alcance,Múltiple;S/D;Colisión;S/D;S/D
2015;2021;16/3/2021;Martes;20:30:00;Ruta Nacional 9;297.0;2;Automóvil,Moto/Ciclomotor; ;3;2;0;1;0;0;Ruta;FUNES;Rosario;S/D;Ripio;II;Dentro;Urbana;Otra Señal;No existe;Intersección;Bueno;Buena;Nocturna;Buen Tiempo;De alcance,Múltiple;S/D;Colisión;Ninguna;Faltante
2016;2021;16/3/2021;Martes;20:25:00;;0.0;2;Moto/Ciclomotor,Automóvil;Urquiza Y Av. 9 de Julio;2;1;0;1;0;0;Calle;PEREZ;Rosario;Asfalto;No existe;II;Dentro;Urbana;Otra Señal;No existe;Intersección;Bueno;Buena;Atardecer,Con luz artificial;Buen Tiempo;De alcance,Múltiple;S/D;Colisión;Ninguna;S/D
2017;2021;16/3/2021;Martes;10:00:00;Ruta Nacional 33;786.0;2;Moto/Ciclomotor,Moto/Ciclomotor; ;2;1;0;1;0;0;Ruta;PEREZ;Rosario;Asfalto,Hormigón;Pavimento;II;Dentro;Urbana;Otra Señal;No existe;Intersección;Bueno;Buena;Diurna;Buen Tiempo;De alcance,Múltiple;S/D;Colisión;Ninguna;S/D
2018;2021;16/3/2021;Martes;19:00:00;;0.0;2;Bicicleta,Automóvil;Liniers Y Saavedra;2;1;0;1;0;0;Calle;ROSARIO;Rosario;Asfalto;No existe;II;Dentro;Urbana;Otra Señal;No existe;Intersección;S/D;S/D;Diurna;S/D;De alcance,Múltiple;Ciclista;Colisión;Ninguna;Faltante
2019;2021;16/3/2021;Martes;18:00:00;;0.0;3;Peatón,Moto/Ciclomotor,Automóvil;Centeno Y Vera Mujica;3;1;0;2;0;0;Calle;ROSARIO;Rosario;Asfalto;No existe;II;Dentro;Urbana;Otra Señal;No existe;Intersección;Bueno;Buena;Diurna;Buen Tiempo;De alcance,Múltiple;S/D;Colisión;Ninguna;Faltante
2020;2021;16/3/2021;Martes;19:20:00;;0.0;2;Automóvil,Moto/Ciclomotor;Bv. Seguí Y Paraguay;2;1;0;1;0;0;Calle;ROSARIO;Rosario;Asfalto;No existe;II;S/D;Urbana;Otra Señal;No existe;Intersección;S/D;Buena;Atardecer;Buen Tiempo;De alcance,Múltiple;S/D;Colisión;S/D;Faltante
2021;2021;16/3/2021;Martes;08:20:00;;0.0;2;Automóvil,Moto/Ciclomotor;Mariano Moreno Y Córdoba;3;1;0;2;0;0;Calle;ROSARIO;Rosario;Asfalto;S/D;II;S/D;Urbana;Otra Señal;S/D;Intersección;S/D;S/D;Diurna;S/D;De alcance,Múltiple;S/D;Colisión;S/D;S/D
2022;2021;16/3/2021;Martes;15:15:00;;0.0;2;Moto/Ciclomotor,Otros;Bv. Oroño 2400;3;1;0;1;0;1;Avenida;ROSARIO;Rosario;Asfalto;No existe;II;Dentro;Urbana;Otra Señal;S/D;Intersección;Bueno;Buena;Diurna;Buen Tiempo;De alcance,Múltiple;S/D;Colisión;Ninguna;Faltante
2023;2021;16/3/2021;Martes;14:00:00;Ruta Nacional 11;685.0;2;Automóvil,Automóvil; ;4;3;0;1;0;0;Ruta;CALCHAQUÍ;Vera;Asfalto;Natural;XIX;Fuera;Rural;Otra Señal;No existe;Intersección;Resbaladiza;Buena;Diurna;Buen Tiempo;De alcance,Múltiple;S/D;Colisión;Ninguna;Faltante
2024;2021;16/3/2021;Martes;17:25:00;;0.0;2;Bicicleta,Automóvil;Calle 11-Alvear Y Calle 34;2;1;0;1;0;0;Calle;RECONQUISTA;General Obligado;Asfalto;Pavimento;IX;Dentro;Urbana;Otra Señal;No existe;Intersección;Bueno;Buena;Diurna;Buen Tiempo;Múltiple;Ciclista;Colisión;Ninguna;Horizontal,Vertical
2025;2021;16/3/2021;Martes;;;0.0;1;Transporte de Pasajeros Urbano (> 8 asientos);9 de Julio Y Mendoza;3;3;0;0;0;0;Calle;SANTA FE;La Capital;Asfalto;No existe;I;S/D;Urbana;Otra Señal;No existe;Intersección;Bueno;S/D;S/D;S/D;Múltiple;S/D;Colisión;S/D;Horizontal,Vertical
2026;2021;16/3/2021;Martes;;;0.0;1;Moto/Ciclomotor; ;1;1;0;0;0;0;S/D;FIRMAT;General LÓPEZ;Asfalto;S/D;VIII;S/D;S/D;Otra Señal;S/D;Intersección;S/D;S/D;S/D;S/D;Múltiple;S/D;Colisión;S/D;S/D
2027;2021;16/3/2021;Martes;;;0.0;2;Bicicleta,Automóvil;Colectora Y Miguel de Azcuénaga;2;2;0;0;0;0;Avenida;FIRMAT;General LÓPEZ;Asfalto;Natural;VIII;S/D;Rural;Otra Señal;No existe;Intersección;Otro;S/D;S/D;S/D;Múltiple;Ciclista;Colisión;S/D;Horizontal,Vertical
2028;2021;16/3/2021;Martes;11:20:00;Autopista Provincial Brigadier E.LÓPEZ;90.0;2;Automóvil,Camión c / Acoplado; ;3;2;0;0;0;1;Autopista;SAN FABIÁN;San JERÓNIMO;Asfalto;Pavimento;XV;S/D;Rural;Otra Señal;No existe;Intersección;Bueno;S/D;Diurna;S/D;Múltiple;S/D;Colisión;S/D;S/D
2029;2021;16/3/2021;Martes;10:35:00;;0.0;2;Moto/Ciclomotor,Automóvil;Miguel de Azcuénaga Y Cristóbal Colon;2;1;0;1;0;0;Calle;VENADO TUERTO;General LÓPEZ;Asfalto;No existe;VIII;S/D;Urbana;Otra Señal;No existe;Intersección;Con baches,Deteriorada;S/D;Diurna;S/D;Múltiple;S/D;Colisión;S/D;Vertical
2030;2021;16/3/2021;Martes;06:00:00;Ruta Nacional 34;207.0;1;Camión c / Acoplado; ;1;1;0;0;0;0;Ruta;SUSANA;Castellanos;Asfalto;Natural;V;S/D;Rural;Otra Señal;No existe;Intersección;Resbaladiza;S/D;Amanecer;Lluvia;Múltiple;S/D;Colisión;Agua;Vertical
2031;2021;16/3/2021;Martes;15:30:00;;0.0;1;Moto/Ciclomotor; ;1;1;0;0;0;0;S/D;ROSARIO;Constitución;S/D;S/D;II;S/D;S/D;Otra Señal;S/D;Intersección;S/D;S/D;S/D;S/D;Múltiple;S/D;Colisión;S/D;S/D
2032;2021;16/3/2021;Martes;;;0.0;1;Moto/Ciclomotor; ;1;1;0;0;0;0;S/D;ROSARIO;Constitución;S/D;S/D;II;S/D;S/D;Otra Señal;S/D;Intersección;S/D;S/D;S/D;S/D;Múltiple;S/D;Colisión;S/D;S/D
2033;2021;16/3/2021;Martes;20:30:00;;0.0;1;Bicicleta;Av. Avellaneda B ;1;1;0;0;0;0;Calle;ROSARIO;Constitución;Asfalto;No existe;II;Dentro;Urbana;Otra Señal;No existe;Intersección;Bueno;S/D;Nocturna;S/D;Múltiple;S/D;Colisión;Ninguna;Faltante
2034;2021;16/3/2021;Martes;18:37:00;;0.0;1;Moto/Ciclomotor;Ángel Carranza Y Montevideo;1;1;0;0;0;0;Calle;ROSARIO;Constitución;S/D;S/D;II;S/D;Urbana;Otra Señal;S/D;Intersección;S/D;S/D;S/D;S/D;Múltiple;S/D;Colisión;S/D;S/D
2035;2021;16/3/2021;Martes;02:20:00;Ruta Nacional 33;623.0;2;Automóvil,Camión c / Acoplado; ;3;0;0;1;0;0;Ruta;VENADO TUERTO;General LÓPEZ;Asfalto;Natural;VIII;S/D;Rural;Otra Señal;No existe;Intersección;Bueno;S/D;Nocturna;S/D;Múltiple;S/D;Colisión;S/D;S/D
2036;2021;17/3/2021;Miercoles;16:50:00;;0.0;2;Moto/Ciclomotor,Automóvil;Av. San Martin 400;3;1;0;2;0;0;Avenida;FRAY LUIS BELTRÁN;San Lorenzo;Asfalto;Pavimento;XVII;S/D;Urbana;Otra Señal;No existe;Intersección;Bueno;Buena;Diurna;Otro;De alcance,Múltiple;S/D;Colisión;Ninguna;Faltante
2037;2021;17/3/2021;Miercoles;19:45:00;;0.0;2;Moto/Ciclomotor,Automóvil;9 de Julio Y Irigoyen;3;2;0;1;0;0;Calle;SAN LORENZO;San Lorenzo;S/D;S/D;XVII;S/D;Urbana;Otra Señal;S/D;Intersección;S/D;S/D;Atardecer;S/D;De alcance,Múltiple;S/D;Colisión;S/D;S/D
2038;2021;17/3/2021;Miercoles;17:15:00;;0.0;2;Pickup/Utilitario,Moto/Ciclomotor;J J Paso Y Dr. Zavalla;2;1;0;1;0;0;Avenida;SANTA FE;La Capital;Asfalto;S/D;I;S/D;Urbana;Otra Señal;Funciona;Intersección;Bueno;Buena;Diurna;Buen Tiempo;De alcance,Múltiple;S/D;Colisión;Ninguna;Horizontal
2039;2021;17/3/2021;Miercoles;12:20:00;;0.0;2;Automóvil,Moto/Ciclomotor;Av. Almte. Brown 6300;2;2;0;0;0;0;Calle;SANTA FE;La Capital;S/D;Pavimento;I;S/D;Urbana;Otra Señal;No existe;Intersección;S/D;S/D;Diurna;S/D;De alcance,Múltiple;S/D;Colisión;S/D;Faltante
2040;2021;17/3/2021;Miercoles;11:50:00;;0.0;2;Camión,Pickup/Utilitario;Matheu Y Rivadavia;2;1;0;1;0;0;Calle;SANTA FE;La Capital;S/D;Ripio;I;Dentro;Urbana;Otra Señal;S/D;Intersección;S/D;S/D;Diurna;S/D;De alcance,Múltiple;S/D;Colisión;S/D;Faltante
2041;2021;17/3/2021;Miercoles;10:50:00;;0.0;2;Moto/Ciclomotor,Automóvil;Av. Blas Parera Y Derqui;2;1;0;1;0;0;Calle;SANTA FE;La Capital;Asfalto;No existe;I;S/D;Urbana;Otra Señal;Funciona;Intersección;Bueno;Buena;Diurna;Buen Tiempo;De alcance,Múltiple;S/D;Colisión;Ninguna;Vertical
2042;2021;17/3/2021;Miercoles;17:15:00;;0.0;2;Bicicleta,Automóvil;Dr. Romang Y Cullen;2;1;0;1;0;0;Calle;ESPERANZA;Las Colonias;Asfalto;S/D;XI;Dentro;Urbana;Otra Señal;No existe;Intersección;Bueno;Buena;Diurna;Buen Tiempo;De alcance,Múltiple;Ciclista;Colisión;Ninguna;S/D
2043;2021;17/3/2021;Miercoles;19:20:00;;0.0;2;Automóvil,Moto/Ciclomotor;Domingo Faustino Sarmiento Y Federico Meiners;6;2;0;4;0;0;Calle;ESPERANZA;Las Colonias;Asfalto;S/D;XI;Dentro;Urbana;Otra Señal;No existe;Intersección;Bueno;Buena;Nocturna,Con luz artificial;Buen Tiempo;De alcance,Múltiple;S/D;Colisión;Ninguna;S/D
2044;2021;17/3/2021;Miercoles;18:00:00;;0.0;3;Automóvil,Automóvil,Automóvil;Arévalo Y Av. Provincias Unidas;4;2;0;2;0;0;Avenida;ROSARIO;Rosario;Asfalto;No existe;II;Dentro;Urbana;Otra Señal;No existe;Intersección;Bueno;Buena;Diurna;Buen Tiempo;De alcance,Múltiple;S/D;Colisión;Ninguna;Faltante
2045;2021;17/3/2021;Miercoles;16:20:00;;0.0;2;Pickup/Utilitario,Moto/Ciclomotor;Av. Provincias Unidas Y Bielsa;2;1;0;1;0;0;Avenida;ROSARIO;Rosario;Asfalto;No existe;II;Dentro;Urbana;Otra Señal;No existe;Intersección;Bueno;Buena;Diurna;Buen Tiempo;De alcance,Múltiple;S/D;Colisión;Ninguna;Faltante
2046;2021;17/3/2021;Miercoles;09:30:00;;0.0;2;Pickup/Utilitario,Moto/Ciclomotor;Saavedra Y Rodríguez;2;1;0;1;0;0;Calle;ROSARIO;Rosario;Asfalto;No existe;II;Dentro;Urbana;Otra Señal;No existe;Intersección;Bueno;Buena;Diurna;Buen Tiempo;De alcance,Múltiple;S/D;Colisión;Ninguna;Faltante
2047;2021;17/3/2021;Miercoles;16:30:00;;0.0;2;Moto/Ciclomotor,Pickup/Utilitario;Bv. 27 De Febrero Y Liniers;2;1;0;1;0;0;Avenida;ROSARIO;Rosario;Asfalto;Pavimento;II;S/D;Urbana;Otra Señal;No existe;Intersección;Bueno;Buena;Diurna;Buen Tiempo;De alcance,Múltiple;S/D;Colisión;Ninguna;Faltante
2048;2021;17/3/2021;Miercoles;11:20:00;;0.0;2;Moto/Ciclomotor,Pickup/Utilitario;Montevideo Y Italia;2;1;0;1;0;0;Calle;ROSARIO;Rosario;S/D;S/D;II;S/D;Urbana;Otra Señal;S/D;Intersección;S/D;S/D;Diurna;S/D;De alcance,Múltiple;S/D;Colisión;S/D;S/D
2049;2021;17/3/2021;Miercoles;16:10:00;;0.0;2;Moto/Ciclomotor,Automóvil;Av. Wheelwright Y Italia;2;1;0;1;0;0;Calle;ROSARIO;Rosario;S/D;S/D;II;S/D;Urbana;Otra Señal;S/D;Intersección;S/D;S/D;Diurna;Buen Tiempo;De alcance,Múltiple;S/D;Colisión;S/D;S/D
2050;2021;17/3/2021;Miercoles;18:30:00;Ruta Nacional 9;393.0;3;Moto/Ciclomotor,Moto/Ciclomotor,Moto/Ciclomotor; ;3;3;0;0;0;0;Ruta;ARMSTRONG;Belgrano;Asfalto;Natural;III;S/D;Rural;Otra Señal;No existe;Intersección;Con baches;Buena;Diurna;S/D;De alcance,Múltiple;S/D;Colisión;Ninguna;Faltante
2051;2021;17/3/2021;Miercoles;15:05:00;;0.0;2;Automóvil,Peatón;Juan XXIII 657;2;1;0;1;0;0;Calle;RECREO;La Capital;Tierra;Ripio;I;S/D;Urbana;Otra Señal;No existe;Intersección;Bueno;Buena;Diurna;Buen Tiempo;Múltiple;Peatón;Colisión;Ninguna;S/D