ID_Accidente;A�o;Fecha;Dia;Hopra;Ruta/Autop;km;Participantes;Tipo;Lugar;Total;Heridos Leves;Heridos Graves;Ilesos;Fallecidos;Sin datos;desc_tipo_via;desc_loc;desc_dpto;|;desc_tipo_banquina;desc_unidad_regional;desc_lugar_calzada;desc_zona;desc_prioridad;desc_estado_semaforo;desc_lugar_via;desc_estado_via;desc_estado_visibilidad;desc_luminosidad;desc_estado_clima;desc_tipo_colision;desc_tipo_atropello;desc_tipo_hecho;desc_pres_calzada;desc_senializacion
2052;2021;17/3/2021;Miercoles;19:20:00;;0.0;2;Moto/Ciclomotor,Automóvil;Av. 9 de Julio Y Malvinas Argentinas;2;1;0;0;0;1;Avenida;PEREZ;Rosario;Ripio;No existe;II;S/D;Urbana;Otra Señal;No existe;Intersección;Deteriorada;S/D;Atardecer;S/D;Múltiple;S/D;Colisión;Material Suelto;Faltante
2053;2021;17/3/2021;Miercoles;19:45:00;;0.0;2;Moto/Ciclomotor,Camión Chasis;Avenida Domingo F Sarmiento 830;2;0;0;1;0;0;Calle;TORTUGAS;Constitución;Asfalto;No existe;III;S/D;Urbana;Otra Señal;No existe;Intersección;Bueno;Buena;Nocturna,Con luz artificial;Buen Tiempo;Múltiple;S/D;Colisión;Ninguna;Horizontal,Vertical
2054;2021;17/3/2021;Miercoles;18:50:00;;0.0;2;Moto/Ciclomotor,Automóvil;Av. L de la Torre 3500;2;0;0;1;0;0;Avenida;LAGUNA PAIVA;Constitución;S/D;S/D;I;S/D;Urbana;Otra Señal;S/D;Intersección;S/D;S/D;Atardecer;S/D;Múltiple;S/D;Colisión;S/D;S/D
2055;2021;17/3/2021;Miercoles;12:00:00;Ruta Secundaria 96-s;60.0;1;Otros; ;1;0;0;0;0;0;Ruta;TARTAGAL;Constitución;S/D;S/D;XIX;S/D;Urbana;Otra Señal;S/D;Intersección;S/D;S/D;Diurna;S/D;Múltiple;S/D;Colisión;S/D;S/D
2056;2021;17/3/2021;Miercoles;;;0.0;2;Moto/Ciclomotor,Automóvil;25 de Mayo 900;2;0;0;1;0;0;Calle;RAFAELA;Constitución;Asfalto;No existe;V;S/D;Urbana;Otra Señal;No existe;Intersección;Bueno;S/D;S/D;S/D;Múltiple;S/D;Colisión;S/D;Horizontal,Vertical
2057;2021;18/3/2021;Jueves;11:00:00;Ruta Provincial 31;27.0;1;Pickup/Utilitario; ;2;1;0;0;1;0;Ruta;LANTERI;General Obligado;Asfalto;S/D;IX;S/D;Rural;Otra Señal;S/D;Intersección;Con baches;S/D;Diurna;S/D;De alcance,Múltiple;S/D;Colisión;S/D;S/D
2058;2021;18/3/2021;Jueves;11:00:00;Ruta Secundaria 18-s;1.0;2;Moto/Ciclomotor,Automóvil; ;2;1;0;1;0;0;Ruta;PUERTO SAN MARTÍN;San Lorenzo;Asfalto;Natural;XVII;Dentro;Rural;Otra Señal;No existe;Intersección;Bueno;Buena;Diurna;Buen Tiempo;De alcance,Múltiple;S/D;Colisión;Ninguna;Horizontal
2059;2021;18/3/2021;Jueves;16:30:00;;0.0;2;Moto/Ciclomotor,Automóvil;Córdoba Y Pte. Hipólito Irigoyen;3;1;0;2;0;0;Avenida;PUERTO SAN MARTÍN;San Lorenzo;Asfalto;No existe;XVII;Dentro;Urbana;Otra Señal;No existe;Intersección;Deteriorada;Buena;Diurna;Buen Tiempo;De alcance,Múltiple;S/D;Colisión;Ninguna;Horizontal
2060;2021;18/3/2021;Jueves;17:15:00;;0.0;2;Pickup/Utilitario,Bicicleta;Av. Freyre Y Moreno;2;1;0;1;0;0;Calle;SANTA FE;La Capital;Asfalto;S/D;I;S/D;Urbana;Otra Señal;S/D;Intersección;Bueno;Buena;Diurna;Buen Tiempo;De alcance,Múltiple;Ciclista;Colisión;S/D;S/D
2061;2021;18/3/2021;Jueves;13:45:00;Ruta Nacional 11;148.0;2;Otros,Otros; ;2;0;0;0;0;2;Ruta;SANTO TOMÉ;La Capital;Asfalto;S/D;I;S/D;Urbana;Otra Señal;S/D;Intersección;Bueno;S/D;Diurna;Buen Tiempo;De alcance,Múltiple;S/D;Colisión;Ninguna;S/D
2062;2021;18/3/2021;Jueves;09:15:00;Ruta Provincial 2;2.0;2;Automóvil,Camión c / Acoplado; ;2;1;0;1;0;0;Ruta;MONTE VERA;La Capital;Asfalto;Natural;I;Dentro;Rural;Otra Señal;No existe;Intersección;Bueno;Buena;Diurna;Buen Tiempo;De alcance,Múltiple;S/D;Colisión;Ninguna;Vertical
2063;2021;18/3/2021;Jueves;06:40:00;;0.0;2;Moto/Ciclomotor,Automóvil;Av. Urquiza Y Salta;2;1;0;1;0;0;Avenida;SANTA FE;La Capital;Asfalto;No existe;I;S/D;Urbana;Otra Señal;Funciona;Intersección;Bueno;Buena;Amanecer;Buen Tiempo;De alcance,Múltiple;S/D;Colisión;Ninguna;Vertical
2064;2021;18/3/2021;Jueves;19:30:00;;0.0;2;Moto/Ciclomotor,Automóvil;Lamadrid Y La Rioja;2;1;0;1;0;0;Calle;SANTA FE;La Capital;Asfalto;No existe;I;S/D;Urbana;Otra Señal;No existe;Intersección;Con baches;Buena;Diurna;Buen Tiempo;De alcance,Múltiple;S/D;Colisión;Fluidos;Faltante
2065;2021;18/3/2021;Jueves;15:00:00;;0.0;2;Moto/Ciclomotor,Automóvil;Lamadrid Y Primera Junta;2;1;0;1;0;0;Avenida;SANTA FE;La Capital;Asfalto;No existe;I;S/D;Urbana;Otra Señal;No existe;Intersección;Con baches;Buena;Diurna;Buen Tiempo;De alcance,Múltiple;S/D;Colisión;Agua;Faltante
2066;2021;18/3/2021;Jueves;01:00:00;;0.0;1;Moto/Ciclomotor;Mendoza Y Dr. Zavalla;1;1;0;0;0;0;Calle;SANTA FE;La Capital;Asfalto;No existe;I;S/D;Urbana;Otra Señal;No existe;Intersección;Bueno;Reducida;Nocturna,Con luz artificial;Buen Tiempo;De alcance,Múltiple;S/D;Colisión;S/D;Horizontal,Vertical
2067;2021;18/3/2021;Jueves;18:30:00;Ruta Nacional 168;4.0;2;Pickup/Utilitario,Moto/Ciclomotor; ;3;1;0;2;0;0;Ruta;SANTA FE;La Capital;Asfalto;Pavimento;I;S/D;Rural;Otra Señal;No existe;Intersección;Bueno;Buena;Diurna;Buen Tiempo;De alcance,Múltiple;S/D;Colisión;Ninguna;Faltante
2068;2021;18/3/2021;Jueves;12:15:00;;0.0;1;Moto/Ciclomotor;Simón de Iriondo 4300;1;1;0;0;0;0;Calle;ESPERANZA;Las Colonias;Asfalto;S/D;XI;Dentro;Urbana;Otra Señal;No existe;Intersección;Bueno;Buena;Diurna;Buen Tiempo;De alcance,Múltiple;S/D;Colisión;Ninguna;Horizontal,Vertical
2069;2021;18/3/2021;Jueves;21:00:00;;0.0;2;Automóvil,Bicicleta;G Lehmann Y General Manuel Belgrano;2;1;0;1;0;0;Calle;ESPERANZA;Las Colonias;Asfalto;S/D;XI;Dentro;Urbana;Otra Señal;No existe;Intersección;Bueno;Buena;Nocturna,Con luz artificial;Buen Tiempo;De alcance,Múltiple;Ciclista;Colisión;Ninguna;S/D
2070;2021;18/3/2021;Jueves;16:30:00;;0.0;2;Automóvil,Moto/Ciclomotor;Av. Juan Domingo Perón Y Pasteur;3;1;0;2;0;0;Avenida;VILLA GOBERNADOR GÁLVEZ;Rosario;Asfalto;No existe;II;S/D;Urbana;Otra Señal;Funciona;Intersección;Con baches;Buena;Diurna;Otro;De alcance,Múltiple;S/D;Colisión;Ninguna;Vertical
2071;2021;18/3/2021;Jueves;11:00:00;;0.0;2;Moto/Ciclomotor,Pickup/Utilitario;Brasil Y French;2;1;0;1;0;0;Calle;ROSARIO;Rosario;Asfalto;No existe;II;S/D;Urbana;Otra Señal;No existe;Intersección;Bueno;Buena;Diurna;Buen Tiempo;De alcance,Múltiple;S/D;Colisión;Ninguna;Faltante
2072;2021;18/3/2021;Jueves;16:45:00;;0.0;2;Moto/Ciclomotor,Automóvil;San Martin Y Ameghino;2;1;0;1;0;0;Calle;ROSARIO;Rosario;Asfalto;No existe;II;Dentro;Urbana;Otra Señal;Funciona;Intersección;Bueno;Buena;Diurna;Buen Tiempo;De alcance,Múltiple;S/D;Colisión;Ninguna;Faltante
2073;2021;18/3/2021;Jueves;20:20:00;;0.0;2;Bicicleta,Automóvil;Mendoza Y Balcarce;2;1;0;1;0;0;Calle;ROSARIO;Rosario;Asfalto;No existe;II;S/D;Urbana;Otra Señal;Funciona;Intersección;Bueno;S/D;Nocturna;S/D;De alcance,Múltiple;Ciclista;Colisión;S/D;Horizontal
2074;2021;18/3/2021;Jueves;22:20:00;;0.0;2;Automóvil,Moto/Ciclomotor;Baigorria 2598;2;1;0;1;0;0;Calle;ROSARIO;Rosario;Asfalto;No existe;II;S/D;Urbana;Otra Señal;No existe;Intersección;Bueno;Buena;Nocturna;Buen Tiempo;De alcance,Múltiple;S/D;Colisión;S/D;Faltante
2075;2021;18/3/2021;Jueves;14:50:00;;0.0;2;Moto/Ciclomotor,Automóvil;Mitre Y Agustín Justo;3;2;0;1;0;0;Calle;CALCHAQUÍ;Vera;Asfalto;No existe;XIX;S/D;Urbana;Otra Señal;No existe;Intersección;Bueno;Buena;Diurna;Buen Tiempo;De alcance,Múltiple;S/D;Colisión;Ninguna;Faltante
2076;2021;18/3/2021;Jueves;21:20:00;Ruta Provincial 31;90.0;1;Moto/Ciclomotor; ;2;2;0;0;0;0;Ruta;INTIYACO;Vera;Tierra;No existe;XIX;S/D;Rural;Otra Señal;No existe;Intersección;Bueno;Reducida;Nocturna;Buen Tiempo;De alcance,Múltiple;S/D;Colisión;Ninguna;Faltante
2077;2021;18/3/2021;Jueves;11:45:00;;0.0;2;Automóvil,Bicicleta;Bv Delfo Cabrera Y Moreno;2;1;0;1;0;0;Calle;ARMSTRONG;Belgrano;Asfalto;No existe;III;Dentro;Urbana;Otra Señal;No existe;Intersección;Bueno;Buena;Amanecer;Buen Tiempo;De alcance,Múltiple;Ciclista;Colisión;Ninguna;Horizontal,Vertical
2078;2021;18/3/2021;Jueves;;;0.0;2;Moto/Ciclomotor,Automóvil; ;2;0;0;0;0;2;S/D;ESPERANZA;Las Colonias;S/D;S/D;XI;S/D;S/D;Otra Señal;S/D;Intersección;S/D;S/D;S/D;S/D;Múltiple;S/D;Colisión;S/D;S/D
2079;2021;18/3/2021;Jueves;;;0.0;3;Automóvil,Pickup/Utilitario,Automóvil;Av. Almte. Brown Y Boneo;4;2;0;2;0;0;Calle;SANTA FE;La Capital;Asfalto;No existe;I;S/D;Urbana;Otra Señal;No existe;Intersección;Bueno;S/D;S/D;S/D;Múltiple;S/D;Colisión;S/D;Horizontal
2080;2021;18/3/2021;Jueves;;Ruta Nacional 34;279.0;1;Camión c / Acoplado; ;3;0;0;0;0;3;Ruta;TACURAL;Castellanos;Asfalto;Natural;V;S/D;Rural;Otra Señal;No existe;Intersección;Bueno;S/D;Diurna;S/D;Múltiple;S/D;Colisión;S/D;Vertical
2081;2021;18/3/2021;Jueves;;;0.0;2;Moto/Ciclomotor,Moto/Ciclomotor;Falucho Y M Oliber;2;1;0;0;0;1;Calle;RAFAELA;Castellanos;Asfalto;No existe;V;S/D;Urbana;Otra Señal;No existe;Intersección;Bueno;S/D;Nocturna;S/D;Múltiple;S/D;Colisión;S/D;Vertical
2082;2021;18/3/2021;Jueves;;;0.0;2;Moto/Ciclomotor,Automóvil;Bv Pte. Roca Y Arenales;2;1;0;1;0;0;Avenida;RAFAELA;Castellanos;Asfalto;No existe;V;S/D;Urbana;Otra Señal;No existe;Intersección;Bueno;S/D;S/D;S/D;Múltiple;S/D;Colisión;S/D;Horizontal,Vertical
2083;2021;18/3/2021;Jueves;16:30:00;;0.0;2;Moto/Ciclomotor,Moto/Ciclomotor;Calle 44-27 de Abril Y Calle 37-Bvard. Lovato;5;1;0;4;0;0;Avenida;RECONQUISTA;General Obligado;Asfalto;Natural;IX;S/D;Urbana;Otra Señal;Funciona;Intersección;Deteriorada;S/D;Diurna;S/D;Múltiple;S/D;Colisión;S/D;Vertical
2084;2021;18/3/2021;Jueves;;;0.0;1;Pickup/Utilitario;Av. Uriburu 500;1;1;0;0;0;0;Avenida;ROSARIO;Rosario;Asfalto;No existe;II;S/D;Urbana;Otra Señal;No existe;Intersección;Con baches;S/D;Atardecer;S/D;Múltiple;S/D;Colisión;S/D;Vertical
2085;2021;18/3/2021;Jueves;18:30:00;;0.0;2;Moto/Ciclomotor,Automóvil;Derqui Y Suipacha;2;1;0;1;0;0;Calle;CAÑADA DE GÓMEZ;Iriondo;Asfalto;No existe;X;S/D;Urbana;Otra Señal;No existe;Intersección;Deteriorada;S/D;Atardecer;S/D;Múltiple;S/D;Colisión;S/D;Vertical
2086;2021;18/3/2021;Jueves;;Ruta Provincial 2;5.0;2;Automóvil,Camión; ;2;2;0;0;0;0;Ruta;MONTE VERA;La Capital;Asfalto;Ripio;I;S/D;Urbana;Otra Señal;No existe;Intersección;Bueno;S/D;Diurna;S/D;Múltiple;S/D;Colisión;S/D;Vertical
2087;2021;18/3/2021;Jueves;00:00:00;;0.0;1;Moto/Ciclomotor;Av. Uriburu Y Bv. Oroño;1;1;0;0;0;0;Calle;ROSARIO;Constitución;S/D;S/D;II;S/D;Urbana;Otra Señal;S/D;Intersección;S/D;S/D;Nocturna;S/D;Múltiple;S/D;Colisión;S/D;S/D
2088;2021;18/3/2021;Jueves;00:00:00;;0.0;1;Moto/Ciclomotor; ;1;1;0;0;0;0;S/D;ROSARIO;Constitución;S/D;S/D;II;S/D;S/D;Otra Señal;S/D;Intersección;S/D;S/D;S/D;S/D;Múltiple;S/D;Colisión;S/D;S/D
2089;2021;18/3/2021;Jueves;20:00:00;;0.0;2;Automóvil,Automóvil;Albert Sabin Y Bv. Avellaneda;3;1;0;0;0;2;Avenida;ROSARIO;Constitución;S/D;S/D;II;S/D;Urbana;Otra Señal;S/D;Intersección;S/D;S/D;Nocturna;S/D;Múltiple;S/D;Colisión;S/D;S/D
2090;2021;18/3/2021;Jueves;19:00:00;;0.0;2;Bicicleta,Pickup/Utilitario;Rivadavia 2100;3;0;0;2;0;0;Calle;LAGUNA PAIVA;Constitución;Asfalto;No existe;I;S/D;Urbana;Otra Señal;S/D;Intersección;Bueno;Buena;Diurna;Buen Tiempo;Múltiple;Ciclista;Colisión;Ninguna;Faltante
2091;2021;18/3/2021;Jueves;16:55:00;Ruta Nacional 11;367.0;2;Moto/Ciclomotor,Automóvil; ;2;0;0;1;0;0;Ruta;MACIEL;Constitución;Asfalto;Natural;XV;S/D;Rural;Otra Señal;No existe;Intersección;Bueno;S/D;Diurna;S/D;Múltiple;S/D;Colisión;S/D;Vertical
2092;2021;19/3/2021;Viernes;09:35:00;;0.0;3;Moto/Ciclomotor,Automóvil,Automóvil;Almafuerte Y Av. del Libertador;3;0;0;2;1;0;Avenida;VILLA GOBERNADOR GÁLVEZ;Rosario;Asfalto;No existe;II;S/D;Urbana;Otra Señal;No existe;Intersección;Con baches;Buena;Diurna;Otro;De alcance,Múltiple;S/D;Colisión;Ninguna;Faltante
2093;2021;19/3/2021;Viernes;13:45:00;Ruta Provincial 2;18.0;2;Pickup/Utilitario,Peatón; ;2;1;0;1;0;0;Ruta;ARROYO AGUIAR;La Capital;Asfalto;Natural;I;Fuera;Rural;Otra Señal;No existe;Intersección;Bueno;Buena;Diurna;Buen Tiempo;De alcance,Múltiple;Peatón;Colisión;Ninguna;Horizontal
2094;2021;19/3/2021;Viernes;21:00:00;;0.0;2;Moto/Ciclomotor,Automóvil;Av. Peñaloza Y Regis Martínez;2;1;0;1;0;0;Avenida;SANTA FE;La Capital;Asfalto;No existe;I;S/D;Urbana;Otra Señal;Funciona;Intersección;Bueno;Buena;Nocturna,Con luz artificial;Buen Tiempo;De alcance,Múltiple;S/D;Colisión;Ninguna;Vertical
2095;2021;19/3/2021;Viernes;08:00:00;;0.0;2;Moto/Ciclomotor,Automóvil;Av. López y Planes 4300;2;1;0;1;0;0;Calle;SANTA FE;La Capital;Asfalto;No existe;I;S/D;Urbana;Otra Señal;Funciona;Intersección;Bueno;Buena;Diurna;Buen Tiempo;De alcance,Múltiple;S/D;Colisión;Ninguna;Vertical
2096;2021;19/3/2021;Viernes;07:20:00;Ruta Provincial 14;12.0;2;Automóvil,Automóvil; ;3;3;0;0;0;0;Ruta;PIÑERO;Rosario;Asfalto;Natural;II;Dentro;Urbana;Otra Señal;No existe;Intersección;Bueno;Buena;Diurna;Buen Tiempo;De alcance,Múltiple;S/D;Colisión;Ninguna;Vertical
2097;2021;19/3/2021;Viernes;12:30:00;;0.0;2;Taxi/Remis,Bicicleta;Yapeyu 1300;2;1;0;1;0;0;Calle;PEREZ;Rosario;Asfalto;No existe;II;Dentro;Urbana;Otra Señal;No existe;Intersección;Bueno;Buena;Diurna;Buen Tiempo;De alcance,Múltiple;Ciclista;Colisión;Ninguna;S/D
2098;2021;19/3/2021;Viernes;11:20:00;;0.0;1;Bicicleta;Salta 1200;1;1;0;0;0;0;Calle;SAN LORENZO;San Lorenzo;Asfalto;No existe;XVII;S/D;Urbana;Otra Señal;No existe;Intersección;Bueno;S/D;Diurna;S/D;De alcance,Múltiple;S/D;Colisión;S/D;Vertical
2099;2021;19/3/2021;Viernes;17:45:00;;0.0;2;Automóvil,Moto/Ciclomotor;Av. Uriburu Y Santiago;3;2;0;1;0;0;Avenida;ROSARIO;Rosario;Asfalto;No existe;II;Dentro;Urbana;Otra Señal;No existe;Intersección;Bueno;Buena;Diurna;Buen Tiempo;De alcance,Múltiple;S/D;Colisión;Ninguna;Faltante
2100;2021;19/3/2021;Viernes;16:10:00;;0.0;2;Moto/Ciclomotor,Automóvil;Av. Provincias Unidas Y Rueda;3;1;0;2;0;0;Avenida;ROSARIO;Rosario;Asfalto;Pavimento;II;S/D;Urbana;Otra Señal;No existe;Intersección;Bueno;Buena;Diurna;Buen Tiempo;De alcance,Múltiple;S/D;Colisión;Ninguna;Faltante
2101;2021;19/3/2021;Viernes;12:00:00;;0.0;2;Moto/Ciclomotor,Automóvil;Av. Uriburu Y San Martin;2;1;0;0;0;1;Calle;ROSARIO;Rosario;Asfalto;No existe;II;Dentro;Urbana;Otra Señal;No existe;Intersección;Bueno;Buena;Diurna;Buen Tiempo;De alcance,Múltiple;S/D;Colisión;Ninguna;Faltante
2102;2021;19/3/2021;Viernes;11:30:00;;0.0;2;Automóvil,Moto/Ciclomotor;Laprida Y San Luis;3;1;0;2;0;0;Calle;ROSARIO;Rosario;Asfalto;No existe;II;S/D;Urbana;Otra Señal;No existe;Intersección;Bueno;S/D;Diurna;S/D;De alcance,Múltiple;S/D;Colisión;S/D;Horizontal,Vertical
2103;2021;19/3/2021;Viernes;12:50:00;Ruta Provincial 1;92.0;2;Automóvil,Moto/Ciclomotor; ;2;2;0;0;0;0;Ruta;HELVECIA;Garay;Asfalto;Natural;VII;Dentro;Rural;Otra Señal;No existe;Intersección;S/D;S/D;Diurna;S/D;De alcance,Múltiple;S/D;Colisión;S/D;Faltante
2104;2021;19/3/2021;Viernes;23:50:00;;0.0;2;Moto/Ciclomotor,Otros;Brigadier General E López Y Fray Antonio Rossi;2;1;0;1;0;0;Calle;HELVECIA;Garay;Tierra;No existe;VII;S/D;Urbana;Otra Señal;No existe;Intersección;Otro;S/D;Nocturna;S/D;De alcance,Múltiple;S/D;Colisión;S/D;Faltante
2105;2021;19/3/2021;Viernes;20:00:00;;0.0;2;Bicicleta,Automóvil;Calle 17-Bartolome Mitre Y Calle 20-9 de Julio;2;1;0;1;0;0;Calle;RECONQUISTA;General Obligado;Asfalto;No existe;IX;Dentro;Urbana;Otra Señal;No existe;Intersección;Bueno;Buena;Nocturna;Buen Tiempo;Múltiple;Ciclista;Colisión;Ninguna;Horizontal,Vertical
2106;2021;19/3/2021;Viernes;10:27:00;;0.0;2;Peatón,Moto/Ciclomotor;Pedro T de Larrechea 900;2;2;0;0;0;0;Calle;EL TRÉBOL;San MARTÍN;Asfalto;No existe;XVIII;S/D;Urbana;Otra Señal;No existe;Intersección;Bueno;S/D;Diurna;S/D;Múltiple;Peatón;Colisión;S/D;Faltante
2107;2021;19/3/2021;Viernes;;;0.0;2;Moto/Ciclomotor,Automóvil;San Martin Y Güemes;2;1;0;1;0;0;Calle;RAFAELA;Castellanos;Asfalto;No existe;V;S/D;Urbana;Otra Señal;No existe;Intersección;Bueno;S/D;Atardecer;S/D;Múltiple;S/D;Colisión;S/D;Vertical
2108;2021;19/3/2021;Viernes;16:30:00;;0.0;1;Automóvil;Av. Pellegrini Y Castellanos;2;1;0;0;0;1;Calle;ROSARIO;Constitución;Asfalto;No existe;II;Dentro;Urbana;Otra Señal;Funciona;Intersección;Bueno;S/D;Diurna;S/D;Múltiple;S/D;Colisión;Ninguna;Horizontal,Vertical
2109;2021;19/3/2021;Viernes;18:00:00;;0.0;2;Moto/Ciclomotor,Automóvil;White Y Colombia;2;1;0;0;0;1;Calle;ROSARIO;Constitución;S/D;S/D;II;S/D;Urbana;Otra Señal;S/D;Intersección;S/D;S/D;S/D;S/D;Múltiple;S/D;Colisión;S/D;S/D
2110;2021;19/3/2021;Viernes;11:45:00;;0.0;1;Moto/Ciclomotor;Av. Luis Carballo Y Bv. Avellaneda;1;1;0;0;0;0;Avenida;ROSARIO;Constitución;S/D;S/D;II;S/D;Urbana;Otra Señal;S/D;Intersección;S/D;S/D;S/D;S/D;Múltiple;S/D;Colisión;S/D;S/D
2111;2021;19/3/2021;Viernes;21:45:00;;0.0;2;Automóvil,Moto/Ciclomotor;Av. Pte. Perón Y Av. Provincias Unidas;2;1;0;0;0;1;Avenida;ROSARIO;Constitución;S/D;S/D;II;S/D;Urbana;Otra Señal;S/D;Intersección;S/D;S/D;S/D;S/D;Múltiple;S/D;Colisión;S/D;S/D
2112;2021;19/3/2021;Viernes;15:00:00;;0.0;1;Moto/Ciclomotor;Bv. Wilde Y Av. Eva Perón;1;1;0;0;0;0;Avenida;ROSARIO;Constitución;S/D;S/D;II;S/D;Urbana;Otra Señal;S/D;Intersección;S/D;S/D;S/D;S/D;Múltiple;S/D;Colisión;S/D;S/D
2113;2021;19/3/2021;Viernes;14:40:00;;0.0;2;Moto/Ciclomotor,Automóvil;San Lorenzo Y Cullen;2;0;0;1;0;0;Calle;ROSARIO;Constitución;Asfalto;No existe;II;S/D;Urbana;Otra Señal;No existe;Intersección;Bueno;Buena;Diurna;Buen Tiempo;Múltiple;S/D;Colisión;Ninguna;S/D
2114;2021;19/3/2021;Viernes;18:25:00;;0.0;2;Automóvil,Peatón;Caramarca Y Lavalle;2;0;0;1;0;0;Calle;VERA;Constitución;Tierra;No existe;XIX;Dentro;Urbana;Otra Señal;No existe;Intersección;Bueno;Buena;Atardecer;Buen Tiempo;Múltiple;Peatón;Colisión;Ninguna;Faltante
2115;2021;19/3/2021;Viernes;20:00:00;;0.0;2;Moto/Ciclomotor,Transporte de Pasajeros Urbano (> 8 asientos);Mendoza Y Roque Sáenz PEÑA;3;0;0;2;0;0;Calle;SANTA FE;Constitución;Asfalto;No existe;I;S/D;Urbana;Otra Señal;No existe;Intersección;Bueno;S/D;Nocturna;S/D;Múltiple;S/D;Colisión;S/D;Faltante
2116;2021;19/3/2021;Viernes;11:17:00;;0.0;2;Automóvil,Moto/Ciclomotor;Bv San Martin Y Tucumán;2;0;0;1;0;0;Avenida;HUMBERTO 1°;Constitución;Asfalto;No existe;V;S/D;Urbana;Otra Señal;No existe;Intersección;Bueno;Buena;Diurna;Buen Tiempo;Múltiple;S/D;Colisión;Ninguna;Faltante
2117;2021;20/3/2021;Sabado;14:00:00;;0.0;2;Moto/Ciclomotor,Automóvil;Roque Sáenz PEÑA Y Tucumán;3;1;0;2;0;0;Calle;SANTA FE;La Capital;Asfalto;No existe;I;S/D;Urbana;Otra Señal;No existe;Intersección;Con baches;Buena;Diurna;Buen Tiempo;De alcance,Múltiple;S/D;Colisión;Ninguna;Faltante
2118;2021;20/3/2021;Sabado;10:30:00;;0.0;2;Moto/Ciclomotor,Pickup/Utilitario;Uruguay 2600;2;1;0;1;0;0;Calle;ROSARIO;Rosario;Asfalto;No existe;II;Dentro;Urbana;Otra Señal;No existe;Intersección;Bueno;Buena;Diurna;Buen Tiempo;De alcance,Múltiple;S/D;Colisión;Ninguna;Faltante
2119;2021;20/3/2021;Sabado;16:00:00;;0.0;2;Transporte de Pasajeros Urbano (> 8 asientos),Moto/Ciclomotor;Alvear Y San Lorenzo;2;1;0;1;0;0;Calle;ROSARIO;Rosario;Asfalto;No existe;II;S/D;Urbana;Otra Señal;No existe;Intersección;Bueno;S/D;Diurna;S/D;De alcance,Múltiple;S/D;Colisión;S/D;Vertical
2120;2021;20/3/2021;Sabado;18:30:00;Ruta Nacional 11;721.0;1;Automóvil; ;3;1;0;2;0;0;Ruta;VERA;Vera;Asfalto;Natural;XIX;Fuera;Urbana;Otra Señal;No existe;Intersección;Bueno;Buena;Diurna;Lluvia;De alcance,Múltiple;S/D;Colisión;Agua;Horizontal,Vertical
2121;2021;20/3/2021;Sabado;10:30:00;Ruta Provincial 40;76.0;2;Moto/Ciclomotor,Automóvil;Av. Domingo Perón ;3;2;0;1;0;0;Ruta;FORTÍN OLMOS;Vera;Asfalto;Natural;XIX;Dentro;Urbana;Otra Señal;No existe;Intersección;Bueno;Buena;Diurna;Buen Tiempo;De alcance,Múltiple;S/D;Colisión;Ninguna;Faltante
2122;2021;20/3/2021;Sabado;00:25:00;;0.0;2;Moto/Ciclomotor,Moto/Ciclomotor;Calle 4 - Ledesma Y Calle 29-Alte Brown;2;1;0;1;0;0;Calle;RECONQUISTA;General Obligado;Tierra;No existe;IX;Dentro;Urbana;Otra Señal;No existe;Intersección;Otro;Buena;Nocturna;S/D;Múltiple;S/D;Colisión;S/D;Horizontal,Vertical
2123;2021;20/3/2021;Sabado;16:30:00;;0.0;2;Moto/Ciclomotor,Pickup/Utilitario; General Juan Las Heras Y Maipú;2;1;0;1;0;0;Calle;CASILDA;Caseros;Asfalto;No existe;IV;S/D;Urbana;Otra Señal;No existe;Intersección;Bueno;S/D;Diurna;S/D;Múltiple;S/D;Colisión;S/D;Vertical
2124;2021;20/3/2021;Sabado;08:50:00;;0.0;1;Otros;9 de Julio Y Santa Fe;1;1;0;0;0;0;Calle;CAÑADA ROSQUÍN;San MARTÍN;Asfalto;No existe;XVIII;S/D;Urbana;Otra Señal;No existe;Intersección;Bueno;S/D;Diurna;S/D;Múltiple;S/D;Colisión;S/D;Vertical
2125;2021;20/3/2021;Sabado;;Ruta Nacional 11;558.0;1;Automóvil; ;1;1;0;0;0;0;Ruta;SAN JUSTO;San Justo;Asfalto;Natural;XVI;S/D;Rural;Otra Señal;No existe;Intersección;Resbaladiza;Reducida;Diurna;Lluvia;Múltiple;S/D;Colisión;Agua;Vertical
2126;2021;20/3/2021;Sabado;12:30:00;;0.0;1;Automóvil;Rivarola Y C.Larralde;1;1;0;0;0;0;Calle;ROSARIO;Constitución;S/D;S/D;II;S/D;S/D;Otra Señal;S/D;Intersección;S/D;S/D;S/D;S/D;Múltiple;S/D;Colisión;S/D;S/D
2127;2021;20/3/2021;Sabado;02:20:00;;0.0;1;Moto/Ciclomotor;Colon Y Cerrito;1;1;0;0;0;0;Calle;ROSARIO;Constitución;S/D;S/D;II;S/D;Urbana;Otra Señal;S/D;Intersección;S/D;S/D;S/D;S/D;Múltiple;S/D;Colisión;S/D;S/D