ID_Accidente;A�o;Fecha;Dia;Hopra;Ruta/Autop;km;Participantes;Tipo;Lugar;Total;Heridos Leves;Heridos Graves;Ilesos;Fallecidos;Sin datos;desc_tipo_via;desc_loc;desc_dpto;|;desc_tipo_banquina;desc_unidad_regional;desc_lugar_calzada;desc_zona;desc_prioridad;desc_estado_semaforo;desc_lugar_via;desc_estado_via;desc_estado_visibilidad;desc_luminosidad;desc_estado_clima;desc_tipo_colision;desc_tipo_atropello;desc_tipo_hecho;desc_pres_calzada;desc_senializacion
2128;2021;20/3/2021;Sabado;09:30:00;Autovía Nacional 19;58.0;1;Automóvil; ;2;0;0;1;0;0;Autovía;SA PEREIRA;Constitución;Asfalto;Pavimento;XI;S/D;Urbana;Otra Señal;No existe;Intersección;Resbaladiza;Reducida;Diurna;Lluvia;Múltiple;S/D;Colisión;Agua;Faltante
2129;2021;20/3/2021;Sabado;01:45:00;;0.0;2;Moto/Ciclomotor,Pickup/Utilitario;San Martin Y 25 de Mayo;3;0;0;2;0;0;Calle;SAN CARLOS SUR;Constitución;Asfalto;Pavimento;XI;Dentro;Urbana;Otra Señal;No existe;Intersección;Resbaladiza;Buena;Nocturna;Lluvia;Múltiple;S/D;Colisión;Agua;Horizontal,Vertical
2130;2021;20/3/2021;Sabado;00:15:00;;0.0;3;Automóvil,Automóvil,Automóvil;Av. Ntra.Sra.del Rosario Y Ayacucho;5;0;0;0;2;1;Avenida;ROSARIO;Rosario;Asfalto;No existe;II;S/D;Urbana;Otra Señal;Intermitente;Intersección;Bueno;S/D;Nocturna;S/D;Múltiple;S/D;Colisión;S/D;Horizontal,Vertical
2131;2021;21/3/2021;Domingo;20:00:00;;0.0;1;Moto/Ciclomotor;Venezuela Y Paraguay;1;1;0;0;0;0;Calle;SAUCE VIEJO;La Capital;Ripio;S/D;I;S/D;Urbana;Otra Señal;No existe;Intersección;Bueno;Buena;Nocturna;S/D;De alcance,Múltiple;S/D;Colisión;S/D;S/D
2132;2021;21/3/2021;Domingo;18:00:00;;0.0;2;Moto/Ciclomotor,Moto/Ciclomotor;25 de mayo Y Obispo Gelabert;3;1;0;2;0;0;Calle;SANTO TOMÉ;La Capital;Asfalto;S/D;I;S/D;Urbana;Otra Señal;No existe;Intersección;Bueno;Buena;Diurna;Buen Tiempo;De alcance,Múltiple;S/D;Colisión;Ninguna;Faltante
2133;2021;21/3/2021;Domingo;02:10:00;;0.0;2;Bicicleta,Automóvil;Pje. J.Blanco Y Av. Battle y Ordoñez;2;1;0;1;0;0;Calle;ROSARIO;Rosario;Asfalto;No existe;II;Dentro;Urbana;Otra Señal;No existe;Intersección;Bueno;Buena;Nocturna;Buen Tiempo;De alcance,Múltiple;Ciclista;Colisión;Ninguna;Faltante
2134;2021;21/3/2021;Domingo;20:20:00;Ruta Nacional 9;292.0;4;Automóvil,Automóvil,Automóvil,Automóvil; ;7;5;0;2;0;0;Ruta;FUNES;Rosario;Asfalto;Pavimento;II;Dentro;Urbana;Otra Señal;No existe;Intersección;Bueno;Buena;Nocturna;Buen Tiempo;De alcance,Múltiple;S/D;Colisión;Ninguna;Vertical
2135;2021;21/3/2021;Domingo;20:45:00;;0.0;2;Moto/Ciclomotor,Automóvil;Querandíes Y Carcaraes;3;1;0;2;0;0;Calle;COLASTINE;La Capital;Ripio;Natural;I;Dentro;Urbana;Otra Señal;No existe;Intersección;Con baches;Reducida;Nocturna;Buen Tiempo;Múltiple;S/D;Colisión;Agua;S/D
2136;2021;21/3/2021;Domingo;01:50:00;;0.0;2;Automóvil,Moto/Ciclomotor;Belgrano Manuel 300;3;2;0;1;0;0;Calle;SAN CARLOS CENTRO;Las Colonias;Asfalto;No existe;XI;S/D;Urbana;Otra Señal;No existe;Intersección;Bueno;Buena;Nocturna;Buen Tiempo;Múltiple;S/D;Colisión;Ninguna;Vertical
2137;2021;21/3/2021;Domingo;16:55:00;;0.0;2;Automóvil,Moto/Ciclomotor;1 de Mayo Y Cullen;2;2;0;0;0;0;Calle;ESPERANZA;Las Colonias;Asfalto;No existe;XI;Dentro;Urbana;Otra Señal;No existe;Intersección;Bueno;S/D;Diurna;Buen Tiempo;Múltiple;S/D;Colisión;Ninguna;Horizontal
2138;2021;21/3/2021;Domingo;13:00:00;;0.0;2;Moto/Ciclomotor,Pickup/Utilitario;L N Alem Y Tte. roca;2;1;0;1;0;0;Calle;SAN LORENZO;San Lorenzo;Asfalto;No existe;XVII;S/D;Urbana;Otra Señal;Funciona;Intersección;Bueno;S/D;Diurna;S/D;Múltiple;S/D;Colisión;S/D;S/D
2139;2021;21/3/2021;Domingo;17:00:00;;0.0;2;Moto/Ciclomotor,Automóvil;Rioja Y Rivadavia Bernardino;2;1;0;0;0;1;Calle;CAPITÁN BERMÚDEZ;San Lorenzo;Asfalto;Pavimento;XVII;Dentro;Urbana;Otra Señal;No existe;Intersección;Bueno;Buena;Diurna;Buen Tiempo;Múltiple;S/D;Colisión;Ninguna;Faltante
2140;2021;21/3/2021;Domingo;17:30:00;;0.0;1;Bicicleta;Av. San Martin 2600;1;1;0;0;0;0;Avenida;SAN LORENZO;San Lorenzo;Asfalto;Pavimento;XVII;S/D;Urbana;Otra Señal;No existe;Intersección;Bueno;S/D;Diurna;S/D;Múltiple;S/D;Colisión;S/D;Horizontal,Vertical
2141;2021;21/3/2021;Domingo;22:30:00;Autopista Nacional A012;14.0;1;Automóvil; ;1;1;0;0;0;0;Autopista;PIÑERO;Rosario;Asfalto;Natural;II;Dentro;Rural;Otra Señal;No existe;Intersección;Bueno;Buena;Amanecer;Buen Tiempo;Múltiple;S/D;Colisión;Ninguna;Vertical
2142;2021;21/3/2021;Domingo;18:30:00;Ruta Provincial 6;71.0;1;Moto/Ciclomotor; ;2;2;0;0;0;0;Ruta;ESPERANZA;Las Colonias;Asfalto;Natural;XI;Fuera;Rural;Otra Señal;No existe;Intersección;Bueno;Buena;Diurna;Buen Tiempo;Múltiple;S/D;Colisión;Ninguna;S/D
2143;2021;21/3/2021;Domingo;17:50:00;;0.0;2;Automóvil,Moto/Ciclomotor;Moreno Y Güemes;2;1;0;1;0;0;Calle;PILAR;Las Colonias;Asfalto;Natural;XI;S/D;Urbana;Otra Señal;No existe;Intersección;Bueno;Buena;Diurna;Buen Tiempo;Múltiple;S/D;Colisión;Ninguna;Horizontal
2144;2021;21/3/2021;Domingo;00:30:00;;0.0;2;Moto/Ciclomotor,Automóvil;Laurencio Maradona 127;2;1;0;1;0;0;Calle;SANTA FE;La Capital;Asfalto;No existe;I;S/D;Rural;Otra Señal;No existe;Intersección;Con baches;Buena;Nocturna;Buen Tiempo;Múltiple;S/D;Colisión;Ninguna;Faltante
2145;2021;21/3/2021;Domingo;15:20:00;Ruta Provincial 1;142.0;1;Automóvil; ;1;1;0;0;0;0;Ruta;SAN JAVIER;San Javier;Asfalto;Natural;XIV;S/D;Rural;Otra Señal;No existe;Intersección;Bueno;S/D;Diurna;S/D;Múltiple;S/D;Colisión;S/D;Faltante
2146;2021;21/3/2021;Domingo;18:30:00;;0.0;1;Bicicleta;Av. Pte. Perón Y Cullen;1;1;0;0;0;0;Avenida;ROSARIO;Constitución;S/D;S/D;II;S/D;Urbana;Otra Señal;S/D;Intersección;S/D;S/D;S/D;S/D;Múltiple;S/D;Colisión;S/D;S/D
2147;2021;21/3/2021;Domingo;18:30:00;;0.0;1;Moto/Ciclomotor;Cullen Y Godoy Cruz;1;1;0;0;0;0;Calle;ROSARIO;Constitución;S/D;S/D;II;S/D;Urbana;Otra Señal;S/D;Intersección;S/D;S/D;S/D;S/D;Múltiple;S/D;Colisión;S/D;S/D
2148;2021;21/3/2021;Domingo;20:30:00;Ruta Nacional 33;547.0;2;Automóvil,Camión c / Acoplado;Ruta Nacional 33 ;5;0;0;1;3;0;Ruta;RUFINO;Constitución;Asfalto;Natural;VIII;S/D;Rural;Otra Señal;No existe;Intersección;S/D;S/D;Nocturna;S/D;Múltiple;S/D;Colisión;Ninguna,S/D;Faltante
2149;2021;21/3/2021;Domingo;15:45:00;;0.0;2;Automóvil,Moto/Ciclomotor;San Martin Y Catamarca;2;0;0;1;0;0;Calle;ROSARIO;Constitución;Asfalto;S/D;II;S/D;Urbana;Otra Señal;Funciona;Intersección;Bueno;S/D;Diurna;Buen Tiempo;Múltiple;S/D;Colisión;S/D;Horizontal,Vertical
2150;2021;21/3/2021;Domingo;11:20:00;Autopista Provincial Brigadier E.LÓPEZ;23.0;1;Moto/Ciclomotor; ;2;1;0;0;0;0;Autopista;TIMBÚES;Constitución;Hormigón;S/D;XVII;S/D;Rural;Otra Señal;S/D;Intersección;Bueno;S/D;Diurna;Buen Tiempo;Múltiple;S/D;Colisión;Ninguna;Horizontal,Vertical
2151;2021;21/3/2021;Domingo;19:35:00;Ruta Nacional 11;316.0;2;Moto/Ciclomotor,Automóvil; ;2;0;0;1;0;0;Ruta;GRANADERO BAIGORRIA;Constitución;Asfalto;No existe;II;S/D;Urbana;Otra Señal;Funciona;Intersección;Con baches;S/D;Atardecer;S/D;Múltiple;S/D;Colisión;S/D;Horizontal,Vertical
2152;2021;22/3/2021;Lunes;;Autopista Nacional 9;281.0;2;Camión c / Acoplado,Automóvil; ;3;2;0;0;0;1;Autopista;ALVEAR;Rosario;Asfalto;Natural;II;Dentro;Rural;Otra Señal;No existe;Intersección;Deteriorada;Buena;Diurna;Buen Tiempo;Múltiple;S/D;Colisión;S/D;Faltante
2153;2021;22/3/2021;Lunes;13:40:00;;0.0;2;Bicicleta,Automóvil;Av. San Martin Y Tucumán;2;1;0;1;0;0;Avenida;SAN LORENZO;San Lorenzo;Asfalto;No existe;XVII;S/D;Urbana;Otra Señal;No existe;Intersección;Bueno;S/D;Diurna;S/D;Múltiple;Ciclista;Colisión;S/D;Horizontal,Vertical
2154;2021;22/3/2021;Lunes;10:20:00;;0.0;2;Bicicleta,Pickup/Utilitario;Sarmiento Y Pje. E. Díaz;2;1;0;1;0;0;Calle;ROSARIO;Rosario;Asfalto;No existe;II;Dentro;Urbana;Otra Señal;No existe;Intersección;Bueno;Buena;Diurna;Buen Tiempo;Múltiple;Ciclista;Colisión;Ninguna;Faltante
2155;2021;22/3/2021;Lunes;13:45:00;;0.0;2;Automóvil,Automóvil;Av. Pellegrini Y Av. Provincias Unidas;4;3;0;0;0;1;Avenida;ROSARIO;Rosario;Asfalto;Pavimento;II;S/D;Urbana;Otra Señal;Funciona;Intersección;Bueno;Buena;Diurna;Buen Tiempo;Múltiple;S/D;Colisión;Ninguna;Faltante
2156;2021;22/3/2021;Lunes;18:00:00;;0.0;2;Moto/Ciclomotor,Peatón;25 de Mayo 1750;3;1;0;2;0;0;Calle;VERA;Vera;Asfalto;No existe;XIX;Dentro;Urbana;Otra Señal;No existe;Intersección;Bueno;Buena;Diurna;Buen Tiempo;Múltiple;Peatón;Colisión;Ninguna;Vertical
2157;2021;22/3/2021;Lunes;09:20:00;Ruta Provincial 38;46.0;1;Moto/Ciclomotor; ;2;2;0;0;0;0;Ruta;CALCHAQUÍ;Vera;Tierra;Natural;XIX;Dentro;Rural;Otra Señal;No existe;Intersección;Bueno;Buena;Diurna;Buen Tiempo;Múltiple;S/D;Colisión;Ninguna;S/D
2158;2021;22/3/2021;Lunes;21:50:00;Ruta Nacional A012;53.0;2;Pickup/Utilitario,Moto/Ciclomotor; ;3;2;0;1;0;0;Ruta;ROSARIO;Rosario;Asfalto;Pavimento;II;S/D;Urbana;Otra Señal;S/D;Intersección;Bueno;Buena;Nocturna;Buen Tiempo;Múltiple;S/D;Colisión;S/D;S/D
2159;2021;22/3/2021;Lunes;18:00:00;;0.0;2;Automóvil,Moto/Ciclomotor;Av. Pellegrini Y Dorrego;2;1;0;0;0;1;Avenida;ROSARIO;Rosario;Asfalto;No existe;II;Dentro;Urbana;Otra Señal;Funciona;Intersección;Bueno;Buena;Diurna;Buen Tiempo;Múltiple;S/D;Colisión;Ninguna;Vertical
2160;2021;22/3/2021;Lunes;14:30:00;;0.0;2;Pickup/Utilitario,Moto/Ciclomotor;Avenida San Martin Y Sarmiento;2;1;0;1;0;0;Calle;TOSTADO;9 de Julio;Asfalto;No existe;XII;S/D;Urbana;Otra Señal;No existe;Intersección;S/D;Buena;Diurna;Buen Tiempo;Múltiple;S/D;Colisión;Ninguna;Faltante
2161;2021;22/3/2021;Lunes;12:05:00;;0.0;2;Moto/Ciclomotor,Pickup/Utilitario;Pte. J D Perón Y Moreno;2;1;0;1;0;0;Calle;SAN CARLOS CENTRO;Las Colonias;Asfalto;No existe;XI;S/D;Urbana;Otra Señal;No existe;Intersección;Bueno;Buena;Diurna;Lluvia;Múltiple;S/D;Colisión;Agua;S/D
2162;2021;22/3/2021;Lunes;11:00:00;;0.0;2;Automóvil,Camión c / Acoplado;Beck Bernard 100;2;1;0;0;0;1;Calle;SAN CARLOS NORTE;Las Colonias;Hormigón;No existe;XI;S/D;Urbana;Otra Señal;No existe;Intersección;Bueno;Buena;Diurna;Buen Tiempo;Múltiple;S/D;Colisión;Ninguna;Vertical
2163;2021;22/3/2021;Lunes;13:30:00;;0.0;2;Moto/Ciclomotor,Pickup/Utilitario;9 de Julio Y Belgrano;2;1;0;1;0;0;Calle;NELSON;La Capital;Tierra;No existe;I;S/D;Urbana;Otra Señal;No existe;Intersección;Bueno;Buena;Diurna;Buen Tiempo;Múltiple;S/D;Colisión;Ninguna;Faltante
2164;2021;22/3/2021;Lunes;21:10:00;;0.0;2;Taxi/Remis,Moto/Ciclomotor;Sarmiento Y J B Justo;2;1;0;1;0;0;Calle;SAN CRISTÓBAL;San CRISTÓBAL;Asfalto;No existe;XIII;Dentro;Urbana;Otra Señal;No existe;Intersección;Con baches;Buena;Nocturna;Buen Tiempo;Múltiple;S/D;Colisión;Ninguna;Vertical
2165;2021;22/3/2021;Lunes;12:32:00;;0.0;2;Peatón,Moto/Ciclomotor;San Martin Y Martin Fierro;2;1;0;1;0;0;Calle;EL TRÉBOL;San MARTÍN;Ripio;No existe;XVIII;S/D;Urbana;Otra Señal;S/D;Intersección;Deteriorada;S/D;Diurna;S/D;Múltiple;Peatón;Colisión;S/D;S/D
2166;2021;22/3/2021;Lunes;09:50:00;Autopista Nacional A012;6.0;2;Camión,Automóvil; ;3;1;0;2;0;0;Autopista;PIÑERO;Rosario;Asfalto;Pavimento;II;S/D;Rural;Otra Señal;S/D;Intersección;Bueno;S/D;Diurna;S/D;Múltiple;S/D;Colisión;S/D;Horizontal,Vertical
2167;2021;22/3/2021;Lunes;14:10:00;;0.0;1;Moto/Ciclomotor;2 de Abril Y Cerrito;1;1;0;0;0;0;Calle;VENADO TUERTO;General LÓPEZ;Ripio;No existe;VIII;S/D;Urbana;Otra Señal;No existe;Intersección;Deteriorada;S/D;Diurna;S/D;Múltiple;S/D;Colisión;Material Suelto;Faltante
2168;2021;22/3/2021;Lunes;15:00:00;;0.0;1;Automóvil;Calle 6-Ituzaingo 657;1;1;0;0;0;0;Calle;RECONQUISTA;General Obligado;Asfalto;No existe;IX;S/D;Urbana;Otra Señal;No existe;Intersección;Bueno;S/D;Diurna;S/D;Múltiple;S/D;Colisión;S/D;Faltante
2169;2021;22/3/2021;Lunes;21:30:00;Ruta Nacional 11;791.0;2;Automóvil,Camión;Calle 11 ;3;2;0;1;0;0;Ruta;AVELLANEDA;General Obligado;Asfalto;No existe;IX;S/D;Urbana;Otra Señal;Funciona;Intersección;Bueno;S/D;Nocturna;S/D;Múltiple;S/D;Colisión;S/D;Horizontal,Vertical
2170;2021;22/3/2021;Lunes;21:00:00;;0.0;2;Moto/Ciclomotor,Automóvil;Calle 47-Islas Malvinas Y Calle 30-Lucas Funes;3;2;0;1;0;0;Calle;RECONQUISTA;General Obligado;Ripio;Ripio;IX;S/D;Urbana;Otra Señal;No existe;Intersección;Deteriorada,Ahuellamiento;S/D;Nocturna;S/D;Múltiple;S/D;Colisión;S/D;Vertical
2171;2021;22/3/2021;Lunes;13:00:00;;0.0;2;Moto/Ciclomotor,Automóvil;Rivadavia Y Belgrano;2;1;0;1;0;0;Calle;CAÑADA DE GÓMEZ;Iriondo;Asfalto;No existe;X;S/D;Urbana;Otra Señal;No existe;Intersección;Bueno;S/D;Diurna;S/D;Múltiple;S/D;Colisión;S/D;Vertical
2172;2021;22/3/2021;Lunes;;;0.0;1;Otros; ;1;0;0;0;1;0;S/D;BIGAND;Constitución;S/D;S/D;IV;S/D;S/D;Otra Señal;S/D;Intersección;S/D;S/D;S/D;S/D;Múltiple;S/D;Colisión;S/D;S/D
2173;2021;22/3/2021;Lunes;09:00:00;;0.0;1;Transporte de Pasajeros;San Lorenzo Y Entre Ríos;3;2;0;0;0;1;Calle;ROSARIO;Constitución;S/D;S/D;II;S/D;Urbana;Otra Señal;S/D;Intersección;S/D;S/D;S/D;S/D;Múltiple;S/D;Colisión;S/D;S/D
2174;2021;22/3/2021;Lunes;08:00:00;;0.0;1;Bicicleta;Bv. Seguí 4500;1;1;0;0;0;0;Avenida;ROSARIO;Constitución;S/D;S/D;II;S/D;Urbana;Otra Señal;S/D;Intersección;S/D;S/D;S/D;S/D;Múltiple;S/D;Colisión;S/D;S/D
2175;2021;22/3/2021;Lunes;06:30:00;Ruta Provincial 91;6.0;2;Automóvil,Camión c / Acoplado; ;4;1;0;1;1;0;Ruta;SERODINO;Constitución;Asfalto;Natural;X;S/D;Rural;Otra Señal;No existe;Intersección;S/D;S/D;Nocturna;S/D;Múltiple;S/D;Colisión;Ninguna;Faltante
2176;2021;22/3/2021;Lunes;;;0.0;2;Peatón,Transporte de Pasajeros Urbano (> 8 asientos);San Lorenzo Y Entre Ríos;2;0;0;1;0;0;Calle;ROSARIO;Constitución;Asfalto;No existe;II;S/D;Urbana;Otra Señal;No existe;Intersección;Bueno;S/D;Diurna;S/D;Múltiple;Peatón;Colisión;S/D;Horizontal
2177;2021;23/3/2021;Martes;14:50:00;Ruta Secundaria 225-s;0.0;2;Automóvil,Moto/Ciclomotor; ;3;1;0;2;0;0;Ruta;VILLA GOBERNADOR GÁLVEZ;Rosario;Asfalto;Ripio;II;Fuera;Rural;Otra Señal;No existe;Intersección;Bueno;Buena;Diurna;Buen Tiempo;Múltiple;S/D;Colisión;Ninguna;Faltante
2178;2021;23/3/2021;Martes;18:03:00;;0.0;2;Automóvil,Bicicleta;Bv. Avellaneda Y Lamadrid;2;1;0;1;0;0;Calle;ROSARIO;Rosario;Asfalto;No existe;II;Dentro;Urbana;Otra Señal;No existe;Intersección;Bueno;Buena;Atardecer;Buen Tiempo;Múltiple;Ciclista;Colisión;Ninguna;Faltante
2179;2021;23/3/2021;Martes;12:25:00;;0.0;2;Automóvil,Peatón;9 De Julio Y Sarmiento;3;2;0;1;0;0;Calle;ROSARIO;Rosario;Asfalto;No existe;II;S/D;Urbana;Otra Señal;No existe;Intersección;Bueno;S/D;Diurna;S/D;Múltiple;Peatón;Colisión;S/D;Horizontal,Vertical
2180;2021;23/3/2021;Martes;10:00:00;Ruta Provincial 40;74.0;1;Moto/Ciclomotor; ;1;1;0;0;0;0;Ruta;FORTÍN OLMOS;Vera;Tierra;No existe;XIX;S/D;Rural;Otra Señal;No existe;Intersección;Con baches;Buena;Diurna;Buen Tiempo;Múltiple;S/D;Colisión;Ninguna;Faltante
2181;2021;23/3/2021;Martes;;;0.0;2;Moto/Ciclomotor,Automóvil;Bv Belgrano Y Roque Sáenz PEÑA;3;2;0;1;0;0;Avenida;CALCHAQUÍ;Vera;Asfalto;Natural;XIX;Dentro;Urbana;Otra Señal;No existe;Intersección;Bueno;Buena;Diurna;Buen Tiempo;Múltiple;S/D;Colisión;Ninguna;Vertical
2182;2021;23/3/2021;Martes;15:41:00;;0.0;2;Moto/Ciclomotor,Automóvil;Bv. Seguí Y Rodríguez;2;1;0;1;0;0;Calle;ROSARIO;Rosario;Asfalto;No existe;II;Dentro;Urbana;Otra Señal;No existe;Intersección;Bueno;Buena;Diurna;Buen Tiempo;Múltiple;Ciclista;Colisión;Ninguna;Vertical
2183;2021;23/3/2021;Martes;12:00:00;;0.0;2;Automóvil,Bicicleta;G Lehmann Y Domingo Faustino Sarmiento;2;1;0;1;0;0;Calle;ESPERANZA;Las Colonias;Asfalto;S/D;XI;Dentro;Urbana;Otra Señal;No existe;Intersección;Bueno;Buena;Diurna;Buen Tiempo;Múltiple;Ciclista;Colisión;Ninguna;Vertical
2184;2021;23/3/2021;Martes;12:30:00;;0.0;2;Automóvil,Moto/Ciclomotor;9 de Julio Y Santa Fe;4;2;0;2;0;0;Calle;SAN JERÓNIMO NORTE;Las Colonias;Asfalto;No existe;XI;Dentro;Urbana;Otra Señal;No existe;Intersección;Bueno;Buena;Diurna;Buen Tiempo;Múltiple;S/D;Colisión;Ninguna;Vertical
2185;2021;23/3/2021;Martes;13:09:00;;0.0;2;Automóvil,Peatón;San Martin Y Mendoza;2;1;0;1;0;0;Calle;SANTA FE;La Capital;Asfalto;No existe;I;S/D;Urbana;Otra Señal;No existe;Intersección;Bueno;S/D;Diurna;S/D;Múltiple;Peatón;Colisión;S/D;Faltante
2186;2021;23/3/2021;Martes;19:50:00;Ruta Provincial 1;118.0;1;Moto/Ciclomotor; ;2;2;0;0;0;0;Ruta;COLONIA MASCIAS;Garay;Asfalto;Natural;VII;S/D;Urbana;Otra Señal;No existe;Intersección;Bueno;Buena;Atardecer;Buen Tiempo;Múltiple;S/D;Colisión;Ninguna;Faltante
2187;2021;23/3/2021;Martes;17:40:00;;0.0;2;Automóvil,Moto/Ciclomotor;Av. Freyre Y Hipólito Yrigoyen;2;1;0;1;0;0;Avenida;SANTA FE;La Capital;Asfalto;Ripio;I;S/D;Urbana;Otra Señal;No existe;Intersección;Bueno;Buena;Diurna;Buen Tiempo;Múltiple;S/D;Colisión;Ninguna;Faltante
2188;2021;23/3/2021;Martes;09:30:00;;0.0;2;Moto/Ciclomotor,Automóvil;Santa Fe Y 9 de Julio;2;1;0;1;0;0;Calle;VENADO TUERTO;General LÓPEZ;Asfalto;No existe;VIII;S/D;Urbana;Otra Señal;S/D;Intersección;Bueno;S/D;Diurna;S/D;Múltiple;S/D;Colisión;S/D;Vertical
2189;2021;23/3/2021;Martes;23:00:00;Ruta Nacional 33;636.0;2;Automóvil,Camión; ;5;2;0;3;0;0;Ruta;VENADO TUERTO;General LÓPEZ;Asfalto;Ripio;VIII;S/D;Rural;Otra Señal;No existe;Intersección;Bueno;S/D;Nocturna;S/D;Múltiple;S/D;Colisión;S/D;Vertical
2190;2021;23/3/2021;Martes;19:37:00;;0.0;1;Moto/Ciclomotor;Italia Y Quintana;1;1;0;0;0;0;Calle;VENADO TUERTO;General LÓPEZ;Ripio;No existe;VIII;S/D;Urbana;Otra Señal;No existe;Intersección;Deteriorada;S/D;Atardecer;S/D;Múltiple;S/D;Colisión;S/D;Faltante
2191;2021;23/3/2021;Martes;17:58:00;;0.0;1;Moto/Ciclomotor;Jujuy Y Corrientes;1;1;0;0;0;0;Calle;VENADO TUERTO;General LÓPEZ;Asfalto;No existe;VIII;S/D;Urbana;Otra Señal;No existe;Intersección;Bueno;S/D;Atardecer;S/D;Múltiple;S/D;Colisión;S/D;Vertical
2192;2021;23/3/2021;Martes;17:30:00;;0.0;2;Moto/Ciclomotor,Automóvil;Av. Dr. Luis Chapuis Y Manuel Vicente Manzano;6;2;0;4;0;0;Calle;VENADO TUERTO;General LÓPEZ;Asfalto;No existe;VIII;S/D;Urbana;Otra Señal;No existe;Intersección;Ahuellamiento;S/D;Diurna;S/D;Múltiple;S/D;Colisión;S/D;Faltante
2193;2021;23/3/2021;Martes;;;0.0;2;Automóvil,Automóvil;Bv Pte. Roca Y Ituzaingó;2;1;0;0;0;1;Avenida;RAFAELA;Castellanos;Asfalto;No existe;V;S/D;Urbana;Otra Señal;No existe;Intersección;Bueno;S/D;Atardecer;S/D;Múltiple;S/D;Colisión;S/D;Vertical
2194;2021;23/3/2021;Martes;19:30:00;;0.0;1;Moto/Ciclomotor;Dean Funes Y Matienzo;1;1;0;0;0;0;Calle;ROSARIO;Constitución;S/D;S/D;II;S/D;S/D;Otra Señal;S/D;Intersección;S/D;S/D;S/D;S/D;Múltiple;S/D;Colisión;S/D;S/D
2195;2021;23/3/2021;Martes;18:00:00;;0.0;1;Bicicleta;Grandoli Y Ayolas;1;1;0;0;0;0;Calle;ROSARIO;Constitución;S/D;S/D;II;S/D;Urbana;Otra Señal;S/D;Intersección;S/D;S/D;Diurna;S/D;Múltiple;S/D;Colisión;S/D;S/D
2196;2021;23/3/2021;Martes;15:00:00;;0.0;1;Moto/Ciclomotor;Pje. Casaccia Y Lamadrid;1;1;0;0;0;0;Calle;ROSARIO;Constitución;S/D;S/D;II;S/D;Urbana;Otra Señal;S/D;Intersección;S/D;S/D;Diurna;S/D;Múltiple;S/D;Colisión;S/D;S/D
2197;2021;23/3/2021;Martes;08:00:00;;0.0;1;Automóvil;Av. Pellegrini Y España;2;1;0;0;0;1;Calle;ROSARIO;Constitución;Asfalto;No existe;II;Dentro;Urbana;Otra Señal;Funciona;Intersección;Bueno;S/D;Diurna;S/D;Múltiple;S/D;Colisión;Ninguna;Horizontal,Vertical
2198;2021;23/3/2021;Martes;13:30:00;;0.0;1;Moto/Ciclomotor;Bv. Seguí Y Camilo Aldao;1;1;0;0;0;0;Calle;ROSARIO;Constitución;Asfalto;No existe;II;Dentro;Urbana;Otra Señal;No existe;Intersección;Bueno;S/D;Diurna;S/D;Múltiple;S/D;Colisión;Ninguna;Faltante
2199;2021;23/3/2021;Martes;17:50:00;;0.0;1;Moto/Ciclomotor;Pueyrredón ;1;1;0;0;0;0;Calle;ROSARIO;Constitución;S/D;S/D;II;Dentro;Urbana;Otra Señal;S/D;Intersección;S/D;S/D;Diurna;S/D;Múltiple;S/D;Colisión;S/D;S/D
2200;2021;23/3/2021;Martes;18:00:00;;0.0;1;Moto/Ciclomotor;Mendoza ;1;1;0;0;0;0;Calle;FUNES;Constitución;S/D;S/D;II;S/D;S/D;Otra Señal;S/D;Intersección;S/D;S/D;Diurna;S/D;Múltiple;S/D;Colisión;S/D;S/D
2201;2021;23/3/2021;Martes;18:00:00;;0.0;1;Moto/Ciclomotor;Mendoza ;1;1;0;0;0;0;S/D;ROSARIO;Constitución;S/D;S/D;II;S/D;Urbana;Otra Señal;S/D;Intersección;S/D;S/D;Diurna;S/D;Múltiple;S/D;Colisión;S/D;S/D
2202;2021;23/3/2021;Martes;21:55:00;;0.0;2;Otros,Peatón;Rio De Janeiro ;2;1;0;0;0;1;S/D;ROSARIO;Constitución;S/D;S/D;II;S/D;Urbana;Otra Señal;S/D;Intersección;S/D;S/D;Nocturna;S/D;Múltiple;Peatón;Colisión;S/D;S/D
2203;2021;23/3/2021;Martes;23:32:00;;0.0;1;Moto/Ciclomotor;Magallanes Y Soldado Aguirre;1;0;0;0;0;0;Calle;VILLA GOBERNADOR GÁLVEZ;Constitución;Asfalto;No existe;II;S/D;Urbana;Otra Señal;No existe;Intersección;Con baches;Reducida;Nocturna;S/D;Múltiple;S/D;Colisión;Ninguna;Faltante
2204;2021;23/3/2021;Martes;21:05:00;;0.0;1;Moto/Ciclomotor;Av. Génova Y Calle 710 Bis;1;0;0;0;0;0;Avenida;ROSARIO;Constitución;Asfalto;No existe;II;Dentro;Urbana;Otra Señal;No existe;Intersección;Deteriorada;S/D;Nocturna;S/D;Múltiple;S/D;Colisión;S/D;Vertical
2205;2021;23/3/2021;Martes;16:50:00;;0.0;2;Automóvil,Moto/Ciclomotor;Casiano Casas Y Blas Parera;2;0;0;1;0;0;Avenida;ROSARIO;Constitución;Asfalto;No existe;II;Dentro;Urbana;Otra Señal;No existe;Intersección;Con baches;Buena;Diurna;Buen Tiempo;Múltiple;S/D;Colisión;S/D;Horizontal