ID_Accidente;A�o;Fecha;Dia;Hopra;Ruta/Autop;km;Participantes;Tipo;Lugar;Total;Heridos Leves;Heridos Graves;Ilesos;Fallecidos;Sin datos;desc_tipo_via;desc_loc;desc_dpto;|;desc_tipo_banquina;desc_unidad_regional;desc_lugar_calzada;desc_zona;desc_prioridad;desc_estado_semaforo;desc_lugar_via;desc_estado_via;desc_estado_visibilidad;desc_luminosidad;desc_estado_clima;desc_tipo_colision;desc_tipo_atropello;desc_tipo_hecho;desc_pres_calzada;desc_senializacion
2206;2021;23/3/2021;Martes;;;0.0;1;Otros; ;1;0;0;0;0;0;S/D;SERODINO;Constitución;S/D;S/D;X;S/D;S/D;Otra Señal;S/D;Intersección;S/D;S/D;S/D;S/D;Múltiple;S/D;Colisión;S/D;S/D
2207;2021;23/3/2021;Martes;;;0.0;2;Peatón,Transporte de Pasajeros Urbano (> 8 asientos);Av. Arijon Y Italia;2;0;0;1;0;0;Avenida;ROSARIO;Constitución;Asfalto;No existe;II;S/D;Urbana;Otra Señal;No existe;Intersección;Bueno;S/D;S/D;S/D;Múltiple;Peatón;Colisión;S/D;Vertical
2208;2021;24/3/2021;Miercoles;18:55:00;Autopista Nacional A008;0.0;2;Automóvil,Moto/Ciclomotor;Av. Circunvalación Y Mendoza;2;1;0;1;0;0;Autopista;ROSARIO;Rosario;Asfalto;No existe;II;Dentro;Urbana;Otra Señal;Funciona;Intersección;Bueno;Buena;Diurna;Lluvia;De alcance,Múltiple;S/D;Colisión;Agua;S/D
2209;2021;24/3/2021;Miercoles;12:10:00;;0.0;1;Cuatriciclo; ;1;1;0;0;0;0;Camino Rural;FORTÍN OLMOS;Vera;Tierra;Natural;XIX;S/D;Rural;Otra Señal;No existe;Intersección;Ahuellamiento;Buena;Diurna;Buen Tiempo;De alcance,Múltiple;S/D;Colisión;Ninguna;Faltante
2210;2021;24/3/2021;Miercoles;;;0.0;2;Pickup/Utilitario,Moto/Ciclomotor;Agustín Justo Y 9 de Julio;2;1;0;1;0;0;Calle;CALCHAQUÍ;Vera;Asfalto;No existe;XIX;Dentro;Urbana;Otra Señal;No existe;Intersección;Bueno;Buena;Diurna;Buen Tiempo;De alcance,Múltiple;S/D;Colisión;Ninguna;Faltante
2211;2021;24/3/2021;Miercoles;06:45:00;;0.0;2;Moto/Ciclomotor,Otros;Dorrego Y Pje. Quintanilla;2;1;0;1;0;0;Calle;ROSARIO;Rosario;Asfalto;No existe;II;Dentro;Urbana;Otra Señal;No existe;Intersección;Bueno;Buena;Amanecer;Buen Tiempo;De alcance,Múltiple;S/D;Colisión;Ninguna;Faltante
2212;2021;24/3/2021;Miercoles;11:15:00;;0.0;2;Moto/Ciclomotor,Automóvil;San Martin Y Gaboto;3;1;0;2;0;0;Calle;ROSARIO;Rosario;Asfalto;No existe;II;Dentro;Urbana;Otra Señal;Funciona;Intersección;Bueno;Reducida;Diurna;Buen Tiempo;De alcance,Múltiple;S/D;Colisión;Agua;Faltante
2213;2021;24/3/2021;Miercoles;14:50:00;;0.0;2;Automóvil,Moto/Ciclomotor;Calfucura Y Ituzaingó;2;1;0;1;0;0;Calle;GRANADERO BAIGORRIA;Rosario;Asfalto;No existe;II;Dentro;Urbana;Otra Señal;No existe;Intersección;Bueno;Buena;Diurna;Buen Tiempo;De alcance,Múltiple;S/D;Colisión;Ninguna;S/D
2214;2021;24/3/2021;Miercoles;11:35:00;;0.0;2;Moto/Ciclomotor,Pickup/Utilitario;Primera Junta Y San Juan;2;1;0;1;0;0;Calle;SANTA FE;La Capital;Asfalto;No existe;I;S/D;Urbana;Otra Señal;No existe;Intersección;Con baches;Buena;Diurna;Buen Tiempo;De alcance,Múltiple;S/D;Colisión;Ninguna;Faltante
2215;2021;24/3/2021;Miercoles;19:10:00;;0.0;2;Pickup/Utilitario,Moto/Ciclomotor;Dr. Zavalla Y Jujuy;3;2;0;1;0;0;Calle;SANTA FE;La Capital;Asfalto;S/D;I;S/D;Urbana;Otra Señal;No existe;Intersección;Bueno;Buena;Atardecer;Lluvia;De alcance,Múltiple;S/D;Colisión;Agua;S/D
2216;2021;24/3/2021;Miercoles;;;0.0;2;Bicicleta,Automóvil; ;2;1;0;1;0;0;Calle;ESPERANZA;Las Colonias;S/D;S/D;XI;Dentro;Urbana;Otra Señal;S/D;Intersección;S/D;S/D;S/D;S/D;De alcance,Múltiple;Ciclista;Colisión;S/D;S/D
2217;2021;24/3/2021;Miercoles;;;0.0;2;Moto/Ciclomotor,Moto/Ciclomotor; ;3;3;0;0;0;0;Calle;ESPERANZA;Las Colonias;S/D;S/D;XI;Dentro;Urbana;Otra Señal;S/D;Intersección;S/D;S/D;S/D;S/D;De alcance,Múltiple;S/D;Colisión;S/D;S/D
2218;2021;24/3/2021;Miercoles;11:00:00;;0.0;2;Pickup/Utilitario,Moto/Ciclomotor;Urquiza Y Rodriguez;4;2;0;2;0;0;Calle;SAN LORENZO;San Lorenzo;Asfalto;S/D;XVII;Dentro;Urbana;Otra Señal;S/D;Intersección;S/D;S/D;Diurna;S/D;De alcance,Múltiple;S/D;Colisión;S/D;S/D
2219;2021;24/3/2021;Miercoles;;;0.0;2;Moto/Ciclomotor,Automóvil;Gdor. Freyre 6700;3;1;0;2;0;0;Calle;SANTA FE;La Capital;Asfalto;No existe;I;S/D;Urbana;Otra Señal;Funciona;Intersección;Bueno;S/D;S/D;S/D;Múltiple;S/D;Colisión;S/D;Vertical
2220;2021;24/3/2021;Miercoles;;Autopista Nacional A008;11.0;1;Moto/Ciclomotor; ;1;1;0;0;0;0;Autopista;ROSARIO;Rosario;Asfalto;No existe;II;S/D;Urbana;Otra Señal;No existe;Intersección;Bueno;S/D;S/D;S/D;Múltiple;S/D;Colisión;S/D;Horizontal,Vertical
2221;2021;24/3/2021;Miercoles;17:00:00;;0.0;1;Moto/Ciclomotor; ;1;1;0;0;0;0;S/D;ROSARIO;Constitución;S/D;S/D;II;S/D;S/D;Otra Señal;S/D;Intersección;S/D;S/D;S/D;S/D;Múltiple;S/D;Colisión;S/D;S/D
2222;2021;24/3/2021;Miercoles;16:40:00;;0.0;1;Automóvil;Av. Eva Perón Y Berón De Astrada;2;1;0;0;0;1;Avenida;ROSARIO;Constitución;S/D;S/D;II;S/D;Urbana;Otra Señal;S/D;Intersección;S/D;S/D;S/D;S/D;Múltiple;S/D;Colisión;S/D;S/D
2223;2021;24/3/2021;Miercoles;22:00:00;;0.0;2;Moto/Ciclomotor,Automóvil;Roullon Y Bv. Seguí;2;0;0;1;0;0;Calle;ROSARIO;Constitución;Asfalto;Pavimento;II;S/D;Urbana;Otra Señal;Funciona;Intersección;Bueno;Buena;Nocturna,Con luz artificial;Buen Tiempo;Múltiple;S/D;Colisión;Ninguna;Horizontal
2224;2021;24/3/2021;Miercoles;13:45:00;Ruta Provincial 2;147.0;1;Automóvil; ;2;0;0;0;1;0;Ruta;VILLA SARALEGUI;Constitución;Ripio;Natural;XIII;S/D;Rural;Otra Señal;No existe;Intersección;Con baches;S/D;Diurna;Buen Tiempo;Múltiple;S/D;Colisión;Material Suelto;Faltante
2225;2021;24/3/2021;Miercoles;;;0.0;1;Bicicleta; ;1;0;0;0;0;0;S/D;ESPERANZA;Constitución;S/D;S/D;XI;S/D;S/D;Otra Señal;S/D;Intersección;S/D;S/D;S/D;S/D;Múltiple;S/D;Colisión;S/D;S/D
2226;2021;24/3/2021;Miercoles;;;0.0;2;Moto/Ciclomotor,Moto/Ciclomotor; ;2;1;0;0;0;0;S/D;ESPERANZA;Constitución;S/D;S/D;XI;S/D;S/D;Otra Señal;S/D;Intersección;S/D;S/D;S/D;S/D;Múltiple;S/D;Colisión;S/D;S/D
2227;2021;25/3/2021;Jueves;16:00:00;;0.0;2;Moto/Ciclomotor,Automóvil;Italia Y Ameghino;3;2;0;1;0;0;Calle;ROSARIO;Rosario;Asfalto;No existe;II;Dentro;Urbana;Otra Señal;No existe;Intersección;Bueno;S/D;Diurna;Buen Tiempo;De alcance,Múltiple;S/D;Colisión;Ninguna;Faltante
2228;2021;25/3/2021;Jueves;22:30:00;;0.0;2;Moto/Ciclomotor,Automóvil;Gutenberg Y 3 De Febrero;2;1;0;1;0;0;Calle;ROSARIO;Rosario;Asfalto;S/D;II;Dentro;Urbana;Otra Señal;S/D;Intersección;S/D;S/D;Nocturna;S/D;De alcance,Múltiple;S/D;Colisión;S/D;S/D
2229;2021;25/3/2021;Jueves;;;0.0;2;Moto/Ciclomotor,Otros;Casiano Casas Y Larrechea;3;1;0;2;0;0;Calle;ROSARIO;Rosario;Asfalto;S/D;II;S/D;Urbana;Otra Señal;S/D;Intersección;Bueno;Reducida;Nocturna;S/D;De alcance,Múltiple;S/D;Colisión;Fluidos;S/D
2230;2021;25/3/2021;Jueves;13:20:00;;0.0;2;Bicicleta,Otros;9 de Julio Y Salta;2;1;0;1;0;0;Calle;SANTA FE;La Capital;S/D;S/D;I;S/D;Urbana;Otra Señal;S/D;Intersección;S/D;S/D;Diurna;S/D;De alcance,Múltiple;S/D;Colisión;S/D;S/D
2231;2021;25/3/2021;Jueves;13:45:00;;0.0;2;Bicicleta,Camión Chasis;Francia 3547;2;1;0;1;0;0;Calle;SANTA FE;La Capital;Asfalto;No existe;I;S/D;Urbana;Otra Señal;No existe;Intersección;Con baches;Buena;Diurna;Buen Tiempo;De alcance,Múltiple;S/D;Colisión;Ninguna;Faltante
2232;2021;25/3/2021;Jueves;12:10:00;Ruta Provincial 2;0.0;2;Moto/Ciclomotor,Automóvil;Ruta 2 Y L de la Torre;2;1;0;1;0;0;Ruta;SAN CRISTÓBAL;San CRISTÓBAL;Ripio;S/D;XIII;Dentro;Urbana;Otra Señal;No existe;Intersección;Bueno;Buena;Diurna;Buen Tiempo;De alcance,Múltiple;S/D;Colisión;Ninguna;S/D
2233;2021;25/3/2021;Jueves;;;0.0;2;Automóvil,Moto/Ciclomotor; ;2;1;0;1;0;0;S/D;ESPERANZA;Las Colonias;Asfalto;S/D;XI;S/D;S/D;Otra Señal;S/D;Intersección;S/D;S/D;S/D;S/D;De alcance,Múltiple;S/D;Colisión;S/D;S/D
2234;2021;25/3/2021;Jueves;11:50:00;;0.0;2;Moto/Ciclomotor,Automóvil;L de la Torre Y R S PEÑA;2;1;0;1;0;0;Calle;VERA;Vera;Asfalto;No existe;XIX;Dentro;Urbana;Otra Señal;No existe;Intersección;Bueno;Buena;Diurna;Buen Tiempo;De alcance,Múltiple;S/D;Colisión;Material Suelto;Vertical
2235;2021;25/3/2021;Jueves;06:45:00;Ruta Nacional 11;0.0;1;Moto/Ciclomotor;Av. San Martin Y French;1;1;0;0;0;0;Ruta;FRAY LUIS BELTRÁN;San Lorenzo;Asfalto;No existe;XVII;Dentro;Urbana;Otra Señal;No existe;Intersección;Bueno;Buena;Amanecer;Lluvia;De alcance,Múltiple;S/D;Colisión;Agua;Faltante
2236;2021;25/3/2021;Jueves;;Ruta Nacional 8;0.0;1;Moto/Ciclomotor;2 de Abril Y Ruta Nac 8;1;1;0;0;0;0;Ruta;VENADO TUERTO;General LÓPEZ;Asfalto;S/D;VIII;Dentro;Urbana;Otra Señal;S/D;Intersección;S/D;S/D;S/D;S/D;De alcance,Múltiple;S/D;Colisión;S/D;S/D
2237;2021;25/3/2021;Jueves;;;0.0;2;Moto/Ciclomotor,Moto/Ciclomotor;Ballesteros Y Sarmiento;2;2;0;0;0;0;Calle;CAÑADA DE GÓMEZ;Iriondo;Asfalto;S/D;X;Dentro;Urbana;Otra Señal;S/D;Intersección;S/D;S/D;S/D;S/D;De alcance,Múltiple;S/D;Colisión;S/D;S/D
2238;2021;25/3/2021;Jueves;19:40:00;Ruta Nacional 9;378.0;2;Moto/Ciclomotor,Camión c / Acoplado;Paraguay ;2;0;0;1;1;0;Ruta;ARMSTRONG;Belgrano;Asfalto;Pavimento;III;Dentro;Rural;Otra Señal;No existe;Intersección;Bueno;Reducida;Atardecer;Buen Tiempo;Frontal;S/D;Colisión;Ninguna;Faltante
2239;2021;25/3/2021;Jueves;09:10:00;;0.0;2;Moto/Ciclomotor,Automóvil;Av. Ignacio Crespo 1300;2;1;0;1;0;0;Avenida;RECREO;La Capital;Hormigón;No existe;I;Dentro;Urbana;Otra Señal;No existe;Intersección;Bueno;Buena;Diurna;Buen Tiempo;Múltiple;S/D;Colisión;Ninguna;Faltante
2240;2021;25/3/2021;Jueves;18:20:00;;0.0;1;Moto/Ciclomotor;Cafferata Y Cochabamba;1;0;0;0;0;0;Calle;ROSARIO;Rosario;Asfalto;S/D;II;Dentro;Urbana;Otra Señal;S/D;Intersección;S/D;S/D;Diurna;S/D;Múltiple;S/D;Colisión;S/D;S/D
2241;2021;26/3/2021;Viernes;12:30:00;;0.0;2;Automóvil,Automóvil;San Lorenzo Y Constitución;2;1;0;1;0;0;Calle;ROSARIO;Rosario;Asfalto;No existe;II;Dentro;Urbana;Otra Señal;No existe;Intersección;Bueno;Buena;Diurna;Buen Tiempo;Múltiple;S/D;Colisión;Ninguna;Faltante
2242;2021;26/3/2021;Viernes;17:50:00;;0.0;2;Automóvil,Moto/Ciclomotor;Mitre Y Garibaldi;3;2;0;1;0;0;Calle;ROSARIO;Rosario;Asfalto;No existe;II;Dentro;Urbana;Otra Señal;No existe;Intersección;Bueno;Buena;Diurna;Buen Tiempo;De alcance,Múltiple;S/D;Colisión;Ninguna;S/D
2243;2021;26/3/2021;Viernes;17:40:00;;0.0;2;Automóvil,Bicicleta;San Juan Y Av. Corrientes;2;1;0;1;0;0;Calle;ROSARIO;Rosario;S/D;S/D;II;S/D;Urbana;Otra Señal;S/D;Intersección;S/D;S/D;Diurna;S/D;De alcance,Múltiple;S/D;Colisión;S/D;S/D
2244;2021;26/3/2021;Viernes;20:30:00;;0.0;2;Moto/Ciclomotor,Pickup/Utilitario;Av. Génova 1400;2;1;0;1;0;0;Calle;ROSARIO;Rosario;Asfalto;S/D;II;Dentro;Urbana;Otra Señal;S/D;Intersección;Bueno;S/D;Nocturna;Buen Tiempo;De alcance,Múltiple;S/D;Colisión;Ninguna;S/D
2245;2021;26/3/2021;Viernes;14:53:00;;0.0;2;Automóvil,Bicicleta;Lamadrid Y Pueyrredón;2;1;0;1;0;0;Calle;ROSARIO;Rosario;Asfalto;S/D;II;Dentro;Urbana;Otra Señal;S/D;Intersección;Bueno;Buena;Diurna;Buen Tiempo;De alcance,Múltiple;Ciclista;Colisión;S/D;Faltante
2246;2021;26/3/2021;Viernes;18:00:00;;0.0;2;Moto/Ciclomotor,Moto/Ciclomotor;Libertad Y Av. Juan Domingo Perón;2;2;0;0;0;0;Avenida;VILLA GOBERNADOR GÁLVEZ;Rosario;Asfalto;No existe;II;S/D;Urbana;Otra Señal;No existe;Intersección;Con baches;Buena;Diurna;Otro;De alcance,Múltiple;S/D;Colisión;Ninguna;Faltante
2247;2021;26/3/2021;Viernes;18:55:00;;0.0;2;Bicicleta,Pickup/Utilitario; ;3;1;0;2;0;0;Calle;LA GUARDIA;La Capital;Asfalto;Natural;I;Dentro;Urbana;Otra Señal;No existe;Intersección;Bueno;Buena;Diurna;Buen Tiempo;De alcance,Múltiple;Ciclista;Colisión;Ninguna;Faltante
2248;2021;26/3/2021;Viernes;14:20:00;;0.0;2;Automóvil,Automóvil;Vera Y Dr. Zavalla;3;1;0;2;0;0;Calle;SANTA FE;La Capital;Asfalto;No existe;I;Dentro;Urbana;Otra Señal;No existe;Intersección;Bueno;Buena;Diurna;Buen Tiempo;De alcance,Múltiple;S/D;Colisión;Ninguna;Faltante
2249;2021;26/3/2021;Viernes;17:10:00;;0.0;2;Moto/Ciclomotor,Automóvil;Av. López y Planes Y Pedro Centeno;3;2;0;1;0;0;Avenida;SANTA FE;La Capital;Asfalto;No existe;I;S/D;Urbana;Otra Señal;Funciona;Intersección;Bueno;Buena;Diurna;Buen Tiempo;De alcance,Múltiple;S/D;Colisión;Ninguna;Vertical
2250;2021;26/3/2021;Viernes;15:20:00;;0.0;2;Automóvil,Moto/Ciclomotor;J J Paso Y San Lorenzo;2;1;0;1;0;0;Avenida;SANTA FE;La Capital;Asfalto;S/D;I;S/D;Urbana;Otra Señal;Funciona;Intersección;Resbaladiza;Buena;Diurna;Lluvia;De alcance,Múltiple;S/D;Colisión;Agua;S/D
2251;2021;26/3/2021;Viernes;;;0.0;1;Moto/Ciclomotor; ;1;1;0;0;0;0;Calle;SANTA FE;La Capital;S/D;S/D;I;Dentro;Urbana;Otra Señal;S/D;Intersección;S/D;S/D;S/D;S/D;De alcance,Múltiple;S/D;Colisión;S/D;S/D
2252;2021;26/3/2021;Viernes;08:30:00;;0.0;1;Moto/Ciclomotor; ;1;1;0;0;0;0;Calle;ROSARIO;Rosario;S/D;S/D;II;Dentro;Urbana;Otra Señal;S/D;Intersección;S/D;S/D;Diurna;S/D;De alcance,Múltiple;S/D;Colisión;S/D;S/D
2253;2021;26/3/2021;Viernes;21:00:00;;0.0;2;Moto/Ciclomotor,Automóvil;2 de Junio Y Santa Fe Bis;2;1;0;1;0;0;Calle;GÁLVEZ;San JERÓNIMO;Asfalto;S/D;XV;Dentro;Urbana;Otra Señal;S/D;Intersección;S/D;S/D;Nocturna;S/D;De alcance,Múltiple;S/D;Colisión;S/D;S/D
2254;2021;26/3/2021;Viernes;;Ruta Nacional 33;759.0;1;Pickup/Utilitario; ;2;2;0;0;0;0;Ruta;PUJATO;San Lorenzo;Asfalto;S/D;XVII;Dentro;Rural;Otra Señal;No existe;Intersección;S/D;S/D;S/D;S/D;De alcance,Múltiple;S/D;Colisión;S/D;S/D
2255;2021;26/3/2021;Viernes;;Ruta Nacional 168;0.0;2;Moto/Ciclomotor,Automóvil; ;3;2;0;1;0;0;Ruta;SANTA FE;La Capital;Asfalto;S/D;I;Fuera;Urbana;Otra Señal;S/D;Intersección;S/D;S/D;Amanecer;S/D;De alcance,Múltiple;S/D;Colisión;S/D;S/D
2256;2021;26/3/2021;Viernes;;;0.0;2;Moto/Ciclomotor,Automóvil;Hipólito Vieytes ;2;1;0;1;0;0;Calle;RAFAELA;Castellanos;S/D;S/D;V;Dentro;Urbana;Otra Señal;S/D;Intersección;S/D;S/D;S/D;S/D;De alcance,Múltiple;S/D;Colisión;S/D;S/D
2257;2021;26/3/2021;Viernes;06:20:00;Autovía Nacional 168;3.0;2;Automóvil,Moto/Ciclomotor;Laurencio Maradona ;3;2;0;1;0;0;Autovía;SANTA FE;La Capital;Asfalto;No existe;I;Dentro;Rural;Otra Señal;No existe;Intersección;Con baches;Buena;Amanecer,Con luz artificial;Lluvia;Múltiple;S/D;Colisión;Ninguna;Faltante
2258;2021;26/3/2021;Viernes;18:30:00;;0.0;1;Bicicleta; ;1;1;0;0;0;0;S/D;ROSARIO;Constitución;S/D;S/D;II;S/D;S/D;Otra Señal;S/D;Intersección;S/D;S/D;Diurna;S/D;Múltiple;S/D;Colisión;S/D;S/D
2259;2021;26/3/2021;Viernes;15:00:00;Ruta Nacional 34;196.0;2;Camión c / Acoplado,Moto/Ciclomotor; ;2;0;0;1;0;0;Ruta;ANGÉLICA;Constitución;Asfalto;Pavimento;V;S/D;Rural;Otra Señal;No existe;Intersección;Bueno;Buena;Diurna;Buen Tiempo;Múltiple;S/D;Colisión;Ninguna;Faltante
2260;2021;27/3/2021;Sabado;11:15:00;;0.0;2;Moto/Ciclomotor,Automóvil;Cristóbal Colon Y Vera Mujica;2;1;0;1;0;0;Calle;SANTA FE;La Capital;Asfalto;S/D;I;Dentro;Urbana;Otra Señal;No existe;Intersección;Bueno;Buena;Diurna;Buen Tiempo;De alcance,Múltiple;S/D;Colisión;Ninguna;Faltante
2261;2021;27/3/2021;Sabado;11:35:00;;0.0;2;Moto/Ciclomotor,Automóvil;Centeno Y San Martin;2;1;0;1;0;0;Calle;ROSARIO;Rosario;Asfalto;No existe;II;Dentro;Urbana;Otra Señal;No existe;Intersección;Bueno;S/D;Diurna;Buen Tiempo;De alcance,Múltiple;S/D;Colisión;Ninguna;S/D
2262;2021;27/3/2021;Sabado;19:45:00;;0.0;2;Automóvil,Moto/Ciclomotor;Iguazú Y Pje. Gral. Savio;3;1;0;2;0;0;Calle;ROSARIO;Rosario;Asfalto;S/D;II;Dentro;Urbana;Otra Señal;S/D;Intersección;S/D;S/D;Nocturna;Buen Tiempo;De alcance,Múltiple;S/D;Colisión;S/D;S/D
2263;2021;27/3/2021;Sabado;18:55:00;;0.0;2;Moto/Ciclomotor,Pickup/Utilitario;Pte. Roca ;4;2;0;2;0;0;Calle;ROSARIO;Rosario;Asfalto;No existe;II;Dentro;Urbana;Otra Señal;No existe;Intersección;Bueno;Buena;Diurna;Buen Tiempo;De alcance,Múltiple;S/D;Colisión;Ninguna;Faltante
2264;2021;27/3/2021;Sabado;14:00:00;;0.0;2;Pickup/Utilitario,Automóvil;Yapeyu Y Rivadavia;3;2;0;1;0;0;Calle;PEREZ;Rosario;Asfalto;No existe;II;Dentro;Urbana;Otra Señal;No existe;Intersección;Bueno;Buena;Diurna;Lluvia;De alcance,Múltiple;S/D;Colisión;Ninguna;S/D
2265;2021;27/3/2021;Sabado;;;0.0;1;Moto/Ciclomotor; ;1;1;0;0;0;0;Calle;PUERTO SAN MARTÍN;San Lorenzo;Asfalto;S/D;XVII;Dentro;Urbana;Otra Señal;S/D;Intersección;S/D;S/D;S/D;S/D;De alcance,Múltiple;S/D;Colisión;S/D;S/D
2266;2021;27/3/2021;Sabado;;;0.0;1;Moto/Ciclomotor;Bv. Europa Y San Lorenzo;1;1;0;0;0;0;Avenida;EL TRÉBOL;San MARTÍN;Asfalto;No existe;XVIII;Dentro;Urbana;Otra Señal;S/D;Intersección;S/D;S/D;S/D;S/D;De alcance,Múltiple;S/D;Colisión;S/D;S/D
2267;2021;27/3/2021;Sabado;;;0.0;1;Bicicleta; ;1;1;0;0;0;0;S/D;ESPERANZA;Las Colonias;S/D;S/D;XI;S/D;S/D;Otra Señal;S/D;Intersección;S/D;S/D;S/D;S/D;De alcance,Múltiple;Ciclista;Colisión;S/D;S/D
2268;2021;27/3/2021;Sabado;;Ruta Provincial 91;20.0;2;Automóvil,Camión; ;2;0;0;1;1;0;Ruta;SALTO GRANDE;Iriondo;Asfalto;Natural;X;S/D;Rural;Otra Señal;No existe;Intersección;Bueno;S/D;Nocturna;S/D;De alcance,Múltiple;S/D;Colisión;Ninguna;Faltante
2269;2021;27/3/2021;Sabado;22:20:00;;0.0;1;Moto/Ciclomotor;Rivadavia Y Rev. 7 Jefes;1;1;0;0;0;0;Calle;SAN LORENZO;San Lorenzo;S/D;S/D;XVII;Dentro;Urbana;Otra Señal;S/D;Intersección;S/D;S/D;Nocturna;S/D;De alcance,Múltiple;S/D;Colisión;S/D;S/D
2270;2021;27/3/2021;Sabado;;Ruta Nacional 34;0.0;1;Automóvil; ;3;2;0;1;0;0;Ruta;RAFAELA;Castellanos;Asfalto;S/D;III;Fuera;Rural;Otra Señal;No existe;Intersección;S/D;S/D;Nocturna;S/D;De alcance,Múltiple;S/D;Colisión;S/D;S/D
2271;2021;27/3/2021;Sabado;;;0.0;2;Pickup/Utilitario,Automóvil;Bv Pte. Roca ;3;1;0;2;0;0;Calle;RAFAELA;Castellanos;Asfalto;S/D;III;Dentro;Urbana;Otra Señal;S/D;Intersección;S/D;S/D;Nocturna;S/D;De alcance,Múltiple;S/D;Colisión;S/D;S/D
2272;2021;27/3/2021;Sabado;12:00:00;;0.0;1;Moto/Ciclomotor;Av. Pellegrini 2480;1;1;0;0;0;0;Avenida;ROSARIO;Constitución;S/D;S/D;II;S/D;Urbana;Otra Señal;S/D;Intersección;S/D;S/D;S/D;S/D;Múltiple;S/D;Colisión;S/D;S/D
2273;2021;27/3/2021;Sabado;15:00:00;;0.0;1;Moto/Ciclomotor;Uruguay Y Garzón;1;1;0;0;0;0;Calle;ROSARIO;Constitución;S/D;S/D;II;S/D;Urbana;Otra Señal;S/D;Intersección;S/D;S/D;Diurna;S/D;Múltiple;S/D;Colisión;S/D;S/D
2274;2021;27/3/2021;Sabado;02:40:00;;0.0;1;Moto/Ciclomotor;Campbell Y Arévalo;1;1;0;0;0;0;Calle;ROSARIO;Constitución;Asfalto;No existe;II;Dentro;Urbana;Otra Señal;No existe;Intersección;Bueno;S/D;Nocturna;S/D;Múltiple;S/D;Colisión;Ninguna;Faltante
2275;2021;27/3/2021;Sabado;17:00:00;;0.0;1;Moto/Ciclomotor;Bv. Avellaneda 4400;1;1;0;0;0;0;Calle;ROSARIO;Constitución;Asfalto;No existe;II;Dentro;Urbana;Otra Señal;No existe;Intersección;Bueno;S/D;Diurna;S/D;Múltiple;S/D;Colisión;Ninguna;Faltante
2276;2021;27/3/2021;Sabado;16:45:00;;0.0;2;Automóvil,Moto/Ciclomotor;Bv. Avellaneda 2400;3;0;0;2;0;0;Avenida;ROSARIO;Constitución;Asfalto;No existe;II;Dentro;Urbana;Otra Señal;No existe;Intersección;Bueno;S/D;Diurna;S/D;Múltiple;S/D;Colisión;Ninguna;Faltante
2277;2021;27/3/2021;Sabado;13:45:00;;0.0;2;Automóvil,Moto/Ciclomotor;Bv. Argentino Y Olmos Bis;4;1;0;2;0;0;Calle;ROSARIO;Constitución;Asfalto;S/D;II;Dentro;Urbana;Otra Señal;No existe;Intersección;S/D;Buena;Diurna;Buen Tiempo;Múltiple;S/D;Colisión;Agua;Faltante
2278;2021;27/3/2021;Sabado;13:00:00;;0.0;1;Moto/Ciclomotor;España ;1;0;0;0;0;0;Calle;ROSARIO;Rosario;Asfalto;S/D;II;Dentro;Urbana;Otra Señal;S/D;Intersección;S/D;S/D;Diurna;S/D;Múltiple;S/D;Colisión;S/D;S/D
2279;2021;27/3/2021;Sabado;;;0.0;1;Moto/Ciclomotor; ;1;0;0;0;0;0;S/D;ROSARIO;Rosario;S/D;S/D;II;S/D;S/D;Otra Señal;S/D;Intersección;S/D;S/D;S/D;S/D;Múltiple;S/D;Colisión;S/D;S/D
2280;2021;28/3/2021;Domingo;22:30:00;;0.0;2;Moto/Ciclomotor,Automóvil;Cazadores Y Mariano Moreno;2;1;0;1;0;0;Calle;ROSARIO;Rosario;Asfalto;No existe;II;Dentro;Urbana;Otra Señal;No existe;Intersección;S/D;Buena;Nocturna;Buen Tiempo;De alcance,Múltiple;S/D;Colisión;Ninguna;Faltante
2281;2021;28/3/2021;Domingo;10:20:00;;0.0;2;Moto/Ciclomotor,Pickup/Utilitario;6 de Caballería ;2;1;0;1;0;0;Calle;TOSTADO;9 de Julio;S/D;S/D;XII;Dentro;Urbana;Otra Señal;S/D;Intersección;S/D;S/D;Diurna;S/D;De alcance,Múltiple;S/D;Colisión;S/D;S/D
2282;2021;28/3/2021;Domingo;;;0.0;2;Moto/Ciclomotor,Moto/Ciclomotor;San Juan Y San Lorenzo;3;3;0;0;0;0;Calle;EL TRÉBOL;San MARTÍN;S/D;S/D;XVIII;Dentro;Urbana;Otra Señal;S/D;Intersección;S/D;S/D;S/D;S/D;De alcance,Múltiple;S/D;Colisión;S/D;S/D
2283;2021;28/3/2021;Domingo;19:10:00;;0.0;2;Automóvil,Moto/Ciclomotor;Av. San Martin Y F S M de Oro;2;1;0;1;0;0;Avenida;FRAY LUIS BELTRÁN;San Lorenzo;Asfalto;Pavimento;XVII;Dentro;Urbana;Otra Señal;No existe;Intersección;Bueno;Buena;Nocturna;Buen Tiempo;De alcance,Múltiple;S/D;Colisión;Ninguna;Faltante
2284;2021;28/3/2021;Domingo;03:30:00;Ruta Provincial 1;26.5;2;Moto/Ciclomotor,Automóvil; ;4;3;0;0;1;0;Ruta;LOS ZAPALLOS;Garay;Asfalto;Natural;VII;Dentro;Rural;Otra Señal;No existe;Intersección;Bueno;Buena;Nocturna;Buen Tiempo;S/D;S/D;Colisión;Ninguna;Faltante
2285;2021;28/3/2021;Domingo;17:00:00;;0.0;1;Bicicleta;Bv. 27 De Febrero Y Av. Circunvalación;1;1;0;0;0;0;Avenida;ROSARIO;Constitución;S/D;S/D;II;S/D;S/D;Otra Señal;S/D;Intersección;S/D;S/D;Diurna;S/D;Múltiple;S/D;Colisión;S/D;S/D