ID_Accidente;A�o;Fecha;Dia;Hopra;Ruta/Autop;km;Participantes;Tipo;Lugar;Total;Heridos Leves;Heridos Graves;Ilesos;Fallecidos;Sin datos;desc_tipo_via;desc_loc;desc_dpto;|;desc_tipo_banquina;desc_unidad_regional;desc_lugar_calzada;desc_zona;desc_prioridad;desc_estado_semaforo;desc_lugar_via;desc_estado_via;desc_estado_visibilidad;desc_luminosidad;desc_estado_clima;desc_tipo_colision;desc_tipo_atropello;desc_tipo_hecho;desc_pres_calzada;desc_senializacion
2286;2021;28/3/2021;Domingo;19:30:00;;0.0;2;Automóvil,Moto/Ciclomotor;Vélez Sarsfield Y Solís Bis;3;2;0;0;0;1;Calle;ROSARIO;Constitución;S/D;S/D;II;S/D;S/D;Otra Señal;S/D;Intersección;S/D;S/D;Diurna;S/D;Múltiple;S/D;Colisión;S/D;S/D
2287;2021;28/3/2021;Domingo;08:44:00;;0.0;1;Bicicleta;Hilarion de la Quintana Y Cereseto;1;1;0;0;0;0;Calle;ROSARIO;Constitución;S/D;S/D;II;S/D;S/D;Otra Señal;S/D;Intersección;S/D;S/D;S/D;S/D;Múltiple;S/D;Colisión;S/D;S/D
2288;2021;28/3/2021;Domingo;19:00:00;;0.0;2;Otros,Peatón;Bv. Avellaneda Y Av. Uriburu;2;1;0;0;0;1;Avenida;ROSARIO;Constitución;S/D;S/D;II;S/D;Urbana;Otra Señal;S/D;Intersección;S/D;S/D;S/D;S/D;Múltiple;Ciclista;Colisión;S/D;S/D
2289;2021;28/3/2021;Domingo;21:30:00;;0.0;2;Otros,Peatón;Av. Wheelwright Y Dorrego;2;1;0;0;0;1;Calle;ROSARIO;Constitución;S/D;S/D;II;S/D;Urbana;Otra Señal;S/D;Intersección;S/D;S/D;Nocturna;S/D;Múltiple;S/D;Colisión;S/D;S/D
2290;2021;28/3/2021;Domingo;18:30:00;;0.0;2;Moto/Ciclomotor,Automóvil; ;3;0;0;2;0;0;Camino Rural;SARMIENTO;Constitución;Tierra;Natural;XI;Fuera;Rural;Otra Señal;No existe;Intersección;Bueno;Buena;Diurna;Buen Tiempo;Múltiple;S/D;Colisión;Ninguna;Faltante
2291;2021;28/3/2021;Domingo;;;0.0;1;Moto/Ciclomotor;Justo José de Urquiza Y Domingo Pardal;1;0;0;0;0;0;Calle;VENADO TUERTO;Constitución;Asfalto;S/D;VIII;Dentro;Urbana;Otra Señal;S/D;Intersección;S/D;S/D;S/D;S/D;Múltiple;S/D;Colisión;S/D;S/D
2292;2021;28/3/2021;Domingo;;;0.0;1;Moto/Ciclomotor; ;1;0;0;0;0;0;S/D;ROSARIO;Rosario;S/D;S/D;II;S/D;S/D;Otra Señal;S/D;Intersección;S/D;S/D;S/D;S/D;Múltiple;S/D;Colisión;S/D;S/D
2293;2021;28/3/2021;Domingo;;;0.0;2;Moto/Ciclomotor,Taxi/Remis;Bv. Colon Y Juan B. Alberdi;3;0;0;1;0;0;Calle;FIRMAT;General LÓPEZ;S/D;S/D;VIII;Dentro;Urbana;Otra Señal;S/D;Intersección;S/D;S/D;S/D;S/D;Múltiple;S/D;Colisión;S/D;S/D
2294;2021;29/3/2021;Lunes;21:00:00;;0.0;2;Moto/Ciclomotor,Automóvil;Av. Corrientes Y Av. Corrientes;2;1;0;1;0;0;Calle;ROSARIO;Rosario;Asfalto;S/D;II;Dentro;Urbana;Otra Señal;S/D;Intersección;S/D;S/D;Nocturna;S/D;De alcance,Múltiple;S/D;Colisión;S/D;S/D
2295;2021;29/3/2021;Lunes;18:30:00;;0.0;2;Automóvil,Moto/Ciclomotor;Junín ;3;0;0;2;1;0;Avenida;ROSARIO;Rosario;Asfalto;No existe;II;Dentro;Urbana;Otra Señal;No existe;Intersección;S/D;S/D;Diurna;S/D;De alcance,Múltiple;S/D;Colisión;S/D;Faltante
2296;2021;29/3/2021;Lunes;13:10:00;;0.0;1;Moto/Ciclomotor;Bv Gálvez Y San Luis;1;1;0;0;0;0;Avenida;SANTA FE;La Capital;Asfalto;No existe;I;Dentro;Urbana;Otra Señal;Funciona;Intersección;Bueno;S/D;Diurna;S/D;De alcance,Múltiple;S/D;Colisión;S/D;S/D
2297;2021;29/3/2021;Lunes;10:00:00;;0.0;2;Bicicleta,Automóvil;Gorostiaga Y Av. Blas Parera;2;1;0;1;0;0;Avenida;SANTA FE;La Capital;Asfalto;No existe;I;Dentro;Urbana;Otra Señal;Funciona;Intersección;S/D;S/D;Diurna;Buen Tiempo;De alcance,Múltiple;S/D;Colisión;Ninguna;Vertical
2298;2021;29/3/2021;Lunes;11:45:00;;0.0;2;Moto/Ciclomotor,Pickup/Utilitario;Belgrano Y San Jerónimo;3;2;0;1;0;0;Calle;CORONDA;San JERÓNIMO;S/D;S/D;XV;Dentro;Urbana;Otra Señal;S/D;Intersección;S/D;S/D;Diurna;S/D;De alcance,Múltiple;S/D;Colisión;S/D;S/D
2299;2021;29/3/2021;Lunes;08:50:00;;0.0;2;Moto/Ciclomotor,Pickup/Utilitario;Calle 42 - Misiones ;3;2;0;1;0;0;Calle;RECONQUISTA;General Obligado;Asfalto;No existe;IX;Dentro;Urbana;Otra Señal;No existe;Intersección;Bueno;Buena;Diurna;Otro;Múltiple;S/D;Colisión;S/D;Vertical
2300;2021;29/3/2021;Lunes;19:20:00;;0.0;2;Automóvil,Bicicleta;Av. Pte. Perón Y Servando Bayo;2;1;0;0;0;1;Avenida;ROSARIO;Constitución;S/D;S/D;II;S/D;Urbana;Otra Señal;S/D;Intersección;S/D;S/D;Diurna;S/D;Múltiple;Ciclista;Colisión;S/D;S/D
2301;2021;29/3/2021;Lunes;17:20:00;;0.0;1;Automóvil;Montevideo Y Castellanos;1;1;0;0;0;0;Calle;ROSARIO;Constitución;S/D;S/D;II;S/D;Urbana;Otra Señal;S/D;Intersección;S/D;S/D;Diurna;S/D;Múltiple;S/D;Colisión;S/D;S/D
2302;2021;29/3/2021;Lunes;21:00:00;;0.0;2;Automóvil,Moto/Ciclomotor;9 De Julio 1300;2;1;0;0;0;1;Calle;ROSARIO;Constitución;S/D;S/D;II;S/D;Urbana;Otra Señal;S/D;Intersección;S/D;S/D;Nocturna;S/D;Múltiple;S/D;Colisión;S/D;S/D
2303;2021;29/3/2021;Lunes;21:00:00;;0.0;1;Automóvil;Bv. Avellaneda 3400;1;1;0;0;0;0;Avenida;ROSARIO;Constitución;S/D;S/D;II;S/D;Urbana;Otra Señal;S/D;Intersección;S/D;S/D;Nocturna;S/D;Múltiple;S/D;Colisión;S/D;S/D
2304;2021;29/3/2021;Lunes;17:00:00;;0.0;2;Bicicleta,Otros;Pje. Minetti 2260;2;1;0;0;0;1;Calle;ROSARIO;Constitución;S/D;S/D;II;S/D;Urbana;Otra Señal;S/D;Intersección;S/D;S/D;Diurna;S/D;Múltiple;Ciclista;Colisión;S/D;S/D
2305;2021;29/3/2021;Lunes;21:50:00;;0.0;2;Automóvil,Bicicleta;Garay Y Av. Ovidio Lagos;2;1;0;0;0;1;Avenida;ROSARIO;Constitución;S/D;S/D;II;S/D;Urbana;Otra Señal;S/D;Intersección;S/D;S/D;Nocturna;S/D;Múltiple;Ciclista;Colisión;S/D;S/D
2306;2021;29/3/2021;Lunes;17:00:00;;0.0;2;Camión,Bicicleta; ;2;0;0;1;0;0;Calle;ROSARIO;Constitución;Asfalto;No existe;II;Dentro;Urbana;Otra Señal;No existe;Intersección;Bueno;Buena;Diurna;Buen Tiempo;Múltiple;Ciclista;Colisión;Ninguna;Faltante
2307;2021;30/3/2021;Martes;12:55:00;;0.0;2;Moto/Ciclomotor,Pickup/Utilitario;Bv San Martin Y Piacenza;2;1;0;1;0;0;Avenida;ÁLVAREZ;Rosario;Asfalto;Pavimento;II;Dentro;Urbana;Otra Señal;No existe;Intersección;Bueno;Buena;Diurna;Buen Tiempo;De alcance,Múltiple;S/D;Colisión;Ninguna;Faltante
2308;2021;30/3/2021;Martes;10:00:00;;0.0;2;Bicicleta,Automóvil;Belgrano Manuel Y 9 de Julio;2;1;0;1;0;0;Calle;SAN CARLOS CENTRO;Las Colonias;Asfalto;No existe;XI;Dentro;Urbana;Otra Señal;No existe;Intersección;S/D;Buena;Diurna;S/D;De alcance,Múltiple;Ciclista;Colisión;S/D;Faltante
2309;2021;30/3/2021;Martes;08:10:00;;0.0;2;Moto/Ciclomotor,Automóvil;Rivadavia 958;2;1;0;1;0;0;Calle;SAN CARLOS CENTRO;Las Colonias;Asfalto;No existe;XI;Dentro;Urbana;Otra Señal;No existe;Intersección;Bueno;Buena;Diurna;Buen Tiempo;De alcance,Múltiple;S/D;Colisión;S/D;Faltante
2310;2021;30/3/2021;Martes;13:00:00;;0.0;2;Bicicleta,Pickup/Utilitario;Nicolas Schneider Y Gregorio Donnet;2;1;0;1;0;0;Calle;ESPERANZA;Las Colonias;Hormigón;S/D;XI;S/D;Urbana;Otra Señal;S/D;Intersección;Bueno;S/D;Diurna;Buen Tiempo;De alcance,Múltiple;S/D;Colisión;Ninguna;Vertical
2311;2021;30/3/2021;Martes;;;0.0;2;Moto/Ciclomotor,Peatón;Ing. Mosconi Y San Lorenzo;2;1;0;1;0;0;Calle;VILLA GOBERNADOR GÁLVEZ;Rosario;Asfalto;S/D;II;Dentro;Urbana;Otra Señal;No existe;Intersección;Bueno;Buena;Nocturna;Buen Tiempo;De alcance,Múltiple;Peatón;Colisión;Material Suelto;Faltante
2312;2021;30/3/2021;Martes;08:40:00;;0.0;2;Otros,Otros;Av. Galicia Y Güemes;2;1;0;1;0;0;Avenida;SANTA FE;La Capital;S/D;No existe;I;Dentro;Urbana;Otra Señal;No existe;Intersección;Otro;Reducida;Diurna;Otro;De alcance,Múltiple;S/D;Colisión;Otro;Faltante
2313;2021;30/3/2021;Martes;11:45:00;;0.0;2;Moto/Ciclomotor,Pickup/Utilitario; ;3;2;0;1;0;0;Calle;SANTA FE;La Capital;Asfalto;S/D;I;S/D;Urbana;Otra Señal;S/D;Intersección;S/D;S/D;Diurna;S/D;De alcance,Múltiple;S/D;Colisión;S/D;S/D
2314;2021;30/3/2021;Martes;12:00:00;;0.0;2;Pickup/Utilitario,Moto/Ciclomotor;3 de Febrero Y San Juan;3;2;0;1;0;0;Calle;SANTA FE;La Capital;Asfalto;S/D;I;S/D;Urbana;Otra Señal;No existe;Intersección;Bueno;Buena;Diurna;Buen Tiempo;De alcance,Múltiple;S/D;Colisión;Ninguna;S/D
2315;2021;30/3/2021;Martes;16:45:00;;0.0;2;Automóvil,Moto/Ciclomotor;Azcuénaga Y Chacabuco;3;2;0;1;0;0;Calle;SAN CRISTÓBAL;San CRISTÓBAL;Ripio;Natural;XIII;S/D;Urbana;Otra Señal;No existe;Intersección;Bueno;Buena;Diurna;Buen Tiempo;De alcance,Múltiple;S/D;Colisión;Ninguna;Faltante
2316;2021;30/3/2021;Martes;18:20:00;;0.0;2;Peatón,Moto/Ciclomotor;Iriondo 5300;2;1;0;1;0;0;Calle;ROSARIO;Rosario;Asfalto;S/D;II;Dentro;Urbana;Otra Señal;No existe;Intersección;S/D;S/D;Diurna;S/D;De alcance,Múltiple;Peatón;Colisión;S/D;S/D
2317;2021;30/3/2021;Martes;07:20:00;;0.0;2;Bicicleta,Pickup/Utilitario;Lisandro de la Torre Y Avda. 25 de Mayo;2;1;0;1;0;0;Avenida;GÁLVEZ;San JERÓNIMO;Asfalto;S/D;XV;Dentro;Urbana;Otra Señal;S/D;Intersección;S/D;S/D;Diurna;S/D;De alcance,Múltiple;Ciclista;Colisión;S/D;S/D
2318;2021;30/3/2021;Martes;;;0.0;2;Moto/Ciclomotor,Automóvil;Arenales Y  Remedios de Escalada de San M;2;1;0;1;0;0;Calle;CASILDA;Caseros;S/D;S/D;IV;Dentro;Urbana;Otra Señal;S/D;Intersección;S/D;S/D;S/D;S/D;De alcance,Múltiple;S/D;Colisión;S/D;S/D
2319;2021;30/3/2021;Martes;07:50:00;;0.0;2;Bicicleta,Moto/Ciclomotor;Dorrego ;2;2;0;0;0;0;Calle;SAN LORENZO;San Lorenzo;S/D;S/D;XVII;Dentro;Urbana;Otra Señal;S/D;Intersección;S/D;S/D;Diurna;S/D;De alcance,Múltiple;Ciclista;Colisión;S/D;S/D
2320;2021;30/3/2021;Martes;;;0.0;2;Moto/Ciclomotor,Camión;Calle 21-Gdor. Iriondo Y Calle 10-Ludueña;3;2;0;1;0;0;Calle;RECONQUISTA;General Obligado;Asfalto;Ripio;IX;Dentro;Urbana;Otra Señal;No existe;Intersección;S/D;S/D;S/D;S/D;De alcance,Múltiple;S/D;Colisión;S/D;Faltante
2321;2021;30/3/2021;Martes;20:00:00;;0.0;2;Automóvil,Moto/Ciclomotor;Bv. Seguí Y Buenos Aires;3;2;0;0;0;1;Avenida;ROSARIO;Constitución;S/D;S/D;II;S/D;Urbana;Otra Señal;S/D;Intersección;S/D;S/D;Nocturna;S/D;Múltiple;S/D;Colisión;S/D;S/D
2322;2021;30/3/2021;Martes;13:45:00;;0.0;1;Moto/Ciclomotor;Brown Y Av. Francia;1;1;0;0;0;0;Calle;ROSARIO;Constitución;Asfalto;No existe;II;Dentro;Urbana;Otra Señal;Funciona;Intersección;Bueno;S/D;Diurna;S/D;Múltiple;S/D;Colisión;Ninguna;Horizontal,Vertical
2323;2021;30/3/2021;Martes;12:20:00;;0.0;1;Moto/Ciclomotor;Entre Ríos Y San Lorenzo;1;0;0;0;0;0;Calle;SANTA FE;Constitución;Asfalto;No existe;I;Dentro;Urbana;Otra Señal;No existe;Intersección;S/D;S/D;Diurna;Buen Tiempo;Múltiple;S/D;Colisión;S/D;S/D
2324;2021;31/3/2021;Miercoles;13:00:00;;0.0;2;Bicicleta,Automóvil;San Lorenzo Y Entre Ríos;2;1;0;1;0;0;Calle;ROSARIO;Rosario;S/D;S/D;II;Dentro;Urbana;Otra Señal;S/D;Intersección;S/D;S/D;Diurna;S/D;De alcance,Múltiple;Ciclista;Colisión;S/D;S/D
2325;2021;31/3/2021;Miercoles;19:50:00;;0.0;2;Moto/Ciclomotor,Bicicleta;Av. Gral. San Martin 300;2;2;0;0;0;0;Calle;GOBERNADOR CRESPO;San Justo;Asfalto;No existe;XVI;S/D;Urbana;Otra Señal;No existe;Intersección;Bueno;Buena;Con luz artificial;Buen Tiempo;De alcance,Múltiple;S/D;Colisión;Ninguna;Faltante
2326;2021;31/3/2021;Miercoles;10:30:00;;0.0;2;Moto/Ciclomotor,Automóvil;25 de Mayo Y B de Tucumán;2;1;0;1;0;0;Calle;SAN JUSTO;San Justo;Asfalto;S/D;XVI;S/D;S/D;Otra Señal;No existe;Intersección;Bueno;Buena;Diurna;Buen Tiempo;De alcance,Múltiple;S/D;Colisión;Ninguna;Faltante
2327;2021;31/3/2021;Miercoles;14:00:00;;0.0;2;Peatón,Pickup/Utilitario;Av. López y Planes Y Gutiérrez;3;0;0;2;1;0;Avenida;SANTA FE;La Capital;Asfalto;No existe;I;S/D;Urbana;Otra Señal;Funciona;Intersección;Bueno;Buena;Diurna;Buen Tiempo;De alcance,Múltiple;Peatón;Colisión;Ninguna;Vertical
2328;2021;31/3/2021;Miercoles;12:20:00;Ruta Provincial 1;2.7;2;Automóvil,Automóvil; ;2;1;0;1;0;0;Ruta;COLASTINE;La Capital;Asfalto;Pavimento;I;Dentro;Urbana;Otra Señal;No existe;Intersección;Bueno;Buena;Diurna;Buen Tiempo;De alcance,Múltiple;S/D;Colisión;Ninguna;Faltante
2329;2021;31/3/2021;Miercoles;19:00:00;;0.0;2;Moto/Ciclomotor,Pickup/Utilitario;San Martin Y Sarmiento;2;1;0;1;0;0;Calle;ACEBAL;Rosario;Asfalto;No existe;II;Dentro;Urbana;Otra Señal;No existe;Intersección;Bueno;Buena;Diurna;Buen Tiempo;De alcance,Múltiple;S/D;Colisión;Ninguna;Faltante
2330;2021;31/3/2021;Miercoles;19:00:00;Ruta Nacional 11;0.0;1;Camión Chasis; ;2;1;0;1;0;0;Ruta;SANTA FE;La Capital;Asfalto;S/D;I;S/D;Urbana;Otra Señal;No existe;Intersección;Bueno;Buena;Diurna;Buen Tiempo;De alcance,Múltiple;S/D;Colisión;Ninguna;Faltante
2331;2021;31/3/2021;Miercoles;;Ruta Provincial 20;0.0;2;Moto/Ciclomotor,Automóvil;F Vicente Solano Y Bvard 20 de Junio;2;1;0;1;0;0;Ruta;GÁLVEZ;San JERÓNIMO;Asfalto;S/D;XV;Dentro;Urbana;Otra Señal;S/D;Intersección;S/D;S/D;Diurna;S/D;De alcance,Múltiple;S/D;Colisión;S/D;S/D
2332;2021;31/3/2021;Miercoles;08:10:00;;0.0;2;Moto/Ciclomotor,Automóvil;Guillermo Brown Y Gral. José de San Martin;2;1;0;1;0;0;Calle;VENADO TUERTO;General LÓPEZ;Asfalto;S/D;VIII;Dentro;Urbana;Otra Señal;S/D;Intersección;S/D;S/D;Diurna;S/D;De alcance,Múltiple;S/D;Colisión;S/D;S/D
2333;2021;31/3/2021;Miercoles;;Autopista Nacional A008;0.0;2;Moto/Ciclomotor,Pickup/Utilitario;Av. Circunvalación ;2;1;0;1;0;0;Autopista;ROSARIO;Rosario;Asfalto;S/D;II;Dentro;Urbana;Otra Señal;No existe;Intersección;S/D;S/D;S/D;S/D;De alcance,Múltiple;S/D;Colisión;S/D;S/D
2334;2021;31/3/2021;Miercoles;10:00:00;;0.0;2;Automóvil,Bicicleta;3 De Febrero 600;2;1;0;0;0;1;Calle;ROSARIO;Constitución;S/D;S/D;II;S/D;Urbana;Otra Señal;S/D;Intersección;S/D;S/D;Diurna;S/D;Múltiple;Ciclista;Colisión;S/D;S/D
2335;2021;31/3/2021;Miercoles;15:15:00;;0.0;2;Automóvil,Automóvil;Av. Luis Carballo 200;2;1;0;0;0;1;Avenida;ROSARIO;Constitución;S/D;S/D;II;Dentro;Urbana;Otra Señal;S/D;Intersección;S/D;S/D;Diurna;S/D;Múltiple;S/D;Colisión;S/D;S/D
2336;2021;31/3/2021;Miercoles;20:45:00;;0.0;2;Automóvil,Moto/Ciclomotor;Olegario V.Andrade Y Callao;2;1;0;0;0;1;Calle;ROSARIO;Constitución;S/D;S/D;II;S/D;Urbana;Otra Señal;S/D;Intersección;S/D;S/D;Nocturna;S/D;Múltiple;S/D;Colisión;S/D;S/D
2337;2021;31/3/2021;Miercoles;;;0.0;2;Moto/Ciclomotor,Automóvil; ;2;0;0;1;0;0;S/D;MARÍA SUSANA;Constitución;S/D;S/D;XVIII;S/D;S/D;Otra Señal;S/D;Intersección;S/D;S/D;S/D;S/D;Múltiple;S/D;Colisión;S/D;S/D
2338;2021;31/3/2021;Miercoles;;;0.0;1;Moto/Ciclomotor;Pedro Alejandro Vittori Y Pedro Centeno;2;0;0;1;0;0;Calle;SANTA FE;Constitución;Asfalto;S/D;I;Dentro;Urbana;Otra Señal;S/D;Intersección;S/D;S/D;S/D;S/D;Múltiple;S/D;Colisión;S/D;S/D
2339;2021;1/4/2021;Jueves;13:30:00;;0.0;2;Moto/Ciclomotor,Automóvil;1ro de Mayo Y Belgrano Manuel;5;1;0;4;0;0;Calle;SAN CARLOS CENTRO;Las Colonias;Asfalto;No existe;XI;Dentro;Urbana;Otra Señal;No existe;Intersección;Bueno;Buena;Diurna;Buen Tiempo;Múltiple;S/D;Colisión;Ninguna;Faltante
2340;2021;1/4/2021;Jueves;;;0.0;2;Automóvil,Moto/Ciclomotor;G Lehmann Y Rivadavia;2;1;0;1;0;0;Calle;ESPERANZA;Las Colonias;Asfalto;No existe;XI;Dentro;Urbana;Otra Señal;No existe;Intersección;Bueno;Buena;Diurna;Buen Tiempo;Frontal;S/D;Colisión;Ninguna;Faltante
2341;2021;1/4/2021;Jueves;01:20:00;;0.0;2;Moto/Ciclomotor,Automóvil;Alvear Y Av. Arijon;2;1;0;1;0;0;Avenida;ROSARIO;Rosario;Asfalto;No existe;II;Dentro;Urbana;Otra Señal;No existe;Intersección;Bueno;Buena;Diurna;Buen Tiempo;Lateral;S/D;Colisión;Ninguna;Horizontal
2342;2021;1/4/2021;Jueves;16:30:00;;0.0;1;Automóvil;Av. Ovidio Lagos Y Güemes;2;1;0;1;0;0;Avenida;ROSARIO;Rosario;Asfalto;No existe;II;Dentro;Urbana;Otra Señal;Funciona;Intersección;Bueno;Buena;Diurna;Buen Tiempo;Lateral;S/D;Colisión;Ninguna;Horizontal,Vertical
2343;2021;1/4/2021;Jueves;17:05:00;;0.0;2;Moto/Ciclomotor,Automóvil;Av. Provincias Unidas Bis 1080;3;2;0;1;0;0;Avenida;ROSARIO;Rosario;Asfalto;No existe;II;Dentro;Urbana;Otra Señal;No existe;Recta;Bueno;Buena;Diurna;Buen Tiempo;De alcance;S/D;Colisión;Ninguna;Horizontal
2344;2021;1/4/2021;Jueves;16:00:00;;0.0;1;Automóvil;CALLE 4 Y LELOIR;2;1;0;1;0;0;Calle;FUNES;Rosario;Asfalto;No existe;II;Dentro;Urbana;Otra Señal;No existe;Recta;Bueno;Buena;Diurna;Buen Tiempo;S/D;Peatón;Colisión;Ninguna;Faltante
2345;2021;1/4/2021;Jueves;20:40:00;;0.0;2;Moto/Ciclomotor,Pickup/Utilitario;25 de Mayo Y Suipacha;2;1;0;1;0;0;Calle;SANTA FE;La Capital;Asfalto;Pavimento;I;Dentro;Urbana;Otra Señal;Funciona;Intersección;Bueno;Buena;Nocturna,Con luz artificial;Buen Tiempo;De alcance,Múltiple;S/D;Colisión;Ninguna;Horizontal
2346;2021;1/4/2021;Jueves;06:40:00;;0.0;2;Automóvil,Bicicleta;Av. Pellegrini Y Pueyrredón;2;1;0;1;0;0;Avenida;ROSARIO;Rosario;Asfalto;No existe;II;Dentro;Urbana;Otra Señal;No existe;Recta;Bueno;Buena;Diurna;Buen Tiempo;De alcance,Múltiple;Ciclista;Colisión;Ninguna;Horizontal,Vertical
2347;2021;1/4/2021;Jueves;;;0.0;2;Bicicleta,Moto/Ciclomotor;Av. de los Trabaj. Ferroviario Y Falucho;2;2;0;0;0;0;Avenida;SAN CRISTÓBAL;San CRISTÓBAL;Asfalto;No existe;XIII;Dentro;Urbana;Otra Señal;No existe;Recta;Bueno;Buena;Diurna;Buen Tiempo;De alcance,Múltiple;Ciclista;Colisión;Ninguna;Faltante
2348;2021;1/4/2021;Jueves;14:50:00;;0.0;2;Automóvil,Moto/Ciclomotor;Av. J J Paso Y Dr. Zavalla;2;1;0;1;0;0;Avenida;SANTA FE;La Capital;Asfalto;No existe;I;Dentro;Urbana;Otra Señal;Funciona;Intersección;Bueno;Buena;Diurna;Buen Tiempo;De alcance,Múltiple;S/D;Colisión;Ninguna;Vertical
2349;2021;1/4/2021;Jueves;11:00:00;;0.0;2;Automóvil,Automóvil;Avellaneda Y Bv Gálvez;2;1;0;1;0;0;Avenida;SANTA FE;La Capital;Asfalto;No existe;I;Dentro;Urbana;Otra Señal;Funciona;Intersección;Bueno;S/D;Diurna;S/D;De alcance,Múltiple;S/D;Colisión;Ninguna;Horizontal,Vertical
2350;2021;1/4/2021;Jueves;15:20:00;;0.0;2;Automóvil,Moto/Ciclomotor;Av. Pte. Perón Y Bv Pellegrini;3;1;0;2;0;0;Avenida;SANTA FE;La Capital;Asfalto;No existe;I;Dentro;Urbana;Otra Señal;Funciona;Intersección;Bueno;Buena;Diurna;Buen Tiempo;De alcance,Múltiple;S/D;Colisión;Ninguna;Horizontal,Vertical
2351;2021;1/4/2021;Jueves;08:45:00;;0.0;2;Pickup/Utilitario,Moto/Ciclomotor;Primera Junta Y Santiago de Chile;2;1;0;1;0;0;Calle;SANTA FE;La Capital;Asfalto;No existe;I;Dentro;Urbana;Otra Señal;No existe;Intersección;Bueno;Buena;Diurna;Buen Tiempo;De alcance,Múltiple;S/D;Colisión;Ninguna;Horizontal
2352;2021;1/4/2021;Jueves;12:00:00;;0.0;2;Moto/Ciclomotor,Automóvil;Av. Urquiza Y Estanislao Zeballos;2;1;0;1;0;0;Avenida;SANTA FE;La Capital;Asfalto;No existe;I;Dentro;Urbana;Otra Señal;No existe;Intersección;Bueno;Buena;Diurna;Buen Tiempo;De alcance,Múltiple;S/D;Colisión;Ninguna;Faltante
2353;2021;1/4/2021;Jueves;;Ruta Nacional 11;462.0;2;Moto/Ciclomotor,Camión;PUENTE CARRETERO ;2;1;0;1;0;0;Ruta;SANTA FE;La Capital;Asfalto;No existe;I;Dentro;Urbana;Otra Señal;No existe;Intersección;Bueno;Buena;S/D;Buen Tiempo;De alcance,Múltiple;S/D;Colisión;Ninguna;Horizontal
2354;2021;1/4/2021;Jueves;13:00:00;;0.0;2;Automóvil,Automóvil;Salta Y Santiago de Chile;5;3;0;2;0;0;Calle;SANTA FE;La Capital;Asfalto;No existe;I;Dentro;Urbana;Otra Señal;No existe;Intersección;Bueno;Buena;Diurna;Buen Tiempo;De alcance,Múltiple;S/D;Colisión;Ninguna;Faltante
2355;2021;1/4/2021;Jueves;07:15:00;;0.0;2;Peatón,Automóvil;Garibaldi Y Vera Mujica;2;1;0;1;0;0;Calle;ROSARIO;Rosario;Asfalto;No existe;II;Dentro;Urbana;Otra Señal;No existe;Intersección;Bueno;Buena;Diurna;Buen Tiempo;De alcance,Múltiple;Peatón;Colisión;Ninguna;Faltante
2356;2021;1/4/2021;Jueves;09:20:00;;0.0;2;Peatón,Automóvil;Av. Sorrento Y Pacheco;2;1;0;1;0;0;Avenida;ROSARIO;Rosario;Asfalto;No existe;II;Dentro;Urbana;Otra Señal;Funciona;Intersección;Bueno;Buena;Diurna;Buen Tiempo;De alcance,Múltiple;Peatón;Colisión;Ninguna;Horizontal,Vertical
2357;2021;1/4/2021;Jueves;;;0.0;2;Moto/Ciclomotor,Automóvil; ;2;1;0;1;0;0;S/D;SAN CARLOS CENTRO;Las Colonias;S/D;S/D;XI;S/D;S/D;Otra Señal;S/D;Intersección;S/D;S/D;S/D;S/D;De alcance,Múltiple;S/D;Colisión;S/D;S/D
2358;2021;1/4/2021;Jueves;;;0.0;2;Bicicleta,Automóvil; ;2;1;0;1;0;0;S/D;ESPERANZA;Las Colonias;S/D;S/D;XI;S/D;S/D;Otra Señal;S/D;Intersección;S/D;S/D;S/D;S/D;De alcance,Múltiple;S/D;Colisión;S/D;S/D
2359;2021;1/4/2021;Jueves;19:30:00;;0.0;2;Bicicleta,Moto/Ciclomotor;Estanislao López 1160;2;1;0;1;0;0;Calle;CAÑADA ROSQUÍN;San MARTÍN;Tierra;No existe;XVIII;Dentro;Urbana;Otra Señal;No existe;Intersección;Bueno;Buena;Diurna;Buen Tiempo;De alcance,Múltiple;Ciclista;Colisión;Ninguna;Faltante
2360;2021;1/4/2021;Jueves;;;0.0;2;Moto/Ciclomotor,Camión;1 de Mayo Y Sarmiento;2;1;0;1;0;0;Calle;CARCARAÑÁ;San Lorenzo;Asfalto;No existe;XVII;Dentro;Urbana;Otra Señal;No existe;Intersección;Bueno;Buena;Diurna;S/D;De alcance,Múltiple;S/D;Colisión;Ninguna;S/D
2361;2021;1/4/2021;Jueves;;;0.0;2;Automóvil,Moto/Ciclomotor;Brasil Y Santiago del Estero;3;2;0;1;0;0;Calle;PUERTO SAN MARTÍN;San Lorenzo;Asfalto;No existe;XVII;Dentro;Urbana;Otra Señal;No existe;Intersección;Bueno;Buena;Diurna;Buen Tiempo;De alcance,Múltiple;S/D;Colisión;Ninguna;Faltante
2362;2021;1/4/2021;Jueves;18:00:00;Ruta Nacional 11;0.0;1;Moto/Ciclomotor;Pasaje 21-23- México Y Ruta Nacional 11;1;1;0;0;0;0;Ruta;RECONQUISTA;General Obligado;Asfalto;No existe;IX;Dentro;Urbana;Otra Señal;No existe;Intersección;Bueno;Buena;Diurna;Buen Tiempo;De alcance,Múltiple;S/D;Colisión;Ninguna;Horizontal