ID_Accidente;A�o;Fecha;Dia;Hopra;Ruta/Autop;km;Participantes;Tipo;Lugar;Total;Heridos Leves;Heridos Graves;Ilesos;Fallecidos;Sin datos;desc_tipo_via;desc_loc;desc_dpto;|;desc_tipo_banquina;desc_unidad_regional;desc_lugar_calzada;desc_zona;desc_prioridad;desc_estado_semaforo;desc_lugar_via;desc_estado_via;desc_estado_visibilidad;desc_luminosidad;desc_estado_clima;desc_tipo_colision;desc_tipo_atropello;desc_tipo_hecho;desc_pres_calzada;desc_senializacion
2363;2021;1/4/2021;Jueves;;;0.0;2;Automóvil,Moto/Ciclomotor;F Dentesano Y Urquiza;2;1;0;0;0;1;Calle;RAFAELA;Castellanos;Asfalto;No existe;V;Dentro;Urbana;Otra Señal;Funciona;Intersección;Bueno;Buena;Amanecer;Buen Tiempo;De alcance,Múltiple;S/D;Colisión;Ninguna;Horizontal,Vertical
2364;2021;1/4/2021;Jueves;;;0.0;2;Pickup/Utilitario,Moto/Ciclomotor;25 de Mayo Y Av. Dr. E Salva;2;1;0;1;0;0;Avenida;RAFAELA;Castellanos;Asfalto;No existe;V;Dentro;Urbana;Otra Señal;No existe;Intersección;Bueno;Buena;Nocturna;Buen Tiempo;De alcance,Múltiple;S/D;Colisión;Ninguna;Faltante
2365;2021;1/4/2021;Jueves;12:20:00;Ruta Nacional 11;0.0;2;Moto/Ciclomotor,Bicicleta;Calle 27-Gdor Freyre Y Calle 34;2;1;0;1;0;0;Ruta;RECONQUISTA;General Obligado;Asfalto;No existe;IX;Dentro;Urbana;Otra Señal;No existe;Intersección;Bueno;Buena;Diurna;Buen Tiempo;Múltiple;Ciclista;Colisión;Ninguna;Horizontal,Vertical
2366;2021;1/4/2021;Jueves;00:05:00;;0.0;1;Moto/Ciclomotor;José Ingenieros ;1;1;0;0;0;0;S/D;ROSARIO;Rosario;Asfalto;S/D;II;Dentro;Urbana;Otra Señal;S/D;Intersección;S/D;S/D;Nocturna;S/D;Múltiple;S/D;Colisión;S/D;S/D
2367;2021;1/4/2021;Jueves;22:00:00;;0.0;1;Moto/Ciclomotor;Bv. 27 De Febrero Y Rodríguez;1;1;0;0;0;0;Avenida;ROSARIO;Rosario;Asfalto;No existe;II;Dentro;Urbana;Otra Señal;No existe;Intersección;Bueno;S/D;Nocturna;S/D;Múltiple;S/D;Colisión;S/D;Horizontal
2368;2021;1/4/2021;Jueves;07:00:00;Ruta Provincial 18;0.0;1;Moto/Ciclomotor;Av. Ovidio Lagos 6300;1;1;0;0;0;0;Ruta;ROSARIO;Rosario;Asfalto;No existe;II;Dentro;Urbana;Otra Señal;No existe;Intersección;Bueno;S/D;Amanecer;S/D;Múltiple;S/D;Colisión;S/D;Faltante
2369;2021;1/4/2021;Jueves;07:40:00;;0.0;1;Bicicleta;Ayolas Y San Martin;1;1;0;0;0;0;Calle;ROSARIO;Rosario;Asfalto;No existe;II;Dentro;Urbana;Otra Señal;Funciona;Intersección;Bueno;S/D;Diurna;S/D;Múltiple;S/D;Colisión;S/D;Horizontal,Vertical
2370;2021;1/4/2021;Jueves;14:30:00;;0.0;2;Automóvil,Moto/Ciclomotor;3 De Febrero Y Paraguay;2;0;0;1;0;0;Calle;ROSARIO;Constitución;Asfalto;No existe;II;Dentro;Urbana;Otra Señal;No existe;Intersección;Bueno;Buena;Diurna;Buen Tiempo;Múltiple;S/D;Colisión;Ninguna;Horizontal,Vertical
2371;2021;2/4/2021;Viernes;;Ruta Secundaria 50-s;37.0;1;Moto/Ciclomotor; ;2;1;0;0;0;1;Ruta;SAN JERÓNIMO NORTE;Las Colonias;Asfalto;Natural;XI;Dentro;Urbana;Otra Señal;No existe;Recta;Bueno;Buena;Nocturna;Buen Tiempo;Múltiple;S/D;Colisión;Ninguna;Horizontal
2372;2021;2/4/2021;Viernes;11:05:00;;0.0;2;Moto/Ciclomotor,Pickup/Utilitario;Av. Urquiza Y Gorriti;4;2;0;2;0;0;Avenida;SANTA FE;La Capital;Asfalto;Pavimento;I;Dentro;Urbana;Otra Señal;No existe;Intersección;Bueno;Buena;Diurna;Buen Tiempo;Lateral;S/D;Colisión;Ninguna;Faltante
2373;2021;2/4/2021;Viernes;12:30:00;;0.0;2;Moto/Ciclomotor,Automóvil;España Y JUAN PABLO II;2;1;0;1;0;0;Calle;ROSARIO;Rosario;Asfalto;No existe;II;Dentro;Urbana;Otra Señal;No existe;Intersección;Bueno;Buena;Diurna;Buen Tiempo;Lateral;S/D;Colisión;Ninguna;Vertical
2374;2021;2/4/2021;Viernes;20:50:00;;0.0;2;Automóvil,Moto/Ciclomotor;Avenida 13 Y Calle 14;2;1;0;1;0;0;Avenida;LAS PAREJAS;Belgrano;Asfalto;No existe;III;Dentro;Urbana;Otra Señal;No existe;Intersección;Bueno;Buena;Nocturna,Con luz artificial;Buen Tiempo;Lateral;S/D;Colisión;Ninguna;Faltante
2375;2021;2/4/2021;Viernes;20:00:00;Ruta Provincial 65;93.0;2;Moto/Ciclomotor,Automóvil;CAMINO RURAL NÚMERO 20 ;6;0;0;5;1;0;Ruta;BOUQUET;Belgrano;Asfalto;Natural;III;Dentro;Rural;Otra Señal;No existe;Intersección;Bueno;Buena;Nocturna;Buen Tiempo;S/D;S/D;Colisión;Ninguna;Horizontal
2376;2021;2/4/2021;Viernes;23:05:00;;0.0;2;Automóvil,Camión Chasis;Av. Provincias Unidas Y Bv. 27 De Febrero;2;1;0;1;0;0;Avenida;ROSARIO;Rosario;Asfalto;No existe;II;Dentro;Urbana;Otra Señal;Funciona;Recta;Bueno;Buena;Nocturna,Con luz artificial;Buen Tiempo;De alcance;S/D;Colisión;Ninguna;Horizontal,Vertical
2377;2021;2/4/2021;Viernes;14:00:00;;0.0;2;Moto/Ciclomotor,Automóvil;Av. Pellegrini Y Magallanes;4;1;0;2;0;1;Avenida;ROSARIO;Rosario;Asfalto;Pavimento;II;Dentro;Urbana;Otra Señal;No existe;Intersección;Bueno;Buena;Diurna;Buen Tiempo;S/D;S/D;Colisión;Ninguna;Horizontal,Vertical
2378;2021;2/4/2021;Viernes;18:15:00;;0.0;2;Automóvil,Moto/Ciclomotor;Las Heras Y Obrero;3;2;0;1;0;0;Calle;LAGUNA PAIVA;La Capital;Tierra;No existe;I;Dentro;Urbana;Otra Señal;No existe;Intersección;Bueno;Buena;Diurna;Buen Tiempo;De alcance,Múltiple;S/D;Colisión;Ninguna;Faltante
2379;2021;2/4/2021;Viernes;09:15:00;;0.0;2;Pickup/Utilitario,Moto/Ciclomotor;Rivadavia Y Suipacha;2;1;0;1;0;0;Calle;SANTA FE;La Capital;Asfalto;No existe;I;Dentro;Urbana;Otra Señal;Funciona;Intersección;Bueno;Buena;Diurna;Buen Tiempo;De alcance,Múltiple;S/D;Colisión;Ninguna;Horizontal,Vertical
2380;2021;2/4/2021;Viernes;22:20:00;;0.0;2;Moto/Ciclomotor,Automóvil;Rioja Y Sarmiento;2;1;0;1;0;0;Calle;ROSARIO;Rosario;Asfalto;No existe;II;Dentro;Urbana;Otra Señal;No existe;Intersección;Bueno;Buena;Nocturna;Buen Tiempo;De alcance,Múltiple;S/D;Colisión;Ninguna;Horizontal
2381;2021;2/4/2021;Viernes;07:20:00;;0.0;2;Pickup/Utilitario,Pickup/Utilitario;Bv 25 de Mayo Y Primeros pobladores;2;1;0;1;0;0;Avenida;ALEJANDRA;San Javier;Tierra;No existe;XIV;Dentro;Urbana;Otra Señal;No existe;Intersección;Bueno;Buena;Diurna;Buen Tiempo;De alcance,Múltiple;S/D;Colisión;Ninguna;Faltante
2382;2021;2/4/2021;Viernes;18:20:00;;0.0;2;Pickup/Utilitario,Moto/Ciclomotor;FLORENTINO VALDEZ Y PÁJARO BLANCO;2;1;0;1;0;0;Calle;ALEJANDRA;San Javier;Tierra;No existe;XIV;Dentro;Urbana;Otra Señal;No existe;Intersección;Bueno;S/D;Diurna;Buen Tiempo;De alcance,Múltiple;S/D;Colisión;Ninguna;Faltante
2383;2021;2/4/2021;Viernes;20:00:00;;0.0;3;Automóvil,Automóvil,Pickup/Utilitario;Sebastián Gaboto Y Iturraspe;3;2;0;1;0;0;Avenida;SANTA FE;La Capital;Asfalto;No existe;I;Dentro;Urbana;Otra Señal;Funciona;Intersección;Bueno;Buena;Nocturna,Con luz artificial;Buen Tiempo;De alcance,Múltiple;S/D;Colisión;Ninguna;Horizontal,Vertical
2384;2021;2/4/2021;Viernes;16:20:00;;0.0;2;Automóvil,Moto/Ciclomotor;Medrano 1800;3;2;0;1;0;0;Calle;ROSARIO;Rosario;Asfalto;No existe;II;Dentro;Urbana;Otra Señal;No existe;Intersección;Bueno;Buena;Diurna;Buen Tiempo;De alcance,Múltiple;S/D;Colisión;Ninguna;Faltante
2385;2021;2/4/2021;Viernes;12:30:00;Autopista Nacional A008;0.0;2;Moto/Ciclomotor,Transporte de Pasajeros Larga Distancia (Doble Piso);Av. Circunvalación Y Av. Eva Perón;2;1;0;1;0;0;Autopista;ROSARIO;Rosario;Asfalto;No existe;II;Fuera;Urbana;Otra Señal;Funciona;Intersección;Bueno;Buena;Diurna;Buen Tiempo;De alcance,Múltiple;S/D;Colisión;Ninguna;Horizontal,Vertical
2386;2021;2/4/2021;Viernes;16:40:00;Autopista Nacional A008;0.0;2;Moto/Ciclomotor,Automóvil;Av. Circunvalación Y España;4;3;0;1;0;0;Autopista;ROSARIO;Rosario;Asfalto;Pavimento;II;Dentro;Urbana;Otra Señal;No existe;Intersección;Bueno;Buena;Diurna;Buen Tiempo;De alcance,Múltiple;S/D;Colisión;Ninguna;Horizontal
2387;2021;2/4/2021;Viernes;02:40:00;Ruta Provincial Brigadier E.LÓPEZ;149.0;1;Automóvil; ;1;1;0;0;0;0;Ruta;SANTO TOMÉ;La Capital;Asfalto;Natural;I;Dentro;Urbana;Otra Señal;No existe;Intersección;Bueno;Buena;Nocturna;Buen Tiempo;De alcance,Múltiple;S/D;Colisión;Ninguna;S/D
2388;2021;2/4/2021;Viernes;13:40:00;;0.0;2;Camión,Moto/Ciclomotor;Montevideo Y Valparaíso;2;1;0;1;0;0;Calle;ROSARIO;Rosario;Asfalto;No existe;II;Dentro;Urbana;Otra Señal;No existe;Intersección;Bueno;Buena;Diurna;Buen Tiempo;De alcance,Múltiple;S/D;Colisión;Ninguna;Faltante
2389;2021;2/4/2021;Viernes;;;0.0;2;Taxi/Remis,Bicicleta;Entre Ríos Y San Lorenzo;2;1;0;1;0;0;Calle;ROSARIO;Rosario;Asfalto;No existe;II;Dentro;Urbana;Otra Señal;No existe;Intersección;Bueno;Buena;Diurna;Buen Tiempo;De alcance,Múltiple;Ciclista;Colisión;Ninguna;Horizontal,Vertical
2390;2021;2/4/2021;Viernes;18:45:00;;0.0;2;Automóvil,Moto/Ciclomotor;Brigadier General Estanislao L Y España;2;1;0;1;0;0;Calle;CASILDA;Caseros;Asfalto;No existe;IV;Dentro;Urbana;Otra Señal;No existe;Intersección;Bueno;Buena;Diurna;Buen Tiempo;De alcance,Múltiple;S/D;Colisión;Ninguna;Faltante
2391;2021;2/4/2021;Viernes;18:30:00;;0.0;2;Automóvil,Moto/Ciclomotor;General Bartolomé Mitre Y Tucumán;2;1;0;1;0;0;Calle;CASILDA;Caseros;Asfalto;No existe;II;Dentro;Urbana;Otra Señal;No existe;Intersección;Bueno;Buena;Diurna;Buen Tiempo;De alcance,Múltiple;S/D;Colisión;Ninguna;Faltante
2392;2021;2/4/2021;Viernes;03:40:00;;0.0;1;Moto/Ciclomotor;Mitre 2000;1;1;0;0;0;0;Calle;CORONDA;San JERÓNIMO;Tierra;No existe;XV;Dentro;Urbana;Otra Señal;No existe;Intersección;Bueno;Buena;Nocturna,Con luz artificial;Buen Tiempo;De alcance,Múltiple;S/D;Colisión;Ninguna;S/D
2393;2021;2/4/2021;Viernes;17:15:00;Autopista Nacional A012;0.0;2;Moto/Ciclomotor,Automóvil;Fidela Moreno ;3;1;0;2;0;0;Autopista;SAN LORENZO;San Lorenzo;Asfalto;Ripio;XVII;Dentro;Urbana;Otra Señal;No existe;Intersección;Bueno;Buena;Diurna;Buen Tiempo;De alcance,Múltiple;S/D;Colisión;Ninguna;Faltante
2394;2021;2/4/2021;Viernes;;;0.0;3;Automóvil,Automóvil,Automóvil;Av. Luis Carballo Y Bv. Avellaneda;3;1;0;0;0;2;Avenida;ROSARIO;Rosario;Asfalto;No existe;II;Dentro;Urbana;Otra Señal;Funciona;Intersección;Bueno;Buena;Atardecer;Buen Tiempo;De alcance,Múltiple;S/D;Colisión;Ninguna;Horizontal,Vertical
2395;2021;2/4/2021;Viernes;22:15:00;;0.0;2;Automóvil,Moto/Ciclomotor;Av. Gral. López Y R Godoy;2;1;0;1;0;0;Avenida;SANTA FE;La Capital;Asfalto;No existe;II;Dentro;Urbana;Otra Señal;No existe;Intersección;Bueno;Buena;Nocturna;Buen Tiempo;De alcance,Múltiple;S/D;Colisión;Ninguna;Faltante
2396;2021;2/4/2021;Viernes;;Ruta Secundaria 36-s;0.0;1;Pickup/Utilitario;RUTA 50 S ;2;2;0;0;0;0;Ruta;MATILDE;Las Colonias;Ripio;No existe;XI;Dentro;Rural;Otra Señal;No existe;Intersección;Bueno;Buena;Nocturna;Buen Tiempo;De alcance,Múltiple;S/D;Colisión;Ninguna;Faltante
2397;2021;2/4/2021;Viernes;;Ruta Secundaria 36-s;0.0;1;Automóvil;RUTA 50 S ;2;2;0;0;0;0;Ruta;MATILDE;Las Colonias;Ripio;No existe;XI;Dentro;Rural;Otra Señal;No existe;Intersección;Bueno;Buena;Nocturna;Buen Tiempo;De alcance,Múltiple;S/D;Colisión;Ninguna;Faltante
2398;2021;2/4/2021;Viernes;13:15:00;;0.0;2;Moto/Ciclomotor,Automóvil;Salta Y Brown;3;0;0;2;1;0;Calle;SAN LORENZO;San Lorenzo;Asfalto;No existe;XVII;S/D;Urbana;Otra Señal;No existe;Intersección;S/D;Buena;Diurna;Buen Tiempo;De alcance,Múltiple;S/D;Colisión;Ninguna;Faltante
2399;2021;2/4/2021;Viernes;09:30:00;;0.0;2;Automóvil,Moto/Ciclomotor;Rivadavia Y San Martin;3;1;0;2;0;0;Calle;RICARDONE;San Lorenzo;Tierra;No existe;XVII;Dentro;Urbana;Otra Señal;No existe;Intersección;Con baches;Buena;Diurna;Buen Tiempo;De alcance,Múltiple;S/D;Colisión;Ninguna;Faltante
2400;2021;2/4/2021;Viernes;20:00:00;;0.0;2;Bicicleta,Automóvil;Calle 9-Mariano Moreno Y Calle 30-Lucas Funes;2;1;0;1;0;0;Calle;RECONQUISTA;General Obligado;Asfalto;No existe;IX;Dentro;Urbana;Otra Señal;No existe;Intersección;Bueno;Buena;Nocturna;Buen Tiempo;Múltiple;Ciclista;Colisión;Ninguna;Faltante
2401;2021;2/4/2021;Viernes;16:30:00;;0.0;1;Moto/Ciclomotor;Gorriti Y Solís;1;1;0;0;0;0;Calle;ROSARIO;Rosario;Asfalto;No existe;II;Dentro;Urbana;Otra Señal;No existe;Intersección;Bueno;S/D;Diurna;S/D;Múltiple;S/D;Colisión;S/D;Faltante
2402;2021;2/4/2021;Viernes;00:30:00;;0.0;1;Moto/Ciclomotor; ;1;1;0;0;0;0;S/D;ROSARIO;Constitución;S/D;S/D;II;S/D;S/D;Otra Señal;S/D;Intersección;S/D;S/D;Nocturna;S/D;Múltiple;S/D;Colisión;S/D;S/D
2403;2021;2/4/2021;Viernes;05:30:00;;0.0;1;Moto/Ciclomotor;Carlos Silvestre Begnis Y Gobernador Crespo;2;0;0;1;0;0;Calle;TOSTADO;Constitución;Asfalto;No existe;XII;Dentro;Urbana;Otra Señal;No existe;Intersección;Bueno;Buena;Nocturna,Con luz artificial;Buen Tiempo;Múltiple;S/D;Colisión;Ninguna;Faltante
2404;2021;2/4/2021;Viernes;;;0.0;1;Moto/Ciclomotor; ;2;1;0;0;0;0;Calle;MELINCUÉ;Constitución;S/D;S/D;VIII;Dentro;Urbana;Otra Señal;S/D;Intersección;S/D;S/D;S/D;S/D;Múltiple;S/D;Colisión;S/D;S/D
2405;2021;2/4/2021;Viernes;;Ruta Nacional 33;673.0;2;Camión c / Acoplado,Moto/Ciclomotor; ;2;0;0;1;0;0;Ruta;CHOVET;Constitución;Asfalto;No existe;VIII;Dentro;Urbana;Otra Señal;No existe;Intersección;Bueno;S/D;S/D;Buen Tiempo;Múltiple;S/D;Colisión;Ninguna;Horizontal
2406;2021;2/4/2021;Viernes;;Ruta Nacional 33;670.0;2;Pickup/Utilitario,Automóvil; ;3;1;0;1;0;0;Ruta;CHOVET;Constitución;Asfalto;No existe;VIII;Dentro;Urbana;Otra Señal;No existe;Intersección;Bueno;Buena;Diurna;Buen Tiempo;Múltiple;S/D;Colisión;Ninguna;Horizontal
2407;2021;2/4/2021;Viernes;19:20:00;;0.0;2;Automóvil,Bicicleta;R del Brasil 1621;2;0;0;1;0;0;Calle;SAN LORENZO;Constitución;Tierra;No existe;XVII;Dentro;Urbana;Otra Señal;No existe;Intersección;Bueno;Buena;Diurna;Buen Tiempo;Múltiple;Peatón;Colisión;Ninguna;Faltante
2408;2021;2/4/2021;Viernes;16:40:00;;0.0;1;Moto/Ciclomotor;Roullon 4100;2;0;0;0;0;0;Calle;ROSARIO;Rosario;Asfalto;No existe;II;Dentro;Urbana;Otra Señal;No existe;Intersección;Bueno;Buena;Diurna;Buen Tiempo;Múltiple;S/D;Colisión;Ninguna;Faltante
2409;2021;2/4/2021;Viernes;;;0.0;2;Moto/Ciclomotor,Moto/Ciclomotor;Brasil Y España;2;0;0;0;0;0;Calle;RECREO;La Capital;Asfalto;No existe;I;Dentro;Urbana;Otra Señal;S/D;Intersección;Bueno;S/D;S/D;S/D;Múltiple;S/D;Colisión;S/D;S/D
2410;2021;3/4/2021;Sabado;19:25:00;;0.0;2;Automóvil,Bicicleta;Domingo Faustino Sarmiento Y Estanislao López;2;1;0;1;0;0;Calle;SAN JERÓNIMO NORTE;Las Colonias;Asfalto;No existe;XI;Dentro;Urbana;Otra Señal;No existe;Intersección;Bueno;Buena;Nocturna;Buen Tiempo;Múltiple;Ciclista;Colisión;Ninguna;Faltante
2411;2021;3/4/2021;Sabado;20:15:00;;0.0;2;Automóvil,Moto/Ciclomotor;Primera Junta Y San Martin;2;1;0;1;0;0;Calle;SANTA ROSA DE CALCHINES;Garay;Asfalto;No existe;VII;Dentro;Urbana;Otra Señal;No existe;Intersección;Bueno;Buena;Nocturna;Buen Tiempo;Lateral;S/D;Colisión;Ninguna;Horizontal
2412;2021;3/4/2021;Sabado;21:50:00;;0.0;2;Moto/Ciclomotor,Bicicleta;A Belotti Y E López;2;1;0;1;0;0;Calle;SAN JUSTO;San Justo;Tierra;No existe;XVI;Dentro;Urbana;Otra Señal;No existe;Intersección;Bueno;Reducida;Nocturna;Buen Tiempo;S/D;Ciclista;Colisión;Ninguna;Faltante
2413;2021;3/4/2021;Sabado;19:30:00;Ruta Nacional 9;0.0;2;Automóvil,Automóvil;Las Camelias Y Ruta Nacional 9;3;1;0;2;0;0;Ruta;FUNES;Rosario;Asfalto;No existe;II;Dentro;Urbana;Otra Señal;Funciona;Recta;Bueno;Buena;Nocturna;Buen Tiempo;Frontal;S/D;Colisión;Ninguna;Horizontal,Vertical
2414;2021;3/4/2021;Sabado;01:40:00;Ruta Provincial 21;0.0;2;Automóvil,Automóvil;Brig. Gral. Estanislao López Y José de San Martin;3;1;0;2;0;0;Ruta;SAN JOSÉ DEL RINCÓN;La Capital;Asfalto;No existe;I;Dentro;Urbana;Otra Señal;Funciona;Intersección;Bueno;Buena;Nocturna;Buen Tiempo;De alcance,Múltiple;S/D;Colisión;Ninguna;Horizontal,Vertical
2415;2021;3/4/2021;Sabado;10:00:00;;0.0;2;Moto/Ciclomotor,Bicicleta;1ro de Mayo Y Pte. Perón;2;1;0;1;0;0;Calle;VERA;Vera;Asfalto;No existe;XIX;Dentro;Urbana;Otra Señal;No existe;Intersección;Bueno;Buena;Diurna;Buen Tiempo;De alcance,Múltiple;Ciclista;Colisión;Ninguna;Faltante
2416;2021;3/4/2021;Sabado;20:25:00;;0.0;2;Automóvil,Moto/Ciclomotor;A Lezama Y Pte. Perón;3;1;0;2;0;0;Calle;VERA;Vera;Asfalto;No existe;XIX;Dentro;Urbana;Otra Señal;No existe;Intersección;Bueno;Reducida;Nocturna;Buen Tiempo;De alcance,Múltiple;S/D;Colisión;Ninguna;Horizontal
2417;2021;3/4/2021;Sabado;06:20:00;;0.0;2;Automóvil,Moto/Ciclomotor;Av. Blas Parera Y Fray C Rodríguez;2;1;0;1;0;0;Avenida;SANTA FE;La Capital;Asfalto;No existe;I;Dentro;Urbana;Otra Señal;Funciona;Intersección;Bueno;Buena;Nocturna,Con luz artificial;Buen Tiempo;De alcance,Múltiple;S/D;Colisión;Ninguna;Horizontal,Vertical
2418;2021;3/4/2021;Sabado;19:15:00;;0.0;2;Moto/Ciclomotor,Automóvil;Av. Peñaloza 5449;2;1;0;1;0;0;Avenida;SANTA FE;La Capital;Asfalto;No existe;I;Dentro;Urbana;Otra Señal;Funciona;Intersección;Bueno;Buena;Atardecer;Buen Tiempo;De alcance,Múltiple;S/D;Colisión;Ninguna;Horizontal,Vertical
2419;2021;3/4/2021;Sabado;17:30:00;;0.0;2;Moto/Ciclomotor,Automóvil;Centeno Y España;2;1;0;1;0;0;Calle;ROSARIO;Rosario;Asfalto;No existe;II;Dentro;Urbana;Otra Señal;No existe;Intersección;Bueno;Buena;Diurna;Buen Tiempo;De alcance,Múltiple;S/D;Colisión;Ninguna;Faltante
2420;2021;3/4/2021;Sabado;09:35:00;;0.0;2;Automóvil,Automóvil;Bv. Seguí Y Sarmiento;2;1;0;1;0;0;Avenida;ROSARIO;Rosario;Asfalto;No existe;II;Dentro;Urbana;Otra Señal;No existe;Intersección;Bueno;Buena;Diurna;Buen Tiempo;De alcance,Múltiple;S/D;Colisión;Ninguna;Horizontal
2421;2021;3/4/2021;Sabado;13:50:00;;0.0;2;Moto/Ciclomotor,Automóvil; ;3;1;0;2;0;0;Calle;SANTA FE;La Capital;Asfalto;S/D;I;Dentro;Urbana;Otra Señal;S/D;Intersección;S/D;S/D;Diurna;Buen Tiempo;De alcance,Múltiple;S/D;Colisión;Ninguna;Faltante
2422;2021;3/4/2021;Sabado;03:30:00;;0.0;1;Moto/Ciclomotor;Av. Peñaloza Y Reg. 12 de Infantería;2;1;0;1;0;0;Avenida;SANTA FE;La Capital;Asfalto;No existe;I;Dentro;Urbana;Otra Señal;Funciona;Intersección;Bueno;Buena;Nocturna,Con luz artificial;Buen Tiempo;De alcance,Múltiple;S/D;Colisión;Ninguna;Horizontal,Vertical
2423;2021;3/4/2021;Sabado;18:00:00;Ruta Provincial 1;0.0;1;Moto/Ciclomotor;IBIRA PITA Y RP 1;1;1;0;0;0;0;Ruta;COLASTINE;La Capital;Asfalto;Natural;I;Dentro;Urbana;Otra Señal;No existe;Intersección;Bueno;Buena;Diurna;Buen Tiempo;De alcance,Múltiple;S/D;Colisión;Ninguna;Faltante
2424;2021;3/4/2021;Sabado;05:20:00;Ruta Nacional 11;0.0;1;Moto/Ciclomotor;Av. L de la Torre-Ruta Nac 11 Y Sáenz PEÑA;3;3;0;0;0;0;Ruta;CORONDA;San JERÓNIMO;Asfalto;Ripio;XV;Dentro;Urbana;Otra Señal;Funciona;Intersección;Bueno;Buena;Nocturna;Buen Tiempo;De alcance,Múltiple;S/D;Colisión;Ninguna;Horizontal,Vertical
2425;2021;3/4/2021;Sabado;;;0.0;2;Automóvil,Moto/Ciclomotor;1ro de Mayo Y E Zeballos;2;1;0;1;0;0;Calle;SUNCHALES;Castellanos;Asfalto;No existe;V;Dentro;Urbana;Otra Señal;No existe;Intersección;Bueno;Buena;S/D;Buen Tiempo;De alcance,Múltiple;S/D;Colisión;Ninguna;Faltante
2426;2021;3/4/2021;Sabado;;;0.0;2;Automóvil,Automóvil;Balcarce Y San Luis;4;4;0;0;0;0;Calle;SANTA FE;La Capital;Asfalto;No existe;I;Dentro;Urbana;Otra Señal;No existe;Intersección;Bueno;Buena;Diurna;Buen Tiempo;De alcance,Múltiple;S/D;Colisión;Ninguna;Horizontal,Vertical
2427;2021;3/4/2021;Sabado;12:20:00;;0.0;2;Automóvil,Automóvil;Calle 23-Gral López Y Calle 8-Chacabuco;2;1;0;1;0;0;Calle;RECONQUISTA;General Obligado;Asfalto;No existe;IX;Dentro;Urbana;Otra Señal;No existe;Intersección;Bueno;Buena;Diurna;Buen Tiempo;De alcance,Múltiple;S/D;Colisión;Ninguna;Faltante
2428;2021;3/4/2021;Sabado;;Ruta Nacional 11;0.0;2;Automóvil,Camión;Calle 13 Y Ruta Nacional 11;4;2;0;2;0;0;Ruta;AVELLANEDA;General Obligado;Asfalto;No existe;IX;Dentro;Urbana;Otra Señal;No existe;Intersección;Bueno;Buena;S/D;Buen Tiempo;De alcance,Múltiple;S/D;Colisión;Ninguna;Horizontal,Vertical
2429;2021;3/4/2021;Sabado;19:15:00;Autopista Provincial Brigadier E.LÓPEZ;154.5;1;Pickup/Utilitario;Av. Circunvalación ;1;0;0;0;1;0;Autopista;SANTA FE;La Capital;Asfalto;Natural;I;S/D;Rural;Otra Señal;Funciona;Intersección;Bueno;Buena;Atardecer;Buen Tiempo;De alcance,Múltiple;S/D;Colisión;Ninguna;Vertical
2430;2021;3/4/2021;Sabado;03:45:00;Ruta Nacional 33;621.0;2;Moto/Ciclomotor,Camión c / Acoplado;Ruta Nac 33 ;2;0;0;1;1;0;Ruta;VENADO TUERTO;General LÓPEZ;Asfalto;Pavimento;VIII;S/D;Rural;Otra Señal;No existe;Intersección;Bueno;S/D;Nocturna;S/D;De alcance,Múltiple;S/D;Colisión;Ninguna;Faltante
2431;2021;3/4/2021;Sabado;06:40:00;Ruta Nacional 33;737.5;1;Automóvil; Ruta Nac 33 ;1;0;0;0;1;0;Ruta;CASILDA;Caseros;Asfalto;Natural;IV;S/D;Rural;Otra Señal;No existe;Intersección;Bueno;S/D;Nocturna;S/D;De alcance,Múltiple;S/D;Colisión;Ninguna;Faltante
2432;2021;3/4/2021;Sabado;12:40:00;;0.0;1;Moto/Ciclomotor;Pasco Y Sarmiento;1;1;0;0;0;0;Calle;ROSARIO;Rosario;Asfalto;No existe;II;Dentro;Urbana;Otra Señal;No existe;Intersección;Bueno;S/D;Diurna;S/D;Múltiple;S/D;Colisión;S/D;Horizontal
2433;2021;3/4/2021;Sabado;04:30:00;;0.0;1;Moto/Ciclomotor;Av. Ovidio Lagos 700;1;1;0;0;0;0;Avenida;ROSARIO;Rosario;Asfalto;No existe;II;Dentro;Urbana;Otra Señal;No existe;Intersección;Bueno;S/D;Nocturna;S/D;Múltiple;S/D;Colisión;S/D;Horizontal
2434;2021;3/4/2021;Sabado;16:30:00;Autopista Nacional A008;0.0;1;Moto/Ciclomotor;Av. Circunvalación Y Av. Pellegrini;1;1;0;0;0;0;Autopista;ROSARIO;Rosario;Asfalto;No existe;II;Dentro;Urbana;Otra Señal;No existe;Intersección;Bueno;S/D;Diurna;Buen Tiempo;Múltiple;S/D;Colisión;S/D;Horizontal