ID_Accidente;A�o;Fecha;Dia;Hopra;Ruta/Autop;km;Participantes;Tipo;Lugar;Total;Heridos Leves;Heridos Graves;Ilesos;Fallecidos;Sin datos;desc_tipo_via;desc_loc;desc_dpto;|;desc_tipo_banquina;desc_unidad_regional;desc_lugar_calzada;desc_zona;desc_prioridad;desc_estado_semaforo;desc_lugar_via;desc_estado_via;desc_estado_visibilidad;desc_luminosidad;desc_estado_clima;desc_tipo_colision;desc_tipo_atropello;desc_tipo_hecho;desc_pres_calzada;desc_senializacion
2435;2021;3/4/2021;Sabado;19:00:00;;0.0;1;Moto/Ciclomotor;Pueyrredón Y Virasoro;1;1;0;0;0;0;Calle;ROSARIO;Rosario;Asfalto;No existe;II;Dentro;Urbana;Otra Señal;No existe;Intersección;Bueno;S/D;Diurna;S/D;Múltiple;S/D;Colisión;S/D;Horizontal
2436;2021;3/4/2021;Sabado;20:30:00;;0.0;1;Moto/Ciclomotor;Dr. Rivas Y San Nicolas;1;1;0;0;0;0;Calle;ROSARIO;Rosario;Asfalto;No existe;II;Dentro;Urbana;Otra Señal;No existe;Intersección;Bueno;S/D;Nocturna;S/D;Múltiple;S/D;Colisión;S/D;Faltante
2437;2021;3/4/2021;Sabado;18:00:00;;0.0;1;Moto/Ciclomotor; ;1;1;0;0;0;0;S/D;ROSARIO;Constitución;S/D;S/D;II;S/D;S/D;Otra Señal;S/D;Intersección;S/D;S/D;Diurna;S/D;Múltiple;S/D;Colisión;S/D;S/D
2438;2021;3/4/2021;Sabado;22:00:00;;0.0;1;Bicicleta; ;1;1;0;0;0;0;S/D;ROSARIO;Constitución;S/D;S/D;II;S/D;S/D;Otra Señal;S/D;Intersección;S/D;S/D;Nocturna;S/D;Múltiple;S/D;Colisión;S/D;S/D
2439;2021;3/4/2021;Sabado;19:50:00;Ruta Nacional 9;0.0;2;Moto/Ciclomotor,Automóvil;Acevedo Bis Y Av. Eva Perón;2;0;0;0;0;1;Ruta;ROSARIO;Constitución;Asfalto;Natural;II;Dentro;Urbana;Otra Señal;Funciona;Intersección;Bueno;Buena;Atardecer,Con luz artificial;Buen Tiempo;Múltiple;S/D;Colisión;Ninguna;Horizontal,Vertical
2440;2021;3/4/2021;Sabado;19:30:00;;0.0;2;Automóvil,Moto/Ciclomotor;J.Colombres Y Santa Fe;2;0;0;1;0;0;Calle;ROSARIO;Constitución;Asfalto;No existe;II;Dentro;Urbana;Otra Señal;No existe;Intersección;Bueno;Buena;Nocturna,Con luz artificial;Buen Tiempo;Múltiple;S/D;Colisión;Ninguna;Faltante
2441;2021;3/4/2021;Sabado;18:30:00;;0.0;2;Moto/Ciclomotor,Automóvil;Antonio Podio ;2;0;0;1;0;0;Avenida;RAFAELA;Constitución;Asfalto;No existe;V;Dentro;Urbana;Otra Señal;S/D;Intersección;S/D;Buena;Diurna;S/D;Múltiple;S/D;Colisión;S/D;S/D
2442;2021;3/4/2021;Sabado;;;0.0;2;Moto/Ciclomotor,Automóvil;Gabriel Maggi Y Perusia;4;0;0;1;0;2;Calle;RAFAELA;Constitución;Ripio;No existe;V;Dentro;Urbana;Otra Señal;No existe;Intersección;Bueno;Buena;Diurna;Buen Tiempo;Múltiple;S/D;Colisión;Ninguna;Faltante
2443;2021;3/4/2021;Sabado;20:35:00;Ruta Nacional 175;0.0;2;Moto/Ciclomotor,Bicicleta;Córdoba Y Falucho;2;1;0;0;0;0;Ruta;PUERTO SAN MARTÍN;Constitución;Asfalto;No existe;XVII;Dentro;Urbana;Otra Señal;No existe;Intersección;Bueno;Buena;Nocturna;Buen Tiempo;Múltiple;Ciclista;Colisión;Ninguna;Horizontal
2444;2021;3/4/2021;Sabado;;;0.0;2;Moto/Ciclomotor,Automóvil;J Abele Y Tucumán;4;0;0;1;0;0;Calle;RAFAELA;Castellanos;Asfalto;No existe;V;Dentro;Urbana;Ninguna;No existe;Intersección;Bueno;Buena;Diurna;Buen Tiempo;S/D;S/D;Colisión;Ninguna;Faltante
2445;2021;4/4/2021;Domingo;04:00:00;;0.0;2;Pickup/Utilitario,Automóvil;Av. Francia Y Av. Uriburu;2;1;0;1;0;0;Avenida;ROSARIO;Rosario;Asfalto;No existe;II;Dentro;Urbana;Otra Señal;Funciona;Intersección;Bueno;Buena;Nocturna;Buen Tiempo;De alcance;S/D;Colisión;Ninguna;Horizontal,Vertical
2446;2021;4/4/2021;Domingo;03:35:00;;0.0;2;Vehículo Oficial,Vehículo Oficial;Roullon 3800;4;1;0;3;0;0;Calle;ROSARIO;Rosario;Asfalto;Pavimento;II;Dentro;Urbana;Otra Señal;No existe;Intersección;Bueno;Buena;Diurna;Buen Tiempo;De alcance;S/D;Colisión;Ninguna;Faltante
2447;2021;4/4/2021;Domingo;21:00:00;;0.0;2;Moto/Ciclomotor,Automóvil;25 de Mayo Y Bv Pellegrini;2;1;0;1;0;0;Avenida;SANTA FE;La Capital;Asfalto;No existe;I;Dentro;Urbana;Otra Señal;Funciona;Intersección;Bueno;Buena;Nocturna,Con luz artificial;Buen Tiempo;De alcance,Múltiple;S/D;Colisión;Ninguna;Horizontal,Vertical
2448;2021;4/4/2021;Domingo;05:20:00;;0.0;2;Automóvil,Automóvil;Casilda Y Suiza;2;1;0;1;0;0;Calle;ROSARIO;Rosario;Asfalto;No existe;II;Dentro;Urbana;Otra Señal;No existe;Intersección;Bueno;Buena;Diurna;Buen Tiempo;De alcance,Múltiple;S/D;Colisión;Ninguna;Faltante
2449;2021;4/4/2021;Domingo;15:40:00;;0.0;2;Moto/Ciclomotor,Automóvil;Molina 1900;2;1;0;1;0;0;Calle;ROSARIO;Rosario;Asfalto;No existe;II;Dentro;Urbana;Otra Señal;No existe;Intersección;Bueno;Buena;Diurna;Buen Tiempo;De alcance,Múltiple;S/D;Colisión;Ninguna;Horizontal
2450;2021;4/4/2021;Domingo;13:55:00;Ruta Nacional 34;298.0;1;Pickup/Utilitario; ;2;2;0;0;0;0;Ruta;LAS PALMERAS;San CRISTÓBAL;Asfalto;Natural;XIII;Dentro;Rural;Otra Señal;No existe;Recta;Bueno;Buena;Diurna;Buen Tiempo;De alcance,Múltiple;S/D;Colisión;Ninguna;Horizontal
2451;2021;4/4/2021;Domingo;02:20:00;Ruta Nacional 11;540.0;1;Transporte de Pasajeros Larga Distancia (Piso  y  1/2); ;30;1;0;29;0;0;Ruta;VIDELA;San Justo;Asfalto;Natural;XVI;Dentro;Rural;Otra Señal;No existe;Recta;Deteriorada;Reducida;Nocturna;Buen Tiempo;De alcance,Múltiple;S/D;Colisión;Ninguna;Horizontal
2452;2021;4/4/2021;Domingo;09:10:00;Ruta Nacional 11;0.0;2;Automóvil,Pickup/Utilitario;PUENTE CARRETERO ;5;3;0;2;0;0;Ruta;SANTA FE;La Capital;Asfalto;No existe;I;Dentro;Urbana;Otra Señal;No existe;Recta;Bueno;Buena;Diurna;Buen Tiempo;De alcance,Múltiple;S/D;Colisión;Ninguna;Horizontal
2453;2021;4/4/2021;Domingo;13:40:00;;0.0;2;Moto/Ciclomotor,Moto/Ciclomotor;9 de Julio Y Estanislao Zeballos;3;2;0;1;0;0;Calle;SANTA FE;La Capital;Asfalto;No existe;I;Dentro;Urbana;Otra Señal;No existe;Intersección;Bueno;Buena;Diurna;Buen Tiempo;De alcance,Múltiple;S/D;Colisión;Ninguna;Faltante
2454;2021;4/4/2021;Domingo;19:55:00;Autopista Nacional A008;0.0;2;Moto/Ciclomotor,Automóvil;Av. Circunvalación Y Bv. Oroño;2;1;0;1;0;0;Autopista;ROSARIO;Rosario;Asfalto;Pavimento;II;Dentro;Urbana;Otra Señal;Funciona;Intersección;Bueno;Buena;Atardecer;Buen Tiempo;De alcance,Múltiple;S/D;Colisión;Ninguna;Horizontal,Vertical
2455;2021;4/4/2021;Domingo;;;0.0;2;Moto/Ciclomotor,Pickup/Utilitario;J B Justo Y Manuel Roca;2;1;0;1;0;0;Calle;RUFINO;General LÓPEZ;Asfalto;No existe;VIII;Dentro;Urbana;Otra Señal;S/D;Intersección;Bueno;Buena;S/D;Buen Tiempo;De alcance,Múltiple;S/D;Colisión;Ninguna;S/D
2456;2021;4/4/2021;Domingo;17:30:00;;0.0;2;Pickup/Utilitario,Moto/Ciclomotor;Belgrano Y Vélez Sarsfield;2;1;0;1;0;0;Calle;CARLOS PELLEGRINI;San MARTÍN;Asfalto;No existe;XVIII;Dentro;Urbana;Otra Señal;No existe;Intersección;Bueno;Buena;Diurna;Buen Tiempo;De alcance,Múltiple;S/D;Colisión;Ninguna;Faltante
2457;2021;4/4/2021;Domingo;;Ruta Nacional 9;0.0;2;Camión c / Semirremolque,Moto/Ciclomotor;Buenos Aires Y Ruta Nacional 9;3;2;0;1;0;0;Ruta;ROLDÁN;San Lorenzo;Asfalto;No existe;XVII;Dentro;Urbana;Otra Señal;No existe;Intersección;Bueno;Buena;Diurna;Buen Tiempo;De alcance,Múltiple;S/D;Colisión;Ninguna;Horizontal
2458;2021;4/4/2021;Domingo;08:30:00;Ruta Nacional 33;715.0;2;Automóvil,Camión; ;4;3;0;1;0;0;Ruta;CHABAS;Caseros;Asfalto;Natural;IV;Dentro;Rural;Otra Señal;No existe;Intersección;Bueno;Buena;Diurna;Buen Tiempo;De alcance,Múltiple;S/D;Colisión;Ninguna;Horizontal
2459;2021;4/4/2021;Domingo;00:25:00;;0.0;1;Moto/Ciclomotor;Calle 28 - San Lorenzo Y Calle 29-Alte Brown;1;1;0;0;0;0;Calle;RECONQUISTA;General Obligado;Asfalto;No existe;IX;Dentro;Urbana;Otra Señal;No existe;Intersección;Bueno;Buena;Diurna;Buen Tiempo;De alcance,Múltiple;S/D;Colisión;Ninguna;Faltante
2460;2021;4/4/2021;Domingo;06:20:00;;0.0;1;Moto/Ciclomotor;Calle 62 900;1;1;0;0;0;0;Calle;RECONQUISTA;General Obligado;S/D;No existe;IX;Dentro;Urbana;Otra Señal;S/D;Intersección;S/D;Buena;Diurna;S/D;De alcance,Múltiple;S/D;Colisión;S/D;S/D
2461;2021;4/4/2021;Domingo;12:35:00;;0.0;2;Automóvil,Moto/Ciclomotor;Calle 33-Pueyrredon Y Calle 4 - Ledesma;2;1;0;1;0;0;Calle;RECONQUISTA;General Obligado;Asfalto,Tierra;No existe;IX;Dentro;Urbana;Otra Señal;No existe;Intersección;Bueno;Buena;Diurna;Buen Tiempo;De alcance,Múltiple;S/D;Colisión;Ninguna;Faltante
2462;2021;4/4/2021;Domingo;19:20:00;Ruta Secundaria 80-s;94.0;2;Moto/Ciclomotor,Moto/Ciclomotor;Ruta Prov. 13 ;2;1;0;0;1;0;Ruta;HUMBERTO 1°;Castellanos;Asfalto;Natural;V;S/D;Rural;Otra Señal;No existe;Intersección;Bueno;Reducida;Nocturna;Buen Tiempo;De alcance,Múltiple;S/D;Colisión;Ninguna;Vertical
2463;2021;4/4/2021;Domingo;01:40:00;;0.0;1;Moto/Ciclomotor;Pasaje 18-20 Y Calle 119;1;0;0;0;1;0;Calle;RECONQUISTA;General Obligado;Asfalto;S/D;IX;S/D;Urbana;Otra Señal;S/D;Intersección;S/D;S/D;Nocturna;S/D;De alcance,Múltiple;S/D;Colisión;S/D;S/D
2464;2021;4/4/2021;Domingo;00:05:00;;0.0;1;Bicicleta;Colombia Y J.B.Justo;1;1;0;0;0;0;Calle;ROSARIO;Rosario;Asfalto;No existe;II;Dentro;Urbana;Otra Señal;No existe;Intersección;Bueno;S/D;Nocturna;S/D;Múltiple;S/D;Colisión;S/D;Faltante
2465;2021;4/4/2021;Domingo;20:00:00;Autopista Nacional A008;0.0;2;Automóvil,Automóvil;Av. Circunvalación Y San Martin;4;4;0;0;0;0;Autopista;ROSARIO;Rosario;Asfalto;No existe;II;Dentro;Urbana;Otra Señal;Funciona;Intersección;Bueno;S/D;Nocturna;S/D;Múltiple;S/D;Colisión;S/D;Vertical
2466;2021;4/4/2021;Domingo;13:30:00;;0.0;1;Moto/Ciclomotor; ;1;1;0;0;0;0;S/D;ROSARIO;Constitución;S/D;S/D;II;S/D;S/D;Otra Señal;S/D;Intersección;S/D;S/D;S/D;S/D;Múltiple;S/D;Colisión;S/D;S/D
2467;2021;4/4/2021;Domingo;20:45:00;;0.0;1;Bicicleta; ;1;1;0;0;0;0;S/D;ROSARIO;Constitución;S/D;S/D;II;S/D;S/D;Otra Señal;S/D;Intersección;S/D;S/D;Nocturna;S/D;Múltiple;S/D;Colisión;S/D;S/D
2468;2021;4/4/2021;Domingo;20:40:00;Ruta Provincial 4;0.0;1;Automóvil; ;5;1;0;3;0;0;Ruta;ELISA;Constitución;Ripio;No existe;XI;Dentro;Rural;Otra Señal;No existe;Intersección;Deteriorada;Reducida;Atardecer;Buen Tiempo;Múltiple;S/D;Colisión;Material Suelto;Faltante
2469;2021;4/4/2021;Domingo;18:00:00;;0.0;2;Pickup/Utilitario,Automóvil;AV MENDOZA Y JUAN PABLO II;2;0;0;1;0;0;Avenida;ROSARIO;Constitución;Asfalto;No existe;II;Dentro;Urbana;Otra Señal;Funciona;Intersección;Bueno;Buena;Diurna;Buen Tiempo;Múltiple;S/D;Colisión;Ninguna;Horizontal,Vertical
2470;2021;4/4/2021;Domingo;06:55:00;Ruta Provincial 21;0.0;1;Moto/Ciclomotor;Av. Gral. San Martin Y Av. Leandro Alem;1;0;0;0;0;0;Ruta;VILLA GOBERNADOR GÁLVEZ;Constitución;Asfalto;No existe;II;Dentro;Urbana;Otra Señal;Funciona;Intersección;Bueno;Buena;Nocturna,Con luz artificial;Buen Tiempo;Múltiple;S/D;Colisión;Ninguna;Horizontal,Vertical
2471;2021;4/4/2021;Domingo;06:10:00;;0.0;2;Automóvil,Moto/Ciclomotor;Bv. Avellaneda Y San Juan;2;0;0;1;0;0;Avenida;ROSARIO;Constitución;Asfalto;No existe;II;Dentro;Urbana;Otra Señal;No existe;Intersección;Bueno;Buena;Diurna;Buen Tiempo;Múltiple;S/D;Colisión;Ninguna;Faltante
2472;2021;4/4/2021;Domingo;;;0.0;1;Moto/Ciclomotor; ;1;0;0;0;0;0;S/D;MARGARITA;Constitución;S/D;S/D;XIX;S/D;S/D;Otra Señal;S/D;Intersección;S/D;S/D;S/D;S/D;Múltiple;S/D;Colisión;S/D;S/D
2473;2021;4/4/2021;Domingo;;;0.0;2;Peatón,Automóvil;24 De Setiembre Y España;3;0;0;2;0;0;Calle;ROSARIO;Constitución;Asfalto;No existe;II;Dentro;Urbana;Otra Señal;No existe;Intersección;Bueno;Buena;Diurna;Buen Tiempo;Múltiple;Peatón;Colisión;Ninguna;Faltante
2474;2021;4/4/2021;Domingo;06:50:00;Ruta Provincial 3;65.0;1;Automóvil; ;3;1;0;0;1;0;Ruta;GARABATO;Constitución;Asfalto;S/D;XIX;S/D;Rural;Otra Señal;S/D;Intersección;S/D;S/D;Nocturna;S/D;Múltiple;S/D;Colisión;S/D;S/D
2475;2021;5/4/2021;Lunes;17:35:00;;0.0;2;Peatón,Automóvil;Av. Battle y Ordoñez Y Mariano Moreno;2;1;0;1;0;0;Avenida;ROSARIO;Rosario;Asfalto;No existe;II;Dentro;Urbana;Otra Señal;Funciona;Intersección;Bueno;Buena;Diurna;Buen Tiempo;S/D;Peatón;Colisión;Ninguna;Horizontal
2476;2021;5/4/2021;Lunes;18:35:00;;0.0;1;Moto/Ciclomotor;Casilda Y Liniers;2;2;0;0;0;0;Calle;ROSARIO;Rosario;Asfalto;No existe;II;Dentro;Urbana;Otra Señal;No existe;Intersección;Bueno;Buena;Diurna;Buen Tiempo;Atropello animal;S/D;Colisión;Ninguna;Faltante
2477;2021;5/4/2021;Lunes;11:15:00;;0.0;2;Bicicleta,Automóvil;1 de Mayo Y Córdoba;2;1;0;1;0;0;Calle;ROSARIO;Rosario;Asfalto;No existe;II;Dentro;Urbana;Otra Señal;No existe;Intersección;Bueno;Buena;Diurna;Buen Tiempo;De alcance;S/D;Colisión;Ninguna;Horizontal
2478;2021;5/4/2021;Lunes;21:10:00;;0.0;2;Moto/Ciclomotor,Automóvil;Arenales Y Chacabuco;2;1;0;1;0;0;Calle;GRANADERO BAIGORRIA;Rosario;Asfalto;No existe;II;Dentro;Urbana;Otra Señal;No existe;Intersección;Bueno;Buena;Nocturna,Con luz artificial;Buen Tiempo;Lateral;S/D;Colisión;Ninguna;Horizontal
2479;2021;5/4/2021;Lunes;14:30:00;;0.0;2;Automóvil,Moto/Ciclomotor;Cayetano Silva Y Reconquista;3;2;0;1;0;0;Calle;ROSARIO;Rosario;Asfalto;No existe;II;Dentro;Urbana;Otra Señal;No existe;Intersección;Bueno;Buena;Nocturna,Con luz artificial;Buen Tiempo;De alcance,Múltiple;S/D;Colisión;Ninguna;Faltante
2480;2021;5/4/2021;Lunes;11:45:00;;0.0;2;Moto/Ciclomotor,Pickup/Utilitario;Bv. Rondeau Y Martin Fierro;2;1;0;1;0;0;Avenida;ROSARIO;Rosario;Asfalto;Pavimento;II;Dentro;Urbana;Otra Señal;Funciona;Intersección;Bueno;Buena;Diurna;Buen Tiempo;De alcance,Múltiple;S/D;Colisión;Ninguna;Horizontal,Vertical
2481;2021;5/4/2021;Lunes;12:35:00;;0.0;2;Moto/Ciclomotor,Pickup/Utilitario;Caseros Y Pringles;2;1;0;1;0;0;Calle;SAN CRISTÓBAL;San CRISTÓBAL;Asfalto;No existe;XIII;Dentro;Urbana;Otra Señal;No existe;Intersección;Bueno;S/D;Diurna;Lluvia;De alcance,Múltiple;S/D;Colisión;Agua;Faltante
2482;2021;5/4/2021;Lunes;19:00:00;;0.0;2;Moto/Ciclomotor,Automóvil;Dorrego ;2;1;0;1;0;0;Calle;ROSARIO;Rosario;Asfalto;No existe;II;Dentro;Urbana;Otra Señal;No existe;Intersección;Bueno;Buena;Atardecer,Con luz artificial;Buen Tiempo;De alcance,Múltiple;S/D;Colisión;Ninguna;Faltante
2483;2021;5/4/2021;Lunes;21:25:00;;0.0;2;Moto/Ciclomotor,Pickup/Utilitario;José Diaz Y Padre Catena;2;1;0;1;0;0;Calle;SANTA FE;La Capital;Asfalto;No existe;I;Dentro;Urbana;Otra Señal;Funciona;Intersección;Bueno;Buena;Nocturna,Con luz artificial;Buen Tiempo;De alcance,Múltiple;S/D;Colisión;Ninguna;Faltante
2484;2021;5/4/2021;Lunes;04:30:00;;0.0;2;Moto/Ciclomotor,Automóvil;Av. Urquiza Y Risso;3;2;0;1;0;0;Avenida;SANTA FE;La Capital;Asfalto;No existe;I;Dentro;Urbana;Otra Señal;No existe;Intersección;Bueno;Buena;Nocturna,Con luz artificial;Buen Tiempo;De alcance,Múltiple;S/D;Colisión;Ninguna;Faltante
2485;2021;5/4/2021;Lunes;22:50:00;;0.0;2;Moto/Ciclomotor,Automóvil;Av. Facundo Zuviria Y Iturraspe;3;2;0;1;0;0;Avenida;SANTA FE;La Capital;Asfalto;No existe;I;Dentro;Urbana;Otra Señal;Funciona;Intersección;Bueno;Buena;Nocturna,Con luz artificial;Buen Tiempo;De alcance,Múltiple;S/D;Colisión;Ninguna;Horizontal,Vertical
2486;2021;5/4/2021;Lunes;18:30:00;;0.0;2;Moto/Ciclomotor,Bicicleta;Gral. Enrique Mosconi Y Pres Domingo Faustino Sarmiento;2;1;0;1;0;0;Calle;SANTO TOMÉ;La Capital;Tierra;No existe;I;Dentro;Urbana;Otra Señal;No existe;Intersección;Bueno;Buena;Atardecer;Buen Tiempo;De alcance,Múltiple;Ciclista;Colisión;Ninguna;Faltante
2487;2021;5/4/2021;Lunes;;;0.0;2;Otros,Moto/Ciclomotor;Cerrito Y Matienzo;3;1;0;0;0;2;Calle;ROSARIO;Rosario;Asfalto;No existe;II;Dentro;Urbana;Otra Señal;No existe;Intersección;Bueno;Buena;Diurna;Buen Tiempo;De alcance,Múltiple;S/D;Colisión;Ninguna;Faltante
2488;2021;5/4/2021;Lunes;04:00:00;;0.0;3;Peatón,Automóvil,Automóvil;Av. Uriburu 3460;3;1;0;0;0;2;Avenida;ROSARIO;Rosario;Asfalto;No existe;II;Dentro;Urbana;Otra Señal;No existe;Intersección;Bueno;Buena;Diurna;Buen Tiempo;De alcance,Múltiple;Peatón;Colisión;Ninguna;Horizontal
2489;2021;5/4/2021;Lunes;;;0.0;2;Moto/Ciclomotor,Moto/Ciclomotor; ;3;3;0;0;0;0;S/D;ESPERANZA;Las Colonias;S/D;S/D;XI;S/D;S/D;Otra Señal;S/D;Intersección;S/D;S/D;S/D;S/D;De alcance,Múltiple;S/D;Colisión;S/D;S/D
2490;2021;5/4/2021;Lunes;19:00:00;Ruta Nacional 11;0.0;1;Moto/Ciclomotor;Av. L de la Torre-Ruta Nac 11 2400;1;1;0;0;0;0;Ruta;CORONDA;San JERÓNIMO;Asfalto;No existe;XV;Dentro;Urbana;Otra Señal;No existe;Intersección;Bueno;Buena;Diurna;Buen Tiempo;De alcance,Múltiple;S/D;Colisión;Ninguna;Horizontal,Vertical
2491;2021;5/4/2021;Lunes;12:15:00;;0.0;2;Moto/Ciclomotor,Camión;Bme Mitre Y Nazareno C Rossi;3;2;0;1;0;0;Calle;GÁLVEZ;San JERÓNIMO;Asfalto;No existe;XV;Dentro;Urbana;Otra Señal;No existe;Intersección;Bueno;Buena;Diurna;Buen Tiempo;De alcance,Múltiple;S/D;Colisión;Ninguna;Faltante
2492;2021;5/4/2021;Lunes;11:55:00;;0.0;2;Moto/Ciclomotor,Automóvil;Pbro. d Balbiano Y Salta;2;1;0;1;0;0;Avenida;GÁLVEZ;San JERÓNIMO;Asfalto;No existe;XV;Dentro;Urbana;Otra Señal;Funciona;Intersección;Bueno;Buena;Diurna;Buen Tiempo;De alcance,Múltiple;S/D;Colisión;Ninguna;Horizontal,Vertical
2493;2021;5/4/2021;Lunes;00:10:00;;0.0;2;Automóvil,Moto/Ciclomotor; ;2;1;0;1;0;0;S/D;CAÑADA ROSQUÍN;San MARTÍN;S/D;S/D;XVIII;S/D;S/D;Otra Señal;S/D;Intersección;S/D;S/D;S/D;S/D;De alcance,Múltiple;S/D;Colisión;S/D;S/D
2494;2021;5/4/2021;Lunes;08:00:00;Ruta Nacional 33;0.0;2;Automóvil,Pickup/Utilitario;Alberto de Brouckere Y Ruta Nac 33;5;3;0;2;0;0;Ruta;VENADO TUERTO;General LÓPEZ;Asfalto;Ripio;VIII;Dentro;Urbana;Otra Señal;No existe;Intersección;Bueno;Buena;Diurna;Buen Tiempo;De alcance,Múltiple;S/D;Colisión;Ninguna;Horizontal,Vertical
2495;2021;5/4/2021;Lunes;;;0.0;2;Pickup/Utilitario,Moto/Ciclomotor;Bv G L Lehmann 400;2;1;0;1;0;0;Avenida;RAFAELA;Castellanos;Asfalto;No existe;V;Dentro;Urbana;Otra Señal;No existe;Intersección;Bueno;Buena;Diurna;Buen Tiempo;De alcance,Múltiple;S/D;Colisión;Ninguna;Faltante
2496;2021;5/4/2021;Lunes;10:00:00;;0.0;1;Bicicleta;3 De Febrero Y Italia;1;1;0;0;0;0;Calle;ROSARIO;Rosario;Asfalto;No existe;II;Dentro;Urbana;Otra Señal;No existe;Intersección;Bueno;S/D;Diurna;S/D;Múltiple;S/D;Colisión;S/D;Horizontal
2497;2021;5/4/2021;Lunes;14:00:00;;0.0;1;Bicicleta;Bv. 27 De Febrero 3;1;1;0;0;0;0;Avenida;ROSARIO;Rosario;Asfalto;No existe;II;Dentro;Urbana;Otra Señal;No existe;Intersección;Bueno;S/D;Diurna;S/D;Múltiple;S/D;Colisión;S/D;Faltante
2498;2021;5/4/2021;Lunes;18:00:00;;0.0;1;Bicicleta;Av. Francia Y Av. Luis Carballo;1;1;0;0;0;0;Avenida;ROSARIO;Rosario;Asfalto;No existe;II;Dentro;Urbana;Otra Señal;Funciona;Intersección;Bueno;S/D;Diurna;S/D;Múltiple;S/D;Colisión;S/D;Horizontal,Vertical
2499;2021;5/4/2021;Lunes;10:55:00;Ruta Secundaria 31-s;0.0;2;Pickup/Utilitario,Bicicleta;Avenida Carlos Pellegrini Y Mitre;2;1;0;1;0;0;Ruta;SAN JOSÉ DE LA ESQUINA;Constitución;Asfalto;No existe;IV;Dentro;Urbana;Otra Señal;No existe;Intersección;Bueno;S/D;Diurna;Buen Tiempo;Múltiple;Ciclista;Colisión;Ninguna;Vertical
2500;2021;5/4/2021;Lunes;09:00:00;;0.0;1;Moto/Ciclomotor; ;1;1;0;0;0;0;S/D;ROSARIO;Constitución;S/D;S/D;II;S/D;S/D;Otra Señal;S/D;Intersección;S/D;S/D;Diurna;S/D;Múltiple;S/D;Colisión;S/D;S/D
2501;2021;5/4/2021;Lunes;16:00:00;;0.0;1;Moto/Ciclomotor; ;1;1;0;0;0;0;S/D;ROSARIO;Constitución;S/D;S/D;II;S/D;S/D;Otra Señal;S/D;Intersección;S/D;S/D;Diurna;S/D;Múltiple;S/D;Colisión;S/D;S/D
2502;2021;5/4/2021;Lunes;19:00:00;;0.0;1;Moto/Ciclomotor; ;1;1;0;0;0;0;S/D;ROSARIO;Constitución;S/D;S/D;II;S/D;S/D;Otra Señal;S/D;Intersección;S/D;S/D;Nocturna;S/D;Múltiple;S/D;Colisión;S/D;S/D
2503;2021;5/4/2021;Lunes;10:30:00;;0.0;2;Transporte de Pasajeros Urbano (> 8 asientos),Moto/Ciclomotor;Guido y Spano Y Pueyrredón;2;0;0;1;0;0;Calle;FIGHIERA;Constitución;Asfalto;No existe;II;Dentro;Urbana;Otra Señal;No existe;Intersección;Bueno;Buena;Diurna;Buen Tiempo;Múltiple;S/D;Colisión;Ninguna;Faltante
2504;2021;5/4/2021;Lunes;20:00:00;;0.0;2;Moto/Ciclomotor,Moto/Ciclomotor;Azopardo Y Don Guanella;2;1;0;0;0;0;Calle;SANTA FE;Constitución;Asfalto;S/D;I;Dentro;Urbana;Otra Señal;No existe;Intersección;Bueno;Buena;Atardecer;Buen Tiempo;Múltiple;S/D;Colisión;Ninguna;Faltante
2505;2021;5/4/2021;Lunes;;Autopista Nacional A008;0.0;2;Moto/Ciclomotor,Transporte de Pasajeros Urbano (> 8 asientos);Av. Circunvalación Y Av. Uriburu;2;0;0;1;0;0;Autopista;ROSARIO;Constitución;Asfalto;Pavimento;II;Dentro;Urbana;Otra Señal;No existe;Intersección;Bueno;Buena;Diurna;Buen Tiempo;Múltiple;S/D;Colisión;Ninguna;Horizontal
2506;2021;5/4/2021;Lunes;23:10:00;;0.0;1;Bicicleta;Virasoro ;1;0;0;0;0;0;S/D;ROSARIO;Constitución;Asfalto;S/D;II;Dentro;Urbana;Otra Señal;S/D;Intersección;S/D;S/D;S/D;S/D;Múltiple;S/D;Colisión;S/D;S/D
2507;2021;6/4/2021;Martes;10:00:00;;0.0;2;Pickup/Utilitario,Moto/Ciclomotor;Mitre Y Pedro Ríos;3;2;0;1;0;0;Calle;FUNES;Rosario;Asfalto;Natural;II;Dentro;Urbana;Otra Señal;No existe;Intersección;Bueno;Buena;Diurna;Buen Tiempo;S/D;S/D;Colisión;Ninguna;Vertical
2508;2021;6/4/2021;Martes;11:05:00;Ruta Provincial 2;0.0;2;Camión c / Acoplado,Moto/Ciclomotor;Av. Córdoba Y Av. L de la Torre;2;1;0;1;0;0;Ruta;LAGUNA PAIVA;La Capital;Asfalto;No existe;I;Dentro;Urbana;Otra Señal;No existe;Intersección;Bueno;Buena;Diurna;Buen Tiempo;De alcance,Múltiple;S/D;Colisión;Ninguna;Horizontal