ID_Accidente;A�o;Fecha;Dia;Hopra;Ruta/Autop;km;Participantes;Tipo;Lugar;Total;Heridos Leves;Heridos Graves;Ilesos;Fallecidos;Sin datos;desc_tipo_via;desc_loc;desc_dpto;|;desc_tipo_banquina;desc_unidad_regional;desc_lugar_calzada;desc_zona;desc_prioridad;desc_estado_semaforo;desc_lugar_via;desc_estado_via;desc_estado_visibilidad;desc_luminosidad;desc_estado_clima;desc_tipo_colision;desc_tipo_atropello;desc_tipo_hecho;desc_pres_calzada;desc_senializacion
2509;2021;6/4/2021;Martes;20:20:00;;0.0;1;Bicicleta;Callao Y San Juan;1;1;0;0;0;0;Calle;ROSARIO;Rosario;Asfalto;No existe;II;Dentro;Urbana;Otra Señal;Funciona;Recta;Bueno;Buena;Nocturna,Con luz artificial;Buen Tiempo;De alcance,Múltiple;S/D;Colisión;Ninguna;Horizontal,Vertical
2510;2021;6/4/2021;Martes;16:00:00;;0.0;1;Moto/Ciclomotor;Cerrito Y Laprida;2;1;0;1;0;0;Calle;ROSARIO;Rosario;Asfalto;No existe;II;Dentro;Urbana;Otra Señal;No existe;Intersección;Bueno;Buena;Diurna;Buen Tiempo;De alcance,Múltiple;S/D;Colisión;Ninguna;Vertical
2511;2021;6/4/2021;Martes;09:25:00;;0.0;2;Automóvil,Moto/Ciclomotor;Irigoyen Freyre Y Rivadavia;2;1;0;1;0;0;Calle;SANTA FE;La Capital;Asfalto;No existe;I;Dentro;Urbana;Otra Señal;Funciona;Intersección;Bueno;Buena;Diurna;Buen Tiempo;De alcance,Múltiple;S/D;Colisión;Ninguna;Horizontal,Vertical
2512;2021;6/4/2021;Martes;10:45:00;;0.0;2;Bicicleta,Automóvil;San Martin Y Suipacha;2;1;0;1;0;0;Calle;SANTA FE;La Capital;Asfalto;No existe;I;Dentro;Urbana;Otra Señal;Funciona;Intersección;Bueno;Buena;Diurna;Buen Tiempo;De alcance,Múltiple;Ciclista;Colisión;Ninguna;Faltante
2513;2021;6/4/2021;Martes;09:00:00;;0.0;2;Moto/Ciclomotor,Moto/Ciclomotor;Albert Sabin Y Rubén Darío;2;1;0;1;0;0;Avenida;ROSARIO;Rosario;Asfalto;No existe;II;Dentro;Urbana;Otra Señal;No existe;Intersección;Bueno;Buena;Diurna;Buen Tiempo;De alcance,Múltiple;S/D;Colisión;Ninguna;Horizontal,Vertical
2514;2021;6/4/2021;Martes;11:40:00;;0.0;2;Automóvil,Moto/Ciclomotor;Av. J J Paso Y San Lorenzo;2;1;0;1;0;0;Avenida;SANTA FE;La Capital;Asfalto;No existe;I;Dentro;Urbana;Otra Señal;Funciona;Intersección;Bueno;Buena;Diurna;Buen Tiempo;De alcance,Múltiple;S/D;Colisión;Ninguna;Horizontal,Vertical
2515;2021;6/4/2021;Martes;17:45:00;;0.0;2;Pickup/Utilitario,Moto/Ciclomotor;Av. Freyre Y Moreno;2;1;0;1;0;0;Avenida;SANTA FE;La Capital;Asfalto;No existe;I;Dentro;Urbana;Otra Señal;Funciona;Intersección;Bueno;Buena;Diurna;Buen Tiempo;De alcance,Múltiple;S/D;Colisión;Ninguna;Vertical
2516;2021;6/4/2021;Martes;19:00:00;Ruta Nacional 11;0.0;3;Automóvil,Automóvil,Moto/Ciclomotor;PUENTE CARRETERO ;3;2;0;1;0;0;Ruta;SANTA FE;La Capital;Asfalto;No existe;I;Dentro;Urbana;Otra Señal;No existe;Recta;Bueno;Buena;Atardecer;Buen Tiempo;De alcance,Múltiple;S/D;Colisión;Ninguna;Horizontal
2517;2021;6/4/2021;Martes;15:50:00;;0.0;2;Moto/Ciclomotor,Automóvil;Mariano Comas Y San Lorenzo;2;1;0;1;0;0;Calle;SANTA FE;La Capital;Asfalto;No existe;I;Dentro;Urbana;Otra Señal;Funciona;Intersección;Bueno;Buena;Diurna;Buen Tiempo;De alcance,Múltiple;S/D;Colisión;Ninguna;Horizontal,Vertical
2518;2021;6/4/2021;Martes;18:30:00;;0.0;2;Moto/Ciclomotor,Pickup/Utilitario;Av. López y Planes Y Fray C Rodríguez;2;1;0;1;0;0;Avenida;SANTA FE;La Capital;Asfalto;No existe;I;Dentro;Urbana;Otra Señal;Funciona;Intersección;Bueno;Buena;Atardecer;Buen Tiempo;De alcance,Múltiple;S/D;Colisión;Ninguna;Horizontal,Vertical
2519;2021;6/4/2021;Martes;10:00:00;;0.0;2;Bicicleta,Taxi/Remis;Av. A del Valle Y Córdoba;2;1;0;1;0;0;Avenida;SANTA FE;La Capital;Asfalto;No existe;I;Dentro;Urbana;Otra Señal;No existe;Intersección;Bueno;Buena;Diurna;Buen Tiempo;De alcance,Múltiple;Ciclista;Colisión;Ninguna;Faltante
2520;2021;6/4/2021;Martes;;;0.0;2;Moto/Ciclomotor,Automóvil;Chacabuco Y Dante Alighieri;5;1;0;3;0;1;Calle;CASILDA;Caseros;Asfalto;No existe;IV;Dentro;Urbana;Otra Señal;No existe;Intersección;Bueno;Buena;Diurna;Buen Tiempo;De alcance,Múltiple;S/D;Colisión;Ninguna;S/D
2521;2021;6/4/2021;Martes;08:25:00;Ruta Secundaria 4-s;0.0;2;Moto/Ciclomotor,Pickup/Utilitario;Laprida Y Liniers Santiago;2;1;0;1;0;0;Ruta;VENADO TUERTO;General LÓPEZ;Asfalto;No existe;VIII;Dentro;Urbana;Otra Señal;No existe;Intersección;Bueno;Buena;Diurna;Buen Tiempo;De alcance,Múltiple;S/D;Colisión;Ninguna;Faltante
2522;2021;6/4/2021;Martes;19:45:00;Ruta Nacional 11;763.0;2;Camión,Moto/Ciclomotor; ;4;3;0;1;0;0;Ruta;BERNA;General Obligado;Asfalto;No existe;IX;Dentro;Urbana;Otra Señal;No existe;Intersección;Bueno;Buena;Diurna;Buen Tiempo;De alcance,Múltiple;S/D;Colisión;Ninguna;Horizontal
2523;2021;6/4/2021;Martes;;Ruta Provincial 65;0.0;2;Pickup/Utilitario,Pickup/Utilitario; ;2;2;0;0;0;0;Ruta;SAN GENARO NORTE;San JERÓNIMO;Asfalto,Tierra;Ripio;XV;Dentro;Urbana;Otra Señal;No existe;Intersección;Bueno;Buena;Diurna;Buen Tiempo;De alcance,Múltiple;S/D;Colisión;Ninguna;Horizontal
2524;2021;6/4/2021;Martes;18:30:00;Ruta Nacional 11;477.0;2;Automóvil,Moto/Ciclomotor; ;2;1;0;1;0;0;Ruta;RECONQUISTA;General Obligado;Asfalto;No existe;IX;Dentro;Urbana;Otra Señal;No existe;Intersección;Bueno;Buena;Diurna;Buen Tiempo;De alcance,Múltiple;S/D;Colisión;Ninguna;Horizontal
2525;2021;6/4/2021;Martes;05:30:00;Ruta Nacional 9;350.0;3;Camión c / Acoplado,Camión c / Acoplado,Automóvil; ;4;1;0;3;0;0;Ruta;CARCARAÑÁ;San Lorenzo;Asfalto;Natural;XVII;Dentro;Urbana;Otra Señal;No existe;Intersección;Bueno;Buena;Diurna;Niebla;De alcance,Múltiple;S/D;Colisión;Ninguna;Horizontal
2526;2021;6/4/2021;Martes;11:10:00;;0.0;2;Moto/Ciclomotor,Automóvil;Av. Urquiza Y Gdor. Crespo;2;1;0;1;0;0;Avenida;SANTA FE;La Capital;Asfalto;No existe;I;Dentro;Urbana;Otra Señal;Funciona;Intersección;Bueno;Buena;Diurna;Buen Tiempo;De alcance,Múltiple;S/D;Colisión;Ninguna;Horizontal,Vertical
2527;2021;6/4/2021;Martes;18:30:00;Ruta Nacional 9;386.0;2;Automóvil,Camión c / Acoplado; ;2;0;0;1;1;0;Ruta;CAÑADA DE GÓMEZ;Iriondo;Asfalto;Natural;X;S/D;Rural;Otra Señal;No existe;Intersección;S/D;S/D;Diurna;S/D;De alcance,Múltiple;S/D;Colisión;Ninguna,S/D;Faltante
2528;2021;6/4/2021;Martes;12:15:00;;0.0;2;Moto/Ciclomotor,Automóvil;Chabuca Granda Y José Manuel Estrada;2;1;0;1;0;0;Calle;SAN LORENZO;San Lorenzo;S/D;S/D;XVII;Dentro;Urbana;Otra Señal;S/D;Intersección;S/D;S/D;S/D;S/D;De alcance,Múltiple;S/D;Colisión;S/D;S/D
2529;2021;6/4/2021;Martes;01:00:00;;0.0;1;Bicicleta;Bv. Avellaneda Y Pte. Quintana;1;1;0;0;0;0;Avenida;ROSARIO;Rosario;Asfalto;No existe;II;Dentro;Urbana;Otra Señal;No existe;Intersección;Deteriorada;S/D;Nocturna;S/D;Múltiple;S/D;Colisión;S/D;Faltante
2530;2021;6/4/2021;Martes;17:15:00;Autopista Nacional A008;0.0;2;Peatón,Otros; ;2;1;0;0;0;1;Autopista;ROSARIO;Rosario;Asfalto;S/D;II;Dentro;Urbana;Otra Señal;S/D;Intersección;S/D;S/D;Diurna;S/D;Múltiple;Peatón;Colisión;S/D;S/D
2531;2021;6/4/2021;Martes;18:00:00;;0.0;1;Bicicleta;Av. Pellegrini Y Cullen;1;1;0;0;0;0;Avenida;ROSARIO;Rosario;Asfalto;No existe;II;Dentro;Urbana;Otra Señal;Funciona;Intersección;Bueno;S/D;S/D;S/D;Múltiple;S/D;Colisión;S/D;Horizontal,Vertical
2532;2021;6/4/2021;Martes;19:30:00;;0.0;2;Automóvil,Moto/Ciclomotor;3 de Febrero Y General Manuel Belgrano;2;0;0;1;0;0;Calle;ESPERANZA;Constitución;Asfalto;No existe;XI;Dentro;Urbana;Otra Señal;No existe;Intersección;Bueno;Buena;Nocturna;Buen Tiempo;Múltiple;S/D;Colisión;Ninguna;Faltante
2533;2021;6/4/2021;Martes;21:50:00;;0.0;2;Moto/Ciclomotor,Automóvil;Av. Jorge Newbery Y Tarragona;2;0;0;1;0;0;Avenida;ROSARIO;Constitución;Asfalto;No existe;II;Dentro;Urbana;Otra Señal;No existe;Intersección;Bueno;Buena;Nocturna;Buen Tiempo;Múltiple;S/D;Colisión;Ninguna;Faltante
2534;2021;7/4/2021;Miercoles;17:00:00;;0.0;1;Automóvil;BOSCH Y JACOB;3;3;0;0;0;0;Camino Rural;ESPERANZA;Las Colonias;Tierra;No existe;XI;Dentro;Urbana;Otra Señal;No existe;Recta;Bueno;Buena;Diurna;Buen Tiempo;S/D;S/D;Colisión;Ninguna;Faltante
2535;2021;7/4/2021;Miercoles;15:35:00;;0.0;2;Moto/Ciclomotor,Moto/Ciclomotor;Av. Pellegrini Y Carriego;2;2;0;0;0;0;Avenida;ROSARIO;Rosario;Asfalto;No existe;II;Dentro;Urbana;Otra Señal;No existe;Intersección;Bueno;Buena;Diurna;Buen Tiempo;S/D;S/D;Colisión;Ninguna;Horizontal
2536;2021;7/4/2021;Miercoles;09:45:00;;0.0;2;Moto/Ciclomotor,Automóvil;Castellanos Y Cerrito;3;1;0;2;0;0;Calle;ROSARIO;Rosario;Asfalto;No existe;II;Dentro;Urbana;Otra Señal;No existe;Intersección;Bueno;Buena;Diurna;Buen Tiempo;S/D;S/D;Colisión;Ninguna;Faltante
2537;2021;7/4/2021;Miercoles;08:30:00;;0.0;2;Automóvil,Moto/Ciclomotor;Santa Fe Y Tarragona;2;1;0;1;0;0;Calle;ROSARIO;Rosario;Asfalto;No existe;II;Dentro;Urbana;Otra Señal;No existe;Intersección;Bueno;Buena;Diurna;Buen Tiempo;Lateral;S/D;Colisión;Ninguna;Faltante
2538;2021;7/4/2021;Miercoles;14:00:00;;0.0;2;Moto/Ciclomotor,Bicicleta;25 De Mayo Y Urquiza;2;1;0;1;0;0;Calle;CARMEN DEL SAUCE;Rosario;Asfalto;Pavimento;II;Dentro;Urbana;Otra Señal;No existe;Intersección;Bueno;Buena;Diurna;Buen Tiempo;De alcance,Múltiple;Ciclista;Colisión;Ninguna;Faltante
2539;2021;7/4/2021;Miercoles;06:30:00;Ruta Provincial 26;0.0;2;Moto/Ciclomotor,Bicicleta; ;2;1;0;1;0;0;Ruta;CARMEN DEL SAUCE;Rosario;Asfalto;Natural;II;Dentro;Urbana;Otra Señal;No existe;Intersección;Bueno;Reducida;Amanecer;Buen Tiempo;De alcance,Múltiple;Ciclista;Colisión;Ninguna;Horizontal
2540;2021;7/4/2021;Miercoles;08:50:00;;0.0;2;Bicicleta,Automóvil;Entre Ríos Y Pasco;2;1;0;0;0;1;Calle;ROSARIO;Rosario;Asfalto;No existe;II;Dentro;Urbana;Otra Señal;No existe;Recta;Bueno;Buena;Diurna;Buen Tiempo;De alcance,Múltiple;S/D;Colisión;Ninguna;Horizontal
2541;2021;7/4/2021;Miercoles;14:30:00;;0.0;2;Moto/Ciclomotor,Moto/Ciclomotor;Av. Pellegrini Y Entre Ríos;2;1;0;0;0;1;Avenida;ROSARIO;Rosario;Asfalto;No existe;II;Dentro;Urbana;Otra Señal;Funciona;Intersección;Bueno;Buena;Diurna;Buen Tiempo;De alcance,Múltiple;S/D;Colisión;Ninguna;Horizontal,Vertical
2542;2021;7/4/2021;Miercoles;14:30:00;;0.0;2;Automóvil,Moto/Ciclomotor;Bv Gálvez Y San Jerónimo;2;1;0;1;0;0;Avenida;SANTA FE;La Capital;Asfalto;No existe;I;Dentro;Urbana;Otra Señal;Funciona;Intersección;Bueno;Buena;Diurna;Buen Tiempo;De alcance,Múltiple;S/D;Colisión;Ninguna;Horizontal,Vertical
2543;2021;7/4/2021;Miercoles;19:50:00;Ruta Nacional 9;0.0;2;Automóvil,Bicicleta;Moreno Y Ruta Nacional 9;2;1;0;1;0;0;Ruta;FUNES;Rosario;Asfalto;Pavimento;II;Dentro;Urbana;Otra Señal;No existe;Recta;Bueno;Buena;Nocturna;Buen Tiempo;De alcance,Múltiple;Ciclista;Colisión;Ninguna;Faltante
2544;2021;7/4/2021;Miercoles;09:55:00;;0.0;2;Taxi/Remis,Pickup/Utilitario;Ituzaingó 1362;4;2;0;2;0;0;Calle;ROSARIO;Rosario;Asfalto;No existe;II;Dentro;Urbana;Otra Señal;No existe;Recta;Bueno;Buena;Diurna;Buen Tiempo;De alcance,Múltiple;S/D;Colisión;Ninguna;Faltante
2545;2021;7/4/2021;Miercoles;;Ruta Secundaria 225-s;0.0;1;Moto/Ciclomotor;San Martin 7200;2;1;0;1;0;0;Ruta;ROSARIO;Rosario;Asfalto;Natural;II;Dentro;Urbana;Otra Señal;No existe;Intersección;Bueno;Buena;Diurna;Buen Tiempo;De alcance,Múltiple;S/D;Colisión;Ninguna;Horizontal
2546;2021;7/4/2021;Miercoles;21:10:00;;0.0;1;Moto/Ciclomotor;Av. Freyre Y Salta;1;1;0;0;0;0;Avenida;SANTA FE;La Capital;Asfalto;No existe;I;Dentro;Urbana;Otra Señal;Funciona;Intersección;Bueno;Buena;Nocturna;Buen Tiempo;De alcance,Múltiple;S/D;Colisión;Ninguna;Horizontal,Vertical
2547;2021;7/4/2021;Miercoles;09:30:00;;0.0;2;Automóvil,Bicicleta;Av. Freyre Y Salvador Caputo;2;1;0;1;0;0;Avenida;SANTA FE;La Capital;Asfalto;No existe;I;Dentro;Urbana;Otra Señal;Funciona;Intersección;Bueno;Buena;Diurna;Buen Tiempo;De alcance,Múltiple;Ciclista;Colisión;Ninguna;Horizontal,Vertical
2548;2021;7/4/2021;Miercoles;17:00:00;;0.0;2;Moto/Ciclomotor,Automóvil;Av. Pte. Perón Y Padre Catena;2;1;0;0;0;1;Avenida;SANTA FE;La Capital;Asfalto;No existe;I;Dentro;Urbana;Otra Señal;Funciona;Intersección;Bueno;Buena;Atardecer;Buen Tiempo;De alcance,Múltiple;S/D;Colisión;Ninguna;Vertical
2549;2021;7/4/2021;Miercoles;16:50:00;;0.0;2;Automóvil,Pickup/Utilitario;Francia Y Juan Del Campillo;2;0;0;0;0;2;Calle;SANTA FE;La Capital;Asfalto;No existe;I;Dentro;Urbana;Otra Señal;Funciona;Intersección;Bueno;Buena;Diurna;Buen Tiempo;De alcance,Múltiple;S/D;Colisión;Ninguna;Horizontal
2550;2021;7/4/2021;Miercoles;;Autopista Provincial Brigadier E.LÓPEZ;152.5;1;Automóvil; ;1;1;0;0;0;0;Autopista;SANTO TOMÉ;La Capital;Asfalto;Natural;I;Dentro;Urbana;Otra Señal;No existe;Intersección;Bueno;Buena;Diurna;Buen Tiempo;De alcance,Múltiple;S/D;Colisión;Ninguna;Horizontal,Vertical
2551;2021;7/4/2021;Miercoles;;;0.0;2;Moto/Ciclomotor,Pickup/Utilitario;DEMETRIO GÓMEZ Y DEMETRIO GONZALES;2;1;0;1;0;0;Calle;ALTO VERDE;La Capital;Asfalto;No existe;I;Dentro;Urbana;Otra Señal;No existe;Intersección;Bueno;Buena;Diurna;Buen Tiempo;De alcance,Múltiple;S/D;Colisión;Ninguna;Horizontal
2552;2021;7/4/2021;Miercoles;;;0.0;2;Moto/Ciclomotor,Automóvil;Belgrano Y Pedro Diaz Colodrero;2;1;0;1;0;0;Calle;SANTA FE;La Capital;Asfalto;No existe;I;Dentro;Urbana;Otra Señal;No existe;Intersección;Bueno;Buena;Diurna;Buen Tiempo;De alcance,Múltiple;S/D;Colisión;Ninguna;Faltante
2553;2021;7/4/2021;Miercoles;;Autopista Provincial Brigadier E.LÓPEZ;44.0;2;Camión,Automóvil; ;3;2;0;1;0;0;Autopista;MACIEL;San JERÓNIMO;Asfalto;No existe;XV;Dentro;Rural;Otra Señal;No existe;Intersección;Bueno;Buena;Diurna;Buen Tiempo;De alcance,Múltiple;S/D;Colisión;Ninguna;Horizontal
2554;2021;7/4/2021;Miercoles;08:30:00;Autopista Nacional Rosario -Cordoba;371.0;2;Automóvil,Pickup/Utilitario; ;3;2;0;1;0;0;Autopista;ARMSTRONG;Belgrano;Asfalto;Pavimento;III;Dentro;Rural;Otra Señal;No existe;Intersección;Bueno;Buena;Diurna;Buen Tiempo;De alcance,Múltiple;S/D;Colisión;Ninguna;Horizontal
2555;2021;7/4/2021;Miercoles;10:35:00;;0.0;2;Bicicleta,Automóvil;Calle 20 9 de Julio Y Calle 31-Newbery;2;1;0;1;0;0;Calle;RECONQUISTA;General Obligado;Asfalto;No existe;IX;Dentro;Urbana;Otra Señal;No existe;Intersección;Bueno;Buena;Diurna;Buen Tiempo;De alcance,Múltiple;Ciclista;Colisión;Ninguna;Faltante
2556;2021;7/4/2021;Miercoles;09:50:00;;0.0;2;Moto/Ciclomotor,Moto/Ciclomotor; ;3;1;0;0;0;2;S/D;VILLA ANA;General Obligado;S/D;S/D;IX;S/D;S/D;Otra Señal;S/D;Intersección;S/D;S/D;S/D;S/D;De alcance,Múltiple;S/D;Colisión;S/D;S/D
2557;2021;7/4/2021;Miercoles;;;0.0;3;Automóvil,Automóvil,Automóvil; ;4;1;0;0;0;3;Avenida;SANTA FE;La Capital;Asfalto;S/D;I;Dentro;Urbana;Otra Señal;S/D;Intersección;S/D;S/D;S/D;S/D;De alcance,Múltiple;S/D;Colisión;S/D;S/D
2558;2021;7/4/2021;Miercoles;12:05:00;Ruta Nacional 11;0.0;2;Moto/Ciclomotor,Bicicleta;Calle 23-Gral López ;2;1;0;1;0;0;Ruta;RECONQUISTA;General Obligado;Asfalto;No existe;IX;Dentro;Urbana;Otra Señal;No existe;Intersección;Bueno;Buena;Diurna;S/D;Múltiple;Ciclista;Colisión;Ninguna;Horizontal
2559;2021;7/4/2021;Miercoles;00:05:00;Ruta Provincial 13;0.0;2;Pickup/Utilitario,Automóvil; ;6;1;0;5;0;0;Ruta;HUMBERTO 1°;Castellanos;Asfalto;Natural;V;Dentro;Rural;Otra Señal;No existe;Intersección;Con baches;Reducida;Nocturna;Niebla;Múltiple;S/D;Colisión;Ninguna;Faltante
2560;2021;7/4/2021;Miercoles;10:00:00;;0.0;1;Bicicleta;Bv. 27 De Febrero Y Saavedra;1;1;0;0;0;0;S/D;ROSARIO;Rosario;Asfalto;S/D;II;Dentro;Urbana;Otra Señal;S/D;Intersección;S/D;S/D;S/D;S/D;Múltiple;S/D;Colisión;S/D;S/D
2561;2021;7/4/2021;Miercoles;14:00:00;;0.0;1;Moto/Ciclomotor; ;1;1;0;0;0;0;S/D;ROSARIO;Rosario;S/D;S/D;II;S/D;S/D;Otra Señal;S/D;Intersección;S/D;S/D;Diurna;S/D;Múltiple;S/D;Colisión;S/D;S/D
2562;2021;7/4/2021;Miercoles;00:05:00;;0.0;1;Moto/Ciclomotor; ;1;1;0;0;0;0;S/D;ROSARIO;Rosario;S/D;S/D;II;S/D;S/D;Otra Señal;S/D;Intersección;S/D;S/D;Nocturna;S/D;Múltiple;S/D;Colisión;S/D;S/D
2563;2021;7/4/2021;Miercoles;20:30:00;;0.0;1;Bicicleta;Bv. Avellaneda 4200;1;1;0;0;0;0;Avenida;ROSARIO;Rosario;Asfalto;No existe;II;Dentro;Urbana;Otra Señal;Funciona;Intersección;Bueno;S/D;Nocturna;S/D;Múltiple;S/D;Colisión;S/D;Vertical
2564;2021;7/4/2021;Miercoles;17:30:00;;0.0;2;Peatón,Otros;Chubut Y J.Colombres;2;1;0;0;0;1;Calle;ROSARIO;Rosario;Asfalto;No existe;II;Dentro;Urbana;Otra Señal;No existe;Intersección;Bueno;S/D;Diurna;S/D;Múltiple;Peatón;Colisión;S/D;Faltante
2565;2021;7/4/2021;Miercoles;09:50:00;;0.0;2;Moto/Ciclomotor,Pickup/Utilitario;Gaboto Y Matienzo;2;0;0;1;0;0;Calle;ROSARIO;Constitución;Asfalto;No existe;II;Dentro;Urbana;Otra Señal;No existe;Intersección;Bueno;Buena;Diurna;Buen Tiempo;Múltiple;S/D;Colisión;Ninguna;Faltante
2566;2021;7/4/2021;Miercoles;16:40:00;;0.0;2;Automóvil,Moto/Ciclomotor;Alberini Y Calderón;2;0;0;1;0;0;Calle;ROSARIO;Constitución;Asfalto;No existe;II;Dentro;Urbana;Otra Señal;No existe;Intersección;Bueno;Buena;Diurna;Buen Tiempo;Múltiple;S/D;Colisión;Ninguna;Faltante
2567;2021;7/4/2021;Miercoles;07:50:00;Ruta Provincial 62;50.0;2;Camión c / Acoplado,Pickup/Utilitario; ;2;0;0;1;0;0;Ruta;CAYASTACITO;Constitución;Asfalto;Natural;XVI;Dentro;Rural;Otra Señal;No existe;Intersección;Bueno;Reducida;Diurna;Niebla;Múltiple;S/D;Colisión;Ninguna;Horizontal
2568;2021;7/4/2021;Miercoles;;;0.0;2;Moto/Ciclomotor,Moto/Ciclomotor;Bv Belgrano 450;2;1;0;0;0;0;Avenida;CALCHAQUÍ;Constitución;Asfalto;No existe;XIX;Dentro;Urbana;Otra Señal;S/D;Intersección;Bueno;S/D;S/D;Buen Tiempo;Múltiple;S/D;Colisión;S/D;S/D
2569;2021;7/4/2021;Miercoles;17:15:00;Ruta Nacional 34;36.5;4;Automóvil,Camión c / Acoplado,Camión c / Semirremolque,Camión c / Acoplado;Ruta Nacional 34 ;6;1;0;3;1;0;Ruta;LUCIO V. LÓPEZ;Constitución;Asfalto;Natural;X;S/D;Rural;Otra Señal;No existe;Intersección;Bueno;S/D;Diurna;S/D;Múltiple;S/D;Colisión;Ninguna;Faltante
2570;2021;8/4/2021;Jueves;16:30:00;;0.0;2;Bicicleta,Automóvil;Cazadores Y Italia;2;1;0;1;0;0;Calle;ROSARIO;Rosario;Asfalto;No existe;II;Dentro;Urbana;Otra Señal;No existe;Intersección;Bueno;Buena;Diurna;Buen Tiempo;S/D;Ciclista;Colisión;Ninguna;Faltante
2571;2021;8/4/2021;Jueves;10:20:00;;0.0;2;Moto/Ciclomotor,Pickup/Utilitario;J.J.Paso 5430;3;2;0;1;0;0;Calle;ROSARIO;Rosario;Asfalto;No existe;II;Dentro;Urbana;Otra Señal;No existe;Intersección;Bueno;Buena;Diurna;Buen Tiempo;Lateral;S/D;Colisión;Ninguna;Horizontal
2572;2021;8/4/2021;Jueves;10:45:00;Ruta Nacional 9;0.0;2;Moto/Ciclomotor,Automóvil;Av. Eva Perón Y Carcano Bis;2;1;0;1;0;0;Ruta;ROSARIO;Rosario;Asfalto;Natural;II;Dentro;Urbana;Otra Señal;No existe;Recta;Bueno;Buena;Diurna;Buen Tiempo;De alcance;S/D;Colisión;Ninguna;Horizontal
2573;2021;8/4/2021;Jueves;09:50:00;;0.0;2;Moto/Ciclomotor,Automóvil;Alvear Y G López;2;1;0;1;0;0;Calle;VILLA GOBERNADOR GÁLVEZ;Rosario;Asfalto;No existe;II;Dentro;Urbana;Otra Señal;No existe;Intersección;Bueno;Buena;Diurna;Buen Tiempo;S/D;S/D;Colisión;Ninguna;Faltante
2574;2021;8/4/2021;Jueves;18:30:00;Ruta Provincial 16;0.0;2;Moto/Ciclomotor,Automóvil;RUTA 16 Y SEBASTIÁN EL CANO;2;1;0;1;0;0;Ruta;PUEBLO ESTHER;Rosario;Asfalto;Ripio;II;Dentro;Rural;Otra Señal;No existe;Intersección;Bueno;Buena;Atardecer;Buen Tiempo;Lateral;S/D;Colisión;Ninguna;Horizontal
2575;2021;8/4/2021;Jueves;12:10:00;;0.0;2;Moto/Ciclomotor,Automóvil;Gral. Belgrano Y Hipólito Irigoyen;2;1;0;1;0;0;Calle;SAN CRISTÓBAL;San CRISTÓBAL;Asfalto;No existe;XIII;Dentro;Urbana;Otra Señal;No existe;Rotonda;Bueno;Buena;Diurna;Buen Tiempo;De alcance,Múltiple;S/D;Colisión;Ninguna;Vertical
2576;2021;8/4/2021;Jueves;08:30:00;;0.0;2;Moto/Ciclomotor,Peatón;Teodoro Hertz 736;2;1;0;1;0;0;Calle;CERES;San CRISTÓBAL;Asfalto;No existe;XIII;Dentro;Urbana;Otra Señal;No existe;Recta;Bueno;Buena;Diurna;Buen Tiempo;De alcance,Múltiple;Peatón;Colisión;Ninguna;Faltante
2577;2021;8/4/2021;Jueves;06:05:00;;0.0;2;Bicicleta,Automóvil;Dean Funes Y Necochea;2;1;0;1;0;0;Calle;ROSARIO;Rosario;Asfalto;No existe;II;Dentro;Urbana;Otra Señal;No existe;Recta;Bueno;Buena;Amanecer;Buen Tiempo;De alcance,Múltiple;Ciclista;Colisión;Ninguna;Horizontal
2578;2021;8/4/2021;Jueves;20:30:00;;0.0;2;Taxi/Remis,Transporte de Pasajeros Urbano (> 8 asientos);España Y Santa Fe;2;1;0;1;0;0;Calle;ROSARIO;Rosario;Asfalto;No existe;II;Dentro;Urbana;Otra Señal;Funciona;Intersección;Bueno;Buena;Diurna;Buen Tiempo;De alcance,Múltiple;S/D;Colisión;Ninguna;Horizontal,Vertical
2579;2021;8/4/2021;Jueves;13:00:00;;0.0;2;Bicicleta,Otros;Av. Leandro Alem Y Tucumán;2;1;0;1;0;0;Avenida;SANTA FE;La Capital;Asfalto;No existe;I;Dentro;Urbana;Otra Señal;Funciona;Intersección;Bueno;Buena;Diurna;Buen Tiempo;De alcance,Múltiple;Ciclista;Colisión;Ninguna;Vertical
2580;2021;8/4/2021;Jueves;09:35:00;;0.0;2;Automóvil,Automóvil;Primera Junta Y San Jerónimo;2;1;0;1;0;0;Calle;SANTA FE;La Capital;Asfalto;No existe;I;Dentro;Urbana;Otra Señal;No existe;Intersección;Bueno;Buena;Diurna;Buen Tiempo;De alcance,Múltiple;S/D;Colisión;Ninguna;Horizontal
2581;2021;8/4/2021;Jueves;17:30:00;;0.0;2;Automóvil,Moto/Ciclomotor;Av. Facundo Zuviria Y Pje Irala;2;1;0;1;0;0;Avenida;SANTA FE;La Capital;Asfalto;No existe;I;Dentro;Urbana;Otra Señal;No existe;Intersección;Bueno;Buena;Diurna;Buen Tiempo;De alcance,Múltiple;S/D;Colisión;Ninguna;Faltante