ID_Accidente;A�o;Fecha;Dia;Hopra;Ruta/Autop;km;Participantes;Tipo;Lugar;Total;Heridos Leves;Heridos Graves;Ilesos;Fallecidos;Sin datos;desc_tipo_via;desc_loc;desc_dpto;|;desc_tipo_banquina;desc_unidad_regional;desc_lugar_calzada;desc_zona;desc_prioridad;desc_estado_semaforo;desc_lugar_via;desc_estado_via;desc_estado_visibilidad;desc_luminosidad;desc_estado_clima;desc_tipo_colision;desc_tipo_atropello;desc_tipo_hecho;desc_pres_calzada;desc_senializacion
2582;2021;8/4/2021;Jueves;06:30:00;;0.0;2;Moto/Ciclomotor,Automóvil;Francisco De Miranda Y Maiztegui;2;1;0;1;0;0;Avenida;ROSARIO;Rosario;Asfalto;No existe;II;Dentro;Urbana;Otra Señal;No existe;Intersección;Bueno;Buena;Nocturna;Buen Tiempo;De alcance,Múltiple;S/D;Colisión;Ninguna;Faltante
2583;2021;8/4/2021;Jueves;08:00:00;Ruta Secundaria 84-s;29.0;2;Automóvil,Automóvil; ;5;2;0;3;0;0;Ruta;PARAJE KM. 29;Vera;Tierra;No existe;XIX;Dentro;Urbana;Otra Señal;No existe;Recta;Resbaladiza;Buena;Diurna;Lluvia;De alcance,Múltiple;S/D;Colisión;Otro;Faltante
2584;2021;8/4/2021;Jueves;06:30:00;;0.0;2;Moto/Ciclomotor,Automóvil;ANICHINI Y AVENIDA DE PETRE;2;0;0;1;0;1;Avenida;LA GUARDIA;La Capital;Arena;No existe;I;Dentro;Urbana;Otra Señal;No existe;Intersección;Bueno;Buena;Amanecer;Buen Tiempo;De alcance,Múltiple;S/D;Colisión;Ninguna;Faltante
2585;2021;8/4/2021;Jueves;22:00:00;;0.0;2;Automóvil,Moto/Ciclomotor;Av. Freyre Y Tucumán;2;1;0;1;0;0;Avenida;SANTA FE;La Capital;Asfalto;No existe;I;Dentro;Urbana;Otra Señal;Funciona;Intersección;Bueno;Buena;Nocturna;Buen Tiempo;De alcance,Múltiple;S/D;Colisión;Ninguna;Horizontal,Vertical
2586;2021;8/4/2021;Jueves;13:15:00;;0.0;2;Automóvil,Moto/Ciclomotor;Av. Freyre Y Santiago del Estero;2;1;0;1;0;0;Avenida;SANTA FE;La Capital;Asfalto;No existe;I;Dentro;Urbana;Otra Señal;Funciona;Intersección;Deteriorada;Buena;Diurna;Buen Tiempo;De alcance,Múltiple;S/D;Colisión;Ninguna;Horizontal,Vertical
2587;2021;8/4/2021;Jueves;10:30:00;;0.0;1;Moto/Ciclomotor;Magallanes Y San José;1;1;0;0;0;0;Calle;SANTA FE;La Capital;Asfalto;No existe;I;Dentro;Urbana;Otra Señal;No existe;Intersección;Bueno;Buena;Diurna;Buen Tiempo;De alcance,Múltiple;S/D;Colisión;Ninguna;Faltante
2588;2021;8/4/2021;Jueves;13:00:00;;0.0;2;Automóvil,Moto/Ciclomotor;Naciones Unidas 4100;3;2;0;0;0;1;Calle;SANTA FE;La Capital;Asfalto;No existe;I;Dentro;Urbana;Otra Señal;No existe;Intersección;Deteriorada;Buena;Diurna;Buen Tiempo;De alcance,Múltiple;S/D;Colisión;Ninguna;Faltante
2589;2021;8/4/2021;Jueves;14:45:00;;0.0;2;Moto/Ciclomotor,Automóvil;Chacabuco Y Dean Funes;3;2;0;1;0;0;Calle;ROSARIO;Rosario;Asfalto;No existe;II;Dentro;Urbana;Otra Señal;No existe;Intersección;Bueno;Buena;Diurna,Con luz artificial;Buen Tiempo;De alcance,Múltiple;S/D;Colisión;Ninguna;Faltante
2590;2021;8/4/2021;Jueves;19:15:00;;0.0;2;Automóvil,Moto/Ciclomotor;Ayacucho Y Marco Polo;3;2;0;1;0;0;Calle;ROSARIO;Rosario;Asfalto;No existe;II;Dentro;Urbana;Otra Señal;No existe;Intersección;Bueno;Buena;Amanecer;Buen Tiempo;De alcance,Múltiple;S/D;Colisión;Ninguna;Horizontal
2591;2021;8/4/2021;Jueves;11:00:00;;0.0;2;Automóvil,Bicicleta;Juan José Paso Y Republica de Chile;2;1;0;1;0;0;Calle;SANTO TOMÉ;La Capital;Asfalto;No existe;I;Dentro;Urbana;Otra Señal;No existe;Intersección;Bueno;Buena;Nocturna,Con luz artificial;Buen Tiempo;De alcance,Múltiple;Ciclista;Colisión;Ninguna;Faltante
2592;2021;8/4/2021;Jueves;13:15:00;;0.0;2;Moto/Ciclomotor,Peatón;EX COMBATIENTES DE MALVINAS Y SAN FRANCISCO DE ASIS;3;1;0;2;0;0;Calle;COLASTINE;La Capital;Asfalto;No existe;I;Dentro;Urbana;Otra Señal;No existe;Intersección;Bueno;Buena;Diurna;Buen Tiempo;De alcance,Múltiple;Peatón;Colisión;Ninguna;Faltante
2593;2021;8/4/2021;Jueves;23:20:00;Ruta Provincial 21;0.0;2;Pickup/Utilitario,Moto/Ciclomotor;Av. Gral. San Martin Y Girardi;2;1;0;1;0;0;Ruta;VILLA GOBERNADOR GÁLVEZ;Rosario;Asfalto;No existe;II;Dentro;Urbana;Otra Señal;No existe;Intersección;Bueno;Buena;Diurna;Buen Tiempo;De alcance,Múltiple;S/D;Colisión;Ninguna;Horizontal
2594;2021;8/4/2021;Jueves;11:20:00;;0.0;1;Moto/Ciclomotor;J M de Rosas ;2;1;0;1;0;0;Calle;FORTÍN OLMOS;Vera;S/D;No existe;XIX;Dentro;Urbana;Otra Señal;S/D;Intersección;S/D;Buena;Diurna;S/D;De alcance,Múltiple;S/D;Colisión;S/D;S/D
2595;2021;8/4/2021;Jueves;04:20:00;Ruta Nacional 11;0.0;2;Automóvil,Moto/Ciclomotor;La Paz Y Ruta Nac 11;4;2;0;2;0;0;Ruta;PUERTO SAN MARTÍN;San Lorenzo;Asfalto;Ripio;XVII;Dentro;Urbana;Otra Señal;No existe;Intersección;Ahuellamiento;Reducida;Nocturna;Buen Tiempo;De alcance,Múltiple;S/D;Colisión;Ninguna;Horizontal
2596;2021;8/4/2021;Jueves;20:40:00;;0.0;2;Moto/Ciclomotor,Moto/Ciclomotor;Calle 47-Islas Malvinas Y Calle 5-Colon;2;2;0;0;0;0;Calle;RECONQUISTA;General Obligado;Asfalto;No existe;IX;Dentro;Urbana;Otra Señal;S/D;Intersección;Bueno;S/D;Nocturna;Buen Tiempo;De alcance,Múltiple;S/D;Colisión;S/D;S/D
2597;2021;8/4/2021;Jueves;17:30:00;Ruta Provincial 32;40.0;1;Pickup/Utilitario; ;1;1;0;0;0;0;Ruta;VILLA ANA;General Obligado;Asfalto;S/D;IX;Dentro;Rural;Otra Señal;S/D;Intersección;S/D;S/D;S/D;S/D;De alcance,Múltiple;S/D;Colisión;S/D;Horizontal
2598;2021;8/4/2021;Jueves;05:45:00;Autopista Nacional Rosario -Cordoba;282.0;3;Camión,Automóvil,Automóvil; ;4;3;0;1;0;0;Autopista;ROSARIO;Rosario;Asfalto;Pavimento;II;Dentro;Rural;Otra Señal;Funciona;Intersección;Bueno;Reducida;Atardecer;Lluvia;De alcance,Múltiple;S/D;Colisión;Agua,Otro;Horizontal
2599;2021;8/4/2021;Jueves;14:00:00;;0.0;1;Moto/Ciclomotor;Av. Uriburu Y Bv. Avellaneda;1;1;0;0;0;0;Avenida;ROSARIO;Rosario;Asfalto;No existe;II;Dentro;Urbana;Otra Señal;Funciona;Intersección;S/D;S/D;Diurna;S/D;Múltiple;S/D;Colisión;S/D;Horizontal,Vertical
2600;2021;8/4/2021;Jueves;00:05:00;;0.0;1;Moto/Ciclomotor;Pascual Rosas 2280;1;1;0;0;0;0;Calle;ROSARIO;Rosario;Asfalto;No existe;II;Dentro;Urbana;Otra Señal;No existe;Intersección;Deteriorada;S/D;Nocturna;S/D;Múltiple;S/D;Colisión;S/D;Faltante
2601;2021;8/4/2021;Jueves;00:05:00;;0.0;1;Moto/Ciclomotor;Alsina Y Montevideo;1;1;0;0;0;0;Calle;ROSARIO;Rosario;Asfalto;No existe;II;Dentro;Urbana;Otra Señal;No existe;Intersección;Bueno;S/D;Nocturna;S/D;Múltiple;S/D;Colisión;S/D;Vertical
2602;2021;8/4/2021;Jueves;;;0.0;1;Automóvil;Córdoba Y Entre Ríos;1;1;0;0;0;0;Calle;ROSARIO;Rosario;Asfalto;No existe;II;Dentro;Urbana;Otra Señal;No existe;Intersección;Bueno;S/D;S/D;S/D;Múltiple;S/D;Colisión;S/D;Horizontal
2603;2021;8/4/2021;Jueves;19:00:00;;0.0;1;Automóvil; ;1;1;0;0;0;0;S/D;ROSARIO;Constitución;S/D;S/D;II;S/D;S/D;Otra Señal;S/D;Intersección;S/D;S/D;S/D;S/D;Múltiple;S/D;Colisión;S/D;S/D
2604;2021;8/4/2021;Jueves;18:30:00;;0.0;2;Bicicleta,Bicicleta;Corrientes Y Roque Sáenz PEÑA;2;0;0;1;0;0;Calle;LAS ROSAS;Constitución;Hormigón;No existe;III;Dentro;Urbana;Otra Señal;No existe;Intersección;Bueno;Buena;Diurna;Buen Tiempo;Múltiple;Ciclista;Colisión;Ninguna;Faltante
2605;2021;8/4/2021;Jueves;15:20:00;;0.0;2;Moto/Ciclomotor,Pickup/Utilitario;Alberdi Y Pueyrredón;3;0;0;2;0;0;Calle;SAN CRISTÓBAL;Constitución;Asfalto;No existe;XIII;Dentro;Urbana;Otra Señal;No existe;Intersección;Bueno;Buena;Diurna;Buen Tiempo;Múltiple;S/D;Colisión;Ninguna;Faltante
2606;2021;8/4/2021;Jueves;09:00:00;Autovía Nacional 168;8.0;2;Automóvil,Vehículo Oficial; ;3;1;0;1;0;0;Autovía;SANTA FE;Constitución;Asfalto;Pavimento;I;Dentro;Urbana;Otra Señal;No existe;Intersección;Bueno;Buena;Diurna;Buen Tiempo;Múltiple;S/D;Colisión;Ninguna;Horizontal
2607;2021;8/4/2021;Jueves;10:25:00;Ruta Nacional A012;56.0;2;Camión c / Acoplado,Pickup/Utilitario; ;3;1;0;1;0;0;Ruta;RICARDONE;Constitución;Asfalto;Natural;XVII;Dentro;Rural;Otra Señal;No existe;Intersección;Bueno;Buena;Diurna;Buen Tiempo;Múltiple;S/D;Colisión;Ninguna;Faltante
2608;2021;9/4/2021;Viernes;13:20:00;Ruta Provincial 6;0.0;2;Automóvil,Moto/Ciclomotor;San Luis Y San Martin;2;1;0;1;0;0;Ruta;SAN CARLOS CENTRO;Las Colonias;Asfalto;No existe;XI;Dentro;Urbana;Otra Señal;No existe;Intersección;Resbaladiza;Buena;Diurna;Lluvia;Múltiple;S/D;Colisión;Agua;Faltante
2609;2021;9/4/2021;Viernes;09:00:00;Ruta Provincial 6;0.0;2;Pickup/Utilitario,Moto/Ciclomotor;San Martin ;2;0;0;1;0;0;Ruta;SAN CARLOS SUR;Las Colonias;Asfalto;No existe;XI;Dentro;Urbana;Otra Señal;No existe;Recta;Bueno;Buena;Diurna;Buen Tiempo;Lateral;S/D;Colisión;Agua;Horizontal
2610;2021;9/4/2021;Viernes;18:45:00;;0.0;2;Automóvil,Automóvil;San Luis Y Sarmiento;2;1;0;1;0;0;Calle;ROSARIO;Rosario;Asfalto;No existe;II;Dentro;Urbana;Otra Señal;No existe;Intersección;Bueno;Buena;Diurna;Buen Tiempo;De alcance,Múltiple;S/D;Colisión;Ninguna;Horizontal
2611;2021;9/4/2021;Viernes;18:00:00;;0.0;2;Moto/Ciclomotor,Automóvil;Av. Génova Y J.V.Gonzalez Bis;3;2;0;1;0;0;Avenida;ROSARIO;Rosario;Asfalto;No existe;II;Dentro;Urbana;Otra Señal;No existe;Intersección;Bueno;Buena;Diurna;Buen Tiempo;De alcance,Múltiple;S/D;Colisión;Ninguna;Faltante
2612;2021;9/4/2021;Viernes;;;0.0;2;Moto/Ciclomotor,Automóvil;Bv Gálvez Y Las Heras;2;0;0;1;0;0;Avenida;SANTA FE;La Capital;Asfalto;No existe;I;Dentro;Urbana;Otra Señal;Funciona;Intersección;Bueno;S/D;Nocturna;S/D;De alcance,Múltiple;S/D;Colisión;S/D;Horizontal,Vertical
2613;2021;9/4/2021;Viernes;15:00:00;;0.0;2;Pickup/Utilitario,Moto/Ciclomotor;Lamadrid Y Magallanes;2;1;0;1;0;0;Calle;SANTA FE;La Capital;Asfalto;No existe;I;Dentro;Urbana;Otra Señal;No existe;Intersección;Bueno;Buena;Diurna;Buen Tiempo;De alcance,Múltiple;S/D;Colisión;Ninguna;Faltante
2614;2021;9/4/2021;Viernes;19:05:00;;0.0;2;Automóvil,Automóvil;España Y Estado de Israel;2;1;0;1;0;0;Calle;ROSARIO;Rosario;Asfalto;No existe;II;Dentro;Urbana;Otra Señal;No existe;Intersección;Bueno;Buena;Diurna;Buen Tiempo;De alcance,Múltiple;S/D;Colisión;Ninguna;Faltante
2615;2021;9/4/2021;Viernes;10:00:00;;0.0;2;Automóvil,Automóvil;Av. Facundo Zuviria Y Gutiérrez;2;1;0;1;0;0;Avenida;SANTA FE;La Capital;Asfalto;No existe;I;Dentro;Urbana;Otra Señal;No existe;Intersección;Bueno;Buena;Diurna;Buen Tiempo;De alcance,Múltiple;S/D;Colisión;Ninguna;Horizontal,Vertical
2616;2021;9/4/2021;Viernes;17:05:00;Ruta Provincial 1;1.5;1;Moto/Ciclomotor; ;1;1;0;0;0;0;Ruta;COLASTINE;La Capital;Asfalto;Natural;I;Dentro;Urbana;Otra Señal;Funciona;Intersección;Bueno;Buena;Diurna;Buen Tiempo;De alcance,Múltiple;S/D;Colisión;Ninguna;Vertical
2617;2021;9/4/2021;Viernes;;;0.0;1;Moto/Ciclomotor;Av. Peñaloza 6900;1;1;0;0;0;0;Avenida;SANTA FE;La Capital;Asfalto;No existe;I;Dentro;Urbana;Otra Señal;No existe;Intersección;Bueno;Buena;Diurna;Buen Tiempo;De alcance,Múltiple;S/D;Colisión;Ninguna;Horizontal
2618;2021;9/4/2021;Viernes;;;0.0;2;Moto/Ciclomotor,Peatón;Av. Gral. Paz Y Pedro Ferre;2;1;0;1;0;0;Avenida;SANTA FE;La Capital;Asfalto;No existe;I;Dentro;Urbana;Otra Señal;No existe;Intersección;Bueno;Buena;S/D;Buen Tiempo;De alcance,Múltiple;Peatón;Colisión;Ninguna;Faltante
2619;2021;9/4/2021;Viernes;16:20:00;Autopista Nacional Gral. Juan Jose Valle;285.0;2;Camión,Automóvil; ;3;0;0;2;1;0;Autopista;VILLA GOBERNADOR GÁLVEZ;Rosario;Asfalto;Natural;II;Dentro;Urbana;Otra Señal;No existe;Intersección;Bueno;Buena;Diurna;Buen Tiempo;De alcance,Múltiple;S/D;Colisión;Ninguna;Horizontal
2620;2021;9/4/2021;Viernes;;;0.0;2;Automóvil,Moto/Ciclomotor; ;3;2;0;1;0;0;S/D;SAN LORENZO;San Lorenzo;S/D;S/D;XVII;S/D;S/D;Otra Señal;S/D;Intersección;S/D;S/D;S/D;S/D;De alcance,Múltiple;S/D;Colisión;S/D;S/D
2621;2021;9/4/2021;Viernes;12:45:00;;0.0;1;Moto/Ciclomotor;San Carlos Y San Juan;3;2;0;0;0;1;Calle;SAN LORENZO;San Lorenzo;Asfalto;No existe;XVII;Dentro;Urbana;Otra Señal;No existe;Intersección;Bueno;Buena;Diurna;Buen Tiempo;De alcance,Múltiple;S/D;Colisión;Ninguna;Faltante
2622;2021;9/4/2021;Viernes;15:30:00;Autopista Provincial Brigadier E.LÓPEZ;16.0;3;Automóvil,Automóvil,Camión c / Acoplado; ;4;2;0;2;0;0;Autopista;SAN LORENZO;San Lorenzo;Asfalto;No existe;XVII;Dentro;Rural;Otra Señal;No existe;Intersección;Bueno;Buena;Diurna;Lluvia;De alcance,Múltiple;S/D;Colisión;Agua;Horizontal
2623;2021;9/4/2021;Viernes;11:20:00;;0.0;2;Moto/Ciclomotor,Pickup/Utilitario;España Y Maipú;2;1;0;1;0;0;Calle;VENADO TUERTO;General LÓPEZ;Asfalto;No existe;VIII;Dentro;Urbana;Otra Señal;No existe;Intersección;Bueno;Buena;Diurna;Buen Tiempo;De alcance,Múltiple;S/D;Colisión;Ninguna;Faltante
2624;2021;9/4/2021;Viernes;20:35:00;;0.0;2;Automóvil,Moto/Ciclomotor;Chaco Y Jujuy;2;1;0;1;0;0;Calle;VENADO TUERTO;General LÓPEZ;Asfalto;No existe;VIII;Dentro;Urbana;Otra Señal;Funciona;Intersección;Bueno;Buena;Diurna;Buen Tiempo;De alcance,Múltiple;S/D;Colisión;Ninguna;Vertical
2625;2021;9/4/2021;Viernes;20:00:00;;0.0;2;Moto/Ciclomotor,Moto/Ciclomotor;Avenida San Martin ;3;3;0;0;0;0;Avenida;VILLA OCAMPO;General Obligado;S/D;No existe;IX;Dentro;Urbana;Otra Señal;S/D;Intersección;S/D;S/D;S/D;S/D;De alcance,Múltiple;S/D;Colisión;S/D;S/D
2626;2021;9/4/2021;Viernes;21:00:00;Ruta Nacional 11;407.0;1;Pickup/Utilitario; ;1;1;0;0;0;0;Ruta;AROCENA;San JERÓNIMO;Asfalto;No existe;XV;Dentro;Rural;Otra Señal;No existe;Intersección;Bueno;Buena;Nocturna;Buen Tiempo;De alcance,Múltiple;S/D;Colisión;Ninguna;Horizontal
2627;2021;9/4/2021;Viernes;17:30:00;;0.0;2;Pickup/Utilitario,Moto/Ciclomotor;Calle 44-27 de Abril Y Calle 57-Prof Roberto Roveda;3;2;0;1;0;0;Calle;RECONQUISTA;General Obligado;S/D;S/D;IX;Dentro;Urbana;Otra Señal;S/D;Intersección;S/D;S/D;Diurna;Buen Tiempo;De alcance,Múltiple;S/D;Colisión;S/D;S/D
2628;2021;9/4/2021;Viernes;06:45:00;Ruta Nacional 11;0.0;1;Moto/Ciclomotor; ;1;1;0;0;0;0;Ruta;RECONQUISTA;General Obligado;Asfalto;No existe;IX;Dentro;Urbana;Otra Señal;No existe;Intersección;Bueno;Buena;Diurna;Buen Tiempo;De alcance,Múltiple;S/D;Colisión;Ninguna;Horizontal
2629;2021;9/4/2021;Viernes;13:30:00;;0.0;1;Moto/Ciclomotor; ;1;1;0;0;0;0;S/D;VILLA GOBERNADOR GÁLVEZ;Rosario;S/D;S/D;II;S/D;S/D;Otra Señal;S/D;Intersección;S/D;S/D;Diurna;S/D;Múltiple;S/D;Colisión;S/D;S/D
2630;2021;9/4/2021;Viernes;15:00:00;;0.0;1;Moto/Ciclomotor;Av. Pellegrini Y Dorrego;1;1;0;0;0;0;Avenida;ROSARIO;Rosario;Asfalto;No existe;II;Dentro;Urbana;Otra Señal;Funciona;Intersección;Bueno;S/D;S/D;Otro;Múltiple;S/D;Colisión;S/D;Horizontal,Vertical
2631;2021;9/4/2021;Viernes;22:50:00;;0.0;2;Peatón,Moto/Ciclomotor;Fraga Y Vélez Sarsfield;2;0;0;1;0;0;Calle;ROSARIO;Constitución;Asfalto;No existe;II;Dentro;Urbana;Otra Señal;No existe;Intersección;Bueno;Buena;Diurna;Buen Tiempo;Múltiple;Peatón;Colisión;Ninguna;Faltante
2632;2021;9/4/2021;Viernes;18:00:00;;0.0;2;Moto/Ciclomotor,Automóvil;Bv. Oroño Y Salta;2;0;0;1;0;0;Avenida;ROSARIO;Constitución;Asfalto;No existe;II;Dentro;Urbana;Otra Señal;Funciona;Intersección;Bueno;Buena;Diurna;Buen Tiempo;Múltiple;S/D;Colisión;Ninguna;Horizontal,Vertical
2633;2021;9/4/2021;Viernes;19:30:00;;0.0;1;Otros; ;2;0;0;1;0;0;Camino Rural;SAN JERÓNIMO SUR;Constitución;S/D;S/D;XVII;S/D;Rural;Otra Señal;S/D;Intersección;S/D;S/D;S/D;S/D;Múltiple;S/D;Colisión;S/D;S/D
2634;2021;10/4/2021;Sabado;20:00:00;Ruta Nacional 11;570.0;1;Bicicleta; ;1;1;0;0;0;0;Ruta;SAN JUSTO;San Justo;Asfalto;Natural;XVI;Dentro;Urbana;Otra Señal;No existe;Recta;Bueno;Reducida;Atardecer;Buen Tiempo;S/D;Ciclista;Colisión;Ninguna;Horizontal
2635;2021;10/4/2021;Sabado;04:30:00;Ruta Nacional 9;416.0;2;Pickup/Utilitario,Camión c / Acoplado; ;3;2;0;1;0;0;Ruta;TORTUGAS;Belgrano;Asfalto;Ripio;III;Dentro;Rural;Otra Señal;No existe;Recta;Deteriorada;Buena;Nocturna;Lluvia;De alcance;S/D;Colisión;Agua;Horizontal
2636;2021;10/4/2021;Sabado;20:45:00;;0.0;2;Automóvil,Moto/Ciclomotor;Av. Battle y Ordoñez 5500;2;1;0;1;0;0;Avenida;ROSARIO;Rosario;Asfalto;No existe;II;Dentro;Urbana;Otra Señal;No existe;Recta;Bueno;Reducida;Nocturna;Lluvia;De alcance;S/D;Colisión;Ninguna;Faltante
2637;2021;10/4/2021;Sabado;19:20:00;Ruta Nacional 9;0.0;2;Automóvil,Moto/Ciclomotor;Mitre Y Ruta Nacional 9;2;1;0;1;0;0;Ruta;FUNES;Rosario;Asfalto;Pavimento;II;Dentro;Urbana;Otra Señal;Funciona;Recta;Bueno;Buena;Diurna;Buen Tiempo;Frontal;S/D;Colisión;Ninguna;Horizontal,Vertical
2638;2021;10/4/2021;Sabado;11:20:00;;0.0;2;Automóvil,Moto/Ciclomotor;Bv. Oroño 1203;2;1;0;1;0;0;Avenida;ROSARIO;Rosario;Asfalto;No existe;II;Dentro;Urbana;Otra Señal;Funciona;Recta;Bueno;Buena;Diurna;Buen Tiempo;De alcance,Múltiple;S/D;Colisión;Ninguna;Horizontal,Vertical
2639;2021;10/4/2021;Sabado;09:30:00;;0.0;2;Taxi/Remis,Automóvil;Mendoza Y Mariano Moreno;5;2;0;3;0;0;Calle;ROSARIO;Rosario;Asfalto;No existe;II;Dentro;Urbana;Otra Señal;No existe;Intersección;Bueno;Buena;Diurna;Buen Tiempo;De alcance,Múltiple;S/D;Colisión;Ninguna;Horizontal
2640;2021;10/4/2021;Sabado;10:40:00;;0.0;2;Moto/Ciclomotor,Automóvil;Bv. Rondeau Y Martin Fierro;3;2;0;1;0;0;Avenida;ROSARIO;Rosario;Asfalto;No existe;II;Dentro;Urbana;Otra Señal;Funciona;Intersección;Bueno;Buena;Diurna;Buen Tiempo;De alcance,Múltiple;S/D;Colisión;Ninguna;Horizontal,Vertical
2641;2021;10/4/2021;Sabado;16:15:00;;0.0;1;Moto/Ciclomotor;Av. Gral. López Y Av. Urquiza;2;1;0;1;0;0;Avenida;SANTA FE;La Capital;Asfalto;No existe;I;Dentro;Urbana;Otra Señal;Funciona;Intersección;Resbaladiza;Buena;Diurna;Buen Tiempo;De alcance,Múltiple;S/D;Colisión;Ninguna;Horizontal,Vertical
2642;2021;10/4/2021;Sabado;05:25:00;;0.0;2;Moto/Ciclomotor,Automóvil;Av. Peñaloza Y Martin Zapata;2;0;0;0;0;2;Avenida;SANTA FE;La Capital;Asfalto;No existe;I;Dentro;Urbana;Otra Señal;No existe;Intersección;Bueno;Buena;Diurna;Buen Tiempo;De alcance,Múltiple;S/D;Colisión;Ninguna;Vertical
2643;2021;10/4/2021;Sabado;;Autopista Provincial Brigadier E.LÓPEZ;0.0;2;Moto/Ciclomotor,Automóvil;Av. López y Planes Y Iturraspe;2;1;0;1;0;0;Autopista;SANTA FE;La Capital;Asfalto;No existe;I;Dentro;Urbana;Otra Señal;Funciona;Intersección;Bueno;Buena;Diurna;Buen Tiempo;De alcance,Múltiple;S/D;Colisión;Ninguna;Horizontal,Vertical
2644;2021;10/4/2021;Sabado;20:30:00;;0.0;2;Moto/Ciclomotor,Automóvil;Garay Y Pte. Roca;2;1;0;1;0;0;Calle;ROSARIO;Rosario;Asfalto;No existe;II;Dentro;Urbana;Otra Señal;No existe;Intersección;Bueno;Buena;Nocturna;Buen Tiempo;De alcance,Múltiple;S/D;Colisión;Ninguna;Faltante
2645;2021;10/4/2021;Sabado;;;0.0;2;Moto/Ciclomotor,Automóvil; ;2;1;0;1;0;0;S/D;ESPERANZA;Las Colonias;S/D;S/D;XI;S/D;S/D;Otra Señal;S/D;Intersección;S/D;S/D;S/D;S/D;De alcance,Múltiple;S/D;Colisión;S/D;S/D
2646;2021;10/4/2021;Sabado;;;0.0;2;Automóvil,Moto/Ciclomotor;Av. Blas Parera Y Gorriti;5;4;0;1;0;0;Avenida;SANTA FE;La Capital;Asfalto;No existe;I;Dentro;Urbana;Otra Señal;Funciona;Intersección;Bueno;Buena;S/D;Buen Tiempo;De alcance,Múltiple;S/D;Colisión;Ninguna;Horizontal,Vertical
2647;2021;10/4/2021;Sabado;19:00:00;;0.0;2;Pickup/Utilitario,Moto/Ciclomotor;25 de Mayo Y 9 de Julio;2;1;0;1;0;0;Calle;VILLA OCAMPO;General Obligado;S/D;No existe;IX;Dentro;Urbana;Otra Señal;S/D;Intersección;S/D;Buena;S/D;S/D;De alcance,Múltiple;S/D;Colisión;S/D;S/D
2648;2021;10/4/2021;Sabado;05:00:00;;0.0;2;Automóvil,Automóvil;Av. San Martin Y Italia;3;1;0;2;0;0;Avenida;SAN LORENZO;San Lorenzo;Asfalto;No existe;XVII;Dentro;Urbana;Otra Señal;No existe;Intersección;Bueno;Buena;Diurna;Buen Tiempo;De alcance,Múltiple;S/D;Colisión;Ninguna;Horizontal
2649;2021;10/4/2021;Sabado;20:30:00;;0.0;2;Moto/Ciclomotor,Moto/Ciclomotor;Moreau de Justo 1950;6;1;0;5;0;0;Calle;PUERTO SAN MARTÍN;San Lorenzo;Asfalto;No existe;XVII;Dentro;Urbana;Otra Señal;No existe;Intersección;Resbaladiza;Buena;Nocturna;Lluvia;De alcance,Múltiple;S/D;Colisión;Ninguna;Horizontal
2650;2021;10/4/2021;Sabado;20:30:00;Ruta Secundaria 80-s;0.0;2;Moto/Ciclomotor,Automóvil;Bv San Martin 1100;2;1;0;1;0;0;Ruta;HUMBERTO 1°;Castellanos;Asfalto;No existe;V;Dentro;Urbana;Otra Señal;No existe;Intersección;Bueno;Buena;Con luz artificial;Buen Tiempo;Múltiple;S/D;Colisión;Ninguna;Faltante
2651;2021;10/4/2021;Sabado;21:00:00;;0.0;1;Bicicleta; ;1;1;0;0;0;0;S/D;ROSARIO;Rosario;S/D;S/D;II;S/D;S/D;Otra Señal;S/D;Intersección;S/D;S/D;Nocturna;S/D;Múltiple;S/D;Colisión;S/D;S/D
2652;2021;10/4/2021;Sabado;23:45:00;;0.0;1;Moto/Ciclomotor;Pasco Y Servando Bayo;1;1;0;0;0;0;Calle;ROSARIO;Rosario;Asfalto;No existe;II;Dentro;Urbana;Otra Señal;No existe;Intersección;Deteriorada;S/D;Nocturna;S/D;Múltiple;S/D;Colisión;S/D;Faltante
2653;2021;10/4/2021;Sabado;13:40:00;;0.0;2;Moto/Ciclomotor,Automóvil;A Rossi Y Córdoba;2;0;0;1;0;0;Calle;SANTA ROSA DE CALCHINES;Constitución;Asfalto;Pavimento;VII;Dentro;Urbana;Otra Señal;No existe;Intersección;Resbaladiza;Buena;Diurna;Buen Tiempo;Múltiple;S/D;Colisión;Agua;Horizontal
2654;2021;10/4/2021;Sabado;16:30:00;Autopista Nacional Rosario -Cordoba;392.0;2;Automóvil,Automóvil; ;4;0;0;3;0;0;Autopista;TORTUGAS;Constitución;Asfalto;Pavimento;III;Dentro;Urbana;Otra Señal;No existe;Intersección;Bueno;Reducida;Diurna;Buen Tiempo;Múltiple;S/D;Colisión;Agua;Horizontal