ID_Accidente;A�o;Fecha;Dia;Hopra;Ruta/Autop;km;Participantes;Tipo;Lugar;Total;Heridos Leves;Heridos Graves;Ilesos;Fallecidos;Sin datos;desc_tipo_via;desc_loc;desc_dpto;|;desc_tipo_banquina;desc_unidad_regional;desc_lugar_calzada;desc_zona;desc_prioridad;desc_estado_semaforo;desc_lugar_via;desc_estado_via;desc_estado_visibilidad;desc_luminosidad;desc_estado_clima;desc_tipo_colision;desc_tipo_atropello;desc_tipo_hecho;desc_pres_calzada;desc_senializacion
2655;2021;10/4/2021;Sabado;12:20:00;;0.0;2;Moto/Ciclomotor,Peatón;San Luis 1400;2;0;0;1;0;0;Calle;ROSARIO;Constitución;Asfalto;No existe;II;Dentro;Urbana;Otra Señal;Funciona;Intersección;S/D;Buena;Diurna;Buen Tiempo;Múltiple;Peatón;Colisión;Ninguna;Horizontal,Vertical
2656;2021;11/4/2021;Domingo;03:30:00;Ruta Provincial 1;79.0;1;Automóvil; ;1;1;0;0;0;0;Ruta;CAMPO DEL MEDIO;Garay;Asfalto;Natural;VII;Dentro;Urbana;Otra Señal;No existe;Recta;Resbaladiza;Reducida;Nocturna;Buen Tiempo;S/D;S/D;Colisión;Agua;Horizontal
2657;2021;11/4/2021;Domingo;22:00:00;Autopista Nacional A007;0.0;2;Automóvil,Automóvil;Av. Leandro Alem Y Calchines;2;0;0;0;0;2;Autopista;SANTA FE;La Capital;Asfalto;No existe;I;Dentro;Urbana;Otra Señal;Funciona;Intersección;Bueno;S/D;Nocturna;S/D;De alcance,Múltiple;S/D;Colisión;Ninguna;Horizontal,Vertical
2658;2021;11/4/2021;Domingo;13:30:00;;0.0;2;Automóvil,Moto/Ciclomotor;Roque Sáenz PEÑA Y Tucumán;2;1;0;1;0;0;Calle;SANTA FE;La Capital;Asfalto;No existe;I;Dentro;Urbana;Otra Señal;Funciona;Intersección;Bueno;Buena;Diurna;Buen Tiempo;De alcance,Múltiple;S/D;Colisión;Ninguna;Horizontal,Vertical
2659;2021;11/4/2021;Domingo;06:00:00;Autopista Nacional A008;0.0;2;Moto/Ciclomotor,Automóvil;Av. Circunvalación Y España;3;2;0;0;0;1;Autopista;ROSARIO;Rosario;Asfalto;No existe;II;Dentro;Urbana;Otra Señal;No existe;Intersección;Bueno;Reducida;Amanecer;Buen Tiempo;De alcance,Múltiple;S/D;Colisión;Ninguna;Faltante
2660;2021;11/4/2021;Domingo;;;0.0;2;Automóvil,Moto/Ciclomotor;French 1310;2;1;0;1;0;0;Calle;SANTA FE;La Capital;Asfalto;No existe;I;Dentro;Urbana;Otra Señal;No existe;Intersección;Bueno;Buena;S/D;Buen Tiempo;De alcance,Múltiple;S/D;Colisión;Ninguna;Faltante
2661;2021;11/4/2021;Domingo;;;0.0;2;Automóvil,Moto/Ciclomotor; ;4;3;0;0;0;1;S/D;SANTA FE;La Capital;S/D;S/D;I;S/D;S/D;Otra Señal;S/D;Intersección;S/D;S/D;S/D;S/D;De alcance,Múltiple;S/D;Colisión;S/D;S/D
2662;2021;11/4/2021;Domingo;;Ruta Nacional 11;315.0;1;Automóvil; ;1;1;0;0;0;0;Ruta;ROSARIO;Rosario;Asfalto;Natural;II;Dentro;Urbana;Otra Señal;No existe;Intersección;Bueno;S/D;Nocturna;Buen Tiempo;De alcance,Múltiple;S/D;Colisión;Ninguna;Horizontal
2663;2021;11/4/2021;Domingo;17:45:00;;0.0;1;Moto/Ciclomotor;Saavedra 1700;2;2;0;0;0;0;Calle;CAÑADA DE GÓMEZ;Iriondo;S/D;No existe;X;Dentro;Urbana;Otra Señal;S/D;Intersección;S/D;S/D;S/D;S/D;De alcance,Múltiple;S/D;Colisión;S/D;S/D
2664;2021;11/4/2021;Domingo;22:00:00;;0.0;2;Moto/Ciclomotor,Automóvil;Formosa Y Malvinas;3;1;0;2;0;0;Calle;VENADO TUERTO;General LÓPEZ;Asfalto;No existe;VIII;Dentro;Urbana;Otra Señal;No existe;Intersección;Bueno;Buena;Nocturna;Buen Tiempo;De alcance,Múltiple;S/D;Colisión;Ninguna;Faltante
2665;2021;11/4/2021;Domingo;18:45:00;;0.0;2;Automóvil,Moto/Ciclomotor;Entre Ríos Y Salta;2;1;0;1;0;0;Calle;VENADO TUERTO;General LÓPEZ;Asfalto;No existe;VIII;Dentro;Urbana;Otra Señal;No existe;Intersección;Bueno;Buena;Atardecer;Buen Tiempo;De alcance,Múltiple;S/D;Colisión;Ninguna;Faltante
2666;2021;11/4/2021;Domingo;19:07:00;;0.0;2;Automóvil,Moto/Ciclomotor;Juan José Castelli 2400;2;1;0;1;0;0;Calle;VENADO TUERTO;General LÓPEZ;Asfalto;No existe;VIII;Dentro;Urbana;Otra Señal;No existe;Intersección;Bueno;Buena;Diurna;Buen Tiempo;De alcance,Múltiple;S/D;Colisión;Ninguna;Vertical
2667;2021;11/4/2021;Domingo;15:07:00;;0.0;1;Moto/Ciclomotor;9 de Julio Y Italia;1;1;0;0;0;0;Calle;VENADO TUERTO;General LÓPEZ;Asfalto;No existe;VIII;Dentro;Urbana;Otra Señal;No existe;Intersección;Bueno;Buena;Diurna;Buen Tiempo;De alcance,Múltiple;S/D;Colisión;Ninguna;Faltante
2668;2021;11/4/2021;Domingo;03:50:00;Ruta Nacional 11;889.0;1;Moto/Ciclomotor; ;1;1;0;0;0;0;Ruta;LAS TOSCAS;General Obligado;Asfalto;Natural;IX;Dentro;Rural;Otra Señal;No existe;Intersección;Bueno;Buena;Diurna;Buen Tiempo;De alcance,Múltiple;S/D;Colisión;Ninguna;Horizontal
2669;2021;11/4/2021;Domingo;16:00:00;;0.0;1;Moto/Ciclomotor; ;1;1;0;0;0;0;Camino Rural;PEREZ;Rosario;S/D;S/D;II;Dentro;Rural;Otra Señal;S/D;Intersección;S/D;S/D;Diurna;S/D;Múltiple;S/D;Colisión;S/D;S/D
2670;2021;11/4/2021;Domingo;17:20:00;;0.0;1;Moto/Ciclomotor;Av. Pte. Perón Y Vera Mujica;1;1;0;0;0;0;Avenida;ROSARIO;Rosario;Asfalto;No existe;II;Dentro;Urbana;Otra Señal;Funciona;Intersección;Bueno;S/D;Diurna;S/D;Múltiple;S/D;Colisión;S/D;Horizontal,Vertical
2671;2021;11/4/2021;Domingo;02:00:00;;0.0;2;Peatón,Otros; ;2;1;0;0;0;1;S/D;ROSARIO;Constitución;S/D;S/D;II;S/D;S/D;Otra Señal;S/D;Intersección;S/D;S/D;Nocturna;S/D;Múltiple;Peatón;Colisión;S/D;S/D
2672;2021;11/4/2021;Domingo;19:10:00;;0.0;1;Moto/Ciclomotor; ;1;1;0;0;0;0;Calle;ROSARIO;Constitución;S/D;S/D;II;Dentro;Urbana;Otra Señal;S/D;Intersección;S/D;S/D;S/D;S/D;Múltiple;S/D;Colisión;S/D;S/D
2673;2021;11/4/2021;Domingo;18:00:00;;0.0;1;Moto/Ciclomotor;Bv. 27 De Febrero Y Primera Junta;1;1;0;0;0;0;Avenida;ROSARIO;Constitución;Asfalto;No existe;II;Dentro;Urbana;Otra Señal;Funciona;Intersección;S/D;S/D;Diurna;S/D;Múltiple;S/D;Colisión;S/D;Horizontal,Vertical
2674;2021;11/4/2021;Domingo;03:00:00;Ruta Nacional 178;0.0;2;Automóvil,Moto/Ciclomotor; ;4;0;0;3;0;0;Ruta;ARMSTRONG;Constitución;Asfalto;No existe;III;Dentro;Rural;Otra Señal;No existe;Intersección;Bueno;Buena;Nocturna;Lluvia;Múltiple;S/D;Colisión;Ninguna;Faltante
2675;2021;11/4/2021;Domingo;01:20:00;;0.0;2;Moto/Ciclomotor,Automóvil;Rio De Janeiro Y Saavedra;3;1;0;1;0;0;Calle;ROSARIO;Constitución;Asfalto;No existe;II;Dentro;Urbana;Otra Señal;No existe;Intersección;Bueno;Buena;Nocturna,Con luz artificial;Buen Tiempo;Múltiple;S/D;Colisión;Ninguna;Faltante
2676;2021;11/4/2021;Domingo;02:25:00;;0.0;1;Moto/Ciclomotor;Calle 17-Bartolome Mitre 629;1;0;0;0;0;0;Calle;RECONQUISTA;Constitución;Hormigón;No existe;IX;Dentro;Urbana;Otra Señal;No existe;Intersección;Bueno;Buena;Diurna;Buen Tiempo;Múltiple;S/D;Colisión;Ninguna;Horizontal
2677;2021;12/4/2021;Lunes;00:30:00;;0.0;2;Moto/Ciclomotor,Transporte de Pasajeros Urbano (> 8 asientos);Dr. Rivas Y Suipacha;3;2;0;1;0;0;Calle;ROSARIO;Rosario;Asfalto;No existe;II;Dentro;Urbana;Otra Señal;No existe;Intersección;Bueno;Buena;Nocturna;Buen Tiempo;Frontal;S/D;Colisión;Ninguna;Faltante
2678;2021;12/4/2021;Lunes;08:30:00;;0.0;2;Automóvil,Bicicleta;Av. Los Colonizadores Y Nicolas Schneider;2;1;0;1;0;0;Avenida;ESPERANZA;Las Colonias;Asfalto;No existe;XI;Dentro;Urbana;Otra Señal;No existe;Intersección;Bueno;Buena;Diurna;Buen Tiempo;De alcance,Múltiple;Ciclista;Colisión;Ninguna;Faltante
2679;2021;12/4/2021;Lunes;08:30:00;;0.0;2;Pickup/Utilitario,Moto/Ciclomotor;Gregorio Gamboa Y Juan de Garay;2;1;0;1;0;0;Calle;SAN JOSÉ DEL RINCÓN;La Capital;Asfalto;No existe;I;Dentro;Urbana;Otra Señal;No existe;Intersección;Bueno;Buena;Diurna;Buen Tiempo;De alcance,Múltiple;S/D;Colisión;Ninguna;Faltante
2680;2021;12/4/2021;Lunes;09:00:00;;0.0;2;Moto/Ciclomotor,Pickup/Utilitario;9 de Julio Y Amenábar;2;1;0;1;0;0;Calle;SANTA FE;La Capital;Asfalto;No existe;I;Dentro;Urbana;Otra Señal;No existe;Intersección;Bueno;Buena;Diurna;Buen Tiempo;De alcance,Múltiple;S/D;Colisión;Ninguna;Horizontal
2681;2021;12/4/2021;Lunes;14:30:00;;0.0;2;Moto/Ciclomotor,Camión Chasis;Av. Alberti Y J.J.Paso;2;1;0;1;0;0;Avenida;ROSARIO;Rosario;Asfalto;No existe;II;Dentro;Urbana;Otra Señal;Funciona;Intersección;Bueno;Buena;Diurna;Buen Tiempo;De alcance,Múltiple;S/D;Colisión;Ninguna;Horizontal,Vertical
2682;2021;12/4/2021;Lunes;09:30:00;;0.0;2;Automóvil,Bicicleta;Jujuy Y San José;3;2;0;1;0;0;Calle;SANTA FE;La Capital;Asfalto;No existe;I;Dentro;Urbana;Otra Señal;No existe;Intersección;Bueno;Buena;Diurna;Buen Tiempo;De alcance,Múltiple;Ciclista;Colisión;Ninguna;Vertical
2683;2021;12/4/2021;Lunes;16:00:00;;0.0;2;Bicicleta,Automóvil;Candioti Y Gdor. Candioti;2;1;0;1;0;0;Calle;SANTA FE;La Capital;Asfalto;No existe;I;Dentro;Urbana;Otra Señal;No existe;Intersección;Bueno;S/D;Diurna;S/D;De alcance,Múltiple;Ciclista;Colisión;S/D;Horizontal
2684;2021;12/4/2021;Lunes;09:10:00;;0.0;2;Pickup/Utilitario,Moto/Ciclomotor;Domingo Silva Y Güemes;2;1;0;1;0;0;Calle;SANTA FE;La Capital;Asfalto;No existe;I;Dentro;Urbana;Otra Señal;No existe;Intersección;Bueno;S/D;Diurna;S/D;De alcance,Múltiple;S/D;Colisión;S/D;Faltante
2685;2021;12/4/2021;Lunes;19:00:00;;0.0;2;Automóvil,Moto/Ciclomotor;Av. Pte. Perón Y Salvador Caputo;2;1;0;1;0;0;Avenida;SANTA FE;La Capital;Asfalto;No existe;I;Dentro;Urbana;Otra Señal;No existe;Intersección;Bueno;Buena;Nocturna;Buen Tiempo;De alcance,Múltiple;S/D;Colisión;Ninguna;Vertical
2686;2021;12/4/2021;Lunes;16:00:00;;0.0;2;Pickup/Utilitario,Moto/Ciclomotor;Dr. Zavalla Y Gdor. Crespo;3;2;0;1;0;0;Calle;SANTA FE;La Capital;Hormigón;No existe;I;Dentro;Urbana;Otra Señal;No existe;Intersección;Bueno;Buena;Diurna;Buen Tiempo;De alcance,Múltiple;S/D;Colisión;Ninguna;Faltante
2687;2021;12/4/2021;Lunes;14:50:00;;0.0;2;Peatón,Moto/Ciclomotor;Av. Pte. Perón Y Salvador Caputo;3;3;0;0;0;0;Avenida;SANTA FE;La Capital;Asfalto;No existe;I;Dentro;Urbana;Otra Señal;Funciona;Intersección;Bueno;Buena;Diurna;Buen Tiempo;De alcance,Múltiple;S/D;Colisión;Ninguna;Horizontal,Vertical
2688;2021;12/4/2021;Lunes;10:30:00;;0.0;2;Automóvil,Moto/Ciclomotor;Hipólito Yrigoyen Y Saavedra;2;1;0;1;0;0;Calle;SANTA FE;La Capital;Asfalto;No existe;I;Dentro;Urbana;Otra Señal;Funciona;Intersección;Bueno;Buena;Diurna;Buen Tiempo;De alcance,Múltiple;S/D;Colisión;Ninguna;Horizontal,Vertical
2689;2021;12/4/2021;Lunes;08:00:00;;0.0;2;Vehículo Oficial,Automóvil;Av. Urquiza Y Uruguay;2;2;0;0;0;0;Avenida;SANTA FE;La Capital;Asfalto;No existe;I;Dentro;Urbana;Otra Señal;No existe;Intersección;Bueno;Buena;Diurna;Buen Tiempo;De alcance,Múltiple;S/D;Colisión;Ninguna;Horizontal
2690;2021;12/4/2021;Lunes;20:20:00;Ruta Provincial 6;46.0;1;Automóvil;San Martin ;1;0;0;0;1;0;Ruta;SAN CARLOS CENTRO;Las Colonias;Asfalto;Natural;XI;Fuera;Rural;Otra Señal;No existe;Intersección;Bueno;Reducida;Nocturna;Buen Tiempo;De alcance,Múltiple;S/D;Colisión;Ninguna;Horizontal
2691;2021;12/4/2021;Lunes;18:30:00;;0.0;1;Moto/Ciclomotor;Bv T Madrejón Y H Irigoyen;1;1;0;0;0;0;Avenida;SAN JAVIER;San Javier;Asfalto;No existe;XIV;Dentro;Urbana;Otra Señal;No existe;Intersección;Bueno;Buena;Diurna;Buen Tiempo;Múltiple;S/D;Colisión;Ninguna;Faltante
2692;2021;12/4/2021;Lunes;14:30:00;;0.0;1;Moto/Ciclomotor;Av. Corrientes Y Uruguay;1;1;0;0;0;0;Calle;ROSARIO;Rosario;Asfalto;No existe;II;Dentro;Urbana;Otra Señal;No existe;Intersección;S/D;S/D;Diurna;S/D;Múltiple;S/D;Colisión;Ninguna;Vertical
2693;2021;12/4/2021;Lunes;16:00:00;;0.0;1;Moto/Ciclomotor;ESPINILLO Y JUAN XXIII;1;1;0;0;0;0;Calle;ROSARIO;Rosario;Asfalto;No existe;II;Dentro;Urbana;Otra Señal;No existe;Intersección;S/D;S/D;Diurna;S/D;Múltiple;S/D;Colisión;S/D;Faltante
2694;2021;12/4/2021;Lunes;17:00:00;;0.0;1;Moto/Ciclomotor;Bv. Seguí Y Mitre;1;1;0;0;0;0;Avenida;ROSARIO;Rosario;Asfalto;No existe;II;Dentro;Urbana;Otra Señal;No existe;Intersección;Bueno;S/D;Diurna;S/D;Múltiple;S/D;Colisión;S/D;Horizontal,Vertical
2695;2021;12/4/2021;Lunes;13:05:00;;0.0;1;Moto/Ciclomotor; ;1;1;0;0;0;0;S/D;ROSARIO;Constitución;S/D;S/D;II;S/D;S/D;Otra Señal;S/D;Intersección;S/D;S/D;S/D;S/D;Múltiple;S/D;Colisión;S/D;S/D
2696;2021;12/4/2021;Lunes;13:00:00;;0.0;1;Moto/Ciclomotor; ;1;1;0;0;0;0;S/D;ROSARIO;Constitución;S/D;S/D;II;S/D;S/D;Otra Señal;S/D;Intersección;S/D;S/D;S/D;S/D;Múltiple;S/D;Colisión;S/D;S/D
2697;2021;12/4/2021;Lunes;13:30:00;;0.0;1;Moto/Ciclomotor; ;2;2;0;0;0;0;S/D;ROSARIO;Constitución;S/D;S/D;II;S/D;S/D;Otra Señal;S/D;Intersección;S/D;S/D;S/D;S/D;Múltiple;S/D;Colisión;S/D;S/D
2698;2021;12/4/2021;Lunes;14:00:00;;0.0;1;Moto/Ciclomotor;Colombia Y José Ingenieros;1;1;0;0;0;0;Calle;ROSARIO;Constitución;Asfalto;No existe;II;Dentro;Urbana;Otra Señal;No existe;Intersección;S/D;S/D;Diurna;S/D;Múltiple;S/D;Colisión;S/D;Faltante
2699;2021;12/4/2021;Lunes;11:30:00;;0.0;2;Automóvil,Bicicleta;Schweitzer Y Tarragona;2;0;0;1;0;0;Calle;ROSARIO;Constitución;Asfalto;No existe;II;Dentro;Urbana;Otra Señal;No existe;Intersección;Bueno;Buena;Diurna;Buen Tiempo;Múltiple;Ciclista;Colisión;Ninguna;Faltante
2700;2021;12/4/2021;Lunes;20:00:00;Ruta Nacional 11;0.0;1;Moto/Ciclomotor;Av. L de la Torre-Ruta Nac 11 Y J J Paso;1;0;0;0;0;0;Ruta;CORONDA;Constitución;Asfalto;No existe;XV;Dentro;Urbana;Otra Señal;Funciona;Intersección;Bueno;Buena;Diurna;Buen Tiempo;Múltiple;S/D;Colisión;Ninguna;Horizontal,Vertical
2701;2021;13/4/2021;Martes;19:00:00;Ruta Provincial 6;55.0;2;Automóvil,Moto/Ciclomotor; ;2;1;0;1;0;0;Ruta;FRANCK;Las Colonias;Asfalto;Natural;XI;Dentro;Rural;Otra Señal;No existe;Recta;Bueno;Buena;Atardecer;Buen Tiempo;Múltiple;S/D;Colisión;Ninguna;Horizontal
2702;2021;13/4/2021;Martes;20:10:00;;0.0;2;Bicicleta,Automóvil;Avenida 21 Y Calle 13;2;1;0;1;0;0;Avenida;LAS PAREJAS;Belgrano;Hormigón;No existe;III;Dentro;Urbana;Otra Señal;No existe;Rotonda;Bueno;Buena;Nocturna,Con luz artificial;Buen Tiempo;S/D;Ciclista;Colisión;Ninguna;Horizontal
2703;2021;13/4/2021;Martes;12:55:00;;0.0;2;Moto/Ciclomotor,Pickup/Utilitario;Av. Francia Y Saavedra;2;1;0;1;0;0;Avenida;ROSARIO;Rosario;Asfalto;No existe;II;Dentro;Urbana;Otra Señal;No existe;Recta;Bueno;Buena;Diurna;Buen Tiempo;S/D;S/D;Colisión;Ninguna;Faltante
2704;2021;13/4/2021;Martes;16:15:00;;0.0;2;Moto/Ciclomotor,Automóvil;Pte. Quintana Y Vera Mujica;2;1;0;1;0;0;Calle;ROSARIO;Rosario;Asfalto;No existe;II;Dentro;Urbana;Otra Señal;No existe;Intersección;Bueno;Buena;Diurna;Buen Tiempo;Lateral;S/D;Colisión;Ninguna;Faltante
2705;2021;13/4/2021;Martes;17:40:00;;0.0;2;Automóvil,Bicicleta;Centeno Y San Nicolas;2;1;0;1;0;0;Calle;ROSARIO;Rosario;Asfalto;No existe;II;Dentro;Urbana;Otra Señal;No existe;Intersección;Bueno;Buena;Diurna;Buen Tiempo;S/D;Ciclista;Colisión;Ninguna;Faltante
2706;2021;13/4/2021;Martes;06:45:00;Ruta Provincial 18;0.0;2;Moto/Ciclomotor,Automóvil;Av. Ovidio Lagos 6800;2;1;0;1;0;0;Ruta;ROSARIO;Rosario;Asfalto;No existe;II;Dentro;Urbana;Otra Señal;Funciona;Recta;Bueno;Buena;Amanecer;Buen Tiempo;Lateral;S/D;Colisión;Ninguna;Vertical
2707;2021;13/4/2021;Martes;07:50:00;;0.0;2;Moto/Ciclomotor,Automóvil;Av. Brassey Y Donado;2;1;0;1;0;0;Avenida;ROSARIO;Rosario;Asfalto;No existe;II;Dentro;Urbana;Otra Señal;No existe;Intersección;Bueno;Buena;Diurna;Buen Tiempo;Lateral;S/D;Colisión;Ninguna;Vertical
2708;2021;13/4/2021;Martes;12:10:00;;0.0;2;Pickup/Utilitario,Moto/Ciclomotor;Dorrego ;2;1;0;1;0;0;Calle;CERES;San CRISTÓBAL;Asfalto;No existe;XIII;Dentro;Urbana;Otra Señal;No existe;Recta;Bueno;Buena;Diurna;Buen Tiempo;De alcance,Múltiple;S/D;Colisión;Ninguna;Faltante
2709;2021;13/4/2021;Martes;22:40:00;;0.0;1;Moto/Ciclomotor;Caseros 600;3;2;0;1;0;0;Calle;SAN CRISTÓBAL;San CRISTÓBAL;Asfalto;No existe;XIII;Dentro;Urbana;Otra Señal;No existe;Intersección;Bueno;Buena;Nocturna;Buen Tiempo;De alcance,Múltiple;S/D;Colisión;Ninguna;Horizontal
2710;2021;13/4/2021;Martes;00:15:00;;0.0;2;Pickup/Utilitario,Moto/Ciclomotor;Av. Francia Y Av. Luis Carballo;2;1;0;1;0;0;Avenida;ROSARIO;Rosario;Asfalto;No existe;II;Dentro;Urbana;Otra Señal;Funciona;Rotonda;Bueno;Buena;Diurna;Buen Tiempo;De alcance,Múltiple;S/D;Colisión;Ninguna;Horizontal,Vertical
2711;2021;13/4/2021;Martes;09:25:00;;0.0;2;Moto/Ciclomotor,Pickup/Utilitario;Av. Luis Carballo Y Albert Sabin;3;2;0;1;0;0;Avenida;ROSARIO;Rosario;Asfalto;No existe;II;Dentro;Urbana;Otra Señal;Funciona;Intersección;Con baches;Buena;Diurna;Buen Tiempo;De alcance,Múltiple;S/D;Colisión;Ninguna;Horizontal
2712;2021;13/4/2021;Martes;14:00:00;;0.0;2;Moto/Ciclomotor,Automóvil;Bv Belgrano Y Estanislao López;2;1;0;1;0;0;Avenida;CALCHAQUÍ;Vera;Asfalto;No existe;XIX;Dentro;Urbana;Otra Señal;No existe;Intersección;Bueno;Buena;Diurna;Buen Tiempo;De alcance,Múltiple;S/D;Colisión;Ninguna;Horizontal
2713;2021;13/4/2021;Martes;;Ruta Nacional 11;0.0;1;Automóvil; ;1;1;0;0;0;0;Ruta;SANTA FE;La Capital;Asfalto;No existe;I;Fuera;Urbana;Otra Señal;No existe;Intersección;Bueno;S/D;S/D;S/D;De alcance,Múltiple;S/D;Colisión;Ninguna;Faltante
2714;2021;13/4/2021;Martes;;Ruta Nacional A007;0.0;1;Pickup/Utilitario; ;2;2;0;0;0;0;Ruta;SANTA FE;La Capital;Asfalto;No existe;I;Fuera;Urbana;Otra Señal;No existe;Intersección;Bueno;S/D;S/D;S/D;De alcance,Múltiple;S/D;Colisión;Ninguna;Faltante
2715;2021;13/4/2021;Martes;07:05:00;;0.0;2;Automóvil,Moto/Ciclomotor; ;2;1;0;1;0;0;Calle;VENADO TUERTO;General LÓPEZ;Asfalto;No existe;VIII;Dentro;Urbana;Otra Señal;No existe;Intersección;Bueno;Buena;Amanecer;Buen Tiempo;De alcance,Múltiple;S/D;Colisión;Ninguna;Vertical
2716;2021;13/4/2021;Martes;14:50:00;;0.0;2;Automóvil,Moto/Ciclomotor;Alberdi Juan Bautista Y Falucho;2;1;0;1;0;0;Calle;VENADO TUERTO;General LÓPEZ;Asfalto;No existe;VIII;Dentro;Urbana;Otra Señal;No existe;Intersección;Bueno;Buena;Diurna;Buen Tiempo;De alcance,Múltiple;S/D;Colisión;Ninguna;Faltante
2717;2021;13/4/2021;Martes;19:30:00;;0.0;2;Moto/Ciclomotor,Automóvil;Leandro N Alem Y Uruguay;2;1;0;1;0;0;Calle;VENADO TUERTO;General LÓPEZ;Asfalto;No existe;VIII;Dentro;Urbana;Otra Señal;No existe;Intersección;Bueno;Buena;Diurna;Buen Tiempo;De alcance,Múltiple;S/D;Colisión;Ninguna;Faltante
2718;2021;13/4/2021;Martes;17:25:00;;0.0;2;Moto/Ciclomotor,Automóvil;Bartolomé Mitre 1500;2;1;0;1;0;0;Calle;VILLA OCAMPO;General Obligado;Asfalto;No existe;IX;Dentro;Urbana;Otra Señal;S/D;Intersección;S/D;Buena;Diurna;Buen Tiempo;De alcance,Múltiple;S/D;Colisión;Ninguna;S/D
2719;2021;13/4/2021;Martes;21:20:00;Ruta Provincial 10;67.0;2;Automóvil,Moto/Ciclomotor; ;4;2;0;2;0;0;Ruta;CASALEGNO;San JERÓNIMO;Asfalto;Natural;XVII;Dentro;Urbana;Otra Señal;No existe;Intersección;Bueno;Buena;Nocturna;Buen Tiempo;De alcance,Múltiple;S/D;Colisión;Ninguna;S/D
2720;2021;13/4/2021;Martes;14:00:00;;0.0;2;Moto/Ciclomotor,Automóvil;Calle 13-Iturraspe 1200;2;1;0;1;0;0;Calle;RECONQUISTA;General Obligado;Asfalto;No existe;IX;Dentro;Urbana;Otra Señal;No existe;Intersección;Bueno;Buena;Diurna;Buen Tiempo;Múltiple;S/D;Colisión;Ninguna;Faltante
2721;2021;13/4/2021;Martes;15:00:00;;0.0;1;Automóvil;Balcarce Y Tucumán;1;1;0;0;0;0;Calle;ROSARIO;Rosario;Asfalto;No existe;II;Dentro;Urbana;Otra Señal;No existe;Intersección;Bueno;Buena;Diurna;S/D;Múltiple;S/D;Colisión;S/D;Horizontal
2722;2021;13/4/2021;Martes;00:05:00;;0.0;2;Moto/Ciclomotor,Moto/Ciclomotor;Roullon 4200;2;1;0;0;0;1;Avenida;ROSARIO;Rosario;Asfalto;No existe;II;Dentro;Urbana;Otra Señal;No existe;Intersección;Bueno;S/D;Nocturna;S/D;Múltiple;S/D;Colisión;S/D;Faltante
2723;2021;13/4/2021;Martes;22:30:00;;0.0;1;Automóvil;P.L.Funes Y Uruguay;1;1;0;0;0;0;Calle;ROSARIO;Rosario;Asfalto;No existe;II;Dentro;Urbana;Otra Señal;No existe;Intersección;Deteriorada;S/D;Nocturna;S/D;Múltiple;S/D;Colisión;S/D;Faltante
2724;2021;13/4/2021;Martes;07:00:00;;0.0;1;Moto/Ciclomotor;Bv. Seguí Y San Martin;1;1;0;0;0;0;Avenida;ROSARIO;Rosario;Asfalto;No existe;II;Dentro;Urbana;Otra Señal;Funciona;Intersección;Bueno;S/D;Diurna;S/D;Múltiple;S/D;Colisión;S/D;Horizontal,Vertical
2725;2021;13/4/2021;Martes;22:00:00;;0.0;1;Automóvil; ;1;1;0;0;0;0;S/D;ROSARIO;Constitución;S/D;S/D;II;S/D;S/D;Otra Señal;S/D;Intersección;S/D;S/D;Nocturna;S/D;Múltiple;S/D;Colisión;S/D;S/D
2726;2021;13/4/2021;Martes;00:05:00;;0.0;1;Moto/Ciclomotor; ;1;0;0;0;0;0;S/D;VILLA GOBERNADOR GÁLVEZ;Constitución;S/D;S/D;II;S/D;S/D;Otra Señal;S/D;Intersección;S/D;S/D;Nocturna;S/D;Múltiple;S/D;Colisión;S/D;S/D
2727;2021;14/4/2021;Miercoles;08:15:00;;0.0;2;Pickup/Utilitario,Moto/Ciclomotor;Maipú Y Las Tres Lagunas;2;1;0;1;0;0;Calle;LAS ROSAS;Belgrano;Hormigón;No existe;III;Dentro;Urbana;Otra Señal;No existe;Intersección;Bueno;Buena;Diurna;Buen Tiempo;Lateral;S/D;Colisión;Ninguna;Faltante
2728;2021;14/4/2021;Miercoles;14:45:00;;0.0;2;Pickup/Utilitario,Moto/Ciclomotor;Bv. Avellaneda Y Cerrito;2;1;0;1;0;0;Avenida;ROSARIO;Rosario;Asfalto;No existe;II;Dentro;Urbana;Otra Señal;Funciona;Intersección;Bueno;Buena;Diurna;Buen Tiempo;S/D;S/D;Colisión;Ninguna;Horizontal,Vertical
2729;2021;14/4/2021;Miercoles;17:45:00;;0.0;2;Taxi/Remis,Peatón;Méjico Bis 1232;3;1;0;2;0;0;Calle;ROSARIO;Rosario;Asfalto;No existe;II;Dentro;Urbana;Otra Señal;No existe;Recta;Bueno;Buena;Diurna;Buen Tiempo;S/D;Ciclista;Colisión;Ninguna;Faltante
2730;2021;14/4/2021;Miercoles;19:00:00;;0.0;2;Bicicleta,Automóvil;Mendoza Y Ricardo Rojas;2;1;0;1;0;0;Avenida;ROSARIO;Rosario;Asfalto;No existe;II;Dentro;Urbana;Otra Señal;No existe;Intersección;Bueno;Buena;Atardecer;Buen Tiempo;S/D;Ciclista;Colisión;Ninguna;Faltante