ID_Accidente;A�o;Fecha;Dia;Hopra;Ruta/Autop;km;Participantes;Tipo;Lugar;Total;Heridos Leves;Heridos Graves;Ilesos;Fallecidos;Sin datos;desc_tipo_via;desc_loc;desc_dpto;|;desc_tipo_banquina;desc_unidad_regional;desc_lugar_calzada;desc_zona;desc_prioridad;desc_estado_semaforo;desc_lugar_via;desc_estado_via;desc_estado_visibilidad;desc_luminosidad;desc_estado_clima;desc_tipo_colision;desc_tipo_atropello;desc_tipo_hecho;desc_pres_calzada;desc_senializacion
2731;2021;14/4/2021;Miercoles;12:55:00;Ruta Nacional 9;0.0;2;Automóvil,Moto/Ciclomotor;Perón Y Ruta Nacional 9;2;1;0;1;0;0;Ruta;FUNES;Rosario;Asfalto;No existe;II;Dentro;Urbana;Otra Señal;No existe;Intersección;Bueno;Buena;Diurna;Buen Tiempo;Frontal;S/D;Colisión;Ninguna;Faltante
2732;2021;14/4/2021;Miercoles;15:30:00;;0.0;2;Automóvil,Automóvil;Av. Fuerza Aérea Y Roca;2;1;0;1;0;0;Avenida;FUNES;Rosario;Asfalto;Natural;II;Dentro;Urbana;Otra Señal;No existe;Intersección;Bueno;Buena;Diurna;Buen Tiempo;Lateral;S/D;Colisión;Ninguna;Faltante
2733;2021;14/4/2021;Miercoles;17:20:00;;0.0;2;Bicicleta,Moto/Ciclomotor;Ing. Mosconi Y Iriondo;2;2;0;0;0;0;Calle;VILLA GOBERNADOR GÁLVEZ;Rosario;Asfalto;No existe;II;Dentro;Urbana;Otra Señal;No existe;Intersección;Bueno;Buena;Diurna;Buen Tiempo;S/D;Ciclista;Colisión;Ninguna;Faltante
2734;2021;14/4/2021;Miercoles;18:30:00;;0.0;2;Bicicleta,Automóvil;Dorrego Y 3 De Febrero;2;1;0;1;0;0;Calle;ROSARIO;Rosario;Asfalto;No existe;II;Dentro;Urbana;Otra Señal;No existe;Intersección;Bueno;Buena;Diurna;Buen Tiempo;De alcance,Múltiple;Ciclista;Colisión;Ninguna;Vertical
2735;2021;14/4/2021;Miercoles;14:45:00;;0.0;2;Automóvil,Automóvil;Av. Pellegrini Y Gutenberg;5;3;0;2;0;0;Avenida;ROSARIO;Rosario;Asfalto;No existe;II;Dentro;Urbana;Otra Señal;Funciona;Intersección;Bueno;Buena;Diurna;Buen Tiempo;De alcance,Múltiple;S/D;Colisión;Ninguna;Horizontal,Vertical
2736;2021;14/4/2021;Miercoles;22:00:00;;0.0;2;Moto/Ciclomotor,Automóvil;Iturraspe Y Pintor Musto;2;1;0;1;0;0;Calle;ROSARIO;Rosario;Asfalto;No existe;II;Dentro;Urbana;Otra Señal;No existe;Intersección;Bueno;Buena;Diurna;Buen Tiempo;De alcance,Múltiple;S/D;Colisión;Ninguna;Faltante
2737;2021;14/4/2021;Miercoles;11:30:00;;0.0;2;Automóvil,Moto/Ciclomotor;Monseñor Zaspe Y San José;2;1;0;1;0;0;Calle;SANTA FE;La Capital;Asfalto;No existe;I;Dentro;Urbana;Otra Señal;No existe;Intersección;Bueno;Buena;Diurna;Buen Tiempo;De alcance,Múltiple;S/D;Colisión;Ninguna;Faltante
2738;2021;14/4/2021;Miercoles;10:00:00;;0.0;2;Pickup/Utilitario,Moto/Ciclomotor;Av. Freyre Y Salta;3;2;0;1;0;0;Avenida;SANTA FE;La Capital;Asfalto;No existe;I;Dentro;Urbana;Otra Señal;No existe;Intersección;Bueno;Buena;Diurna;Buen Tiempo;De alcance,Múltiple;S/D;Colisión;Ninguna;Vertical
2739;2021;14/4/2021;Miercoles;08:30:00;;0.0;2;Bicicleta,Automóvil;Av. López y Planes Y Juan Del Campillo;2;1;0;1;0;0;Avenida;SANTA FE;La Capital;Asfalto;No existe;I;Dentro;Urbana;Otra Señal;Funciona;Intersección;Bueno;Buena;Diurna;Buen Tiempo;De alcance,Múltiple;Ciclista;Colisión;Ninguna;Horizontal,Vertical
2740;2021;14/4/2021;Miercoles;12:30:00;;0.0;2;Moto/Ciclomotor,Pickup/Utilitario;Av. Peñaloza Y Risso;2;1;0;1;0;0;Avenida;SANTA FE;La Capital;Asfalto;No existe;I;Dentro;Urbana;Otra Señal;No existe;Intersección;Bueno;Buena;Diurna;Buen Tiempo;De alcance,Múltiple;S/D;Colisión;Ninguna;Faltante
2741;2021;14/4/2021;Miercoles;;Autovía Nacional 19;5.0;2;Moto/Ciclomotor,Camión; ;2;1;0;1;0;0;Autovía;SANTA FE;La Capital;Asfalto;Pavimento;I;Dentro;Urbana;Otra Señal;No existe;Intersección;Bueno;Buena;Diurna;Buen Tiempo;De alcance,Múltiple;S/D;Colisión;Ninguna;Horizontal
2742;2021;14/4/2021;Miercoles;;Ruta Nacional A007;0.0;2;Automóvil,Peatón;ESTACIÓN DE BOMBEO 2 ;2;1;0;1;0;0;Ruta;SANTA FE;La Capital;Asfalto;Natural;I;Dentro;Urbana;Otra Señal;No existe;Intersección;Bueno;Buena;Diurna;Buen Tiempo;De alcance,Múltiple;Peatón;Colisión;Ninguna;Horizontal
2743;2021;14/4/2021;Miercoles;;;0.0;2;Moto/Ciclomotor,Automóvil;Frutos Y Simón de Iriondo;2;1;0;1;0;0;Calle;SANTO TOMÉ;La Capital;Ripio;No existe;I;Dentro;Urbana;Otra Señal;No existe;Intersección;Bueno;Buena;S/D;Buen Tiempo;De alcance,Múltiple;S/D;Colisión;Ninguna;Faltante
2744;2021;14/4/2021;Miercoles;13:30:00;;0.0;2;Automóvil,Moto/Ciclomotor;Cerrito 500;2;1;0;1;0;0;Calle;LAS ROSAS;Belgrano;Asfalto;No existe;III;Dentro;Urbana;Otra Señal;No existe;Intersección;Bueno;Buena;Diurna;Buen Tiempo;De alcance,Múltiple;S/D;Colisión;Ninguna;Vertical
2745;2021;14/4/2021;Miercoles;10:35:00;Ruta Nacional 11;0.0;1;Moto/Ciclomotor;Av. L de la Torre-Ruta Nac 11 1600;1;1;0;0;0;0;Ruta;CORONDA;San JERÓNIMO;Asfalto;Ripio;XV;Dentro;Urbana;Otra Señal;No existe;Intersección;Bueno;Buena;Diurna;Buen Tiempo;De alcance,Múltiple;S/D;Colisión;Ninguna;Horizontal
2746;2021;14/4/2021;Miercoles;06:00:00;Autopista Provincial Brigadier E.LÓPEZ;21.0;2;Pickup/Utilitario,Automóvil; ;9;2;0;7;0;0;Autopista;PUERTO SAN MARTÍN;San Lorenzo;Asfalto;Natural;XVII;Dentro;Rural;Otra Señal;No existe;Intersección;Bueno;Reducida;Amanecer;Buen Tiempo;De alcance,Múltiple;S/D;Colisión;Ninguna;Horizontal
2747;2021;14/4/2021;Miercoles;08:15:00;Ruta Nacional 8;362.0;2;Moto/Ciclomotor,Automóvil; ;2;1;0;1;0;0;Ruta;VENADO TUERTO;General LÓPEZ;Asfalto;No existe;VIII;Dentro;Urbana;Otra Señal;No existe;Intersección;Bueno;Buena;Diurna;Buen Tiempo;De alcance,Múltiple;S/D;Colisión;Ninguna;Horizontal
2748;2021;14/4/2021;Miercoles;17:05:00;;0.0;2;Automóvil,Moto/Ciclomotor;Almafuerte Y José Aufranc;2;1;0;1;0;0;Calle;VENADO TUERTO;General LÓPEZ;Tierra;No existe;VIII;Dentro;Urbana;Otra Señal;No existe;Intersección;Bueno;Buena;Diurna;Buen Tiempo;De alcance,Múltiple;S/D;Colisión;Ninguna;Faltante
2749;2021;14/4/2021;Miercoles;;;0.0;2;Moto/Ciclomotor,Moto/Ciclomotor;Av. Italia Y Edison;2;1;0;0;0;1;Avenida;RAFAELA;Castellanos;Asfalto;No existe;V;Dentro;Urbana;Otra Señal;No existe;Intersección;Bueno;Buena;S/D;Buen Tiempo;De alcance,Múltiple;S/D;Colisión;Ninguna;Vertical
2750;2021;14/4/2021;Miercoles;;;0.0;2;Pickup/Utilitario,Moto/Ciclomotor;Ciudad de Casilda Y Gral. Juan Pablo López;2;1;0;1;0;0;Calle;RAFAELA;Castellanos;Asfalto;No existe;V;Dentro;Urbana;Otra Señal;No existe;Intersección;Bueno;Buena;S/D;Buen Tiempo;De alcance,Múltiple;S/D;Colisión;Ninguna;Faltante
2751;2021;14/4/2021;Miercoles;12:20:00;;0.0;2;Automóvil,Moto/Ciclomotor;C. Peralta Y Mitre;2;1;0;1;0;0;Calle;CAÑADA DE GÓMEZ;Iriondo;Asfalto;No existe;X;Dentro;Urbana;Otra Señal;No existe;Intersección;Bueno;Buena;Diurna;Buen Tiempo;De alcance,Múltiple;S/D;Colisión;Ninguna;Horizontal
2752;2021;14/4/2021;Miercoles;;;0.0;2;Moto/Ciclomotor,Automóvil;Ciudad de Esperanza Y Pbro A Zurbriggen;2;1;0;1;0;0;Calle;RAFAELA;Castellanos;Asfalto,Tierra;No existe;V;Dentro;Urbana;Otra Señal;No existe;Intersección;Bueno;Buena;Diurna;Buen Tiempo;De alcance,Múltiple;S/D;Colisión;Ninguna;Faltante
2753;2021;14/4/2021;Miercoles;14:30:00;Ruta Provincial 70;79.0;1;Moto/Ciclomotor;Bv Santa Fe Y Liniers;2;1;0;0;1;0;Ruta;RAFAELA;Castellanos;Asfalto;No existe;V;S/D;Urbana;Otra Señal;Funciona;Intersección;S/D;S/D;Diurna;S/D;De alcance,Múltiple;S/D;Colisión;Ninguna;Horizontal,Vertical
2754;2021;14/4/2021;Miercoles;06:40:00;;0.0;2;Bicicleta,Moto/Ciclomotor;AV. AMÉRICA Y VUCETICH;2;2;0;0;0;0;Avenida;PUERTO SAN MARTÍN;San Lorenzo;Asfalto;No existe;XVII;Dentro;Urbana;Otra Señal;No existe;Intersección;Deteriorada;Buena;Amanecer;Buen Tiempo;De alcance,Múltiple;Ciclista;Colisión;Ninguna;Faltante
2755;2021;14/4/2021;Miercoles;11:05:00;;0.0;2;Moto/Ciclomotor,Automóvil;Calle 16-Obligado ;2;1;0;1;0;0;Calle;RECONQUISTA;General Obligado;Asfalto;No existe;IX;Dentro;Urbana;Otra Señal;No existe;Intersección;Bueno;Buena;Diurna;Buen Tiempo;Múltiple;S/D;Colisión;Ninguna;S/D
2756;2021;14/4/2021;Miercoles;10:50:00;;0.0;2;Automóvil,Automóvil;Calle 20 9 de Julio Y Calle 25-Rivadavia;3;2;0;1;0;0;Calle;RECONQUISTA;General Obligado;Asfalto;No existe;IX;Dentro;Urbana;Otra Señal;No existe;Intersección;Bueno;Buena;Diurna;Buen Tiempo;Múltiple;S/D;Colisión;Ninguna;Faltante
2757;2021;14/4/2021;Miercoles;08:00:00;;0.0;2;Moto/Ciclomotor,Moto/Ciclomotor;Biedma Y Castellanos;2;2;0;0;0;0;Calle;ROSARIO;Rosario;Asfalto;No existe;II;Dentro;Urbana;Otra Señal;No existe;Intersección;Deteriorada;S/D;Diurna;S/D;Múltiple;S/D;Colisión;S/D;Faltante
2758;2021;14/4/2021;Miercoles;21:00:00;;0.0;1;Moto/Ciclomotor;Córdoba Y Dorrego;1;1;0;0;0;0;Calle;ROSARIO;Rosario;Asfalto;No existe;II;Dentro;Urbana;Otra Señal;No existe;Intersección;Bueno;S/D;S/D;S/D;Múltiple;S/D;Colisión;S/D;Horizontal
2759;2021;14/4/2021;Miercoles;08:00:00;Ruta Nacional 11;489.0;2;Moto/Ciclomotor,Moto/Ciclomotor; ;2;1;0;0;0;0;Ruta;CANDIOTI;Constitución;Asfalto;Natural;I;Dentro;Rural;Otra Señal;No existe;Intersección;Bueno;Buena;Nocturna;Buen Tiempo;Múltiple;S/D;Colisión;Ninguna;Horizontal
2760;2021;14/4/2021;Miercoles;18:00:00;;0.0;2;Otros,Moto/Ciclomotor;Donado Y Mendoza;2;1;0;0;0;0;Calle;ROSARIO;Constitución;Asfalto;No existe;II;Dentro;Urbana;Otra Señal;Funciona;Intersección;Bueno;S/D;Diurna;S/D;Múltiple;S/D;Colisión;S/D;Vertical
2761;2021;15/4/2021;Jueves;17:50:00;;0.0;3;Peatón,Peatón,Moto/Ciclomotor;Bv. Avellaneda 4500;3;2;0;1;0;0;Avenida;ROSARIO;Rosario;Asfalto;No existe;II;Dentro;Urbana;Otra Señal;No existe;Intersección;Bueno;Buena;Diurna;Buen Tiempo;S/D;Peatón;Colisión;Ninguna;Faltante
2762;2021;15/4/2021;Jueves;11:40:00;;0.0;1;Bicicleta;Mitre Y P Opicci;1;1;0;0;0;0;Calle;VILLA GOBERNADOR GÁLVEZ;Rosario;Asfalto;No existe;II;Dentro;Urbana;Otra Señal;Funciona;Intersección;Bueno;Buena;Diurna;Buen Tiempo;S/D;S/D;Colisión;Ninguna;Vertical
2763;2021;15/4/2021;Jueves;13:10:00;Ruta Nacional 9;283.0;2;Automóvil,Camión Chasis; ;2;2;0;0;0;0;Ruta;ALVEAR;Rosario;Hormigón;No existe;II;Dentro;Urbana;Otra Señal;No existe;Recta;Con baches;Buena;Diurna;Buen Tiempo;S/D;S/D;Colisión;Ninguna;Horizontal
2764;2021;15/4/2021;Jueves;19:30:00;;0.0;2;Bicicleta,Automóvil;Ami Droz Y Domingo Faustino Sarmiento;2;1;0;1;0;0;Calle;ESPERANZA;Las Colonias;Asfalto;No existe;XI;Dentro;Urbana;Otra Señal;No existe;Intersección;Bueno;Buena;Diurna;Buen Tiempo;De alcance,Múltiple;S/D;Colisión;Ninguna;Faltante
2765;2021;15/4/2021;Jueves;18:00:00;Ruta Provincial 70;0.0;2;Moto/Ciclomotor,Automóvil;Maipú Y Ruta provincial 70;2;1;0;1;0;0;Ruta;ESPERANZA;Las Colonias;Asfalto;Pavimento;XI;Dentro;Urbana;Otra Señal;No existe;Intersección;Bueno;Buena;Diurna;Buen Tiempo;De alcance,Múltiple;S/D;Colisión;Ninguna;Horizontal
2766;2021;15/4/2021;Jueves;13:00:00;;0.0;2;Bicicleta,Moto/Ciclomotor;Av. de los Trabaj. Ferroviario Y Falucho;2;1;0;1;0;0;Avenida;SAN CRISTÓBAL;San CRISTÓBAL;Asfalto;No existe;XIII;Dentro;Urbana;Otra Señal;No existe;Intersección;Bueno;Buena;Diurna;Buen Tiempo;De alcance,Múltiple;Ciclista;Colisión;Ninguna;Faltante
2767;2021;15/4/2021;Jueves;17:15:00;;0.0;2;Automóvil,Moto/Ciclomotor;Moreno Y San Jerónimo;2;1;0;1;0;0;Calle;SANTA FE;La Capital;Asfalto;No existe;I;Dentro;Urbana;Otra Señal;No existe;Intersección;Bueno;Buena;Diurna;Buen Tiempo;De alcance,Múltiple;S/D;Colisión;Ninguna;Horizontal
2768;2021;15/4/2021;Jueves;18:50:00;;0.0;2;Bicicleta,Automóvil;San Jerónimo 2550;2;1;0;1;0;0;Calle;SANTA FE;La Capital;Asfalto;No existe;I;Dentro;Urbana;Otra Señal;No existe;Intersección;Bueno;Buena;Atardecer;Buen Tiempo;De alcance,Múltiple;Ciclista;Colisión;Ninguna;Faltante
2769;2021;15/4/2021;Jueves;14:45:00;;0.0;2;Moto/Ciclomotor,Automóvil;Av. Arijon Y Av. Corrientes;2;1;0;1;0;0;Avenida;ROSARIO;Rosario;Asfalto;No existe;II;Dentro;Urbana;Otra Señal;No existe;Intersección;Bueno;Buena;Diurna;Buen Tiempo;De alcance,Múltiple;S/D;Colisión;Ninguna;Faltante
2770;2021;15/4/2021;Jueves;10:00:00;;0.0;2;Automóvil,Moto/Ciclomotor;Sarmiento ;2;1;0;1;0;0;Calle;CALCHAQUÍ;Vera;Ripio;No existe;XIX;Dentro;Urbana;Otra Señal;No existe;Intersección;Con baches;Buena;Diurna;Buen Tiempo;De alcance,Múltiple;S/D;Colisión;Ninguna;Faltante
2771;2021;15/4/2021;Jueves;13:40:00;;0.0;2;Automóvil,Moto/Ciclomotor;Av. Freyre Y Gdor. Crespo;2;1;0;1;0;0;Avenida;SANTA FE;La Capital;Hormigón;No existe;I;Dentro;Urbana;Otra Señal;No existe;Intersección;Bueno;Buena;Diurna;Buen Tiempo;De alcance,Múltiple;S/D;Colisión;Ninguna;Horizontal,Vertical
2772;2021;15/4/2021;Jueves;23:10:00;;0.0;2;Moto/Ciclomotor,Moto/Ciclomotor;Estado de Israel Y Pje. Del Campo;3;3;0;0;0;0;Calle;ROSARIO;Rosario;Asfalto;No existe;II;Dentro;Urbana;Otra Señal;No existe;Intersección;Bueno;Buena;Nocturna,Con luz artificial;Buen Tiempo;De alcance,Múltiple;S/D;Colisión;Ninguna;Faltante
2773;2021;15/4/2021;Jueves;20:15:00;;0.0;2;Automóvil,Automóvil;Abanderado Grandoli Y Av. Uriburu;3;2;0;1;0;0;Avenida;ROSARIO;Rosario;Asfalto;No existe;II;Dentro;Urbana;Otra Señal;Funciona;Intersección;Bueno;Buena;Nocturna,Con luz artificial;Buen Tiempo;De alcance,Múltiple;S/D;Colisión;Ninguna;Horizontal,Vertical
2774;2021;15/4/2021;Jueves;18:45:00;;0.0;2;Bicicleta,Moto/Ciclomotor;Francia Y Iturraspe;2;1;0;0;0;1;Calle;SANTA FE;La Capital;Asfalto;No existe;I;Dentro;Urbana;Otra Señal;Funciona;Intersección;Bueno;Buena;Atardecer;Buen Tiempo;De alcance,Múltiple;S/D;Colisión;Ninguna;Vertical
2775;2021;15/4/2021;Jueves;15:45:00;;0.0;2;Moto/Ciclomotor,Automóvil;Dr. Zavalla Y Gdor. Crespo;2;1;0;1;0;0;Calle;SANTA FE;La Capital;Asfalto;No existe;I;Dentro;Urbana;Otra Señal;No existe;Intersección;Bueno;Buena;Diurna;Buen Tiempo;De alcance,Múltiple;S/D;Colisión;Ninguna;Faltante
2776;2021;15/4/2021;Jueves;;Autopista Nacional 11;0.0;1;Automóvil;Av. Circunvalación Y Gorostiaga;1;1;0;0;0;0;Autopista;SANTA FE;La Capital;Asfalto;Natural;I;Dentro;Urbana;Otra Señal;No existe;Intersección;Bueno;Buena;S/D;Buen Tiempo;De alcance,Múltiple;S/D;Colisión;Ninguna;Horizontal,Vertical
2777;2021;15/4/2021;Jueves;;;0.0;2;Automóvil,Moto/Ciclomotor; ;2;1;0;1;0;0;S/D;SANTA FE;La Capital;S/D;S/D;I;S/D;S/D;Otra Señal;S/D;Intersección;S/D;S/D;S/D;S/D;De alcance,Múltiple;S/D;Colisión;S/D;S/D
2778;2021;15/4/2021;Jueves;21:20:00;Ruta Nacional 11;0.0;2;Moto/Ciclomotor,Bicicleta;Gral. López ;2;1;0;1;0;0;Ruta;CORONDA;San JERÓNIMO;Asfalto;Pavimento;XV;Dentro;Urbana;Otra Señal;No existe;Intersección;Bueno;Buena;Nocturna,Con luz artificial;Buen Tiempo;De alcance,Múltiple;Ciclista;Colisión;Ninguna;Horizontal,Vertical
2779;2021;15/4/2021;Jueves;20:20:00;;0.0;2;Automóvil,Moto/Ciclomotor;Alem Y Benavidez;2;1;0;1;0;0;Calle;BARRANCAS;San JERÓNIMO;Asfalto;No existe;XV;Dentro;Urbana;Otra Señal;No existe;Intersección;Bueno;Buena;Nocturna,Con luz artificial;Buen Tiempo;De alcance,Múltiple;S/D;Colisión;Ninguna;Faltante
2780;2021;15/4/2021;Jueves;22:15:00;;0.0;2;Moto/Ciclomotor,Peatón;Buenos Aires Y Soldado Aguirre;2;1;0;0;0;1;Calle;VILLA GOBERNADOR GÁLVEZ;Rosario;Asfalto;No existe;II;Dentro;Urbana;Otra Señal;Funciona;Intersección;Bueno;Buena;Diurna;Buen Tiempo;De alcance,Múltiple;Peatón;Colisión;Ninguna;Horizontal,Vertical
2781;2021;15/4/2021;Jueves;;Autopista Provincial Brigadier E.LÓPEZ;19.0;2;Camión c / Acoplado,Otros; ;2;1;0;1;0;0;Autopista;SAN LORENZO;San Lorenzo;Asfalto;Natural;XVII;Dentro;Rural;Otra Señal;No existe;Intersección;Bueno;S/D;S/D;S/D;De alcance,Múltiple;S/D;Colisión;Ninguna;Faltante
2782;2021;15/4/2021;Jueves;12:30:00;Autopista Nacional 11;0.0;1;Automóvil;Gorostiaga ;1;1;0;0;0;0;Autopista;SANTA FE;La Capital;Asfalto;No existe;I;Dentro;Urbana;Otra Señal;No existe;Intersección;Bueno;Buena;Diurna;Buen Tiempo;De alcance,Múltiple;S/D;Colisión;Ninguna;Horizontal
2783;2021;15/4/2021;Jueves;15:40:00;;0.0;2;Pickup/Utilitario,Moto/Ciclomotor;9 de Julio Y Juan Lavalle;2;1;0;1;0;0;Calle;VENADO TUERTO;General LÓPEZ;Asfalto;No existe;VIII;Dentro;Urbana;Otra Señal;No existe;Intersección;Bueno;Buena;Diurna;Buen Tiempo;De alcance,Múltiple;S/D;Colisión;Ninguna;Faltante
2784;2021;15/4/2021;Jueves;15:55:00;;0.0;1;Bicicleta;Almafuerte Y Bartolomé Mitre;1;1;0;0;0;0;Calle;VENADO TUERTO;General LÓPEZ;Asfalto;No existe;VIII;Dentro;Urbana;Otra Señal;No existe;Intersección;Bueno;Buena;Diurna;Buen Tiempo;De alcance,Múltiple;S/D;Colisión;Ninguna;Faltante
2785;2021;15/4/2021;Jueves;16:05:00;;0.0;2;Pickup/Utilitario,Moto/Ciclomotor;Av. Estrugamou Y Guillermo Brown;2;1;0;1;0;0;Avenida;VENADO TUERTO;General LÓPEZ;Asfalto;No existe;VIII;Dentro;Urbana;Otra Señal;Funciona;Intersección;Bueno;Buena;Diurna;Buen Tiempo;De alcance,Múltiple;S/D;Colisión;Ninguna;Vertical
2786;2021;15/4/2021;Jueves;16:44:00;Ruta Secundaria 4-s;0.0;2;Pickup/Utilitario,Moto/Ciclomotor;Alvear Y Lisandro de la Torre;2;1;0;1;0;0;Ruta;VENADO TUERTO;General LÓPEZ;Asfalto;No existe;VIII;Dentro;Urbana;Otra Señal;No existe;Intersección;Bueno;Buena;Diurna;Buen Tiempo;De alcance,Múltiple;S/D;Colisión;Ninguna;Faltante
2787;2021;15/4/2021;Jueves;;Ruta Nacional A009;6.0;1;Bicicleta; ;1;1;0;0;0;0;Ruta;RECONQUISTA;General Obligado;Asfalto;Natural;IX;Dentro;Rural;Otra Señal;No existe;Intersección;Bueno;S/D;Diurna;S/D;De alcance,Múltiple;S/D;Colisión;Ninguna;Faltante
2788;2021;15/4/2021;Jueves;22:00:00;;0.0;1;Moto/Ciclomotor;Boulevard 25 de Mayo Y Dante Alighieri;1;0;0;0;1;0;Avenida;CASILDA;Caseros;Asfalto;No existe;IV;S/D;Urbana;Otra Señal;No existe;Intersección;Bueno;S/D;Nocturna;S/D;De alcance,Múltiple;S/D;Colisión;Ninguna;Faltante
2789;2021;15/4/2021;Jueves;19:00:00;;0.0;2;Automóvil,Peatón;Mitre 261;2;1;0;1;0;0;Calle;TIMBÚES;San Lorenzo;Asfalto;No existe;XVII;Dentro;Urbana;Otra Señal;No existe;Intersección;Bueno;Buena;Atardecer;Buen Tiempo;De alcance,Múltiple;Peatón;Colisión;Ninguna;Faltante
2790;2021;15/4/2021;Jueves;;;0.0;2;Automóvil,Automóvil;José Ingenieros Y Uriburu;3;2;0;1;0;0;Calle;SAN LORENZO;San Lorenzo;Asfalto;No existe;XVII;Dentro;Urbana;Otra Señal;No existe;Intersección;Bueno;S/D;S/D;S/D;De alcance,Múltiple;S/D;Colisión;Ninguna;Faltante
2791;2021;15/4/2021;Jueves;17:00:00;;0.0;2;Automóvil,Moto/Ciclomotor;Calle 16-Obligado ;3;2;0;1;0;0;Calle;RECONQUISTA;General Obligado;Asfalto;No existe;IX;Dentro;Urbana;Otra Señal;No existe;Intersección;Bueno;Buena;Diurna;Buen Tiempo;Múltiple;S/D;Colisión;Ninguna;Faltante
2792;2021;15/4/2021;Jueves;10:00:00;;0.0;2;Automóvil,Bicicleta;Italia Y Urquiza;2;1;0;1;0;0;Calle;SUNCHALES;Castellanos;Asfalto;No existe;V;Dentro;Urbana;Otra Señal;No existe;Intersección;Bueno;Buena;Diurna;Buen Tiempo;Múltiple;Ciclista;Colisión;Ninguna;Faltante
2793;2021;15/4/2021;Jueves;13:30:00;;0.0;2;Automóvil,Moto/Ciclomotor;Bv. Seguí Y Dorrego;2;1;0;0;0;1;Avenida;ROSARIO;Rosario;Asfalto;No existe;II;Dentro;Urbana;Otra Señal;No existe;Intersección;Bueno;S/D;Diurna;S/D;Múltiple;S/D;Colisión;S/D;Faltante
2794;2021;15/4/2021;Jueves;18:00:00;;0.0;1;Moto/Ciclomotor;Bv. Avellaneda ;1;1;0;0;0;0;S/D;ROSARIO;Rosario;Asfalto;S/D;II;Dentro;Urbana;Otra Señal;S/D;Intersección;S/D;S/D;Diurna;S/D;Múltiple;S/D;Colisión;S/D;S/D
2795;2021;15/4/2021;Jueves;;;0.0;2;Pickup/Utilitario,Bicicleta;A Victorero ;2;0;0;1;0;0;Calle;RUFINO;Constitución;S/D;S/D;VIII;Dentro;Urbana;Otra Señal;S/D;Intersección;S/D;S/D;S/D;S/D;Múltiple;Ciclista;Colisión;S/D;S/D
2796;2021;16/4/2021;Viernes;19:00:00;;0.0;2;Bicicleta,Automóvil;Belgrano Y Perú;2;1;0;1;0;0;Calle;ARMSTRONG;Belgrano;Asfalto;No existe;III;Dentro;Urbana;Otra Señal;No existe;Recta;Bueno;Buena;Atardecer;Buen Tiempo;De alcance;S/D;Colisión;Ninguna;Faltante
2797;2021;16/4/2021;Viernes;14:10:00;;0.0;2;Moto/Ciclomotor,Automóvil;Alvear Y Saavedra;4;3;0;1;0;0;Calle;ROSARIO;Rosario;Asfalto;No existe;II;Dentro;Urbana;Otra Señal;No existe;Intersección;Bueno;Buena;Diurna;Buen Tiempo;Lateral;S/D;Colisión;Ninguna;Faltante
2798;2021;16/4/2021;Viernes;13:30:00;;0.0;2;Pickup/Utilitario,Pickup/Utilitario;Gral. José de San Martin Y Hipólito Irigoyen;2;1;0;1;0;0;Calle;ARROYO SECO;Rosario;Asfalto;No existe;II;Dentro;Urbana;Otra Señal;No existe;Intersección;Bueno;Buena;Diurna;Buen Tiempo;De alcance;S/D;Colisión;Ninguna;Faltante
2799;2021;16/4/2021;Viernes;07:50:00;;0.0;2;Moto/Ciclomotor,Automóvil;4 de Enero Y Mendoza;2;1;0;1;0;0;Calle;SANTA FE;La Capital;Asfalto;No existe;I;Dentro;Urbana;Otra Señal;No existe;Intersección;Bueno;Buena;Diurna;Buen Tiempo;De alcance,Múltiple;S/D;Colisión;Ninguna;Faltante
2800;2021;16/4/2021;Viernes;12:00:00;;0.0;2;Moto/Ciclomotor,Automóvil;Anchorena Y Serrano;2;1;0;0;0;1;Calle;ROSARIO;Rosario;Asfalto;No existe;II;Dentro;Urbana;Otra Señal;No existe;Intersección;Bueno;Buena;Diurna;Buen Tiempo;De alcance,Múltiple;S/D;Colisión;Ninguna;Horizontal
2801;2021;16/4/2021;Viernes;10:35:00;;0.0;2;Automóvil,Moto/Ciclomotor;España Y San Martin;2;1;0;1;0;0;Calle;VERA;Vera;Asfalto;No existe;XIX;Dentro;Urbana;Otra Señal;No existe;Intersección;Bueno;Buena;Diurna;Buen Tiempo;De alcance,Múltiple;S/D;Colisión;Ninguna;Horizontal