ID_Accidente;A�o;Fecha;Dia;Hopra;Ruta/Autop;km;Participantes;Tipo;Lugar;Total;Heridos Leves;Heridos Graves;Ilesos;Fallecidos;Sin datos;desc_tipo_via;desc_loc;desc_dpto;|;desc_tipo_banquina;desc_unidad_regional;desc_lugar_calzada;desc_zona;desc_prioridad;desc_estado_semaforo;desc_lugar_via;desc_estado_via;desc_estado_visibilidad;desc_luminosidad;desc_estado_clima;desc_tipo_colision;desc_tipo_atropello;desc_tipo_hecho;desc_pres_calzada;desc_senializacion
2802;2021;16/4/2021;Viernes;13:00:00;;0.0;1;Moto/Ciclomotor;Colon Y Mitre B;2;1;0;1;0;0;Calle;VERA;Vera;Asfalto,Ripio;No existe;XIX;Dentro;Urbana;Otra Señal;No existe;Intersección;Bueno;Buena;Diurna;Buen Tiempo;De alcance,Múltiple;S/D;Colisión;Otro;Horizontal
2803;2021;16/4/2021;Viernes;16:45:00;;0.0;2;Automóvil,Pickup/Utilitario;Av. 7 Jefes 3500;2;1;0;1;0;0;Avenida;SANTA FE;La Capital;Asfalto;No existe;I;Dentro;Urbana;Otra Señal;No existe;Intersección;Bueno;S/D;Diurna;S/D;De alcance,Múltiple;S/D;Colisión;Ninguna;Horizontal
2804;2021;16/4/2021;Viernes;22:45:00;;0.0;2;Pickup/Utilitario,Moto/Ciclomotor;Av. Freyre 2600;2;1;0;1;0;0;Avenida;SANTA FE;La Capital;Asfalto;No existe;I;Dentro;Urbana;Otra Señal;No existe;Intersección;Bueno;Buena;Nocturna;Buen Tiempo;De alcance,Múltiple;S/D;Colisión;Ninguna;Horizontal,Vertical
2805;2021;16/4/2021;Viernes;12:15:00;;0.0;2;Automóvil,Automóvil;Dean Funes Y San Martin;3;1;0;2;0;0;Avenida;ROSARIO;Rosario;Asfalto;No existe;II;Dentro;Urbana;Otra Señal;Funciona;Intersección;Bueno;Buena;Diurna;Buen Tiempo;De alcance,Múltiple;S/D;Colisión;Ninguna;Horizontal,Vertical
2806;2021;16/4/2021;Viernes;19:15:00;;0.0;2;Moto/Ciclomotor,Automóvil;Av. Battle y Ordoñez Y Salva;4;3;0;1;0;0;Avenida;ROSARIO;Rosario;Asfalto;No existe;II;Dentro;Urbana;Otra Señal;No existe;Intersección;Bueno;Buena;Atardecer;Buen Tiempo;De alcance,Múltiple;S/D;Colisión;Ninguna;Faltante
2807;2021;16/4/2021;Viernes;19:30:00;;0.0;2;Bicicleta,Transporte de Pasajeros Urbano (> 8 asientos);Av. Facundo Zuviria Y Pedro Centeno;2;1;0;1;0;0;Avenida;SANTA FE;La Capital;Asfalto;No existe;I;Dentro;Urbana;Otra Señal;No existe;Intersección;Bueno;Buena;Atardecer;Buen Tiempo;De alcance,Múltiple;Ciclista;Colisión;Ninguna;Faltante
2808;2021;16/4/2021;Viernes;13:00:00;;0.0;2;Moto/Ciclomotor,Pickup/Utilitario;Av. San Lorenzo Y Urquiza;2;1;0;1;0;0;Avenida;CAPITÁN BERMÚDEZ;San Lorenzo;Asfalto;No existe;XVII;Dentro;Urbana;Otra Señal;No existe;Intersección;Bueno;Buena;Diurna;Buen Tiempo;De alcance,Múltiple;S/D;Colisión;Ninguna;Horizontal
2809;2021;16/4/2021;Viernes;15:25:00;;0.0;2;Pickup/Utilitario,Automóvil; ;5;4;0;1;0;0;Camino Rural;LANDETA;San MARTÍN;Ripio;No existe;XVIII;Dentro;Urbana;Otra Señal;No existe;Intersección;Bueno;Buena;Diurna;S/D;De alcance,Múltiple;S/D;Colisión;Ninguna;S/D
2810;2021;16/4/2021;Viernes;11:30:00;;0.0;2;Automóvil,Peatón;Calle 9-Mariano Moreno 144;2;1;0;1;0;0;Calle;RECONQUISTA;General Obligado;Asfalto;No existe;VIII;Dentro;Urbana;Otra Señal;No existe;Intersección;Bueno;S/D;Diurna;S/D;De alcance,Múltiple;Peatón;Colisión;Ninguna;Faltante
2811;2021;16/4/2021;Viernes;;;0.0;2;Automóvil,Bicicleta;AV LUIS CARBALLO Y PJE 718;2;1;0;1;0;0;Avenida;ROSARIO;Rosario;Asfalto;No existe;II;Dentro;Urbana;Otra Señal;No existe;Intersección;Bueno;S/D;Nocturna;S/D;De alcance,Múltiple;Ciclista;Colisión;Ninguna;Faltante
2812;2021;16/4/2021;Viernes;20:05:00;;0.0;4;Automóvil,Moto/Ciclomotor,Bicicleta,Bicicleta;Calle 1 Y Calle 12;4;3;0;1;0;0;Avenida;AVELLANEDA;General Obligado;Asfalto;No existe;IX;Dentro;Urbana;Otra Señal;No existe;Intersección;Bueno;S/D;Nocturna;S/D;De alcance,Múltiple;S/D;Colisión;Ninguna;Faltante
2813;2021;16/4/2021;Viernes;13:00:00;;0.0;1;Moto/Ciclomotor;Leandro N Alem Y Turner S;1;1;0;0;0;0;Calle;VENADO TUERTO;General LÓPEZ;Asfalto;No existe;VIII;Dentro;Urbana;Otra Señal;S/D;Intersección;S/D;S/D;Diurna;S/D;De alcance,Múltiple;S/D;Colisión;S/D;Faltante
2814;2021;16/4/2021;Viernes;17:45:00;;0.0;2;Automóvil,Moto/Ciclomotor;Santa Fe Y Maipú;2;1;0;1;0;0;Calle;VENADO TUERTO;General LÓPEZ;Asfalto;No existe;VIII;Dentro;Urbana;Otra Señal;No existe;Intersección;Bueno;S/D;Diurna;Buen Tiempo;De alcance,Múltiple;S/D;Colisión;Ninguna;Faltante
2815;2021;16/4/2021;Viernes;10:45:00;;0.0;2;Automóvil,Camión;Alvear Y Miguel de Azcuénaga;3;1;0;2;0;0;Calle;VENADO TUERTO;General LÓPEZ;Asfalto;No existe;VIII;Dentro;Urbana;Otra Señal;No existe;Intersección;Bueno;S/D;Diurna;S/D;De alcance,Múltiple;S/D;Colisión;Ninguna;Faltante
2816;2021;16/4/2021;Viernes;17:50:00;Autovía Provincial Brigadier E.LÓPEZ;14.0;2;Peatón,Camión c / Acoplado; ;2;1;0;1;0;0;Autovía;SAN LORENZO;San Lorenzo;Asfalto;Natural;XVII;Dentro;Urbana;Otra Señal;No existe;Intersección;Bueno;Buena;Diurna;Buen Tiempo;De alcance,Múltiple;Peatón;Colisión;Ninguna;Faltante
2817;2021;16/4/2021;Viernes;11:00:00;;0.0;1;Bicicleta;Entre Ríos Y E.Zeballos;1;1;0;0;0;0;Calle;ROSARIO;Rosario;Asfalto;No existe;II;Dentro;Urbana;Otra Señal;Funciona;Intersección;Bueno;S/D;Diurna;S/D;Múltiple;S/D;Colisión;S/D;Horizontal,Vertical
2818;2021;16/4/2021;Viernes;17:30:00;;0.0;1;Moto/Ciclomotor;Garzón Y J.J.Paso;2;1;0;0;0;0;Avenida;ROSARIO;Constitución;Asfalto;No existe;II;Dentro;Urbana;Otra Señal;No existe;Intersección;Bueno;Buena;Diurna;Buen Tiempo;Múltiple;S/D;Colisión;Ninguna;Faltante
2819;2021;16/4/2021;Viernes;17:00:00;Ruta Provincial 2;4.0;1;Moto/Ciclomotor; ;1;0;0;0;0;0;Ruta;MONTE VERA;Constitución;Asfalto;Ripio;I;Dentro;Rural;Otra Señal;No existe;Intersección;Con baches;Buena;Diurna;Buen Tiempo;Múltiple;S/D;Colisión;Ninguna;Horizontal
2820;2021;17/4/2021;Sabado;20:20:00;;0.0;1;Moto/Ciclomotor;Beck Bernard Y Sarmiento;1;1;0;0;0;0;Calle;SAN CARLOS SUR;Las Colonias;Asfalto;No existe;XI;Dentro;Urbana;Otra Señal;No existe;Intersección;Bueno;Buena;Amanecer;Buen Tiempo;S/D;S/D;Colisión;Ninguna;Horizontal
2821;2021;17/4/2021;Sabado;17:15:00;;0.0;2;Pickup/Utilitario,Automóvil;Bv C Pellegrini 2160;2;1;0;1;0;0;Avenida;SAN JUSTO;San Justo;Hormigón;No existe;XVI;Dentro;Urbana;Otra Señal;No existe;Recta;Bueno;Buena;Diurna;Buen Tiempo;De alcance;S/D;Colisión;Ninguna;Faltante
2822;2021;17/4/2021;Sabado;17:10:00;;0.0;2;Automóvil,Moto/Ciclomotor;Av. Uriburu Y Santiago;4;3;0;1;0;0;Avenida;ROSARIO;Rosario;Asfalto;No existe;II;Dentro;Urbana;Otra Señal;No existe;Intersección;Bueno;Buena;Diurna;Buen Tiempo;Lateral;S/D;Colisión;Ninguna;Faltante
2823;2021;17/4/2021;Sabado;14:00:00;;0.0;2;Pickup/Utilitario,Moto/Ciclomotor;Rodo Y Pje. Castañares;2;1;0;1;0;0;Calle;ROSARIO;Rosario;Asfalto;No existe;II;Dentro;Urbana;Otra Señal;No existe;Intersección;Bueno;Buena;Diurna;Buen Tiempo;Lateral;S/D;Colisión;Ninguna;Faltante
2824;2021;17/4/2021;Sabado;19:40:00;Ruta Provincial 2;29.0;2;Moto/Ciclomotor,Camión Chasis; ;2;1;0;1;0;0;Ruta;LAGUNA PAIVA;La Capital;Asfalto;No existe;I;Dentro;Urbana;Otra Señal;No existe;Intersección;Bueno;Buena;Diurna;Buen Tiempo;De alcance,Múltiple;S/D;Colisión;Ninguna;Horizontal
2825;2021;17/4/2021;Sabado;09:00:00;;0.0;2;Moto/Ciclomotor,Automóvil;1 de Mayo Y Ocampo;2;1;0;1;0;0;Calle;ROSARIO;Rosario;Asfalto;No existe;II;Dentro;Urbana;Otra Señal;No existe;Intersección;Bueno;Buena;Diurna;Buen Tiempo;De alcance,Múltiple;S/D;Colisión;Ninguna;Faltante
2826;2021;17/4/2021;Sabado;12:05:00;;0.0;2;Moto/Ciclomotor,Automóvil;1 de Mayo Y San Juan;2;1;0;1;0;0;Calle;ROSARIO;Rosario;Asfalto;No existe;II;Dentro;Urbana;Otra Señal;No existe;Intersección;Bueno;Buena;Diurna;Buen Tiempo;De alcance,Múltiple;S/D;Colisión;Ninguna;Horizontal,Vertical
2827;2021;17/4/2021;Sabado;14:35:00;;0.0;2;Peatón,Moto/Ciclomotor;9 de Julio Y Santiago del Estero;2;1;0;1;0;0;Calle;SANTA FE;La Capital;Asfalto;No existe;I;Dentro;Urbana;Otra Señal;Funciona;Intersección;Bueno;Buena;Diurna;Buen Tiempo;De alcance,Múltiple;Peatón;Colisión;Ninguna;Horizontal,Vertical
2828;2021;17/4/2021;Sabado;19:50:00;;0.0;2;Pickup/Utilitario,Moto/Ciclomotor;Bv. Bouchard Y Gazcon;2;1;0;1;0;0;Avenida;ROSARIO;Rosario;Asfalto;No existe;II;Dentro;Urbana;Otra Señal;No existe;Intersección;Bueno;Buena;Nocturna;S/D;De alcance,Múltiple;S/D;Colisión;Ninguna;S/D
2829;2021;17/4/2021;Sabado;20:40:00;;0.0;2;Moto/Ciclomotor,Moto/Ciclomotor;Belgrano Y Juan de Garay;2;2;0;0;0;0;Calle;VERA;Vera;Asfalto;No existe;XIX;Dentro;Urbana;Otra Señal;No existe;Intersección;Bueno;Reducida;Nocturna;Buen Tiempo;De alcance,Múltiple;S/D;Colisión;Ninguna;Faltante
2830;2021;17/4/2021;Sabado;21:00:00;;0.0;2;Bicicleta,Automóvil;1ro de Mayo Y Gorostiaga;2;1;0;1;0;0;Calle;SANTA FE;La Capital;Asfalto;No existe;I;Dentro;Urbana;Otra Señal;No existe;Intersección;Bueno;Buena;Nocturna,Con luz artificial;Buen Tiempo;De alcance,Múltiple;Ciclista;Colisión;Ninguna;Horizontal
2831;2021;17/4/2021;Sabado;19:00:00;;0.0;2;Moto/Ciclomotor,Automóvil;Av. Blas Parera Y Reg. 12 de Infantería;4;1;0;3;0;0;Avenida;SANTA FE;La Capital;Asfalto;No existe;I;Dentro;Urbana;Otra Señal;No existe;Intersección;Bueno;Buena;Atardecer;Buen Tiempo;De alcance,Múltiple;S/D;Colisión;Ninguna;Horizontal,Vertical
2832;2021;17/4/2021;Sabado;;Ruta Nacional 11;0.0;2;Moto/Ciclomotor,Automóvil;Gral. Facundo Quiroga Y Juan de Garay;2;1;0;1;0;0;Ruta;RECREO;La Capital;Asfalto;Natural;I;Dentro;Urbana;Otra Señal;No existe;Intersección;Bueno;Buena;Diurna;Buen Tiempo;De alcance,Múltiple;S/D;Colisión;Ninguna;Faltante
2833;2021;17/4/2021;Sabado;01:00:00;;0.0;2;Moto/Ciclomotor,Automóvil;San Carlos Y Rivadavia;6;1;0;1;0;4;Calle;SAN LORENZO;San Lorenzo;Asfalto;No existe;XVII;Dentro;Urbana;Otra Señal;No existe;Intersección;Bueno;S/D;Nocturna,Con luz artificial;S/D;De alcance,Múltiple;S/D;Colisión;Ninguna;Faltante
2834;2021;17/4/2021;Sabado;20:40:00;;0.0;2;Moto/Ciclomotor,Moto/Ciclomotor;Bv. López Y Edison;2;2;0;0;0;0;Avenida;CAÑADA DE GÓMEZ;Iriondo;Asfalto;No existe;X;Dentro;Urbana;Otra Señal;No existe;Intersección;Bueno;S/D;Nocturna,Con luz artificial;S/D;De alcance,Múltiple;S/D;Colisión;Ninguna;S/D
2835;2021;17/4/2021;Sabado;20:15:00;;0.0;2;Moto/Ciclomotor,Automóvil;Calle 25-Rivadavia Y Calle 28-San lorenzo;2;1;0;1;0;0;Calle;RECONQUISTA;General Obligado;Asfalto;No existe;IX;Dentro;Urbana;Otra Señal;No existe;Intersección;Bueno;Buena;Nocturna;Buen Tiempo;De alcance,Múltiple;S/D;Colisión;Ninguna;Faltante
2836;2021;17/4/2021;Sabado;20:40:00;;0.0;2;Pickup/Utilitario,Moto/Ciclomotor;Calle 37-Bvard. Lovato Y Calle 10-Ludueña;3;2;0;1;0;0;Avenida;RECONQUISTA;General Obligado;Asfalto;No existe;IX;Dentro;Urbana;Otra Señal;No existe;Intersección;S/D;Buena;Nocturna;S/D;De alcance,Múltiple;S/D;Colisión;Ninguna;Faltante
2837;2021;17/4/2021;Sabado;10:00:00;;0.0;2;Moto/Ciclomotor,Automóvil;Calle 30-Lucas Funes Y Calle 15-Patricio Diez;3;1;0;2;0;0;Calle;RECONQUISTA;General Obligado;Asfalto;No existe;IX;Dentro;Urbana;Otra Señal;No existe;Intersección;S/D;Buena;Diurna;Buen Tiempo;De alcance,Múltiple;S/D;Colisión;Ninguna;Faltante
2838;2021;17/4/2021;Sabado;16:45:00;;0.0;1;Moto/Ciclomotor;Santa Fe 3700;2;2;0;0;0;0;Calle;VENADO TUERTO;General LÓPEZ;Asfalto;Natural;VIII;Dentro;Urbana;Otra Señal;No existe;Intersección;Bueno;S/D;Diurna;S/D;De alcance,Múltiple;S/D;Colisión;Ninguna;Faltante
2839;2021;17/4/2021;Sabado;13:15:00;;0.0;2;Pickup/Utilitario,Bicicleta;AV MARCONI Y SAN MARTIN;2;1;0;1;0;0;Avenida;VENADO TUERTO;General LÓPEZ;Asfalto;No existe;VIII;Dentro;Urbana;Otra Señal;No existe;Intersección;Bueno;S/D;Diurna;Buen Tiempo;De alcance,Múltiple;Ciclista;Colisión;Ninguna;Faltante
2840;2021;17/4/2021;Sabado;08:50:00;;0.0;1;Moto/Ciclomotor;Falucho Y Turner S;1;1;0;0;0;0;Calle;VENADO TUERTO;General LÓPEZ;Asfalto;No existe;VIII;Dentro;Urbana;Otra Señal;No existe;Intersección;Bueno;Buena;Diurna;S/D;De alcance,Múltiple;S/D;Colisión;Ninguna;Faltante
2841;2021;17/4/2021;Sabado;08:25:00;;0.0;2;Automóvil,Moto/Ciclomotor;Chacabuco Y Mariano Moreno;2;1;0;1;0;0;Calle;VENADO TUERTO;General LÓPEZ;Asfalto;No existe;VIII;Dentro;Urbana;Otra Señal;No existe;Intersección;Bueno;S/D;Diurna;Buen Tiempo;De alcance,Múltiple;S/D;Colisión;Ninguna;Faltante
2842;2021;17/4/2021;Sabado;08:05:00;Ruta Nacional 8;0.0;1;Moto/Ciclomotor;2 de Abril Y Ruta Nac 8;1;1;0;0;0;0;Ruta;VENADO TUERTO;General LÓPEZ;Asfalto;No existe;VIII;Dentro;Urbana;Otra Señal;No existe;Intersección;Bueno;S/D;Diurna;Otro;De alcance,Múltiple;S/D;Colisión;Ninguna;Faltante
2843;2021;17/4/2021;Sabado;11:00:00;Ruta Nacional 33;601.0;2;Moto/Ciclomotor,Camión c / Acoplado; ;2;0;0;1;1;0;Ruta;SAN EDUARDO;General LÓPEZ;Asfalto;Natural;VIII;S/D;Rural;Otra Señal;No existe;Intersección;Bueno;Buena;Diurna;Buen Tiempo;De alcance,Múltiple;S/D;Colisión;Ninguna;Faltante
2844;2021;17/4/2021;Sabado;12:00:00;Ruta Nacional 11;0.0;2;Bicicleta,Pickup/Utilitario;Av. San Lorenzo Y Simón Bolívar;2;1;0;1;0;0;Ruta;CAPITÁN BERMÚDEZ;San Lorenzo;Asfalto;Ripio;XVII;Dentro;Urbana;Otra Señal;No existe;Intersección;S/D;S/D;Diurna;S/D;De alcance,Múltiple;Ciclista;Colisión;S/D;Faltante
2845;2021;17/4/2021;Sabado;10:00:00;;0.0;1;Moto/Ciclomotor;24 De Setiembre Y Bv. Avellaneda;1;1;0;0;0;0;Avenida;ROSARIO;Rosario;Asfalto;No existe;II;Dentro;Urbana;Otra Señal;No existe;Intersección;Deteriorada;S/D;Diurna;S/D;Múltiple;S/D;Colisión;S/D;Faltante
2846;2021;17/4/2021;Sabado;11:00:00;;0.0;1;Moto/Ciclomotor;Av. Francia Y Av. Uriburu;1;1;0;0;0;0;Avenida;ROSARIO;Rosario;Asfalto;No existe;II;Dentro;Urbana;Otra Señal;Funciona;Intersección;Bueno;S/D;Diurna;S/D;Múltiple;S/D;Colisión;S/D;Horizontal,Vertical
2847;2021;17/4/2021;Sabado;22:00:00;;0.0;1;Moto/Ciclomotor; ;1;1;0;0;0;0;S/D;ROSARIO;Constitución;S/D;S/D;II;S/D;S/D;Otra Señal;S/D;Intersección;S/D;S/D;Nocturna;S/D;Múltiple;S/D;Colisión;S/D;S/D
2848;2021;17/4/2021;Sabado;23:30:00;;0.0;1;Moto/Ciclomotor; ;2;1;0;0;0;0;Camino Rural;HERSILIA;Constitución;Tierra;No existe;XIII;Dentro;Rural;Otra Señal;No existe;Intersección;Bueno;Buena;Nocturna;Buen Tiempo;Múltiple;S/D;Colisión;Otro;Faltante
2849;2021;18/4/2021;Domingo;17:00:00;Ruta Provincial 70;15.0;1;Moto/Ciclomotor; ;2;1;0;1;0;0;Ruta;ESPERANZA;Las Colonias;Asfalto;Natural;XI;Dentro;Urbana;Otra Señal;No existe;Recta;Bueno;Buena;Diurna;Buen Tiempo;S/D;S/D;Colisión;Ninguna;Horizontal,Vertical
2850;2021;18/4/2021;Domingo;08:30:00;Ruta Provincial 1;77.0;1;Moto/Ciclomotor; ;2;1;0;1;0;0;Ruta;CAMPO DEL MEDIO;Garay;Asfalto;No existe;VII;Dentro;Urbana;Otra Señal;No existe;Recta;Bueno;Buena;Diurna;Buen Tiempo;S/D;S/D;Colisión;Ninguna;Horizontal
2851;2021;18/4/2021;Domingo;17:15:00;;0.0;2;Moto/Ciclomotor,Automóvil;Belgrano Y Bv C Pellegrini;2;1;0;1;0;0;Avenida;SAN JUSTO;San Justo;Hormigón;No existe;XVI;Dentro;Urbana;Otra Señal;No existe;Intersección;Bueno;Buena;Diurna;Buen Tiempo;De alcance;S/D;Colisión;Ninguna;Faltante
2852;2021;18/4/2021;Domingo;18:20:00;Ruta Provincial 65;0.0;2;Bicicleta,Camión c / Acoplado; ;2;1;0;1;0;0;Ruta;BOUQUET;Belgrano;Asfalto;Natural;III;Dentro;Rural;Otra Señal;No existe;Recta;Bueno;Buena;Atardecer;Buen Tiempo;S/D;Ciclista;Colisión;Ninguna;Faltante
2853;2021;18/4/2021;Domingo;17:00:00;;0.0;2;Bicicleta,Automóvil;Ángel Carranza Y Gustavo Cochet;2;1;0;1;0;0;Calle;ROSARIO;Rosario;Asfalto;No existe;II;Dentro;Urbana;Otra Señal;No existe;Recta;Bueno;Buena;Diurna;Buen Tiempo;S/D;Ciclista;Colisión;Ninguna;Faltante
2854;2021;18/4/2021;Domingo;02:50:00;;0.0;2;Automóvil,Moto/Ciclomotor;AV ARISTÓBULO DEL VALLE Y AVENIDA LOS QUINTEROS;5;2;0;3;0;0;Avenida;ANGEL GALLARDO;La Capital;Asfalto;No existe;I;Dentro;Urbana;Otra Señal;No existe;Intersección;Bueno;Buena;Diurna;Buen Tiempo;De alcance,Múltiple;S/D;Colisión;Ninguna;Horizontal
2855;2021;18/4/2021;Domingo;19:15:00;;0.0;2;Moto/Ciclomotor,Automóvil;Av. Pellegrini Y Crespo;4;2;0;2;0;0;Avenida;ROSARIO;Rosario;Asfalto;No existe;II;Dentro;Urbana;Otra Señal;Funciona;Intersección;Bueno;Buena;Atardecer;Buen Tiempo;De alcance,Múltiple;S/D;Colisión;Ninguna;Horizontal,Vertical
2856;2021;18/4/2021;Domingo;19:30:00;;0.0;2;Automóvil,Automóvil; ;3;1;0;2;0;0;Calle;ROSARIO;Rosario;S/D;S/D;II;Dentro;Urbana;Otra Señal;S/D;S/D;S/D;S/D;Nocturna;S/D;De alcance,Múltiple;S/D;Colisión;S/D;S/D
2857;2021;18/4/2021;Domingo;23:25:00;Ruta Nacional 11;0.0;1;Moto/Ciclomotor;PUENTE CARRETERO ;1;1;0;0;0;0;Ruta;SANTA FE;La Capital;Asfalto;No existe;I;Dentro;Rural;Otra Señal;No existe;Recta;Bueno;Buena;Nocturna;Buen Tiempo;De alcance,Múltiple;S/D;Colisión;Ninguna;Horizontal
2858;2021;18/4/2021;Domingo;23:50:00;;0.0;2;Moto/Ciclomotor,Pickup/Utilitario;La Rioja Y 9 de Julio;2;1;0;1;0;0;Calle;SAN LORENZO;San Lorenzo;Asfalto;No existe;XVII;Dentro;Urbana;Otra Señal;No existe;Intersección;Bueno;S/D;Nocturna,Con luz artificial;S/D;De alcance,Múltiple;S/D;Colisión;Ninguna;Faltante
2859;2021;18/4/2021;Domingo;;;0.0;2;Moto/Ciclomotor,Moto/Ciclomotor;Hermano Figueroa Y Hugo Wast;2;2;0;0;0;0;Calle;SANTA FE;La Capital;Asfalto;No existe;I;Dentro;Urbana;Otra Señal;No existe;Intersección;Bueno;Buena;Diurna;Buen Tiempo;De alcance,Múltiple;S/D;Colisión;Ninguna;Faltante
2860;2021;18/4/2021;Domingo;;;0.0;2;Moto/Ciclomotor,Automóvil; ;2;1;0;1;0;0;S/D;HUMBOLDT;Las Colonias;S/D;S/D;XI;S/D;S/D;Otra Señal;S/D;Intersección;S/D;S/D;S/D;S/D;De alcance,Múltiple;S/D;Colisión;S/D;S/D
2861;2021;18/4/2021;Domingo;;;0.0;2;Pickup/Utilitario,Moto/Ciclomotor;Santiago Y 9 de Julio;3;2;0;1;0;0;Calle;CAPITÁN BERMÚDEZ;San Lorenzo;S/D;S/D;XVII;Dentro;Urbana;Otra Señal;S/D;Intersección;S/D;S/D;S/D;S/D;De alcance,Múltiple;S/D;Colisión;S/D;S/D
2862;2021;18/4/2021;Domingo;05:30:00;;0.0;1;Moto/Ciclomotor;Avda. Argentina Y Catamarca;1;1;0;0;0;0;Avenida;DESVÍO ARIJÓN;San JERÓNIMO;Asfalto;No existe;XV;Dentro;Urbana;Otra Señal;S/D;Intersección;Bueno;S/D;Amanecer;Buen Tiempo;De alcance,Múltiple;S/D;Colisión;Ninguna;S/D
2863;2021;18/4/2021;Domingo;07:00:00;;0.0;1;Automóvil;Av. Santa Fe Y Lehman;1;1;0;0;0;0;Avenida;LÓPEZ;San JERÓNIMO;S/D;No existe;XV;Dentro;Urbana;Otra Señal;S/D;Intersección;S/D;S/D;Amanecer;S/D;De alcance,Múltiple;S/D;Colisión;S/D;S/D
2864;2021;18/4/2021;Domingo;21:40:00;Ruta Nacional 11;420.0;2;Moto/Ciclomotor,Bicicleta; ;3;1;0;2;0;0;Ruta;CORONDA;San JERÓNIMO;Asfalto;Natural;XV;Dentro;Rural;Otra Señal;No existe;Intersección;Bueno;Buena;Nocturna;Buen Tiempo;De alcance,Múltiple;Ciclista;Colisión;Ninguna;Horizontal
2865;2021;18/4/2021;Domingo;23:20:00;;0.0;2;Automóvil,Moto/Ciclomotor;RIO CORONDA ;3;1;0;2;0;0;Camino Rural;BARRANCAS;San JERÓNIMO;S/D;S/D;XV;Dentro;Rural;Otra Señal;S/D;Intersección;S/D;S/D;Nocturna;S/D;De alcance,Múltiple;S/D;Colisión;S/D;S/D
2866;2021;18/4/2021;Domingo;21:30:00;Ruta Nacional 11;0.0;2;Moto/Ciclomotor,Pickup/Utilitario;Luciano Molinas ;2;1;0;1;0;0;Ruta;CORONDA;San JERÓNIMO;Asfalto;Natural;XV;Dentro;Rural;Otra Señal;No existe;Intersección;Bueno;S/D;Nocturna;S/D;De alcance,Múltiple;S/D;Colisión;Ninguna;Faltante
2867;2021;18/4/2021;Domingo;;Ruta Nacional 33;0.0;2;Pickup/Utilitario,Peatón; ;2;1;0;0;0;1;Ruta;FIRMAT;General LÓPEZ;Asfalto;Natural;VIII;Dentro;Rural;Otra Señal;No existe;Intersección;Bueno;S/D;Atardecer;S/D;De alcance,Múltiple;Peatón;Colisión;S/D;S/D
2868;2021;18/4/2021;Domingo;17:05:00;;0.0;2;Moto/Ciclomotor,Moto/Ciclomotor;Brigadier Estanislao López Y Gardel;3;3;0;0;0;0;Calle;RAFAELA;Castellanos;Asfalto;No existe;V;Dentro;Urbana;Otra Señal;No existe;Intersección;Bueno;S/D;Diurna;Buen Tiempo;De alcance,Múltiple;S/D;Colisión;Ninguna;Faltante
2869;2021;18/4/2021;Domingo;;;0.0;1;Pickup/Utilitario;Av. Doctor E Salva 600;1;1;0;0;0;0;Avenida;RAFAELA;Castellanos;Asfalto;No existe;V;Dentro;Urbana;Otra Señal;Funciona;Intersección;Bueno;S/D;Diurna;Buen Tiempo;De alcance,Múltiple;S/D;Colisión;Ninguna;Horizontal,Vertical
2870;2021;18/4/2021;Domingo;;;0.0;1;Automóvil;Av. Belgrano 1100;1;1;0;0;0;0;Avenida;ROSARIO;Rosario;Asfalto;No existe;II;Dentro;Urbana;Otra Señal;No existe;Intersección;Bueno;S/D;Diurna;S/D;De alcance,Múltiple;S/D;Colisión;Ninguna;Horizontal
2871;2021;18/4/2021;Domingo;11:30:00;Autopista Nacional A008;8.0;1;Moto/Ciclomotor;Av. Eva Perón Y Av. Circunvalación;1;0;0;0;1;0;Autopista;ROSARIO;Rosario;Asfalto;No existe;II;S/D;Urbana;Otra Señal;S/D;Intersección;Bueno;S/D;Diurna;S/D;De alcance,Múltiple;S/D;Colisión;Ninguna;Faltante
2872;2021;18/4/2021;Domingo;00:40:00;Autopista Provincial Brigadier E.LÓPEZ;96.0;3;Camión c / Acoplado,Camión c / Acoplado,Pickup/Utilitario; ;4;1;0;2;1;0;Autopista;AROCENA;San JERÓNIMO;Asfalto;Natural;XV;Dentro;Rural;Otra Señal;No existe;Intersección;Bueno;Buena;Nocturna;Buen Tiempo;De alcance,Múltiple;S/D;Colisión;Ninguna;Faltante
2873;2021;18/4/2021;Domingo;03:00:00;;0.0;1;Moto/Ciclomotor; ;1;1;0;0;0;0;S/D;ROSARIO;Rosario;S/D;S/D;II;S/D;S/D;Otra Señal;S/D;Intersección;S/D;S/D;Nocturna;S/D;Múltiple;S/D;Colisión;S/D;S/D
2874;2021;18/4/2021;Domingo;10:30:00;;0.0;1;Bicicleta;Biedma Y Cafferata;1;1;0;0;0;0;Calle;ROSARIO;Rosario;Asfalto;No existe;II;Dentro;Urbana;Otra Señal;No existe;Intersección;Deteriorada;S/D;Diurna;S/D;Múltiple;S/D;Colisión;Ninguna;Vertical