ID_Accidente;A�o;Fecha;Dia;Hopra;Ruta/Autop;km;Participantes;Tipo;Lugar;Total;Heridos Leves;Heridos Graves;Ilesos;Fallecidos;Sin datos;desc_tipo_via;desc_loc;desc_dpto;|;desc_tipo_banquina;desc_unidad_regional;desc_lugar_calzada;desc_zona;desc_prioridad;desc_estado_semaforo;desc_lugar_via;desc_estado_via;desc_estado_visibilidad;desc_luminosidad;desc_estado_clima;desc_tipo_colision;desc_tipo_atropello;desc_tipo_hecho;desc_pres_calzada;desc_senializacion
2875;2021;18/4/2021;Domingo;01:00:00;;0.0;1;Moto/Ciclomotor; ;1;1;0;0;0;0;S/D;ROSARIO;Constitución;S/D;S/D;II;S/D;S/D;Otra Señal;S/D;Intersección;S/D;S/D;S/D;S/D;Múltiple;S/D;Colisión;S/D;S/D
2876;2021;18/4/2021;Domingo;00:05:00;;0.0;1;Moto/Ciclomotor; ;1;1;0;0;0;0;S/D;ROSARIO;Constitución;S/D;S/D;II;S/D;S/D;Otra Señal;S/D;Intersección;S/D;S/D;Nocturna;S/D;Múltiple;S/D;Colisión;S/D;S/D
2877;2021;18/4/2021;Domingo;15:00:00;;0.0;1;Bicicleta; ;1;1;0;0;0;0;S/D;ROSARIO;Constitución;S/D;S/D;II;S/D;S/D;Otra Señal;S/D;Intersección;S/D;S/D;Diurna;S/D;Múltiple;S/D;Colisión;S/D;S/D
2878;2021;18/4/2021;Domingo;20:00:00;;0.0;2;Moto/Ciclomotor,Transporte de Pasajeros Urbano (> 8 asientos);Esteban de Luca 50;2;0;0;1;0;0;Calle;ROSARIO;Constitución;Asfalto;No existe;II;Dentro;Urbana;Otra Señal;No existe;Intersección;Bueno;Buena;Nocturna,Con luz artificial;Buen Tiempo;Múltiple;S/D;Colisión;Ninguna;Faltante
2879;2021;18/4/2021;Domingo;20:20:00;Ruta Provincial 30;70.0;1;Moto/Ciclomotor; ;1;0;0;0;0;0;Ruta;LOS AMORES;Constitución;S/D;No existe;XIX;Fuera;Rural;Otra Señal;No existe;Intersección;S/D;S/D;Nocturna;S/D;Múltiple;S/D;Colisión;S/D;S/D
2880;2021;18/4/2021;Domingo;;Ruta Nacional 34;0.0;2;Automóvil,Camión;Ruta Nacional A012 ;2;0;0;1;0;0;Ruta;RICARDONE;Constitución;Asfalto;Pavimento;XVII;Dentro;Rural;Otra Señal;No existe;Intersección;Bueno;S/D;S/D;S/D;Múltiple;S/D;Colisión;Ninguna;Vertical
2881;2021;19/4/2021;Lunes;09:10:00;Ruta Nacional 178;0.0;2;Moto/Ciclomotor,Automóvil;Calle 25 Y Ruta 178;2;1;0;1;0;0;Ruta;LAS PAREJAS;Belgrano;Asfalto;No existe;III;Dentro;Urbana;Otra Señal;No existe;Recta;Bueno;Buena;Diurna;Buen Tiempo;De alcance;S/D;Colisión;Ninguna;Faltante
2882;2021;19/4/2021;Lunes;18:35:00;;0.0;2;Automóvil,Moto/Ciclomotor;Av. Battle y Ordoñez Y Av. Corrientes;4;3;0;1;0;0;Avenida;ROSARIO;Rosario;Asfalto;No existe;II;Dentro;Urbana;Otra Señal;No existe;Intersección;Bueno;Buena;Diurna;Buen Tiempo;Lateral;S/D;Colisión;Ninguna;Faltante
2883;2021;19/4/2021;Lunes;16:20:00;;0.0;2;Moto/Ciclomotor,Automóvil;Bv. Oroño 3500;2;1;0;1;0;0;Avenida;ROSARIO;Rosario;Asfalto;No existe;II;Dentro;Urbana;Otra Señal;Funciona;Intersección;Bueno;Buena;Diurna;Buen Tiempo;Lateral;S/D;Colisión;Ninguna;Horizontal,Vertical
2884;2021;19/4/2021;Lunes;21:10:00;;0.0;2;Automóvil,Moto/Ciclomotor;Alsina Y Bv. 27 De Febrero;2;1;0;1;0;0;Avenida;ROSARIO;Rosario;Asfalto;No existe;II;Dentro;Urbana;Otra Señal;Funciona;Intersección;Bueno;Buena;Nocturna,Con luz artificial;Buen Tiempo;Lateral;S/D;Colisión;Ninguna;Horizontal,Vertical
2885;2021;19/4/2021;Lunes;18:10:00;;0.0;2;Automóvil,Automóvil;Av. Provincias Unidas Y Viamonte;4;1;0;3;0;0;Avenida;ROSARIO;Rosario;Asfalto;No existe;II;Dentro;Urbana;Otra Señal;No existe;Recta;Bueno;Buena;Diurna;Buen Tiempo;De alcance;S/D;Colisión;Ninguna;Faltante
2886;2021;19/4/2021;Lunes;10:25:00;;0.0;2;Moto/Ciclomotor,Automóvil;Av. Pellegrini Y Barra;2;1;0;1;0;0;Avenida;ROSARIO;Rosario;Asfalto;No existe;II;Dentro;Urbana;Otra Señal;No existe;Intersección;Bueno;Buena;Diurna;Buen Tiempo;S/D;S/D;Colisión;Ninguna;Horizontal
2887;2021;19/4/2021;Lunes;09:30:00;Ruta Secundaria 34-s;0.0;2;Moto/Ciclomotor,Automóvil;Montevideo Y Perón;2;1;0;1;0;0;Ruta;FUNES;Rosario;Asfalto;No existe;II;Dentro;Urbana;Otra Señal;No existe;Recta;Bueno;Buena;Diurna;Buen Tiempo;Lateral;S/D;Colisión;Ninguna;Faltante
2888;2021;19/4/2021;Lunes;15:00:00;;0.0;2;Automóvil,Moto/Ciclomotor;Bouchard Y Suipacha;2;1;0;1;0;0;Calle;FUNES;Rosario;Asfalto;No existe;II;Dentro;Urbana;Otra Señal;No existe;Intersección;Bueno;Buena;Diurna;Buen Tiempo;Frontal;S/D;Colisión;Ninguna;Faltante
2889;2021;19/4/2021;Lunes;09:00:00;;0.0;2;Moto/Ciclomotor,Automóvil;Av. J.Bernhein Y Ugarte;2;1;0;0;0;1;Avenida;ROSARIO;Rosario;Tierra;No existe;II;Dentro;Urbana;Otra Señal;No existe;Recta;Bueno;Buena;Diurna;Buen Tiempo;Lateral;S/D;Colisión;Ninguna;Faltante
2890;2021;19/4/2021;Lunes;18:45:00;;0.0;2;Moto/Ciclomotor,Automóvil;Eva Perón Y R Fournier;3;2;0;1;0;0;Calle;VILLA GOBERNADOR GÁLVEZ;Rosario;Asfalto;No existe;II;Dentro;Urbana;Otra Señal;No existe;Intersección;Bueno;Buena;Diurna;Buen Tiempo;S/D;S/D;Colisión;Ninguna;Faltante
2891;2021;19/4/2021;Lunes;21:20:00;;0.0;2;Automóvil,Moto/Ciclomotor;Bomberos Voluntarios Y Mitre;3;1;0;2;0;0;Calle;VILLA GOBERNADOR GÁLVEZ;Rosario;Asfalto;No existe;II;Dentro;Urbana;Otra Señal;No existe;Intersección;Bueno;Buena;Nocturna,Con luz artificial;Buen Tiempo;S/D;S/D;Colisión;Ninguna;Faltante
2892;2021;19/4/2021;Lunes;11:45:00;;0.0;2;Moto/Ciclomotor,Automóvil;Avenida Pellegrini Y Italia;2;2;0;0;0;0;Avenida;ALVEAR;Rosario;Asfalto;No existe;II;Dentro;Urbana;Otra Señal;No existe;Intersección;Con baches;Buena;Nocturna,Con luz artificial;Buen Tiempo;Lateral;S/D;Colisión;Ninguna;Faltante
2893;2021;19/4/2021;Lunes;21:50:00;;0.0;2;Peatón,Automóvil;Cochabamba Y Italia;2;1;0;1;0;0;Calle;ROSARIO;Rosario;Asfalto;No existe;II;Dentro;Urbana;Otra Señal;No existe;Intersección;Bueno;Buena;Nocturna,Con luz artificial;Buen Tiempo;De alcance,Múltiple;Peatón;Colisión;Ninguna;Horizontal
2894;2021;19/4/2021;Lunes;11:30:00;;0.0;2;Taxi/Remis,Moto/Ciclomotor;Av. Urquiza Y Irigoyen Freyre;2;1;0;1;0;0;Avenida;SANTA FE;La Capital;Asfalto;No existe;I;Dentro;Urbana;Otra Señal;Funciona;Intersección;Bueno;Buena;Diurna;Buen Tiempo;De alcance,Múltiple;S/D;Colisión;Ninguna;Horizontal,Vertical
2895;2021;19/4/2021;Lunes;08:30:00;;0.0;2;Taxi/Remis,Moto/Ciclomotor;Av. Pte. Perón Y Junín;2;1;0;1;0;0;Avenida;SANTA FE;La Capital;Asfalto;No existe;I;Dentro;Urbana;Otra Señal;No existe;Intersección;Bueno;Buena;Diurna;Buen Tiempo;De alcance,Múltiple;S/D;Colisión;Ninguna;Faltante
2896;2021;19/4/2021;Lunes;17:00:00;;0.0;2;Moto/Ciclomotor,Pickup/Utilitario;Martin Zapata ;2;1;0;0;0;1;Calle;SANTA FE;La Capital;Asfalto;No existe;I;Dentro;Urbana;Otra Señal;Funciona;Intersección;Bueno;Buena;Diurna;Buen Tiempo;De alcance,Múltiple;S/D;Colisión;Ninguna;Vertical
2897;2021;19/4/2021;Lunes;12:30:00;;0.0;2;Automóvil,Otros;Av. A del Valle Y Diagonal Martínez;2;1;0;1;0;0;Avenida;SANTA FE;La Capital;Asfalto;No existe;I;Dentro;Urbana;Otra Señal;No existe;Intersección;Bueno;Buena;Diurna;Buen Tiempo;De alcance,Múltiple;S/D;Colisión;Ninguna;Faltante
2898;2021;19/4/2021;Lunes;18:35:00;;0.0;2;Moto/Ciclomotor,Automóvil;José De San Martin Y 4 de enero;2;1;0;1;0;0;Calle;SANTO TOMÉ;La Capital;Asfalto;No existe;I;Dentro;Urbana;Otra Señal;No existe;Intersección;Bueno;Buena;Diurna;Buen Tiempo;De alcance,Múltiple;S/D;Colisión;Ninguna;Faltante
2899;2021;19/4/2021;Lunes;;;0.0;1;Otros; ;2;2;0;0;0;0;S/D;CARCARAÑÁ;San Lorenzo;S/D;S/D;XVII;S/D;S/D;Otra Señal;S/D;Intersección;S/D;S/D;S/D;S/D;De alcance,Múltiple;S/D;Colisión;S/D;S/D
2900;2021;19/4/2021;Lunes;;Ruta Nacional 11;0.0;2;Peatón,Automóvil;José de San Martin ;2;1;0;1;0;0;Ruta;CORONDA;San JERÓNIMO;Asfalto;No existe;XV;Dentro;Urbana;Otra Señal;No existe;Intersección;Bueno;S/D;S/D;S/D;De alcance,Múltiple;Peatón;Colisión;Ninguna;Faltante
2901;2021;19/4/2021;Lunes;;;0.0;1;Moto/Ciclomotor;Bv H Irigoyen 700;1;1;0;0;0;0;Avenida;RAFAELA;Castellanos;Asfalto;No existe;V;Dentro;Urbana;Otra Señal;No existe;Intersección;Bueno;S/D;Nocturna,Con luz artificial;S/D;De alcance,Múltiple;S/D;Colisión;Ninguna;Faltante
2902;2021;19/4/2021;Lunes;10:40:00;;0.0;2;Moto/Ciclomotor,Moto/Ciclomotor;La Rioja Y Santiago de Chile;2;1;0;1;0;0;Calle;SANTA FE;La Capital;Asfalto;No existe;I;Dentro;Urbana;Otra Señal;No existe;Intersección;Bueno;Buena;Diurna;Buen Tiempo;De alcance,Múltiple;S/D;Colisión;Ninguna;Horizontal
2903;2021;19/4/2021;Lunes;10:40:00;;0.0;2;Pickup/Utilitario,Peatón;San Martin Y 25 de mayo;2;0;0;1;1;0;Calle;LAS BANDURRIAS;San MARTÍN;Asfalto;No existe;XVIII;S/D;Urbana;Otra Señal;No existe;Intersección;Con baches;Buena;Diurna;Buen Tiempo;De alcance,Múltiple;Peatón;Colisión;Ninguna;Faltante
2904;2021;19/4/2021;Lunes;17:30:00;;0.0;2;Moto/Ciclomotor,Automóvil;Echague Y Entre Ríos;2;1;0;1;0;0;Calle;ROLDÁN;San Lorenzo;Asfalto;No existe;XVII;Dentro;Urbana;Otra Señal;No existe;Intersección;Bueno;Buena;Diurna;Buen Tiempo;De alcance,Múltiple;S/D;Colisión;Ninguna;Faltante
2905;2021;19/4/2021;Lunes;08:30:00;Autopista Nacional A008;0.0;1;Bicicleta;Av. Circunvalación Y Av. Pellegrini;1;1;0;0;0;0;Autopista;ROSARIO;Rosario;Asfalto;Pavimento;II;Dentro;Urbana;Otra Señal;No existe;Intersección;Bueno;S/D;Diurna;S/D;Múltiple;S/D;Colisión;S/D;Horizontal
2906;2021;19/4/2021;Lunes;10:00:00;;0.0;1;Moto/Ciclomotor; ;1;1;0;0;0;0;S/D;ROSARIO;Constitución;S/D;S/D;II;S/D;S/D;Otra Señal;S/D;Intersección;S/D;S/D;Diurna;S/D;Múltiple;S/D;Colisión;S/D;S/D
2907;2021;19/4/2021;Lunes;20:00:00;;0.0;1;Automóvil; ;1;1;0;0;0;0;S/D;ROSARIO;Constitución;S/D;S/D;II;S/D;S/D;Otra Señal;S/D;Intersección;S/D;S/D;Nocturna;S/D;Múltiple;S/D;Colisión;S/D;S/D
2908;2021;19/4/2021;Lunes;20:00:00;;0.0;1;Moto/Ciclomotor; ;1;1;0;0;0;0;S/D;ROSARIO;Constitución;S/D;S/D;II;S/D;S/D;Otra Señal;S/D;Intersección;S/D;S/D;Nocturna;S/D;Múltiple;S/D;Colisión;S/D;S/D
2909;2021;19/4/2021;Lunes;20:00:00;;0.0;1;Moto/Ciclomotor; ;1;1;0;0;0;0;S/D;ROSARIO;Constitución;S/D;S/D;II;S/D;S/D;Otra Señal;S/D;Intersección;S/D;S/D;Nocturna;S/D;Múltiple;S/D;Colisión;S/D;S/D
2910;2021;19/4/2021;Lunes;;;0.0;2;Automóvil,Moto/Ciclomotor;Rivadavia Y Rioja;2;0;0;1;0;0;Calle;PUERTO SAN MARTÍN;Constitución;Asfalto;No existe;XVII;Dentro;Urbana;Otra Señal;No existe;Intersección;Bueno;Buena;Diurna;Buen Tiempo;Múltiple;S/D;Colisión;Ninguna;Faltante
2911;2021;19/4/2021;Lunes;;;0.0;1;Moto/Ciclomotor;Av. Pellegrini Y Rio De Janeiro;1;0;0;0;0;0;Avenida;ROSARIO;Constitución;Asfalto;No existe;II;Dentro;Urbana;Otra Señal;No existe;Intersección;Bueno;S/D;S/D;S/D;Múltiple;S/D;Colisión;Ninguna;Faltante
2912;2021;20/4/2021;Martes;19:25:00;;0.0;2;Moto/Ciclomotor,Bicicleta;1 de Mayo Y Av. Los Colonizadores;2;1;0;1;0;0;Avenida;ESPERANZA;Las Colonias;Asfalto;No existe;XI;Dentro;Urbana;Otra Señal;Funciona;Intersección;Bueno;Buena;Nocturna;Buen Tiempo;S/D;Ciclista;Colisión;Ninguna;Vertical
2913;2021;20/4/2021;Martes;19:50:00;;0.0;2;Bicicleta,Pickup/Utilitario;Carlos Bosch Y Rivadavia;2;1;0;1;0;0;Calle;ESPERANZA;Las Colonias;Ripio;Natural;XI;Dentro;Urbana;Otra Señal;No existe;Intersección;Bueno;Buena;Nocturna;Buen Tiempo;S/D;Ciclista;Colisión;Ninguna;Faltante
2914;2021;20/4/2021;Martes;08:10:00;;0.0;2;Pickup/Utilitario,Moto/Ciclomotor;1 de Mayo Y Pueyrredón;2;1;0;1;0;0;Calle;ESPERANZA;Las Colonias;Asfalto;No existe;XI;Dentro;Urbana;Otra Señal;No existe;Intersección;Bueno;Buena;Diurna;Buen Tiempo;Frontal;S/D;Colisión;S/D;Vertical
2915;2021;20/4/2021;Martes;23:20:00;;0.0;2;Automóvil,Bicicleta;Domingo Faustino Sarmiento Y Güemes;2;1;0;1;0;0;Calle;ESPERANZA;Las Colonias;Asfalto;No existe;XI;Dentro;Urbana;Otra Señal;No existe;Intersección;Bueno;Buena;Nocturna;Buen Tiempo;S/D;Ciclista;Colisión;Ninguna;Faltante
2916;2021;20/4/2021;Martes;18:00:00;;0.0;1;Moto/Ciclomotor;Avenida 18 Y Calle 19;2;2;0;0;0;0;Avenida;LAS PAREJAS;Belgrano;Asfalto;No existe;III;Dentro;Urbana;Otra Señal;No existe;Recta;Bueno;Buena;Diurna;Buen Tiempo;S/D;S/D;Colisión;Ninguna;Horizontal
2917;2021;20/4/2021;Martes;18:30:00;Ruta Nacional 178;0.0;2;Moto/Ciclomotor,Camión Chasis;Calle 19 Y Ruta 178;3;2;0;1;0;0;Ruta;LAS PAREJAS;Belgrano;Tierra;Natural;III;Dentro;Urbana;Otra Señal;No existe;Intersección;Bueno;Buena;Diurna;Buen Tiempo;Lateral;S/D;Colisión;Ninguna;Faltante
2918;2021;20/4/2021;Martes;07:30:00;;0.0;2;Moto/Ciclomotor,Moto/Ciclomotor;Ameghino Y Crespo;2;1;0;1;0;0;Calle;ROSARIO;Rosario;Asfalto;No existe;II;Dentro;Urbana;Otra Señal;No existe;Intersección;Bueno;Buena;Diurna;Buen Tiempo;Lateral;S/D;Colisión;Ninguna;Faltante
2919;2021;20/4/2021;Martes;16:15:00;;0.0;2;Moto/Ciclomotor,Automóvil;Av. Eva Perón Y Colombia;2;1;0;1;0;0;Avenida;ROSARIO;Rosario;Asfalto;No existe;II;Dentro;Urbana;Otra Señal;Funciona;Recta;Bueno;Buena;Diurna;Buen Tiempo;De alcance;S/D;Colisión;Ninguna;Horizontal,Vertical
2920;2021;20/4/2021;Martes;15:30:00;;0.0;2;Moto/Ciclomotor,Automóvil;J.Colombres Y Mendoza;4;1;0;3;0;0;Avenida;ROSARIO;Rosario;Asfalto;No existe;II;Dentro;Urbana;Otra Señal;Funciona;Intersección;Bueno;Buena;Diurna;Buen Tiempo;Lateral;S/D;Colisión;Ninguna;Horizontal,Vertical
2921;2021;20/4/2021;Martes;17:25:00;Ruta Provincial 18;13.0;2;Moto/Ciclomotor,Automóvil; ;5;1;0;4;0;0;Ruta;MONTE FLORES;Rosario;Asfalto;Natural;II;Dentro;Urbana;Otra Señal;No existe;Recta;Bueno;Buena;Diurna;Buen Tiempo;Lateral;S/D;Colisión;Ninguna;Horizontal
2922;2021;20/4/2021;Martes;18:20:00;;0.0;2;Moto/Ciclomotor,Automóvil;Grandoli Y Isola Bis;2;1;0;1;0;0;Avenida;ROSARIO;Rosario;Asfalto;No existe;II;Dentro;Urbana;Otra Señal;No existe;Intersección;Bueno;Buena;Diurna;Buen Tiempo;De alcance,Múltiple;S/D;Colisión;Ninguna;Faltante
2923;2021;20/4/2021;Martes;06:15:00;;0.0;2;Moto/Ciclomotor,Moto/Ciclomotor;Buenos Aires Y Rivadavia;3;3;0;0;0;0;Calle;VERA;Vera;Asfalto;No existe;XIX;Dentro;Urbana;Otra Señal;No existe;Intersección;Bueno;S/D;Amanecer;Buen Tiempo;De alcance,Múltiple;S/D;Colisión;Ninguna;Horizontal
2924;2021;20/4/2021;Martes;17:55:00;;0.0;2;Pickup/Utilitario,Bicicleta;Pte. Perón Y Rivadavia;3;2;0;1;0;0;Calle;VERA;Vera;Asfalto;No existe;XIX;Dentro;Urbana;Otra Señal;Funciona;Intersección;Bueno;Buena;Diurna;Buen Tiempo;De alcance,Múltiple;Ciclista;Colisión;Ninguna;Horizontal,Vertical
2925;2021;20/4/2021;Martes;11:40:00;;0.0;2;Automóvil,Moto/Ciclomotor;O'Higgins Y Vera Mujica;2;1;0;1;0;0;Calle;SANTA FE;La Capital;Asfalto;No existe;I;Dentro;Urbana;Otra Señal;No existe;Intersección;Bueno;Buena;Diurna;Buen Tiempo;De alcance,Múltiple;S/D;Colisión;Ninguna;Faltante
2926;2021;20/4/2021;Martes;12:50:00;;0.0;2;Moto/Ciclomotor,Transporte de Pasajeros Urbano (> 8 asientos);Esteban de Luca Y Paraguay;2;1;0;1;0;0;Calle;ROSARIO;Rosario;Asfalto;No existe;II;Dentro;Urbana;Otra Señal;No existe;Intersección;Bueno;Buena;Diurna;Buen Tiempo;De alcance,Múltiple;S/D;Colisión;Ninguna;Faltante
2927;2021;20/4/2021;Martes;19:45:00;;0.0;2;Automóvil,Automóvil;Alberti Y Av. A del Valle;2;1;0;1;0;0;Avenida;SANTA FE;La Capital;Asfalto;No existe;I;Dentro;Urbana;Otra Señal;Funciona;Intersección;Bueno;Buena;Diurna;Buen Tiempo;De alcance,Múltiple;S/D;Colisión;Ninguna;Faltante
2928;2021;20/4/2021;Martes;07:30:00;Ruta Provincial 5;0.0;2;Moto/Ciclomotor,Automóvil; ;2;1;0;1;0;0;Ruta;SANTA FE;La Capital;Asfalto;Natural;I;Dentro;Rural;Otra Señal;No existe;Intersección;Bueno;Buena;Diurna;Buen Tiempo;De alcance,Múltiple;S/D;Colisión;Ninguna;Faltante
2929;2021;20/4/2021;Martes;09:30:00;Ruta Provincial 13;0.0;1;Automóvil;Corrientes Y Ruta Prov. Nº 13;1;1;0;0;0;0;Ruta;EL TRÉBOL;San MARTÍN;Asfalto;Natural;XVIII;Fuera;Urbana;Otra Señal;No existe;Intersección;Bueno;S/D;Diurna;S/D;De alcance,Múltiple;S/D;Colisión;Ninguna;Faltante
2930;2021;20/4/2021;Martes;17:00:00;;0.0;2;Pickup/Utilitario,Moto/Ciclomotor;Corrientes Y Falucho;2;1;0;1;0;0;Calle;RAFAELA;Castellanos;Asfalto;No existe;V;Dentro;Urbana;Otra Señal;No existe;Intersección;Bueno;S/D;Diurna;S/D;De alcance,Múltiple;S/D;Colisión;Ninguna;Horizontal
2931;2021;20/4/2021;Martes;22:50:00;Ruta Nacional A012;51.0;3;Camión c / Acoplado,Camión c / Acoplado,Camión c / Acoplado; ;3;0;0;2;1;0;Ruta;LUIS PALACIOS;San Lorenzo;Asfalto;Ripio;XVII;Dentro;Rural;Otra Señal;No existe;Intersección;Bueno;Buena;Nocturna;Buen Tiempo;De alcance,Múltiple;S/D;Colisión;Ninguna;Faltante
2932;2021;20/4/2021;Martes;21:00:00;;0.0;2;Peatón,Moto/Ciclomotor;Calle 19-Habegger Y Calle 16-Obligado;3;2;0;0;1;0;Calle;RECONQUISTA;General Obligado;Asfalto;No existe;IX;S/D;Urbana;Otra Señal;No existe;Intersección;Bueno;Buena;Nocturna;Buen Tiempo;De alcance,Múltiple;Peatón;Colisión;Ninguna;Vertical
2933;2021;20/4/2021;Martes;22:30:00;;0.0;2;Moto/Ciclomotor,Camión;Mitre Y Sánchez de Bustamante;2;1;0;1;0;0;Calle;ROSARIO;Rosario;Asfalto;No existe;II;Dentro;Urbana;Otra Señal;No existe;Intersección;S/D;Buena;Nocturna;S/D;De alcance,Múltiple;S/D;Colisión;Ninguna;Faltante
2934;2021;20/4/2021;Martes;10:50:00;;0.0;2;Moto/Ciclomotor,Pickup/Utilitario;Calle 18 - Gral. Belgrano ;2;1;0;1;0;0;Calle;RECONQUISTA;General Obligado;Asfalto;No existe;IX;Dentro;Urbana;Otra Señal;Funciona;Intersección;Bueno;Buena;Diurna;Buen Tiempo;Múltiple;S/D;Colisión;Ninguna;Horizontal,Vertical
2935;2021;20/4/2021;Martes;15:30:00;;0.0;1;Automóvil;Mendoza Y Pascual Rosas;1;1;0;0;0;0;Calle;ROSARIO;Rosario;Asfalto;No existe;II;Dentro;Urbana;Otra Señal;Funciona;Intersección;Bueno;S/D;Diurna;S/D;Múltiple;S/D;Colisión;S/D;Horizontal,Vertical
2936;2021;20/4/2021;Martes;19:00:00;;0.0;2;Automóvil,Moto/Ciclomotor;Alvear Y Urquiza;2;1;0;0;0;1;Calle;ROSARIO;Rosario;Asfalto;No existe;II;Dentro;Urbana;Otra Señal;No existe;Intersección;Bueno;S/D;Nocturna;S/D;Múltiple;S/D;Colisión;S/D;Horizontal
2937;2021;20/4/2021;Martes;20:00:00;;0.0;1;Moto/Ciclomotor;Mendoza Y Suipacha;1;1;0;0;0;0;Calle;ROSARIO;Rosario;Asfalto;No existe;II;Dentro;Urbana;Otra Señal;Funciona;Intersección;Bueno;S/D;Nocturna;S/D;Múltiple;S/D;Colisión;S/D;Horizontal,Vertical
2938;2021;20/4/2021;Martes;23:00:00;;0.0;1;Moto/Ciclomotor; ;1;1;0;0;0;0;S/D;ROSARIO;Rosario;S/D;S/D;II;S/D;S/D;Otra Señal;S/D;Intersección;S/D;S/D;Nocturna;S/D;Múltiple;S/D;Colisión;S/D;S/D
2939;2021;20/4/2021;Martes;01:00:00;;0.0;1;Automóvil; ;1;1;0;0;0;0;S/D;ROSARIO;Constitución;S/D;S/D;II;S/D;S/D;Otra Señal;S/D;Intersección;S/D;S/D;Nocturna;S/D;Múltiple;S/D;Colisión;S/D;S/D
2940;2021;20/4/2021;Martes;;Ruta Provincial 1;0.0;3;Automóvil,Bicicleta,Automóvil;Patricio Cullen ;3;1;0;1;0;0;Ruta;HELVECIA;Constitución;Asfalto;Ripio;VII;Dentro;Urbana;Otra Señal;No existe;Intersección;Bueno;Buena;S/D;Buen Tiempo;Múltiple;Ciclista;Colisión;Ninguna;Horizontal
2941;2021;20/4/2021;Martes;13:30:00;;0.0;2;Automóvil,Moto/Ciclomotor;Montevideo Y Rodríguez;2;0;0;1;0;0;Calle;ROSARIO;Constitución;Asfalto;S/D;II;Dentro;Urbana;Otra Señal;S/D;Intersección;Bueno;S/D;Diurna;S/D;Múltiple;S/D;Colisión;Ninguna;Faltante
2942;2021;21/4/2021;Miercoles;12:30:00;;0.0;2;Moto/Ciclomotor,Pickup/Utilitario;Bv. 27 De Febrero Y Fraga;3;1;0;2;0;0;Avenida;ROSARIO;Rosario;Asfalto;No existe;II;Dentro;Urbana;Otra Señal;No existe;Intersección;Bueno;Buena;Diurna;Buen Tiempo;S/D;S/D;Colisión;Ninguna;Faltante
2943;2021;21/4/2021;Miercoles;13:10:00;Ruta Nacional 33;0.0;1;Bicicleta;Av. San Martin 1400;1;1;0;0;0;0;Ruta;PEREZ;Rosario;Asfalto;No existe;II;Dentro;Urbana;Otra Señal;No existe;Recta;Bueno;Buena;Diurna;Buen Tiempo;Contra objeto fijo;S/D;Colisión;Ninguna;Faltante
2944;2021;21/4/2021;Miercoles;18:00:00;;0.0;2;Automóvil,Moto/Ciclomotor;Castelli Y Dr. Romang;2;1;0;1;0;0;Calle;ESPERANZA;Las Colonias;Asfalto;No existe;XI;Dentro;Urbana;Otra Señal;No existe;Intersección;Bueno;Buena;Atardecer;Buen Tiempo;De alcance,Múltiple;S/D;Colisión;Ninguna;Horizontal,Vertical
2945;2021;21/4/2021;Miercoles;;;0.0;2;Automóvil,Moto/Ciclomotor;Castelli Y Dr. Romang;2;1;0;1;0;0;Calle;ESPERANZA;Las Colonias;Asfalto;No existe;XI;Dentro;Urbana;Otra Señal;No existe;Intersección;Bueno;Buena;Diurna;Buen Tiempo;De alcance,Múltiple;S/D;Colisión;Ninguna;Faltante
2946;2021;21/4/2021;Miercoles;18:00:00;;0.0;2;Peatón,Automóvil;Av. Corrientes Y Ocampo;3;1;0;2;0;0;Avenida;ROSARIO;Rosario;Asfalto;No existe;II;Dentro;Urbana;Otra Señal;No existe;Intersección;Bueno;Buena;Diurna;Buen Tiempo;De alcance,Múltiple;Peatón;Colisión;Ninguna;Horizontal
2947;2021;21/4/2021;Miercoles;12:20:00;;0.0;2;Automóvil,Moto/Ciclomotor;Bv. Avellaneda Y Gorriti;2;1;0;1;0;0;Avenida;ROSARIO;Rosario;Asfalto;No existe;II;Dentro;Urbana;Otra Señal;Funciona;Intersección;Bueno;Buena;Diurna;Buen Tiempo;De alcance,Múltiple;S/D;Colisión;Ninguna;Horizontal,Vertical
2948;2021;21/4/2021;Miercoles;09:30:00;;0.0;2;Automóvil,Bicicleta;Candioti Y Luciano Molinas;2;1;0;1;0;0;Calle;SANTA FE;La Capital;Asfalto;No existe;I;Dentro;Urbana;Otra Señal;No existe;Intersección;Bueno;S/D;Diurna;S/D;De alcance,Múltiple;Ciclista;Colisión;Ninguna;Horizontal
2949;2021;21/4/2021;Miercoles;14:00:00;;0.0;2;Automóvil,Moto/Ciclomotor;Av. Urquiza Y Corrientes;3;2;0;1;0;0;Avenida;SANTA FE;La Capital;Asfalto;No existe;I;Dentro;Urbana;Otra Señal;Funciona;Intersección;Bueno;Buena;Diurna;Buen Tiempo;De alcance,Múltiple;S/D;Colisión;Ninguna;Horizontal,Vertical