ID_Accidente;A�o;Fecha;Dia;Hopra;Ruta/Autop;km;Participantes;Tipo;Lugar;Total;Heridos Leves;Heridos Graves;Ilesos;Fallecidos;Sin datos;desc_tipo_via;desc_loc;desc_dpto;|;desc_tipo_banquina;desc_unidad_regional;desc_lugar_calzada;desc_zona;desc_prioridad;desc_estado_semaforo;desc_lugar_via;desc_estado_via;desc_estado_visibilidad;desc_luminosidad;desc_estado_clima;desc_tipo_colision;desc_tipo_atropello;desc_tipo_hecho;desc_pres_calzada;desc_senializacion
2950;2021;21/4/2021;Miercoles;18:25:00;;0.0;2;Taxi/Remis,Bicicleta;Av. Freyre 2200;2;1;0;1;0;0;Avenida;SANTA FE;La Capital;Asfalto;No existe;I;Dentro;Urbana;Otra Señal;No existe;Intersección;Bueno;Buena;Diurna;Buen Tiempo;De alcance,Múltiple;Ciclista;Colisión;Ninguna;Horizontal,Vertical
2951;2021;21/4/2021;Miercoles;14:30:00;;0.0;2;Moto/Ciclomotor,Pickup/Utilitario;Av. López y Planes Y Gutiérrez;2;1;0;1;0;0;Avenida;SANTA FE;La Capital;Asfalto;No existe;I;Dentro;Urbana;Otra Señal;No existe;Intersección;Bueno;Buena;Diurna;Buen Tiempo;De alcance,Múltiple;S/D;Colisión;Ninguna;Horizontal
2952;2021;21/4/2021;Miercoles;20:30:00;;0.0;2;Moto/Ciclomotor,Automóvil;Av. Ntra.Sra.del Rosario Y Salva;2;1;0;1;0;0;Avenida;ROSARIO;Rosario;Asfalto;No existe;II;Dentro;Urbana;Otra Señal;Funciona;Intersección;Bueno;Buena;Nocturna,Con luz artificial;Buen Tiempo;De alcance,Múltiple;S/D;Colisión;Ninguna;Horizontal
2953;2021;21/4/2021;Miercoles;15:00:00;;0.0;2;Automóvil,Moto/Ciclomotor;Av. Peñaloza Y Reg. 12 de Infantería;2;1;0;1;0;0;Avenida;SANTA FE;La Capital;Asfalto;No existe;I;Dentro;Urbana;Otra Señal;Funciona;Intersección;Bueno;Buena;Diurna;Buen Tiempo;De alcance,Múltiple;S/D;Colisión;Ninguna;Horizontal,Vertical
2954;2021;21/4/2021;Miercoles;11:35:00;;0.0;2;Moto/Ciclomotor,Automóvil;Pje Parpal Y San Jerónimo;2;1;0;1;0;0;Calle;SANTA FE;La Capital;Asfalto;No existe;I;Dentro;Urbana;Otra Señal;No existe;Intersección;Bueno;Buena;Diurna;Buen Tiempo;De alcance,Múltiple;S/D;Colisión;Ninguna;Faltante
2955;2021;21/4/2021;Miercoles;13:40:00;;0.0;2;Automóvil,Camión Chasis;9 de Julio Y Pedro Diaz Colodrero;3;1;0;2;0;0;Calle;SANTA FE;La Capital;Asfalto;No existe;I;Dentro;Urbana;Otra Señal;No existe;Intersección;Bueno;Buena;Diurna;Buen Tiempo;De alcance,Múltiple;S/D;Colisión;Ninguna;Faltante
2956;2021;21/4/2021;Miercoles;;;0.0;2;Automóvil,Moto/Ciclomotor;Bv 9 de Julio Y Hipólito Irigoyen;2;1;0;1;0;0;Avenida;SAN JORGE;San MARTÍN;Asfalto;No existe;XVIII;Dentro;Urbana;Otra Señal;No existe;Intersección;Bueno;S/D;S/D;S/D;De alcance,Múltiple;S/D;Colisión;Ninguna;Faltante
2957;2021;21/4/2021;Miercoles;;;0.0;2;Bicicleta,Pickup/Utilitario; ;2;1;0;1;0;0;S/D;SASTRE;San MARTÍN;S/D;S/D;XVIII;S/D;Urbana;Otra Señal;S/D;Intersección;S/D;S/D;S/D;S/D;De alcance,Múltiple;Ciclista;Colisión;S/D;S/D
2958;2021;21/4/2021;Miercoles;;;0.0;2;Moto/Ciclomotor,Automóvil;Casado Y San Luis;2;1;0;1;0;0;Calle;CASILDA;Caseros;Asfalto;No existe;IV;Dentro;Urbana;Otra Señal;No existe;Intersección;Bueno;S/D;S/D;S/D;De alcance,Múltiple;S/D;Colisión;Ninguna;Faltante
2959;2021;21/4/2021;Miercoles;13:00:00;;0.0;2;Taxi/Remis,Moto/Ciclomotor;Bv. Avellaneda Y Cochabamba;2;1;0;1;0;0;Avenida;ROSARIO;Rosario;Asfalto;No existe;II;Dentro;Urbana;Otra Señal;No existe;Intersección;Bueno;S/D;Diurna;S/D;De alcance,Múltiple;S/D;Colisión;S/D;Horizontal,Vertical
2960;2021;21/4/2021;Miercoles;18:55:00;;0.0;2;Automóvil,Moto/Ciclomotor;Av. Peñaloza Y Reg. 12 de Infantería;2;1;0;1;0;0;Avenida;SANTA FE;La Capital;Asfalto;No existe;I;Dentro;Urbana;Otra Señal;Funciona;Intersección;Bueno;S/D;Diurna;Buen Tiempo;De alcance,Múltiple;S/D;Colisión;Ninguna;Horizontal,Vertical
2961;2021;21/4/2021;Miercoles;;;0.0;2;Peatón,Moto/Ciclomotor;Alberdi Y Av. Galicia;2;1;0;0;0;1;Avenida;SANTA FE;La Capital;Asfalto;No existe;I;Dentro;Urbana;Otra Señal;No existe;Intersección;Bueno;S/D;S/D;S/D;De alcance,Múltiple;Peatón;Colisión;Ninguna;Faltante
2962;2021;21/4/2021;Miercoles;12:20:00;;0.0;1;Bicicleta;Ayacucho Y Rivadavia;1;1;0;0;0;0;Calle;CAÑADA DE GÓMEZ;Iriondo;Asfalto;No existe;X;Dentro;Urbana;Otra Señal;No existe;Intersección;Bueno;S/D;Diurna;S/D;De alcance,Múltiple;S/D;Colisión;Ninguna;Faltante
2963;2021;21/4/2021;Miercoles;11:00:00;;0.0;2;Moto/Ciclomotor,Automóvil;Calle 4 Y Calle 17;3;1;0;2;0;0;Calle;LAS TOSCAS;General Obligado;Asfalto;No existe;IX;Dentro;Urbana;Otra Señal;No existe;Intersección;Bueno;Buena;Diurna;Buen Tiempo;De alcance,Múltiple;S/D;Colisión;Ninguna;Faltante
2964;2021;21/4/2021;Miercoles;17:15:00;;0.0;2;Moto/Ciclomotor,Automóvil;Calle 6 Y Calle 19;5;1;0;3;0;1;Calle;LAS TOSCAS;General Obligado;Asfalto;No existe;IX;Dentro;Urbana;Otra Señal;No existe;Intersección;Bueno;Buena;Atardecer;Buen Tiempo;De alcance,Múltiple;S/D;Colisión;Ninguna;Faltante
2965;2021;21/4/2021;Miercoles;20:00:00;Ruta Nacional 11;0.0;2;Automóvil,Peatón;Calle 37-Bvard. Lovato Y Ruta Nacional 11;3;2;0;1;0;0;Ruta;RECONQUISTA;General Obligado;Asfalto;No existe;IX;Dentro;Urbana;Otra Señal;Funciona;Intersección;Bueno;S/D;Nocturna;S/D;De alcance,Múltiple;Peatón;Colisión;Ninguna;Horizontal,Vertical
2966;2021;21/4/2021;Miercoles;23:00:00;;0.0;1;Moto/Ciclomotor; ;1;1;0;0;0;0;S/D;ROSARIO;Constitución;S/D;S/D;II;S/D;S/D;Otra Señal;S/D;Intersección;S/D;S/D;Nocturna;S/D;Múltiple;S/D;Colisión;S/D;S/D
2967;2021;21/4/2021;Miercoles;15:00:00;;0.0;1;Moto/Ciclomotor; ;1;1;0;0;0;0;S/D;ROSARIO;Constitución;S/D;S/D;II;S/D;S/D;Otra Señal;S/D;Intersección;S/D;S/D;Nocturna;S/D;Múltiple;S/D;Colisión;S/D;S/D
2968;2021;21/4/2021;Miercoles;12:50:00;;0.0;2;Bicicleta,Automóvil;Ituzaingó Y San Martin;2;0;0;1;0;0;Avenida;ROSARIO;Constitución;Asfalto;No existe;II;Dentro;Urbana;Otra Señal;No existe;Intersección;Bueno;Buena;Diurna;Buen Tiempo;Múltiple;Ciclista;Colisión;Ninguna;Horizontal
2969;2021;21/4/2021;Miercoles;06:45:00;Autopista Nacional A008;0.0;2;Automóvil,Moto/Ciclomotor;Av. Circunvalación Y J.J.Paso;2;0;0;1;0;0;Autopista;ROSARIO;Constitución;Asfalto;No existe;II;Dentro;Urbana;Otra Señal;Funciona;Intersección;Bueno;Buena;Diurna,Con luz artificial;Buen Tiempo;Múltiple;S/D;Colisión;Ninguna;Horizontal,Vertical
2970;2021;21/4/2021;Miercoles;07:15:00;;0.0;1;Bicicleta;Av. Ovidio Lagos Y Gálvez;1;0;0;0;0;0;Avenida;ROSARIO;Constitución;Asfalto;No existe;II;Dentro;Urbana;Otra Señal;Funciona;Intersección;Bueno;S/D;Nocturna;S/D;Múltiple;S/D;Colisión;S/D;Horizontal,Vertical
2971;2021;21/4/2021;Miercoles;18:00:00;;0.0;1;Moto/Ciclomotor;Dr. Rivas Y J.M.de Rosas;1;0;0;0;0;0;Calle;ROSARIO;Constitución;Asfalto;No existe;II;Dentro;Urbana;Otra Señal;No existe;Intersección;Bueno;S/D;Diurna;S/D;Múltiple;S/D;Colisión;S/D;Horizontal
2972;2021;22/4/2021;Jueves;20:00:00;;0.0;2;Moto/Ciclomotor,Automóvil;Av. Battle y Ordoñez Y Bv. Oroño;2;1;0;0;0;1;Avenida;ROSARIO;Rosario;Asfalto;No existe;II;Dentro;Urbana;Otra Señal;Funciona;Recta;Bueno;Reducida;Nocturna;Buen Tiempo;De alcance;S/D;Colisión;Ninguna;Horizontal,Vertical
2973;2021;22/4/2021;Jueves;10:00:00;;0.0;2;Moto/Ciclomotor,Automóvil;Pje. 509 Y Pje. 518;2;1;0;1;0;0;Calle;ROSARIO;Rosario;Asfalto;No existe;II;Dentro;Urbana;Otra Señal;No existe;Intersección;Bueno;Buena;Diurna;Buen Tiempo;Lateral;S/D;Colisión;Ninguna;Faltante
2974;2021;22/4/2021;Jueves;13:25:00;;0.0;2;Moto/Ciclomotor,Automóvil;Gálvez Y Pueyrredón;2;1;0;1;0;0;Calle;ROSARIO;Rosario;Asfalto;No existe;II;Dentro;Urbana;Otra Señal;No existe;Intersección;Bueno;Buena;Diurna;Buen Tiempo;De alcance,Múltiple;S/D;Colisión;Ninguna;Faltante
2975;2021;22/4/2021;Jueves;13:20:00;;0.0;2;Bicicleta,Automóvil;9 de Julio Y Mendoza;2;1;0;1;0;0;Calle;SANTA FE;La Capital;Asfalto;No existe;I;Dentro;Urbana;Otra Señal;No existe;Intersección;Bueno;Buena;Diurna;Buen Tiempo;De alcance,Múltiple;Ciclista;Colisión;Ninguna;Faltante
2976;2021;22/4/2021;Jueves;12:15:00;;0.0;2;Automóvil,Moto/Ciclomotor;Amenábar Y Dr. Zavalla;2;1;0;1;0;0;Calle;SANTA FE;La Capital;Asfalto;No existe;I;Dentro;Urbana;Otra Señal;No existe;Intersección;Bueno;Buena;Diurna;Buen Tiempo;De alcance,Múltiple;S/D;Colisión;Ninguna;Horizontal
2977;2021;22/4/2021;Jueves;17:30:00;;0.0;2;Pickup/Utilitario,Moto/Ciclomotor;Mendoza Y San José;3;1;0;2;0;0;Calle;SANTA FE;La Capital;Asfalto;No existe;I;Dentro;Urbana;Otra Señal;Funciona;Intersección;Bueno;Buena;Diurna;Buen Tiempo;De alcance,Múltiple;S/D;Colisión;Ninguna;Horizontal,Vertical
2978;2021;22/4/2021;Jueves;15:00:00;;0.0;2;Moto/Ciclomotor,Automóvil;Av. López y Planes Y Pje Diego de Leiva;2;1;0;1;0;0;Avenida;SANTA FE;La Capital;Asfalto;No existe;I;Dentro;Urbana;Otra Señal;No existe;Intersección;Bueno;Buena;Diurna;Buen Tiempo;De alcance,Múltiple;S/D;Colisión;Ninguna;Horizontal
2979;2021;22/4/2021;Jueves;14:15:00;;0.0;2;Moto/Ciclomotor,Automóvil;Ayacucho Y Lamadrid;2;1;0;1;0;0;Calle;ROSARIO;Rosario;Asfalto;No existe;II;Dentro;Urbana;Otra Señal;No existe;Intersección;Bueno;Buena;Diurna;Buen Tiempo;De alcance,Múltiple;S/D;Colisión;Ninguna;Horizontal,Vertical
2980;2021;22/4/2021;Jueves;06:45:00;;0.0;2;Moto/Ciclomotor,Automóvil;Av. Pte. Perón Y Ecuador;2;1;0;0;0;1;Avenida;SANTA FE;La Capital;Asfalto;No existe;I;Dentro;Urbana;Otra Señal;Funciona;Intersección;Bueno;Buena;Diurna;Buen Tiempo;De alcance,Múltiple;S/D;Colisión;Ninguna;Faltante
2981;2021;22/4/2021;Jueves;;;0.0;2;Moto/Ciclomotor,Automóvil;Av. Blas Parera Y Derqui;2;1;0;1;0;0;Avenida;SANTA FE;La Capital;Asfalto;No existe;I;Dentro;Urbana;Otra Señal;Funciona;Intersección;Bueno;Buena;Diurna;Buen Tiempo;De alcance,Múltiple;S/D;Colisión;Ninguna;Horizontal,Vertical
2982;2021;22/4/2021;Jueves;15:00:00;;0.0;2;Automóvil,Moto/Ciclomotor;P Cullen Y Reg. 12 de Infantería;2;1;0;1;0;0;Calle;SANTA FE;La Capital;Asfalto;No existe;I;Dentro;Urbana;Otra Señal;No existe;Intersección;Bueno;Reducida;Nocturna,Con luz artificial;Buen Tiempo;De alcance,Múltiple;S/D;Colisión;Ninguna;Faltante
2983;2021;22/4/2021;Jueves;11:15:00;;0.0;2;Taxi/Remis,Peatón;Av. A del Valle Y Quintana;2;0;0;1;0;1;Avenida;SANTA FE;La Capital;Asfalto;No existe;I;Dentro;Urbana;Otra Señal;No existe;Intersección;Bueno;Buena;Diurna;Buen Tiempo;De alcance,Múltiple;Peatón;Colisión;Ninguna;Vertical
2984;2021;22/4/2021;Jueves;;;0.0;1;Moto/Ciclomotor; ;2;1;0;1;0;0;S/D;ESPERANZA;Las Colonias;S/D;S/D;XI;S/D;S/D;Otra Señal;S/D;Intersección;S/D;S/D;S/D;S/D;De alcance,Múltiple;S/D;Colisión;S/D;S/D
2985;2021;22/4/2021;Jueves;14:35:00;;0.0;2;Automóvil,Moto/Ciclomotor;Doctor Estanislao Zeballos Sev Y Maipú;2;1;0;1;0;0;Calle;CASILDA;Caseros;S/D;S/D;IV;Dentro;Urbana;Otra Señal;S/D;Intersección;S/D;S/D;Diurna;S/D;De alcance,Múltiple;S/D;Colisión;S/D;S/D
2986;2021;22/4/2021;Jueves;13:00:00;;0.0;2;Camión,Moto/Ciclomotor;J.M.de Rosas Y Saavedra;2;1;0;1;0;0;Calle;ROSARIO;Rosario;Asfalto;No existe;II;Dentro;Urbana;Otra Señal;No existe;Intersección;Bueno;S/D;Diurna;Buen Tiempo;De alcance,Múltiple;S/D;Colisión;Ninguna;Faltante
2987;2021;22/4/2021;Jueves;11:40:00;;0.0;1;Bicicleta;EL ARROYO Y FALUCHO;1;1;0;0;0;0;Calle;PUERTO SAN MARTÍN;San Lorenzo;Asfalto;No existe;XVII;Dentro;Urbana;Otra Señal;No existe;Intersección;Bueno;S/D;Diurna;S/D;De alcance,Múltiple;S/D;Colisión;Ninguna;Faltante
2988;2021;22/4/2021;Jueves;17:30:00;Ruta Nacional 9;0.0;1;Automóvil;Av. Santa Fe Y Sarmiento;1;1;0;0;0;0;Ruta;CAÑADA DE GÓMEZ;Iriondo;Asfalto;No existe;X;Dentro;Urbana;Otra Señal;No existe;Intersección;Bueno;S/D;Diurna;S/D;De alcance,Múltiple;S/D;Colisión;Ninguna;Faltante
2989;2021;22/4/2021;Jueves;12:30:00;;0.0;1;Automóvil;Padre Malaver Y Ignacio Crespo;1;0;0;0;1;0;Calle;SANTA FE;La Capital;Tierra;No existe;I;S/D;Urbana;Otra Señal;No existe;Intersección;Bueno;S/D;Diurna;S/D;De alcance,Múltiple;S/D;Colisión;Ninguna;Faltante
2990;2021;22/4/2021;Jueves;17:35:00;;0.0;1;Automóvil;Suipacha Y Av. Pellegrini;1;0;0;0;1;0;Avenida;ROSARIO;Rosario;Asfalto;No existe;II;S/D;Urbana;Otra Señal;Funciona;Intersección;Bueno;Buena;Diurna;Buen Tiempo;De alcance,Múltiple;S/D;Colisión;Ninguna;Vertical
2991;2021;22/4/2021;Jueves;20:30:00;Ruta Nacional 9;0.0;2;Moto/Ciclomotor,Moto/Ciclomotor;Ruta Nacional 9 Y Urquiza;2;1;0;1;0;0;Ruta;ROLDÁN;San Lorenzo;Asfalto;Ripio;XVII;Dentro;Urbana;Otra Señal;Funciona;Intersección;Bueno;Buena;Nocturna;Buen Tiempo;De alcance,Múltiple;S/D;Colisión;Ninguna;Horizontal,Vertical
2992;2021;22/4/2021;Jueves;14:10:00;Ruta Nacional 11;0.0;2;Moto/Ciclomotor,Automóvil;Calle 3-Almafuerte Y Calle 34;2;1;0;1;0;0;Ruta;RECONQUISTA;General Obligado;Asfalto;Pavimento;IX;Dentro;Urbana;Otra Señal;No existe;Intersección;Bueno;Buena;Diurna;Buen Tiempo;Múltiple;S/D;Colisión;Ninguna;Horizontal,Vertical
2993;2021;22/4/2021;Jueves;22:00:00;;0.0;1;Moto/Ciclomotor;Hernández Y Nicolas Avellaneda;1;1;0;0;0;0;Avenida;PEREZ;Rosario;Ripio;No existe;II;Dentro;Urbana;Otra Señal;S/D;Intersección;S/D;S/D;Nocturna;S/D;Múltiple;S/D;Colisión;S/D;S/D
2994;2021;22/4/2021;Jueves;09:00:00;;0.0;1;Moto/Ciclomotor; ;1;1;0;0;0;0;S/D;ROSARIO;Constitución;S/D;S/D;II;S/D;S/D;Otra Señal;S/D;Intersección;S/D;S/D;S/D;S/D;Múltiple;S/D;Colisión;S/D;S/D
2995;2021;22/4/2021;Jueves;19:30:00;Ruta Provincial 2;0.0;2;Moto/Ciclomotor,Automóvil;Córdoba Y Ruta pcial 2 Av. San Martin;2;0;0;1;0;0;Ruta;MONTE VERA;Constitución;Asfalto;Ripio;I;Dentro;Urbana;Otra Señal;No existe;Intersección;Bueno;Buena;Diurna;Buen Tiempo;Múltiple;S/D;Colisión;Ninguna;Horizontal
2996;2021;22/4/2021;Jueves;17:40:00;;0.0;2;Moto/Ciclomotor,Automóvil;F Ameghino Y Urquiza;5;2;0;2;0;0;Calle;SUNCHALES;Constitución;Asfalto;No existe;V;Dentro;Urbana;Otra Señal;No existe;Intersección;Bueno;Buena;Diurna;Buen Tiempo;Múltiple;S/D;Colisión;Ninguna;Faltante
2997;2021;22/4/2021;Jueves;15:00:00;;0.0;1;Bicicleta;Av. Francia Y Montevideo;1;0;0;0;0;0;Avenida;ROSARIO;Constitución;Asfalto;No existe;II;Dentro;Urbana;Otra Señal;Funciona;Intersección;Bueno;S/D;Diurna;Buen Tiempo;Múltiple;S/D;Colisión;Ninguna;Vertical
2998;2021;23/4/2021;Viernes;10:50:00;Ruta Nacional 178;0.0;2;Pickup/Utilitario,Moto/Ciclomotor;Calle 29 Y Ruta 178;3;1;0;2;0;0;Ruta;LAS PAREJAS;Belgrano;Asfalto;No existe;III;Dentro;Urbana;Otra Señal;No existe;Recta;Bueno;Reducida p/ objetos;Diurna;Buen Tiempo;Frontal;S/D;Colisión;Ninguna;Horizontal
2999;2021;23/4/2021;Viernes;16:00:00;;0.0;2;Pickup/Utilitario,Automóvil;Alvear Y Av. Ntra.Sra.del Rosario;2;1;0;0;0;1;Avenida;ROSARIO;Rosario;Asfalto;No existe;II;Dentro;Urbana;Otra Señal;No existe;Intersección;Bueno;Buena;Diurna;Buen Tiempo;Lateral;S/D;Colisión;Ninguna;Faltante
3000;2021;23/4/2021;Viernes;21:05:00;;0.0;1;Moto/Ciclomotor;Av. Ovidio Lagos Y J.M.Gutierrez;1;1;0;0;0;0;Avenida;ROSARIO;Rosario;Asfalto;No existe;II;Dentro;Urbana;Otra Señal;Funciona;Intersección;Bueno;Reducida;Diurna;Buen Tiempo;Contra objeto fijo;S/D;Colisión;Ninguna;Vertical
3001;2021;23/4/2021;Viernes;20:35:00;;0.0;2;Camión,Moto/Ciclomotor;Bv. Avellaneda Y Lamadrid;3;2;0;1;0;0;Avenida;ROSARIO;Rosario;Asfalto;No existe;II;Dentro;Urbana;Otra Señal;No existe;Intersección;Bueno;Buena;Nocturna;Buen Tiempo;Lateral;S/D;Colisión;Ninguna;Horizontal
3002;2021;23/4/2021;Viernes;;;0.0;2;Bicicleta,Automóvil;J.Colombres Y J.J.Paso;4;1;0;3;0;0;Avenida;ROSARIO;Rosario;Asfalto;No existe;II;Dentro;Urbana;Otra Señal;No existe;Recta;Bueno;Buena;Diurna;Buen Tiempo;S/D;Ciclista;Colisión;Ninguna;Faltante
3003;2021;23/4/2021;Viernes;01:00:00;;0.0;2;Moto/Ciclomotor,Moto/Ciclomotor;Donado Y Forest;3;1;0;2;0;0;Calle;ROSARIO;Rosario;Asfalto;No existe;II;Dentro;Urbana;Otra Señal;No existe;Intersección;Bueno;Buena;Nocturna,Con luz artificial;Buen Tiempo;Lateral;S/D;Colisión;Ninguna;Faltante
3004;2021;23/4/2021;Viernes;14:30:00;;0.0;2;Bicicleta,Automóvil;17 de Octubre Y Dorrego;4;1;0;3;0;0;Calle;VILLA GOBERNADOR GÁLVEZ;Rosario;Asfalto;No existe;II;Dentro;Urbana;Otra Señal;No existe;Intersección;Bueno;Buena;Diurna;Buen Tiempo;S/D;Ciclista;Colisión;Ninguna;Faltante
3005;2021;23/4/2021;Viernes;07:20:00;;0.0;2;Automóvil,Pickup/Utilitario;Av. Silvestre Begnis 1200;3;1;0;2;0;0;Avenida;GRANADERO BAIGORRIA;Rosario;Asfalto;No existe;II;Dentro;Urbana;Otra Señal;No existe;Recta;Bueno;Buena;Diurna;Buen Tiempo;Lateral;S/D;Colisión;Ninguna;Faltante
3006;2021;23/4/2021;Viernes;18:00:00;;0.0;2;Moto/Ciclomotor,Automóvil;Las Heras Y San Lorenzo;2;1;0;1;0;0;Calle;ÁLVAREZ;Rosario;Hormigón;No existe;II;Dentro;Urbana;Otra Señal;No existe;Intersección;Bueno;Buena;Diurna;Buen Tiempo;S/D;S/D;Colisión;Ninguna;Faltante
3007;2021;23/4/2021;Viernes;16:20:00;;0.0;2;Bicicleta,Taxi/Remis;Juan D Perón ;2;1;0;1;0;0;Calle;SAN CRISTÓBAL;San CRISTÓBAL;Ripio;No existe;XIII;Dentro;Urbana;Otra Señal;No existe;Recta;Resbaladiza;Buena;Diurna;Buen Tiempo;De alcance,Múltiple;Ciclista;Colisión;Material Suelto;S/D
3008;2021;23/4/2021;Viernes;22:15:00;Ruta Provincial 4;0.0;2;Automóvil,Bicicleta;Pastor Barrios ;3;1;0;2;0;0;Ruta;LAGUNA PAIVA;La Capital;Asfalto;No existe;I;Dentro;Urbana;Otra Señal;No existe;Intersección;Resbaladiza;Buena;Diurna;Lluvia;De alcance,Múltiple;Ciclista;Colisión;Agua;Horizontal
3009;2021;23/4/2021;Viernes;20:10:00;;0.0;2;Peatón,Automóvil;San Luis 2771;2;1;0;1;0;0;Calle;SANTA FE;La Capital;Asfalto;No existe;I;Dentro;Urbana;Otra Señal;No existe;Recta;Bueno;Buena;Nocturna,Con luz artificial;Buen Tiempo;De alcance,Múltiple;Peatón;Colisión;Ninguna;Faltante
3010;2021;23/4/2021;Viernes;09:30:00;;0.0;2;Automóvil,Peatón;Moreno Y Sebastián Gaboto;2;1;0;1;0;0;Calle;SANTA FE;La Capital;Asfalto;No existe;II;Dentro;Urbana;Otra Señal;No existe;Intersección;Bueno;Buena;Diurna;Buen Tiempo;De alcance,Múltiple;Peatón;Colisión;Ninguna;Faltante
3011;2021;23/4/2021;Viernes;23:45:00;;0.0;2;Moto/Ciclomotor,Moto/Ciclomotor;Francia Y Tucumán;2;2;0;0;0;0;Calle;SANTA FE;La Capital;Asfalto;No existe;I;Dentro;Urbana;Otra Señal;Funciona;Intersección;Bueno;Reducida;Nocturna;Buen Tiempo;De alcance,Múltiple;S/D;Colisión;Ninguna;Vertical
3012;2021;23/4/2021;Viernes;14:15:00;;0.0;2;Moto/Ciclomotor,Automóvil;Domingo Silva Y San Jerónimo;2;1;0;1;0;0;Calle;SANTA FE;La Capital;Asfalto;No existe;I;Dentro;Urbana;Otra Señal;No existe;Intersección;Bueno;Buena;Diurna;Buen Tiempo;De alcance,Múltiple;S/D;Colisión;Ninguna;Horizontal
3013;2021;23/4/2021;Viernes;14:00:00;;0.0;2;Moto/Ciclomotor,Automóvil; ;3;2;0;1;0;0;Calle;SANTA FE;La Capital;S/D;S/D;I;Dentro;Urbana;Otra Señal;S/D;Intersección;S/D;S/D;S/D;S/D;De alcance,Múltiple;S/D;Colisión;S/D;S/D
3014;2021;23/4/2021;Viernes;23:45:00;Ruta Nacional 11;451.0;2;Moto/Ciclomotor,Moto/Ciclomotor;Ruta Nac 11 ;3;2;0;1;0;0;Ruta;SAUCE VIEJO;La Capital;Asfalto;Natural;I;Dentro;Urbana;Otra Señal;No existe;Intersección;Bueno;Buena;Nocturna;Buen Tiempo;De alcance,Múltiple;S/D;Colisión;Ninguna;Faltante
3015;2021;23/4/2021;Viernes;15:20:00;;0.0;2;Automóvil,Moto/Ciclomotor;Juan José Paso Y Pres Domingo Faustino Sarmiento;2;1;0;1;0;0;Calle;SANTO TOMÉ;La Capital;Asfalto;No existe;I;Dentro;Urbana;Otra Señal;No existe;Intersección;Bueno;Buena;Diurna;Lluvia;De alcance,Múltiple;S/D;Colisión;Agua;Faltante
3016;2021;23/4/2021;Viernes;09:40:00;;0.0;2;Automóvil,Moto/Ciclomotor;Diaz y Clucellas Y Simón de Iriondo;3;1;0;1;0;1;Calle;RECREO;La Capital;Asfalto;No existe;I;Dentro;Urbana;Otra Señal;No existe;Intersección;Bueno;Buena;Diurna;Buen Tiempo;De alcance,Múltiple;S/D;Colisión;Ninguna;Faltante
3017;2021;23/4/2021;Viernes;08:30:00;;0.0;2;Bicicleta,Automóvil;Moreno Y Sarmiento;2;1;0;1;0;0;Calle;GÁLVEZ;San JERÓNIMO;S/D;S/D;XV;Dentro;Urbana;Otra Señal;S/D;Intersección;S/D;S/D;Diurna;S/D;De alcance,Múltiple;Ciclista;Colisión;S/D;S/D
3018;2021;23/4/2021;Viernes;;;0.0;2;Automóvil,Moto/Ciclomotor; ;2;1;0;1;0;0;S/D;PILAR;Las Colonias;S/D;S/D;XI;S/D;S/D;Otra Señal;S/D;Intersección;S/D;S/D;S/D;S/D;De alcance,Múltiple;S/D;Colisión;S/D;S/D
3019;2021;23/4/2021;Viernes;10:00:00;;0.0;2;Camión c / Acoplado,Pickup/Utilitario;Mariano Moreno Y Sarmiento;2;1;0;1;0;0;Calle;ACEBAL;Rosario;Asfalto;No existe;II;Dentro;Urbana;Otra Señal;No existe;Intersección;Bueno;Buena;Diurna;S/D;De alcance,Múltiple;S/D;Colisión;Ninguna;Faltante
3020;2021;23/4/2021;Viernes;;;0.0;1;Pickup/Utilitario; ;1;1;0;0;0;0;S/D;CANDIOTI;La Capital;S/D;S/D;I;S/D;S/D;Otra Señal;S/D;Intersección;S/D;S/D;S/D;S/D;De alcance,Múltiple;S/D;Colisión;S/D;S/D
3021;2021;23/4/2021;Viernes;;;0.0;2;Automóvil,Moto/Ciclomotor;Dorrego Y Moreno;2;1;0;1;0;0;Calle;SAN LORENZO;San Lorenzo;Asfalto;No existe;XVII;Dentro;Urbana;Otra Señal;No existe;Intersección;S/D;S/D;S/D;S/D;De alcance,Múltiple;S/D;Colisión;S/D;Faltante
3022;2021;23/4/2021;Viernes;17:30:00;;0.0;2;Automóvil,Bicicleta;Av. Aristóbulo del Valle Y 1ro de Mayo;2;1;0;1;0;0;Avenida;RAFAELA;Castellanos;Asfalto;No existe;V;Dentro;Urbana;Otra Señal;No existe;Intersección;Bueno;Reducida;Diurna;S/D;De alcance,Múltiple;Ciclista;Colisión;Ninguna;Horizontal,Vertical