ID_Accidente;A�o;Fecha;Dia;Hopra;Ruta/Autop;km;Participantes;Tipo;Lugar;Total;Heridos Leves;Heridos Graves;Ilesos;Fallecidos;Sin datos;desc_tipo_via;desc_loc;desc_dpto;|;desc_tipo_banquina;desc_unidad_regional;desc_lugar_calzada;desc_zona;desc_prioridad;desc_estado_semaforo;desc_lugar_via;desc_estado_via;desc_estado_visibilidad;desc_luminosidad;desc_estado_clima;desc_tipo_colision;desc_tipo_atropello;desc_tipo_hecho;desc_pres_calzada;desc_senializacion
3023;2021;23/4/2021;Viernes;23:00:00;;0.0;2;Automóvil,Moto/Ciclomotor;Jujuy Y Perillo N - Calle 18;2;1;0;1;0;0;Calle;VENADO TUERTO;General LÓPEZ;Asfalto,Tierra;No existe;VIII;Dentro;Urbana;Otra Señal;No existe;Intersección;Bueno;S/D;Nocturna,Con luz artificial;Buen Tiempo;De alcance,Múltiple;S/D;Colisión;Ninguna;Faltante
3024;2021;23/4/2021;Viernes;21:15:00;;0.0;2;Automóvil,Moto/Ciclomotor;2 de Abril Y 3 de Febrero;2;1;0;1;0;0;Calle;VENADO TUERTO;General LÓPEZ;Asfalto;No existe;VIII;Dentro;Urbana;Otra Señal;No existe;Intersección;Bueno;S/D;Nocturna;S/D;De alcance,Múltiple;S/D;Colisión;Ninguna;Faltante
3025;2021;23/4/2021;Viernes;07:15:00;Ruta Provincial 70;35.5;4;Pickup/Utilitario,Bicicleta,Bicicleta,Bicicleta;Ruta Nac nro. 70 ;4;2;0;1;1;0;Ruta;HUMBOLDT;Las Colonias;Asfalto;Natural;XI;Dentro;Rural;Otra Señal;No existe;Intersección;Bueno;Buena;Diurna;Buen Tiempo;De alcance,Múltiple;Ciclista;Colisión;Ninguna;Faltante
3026;2021;23/4/2021;Viernes;19:30:00;Ruta Provincial 2;226.0;2;Moto/Ciclomotor,Transporte de Pasajeros Larga Distancia (> 8 asientos);Ruta 2 ;8;2;0;5;1;0;Ruta;SAN CRISTÓBAL;San CRISTÓBAL;Asfalto;Natural;XIII;Dentro;Rural;Otra Señal;No existe;Intersección;Bueno;Reducida;Nocturna;Buen Tiempo;De alcance,Múltiple;S/D;Colisión;Ninguna;Vertical
3027;2021;23/4/2021;Viernes;;;0.0;2;Moto/Ciclomotor,Automóvil;General López Y Luis Borghi;2;1;0;1;0;0;Calle;SAN LORENZO;San Lorenzo;Asfalto;No existe;XVII;Dentro;Urbana;Otra Señal;No existe;Intersección;S/D;S/D;S/D;S/D;De alcance,Múltiple;S/D;Colisión;S/D;Vertical
3028;2021;23/4/2021;Viernes;02:40:00;;0.0;2;Moto/Ciclomotor,Camión c / Acoplado;PTE. JUAN D PERÓN Y VUCETICH;2;1;0;1;0;0;Calle;PUERTO SAN MARTÍN;San Lorenzo;Asfalto;No existe;XVII;Dentro;Urbana;Otra Señal;No existe;Intersección;Deteriorada;Reducida;Nocturna;Buen Tiempo;De alcance,Múltiple;S/D;Colisión;Ninguna;Horizontal
3029;2021;23/4/2021;Viernes;20:15:00;;0.0;2;Moto/Ciclomotor,Automóvil;Calle 15-Patricio Diez Y Calle 18 - Gral. Belgrano;2;1;0;1;0;0;Calle;RECONQUISTA;General Obligado;Asfalto;No existe;IX;Dentro;Urbana;Otra Señal;Funciona;Intersección;Bueno;Buena;Nocturna;Buen Tiempo;Múltiple;S/D;Colisión;Ninguna;Horizontal,Vertical
3030;2021;23/4/2021;Viernes;09:00:00;;0.0;1;Bicicleta;Amenábar Y Bv. Avellaneda;1;1;0;0;0;0;Avenida;ROSARIO;Rosario;Asfalto;No existe;II;Dentro;Urbana;Otra Señal;No existe;Intersección;Bueno;S/D;Diurna;Buen Tiempo;Múltiple;S/D;Colisión;S/D;Faltante
3031;2021;23/4/2021;Viernes;12:30:00;;0.0;1;Moto/Ciclomotor;Dorrego Y San Juan;1;1;0;0;0;0;Calle;ROSARIO;Rosario;Asfalto;No existe;II;Dentro;Urbana;Otra Señal;No existe;Intersección;Bueno;S/D;Diurna;S/D;Múltiple;S/D;Colisión;S/D;Horizontal,Vertical
3032;2021;23/4/2021;Viernes;14:20:00;;0.0;1;Moto/Ciclomotor;J.M.de Rosas ;1;1;0;0;0;0;S/D;ROSARIO;Rosario;S/D;S/D;II;Dentro;Urbana;Otra Señal;S/D;Intersección;S/D;S/D;Diurna;S/D;Múltiple;S/D;Colisión;S/D;S/D
3033;2021;23/4/2021;Viernes;20:00:00;;0.0;1;Moto/Ciclomotor;J.J.Paso ;1;1;0;0;0;0;S/D;ROSARIO;Rosario;S/D;S/D;II;Dentro;Urbana;Otra Señal;S/D;Intersección;S/D;S/D;Nocturna;S/D;Múltiple;S/D;Colisión;S/D;S/D
3034;2021;23/4/2021;Viernes;17:50:00;;0.0;2;Moto/Ciclomotor,Automóvil;Alvear Y Rioja;2;0;0;1;0;0;Calle;ROSARIO;Constitución;Asfalto;No existe;II;Dentro;Urbana;Otra Señal;No existe;Intersección;Bueno;Buena;Diurna;Buen Tiempo;Múltiple;S/D;Colisión;Ninguna;Horizontal,Vertical
3035;2021;23/4/2021;Viernes;20:40:00;Ruta Nacional 11;391.0;3;Pickup/Utilitario,Bicicleta,Automóvil; ;4;0;0;3;0;0;Ruta;BARRANCAS;Constitución;Asfalto;Natural;XV;Dentro;Rural;Otra Señal;S/D;Intersección;Bueno;S/D;S/D;S/D;Múltiple;Ciclista;Colisión;Ninguna;Faltante
3036;2021;23/4/2021;Viernes;19:00:00;;0.0;1;Moto/Ciclomotor;Av. Ovidio Lagos Y Pje. Boman;1;0;0;0;0;0;Avenida;ROSARIO;Constitución;Asfalto;No existe;II;Dentro;Urbana;Otra Señal;No existe;Intersección;Bueno;S/D;Nocturna;S/D;Múltiple;S/D;Colisión;S/D;Faltante
3037;2021;24/4/2021;Sabado;11:15:00;;0.0;2;Automóvil,Moto/Ciclomotor;Corrientes Y San Martin;2;1;0;1;0;0;Calle;SAN CARLOS CENTRO;Las Colonias;Asfalto;No existe;XI;Dentro;Urbana;Otra Señal;No existe;Intersección;Bueno;Buena;Diurna;Buen Tiempo;Múltiple;S/D;Colisión;Ninguna;Vertical
3038;2021;24/4/2021;Sabado;13:00:00;;0.0;2;Bicicleta,Automóvil;Buenos Aires Y Italia;2;1;0;1;0;0;Calle;LAS ROSAS;Belgrano;Hormigón;No existe;III;Dentro;Urbana;Otra Señal;No existe;Recta;Bueno;Buena;Diurna;Buen Tiempo;S/D;Ciclista;Colisión;Ninguna;Faltante
3039;2021;24/4/2021;Sabado;16:00:00;;0.0;2;Moto/Ciclomotor,Pickup/Utilitario;Calle 20 Y Calle 25;2;1;0;1;0;0;Calle;LAS PAREJAS;Belgrano;Hormigón;No existe;III;Dentro;Urbana;Otra Señal;No existe;Recta;Con baches;Buena;Diurna;Buen Tiempo;Frontal;S/D;Colisión;Ninguna;Faltante
3040;2021;24/4/2021;Sabado;13:45:00;;0.0;2;Moto/Ciclomotor,Automóvil;López y Planes Y Villarino Bv;2;1;0;1;0;0;Calle;ZAVALLA;Rosario;Asfalto;No existe;II;Dentro;Urbana;Otra Señal;No existe;Intersección;Con baches;Buena;Diurna;Buen Tiempo;Lateral;S/D;Colisión;Ninguna;Faltante
3041;2021;24/4/2021;Sabado;19:20:00;;0.0;2;Automóvil,Moto/Ciclomotor;Bv Simón Iriondo Y Mitre;2;1;0;1;0;0;Avenida;ACEBAL;Rosario;Asfalto;No existe;II;Dentro;Urbana;Otra Señal;No existe;Intersección;Bueno;Buena;Diurna;Buen Tiempo;Lateral;S/D;Colisión;Ninguna;Faltante
3042;2021;24/4/2021;Sabado;16:00:00;;0.0;2;Tren,Peatón;Herrera 1200;2;1;0;1;0;0;Calle;ROSARIO;Rosario;Asfalto;No existe;II;Dentro;Urbana;Otra Señal;No existe;Paso a Nivel FFCC;Bueno;Buena;Diurna;Buen Tiempo;De alcance,Múltiple;Peatón;Colisión;Ninguna;Faltante
3043;2021;24/4/2021;Sabado;15:40:00;;0.0;2;Bicicleta,Automóvil;Av. Corrientes Y Saavedra;2;0;0;1;1;0;Avenida;ROSARIO;Rosario;Asfalto;No existe;II;Dentro;Urbana;Otra Señal;No existe;Intersección;Bueno;Buena;Diurna;Buen Tiempo;De alcance,Múltiple;Ciclista;Colisión;Ninguna;Faltante
3044;2021;24/4/2021;Sabado;01:10:00;;0.0;1;Moto/Ciclomotor;Hna. Carmelina 1100;2;1;0;1;0;0;Calle;VERA;Vera;Ripio;No existe;XIX;Dentro;Urbana;Otra Señal;No existe;Recta;Deteriorada;Reducida;Nocturna,Con luz artificial;Lluvia;De alcance,Múltiple;S/D;Colisión;Agua;Faltante
3045;2021;24/4/2021;Sabado;21:15:00;;0.0;2;Moto/Ciclomotor,Automóvil;Sarmiento Y Vélez Sarsfield;2;1;0;1;0;0;Calle;SANTA FE;La Capital;Asfalto;No existe;I;Dentro;Urbana;Otra Señal;No existe;Intersección;Bueno;S/D;Nocturna;S/D;De alcance,Múltiple;S/D;Colisión;Ninguna;Faltante
3046;2021;24/4/2021;Sabado;13:10:00;;0.0;2;Moto/Ciclomotor,Automóvil;Moreno Y San Lorenzo;2;1;0;1;0;0;Calle;SANTA FE;La Capital;Asfalto;No existe;I;Dentro;Urbana;Otra Señal;No existe;Intersección;Bueno;Buena;Diurna;Buen Tiempo;De alcance,Múltiple;S/D;Colisión;Ninguna;Faltante
3047;2021;24/4/2021;Sabado;09:30:00;;0.0;2;Moto/Ciclomotor,Automóvil;9 de Julio Y Hipólito Yrigoyen;2;1;0;1;0;0;Calle;SANTA FE;La Capital;Asfalto;No existe;I;Dentro;Urbana;Otra Señal;No existe;Intersección;Bueno;Buena;Diurna;Buen Tiempo;De alcance,Múltiple;S/D;Colisión;Ninguna;Horizontal
3048;2021;24/4/2021;Sabado;12:45:00;Ruta Nacional 11;0.0;2;Automóvil,Moto/Ciclomotor;Av. Blas Parera Y Don Guanella;2;1;0;1;0;0;Ruta;SANTA FE;La Capital;Asfalto;No existe;I;Dentro;Urbana;Otra Señal;Funciona;Intersección;Bueno;Buena;Diurna;Buen Tiempo;De alcance,Múltiple;S/D;Colisión;Ninguna;Horizontal,Vertical
3049;2021;24/4/2021;Sabado;14:40:00;;0.0;2;Automóvil,Moto/Ciclomotor;Av. Peñaloza Y Javier de la Rosa;2;1;0;1;0;0;Avenida;SANTA FE;La Capital;Asfalto;No existe;I;Dentro;Urbana;Otra Señal;No existe;Intersección;Bueno;Buena;Diurna;Buen Tiempo;De alcance,Múltiple;S/D;Colisión;Ninguna;Faltante
3050;2021;24/4/2021;Sabado;16:15:00;;0.0;2;Automóvil,Moto/Ciclomotor;Av. Peñaloza Y Risso;2;1;0;1;0;0;Avenida;SANTA FE;La Capital;Asfalto;No existe;I;Dentro;Urbana;Otra Señal;No existe;Intersección;Bueno;Buena;Diurna;Buen Tiempo;De alcance,Múltiple;S/D;Colisión;Ninguna;Faltante
3051;2021;24/4/2021;Sabado;12:15:00;;0.0;2;Automóvil,Moto/Ciclomotor;Urquiza 1246;3;2;0;1;0;0;Calle;MARGARITA;Vera;S/D;S/D;XIX;Dentro;Urbana;Otra Señal;S/D;Intersección;S/D;S/D;Diurna;S/D;De alcance,Múltiple;S/D;Colisión;S/D;S/D
3052;2021;24/4/2021;Sabado;18:40:00;;0.0;2;Moto/Ciclomotor,Bicicleta;Sarmiento 900;2;1;0;1;0;0;Calle;GÁLVEZ;San JERÓNIMO;S/D;No existe;XV;Dentro;Urbana;Otra Señal;No existe;Intersección;S/D;S/D;S/D;S/D;De alcance,Múltiple;Ciclista;Colisión;S/D;S/D
3053;2021;24/4/2021;Sabado;15:00:00;Ruta Nacional 11;0.0;2;Bicicleta,Automóvil; ;2;1;0;0;0;1;Ruta;CORONDA;San JERÓNIMO;Asfalto;Natural;XV;Dentro;Urbana;Otra Señal;No existe;Intersección;Bueno;Buena;Diurna;Buen Tiempo;De alcance,Múltiple;Ciclista;Colisión;Ninguna;Faltante
3054;2021;24/4/2021;Sabado;;;0.0;2;Automóvil,Moto/Ciclomotor; ;2;1;0;1;0;0;S/D;TEODELINA;General LÓPEZ;S/D;S/D;VIII;S/D;S/D;Otra Señal;S/D;Intersección;S/D;S/D;S/D;S/D;De alcance,Múltiple;S/D;Colisión;S/D;S/D
3055;2021;24/4/2021;Sabado;17:15:00;;0.0;2;Moto/Ciclomotor,Peatón;Buenos Aires 3200;2;1;0;1;0;0;Calle;CASILDA;Caseros;Asfalto;No existe;IV;Dentro;Urbana;Otra Señal;No existe;Intersección;Bueno;Buena;Diurna;S/D;De alcance,Múltiple;Peatón;Colisión;Ninguna;Faltante
3056;2021;24/4/2021;Sabado;19:00:00;;0.0;2;Automóvil,Bicicleta;Huergo Y Pje Esteban Echeverria;2;1;0;1;0;0;Calle;SANTA FE;La Capital;Asfalto;S/D;I;Dentro;Urbana;Otra Señal;S/D;Intersección;S/D;S/D;Atardecer;S/D;De alcance,Múltiple;Ciclista;Colisión;S/D;S/D
3057;2021;24/4/2021;Sabado;08:23:00;;0.0;2;Automóvil,Automóvil;Av. Carlos A Poucel Y L N Alem;3;3;0;0;0;0;Avenida;SAN LORENZO;San Lorenzo;Asfalto;No existe;XVII;Dentro;Urbana;Otra Señal;No existe;Intersección;Bueno;Buena;Diurna;S/D;De alcance,Múltiple;S/D;Colisión;Ninguna;Faltante
3058;2021;24/4/2021;Sabado;18:10:00;Ruta Nacional 11;0.0;2;Moto/Ciclomotor,Pickup/Utilitario;Granadero Baigorria Y Ruta Nac 11;3;2;0;1;0;0;Ruta;SAN LORENZO;San Lorenzo;Asfalto;No existe;XVII;Dentro;Urbana;Otra Señal;No existe;Intersección;Bueno;S/D;Diurna;S/D;De alcance,Múltiple;S/D;Colisión;Ninguna;Faltante
3059;2021;24/4/2021;Sabado;11:15:00;;0.0;2;Moto/Ciclomotor,Automóvil;Gral. José de San Martin Y Quintana;2;1;0;1;0;0;Avenida;VENADO TUERTO;General LÓPEZ;Asfalto;No existe;VIII;Dentro;Urbana;Otra Señal;No existe;Intersección;Bueno;S/D;Diurna;S/D;De alcance,Múltiple;S/D;Colisión;Ninguna;Faltante
3060;2021;24/4/2021;Sabado;11:15:00;;0.0;2;Moto/Ciclomotor,Automóvil;Guillermo Brown Y Juan Lavalle;3;1;0;2;0;0;Calle;VENADO TUERTO;General LÓPEZ;Asfalto;No existe;VIII;Dentro;Urbana;Otra Señal;No existe;Intersección;Bueno;S/D;Diurna;S/D;De alcance,Múltiple;S/D;Colisión;Ninguna;Vertical
3061;2021;24/4/2021;Sabado;15:20:00;;0.0;2;Automóvil,Moto/Ciclomotor;Dean Funes Y Italia;5;2;0;3;0;0;Calle;VENADO TUERTO;General LÓPEZ;Asfalto;No existe;VIII;Dentro;Urbana;Otra Señal;No existe;Intersección;Bueno;S/D;Diurna;S/D;De alcance,Múltiple;S/D;Colisión;Ninguna;Faltante
3062;2021;24/4/2021;Sabado;16:30:00;;0.0;2;Bicicleta,Pickup/Utilitario;Av. San Martin Y Ledesma;3;1;0;2;0;0;Avenida;SAN LORENZO;San Lorenzo;Asfalto;No existe;XVII;Dentro;Urbana;Otra Señal;No existe;Intersección;Bueno;Buena;Diurna;Buen Tiempo;De alcance,Múltiple;Ciclista;Colisión;Ninguna;Horizontal
3063;2021;24/4/2021;Sabado;19:10:00;;0.0;2;Moto/Ciclomotor,Moto/Ciclomotor;Av. Belgrano Y Santa fe;2;1;0;1;0;0;Calle;CAPITÁN BERMÚDEZ;San Lorenzo;Asfalto;No existe;XVII;Dentro;Urbana;Otra Señal;No existe;Intersección;Bueno;S/D;Diurna;Buen Tiempo;De alcance,Múltiple;S/D;Colisión;Ninguna;Faltante
3064;2021;24/4/2021;Sabado;07:45:00;Ruta Nacional 11;0.0;2;Peatón,Automóvil;Calle 2 Y Calle 23;2;1;0;1;0;0;Ruta;LAS TOSCAS;General Obligado;Asfalto;Pavimento;IX;Dentro;Urbana;Otra Señal;No existe;Intersección;Resbaladiza;Reducida;Diurna;Lluvia;Múltiple;Peatón;Colisión;Agua;Horizontal
3065;2021;24/4/2021;Sabado;09:00:00;;0.0;1;Moto/Ciclomotor;Av. Provincias Unidas Y La Paz;1;1;0;0;0;0;Avenida;ROSARIO;Rosario;Asfalto;No existe;II;Dentro;Urbana;Otra Señal;No existe;Intersección;Bueno;S/D;Diurna;S/D;Múltiple;S/D;Colisión;S/D;Vertical
3066;2021;24/4/2021;Sabado;11:15:00;;0.0;2;Automóvil,Moto/Ciclomotor;Oroño Y Rivadavia;2;1;0;1;0;0;Avenida;SAN JOSÉ DE LA ESQUINA;Constitución;Asfalto;No existe;IV;Dentro;Urbana;Otra Señal;No existe;Intersección;Bueno;Buena;Diurna;Buen Tiempo;Múltiple;S/D;Colisión;Ninguna;Faltante
3067;2021;24/4/2021;Sabado;16:00:00;;0.0;1;Moto/Ciclomotor; ;1;1;0;0;0;0;S/D;ROSARIO;Constitución;S/D;S/D;II;S/D;S/D;Otra Señal;S/D;Intersección;S/D;S/D;Diurna;S/D;Múltiple;S/D;Colisión;S/D;S/D
3068;2021;24/4/2021;Sabado;21:00:00;;0.0;1;Moto/Ciclomotor; ;1;1;0;0;0;0;S/D;ROSARIO;Constitución;S/D;S/D;II;S/D;S/D;Otra Señal;S/D;Intersección;S/D;S/D;Nocturna;S/D;Múltiple;S/D;Colisión;S/D;S/D
3069;2021;24/4/2021;Sabado;05:00:00;;0.0;1;Moto/Ciclomotor; ;1;1;0;0;0;0;S/D;ROSARIO;Constitución;S/D;S/D;II;S/D;S/D;Otra Señal;S/D;Intersección;S/D;S/D;Nocturna;S/D;Múltiple;S/D;Colisión;S/D;S/D
3070;2021;24/4/2021;Sabado;20:00:00;Ruta Nacional 11;0.0;2;Moto/Ciclomotor,Pickup/Utilitario;Av. San Martin Y Av. Silvestre Begnis;2;0;0;1;0;0;Ruta;GRANADERO BAIGORRIA;Constitución;Asfalto;No existe;II;Dentro;Urbana;Otra Señal;Funciona;Intersección;Bueno;Buena;Nocturna,Con luz artificial;Buen Tiempo;Múltiple;S/D;Colisión;Ninguna;Horizontal,Vertical
3071;2021;24/4/2021;Sabado;00:05:00;;0.0;1;Moto/Ciclomotor;CISNEROS 6100;1;0;0;0;0;0;Calle;ROSARIO;Constitución;Tierra;No existe;II;Dentro;Urbana;Otra Señal;No existe;Intersección;S/D;S/D;Nocturna;S/D;Múltiple;S/D;Colisión;S/D;Faltante
3072;2021;25/4/2021;Domingo;14:30:00;;0.0;2;Moto/Ciclomotor,Automóvil;Pje. Hutchinson Y Pte. Quintana;2;1;0;1;0;0;Calle;ROSARIO;Rosario;Asfalto;No existe;II;Dentro;Urbana;Otra Señal;No existe;Intersección;Bueno;Buena;Diurna;Buen Tiempo;Lateral;S/D;Colisión;Ninguna;Faltante
3073;2021;25/4/2021;Domingo;08:40:00;;0.0;2;Automóvil,Bicicleta;Cerrito Y Pje. Marconi;2;1;0;1;0;0;Calle;ROSARIO;Rosario;Asfalto;No existe;II;Dentro;Urbana;Otra Señal;No existe;Intersección;Bueno;Buena;Diurna;Buen Tiempo;S/D;Ciclista;Colisión;Ninguna;Faltante
3074;2021;25/4/2021;Domingo;17:25:00;Ruta Nacional 34;0.0;1;Automóvil;Azcuénaga Y Ruta  NAC 34 / Corrientes;1;1;0;0;0;0;Ruta;CERES;San CRISTÓBAL;Asfalto;No existe;XIII;Dentro;Urbana;Otra Señal;No existe;Recta;Bueno;Buena;Diurna;Buen Tiempo;De alcance,Múltiple;S/D;Colisión;Ninguna;Vertical
3075;2021;25/4/2021;Domingo;09:50:00;;0.0;1;Bicicleta;Bv. 27 De Febrero Y Mariano Moreno;1;1;0;0;0;0;Avenida;ROSARIO;Rosario;Asfalto;No existe;II;Dentro;Urbana;Otra Señal;Funciona;Recta;Bueno;Buena;Diurna;Buen Tiempo;De alcance,Múltiple;S/D;Colisión;Ninguna;Horizontal,Vertical
3076;2021;25/4/2021;Domingo;11:20:00;;0.0;2;Automóvil,Moto/Ciclomotor;25 de Mayo Y Bv Pellegrini;2;1;0;1;0;0;Avenida;SANTA FE;La Capital;Asfalto;No existe;I;Dentro;Urbana;Otra Señal;Funciona;Intersección;Bueno;Buena;Diurna;Buen Tiempo;De alcance,Múltiple;S/D;Colisión;Ninguna;Horizontal,Vertical
3077;2021;25/4/2021;Domingo;15:00:00;;0.0;2;Automóvil,Taxi/Remis;Rivadavia Y Suipacha;2;1;0;1;0;0;Calle;SANTA FE;La Capital;Asfalto;No existe;I;Dentro;Urbana;Otra Señal;Funciona;Intersección;Bueno;Buena;Diurna;Buen Tiempo;De alcance,Múltiple;S/D;Colisión;Ninguna;Horizontal,Vertical
3078;2021;25/4/2021;Domingo;;;0.0;1;Moto/Ciclomotor; ;2;2;0;0;0;0;S/D;SAN CARLOS NORTE;Las Colonias;S/D;S/D;XI;S/D;S/D;Otra Señal;S/D;Intersección;S/D;S/D;S/D;S/D;De alcance,Múltiple;S/D;Colisión;S/D;S/D
3079;2021;25/4/2021;Domingo;;;0.0;1;Moto/Ciclomotor;Av. Gral. Paz Y Salvador del Carril;1;1;0;0;0;0;Avenida;SANTA FE;La Capital;Asfalto;No existe;I;Dentro;Urbana;Otra Señal;Funciona;Intersección;Bueno;S/D;S/D;S/D;De alcance,Múltiple;S/D;Colisión;Ninguna;Horizontal,Vertical
3080;2021;25/4/2021;Domingo;;Ruta Provincial 70;0.0;2;Bicicleta,Pickup/Utilitario;Bv Pte. Roca Y Perú;2;1;0;1;0;0;Ruta;RAFAELA;Castellanos;Asfalto;No existe;V;Dentro;Urbana;Otra Señal;No existe;Intersección;Bueno;S/D;Diurna;S/D;De alcance,Múltiple;Ciclista;Colisión;Ninguna;Faltante
3081;2021;25/4/2021;Domingo;;;0.0;2;Automóvil,Moto/Ciclomotor;A Aguado Y Alfonsina Storni;3;2;0;1;0;0;Calle;RAFAELA;Castellanos;Asfalto;S/D;V;Dentro;Urbana;Otra Señal;No existe;Intersección;Bueno;Buena;S/D;S/D;De alcance,Múltiple;S/D;Colisión;Ninguna;Vertical
3082;2021;25/4/2021;Domingo;;Ruta Provincial 70;0.0;2;Moto/Ciclomotor,Automóvil;Bv Santa Fe Y M Aragón;3;1;0;2;0;0;Ruta;RAFAELA;Castellanos;Asfalto;No existe;V;Dentro;Urbana;Otra Señal;No existe;Intersección;Bueno;S/D;S/D;S/D;De alcance,Múltiple;S/D;Colisión;Ninguna;Faltante
3083;2021;25/4/2021;Domingo;;;0.0;2;Moto/Ciclomotor,Automóvil;E Poggi Y J Scosiroli;2;1;0;1;0;0;Calle;RAFAELA;Castellanos;Asfalto;No existe;V;Dentro;Urbana;Otra Señal;No existe;Intersección;Bueno;S/D;S/D;S/D;De alcance,Múltiple;S/D;Colisión;Ninguna;Faltante
3084;2021;25/4/2021;Domingo;18:55:00;;0.0;2;Moto/Ciclomotor,Pickup/Utilitario;French Y Donado;4;1;0;2;1;0;Calle;ROSARIO;Rosario;Asfalto;No existe;II;Dentro;Urbana;Otra Señal;No existe;Intersección;Bueno;Buena;Diurna,Con luz artificial;Buen Tiempo;De alcance,Múltiple;S/D;Colisión;Ninguna;Vertical
3085;2021;25/4/2021;Domingo;16:30:00;Ruta Provincial 92;27.0;2;Bicicleta,Moto/Ciclomotor; ;2;0;0;0;2;0;Ruta;AREQUITO;Caseros;Asfalto;Natural;IV;Dentro;Urbana;Otra Señal;No existe;Intersección;Bueno;Buena;Diurna;Buen Tiempo;De alcance,Múltiple;Ciclista;Colisión;Ninguna;Faltante
3086;2021;25/4/2021;Domingo;20:45:00;Ruta Secundaria 97-s;12.0;1;Automóvil;Maldonado ;1;0;0;0;1;0;Ruta;LANTERI;General Obligado;Asfalto;Natural;IX;S/D;Rural;Otra Señal;No existe;Intersección;Bueno;Reducida;Nocturna;Buen Tiempo;De alcance,Múltiple;S/D;Colisión;S/D;S/D
3087;2021;25/4/2021;Domingo;12:45:00;;0.0;2;Automóvil,Moto/Ciclomotor;Colon Y Luis Borghi;2;1;0;1;0;0;Calle;SAN LORENZO;San Lorenzo;Asfalto;No existe;XVII;Dentro;Urbana;Otra Señal;No existe;Intersección;S/D;S/D;Diurna;Otro;De alcance,Múltiple;S/D;Colisión;S/D;Faltante
3088;2021;25/4/2021;Domingo;11:25:00;;0.0;2;Moto/Ciclomotor,Moto/Ciclomotor;Gral. José de San Martin 500;2;1;0;1;0;0;Calle;PUJATO;San Lorenzo;Hormigón;No existe;XVII;Dentro;Urbana;Otra Señal;No existe;Intersección;Bueno;Buena;Diurna;Buen Tiempo;De alcance,Múltiple;S/D;Colisión;Ninguna;Vertical
3089;2021;25/4/2021;Domingo;14:30:00;;0.0;1;Moto/Ciclomotor;San Nicolas Y Viamonte;1;1;0;0;0;0;Calle;ROSARIO;Rosario;Asfalto;No existe;II;Dentro;Urbana;Otra Señal;No existe;Intersección;Bueno;S/D;Diurna;S/D;Múltiple;S/D;Colisión;S/D;Faltante
3090;2021;25/4/2021;Domingo;20:30:00;;0.0;2;Moto/Ciclomotor,Pickup/Utilitario; ;2;1;0;0;0;1;S/D;VILLA CONSTITUCIÓN;Constitución;S/D;S/D;II;S/D;S/D;Otra Señal;S/D;Intersección;S/D;S/D;Nocturna;S/D;Múltiple;S/D;Colisión;S/D;S/D
3091;2021;25/4/2021;Domingo;00:05:00;;0.0;1;Moto/Ciclomotor; ;1;1;0;0;0;0;S/D;ROSARIO;Constitución;S/D;S/D;II;S/D;S/D;Otra Señal;S/D;Intersección;S/D;S/D;Nocturna;S/D;Múltiple;S/D;Colisión;S/D;S/D
3092;2021;25/4/2021;Domingo;19:20:00;;0.0;2;Pickup/Utilitario,Moto/Ciclomotor;Entre Ríos Y Estrada;2;0;0;1;0;0;Calle;PROGRESO;Constitución;Asfalto;No existe;XI;Dentro;Urbana;Otra Señal;No existe;Intersección;Bueno;Buena;Atardecer;Buen Tiempo;Múltiple;S/D;Colisión;Ninguna;Faltante
3093;2021;25/4/2021;Domingo;19:00:00;;0.0;2;Pickup/Utilitario,Bicicleta;Av. Provincias Unidas Y Av. Génova;2;0;0;1;0;0;Avenida;ROSARIO;Constitución;Hormigón;No existe;II;Dentro;Urbana;Otra Señal;Funciona;Intersección;Bueno;Buena;Nocturna;Buen Tiempo;Múltiple;Ciclista;Colisión;Ninguna;Horizontal,Vertical
3094;2021;25/4/2021;Domingo;;;0.0;1;Moto/Ciclomotor;Av. Aristóbulo del Valle 300;1;0;0;0;0;0;Avenida;RAFAELA;Constitución;Asfalto;No existe;V;Dentro;Urbana;Otra Señal;Funciona;Intersección;Bueno;S/D;S/D;S/D;Múltiple;S/D;Colisión;Ninguna;Horizontal,Vertical
3095;2021;25/4/2021;Domingo;;;0.0;2;Moto/Ciclomotor,Automóvil;Leandro N Alem Y Pueyrredón;3;1;0;1;0;0;Calle;RAFAELA;Constitución;Asfalto;S/D;V;Dentro;Urbana;Otra Señal;No existe;Intersección;Bueno;S/D;S/D;S/D;Múltiple;S/D;Colisión;Ninguna;Vertical
3096;2021;26/4/2021;Lunes;13:10:00;Ruta Provincial 6;0.0;1;Moto/Ciclomotor;Gdor. Freyre Y San Martin;1;1;0;0;0;0;Ruta;FRANCK;Las Colonias;Asfalto;No existe;XI;Dentro;Urbana;Otra Señal;No existe;Recta;Bueno;Buena;Diurna;Buen Tiempo;Múltiple;S/D;Colisión;Ninguna;Faltante
3097;2021;26/4/2021;Lunes;17:30:00;;0.0;2;Automóvil,Moto/Ciclomotor;Mariano Moreno 2900;2;1;0;1;0;0;Calle;ESPERANZA;Las Colonias;Asfalto;No existe;XI;Dentro;Urbana;Otra Señal;No existe;Recta;Bueno;Buena;Diurna;Buen Tiempo;De alcance;S/D;Colisión;Ninguna;Faltante