ID_Accidente;A�o;Fecha;Dia;Hopra;Ruta/Autop;km;Participantes;Tipo;Lugar;Total;Heridos Leves;Heridos Graves;Ilesos;Fallecidos;Sin datos;desc_tipo_via;desc_loc;desc_dpto;|;desc_tipo_banquina;desc_unidad_regional;desc_lugar_calzada;desc_zona;desc_prioridad;desc_estado_semaforo;desc_lugar_via;desc_estado_via;desc_estado_visibilidad;desc_luminosidad;desc_estado_clima;desc_tipo_colision;desc_tipo_atropello;desc_tipo_hecho;desc_pres_calzada;desc_senializacion
3098;2021;26/4/2021;Lunes;06:05:00;Ruta Provincial 6;0.0;2;Moto/Ciclomotor,Bicicleta;Ruta provincial 70 ;2;2;0;0;0;0;Ruta;ESPERANZA;Las Colonias;Asfalto;Ripio;XI;Dentro;Urbana;Otra Señal;No existe;Cruce;Bueno;Buena;Amanecer;Buen Tiempo;Frontal;S/D;Colisión;Ninguna;Vertical
3099;2021;26/4/2021;Lunes;17:25:00;;0.0;2;Pickup/Utilitario,Peatón;Avenida 13 Y Calle 6;3;1;0;2;0;0;Avenida;LAS PAREJAS;Belgrano;Hormigón;No existe;III;Dentro;Urbana;Otra Señal;No existe;Recta;Bueno;Buena;Diurna;Buen Tiempo;S/D;Peatón;Colisión;Ninguna;Faltante
3100;2021;26/4/2021;Lunes;14:10:00;;0.0;2;Moto/Ciclomotor,Automóvil;Callao Y Fragata Sarmiento;3;2;0;1;0;0;Calle;ROSARIO;Rosario;Asfalto;No existe;II;Dentro;Urbana;Otra Señal;No existe;Intersección;Bueno;Buena;Diurna;Buen Tiempo;Lateral;S/D;Colisión;Ninguna;Faltante
3101;2021;26/4/2021;Lunes;21:40:00;;0.0;2;Moto/Ciclomotor,Automóvil;Av. Uriburu Y Bv. Oroño;2;1;0;1;0;0;Avenida;ROSARIO;Rosario;Asfalto;No existe;II;Dentro;Urbana;Otra Señal;No existe;Rotonda;Bueno;Reducida;Nocturna,Con luz artificial;Buen Tiempo;Lateral;S/D;Colisión;Ninguna;Horizontal
3102;2021;26/4/2021;Lunes;06:00:00;;0.0;2;Moto/Ciclomotor,Automóvil;Av. Ntra.Sra.del Rosario Y Bv. Oroño;2;1;0;1;0;0;Avenida;ROSARIO;Rosario;Asfalto;No existe;II;Dentro;Urbana;Otra Señal;Funciona;Intersección;Bueno;Buena;Amanecer;Buen Tiempo;Lateral;S/D;Colisión;Ninguna;Horizontal,Vertical
3103;2021;26/4/2021;Lunes;14:00:00;;0.0;2;Moto/Ciclomotor,Automóvil;Ecuador Y J.J.Paso;2;1;0;1;0;0;Avenida;ROSARIO;Rosario;Asfalto;No existe;II;Dentro;Urbana;Otra Señal;No existe;Recta;Bueno;Buena;Diurna;Buen Tiempo;De alcance;S/D;Colisión;Ninguna;Faltante
3104;2021;26/4/2021;Lunes;09:50:00;;0.0;2;Moto/Ciclomotor,Automóvil;Andreu Y Santiago del Estero;2;1;0;1;0;0;Calle;VILLA GOBERNADOR GÁLVEZ;Rosario;Asfalto;No existe;II;Dentro;Urbana;Otra Señal;No existe;Intersección;Bueno;Buena;Diurna;Buen Tiempo;Lateral;S/D;Colisión;Ninguna;Faltante
3105;2021;26/4/2021;Lunes;17:10:00;;0.0;2;Moto/Ciclomotor,Automóvil;Gral. Manuel Belgrano 48;2;1;0;1;0;0;Calle;GRANADERO BAIGORRIA;Rosario;Asfalto;No existe;II;Dentro;Urbana;Otra Señal;No existe;Recta;Bueno;Buena;Diurna;Buen Tiempo;De alcance;S/D;Colisión;Ninguna;Faltante
3106;2021;26/4/2021;Lunes;12:10:00;Ruta Provincial 70;0.0;2;Pickup/Utilitario,Bicicleta;M M T de Hoenfels Y Ruta provincial 70;2;1;0;1;0;0;Ruta;ESPERANZA;Las Colonias;Asfalto;No existe;XI;Dentro;Urbana;Otra Señal;Funciona;Intersección;Bueno;Buena;Diurna;Buen Tiempo;De alcance,Múltiple;Ciclista;Colisión;Ninguna;Horizontal,Vertical
3107;2021;26/4/2021;Lunes;18:00:00;;0.0;2;Moto/Ciclomotor,Peatón;San Juan 877;2;1;0;1;0;0;Calle;CERES;San CRISTÓBAL;Tierra;No existe;XIII;Dentro;Urbana;Otra Señal;No existe;Recta;Bueno;Buena;Diurna;Buen Tiempo;De alcance,Múltiple;Peatón;Colisión;Ninguna;Faltante
3108;2021;26/4/2021;Lunes;08:00:00;Ruta Provincial 2;14.0;2;Moto/Ciclomotor,Moto/Ciclomotor; ;2;1;0;1;0;0;Ruta;MONTE VERA;La Capital;Asfalto;Ripio;I;Dentro;Rural;Otra Señal;No existe;Recta;Bueno;Buena;Diurna;Buen Tiempo;De alcance,Múltiple;S/D;Colisión;Ninguna;Horizontal
3109;2021;26/4/2021;Lunes;11:00:00;;0.0;2;Automóvil,Automóvil;Bv. Oroño Y Bv. 27 De Febrero;2;1;0;1;0;0;Avenida;ROSARIO;Rosario;Asfalto;No existe;II;Dentro;Urbana;Otra Señal;Funciona;Recta;Bueno;Buena;Diurna;Buen Tiempo;De alcance,Múltiple;S/D;Colisión;Ninguna;Horizontal,Vertical
3110;2021;26/4/2021;Lunes;17:10:00;;0.0;2;Moto/Ciclomotor,Automóvil;Pueyrredón Y Rioja;2;1;0;1;0;0;Calle;ROSARIO;Rosario;Asfalto;No existe;II;Dentro;Urbana;Otra Señal;No existe;Recta;Bueno;Buena;Diurna;Buen Tiempo;De alcance,Múltiple;S/D;Colisión;Ninguna;Horizontal
3111;2021;26/4/2021;Lunes;13:15:00;;0.0;2;Camión c / Acoplado,Pickup/Utilitario; ;3;2;0;1;0;0;Camino Rural;VILLA TRINIDAD;San CRISTÓBAL;Tierra;No existe;XIII;Dentro;Rural;Otra Señal;No existe;Recta;Bueno;Reducida polvo;Diurna;Buen Tiempo;De alcance,Múltiple;S/D;Colisión;Ninguna;Faltante
3112;2021;26/4/2021;Lunes;13:50:00;;0.0;2;Automóvil,Moto/Ciclomotor;Belgrano Y Buenos Aires;3;2;0;1;0;0;Calle;VERA;Vera;Asfalto;No existe;XIX;Dentro;Urbana;Otra Señal;Funciona;Intersección;Bueno;Buena;Diurna;Buen Tiempo;De alcance,Múltiple;S/D;Colisión;Ninguna;Horizontal,Vertical
3113;2021;26/4/2021;Lunes;17:30:00;;0.0;2;Automóvil,Moto/Ciclomotor;Primera Junta Y Saavedra;2;1;0;1;0;0;Calle;SANTA FE;La Capital;Asfalto;No existe;I;Dentro;Urbana;Otra Señal;Funciona;Intersección;Bueno;Buena;Diurna;Buen Tiempo;De alcance,Múltiple;S/D;Colisión;Ninguna;Vertical
3114;2021;26/4/2021;Lunes;10:30:00;;0.0;2;Moto/Ciclomotor,Automóvil;Av. A del Valle 4806;2;1;0;1;0;0;Avenida;SANTA FE;La Capital;Asfalto;No existe;I;Dentro;Urbana;Otra Señal;No existe;Intersección;Bueno;Buena;Diurna;Buen Tiempo;De alcance,Múltiple;S/D;Colisión;Ninguna;Horizontal,Vertical
3115;2021;26/4/2021;Lunes;12:00:00;;0.0;2;Moto/Ciclomotor,Automóvil;Av. A del Valle Y Espora;2;1;0;1;0;0;Avenida;SANTA FE;La Capital;Asfalto;No existe;I;Dentro;Urbana;Otra Señal;No existe;Intersección;Bueno;Buena;Diurna;Buen Tiempo;De alcance,Múltiple;S/D;Colisión;Ninguna;Faltante
3116;2021;26/4/2021;Lunes;19:30:00;Ruta Nacional 11;0.0;2;Camión Chasis,Moto/Ciclomotor;Ruta Nacional 11 Y Salta;2;1;0;1;0;0;Ruta;RECREO;La Capital;Asfalto;No existe;I;Dentro;Urbana;Otra Señal;No existe;Intersección;Bueno;Buena;Diurna;Buen Tiempo;De alcance,Múltiple;S/D;Colisión;Ninguna;Faltante
3117;2021;26/4/2021;Lunes;;;0.0;2;Bicicleta,Automóvil; ;2;1;0;1;0;0;S/D;ESPERANZA;Las Colonias;S/D;S/D;XI;S/D;S/D;Otra Señal;S/D;Intersección;S/D;S/D;S/D;S/D;De alcance,Múltiple;Ciclista;Colisión;S/D;S/D
3118;2021;26/4/2021;Lunes;;;0.0;1;Moto/Ciclomotor; ;1;1;0;0;0;0;S/D;ESPERANZA;Las Colonias;S/D;S/D;XI;S/D;S/D;Otra Señal;S/D;Intersección;S/D;S/D;S/D;S/D;De alcance,Múltiple;S/D;Colisión;S/D;S/D
3119;2021;26/4/2021;Lunes;;;0.0;1;Moto/Ciclomotor; ;2;2;0;0;0;0;S/D;LA ORILLA;Las Colonias;S/D;S/D;XI;S/D;S/D;Otra Señal;S/D;Intersección;S/D;S/D;S/D;S/D;De alcance,Múltiple;S/D;Colisión;S/D;S/D
3120;2021;26/4/2021;Lunes;;Autopista Nacional A012;44.0;2;Moto/Ciclomotor,Automóvil;LAS TARDES OSTE ;2;1;0;1;0;0;Autopista;ROLDÁN;San Lorenzo;Asfalto;Ripio;XVII;Dentro;Urbana;Otra Señal;Funciona;Intersección;Bueno;Buena;Diurna;Buen Tiempo;De alcance,Múltiple;S/D;Colisión;Ninguna;Horizontal,Vertical
3121;2021;26/4/2021;Lunes;17:30:00;;0.0;2;Bicicleta,Moto/Ciclomotor;Av. San Martin Y Sarmiento;2;1;0;1;0;0;Avenida;SAN LORENZO;San Lorenzo;Asfalto;No existe;XVII;Dentro;Urbana;Otra Señal;Funciona;Intersección;Bueno;Buena;Nocturna;Buen Tiempo;De alcance,Múltiple;Ciclista;Colisión;Ninguna;Horizontal,Vertical
3122;2021;26/4/2021;Lunes;12:45:00;;0.0;1;Moto/Ciclomotor;Av. Pellegrini Y Bv. Avellaneda;1;1;0;0;0;0;Avenida;ROSARIO;Constitución;Asfalto;No existe;II;Dentro;Urbana;Otra Señal;Funciona;Intersección;Bueno;S/D;Diurna;S/D;Múltiple;S/D;Colisión;S/D;Horizontal,Vertical
3123;2021;26/4/2021;Lunes;23:00:00;;0.0;1;Moto/Ciclomotor;Cafferata Y Dean Funes;1;1;0;0;0;0;Calle;ROSARIO;Constitución;Asfalto;No existe;II;Dentro;Urbana;Otra Señal;No existe;Intersección;Bueno;S/D;Nocturna;Buen Tiempo;Múltiple;S/D;Colisión;S/D;Faltante
3124;2021;26/4/2021;Lunes;11:30:00;;0.0;2;Camión,Automóvil;Baigorria ;2;1;0;0;0;1;S/D;ROSARIO;Constitución;Asfalto;S/D;II;Dentro;Urbana;Otra Señal;S/D;Intersección;S/D;S/D;Diurna;S/D;Múltiple;S/D;Colisión;S/D;S/D
3125;2021;26/4/2021;Lunes;16:30:00;;0.0;1;Moto/Ciclomotor;Peker ;1;1;0;0;0;0;S/D;FUNES;Constitución;S/D;S/D;II;Dentro;Urbana;Otra Señal;S/D;Intersección;S/D;S/D;Diurna;S/D;Múltiple;S/D;Colisión;S/D;S/D
3126;2021;26/4/2021;Lunes;17:30:00;;0.0;2;Moto/Ciclomotor,Automóvil;Salta 450;2;0;0;1;0;0;Calle;SAN CARLOS CENTRO;Constitución;Asfalto;No existe;XI;Dentro;Urbana;Otra Señal;No existe;Intersección;S/D;Buena;Diurna;Buen Tiempo;Múltiple;S/D;Colisión;Ninguna;Faltante
3127;2021;26/4/2021;Lunes;15:25:00;;0.0;2;Automóvil,Moto/Ciclomotor;Av. Génova Y Ottone Bis;2;0;0;1;0;0;Avenida;ROSARIO;Constitución;Asfalto;No existe;II;Dentro;Urbana;Otra Señal;Funciona;Intersección;Bueno;Buena;Diurna;Buen Tiempo;Múltiple;S/D;Colisión;Ninguna;Horizontal
3128;2021;26/4/2021;Lunes;12:50:00;;0.0;2;Automóvil,Bicicleta;Castro Y Reg.11 de Infantería;2;0;0;1;0;0;Calle;ROSARIO;Constitución;Asfalto;No existe;II;Dentro;Urbana;Otra Señal;No existe;Intersección;Bueno;Buena;Diurna;Buen Tiempo;Múltiple;Ciclista;Colisión;Ninguna;Faltante
3129;2021;27/4/2021;Martes;22:00:00;;0.0;2;Moto/Ciclomotor,Automóvil;Bv. Oroño Y Ombú;2;1;0;1;0;0;Avenida;ROSARIO;Rosario;Asfalto;No existe;II;Dentro;Urbana;Otra Señal;Funciona;Intersección;Bueno;Buena;Nocturna,Con luz artificial;Buen Tiempo;Lateral;S/D;Colisión;Ninguna;Horizontal,Vertical
3130;2021;27/4/2021;Martes;06:40:00;;0.0;2;Automóvil,Automóvil;Av. Uriburu Y Bv. Avellaneda;2;2;0;0;0;0;Avenida;ROSARIO;Rosario;Asfalto;No existe;II;Dentro;Urbana;Otra Señal;Funciona;Intersección;Bueno;Buena;Amanecer;Buen Tiempo;S/D;S/D;Colisión;Ninguna;Horizontal,Vertical
3131;2021;27/4/2021;Martes;16:30:00;;0.0;2;Automóvil,Moto/Ciclomotor;Brasil Y Zuviria;3;2;0;1;0;0;Calle;ROSARIO;Rosario;Asfalto;No existe;II;Dentro;Urbana;Otra Señal;No existe;Intersección;Bueno;Buena;Diurna;Buen Tiempo;Lateral;S/D;Colisión;Ninguna;Faltante
3132;2021;27/4/2021;Martes;17:45:00;;0.0;2;Moto/Ciclomotor,Bicicleta;Bv. Oroño Y San Juan;2;2;0;0;0;0;Avenida;ROSARIO;Rosario;Asfalto;No existe;II;Dentro;Urbana;Otra Señal;Funciona;Intersección;Bueno;Buena;Diurna;Buen Tiempo;De alcance,Múltiple;Ciclista;Colisión;Ninguna;Horizontal,Vertical
3133;2021;27/4/2021;Martes;22:50:00;;0.0;2;Moto/Ciclomotor,Automóvil;Bv. Bouchard Y Pje. Caracas;2;1;0;1;0;0;Avenida;ROSARIO;Rosario;Asfalto;No existe;II;Dentro;Urbana;Otra Señal;S/D;Intersección;Bueno;S/D;Nocturna;S/D;De alcance,Múltiple;S/D;Colisión;Ninguna;S/D
3134;2021;27/4/2021;Martes;06:55:00;;0.0;2;Moto/Ciclomotor,Camión c / Acoplado;Albert Sabin Y J.J.Paso;2;1;0;1;0;0;Avenida;ROSARIO;Rosario;Asfalto;No existe;II;Dentro;Urbana;Otra Señal;Funciona;Intersección;Bueno;Buena;Diurna;Buen Tiempo;De alcance,Múltiple;S/D;Colisión;Ninguna;Horizontal,Vertical
3135;2021;27/4/2021;Martes;23:00:00;;0.0;2;Moto/Ciclomotor,Automóvil;Bv. J.Granel Y Nicolas Laguna;3;2;0;1;0;0;Avenida;ROSARIO;Rosario;Asfalto;No existe;II;Dentro;Urbana;Otra Señal;No existe;Intersección;Bueno;Buena;Nocturna,Con luz artificial;Buen Tiempo;De alcance,Múltiple;S/D;Colisión;Ninguna;Vertical
3136;2021;27/4/2021;Martes;09:00:00;;0.0;2;Automóvil,Bicicleta;9 de Julio Y Gral. Urquiza;2;1;0;1;0;0;Calle;SAN JUSTO;San Justo;Asfalto;No existe;XVI;Dentro;Urbana;Otra Señal;No existe;Intersección;Bueno;Buena;Diurna;Buen Tiempo;De alcance,Múltiple;Ciclista;Colisión;Ninguna;Horizontal
3137;2021;27/4/2021;Martes;19:30:00;;0.0;2;Automóvil,Moto/Ciclomotor;L de la Torre Y Rivadavia;2;1;0;1;0;0;Calle;VERA;Vera;Asfalto;No existe;XIX;Dentro;Urbana;Otra Señal;Funciona;Intersección;Bueno;Reducida;Nocturna;Buen Tiempo;De alcance,Múltiple;S/D;Colisión;Ninguna;Vertical
3138;2021;27/4/2021;Martes;07:40:00;;0.0;2;Bicicleta,Automóvil;Ituzaingó Y Sarmiento;2;1;0;1;0;0;Calle;SANTA FE;La Capital;Asfalto;No existe;I;Dentro;Urbana;Otra Señal;No existe;Intersección;Bueno;S/D;Diurna;S/D;De alcance,Múltiple;Ciclista;Colisión;S/D;Horizontal
3139;2021;27/4/2021;Martes;19:30:00;;0.0;2;Moto/Ciclomotor,Moto/Ciclomotor;Corrientes Y Juan Diaz de Solís;3;3;0;0;0;0;Calle;SANTA FE;La Capital;Asfalto;No existe;I;Dentro;Urbana;Otra Señal;No existe;Intersección;Bueno;Buena;Nocturna;Buen Tiempo;De alcance,Múltiple;S/D;Colisión;Ninguna;Faltante
3140;2021;27/4/2021;Martes;18:50:00;;0.0;2;Moto/Ciclomotor,Automóvil;Ayacucho Y Centeno;2;1;0;1;0;0;Calle;ROSARIO;Rosario;Asfalto;No existe;II;Dentro;Urbana;Otra Señal;No existe;Intersección;Bueno;Buena;Atardecer;Buen Tiempo;De alcance,Múltiple;S/D;Colisión;Ninguna;Faltante
3141;2021;27/4/2021;Martes;19:20:00;Autopista Nacional A008;0.0;2;Moto/Ciclomotor,Moto/Ciclomotor;Av. Circunvalación 3000;2;2;0;0;0;0;Autopista;ROSARIO;Rosario;Asfalto;Pavimento;II;Dentro;Urbana;Otra Señal;No existe;Intersección;Bueno;Buena;Diurna;Buen Tiempo;De alcance,Múltiple;S/D;Colisión;Ninguna;Horizontal
3142;2021;27/4/2021;Martes;09:20:00;Ruta Provincial 80;0.0;2;Automóvil,Pickup/Utilitario;Avda. Jorge Newbery Y Luisa de Larrechea;4;1;0;3;0;0;Ruta;GÁLVEZ;San JERÓNIMO;Asfalto;S/D;XV;Dentro;Urbana;Otra Señal;S/D;Intersección;S/D;S/D;S/D;S/D;De alcance,Múltiple;S/D;Colisión;S/D;S/D
3143;2021;27/4/2021;Martes;05:30:00;Ruta Nacional 34;92.0;1;Camión c / Acoplado; ;1;1;0;0;0;0;Ruta;CENTENO;San JERÓNIMO;Asfalto;No existe;XV;Dentro;Urbana;Otra Señal;No existe;Intersección;Bueno;S/D;Nocturna;S/D;De alcance,Múltiple;S/D;Colisión;Ninguna;Faltante
3144;2021;27/4/2021;Martes;;;0.0;2;Automóvil,Camión; ;4;3;0;1;0;0;S/D;FIRMAT;General LÓPEZ;S/D;S/D;VIII;S/D;S/D;Otra Señal;S/D;Intersección;S/D;S/D;S/D;S/D;De alcance,Múltiple;S/D;Colisión;S/D;S/D
3145;2021;27/4/2021;Martes;10:50:00;;0.0;2;Automóvil,Moto/Ciclomotor;Buenos Aires Y Washington;3;2;0;1;0;0;Calle;CASILDA;Caseros;Asfalto;No existe;IV;Dentro;Urbana;Otra Señal;No existe;Intersección;Bueno;Buena;Diurna;S/D;De alcance,Múltiple;S/D;Colisión;Ninguna;Faltante
3146;2021;27/4/2021;Martes;11:30:00;;0.0;2;Moto/Ciclomotor,Vehículo Oficial;Urquiza 1700;3;1;0;2;0;0;Calle;ROSARIO;Rosario;Asfalto;No existe;II;Dentro;Urbana;Otra Señal;Funciona;Intersección;Bueno;S/D;Diurna;S/D;De alcance,Múltiple;S/D;Colisión;Ninguna;Horizontal,Vertical
3147;2021;27/4/2021;Martes;19:30:00;;0.0;2;Moto/Ciclomotor,Moto/Ciclomotor;Córdoba Y Pres Domingo Faustino Sarmiento;2;1;0;1;0;0;Calle;SANTO TOMÉ;La Capital;Asfalto;No existe;II;Dentro;Urbana;Otra Señal;No existe;Intersección;Bueno;S/D;Diurna;Buen Tiempo;De alcance,Múltiple;S/D;Colisión;Ninguna;Faltante
3148;2021;27/4/2021;Martes;;;0.0;2;Automóvil,Automóvil; ;4;3;0;1;0;0;S/D;SAN LORENZO;San Lorenzo;S/D;S/D;XVII;S/D;S/D;Otra Señal;S/D;Intersección;S/D;S/D;S/D;S/D;De alcance,Múltiple;S/D;Colisión;S/D;S/D
3149;2021;27/4/2021;Martes;09:30:00;;0.0;2;Moto/Ciclomotor,Automóvil;Av. Carlos A Poucel Y Dr. Ghio;2;1;0;1;0;0;Avenida;SAN LORENZO;San Lorenzo;Asfalto;No existe;XVII;Dentro;Urbana;Otra Señal;Funciona;Intersección;Bueno;S/D;Diurna;S/D;De alcance,Múltiple;S/D;Colisión;Ninguna;Vertical
3150;2021;27/4/2021;Martes;;Ruta Nacional 11;0.0;2;Moto/Ciclomotor,Automóvil;Av. San Martin Y Bv Oroño;6;1;0;5;0;0;Ruta;SAN LORENZO;San Lorenzo;Asfalto;No existe;XVII;Dentro;Urbana;Otra Señal;Funciona;Intersección;Bueno;S/D;S/D;S/D;De alcance,Múltiple;S/D;Colisión;Ninguna;Horizontal,Vertical
3151;2021;27/4/2021;Martes;08:30:00;Autopista Nacional A008;12.0;1;Moto/Ciclomotor; ;2;2;0;0;0;0;Autopista;ROSARIO;Rosario;Asfalto;No existe;II;Dentro;Urbana;Otra Señal;No existe;Intersección;Bueno;S/D;Diurna;S/D;De alcance,Múltiple;S/D;Colisión;Ninguna;Horizontal,Vertical
3152;2021;27/4/2021;Martes;;;0.0;2;Bicicleta,Automóvil; ;2;1;0;1;0;0;S/D;HUMBERTO 1°;Castellanos;S/D;S/D;V;S/D;S/D;Otra Señal;S/D;Intersección;S/D;S/D;S/D;S/D;De alcance,Múltiple;Ciclista;Colisión;S/D;S/D
3153;2021;27/4/2021;Martes;;Ruta Secundaria 280-s;0.0;2;Camión,Pickup/Utilitario;AV SAN MARTIN Y R P 280;2;1;0;1;0;0;Ruta;COLONIA ALDAO;Castellanos;S/D;S/D;V;Dentro;Urbana;Otra Señal;S/D;Intersección;S/D;S/D;S/D;S/D;De alcance,Múltiple;S/D;Colisión;S/D;S/D
3154;2021;27/4/2021;Martes;18:05:00;Ruta Nacional 11;0.0;2;Automóvil,Moto/Ciclomotor;Calle 23 Y Ruta Nacional 11;3;2;0;1;0;0;Ruta;AVELLANEDA;General Obligado;Asfalto;Natural;IX;Dentro;Urbana;Otra Señal;No existe;Intersección;Bueno;Buena;Diurna;S/D;De alcance,Múltiple;S/D;Colisión;Ninguna;Faltante
3155;2021;27/4/2021;Martes;13:25:00;;0.0;2;Moto/Ciclomotor,Automóvil;Calle 11-13 Y Calle 20-9 de Julio;2;1;0;1;0;0;Calle;RECONQUISTA;General Obligado;Asfalto;No existe;IX;Dentro;Urbana;Otra Señal;No existe;Intersección;Bueno;Buena;Diurna;Buen Tiempo;De alcance,Múltiple;S/D;Colisión;Ninguna;Faltante
3156;2021;27/4/2021;Martes;;;0.0;1;Moto/Ciclomotor;Bv G L Lehmann Y Nicasio Oroño;1;1;0;0;0;0;Avenida;RAFAELA;Castellanos;Asfalto;No existe;V;Dentro;Urbana;Otra Señal;No existe;Intersección;Bueno;S/D;S/D;S/D;De alcance,Múltiple;S/D;Colisión;Ninguna;Horizontal,Vertical
3157;2021;27/4/2021;Martes;21:15:00;Ruta Nacional 8;0.0;1;Moto/Ciclomotor;Alvear Y Ruta Nac 8;1;1;0;0;0;0;Ruta;VENADO TUERTO;General LÓPEZ;Asfalto;No existe;VIII;Dentro;Urbana;Otra Señal;No existe;Intersección;Bueno;S/D;Nocturna;S/D;De alcance,Múltiple;S/D;Colisión;Ninguna;Faltante
3158;2021;27/4/2021;Martes;20:45:00;;0.0;1;Moto/Ciclomotor;Falucho Y Uruguay;2;2;0;0;0;0;Calle;VENADO TUERTO;General LÓPEZ;Asfalto;No existe;VIII;Dentro;Urbana;Otra Señal;Funciona;Intersección;Bueno;S/D;Nocturna;S/D;De alcance,Múltiple;S/D;Colisión;Ninguna;Horizontal,Vertical
3159;2021;27/4/2021;Martes;16:50:00;;0.0;2;Moto/Ciclomotor,Moto/Ciclomotor;Fray García Y José Ingenieros;2;1;0;1;0;0;Calle;SAN LORENZO;San Lorenzo;Asfalto;No existe;XVII;Dentro;Urbana;Otra Señal;No existe;Intersección;S/D;S/D;Diurna;S/D;De alcance,Múltiple;S/D;Colisión;S/D;Faltante
3160;2021;27/4/2021;Martes;10:25:00;;0.0;2;Moto/Ciclomotor,Automóvil;Calle 8-Chacabuco Y Calle 11-Alvear;2;1;0;1;0;0;Calle;RECONQUISTA;General Obligado;Asfalto;No existe;IX;Dentro;Urbana;Otra Señal;No existe;Intersección;Bueno;Buena;Diurna;Buen Tiempo;Múltiple;S/D;Colisión;Ninguna;Horizontal
3161;2021;27/4/2021;Martes;14:30:00;;0.0;1;Moto/Ciclomotor;Gaboto Y Pje. Ancaste;1;1;0;0;0;0;Calle;ROSARIO;Constitución;Asfalto;No existe;II;Dentro;Urbana;Otra Señal;No existe;Intersección;Bueno;S/D;Diurna;S/D;Múltiple;S/D;Colisión;S/D;Faltante
3162;2021;27/4/2021;Martes;21:00:00;;0.0;1;Otros;Av. Pellegrini Y Gutenberg;1;1;0;0;0;0;Avenida;ROSARIO;Constitución;Asfalto;No existe;II;Dentro;Urbana;Otra Señal;Funciona;Intersección;Bueno;S/D;Nocturna;S/D;Múltiple;S/D;Colisión;S/D;Horizontal,Vertical
3163;2021;27/4/2021;Martes;21:40:00;;0.0;2;Automóvil,Moto/Ciclomotor;RAÚL GARDELLI Y TARRAGONA;3;0;0;2;0;0;Calle;ROSARIO;Constitución;Asfalto;No existe;II;Dentro;Urbana;Otra Señal;No existe;Intersección;Bueno;Buena;Nocturna;Buen Tiempo;Múltiple;S/D;Colisión;Ninguna;Faltante
3164;2021;27/4/2021;Martes;19:00:00;Ruta Provincial 91;19.0;5;Camión c / Acoplado,Camión c / Acoplado,Camión c / Acoplado,Camión,Pickup/Utilitario; ;5;1;0;1;2;0;Ruta;SERODINO;Constitución;Asfalto;Natural;X;S/D;Rural;Otra Señal;No existe;Intersección;Bueno;S/D;Nocturna;S/D;Múltiple;S/D;Colisión;Ninguna;Faltante
3165;2021;28/4/2021;Miercoles;07:05:00;;0.0;2;Moto/Ciclomotor,Moto/Ciclomotor;Islas Malvinas Y Rivadavia;2;1;0;1;0;0;Calle;SAN CARLOS CENTRO;Las Colonias;Asfalto;No existe;XI;Dentro;Urbana;Otra Señal;No existe;Intersección;Bueno;Buena;Diurna;Buen Tiempo;Otro;S/D;Colisión;Ninguna;Faltante
3166;2021;28/4/2021;Miercoles;19:10:00;;0.0;2;Peatón,Moto/Ciclomotor;Maipú Y San Martin;2;1;0;1;0;0;Calle;LAS ROSAS;Belgrano;Asfalto;No existe;III;Dentro;Urbana;Otra Señal;No existe;Recta;Bueno;S/D;Atardecer;Buen Tiempo;S/D;Peatón;Colisión;Ninguna;Faltante
3167;2021;28/4/2021;Miercoles;17:35:00;;0.0;2;Bicicleta,Automóvil;España Y Padre R. Giaccone;3;2;0;1;0;0;Calle;ROSARIO;Rosario;Asfalto;No existe;II;Dentro;Urbana;Otra Señal;No existe;Intersección;Bueno;Buena;Diurna;Buen Tiempo;S/D;Ciclista;Colisión;Ninguna;Faltante
3168;2021;28/4/2021;Miercoles;16:25:00;;0.0;2;Moto/Ciclomotor,Moto/Ciclomotor;Garibaldi Y Pje. Laprade;2;1;0;1;0;0;Calle;ROSARIO;Rosario;Asfalto;No existe;II;Dentro;Urbana;Otra Señal;No existe;Intersección;Bueno;Buena;Diurna;Buen Tiempo;Lateral;S/D;Colisión;Ninguna;Faltante
3169;2021;28/4/2021;Miercoles;08:15:00;;0.0;2;Automóvil,Moto/Ciclomotor;Ameghino Y Cochabamba;2;1;0;1;0;0;Calle;SAN CRISTÓBAL;San CRISTÓBAL;Ripio;No existe;XIII;Dentro;Urbana;Otra Señal;No existe;Curva;Con baches;Buena;Diurna;Buen Tiempo;De alcance,Múltiple;S/D;Colisión;Ninguna;Faltante
3170;2021;28/4/2021;Miercoles;11:00:00;;0.0;2;Automóvil,Bicicleta;Italia Y Rioja;2;1;0;1;0;0;Calle;ROSARIO;Rosario;Asfalto;No existe;II;Dentro;Urbana;Otra Señal;No existe;Intersección;Bueno;Buena;Diurna;Buen Tiempo;De alcance,Múltiple;Ciclista;Colisión;Ninguna;Horizontal