ID_Accidente;A�o;Fecha;Dia;Hopra;Ruta/Autop;km;Participantes;Tipo;Lugar;Total;Heridos Leves;Heridos Graves;Ilesos;Fallecidos;Sin datos;desc_tipo_via;desc_loc;desc_dpto;|;desc_tipo_banquina;desc_unidad_regional;desc_lugar_calzada;desc_zona;desc_prioridad;desc_estado_semaforo;desc_lugar_via;desc_estado_via;desc_estado_visibilidad;desc_luminosidad;desc_estado_clima;desc_tipo_colision;desc_tipo_atropello;desc_tipo_hecho;desc_pres_calzada;desc_senializacion
3171;2021;28/4/2021;Miercoles;14:25:00;;0.0;2;Moto/Ciclomotor,Automóvil;Italia Y Saavedra;2;1;0;1;0;0;Calle;ROSARIO;Rosario;Asfalto;No existe;II;Dentro;Urbana;Otra Señal;No existe;Intersección;Bueno;Buena;Diurna;Buen Tiempo;De alcance,Múltiple;S/D;Colisión;Ninguna;Faltante
3172;2021;28/4/2021;Miercoles;17:30:00;;0.0;1;Moto/Ciclomotor; ;2;2;0;0;0;0;Camino Rural;SANTA FELICIA;Vera;Tierra;No existe;XIX;Dentro;Rural;Otra Señal;No existe;Curva;Deteriorada;Buena;Diurna;Buen Tiempo;De alcance,Múltiple;S/D;Colisión;Ninguna;Faltante
3173;2021;28/4/2021;Miercoles;17:00:00;;0.0;2;Peatón,Automóvil;Av. Urquiza Y Moreno;2;1;0;1;0;0;Avenida;SANTA FE;La Capital;Asfalto;No existe;I;Dentro;Urbana;Otra Señal;Funciona;Intersección;Bueno;Buena;Diurna;Buen Tiempo;De alcance,Múltiple;Peatón;Colisión;Ninguna;Horizontal,Vertical
3174;2021;28/4/2021;Miercoles;09:20:00;Ruta Nacional A008;0.0;2;Automóvil,Bicicleta;Av. Circunvalación ;2;1;0;1;0;0;Ruta;ROSARIO;Rosario;Asfalto;No existe;II;Dentro;Urbana;Otra Señal;Funciona;Intersección;Bueno;Buena;Diurna;Buen Tiempo;De alcance,Múltiple;Ciclista;Colisión;Ninguna;Vertical
3175;2021;28/4/2021;Miercoles;14:10:00;;0.0;2;Moto/Ciclomotor,Automóvil;General José de San Martin 2300;2;1;0;1;0;0;Calle;CASILDA;Caseros;Asfalto;No existe;IV;Dentro;Urbana;Otra Señal;No existe;Intersección;Bueno;S/D;Diurna;S/D;De alcance,Múltiple;S/D;Colisión;Ninguna;Faltante
3176;2021;28/4/2021;Miercoles;13:30:00;;0.0;2;Moto/Ciclomotor,Automóvil;Bv Pellegrini Y Fray Luis Beltrán;4;3;0;1;0;0;Avenida;ROLDÁN;San Lorenzo;Asfalto;No existe;XVII;Dentro;Urbana;Otra Señal;No existe;Intersección;Bueno;S/D;Diurna;S/D;De alcance,Múltiple;S/D;Colisión;Ninguna;Faltante
3177;2021;28/4/2021;Miercoles;12:10:00;Ruta Nacional 11;0.0;2;Moto/Ciclomotor,Moto/Ciclomotor;IRENEO FACCIOLI Y RUTA 11;2;1;0;1;0;0;Ruta;RECONQUISTA;General Obligado;Asfalto;Pavimento;IX;Dentro;Urbana;Otra Señal;Funciona;Intersección;Bueno;Buena;Diurna;Buen Tiempo;De alcance,Múltiple;S/D;Colisión;Ninguna;Horizontal,Vertical
3178;2021;28/4/2021;Miercoles;16:30:00;;0.0;2;Moto/Ciclomotor,Pickup/Utilitario;Rosario Y Av. Menchaca;3;0;0;2;1;0;Calle;VILLA GUILLERMINA;General Obligado;Hormigón;Natural;IX;Dentro;Urbana;Otra Señal;No existe;Intersección;Bueno;Buena;Diurna;Buen Tiempo;De alcance,Múltiple;S/D;Colisión;Ninguna;Faltante
3179;2021;28/4/2021;Miercoles;08:10:00;;0.0;2;Moto/Ciclomotor,Automóvil;Av. Belgrano Y Formosa;2;1;0;1;0;0;Avenida;CAPITÁN BERMÚDEZ;San Lorenzo;Tierra;No existe;XVII;Dentro;Urbana;Otra Señal;No existe;Intersección;Bueno;S/D;Diurna;S/D;De alcance,Múltiple;S/D;Colisión;Ninguna;Faltante
3180;2021;28/4/2021;Miercoles;10:20:00;;0.0;2;Automóvil,Automóvil;Bv. Oroño Y Montevideo;2;1;0;0;0;1;Avenida;ROSARIO;Constitución;Asfalto;No existe;II;Dentro;Urbana;Otra Señal;Funciona;Intersección;Bueno;S/D;Diurna;S/D;Múltiple;S/D;Colisión;S/D;Horizontal,Vertical
3181;2021;28/4/2021;Miercoles;14:30:00;;0.0;2;Automóvil,Moto/Ciclomotor;Larrea Y Pje. Lejarza;3;2;0;0;0;1;Calle;ROSARIO;Constitución;Asfalto;No existe;II;Dentro;Urbana;Otra Señal;No existe;Intersección;Deteriorada;S/D;Diurna;S/D;Múltiple;S/D;Colisión;S/D;Faltante
3182;2021;28/4/2021;Miercoles;17:30:00;;0.0;1;Moto/Ciclomotor;Av. Francia Y Av. Ing.Acevedo;1;1;0;0;0;0;Avenida;ROSARIO;Constitución;Asfalto;No existe;II;Dentro;Urbana;Otra Señal;Funciona;Intersección;Bueno;S/D;Diurna;Buen Tiempo;Múltiple;S/D;Colisión;S/D;Horizontal,Vertical
3183;2021;28/4/2021;Miercoles;19:00:00;;0.0;1;Bicicleta; ;1;1;0;0;0;0;S/D;ROSARIO;Constitución;S/D;S/D;II;S/D;S/D;Otra Señal;S/D;Intersección;S/D;S/D;Nocturna;S/D;Múltiple;S/D;Colisión;S/D;S/D
3184;2021;28/4/2021;Miercoles;00:05:00;;0.0;1;Bicicleta;Chacabuco Y Garay;1;1;0;0;0;0;Calle;ROSARIO;Constitución;Asfalto;No existe;II;Dentro;Urbana;Otra Señal;No existe;Intersección;Bueno;S/D;Nocturna;S/D;Múltiple;S/D;Colisión;S/D;Faltante
3185;2021;28/4/2021;Miercoles;;;0.0;2;Moto/Ciclomotor,Pickup/Utilitario;Pte. Hipólito Irigoyen Y Pte. Juan D Perón;3;1;0;1;0;0;Calle;PUERTO SAN MARTÍN;Constitución;Asfalto;No existe;XVII;Dentro;Urbana;Otra Señal;No existe;Intersección;Bueno;S/D;S/D;S/D;Múltiple;S/D;Colisión;Ninguna;Faltante
3186;2021;28/4/2021;Miercoles;18:00:00;;0.0;1;Bicicleta;Balcarce Y Sánchez de Bustamante;1;0;0;0;0;0;Calle;ROSARIO;Constitución;Asfalto;No existe;II;Dentro;Urbana;Otra Señal;No existe;Intersección;Deteriorada;S/D;Diurna;S/D;Múltiple;S/D;Colisión;S/D;Faltante
3187;2021;28/4/2021;Miercoles;17:00:00;;0.0;1;Moto/Ciclomotor; ;1;0;0;0;0;0;Calle;ROSARIO;Rosario;S/D;S/D;II;Dentro;Urbana;Otra Señal;S/D;Intersección;S/D;S/D;Diurna;S/D;Múltiple;S/D;Colisión;S/D;S/D
3188;2021;29/4/2021;Jueves;19:10:00;Ruta Provincial 1;0.0;2;Camión Chasis,Moto/Ciclomotor; ;3;1;0;2;0;0;Ruta;SANTA ROSA DE CALCHINES;Garay;Asfalto;No existe;VII;Fuera;Urbana;Otra Señal;No existe;Intersección;Bueno;Buena;Atardecer;Buen Tiempo;S/D;S/D;Colisión;Ninguna;Horizontal
3189;2021;29/4/2021;Jueves;12:00:00;;0.0;2;Automóvil,Bicicleta;1 de Mayo Y Garibaldi;2;1;0;1;0;0;Calle;ROSARIO;Rosario;Asfalto;No existe;II;Dentro;Urbana;Otra Señal;No existe;Intersección;Bueno;Buena;Diurna;Buen Tiempo;S/D;Ciclista;Colisión;Ninguna;Faltante
3190;2021;29/4/2021;Jueves;11:45:00;;0.0;2;Moto/Ciclomotor,Pickup/Utilitario;Bv Belgrano Y Sarmiento;3;2;0;1;0;0;Avenida;CALCHAQUÍ;Vera;Asfalto;No existe;XIX;Dentro;Urbana;Otra Señal;No existe;Intersección;Bueno;Buena;Diurna;Buen Tiempo;De alcance,Múltiple;S/D;Colisión;Ninguna;Horizontal
3191;2021;29/4/2021;Jueves;20:00:00;;0.0;2;Moto/Ciclomotor,Peatón;Lamadrid Y Pje Falucho;2;1;0;1;0;0;Calle;SANTA FE;La Capital;Asfalto;No existe;I;Dentro;Urbana;Otra Señal;No existe;Intersección;Bueno;Buena;Nocturna;Buen Tiempo;De alcance,Múltiple;Peatón;Colisión;Ninguna;Vertical
3192;2021;29/4/2021;Jueves;14:20:00;;0.0;2;Automóvil,Moto/Ciclomotor;Bv Pellegrini Y Francia;2;1;0;0;0;1;Avenida;SANTA FE;La Capital;Asfalto;No existe;I;Dentro;Urbana;Otra Señal;Funciona;Intersección;Bueno;Buena;Diurna;Buen Tiempo;De alcance,Múltiple;S/D;Colisión;Ninguna;Horizontal,Vertical
3193;2021;29/4/2021;Jueves;15:50:00;Ruta Nacional 11;0.0;2;Moto/Ciclomotor,Automóvil;Mariano Candioti Y Ruta 11 Avenida Richieri;2;1;0;1;0;0;Ruta;SANTO TOMÉ;La Capital;Asfalto,Tierra;No existe;I;Dentro;Urbana;Otra Señal;No existe;Intersección;Bueno;Buena;Diurna;Buen Tiempo;De alcance,Múltiple;S/D;Colisión;Ninguna;Faltante
3194;2021;29/4/2021;Jueves;21:55:00;;0.0;1;Moto/Ciclomotor;AURELIA ;1;1;0;0;0;0;Calle;ESTACIÓN DÍAZ;San JERÓNIMO;Asfalto;No existe;XV;Dentro;Urbana;Otra Señal;No existe;Intersección;Bueno;Buena;Nocturna;S/D;De alcance,Múltiple;S/D;Colisión;Ninguna;Faltante
3195;2021;29/4/2021;Jueves;13:50:00;;0.0;2;Moto/Ciclomotor,Automóvil;Bme Mitre Y Moreno;2;1;0;1;0;0;Calle;GÁLVEZ;San JERÓNIMO;Asfalto;No existe;XV;Dentro;Urbana;Otra Señal;No existe;Intersección;Bueno;S/D;Diurna;S/D;De alcance,Múltiple;S/D;Colisión;Ninguna;Faltante
3196;2021;29/4/2021;Jueves;18:00:00;;0.0;2;Peatón,Automóvil;Mitre ;2;1;0;0;0;1;Calle;CORONDA;San JERÓNIMO;S/D;S/D;XV;Dentro;Urbana;Otra Señal;S/D;Intersección;S/D;S/D;Diurna;S/D;De alcance,Múltiple;Peatón;Colisión;S/D;S/D
3197;2021;29/4/2021;Jueves;09:15:00;Ruta Provincial 65;46.0;2;Camión,Bicicleta;Ruta Prov. 65 ;2;1;0;1;0;0;Ruta;SAN GENARO;San JERÓNIMO;Asfalto;Ripio;XV;Dentro;Rural;Otra Señal;No existe;Intersección;S/D;S/D;Diurna;S/D;De alcance,Múltiple;Ciclista;Colisión;S/D;S/D
3198;2021;29/4/2021;Jueves;07:40:00;Ruta Nacional 11;0.0;2;Automóvil,Camión c / Acoplado;Ruta Nac 11 ;2;1;0;1;0;0;Ruta;MONJE;San JERÓNIMO;Asfalto;No existe;XV;Dentro;Rural;Otra Señal;No existe;Intersección;Bueno;Buena;Diurna;S/D;De alcance,Múltiple;S/D;Colisión;Ninguna;Horizontal,Vertical
3199;2021;29/4/2021;Jueves;;;0.0;1;Automóvil;BANDERA Y CAMELIAS;1;1;0;0;0;0;Calle;SANTO TOMÉ;La Capital;S/D;S/D;I;Dentro;Urbana;Otra Señal;S/D;Intersección;S/D;S/D;S/D;S/D;De alcance,Múltiple;S/D;Colisión;S/D;S/D
3200;2021;29/4/2021;Jueves;22:15:00;;0.0;2;Moto/Ciclomotor,Pickup/Utilitario;Mariano Moreno Y López;2;1;0;1;0;0;Calle;VENADO TUERTO;General LÓPEZ;Asfalto;No existe;VIII;Dentro;Urbana;Otra Señal;No existe;Intersección;Bueno;S/D;Nocturna,Con luz artificial;S/D;De alcance,Múltiple;S/D;Colisión;Ninguna;Faltante
3201;2021;29/4/2021;Jueves;09:00:00;;0.0;2;Vehículo Oficial,Moto/Ciclomotor;BV 27 DE FEBRERO  Y COLECTORA;3;1;0;2;0;0;Avenida;ROSARIO;Rosario;Asfalto;No existe;II;Dentro;Urbana;Otra Señal;Funciona;Intersección;Bueno;S/D;Diurna;S/D;De alcance,Múltiple;S/D;Colisión;Ninguna;Horizontal,Vertical
3202;2021;29/4/2021;Jueves;16:50:00;;0.0;2;Moto/Ciclomotor,Pickup/Utilitario;Calle 24-Alessio Y Calle 9-Mariano Moreno;3;2;0;1;0;0;Calle;RECONQUISTA;General Obligado;Asfalto;No existe;IX;Dentro;Urbana;Otra Señal;No existe;Intersección;Bueno;S/D;Diurna;S/D;De alcance,Múltiple;S/D;Colisión;Ninguna;Faltante
3203;2021;29/4/2021;Jueves;09:45:00;;0.0;2;Automóvil,Moto/Ciclomotor;Calle 13-Iturraspe Y Calle 12 San Martin;2;1;0;1;0;0;Avenida;RECONQUISTA;General Obligado;Asfalto;No existe;IX;Dentro;Urbana;Otra Señal;No existe;Intersección;Bueno;Buena;Diurna;S/D;De alcance,Múltiple;S/D;Colisión;Ninguna;Horizontal
3204;2021;29/4/2021;Jueves;;;0.0;2;Moto/Ciclomotor,Automóvil;Av. Roque Sáenz PEÑA Y 1ro de Mayo;2;1;0;1;0;0;Avenida;RAFAELA;Castellanos;Asfalto;No existe;V;Dentro;Urbana;Otra Señal;No existe;Intersección;Bueno;S/D;S/D;S/D;De alcance,Múltiple;S/D;Colisión;Ninguna;Horizontal,Vertical
3205;2021;29/4/2021;Jueves;15:10:00;Ruta Provincial 14;60.0;3;Pickup/Utilitario,Camión c / Acoplado,Camión c / Acoplado; ;5;1;0;2;2;0;Ruta;BIGAND;Caseros;Asfalto;Natural;IV;S/D;Rural;Otra Señal;No existe;Intersección;Bueno;Buena;Diurna;Buen Tiempo;De alcance,Múltiple;S/D;Colisión;Ninguna;Vertical
3206;2021;29/4/2021;Jueves;08:35:00;;0.0;2;Bicicleta,Automóvil;Dr. Ghio Y Irigoyen;3;0;0;0;0;3;Calle;SAN LORENZO;San Lorenzo;Asfalto;No existe;XVII;Dentro;Urbana;Otra Señal;No existe;Intersección;S/D;S/D;Diurna;S/D;De alcance,Múltiple;Ciclista;Colisión;S/D;S/D
3207;2021;29/4/2021;Jueves;18:15:00;Ruta Nacional 11;0.0;2;Moto/Ciclomotor,Automóvil;CALLE 27 Y RUTA NACIONAL 11;2;1;0;1;0;0;Ruta;SAN JUSTO;San Justo;Asfalto;Natural;IX;Dentro;Urbana;Otra Señal;No existe;Intersección;Bueno;Buena;Diurna;Buen Tiempo;Múltiple;S/D;Colisión;Ninguna;Horizontal
3208;2021;29/4/2021;Jueves;11:45:00;;0.0;2;Moto/Ciclomotor,Automóvil;Calle 18 - Gral. Belgrano Y Calle 19-Habegger;2;1;0;1;0;0;Calle;RECONQUISTA;General Obligado;Asfalto;No existe;IX;Dentro;Urbana;Otra Señal;No existe;Intersección;Bueno;Buena;Diurna;Buen Tiempo;Múltiple;S/D;Colisión;Ninguna;Horizontal
3209;2021;29/4/2021;Jueves;14:00:00;;0.0;2;Automóvil,Moto/Ciclomotor;Montecarlo Y Punta Del Indio;2;1;0;0;0;1;Calle;ROSARIO;Constitución;Asfalto;No existe;II;Dentro;Urbana;Otra Señal;No existe;Intersección;Deteriorada;S/D;Diurna;S/D;Múltiple;S/D;Colisión;S/D;Faltante
3210;2021;29/4/2021;Jueves;15:45:00;;0.0;1;Moto/Ciclomotor;Av. Uriburu Y Buenos Aires;1;1;0;0;0;0;Avenida;ROSARIO;Constitución;Asfalto;No existe;II;Dentro;Urbana;Otra Señal;Funciona;Intersección;Bueno;S/D;Diurna;Buen Tiempo;Múltiple;S/D;Colisión;S/D;Horizontal,Vertical
3211;2021;29/4/2021;Jueves;21:00:00;;0.0;1;Moto/Ciclomotor;Av. Francia Y La Paz;1;1;0;0;0;0;Avenida;ROSARIO;Constitución;Asfalto;No existe;II;Dentro;Urbana;Otra Señal;Funciona;Intersección;Bueno;S/D;Nocturna;S/D;Múltiple;S/D;Colisión;S/D;Horizontal,Vertical
3212;2021;29/4/2021;Jueves;;;0.0;1;Moto/Ciclomotor; ;1;0;0;0;1;0;S/D;SAN VICENTE.;Constitución;S/D;S/D;V;S/D;S/D;Otra Señal;S/D;Intersección;S/D;S/D;S/D;S/D;Múltiple;S/D;Colisión;S/D;S/D
3213;2021;29/4/2021;Jueves;07:30:00;;0.0;1;Moto/Ciclomotor; ;1;1;0;0;0;0;S/D;ROSARIO;Constitución;S/D;S/D;II;S/D;S/D;Otra Señal;S/D;Intersección;S/D;S/D;Diurna;S/D;Múltiple;S/D;Colisión;S/D;S/D
3214;2021;29/4/2021;Jueves;08:05:00;;0.0;2;Pickup/Utilitario,Pickup/Utilitario; ;2;1;0;0;0;0;Camino Rural;SAN JERÓNIMO NORTE;Constitución;Ripio;Natural;XI;Dentro;Rural;Otra Señal;No existe;Intersección;Bueno;Reducida;Amanecer;Niebla;Múltiple;S/D;Colisión;Ninguna;Faltante
3215;2021;29/4/2021;Jueves;15:00:00;;0.0;2;Moto/Ciclomotor,Automóvil;Amenábar Y Ayacucho;2;0;0;0;0;1;Calle;ROSARIO;Constitución;Asfalto;No existe;II;Dentro;Urbana;Otra Señal;No existe;Intersección;Bueno;S/D;Diurna;S/D;Múltiple;S/D;Colisión;S/D;Vertical
3216;2021;29/4/2021;Jueves;15:10:00;Ruta Nacional 11;0.0;2;Moto/Ciclomotor,Moto/Ciclomotor;Los Pinos ;2;0;0;0;0;0;Ruta;RECREO;La Capital;Asfalto;Ripio;I;Dentro;Urbana;Otra Señal;No existe;Intersección;Bueno;Buena;Diurna;Buen Tiempo;Múltiple;S/D;Colisión;Ninguna;Horizontal
3217;2021;30/4/2021;Viernes;17:55:00;;0.0;2;Automóvil,Automóvil;Belgrano Manuel Y L de la Torre;4;2;0;2;0;0;Calle;SAN CARLOS CENTRO;Las Colonias;Asfalto;No existe;XI;Dentro;Urbana;Otra Señal;No existe;Intersección;Bueno;S/D;Diurna;Buen Tiempo;Lateral;S/D;Colisión;Ninguna;Faltante
3218;2021;30/4/2021;Viernes;10:15:00;;0.0;2;Moto/Ciclomotor,Automóvil;Pje. 518 Y Pje. 507;2;1;0;0;0;1;Calle;ROSARIO;Rosario;Asfalto;No existe;II;Dentro;Urbana;Otra Señal;No existe;Intersección;Bueno;Buena;Diurna;Buen Tiempo;Lateral;S/D;Colisión;Ninguna;Faltante
3219;2021;30/4/2021;Viernes;06:50:00;;0.0;2;Moto/Ciclomotor,Camión;Av. Uriburu Y Bv. Avellaneda;2;1;0;1;0;0;Avenida;ROSARIO;Rosario;Asfalto;No existe;II;Dentro;Urbana;Otra Señal;Funciona;Intersección;Bueno;Buena;Diurna;S/D;Lateral;S/D;Colisión;Ninguna;Horizontal,Vertical
3220;2021;30/4/2021;Viernes;20:20:00;;0.0;2;Automóvil,Pickup/Utilitario;Av. Arijon Y Bv. Oroño;2;1;0;1;0;0;Avenida;ROSARIO;Rosario;Asfalto;No existe;II;Dentro;Urbana;Otra Señal;Funciona;Intersección;Bueno;Buena;Nocturna,Con luz artificial;Buen Tiempo;De alcance;S/D;Colisión;Ninguna;Horizontal,Vertical
3221;2021;30/4/2021;Viernes;01:05:00;Autopista Nacional A012;0.0;2;Transporte de Pasajeros Larga Distancia (Doble Piso),Camión c / Acoplado;Ruta Provincial 14 ;3;2;0;1;0;0;Autopista;PIÑERO;Rosario;Asfalto;Natural;II;Dentro;Urbana;Otra Señal;No existe;Intersección;Bueno;Buena;Diurna;Buen Tiempo;Lateral;S/D;Colisión;Ninguna;Vertical
3222;2021;30/4/2021;Viernes;17:15:00;;0.0;2;Moto/Ciclomotor,Automóvil;Ayolas Y L.N.Alem;2;1;0;1;0;0;Calle;ROSARIO;Rosario;Asfalto;No existe;II;Dentro;Urbana;Otra Señal;Funciona;Intersección;Bueno;Buena;Diurna;Buen Tiempo;De alcance,Múltiple;S/D;Colisión;Ninguna;Horizontal,Vertical
3223;2021;30/4/2021;Viernes;15:45:00;;0.0;2;Pickup/Utilitario,Moto/Ciclomotor;Fco Angeloni Y S Martin;2;1;0;1;0;0;Calle;SAN JUSTO;San Justo;Asfalto;No existe;XVI;Dentro;Urbana;Otra Señal;No existe;Intersección;Bueno;Buena;Diurna;Buen Tiempo;De alcance,Múltiple;S/D;Colisión;Ninguna;Horizontal
3224;2021;30/4/2021;Viernes;16:15:00;Autopista Provincial Brigadier E.LÓPEZ;0.0;2;Pickup/Utilitario,Bicicleta;Av. Circunvalación Y Intendente Manuel Irigoyen;2;0;0;1;0;0;Autopista;SANTA FE;La Capital;Asfalto;No existe;I;Dentro;Urbana;Otra Señal;No existe;Intersección;Bueno;Buena;Diurna;Buen Tiempo;De alcance,Múltiple;Ciclista;Colisión;Ninguna;Horizontal
3225;2021;30/4/2021;Viernes;13:30:00;Ruta Nacional 34;370.0;2;Moto/Ciclomotor,Automóvil; ;5;1;0;4;0;0;Ruta;HERSILIA;San CRISTÓBAL;Asfalto;Ripio;XIII;Dentro;Urbana;Otra Señal;No existe;Intersección;Bueno;Buena;Diurna;Buen Tiempo;De alcance,Múltiple;S/D;Colisión;Ninguna;Horizontal
3226;2021;30/4/2021;Viernes;;Ruta Provincial 70;3.0;2;Camión,Camión; ;2;1;0;1;0;0;Ruta;HUMBOLDT;Las Colonias;Asfalto;Natural;XI;Dentro;Urbana;Otra Señal;No existe;Intersección;Bueno;S/D;S/D;Buen Tiempo;De alcance,Múltiple;S/D;Colisión;Ninguna;Horizontal
3227;2021;30/4/2021;Viernes;15:30:00;;0.0;2;Pickup/Utilitario,Moto/Ciclomotor;José Ingenieros Y Sarratea Bis;2;1;0;1;0;0;Calle;ROSARIO;Rosario;Asfalto;No existe;II;Dentro;Urbana;Otra Señal;No existe;Intersección;Bueno;Buena;Diurna;S/D;De alcance,Múltiple;S/D;Colisión;Ninguna;Faltante
3228;2021;30/4/2021;Viernes;10:00:00;;0.0;2;Automóvil,Automóvil;Catamarca Y Crespo;2;2;0;0;0;0;Calle;ROSARIO;Rosario;Asfalto;No existe;II;Dentro;Urbana;Otra Señal;Funciona;Intersección;Bueno;Buena;Diurna;Buen Tiempo;De alcance,Múltiple;S/D;Colisión;Ninguna;Horizontal,Vertical
3229;2021;30/4/2021;Viernes;09:40:00;;0.0;1;Pickup/Utilitario;J.M.de Rosas 3147;1;1;0;0;0;0;Calle;ROSARIO;Rosario;Asfalto;No existe;II;Dentro;Urbana;Otra Señal;No existe;Intersección;Bueno;S/D;Diurna;S/D;De alcance,Múltiple;S/D;Colisión;Ninguna;Faltante
3230;2021;30/4/2021;Viernes;;;0.0;1;Moto/Ciclomotor;Av. Peñaloza Y Pedro de Vega;1;1;0;0;0;0;Avenida;SANTA FE;La Capital;Asfalto;No existe;I;Dentro;Urbana;Otra Señal;No existe;Intersección;Bueno;S/D;S/D;S/D;De alcance,Múltiple;S/D;Colisión;Ninguna;Vertical
3231;2021;30/4/2021;Viernes;;;0.0;2;Automóvil,Automóvil;Pje Ingenieros Y Quintana;2;1;0;1;0;0;Calle;SANTA FE;La Capital;Asfalto;No existe;I;Dentro;Urbana;Otra Señal;No existe;Intersección;Bueno;S/D;Diurna;S/D;De alcance,Múltiple;S/D;Colisión;Ninguna;Faltante
3232;2021;30/4/2021;Viernes;08:00:00;;0.0;2;Moto/Ciclomotor,Automóvil;Caseros Y Las Heras;3;1;0;2;0;0;Calle;VENADO TUERTO;General LÓPEZ;Asfalto;No existe;VIII;Dentro;Urbana;Otra Señal;No existe;Intersección;Bueno;S/D;Diurna;S/D;De alcance,Múltiple;S/D;Colisión;Ninguna;Faltante
3233;2021;30/4/2021;Viernes;20:05:00;;0.0;2;Moto/Ciclomotor,Pickup/Utilitario;Las Heras Y Republica Argentina;2;1;0;1;0;0;Calle;VENADO TUERTO;General LÓPEZ;Asfalto;No existe;VIII;Dentro;Urbana;Otra Señal;No existe;Intersección;Bueno;S/D;Nocturna,Con luz artificial;S/D;De alcance,Múltiple;S/D;Colisión;Ninguna;Faltante
3234;2021;30/4/2021;Viernes;;;0.0;2;Moto/Ciclomotor,Automóvil;José Hernández Y Rivadavia;2;1;0;1;0;0;Calle;VILLA OCAMPO;General Obligado;S/D;S/D;IX;Dentro;Urbana;Otra Señal;S/D;Intersección;S/D;S/D;S/D;S/D;De alcance,Múltiple;S/D;Colisión;S/D;S/D
3235;2021;30/4/2021;Viernes;;;0.0;1;Camión; ;1;1;0;0;0;0;Camino Rural;CLUCELLAS;Castellanos;Arena;S/D;V;Fuera;Rural;Otra Señal;S/D;Intersección;S/D;S/D;S/D;S/D;De alcance,Múltiple;S/D;Colisión;S/D;S/D
3236;2021;30/4/2021;Viernes;19:40:00;Ruta Provincial 1;73.0;2;Automóvil,Pickup/Utilitario;Ruta Prov. 1 ;2;0;0;0;2;0;Ruta;CAYASTA;Garay;Asfalto;Natural;VIII;Dentro;Rural;Otra Señal;No existe;Intersección;Bueno;Reducida;Nocturna;Buen Tiempo;De alcance,Múltiple;S/D;Colisión;S/D;Faltante
3237;2021;30/4/2021;Viernes;13:30:00;;0.0;2;Moto/Ciclomotor,Automóvil;Fiambala Y Rio Paraná;2;1;0;1;0;0;Calle;ROLDÁN;San Lorenzo;Tierra;No existe;XVII;Dentro;Urbana;Otra Señal;No existe;Intersección;Bueno;Buena;Diurna;Buen Tiempo;De alcance,Múltiple;S/D;Colisión;Ninguna;Faltante
3238;2021;30/4/2021;Viernes;20:00:00;;0.0;2;Automóvil,Moto/Ciclomotor;Av. San Martin Y Richieri;3;0;0;0;0;3;Avenida;SAN LORENZO;San Lorenzo;Asfalto;No existe;XVII;Dentro;Urbana;Otra Señal;No existe;Intersección;S/D;S/D;Nocturna;S/D;De alcance,Múltiple;S/D;Colisión;S/D;Horizontal
3239;2021;30/4/2021;Viernes;12:00:00;;0.0;2;Moto/Ciclomotor,Pickup/Utilitario;Calle 8 Y Calle 11;2;1;0;1;0;0;Calle;LAS TOSCAS;General Obligado;Asfalto;No existe;IX;Dentro;Urbana;Otra Señal;No existe;Intersección;Ahuellamiento;Buena;Diurna;Buen Tiempo;Múltiple;S/D;Colisión;Ninguna;Faltante
3240;2021;30/4/2021;Viernes;08:35:00;;0.0;1;Moto/Ciclomotor;Bv. Avellaneda 4400;1;1;0;0;0;0;Avenida;ROSARIO;Constitución;Asfalto;No existe;II;Dentro;Urbana;Otra Señal;No existe;Intersección;Deteriorada;S/D;Diurna;S/D;Múltiple;S/D;Colisión;S/D;Faltante
3241;2021;30/4/2021;Viernes;13:30:00;Autopista Nacional A008;0.0;1;Moto/Ciclomotor;Bv. Rondeau Y Pintor Musto;1;1;0;0;0;0;Autopista;ROSARIO;Constitución;Asfalto;No existe;II;Dentro;Urbana;Otra Señal;Funciona;Intersección;Bueno;S/D;Diurna;S/D;Múltiple;S/D;Colisión;S/D;Vertical
3242;2021;30/4/2021;Viernes;17:45:00;;0.0;1;Moto/Ciclomotor;Bv. Seguí Y Pje. Espinillo;2;2;0;0;0;0;Calle;ROSARIO;Constitución;Asfalto;No existe;II;Dentro;Urbana;Otra Señal;No existe;Intersección;Bueno;S/D;Diurna;S/D;Múltiple;S/D;Colisión;S/D;Faltante
3243;2021;30/4/2021;Viernes;16:52:00;;0.0;1;Moto/Ciclomotor; ;1;0;0;0;1;0;S/D;ROSARIO;Constitución;S/D;S/D;II;S/D;S/D;Otra Señal;S/D;Intersección;S/D;S/D;Diurna;S/D;Múltiple;S/D;Colisión;S/D;S/D
3244;2021;30/4/2021;Viernes;12:20:00;;0.0;1;Moto/Ciclomotor; ;1;1;0;0;0;0;S/D;ROSARIO;Constitución;S/D;S/D;II;S/D;S/D;Otra Señal;S/D;Intersección;S/D;S/D;Diurna;S/D;Múltiple;S/D;Colisión;S/D;S/D