ID_Accidente;A�o;Fecha;Dia;Hopra;Ruta/Autop;km;Participantes;Tipo;Lugar;Total;Heridos Leves;Heridos Graves;Ilesos;Fallecidos;Sin datos;desc_tipo_via;desc_loc;desc_dpto;|;desc_tipo_banquina;desc_unidad_regional;desc_lugar_calzada;desc_zona;desc_prioridad;desc_estado_semaforo;desc_lugar_via;desc_estado_via;desc_estado_visibilidad;desc_luminosidad;desc_estado_clima;desc_tipo_colision;desc_tipo_atropello;desc_tipo_hecho;desc_pres_calzada;desc_senializacion
3245;2021;30/4/2021;Viernes;16:00:00;;0.0;1;Moto/Ciclomotor; ;1;1;0;0;0;0;S/D;ROSARIO;Constitución;S/D;S/D;II;S/D;S/D;Otra Señal;S/D;Intersección;S/D;S/D;Diurna;S/D;Múltiple;S/D;Colisión;S/D;S/D
3246;2021;30/4/2021;Viernes;22:00:00;;0.0;1;Moto/Ciclomotor; ;1;1;0;0;0;0;S/D;ROSARIO;Constitución;S/D;S/D;II;S/D;S/D;Otra Señal;S/D;Intersección;S/D;S/D;Nocturna;S/D;Múltiple;S/D;Colisión;S/D;S/D
3247;2021;30/4/2021;Viernes;19:30:00;;0.0;2;Peatón,Moto/Ciclomotor;Guardia Morada Y Pje. Malvón;2;0;0;0;0;1;Calle;ROSARIO;Constitución;Asfalto;No existe;II;Dentro;Urbana;Otra Señal;No existe;Intersección;Bueno;Buena;Atardecer;Buen Tiempo;Múltiple;Peatón;Colisión;Ninguna;Faltante
3248;2021;30/4/2021;Viernes;07:05:00;;0.0;2;Moto/Ciclomotor,Moto/Ciclomotor;Belgrano Y Gobernador Aldao;3;1;0;1;0;0;Avenida;CERES;Constitución;Hormigón;No existe;XIII;Dentro;Urbana;Otra Señal;No existe;Intersección;Bueno;Buena;Atardecer;Buen Tiempo;Múltiple;S/D;Colisión;Ninguna;Faltante
3249;2021;30/4/2021;Viernes;08:05:00;;0.0;2;Moto/Ciclomotor,Automóvil;Azcuénaga Y Bvard España;3;2;0;0;0;0;Avenida;CERES;Constitución;Hormigón;No existe;XIII;Dentro;Urbana;Otra Señal;No existe;Intersección;Bueno;Buena;Diurna;Buen Tiempo;Múltiple;S/D;Colisión;Ninguna;Faltante
3250;2021;30/4/2021;Viernes;18:20:00;Ruta Secundaria 83-s;0.0;1;Moto/Ciclomotor; ;2;0;0;1;0;0;Ruta;KM. 89;Constitución;Tierra;No existe;XIX;Dentro;Rural;Otra Señal;No existe;Intersección;Resbaladiza,Ahuellamiento;Reducida polvo;Diurna;Lluvia;Múltiple;S/D;Colisión;Otro;Faltante
3251;2021;1/5/2021;Sabado;08:41:00;;0.0;2;Moto/Ciclomotor,Automóvil;San Martin Y Calchines;2;1;0;1;0;0;Calle;SANTA ROSA DE CALCHINES;Garay;Asfalto;Pavimento;VII;Dentro;Urbana;Otra Señal;No existe;Intersección;Bueno;Buena;Diurna;Buen Tiempo;Múltiple;S/D;Colisión;Ninguna;Faltante
3252;2021;1/5/2021;Sabado;16:30:00;;0.0;2;Moto/Ciclomotor,Automóvil;Junín Y Cullen;4;3;0;1;0;0;Calle;ROSARIO;Rosario;Asfalto;No existe;II;Dentro;Urbana;Otra Señal;No existe;Recta;S/D;S/D;Diurna;Buen Tiempo;Lateral;S/D;Colisión;S/D;Faltante
3253;2021;1/5/2021;Sabado;17:05:00;;0.0;2;Pickup/Utilitario,Moto/Ciclomotor;DR. MEDINA 6700;3;2;0;1;0;0;Calle;ROSARIO;Rosario;Asfalto;No existe;II;Fuera;Urbana;Otra Señal;No existe;Recta;Bueno;S/D;Diurna;S/D;S/D;S/D;Colisión;Ninguna;Faltante
3254;2021;1/5/2021;Sabado;13:00:00;;0.0;2;Moto/Ciclomotor,Automóvil;Av. Ovidio Lagos Y Av. Battle y Ordoñez;3;2;0;1;0;0;Avenida;ROSARIO;Rosario;Asfalto;Pavimento;II;Dentro;Urbana;Otra Señal;Funciona;Intersección;Bueno;Buena;Diurna;Buen Tiempo;De alcance,Múltiple;S/D;Colisión;Ninguna;Vertical
3255;2021;1/5/2021;Sabado;08:15:00;;0.0;2;Pickup/Utilitario,Moto/Ciclomotor;A Belotti Y 9 de Julio;2;1;0;1;0;0;Calle;SAN JUSTO;San Justo;Asfalto;No existe;XVI;Dentro;Urbana;Otra Señal;No existe;Intersección;Bueno;Buena;Diurna;Buen Tiempo;De alcance,Múltiple;S/D;Colisión;Ninguna;Faltante
3256;2021;1/5/2021;Sabado;03:00:00;;0.0;1;Automóvil; ;1;1;0;0;0;0;Avenida;MONTE VERA;La Capital;Asfalto;Natural;I;Fuera;Urbana;Otra Señal;No existe;Recta;Bueno;Buena;Nocturna;Buen Tiempo;De alcance,Múltiple;S/D;Colisión;Ninguna;Horizontal
3257;2021;1/5/2021;Sabado;13:20:00;;0.0;1;Moto/Ciclomotor;Dr. E Puccio 5655;1;1;0;0;0;0;Calle;MONTE VERA;La Capital;Ripio;No existe;I;Dentro;Urbana;Otra Señal;No existe;Recta;Bueno;Buena;Diurna;Buen Tiempo;De alcance,Múltiple;S/D;Colisión;Ninguna;Faltante
3258;2021;1/5/2021;Sabado;12:20:00;;0.0;2;Moto/Ciclomotor,Automóvil;Ruta 11 Avenida Richieri 3500;3;2;0;1;0;0;Avenida;SANTO TOMÉ;La Capital;Asfalto;Natural;I;Dentro;Urbana;Otra Señal;No existe;Recta;Bueno;Buena;Diurna;Buen Tiempo;De alcance,Múltiple;S/D;Colisión;Ninguna;Faltante
3259;2021;1/5/2021;Sabado;23:45:00;;0.0;2;Moto/Ciclomotor,Moto/Ciclomotor;Moreno Y Roque Sáenz PEÑA;2;2;0;0;0;0;Calle;SANTA FE;La Capital;Asfalto;No existe;I;Dentro;Urbana;Otra Señal;No existe;Intersección;Bueno;Reducida;Nocturna;Buen Tiempo;De alcance,Múltiple;S/D;Colisión;Ninguna;Faltante
3260;2021;1/5/2021;Sabado;10:15:00;;0.0;2;Moto/Ciclomotor,Moto/Ciclomotor;Estanislao López Y Leiva M;2;1;0;0;0;1;Calle;VERA;Vera;Tierra;No existe;XIX;Dentro;Urbana;Otra Señal;No existe;Intersección;Bueno;Buena;Diurna;Buen Tiempo;De alcance,Múltiple;S/D;Colisión;Ninguna;Faltante
3261;2021;1/5/2021;Sabado;;;0.0;1;Moto/Ciclomotor; ;2;1;0;1;0;0;S/D;SANTO TOMÉ;La Capital;S/D;S/D;I;S/D;S/D;Otra Señal;S/D;Intersección;S/D;S/D;S/D;S/D;De alcance,Múltiple;S/D;Colisión;S/D;S/D
3262;2021;1/5/2021;Sabado;;;0.0;2;Moto/Ciclomotor,Moto/Ciclomotor;San Juan Y Juan M. de Pueyrredón;3;3;0;0;0;0;S/D;FIRMAT;General LÓPEZ;S/D;S/D;VIII;S/D;S/D;Otra Señal;S/D;Intersección;S/D;S/D;S/D;S/D;De alcance,Múltiple;S/D;Colisión;S/D;S/D
3263;2021;1/5/2021;Sabado;;Ruta Nacional 33;0.0;2;Camión c / Acoplado,Automóvil; ;7;6;0;1;0;0;Ruta;VENADO TUERTO;General LÓPEZ;S/D;S/D;VIII;S/D;S/D;Otra Señal;S/D;Intersección;S/D;S/D;S/D;S/D;De alcance,Múltiple;S/D;Colisión;S/D;S/D
3264;2021;1/5/2021;Sabado;11:35:00;;0.0;2;Pickup/Utilitario,Moto/Ciclomotor;Miguel de Azcuénaga Y 9 de Julio;2;1;0;1;0;0;S/D;VENADO TUERTO;General LÓPEZ;S/D;S/D;VIII;S/D;S/D;Otra Señal;S/D;Intersección;S/D;S/D;S/D;S/D;De alcance,Múltiple;S/D;Colisión;S/D;S/D
3265;2021;1/5/2021;Sabado;12:48:00;;0.0;2;Moto/Ciclomotor,Pickup/Utilitario;Jujuy Y Santa Fe;3;2;0;1;0;0;S/D;VENADO TUERTO;General LÓPEZ;S/D;S/D;VIII;S/D;S/D;Otra Señal;S/D;Intersección;S/D;S/D;S/D;S/D;De alcance,Múltiple;S/D;Colisión;S/D;S/D
3266;2021;1/5/2021;Sabado;20:20:00;;0.0;1;Moto/Ciclomotor;Balcarce 2277;3;3;0;0;0;0;S/D;VENADO TUERTO;General LÓPEZ;S/D;S/D;VIII;S/D;S/D;Otra Señal;S/D;Intersección;S/D;S/D;S/D;S/D;De alcance,Múltiple;S/D;Colisión;S/D;S/D
3267;2021;1/5/2021;Sabado;;;0.0;2;Bicicleta,Pickup/Utilitario;Leandro N Alem Y Tucumán;2;1;0;1;0;0;S/D;RAFAELA;Castellanos;S/D;S/D;V;S/D;S/D;Otra Señal;S/D;Intersección;S/D;S/D;S/D;S/D;De alcance,Múltiple;Ciclista;Colisión;S/D;S/D
3268;2021;1/5/2021;Sabado;;;0.0;2;Moto/Ciclomotor,Pickup/Utilitario;Eloy Gaitan Y Hermana Fortunata;5;4;0;1;0;0;S/D;RAFAELA;Castellanos;S/D;S/D;V;S/D;S/D;Otra Señal;S/D;Intersección;S/D;S/D;S/D;S/D;De alcance,Múltiple;S/D;Colisión;S/D;S/D
3269;2021;1/5/2021;Sabado;;;0.0;2;Moto/Ciclomotor,Automóvil; ;2;1;0;1;0;0;S/D;SAN VICENTE.;Castellanos;S/D;S/D;V;S/D;S/D;Otra Señal;S/D;Intersección;S/D;S/D;S/D;S/D;De alcance,Múltiple;S/D;Colisión;S/D;S/D
3270;2021;1/5/2021;Sabado;19:50:00;;0.0;1;Moto/Ciclomotor;Calle 21 ;1;1;0;0;0;0;S/D;AVELLANEDA;General Obligado;S/D;S/D;IX;S/D;S/D;Otra Señal;S/D;Intersección;S/D;S/D;S/D;S/D;De alcance,Múltiple;S/D;Colisión;S/D;S/D
3271;2021;1/5/2021;Sabado;07:15:00;;0.0;2;Automóvil,Otros;Bv Cafferata Y Colautti;2;1;0;1;0;0;S/D;RICARDONE;San Lorenzo;Asfalto;No existe;XVII;Dentro;Urbana;Otra Señal;No existe;Intersección;Bueno;Buena;Diurna;Buen Tiempo;De alcance,Múltiple;S/D;Colisión;Ninguna;S/D
3272;2021;1/5/2021;Sabado;19:15:00;Ruta Nacional 33;0.0;2;Camión c / Acoplado,Automóvil; ;7;6;0;1;0;0;Ruta;VENADO TUERTO;General LÓPEZ;S/D;S/D;IX;S/D;S/D;Otra Señal;S/D;Intersección;S/D;S/D;S/D;S/D;De alcance,Múltiple;S/D;Colisión;S/D;S/D
3273;2021;1/5/2021;Sabado;;;0.0;2;Automóvil,Moto/Ciclomotor; ;2;1;0;0;0;1;S/D;ROSARIO;Constitución;S/D;S/D;II;S/D;S/D;Otra Señal;S/D;Intersección;S/D;S/D;S/D;S/D;Múltiple;S/D;Colisión;S/D;S/D
3274;2021;1/5/2021;Sabado;11:40:00;;0.0;1;Bicicleta;Santiago Y Pte. Quintana;1;1;0;0;0;0;Calle;ROSARIO;Constitución;Asfalto;No existe;II;Dentro;Urbana;Otra Señal;No existe;Intersección;Bueno;S/D;Diurna;S/D;Múltiple;S/D;Colisión;Ninguna;Faltante
3275;2021;1/5/2021;Sabado;18:00:00;;0.0;1;Moto/Ciclomotor;San Nicolas Y Santa Fe;1;1;0;0;0;0;Calle;ROSARIO;Constitución;Asfalto;No existe;II;Dentro;Urbana;Otra Señal;No existe;Intersección;Bueno;S/D;Diurna;S/D;Múltiple;S/D;Colisión;Ninguna;Vertical
3276;2021;1/5/2021;Sabado;07:00:00;Ruta Nacional A008;0.0;1;Moto/Ciclomotor; ;1;1;0;0;0;0;Ruta;ROSARIO;Constitución;Asfalto;S/D;II;S/D;Rural;Otra Señal;S/D;Intersección;S/D;S/D;Diurna;S/D;Múltiple;S/D;Colisión;S/D;S/D
3277;2021;1/5/2021;Sabado;22:00:00;;0.0;1;Moto/Ciclomotor;Entre Ríos Y Santa Fe;1;1;0;0;0;0;Calle;ROSARIO;Constitución;Asfalto;No existe;II;Dentro;Urbana;Otra Señal;Funciona;Intersección;Bueno;S/D;Nocturna;S/D;Múltiple;S/D;Colisión;Ninguna;Horizontal,Vertical
3278;2021;1/5/2021;Sabado;20:00:00;;0.0;2;Bicicleta,Otros;Bv. Avellaneda Y Ameghino;2;1;0;0;0;1;Avenida;ROSARIO;Constitución;S/D;S/D;II;S/D;Urbana;Otra Señal;S/D;Intersección;S/D;S/D;Nocturna;S/D;Múltiple;Ciclista;Colisión;S/D;S/D
3279;2021;1/5/2021;Sabado;14:50:00;;0.0;1;Moto/Ciclomotor;L de la Torre Y Rivadavia;2;0;0;1;0;0;Calle;VERA;Constitución;Asfalto;No existe;XIX;Dentro;Urbana;Otra Señal;No existe;Intersección;Bueno;Buena;Diurna;Buen Tiempo;Múltiple;S/D;Colisión;Ninguna;Vertical
3280;2021;1/5/2021;Sabado;;;0.0;2;Moto/Ciclomotor,Peatón;Perú 4100;3;0;0;2;0;0;S/D;PUERTO SAN MARTÍN;Constitución;S/D;S/D;XVII;S/D;S/D;Otra Señal;S/D;Intersección;S/D;S/D;S/D;S/D;Múltiple;Peatón;Colisión;S/D;S/D
3281;2021;1/5/2021;Sabado;23:30:00;;0.0;2;Moto/Ciclomotor,Automóvil;Quintana Y Juan Lavalle;2;0;0;0;0;1;S/D;VENADO TUERTO;Constitución;S/D;S/D;VIII;S/D;S/D;Otra Señal;S/D;Intersección;S/D;S/D;S/D;S/D;Múltiple;S/D;Colisión;S/D;S/D
3282;2021;1/5/2021;Sabado;;;0.0;2;Moto/Ciclomotor,Automóvil;Francisco Sáenz Diaz Y Dante Alighieri;2;0;0;1;0;0;S/D;RAFAELA;Constitución;S/D;S/D;V;S/D;S/D;Otra Señal;S/D;Intersección;S/D;S/D;S/D;S/D;Múltiple;S/D;Colisión;S/D;S/D
3283;2021;1/5/2021;Sabado;;;0.0;1;Automóvil;Av. A del Valle 1100;1;0;0;0;0;0;S/D;SANTA FE;Constitución;S/D;S/D;I;S/D;S/D;Otra Señal;S/D;Intersección;S/D;S/D;S/D;S/D;Múltiple;S/D;Colisión;S/D;S/D
3284;2021;1/5/2021;Sabado;16:50:00;;0.0;2;Moto/Ciclomotor,Pickup/Utilitario;Chacabuco Y Av. Belgrano;4;2;0;0;0;0;Calle;CAPITÁN BERMÚDEZ;San Lorenzo;S/D;S/D;XVII;S/D;Urbana;Otra Señal;S/D;Intersección;S/D;S/D;S/D;S/D;Múltiple;S/D;Colisión;S/D;S/D
3285;2021;2/5/2021;Domingo;12:20:00;;0.0;2;Peatón,Moto/Ciclomotor;El Jilguero Y Las Casuarinas;2;1;0;0;0;1;S/D;PEREZ;Rosario;Asfalto;No existe;II;S/D;S/D;Otra Señal;No existe;Intersección;Bueno;Buena;Diurna;Buen Tiempo;Múltiple;Peatón;Colisión;Ninguna;Faltante
3286;2021;2/5/2021;Domingo;20:30:00;;0.0;2;Peatón,Moto/Ciclomotor;Acevedo Bis Y Suipacha;2;1;0;0;0;1;S/D;ROSARIO;Rosario;Asfalto;No existe;II;S/D;S/D;Otra Señal;No existe;Intersección;Bueno;Reducida;Nocturna;Buen Tiempo;De alcance,Múltiple;Peatón;Colisión;Agua;Faltante
3287;2021;2/5/2021;Domingo;23:00:00;;0.0;2;Moto/Ciclomotor,Moto/Ciclomotor;Bv. Oroño Y 24 De Setiembre;2;2;0;0;0;0;Avenida;ROSARIO;Rosario;Asfalto;No existe;II;S/D;Urbana;Otra Señal;No existe;Intersección;Bueno;Reducida;Nocturna;Buen Tiempo;De alcance,Múltiple;S/D;Colisión;Ninguna;S/D
3288;2021;2/5/2021;Domingo;08:00:00;Ruta Nacional 11;0.0;2;Bicicleta,Pickup/Utilitario; ;3;1;0;2;0;0;Ruta;RECREO;La Capital;Tierra;Natural;I;Fuera;Urbana;Otra Señal;No existe;Recta;Con baches;Buena;Diurna;Buen Tiempo;De alcance,Múltiple;Ciclista;Colisión;Ninguna;Horizontal
3289;2021;2/5/2021;Domingo;;Ruta Provincial 1;0.0;2;Moto/Ciclomotor,Peatón; ;2;1;0;1;0;0;Ruta;SAN JOSÉ DEL RINCÓN;La Capital;Asfalto;No existe;I;Dentro;Urbana;Otra Señal;No existe;Recta;Bueno;Buena;Diurna;Buen Tiempo;De alcance,Múltiple;Peatón;Colisión;Ninguna;Faltante
3290;2021;2/5/2021;Domingo;18:25:00;;0.0;2;Automóvil,Moto/Ciclomotor;Lisandro de La Torre Y Avenida Nuestra Señora del Luj;2;1;0;1;0;0;Calle;SANTO TOMÉ;La Capital;Asfalto;Pavimento;I;S/D;Urbana;Otra Señal;Funciona;Intersección;Bueno;Buena;Atardecer;Buen Tiempo;De alcance,Múltiple;S/D;Colisión;Ninguna;S/D
3291;2021;2/5/2021;Domingo;12:20:00;;0.0;2;Moto/Ciclomotor,Moto/Ciclomotor;Av. Urquiza Y Leumann;2;1;0;1;0;0;Calle;SANTA FE;La Capital;Asfalto;S/D;I;S/D;Urbana;Otra Señal;S/D;Recta;Bueno;S/D;S/D;S/D;De alcance,Múltiple;S/D;Colisión;Ninguna;Faltante
3292;2021;2/5/2021;Domingo;22:45:00;;0.0;2;Moto/Ciclomotor,Automóvil;Av. J J Paso Y Francia;2;1;0;1;0;0;Avenida;SANTA FE;La Capital;Asfalto;No existe;I;Dentro;Urbana;Otra Señal;No existe;Intersección;Bueno;Reducida;Nocturna;Buen Tiempo;De alcance,Múltiple;S/D;Colisión;Ninguna;Faltante
3293;2021;2/5/2021;Domingo;18:50:00;Ruta Provincial 65;0.0;1;Automóvil;Uruguay ;2;1;0;1;0;0;Ruta;LAS ROSAS;Belgrano;Asfalto;Natural;III;Fuera;Urbana;Otra Señal;S/D;Cruce;Bueno;Buena;Nocturna,Con luz artificial;Buen Tiempo;De alcance,Múltiple;S/D;Colisión;Ninguna;S/D
3294;2021;2/5/2021;Domingo;19:10:00;;0.0;2;Moto/Ciclomotor,Moto/Ciclomotor;Güemes Y Sáenz PEÑA;3;3;0;0;0;0;S/D;CORONDA;San JERÓNIMO;S/D;S/D;XV;S/D;S/D;Otra Señal;S/D;Intersección;S/D;S/D;S/D;S/D;De alcance,Múltiple;S/D;Colisión;S/D;S/D
3295;2021;2/5/2021;Domingo;;;0.0;2;Bicicleta,Moto/Ciclomotor;Gral. San Martin ;2;1;0;0;0;1;S/D;VILLA MINETTI;9 de Julio;S/D;S/D;XII;S/D;S/D;Otra Señal;S/D;Intersección;S/D;S/D;S/D;S/D;De alcance,Múltiple;Ciclista;Colisión;S/D;S/D
3296;2021;2/5/2021;Domingo;09:50:00;;0.0;2;Automóvil,Moto/Ciclomotor;Calle 15-Patricio Diez Y Calle 22- 25 de Mayo;2;1;0;1;0;0;S/D;RECONQUISTA;General Obligado;S/D;S/D;IX;S/D;S/D;Otra Señal;S/D;Intersección;S/D;S/D;S/D;S/D;De alcance,Múltiple;S/D;Colisión;S/D;S/D
3297;2021;2/5/2021;Domingo;13:40:00;Ruta Provincial 38;45.0;1;Pickup/Utilitario; ;1;0;0;0;1;0;Ruta;CALCHAQUÍ;Vera;Tierra;Natural;XIX;Fuera;Rural;Otra Señal;No existe;Intersección;Bueno;Buena;Diurna;Buen Tiempo;De alcance,Múltiple;S/D;Colisión;Ninguna;Faltante
3298;2021;2/5/2021;Domingo;09:15:00;;0.0;2;Moto/Ciclomotor,Automóvil;Calle 22- 25 de Mayo Y Calle 15-Patricio Diez;2;1;0;1;0;0;S/D;RECONQUISTA;General Obligado;Asfalto;No existe;IX;S/D;S/D;Otra Señal;No existe;Intersección;Bueno;Buena;Diurna;Buen Tiempo;Múltiple;S/D;Colisión;Ninguna;Horizontal,Vertical
3299;2021;2/5/2021;Domingo;00:00:00;;0.0;1;Moto/Ciclomotor; ;1;1;0;0;0;0;S/D;ROSARIO;Constitución;S/D;S/D;II;S/D;S/D;Otra Señal;S/D;Intersección;S/D;S/D;Nocturna;S/D;Múltiple;S/D;Colisión;S/D;S/D
3300;2021;2/5/2021;Domingo;14:00:00;;0.0;2;Moto/Ciclomotor,Moto/Ciclomotor;Bielsa Y Perú Bis;2;2;0;0;0;0;Calle;ROSARIO;Constitución;Asfalto;No existe;II;Dentro;Urbana;Otra Señal;No existe;Intersección;Bueno;S/D;Diurna;S/D;Múltiple;S/D;Colisión;Ninguna;Faltante
3301;2021;2/5/2021;Domingo;10:00:00;;0.0;1;Moto/Ciclomotor;Pavón Y Reg.11 de Infantería;2;2;0;0;0;0;Calle;ROSARIO;Constitución;Asfalto;No existe;II;Dentro;Urbana;Otra Señal;No existe;Intersección;Bueno;S/D;Diurna;S/D;Múltiple;S/D;Colisión;Ninguna;Faltante
3302;2021;2/5/2021;Domingo;00:00:00;;0.0;1;Bicicleta;Pte. Quintana Y Bv. Oroño;1;1;0;0;0;0;Calle;ROSARIO;Constitución;Asfalto;No existe;II;Dentro;Urbana;Otra Señal;Funciona;Intersección;Bueno;S/D;Nocturna;S/D;Múltiple;S/D;Colisión;Ninguna;Horizontal,Vertical
3303;2021;2/5/2021;Domingo;00:00:00;Ruta Provincial 18;0.0;1;Moto/Ciclomotor;Av. Ovidio Lagos 7600;2;2;0;0;0;0;Ruta;ROSARIO;Constitución;Asfalto;No existe;II;Dentro;Urbana;Otra Señal;Funciona;Intersección;Bueno;S/D;Nocturna;S/D;Múltiple;S/D;Colisión;Ninguna;Vertical
3304;2021;2/5/2021;Domingo;00:00:00;Ruta Nacional A008;0.0;1;Automóvil;Baigorria Y Av. Circunvalación;1;1;0;0;0;0;Ruta;ROSARIO;Constitución;Asfalto;No existe;II;Dentro;Urbana;Otra Señal;No existe;Intersección;Bueno;S/D;Nocturna;S/D;Múltiple;S/D;Colisión;Ninguna;Faltante
3305;2021;2/5/2021;Domingo;01:30:00;;0.0;1;Bicicleta; ;1;1;0;0;0;0;S/D;PUEBLO ESTHER;Constitución;S/D;S/D;II;S/D;S/D;Otra Señal;S/D;Intersección;S/D;S/D;Nocturna;S/D;Múltiple;S/D;Colisión;S/D;S/D
3306;2021;2/5/2021;Domingo;00:00:00;;0.0;1;Bicicleta;Castellanos Y Dr. Rivas;1;1;0;0;0;0;Calle;ROSARIO;Constitución;Asfalto;No existe;II;Dentro;Urbana;Otra Señal;No existe;Intersección;Bueno;S/D;Nocturna;S/D;Múltiple;S/D;Colisión;Ninguna;Faltante
3307;2021;2/5/2021;Domingo;00:00:00;;0.0;2;Otros,Bicicleta; ;2;1;0;0;0;1;S/D;ROSARIO;Constitución;S/D;S/D;II;S/D;S/D;Otra Señal;S/D;Intersección;S/D;S/D;Nocturna;S/D;Múltiple;Ciclista;Colisión;S/D;S/D
3308;2021;2/5/2021;Domingo;23:00:00;;0.0;2;Moto/Ciclomotor,Moto/Ciclomotor;Mitre Y P Opicci;2;1;0;0;0;0;Calle;VILLA GOBERNADOR GÁLVEZ;Constitución;Asfalto;No existe;II;S/D;Urbana;Otra Señal;Funciona;Intersección;Con baches;Reducida;Nocturna,Con luz artificial;Otro;Múltiple;S/D;Colisión;S/D;Vertical
3309;2021;2/5/2021;Domingo;16:00:00;;0.0;2;Automóvil,Moto/Ciclomotor;Gorriti Y Solís;3;0;0;2;0;0;Calle;ROSARIO;Constitución;Asfalto;No existe;II;Dentro;Urbana;Otra Señal;No existe;Intersección;Bueno;Buena;Diurna;S/D;Múltiple;S/D;Colisión;S/D;Faltante
3310;2021;2/5/2021;Domingo;16:30:00;;0.0;2;Moto/Ciclomotor,Moto/Ciclomotor;Venezuela Y San Nicolas;3;1;0;1;0;0;Calle;ARMSTRONG;Constitución;Asfalto;No existe;III;Dentro;Urbana;Otra Señal;No existe;Intersección;Bueno;Buena;Diurna;Buen Tiempo;Múltiple;S/D;Colisión;Ninguna;Faltante
3311;2021;2/5/2021;Domingo;18:10:00;Autopista Provincial Brigadier E.LÓPEZ;0.0;1;Moto/Ciclomotor; ;1;0;0;0;0;0;Autopista;AROCENA;Constitución;S/D;S/D;XV;S/D;S/D;Otra Señal;S/D;Intersección;S/D;S/D;S/D;S/D;Múltiple;S/D;Colisión;S/D;S/D
3312;2021;2/5/2021;Domingo;20:35:00;Ruta Nacional 11;697.0;2;Pickup/Utilitario,Camión c / Semirremolque;Ruta Nac 11 ;3;0;0;1;1;0;Ruta;MARGARITA;Constitución;Asfalto;Natural;XIX;S/D;Rural;Otra Señal;No existe;Intersección;Bueno;S/D;Nocturna;S/D;Múltiple;S/D;Colisión;Ninguna;Faltante
3313;2021;2/5/2021;Domingo;17:50:00;Ruta Nacional 11;0.0;1;Moto/Ciclomotor; ;1;0;0;0;0;0;Ruta;LAS TOSCAS;Constitución;Asfalto;Natural;IX;S/D;Urbana;Otra Señal;No existe;Intersección;Otro;Buena;Diurna;Buen Tiempo;Múltiple;S/D;Colisión;Ninguna;Vertical
3314;2021;3/5/2021;Lunes;18:05:00;Ruta Provincial 1;36.0;2;Moto/Ciclomotor,Pickup/Utilitario; ;5;1;0;4;0;0;Ruta;SANTA ROSA DE CALCHINES;Garay;S/D;S/D;VII;Dentro;Rural;Otra Señal;S/D;S/D;S/D;S/D;S/D;S/D;Múltiple;S/D;Colisión;S/D;S/D
3315;2021;3/5/2021;Lunes;18:30:00;;0.0;2;Moto/Ciclomotor,Pickup/Utilitario;Domingo Faustino Sarmiento Y Estanislao Zeballos;2;1;0;1;0;0;Calle;ESPERANZA;Las Colonias;Asfalto;Pavimento;XI;Dentro;Urbana;Otra Señal;No existe;Intersección;Bueno;Buena;Diurna;Buen Tiempo;Múltiple;S/D;Colisión;Ninguna;S/D
3316;2021;3/5/2021;Lunes;14:00:00;;0.0;2;Moto/Ciclomotor,Transporte de Pasajeros (H/ 8 asientos);Unamuno ;2;1;0;1;0;0;Calle;VILLA GOBERNADOR GÁLVEZ;Rosario;Asfalto;No existe;II;Dentro;Urbana;Otra Señal;No existe;Intersección;Bueno;Buena;Diurna;Buen Tiempo;Múltiple;S/D;Colisión;Ninguna;Faltante
3317;2021;3/5/2021;Lunes;09:30:00;;0.0;2;Bicicleta,Automóvil;F.More Y F.M.Esquiu;2;1;0;1;0;0;Calle;ROSARIO;Rosario;Asfalto;No existe;II;Dentro;Urbana;Otra Señal;No existe;Intersección;Bueno;Buena;Diurna;S/D;Lateral;Ciclista;Colisión;S/D;Faltante
3318;2021;3/5/2021;Lunes;;;0.0;2;Moto/Ciclomotor,Camión Chasis;Av. Eva Perón ;3;1;0;1;0;1;Calle;ROSARIO;Rosario;Asfalto;No existe;II;Dentro;Urbana;Otra Señal;No existe;Recta;Bueno;Buena;Diurna;Buen Tiempo;S/D;S/D;Colisión;Ninguna;Faltante
3319;2021;3/5/2021;Lunes;09:30:00;;0.0;2;Moto/Ciclomotor,Pickup/Utilitario;Bv. Seguí Y Italia;2;1;0;1;0;0;Avenida;ROSARIO;Rosario;Asfalto;No existe;II;Dentro;Urbana;Otra Señal;No existe;Intersección;Bueno;Buena;Diurna;Buen Tiempo;De alcance,Múltiple;S/D;Colisión;Ninguna;Faltante
3320;2021;3/5/2021;Lunes;12:30:00;;0.0;2;Bicicleta,Automóvil;San Martin Y Gaboto;3;1;0;2;0;0;Avenida;ROSARIO;Rosario;Asfalto;No existe;II;S/D;Urbana;Otra Señal;No existe;Intersección;Bueno;Buena;Diurna;Buen Tiempo;De alcance,Múltiple;Ciclista;Colisión;Ninguna;Faltante
3321;2021;3/5/2021;Lunes;;;0.0;2;Moto/Ciclomotor,Otros;Molina Y Gallo;3;2;0;1;0;0;Calle;ROSARIO;Rosario;Asfalto;S/D;II;Dentro;Urbana;Otra Señal;No existe;Cruce;Deteriorada;S/D;S/D;S/D;De alcance,Múltiple;S/D;Colisión;S/D;Horizontal,Vertical
3322;2021;3/5/2021;Lunes;08:45:00;;0.0;2;Bicicleta,Automóvil;Buenos Aires Y 3 De Febrero;2;1;0;1;0;0;Calle;ROSARIO;Rosario;Asfalto;Pavimento;II;S/D;Urbana;Otra Señal;S/D;Intersección;Bueno;S/D;Diurna;S/D;De alcance,Múltiple;Ciclista;Colisión;S/D;S/D
3323;2021;3/5/2021;Lunes;19:00:00;;0.0;2;Automóvil,Moto/Ciclomotor;Juan de Garay Y Av. Gral. San Martin;2;1;0;1;0;0;Avenida;GOBERNADOR CRESPO;San Justo;Asfalto;Ripio;XVI;S/D;Urbana;Otra Señal;No existe;Intersección;Bueno;Buena;Con luz artificial;Buen Tiempo;De alcance,Múltiple;S/D;Colisión;Ninguna;Faltante