ID_Accidente;A�o;Fecha;Dia;Hopra;Ruta/Autop;km;Participantes;Tipo;Lugar;Total;Heridos Leves;Heridos Graves;Ilesos;Fallecidos;Sin datos;desc_tipo_via;desc_loc;desc_dpto;|;desc_tipo_banquina;desc_unidad_regional;desc_lugar_calzada;desc_zona;desc_prioridad;desc_estado_semaforo;desc_lugar_via;desc_estado_via;desc_estado_visibilidad;desc_luminosidad;desc_estado_clima;desc_tipo_colision;desc_tipo_atropello;desc_tipo_hecho;desc_pres_calzada;desc_senializacion
3324;2021;3/5/2021;Lunes;11:30:00;;0.0;2;Bicicleta,Pickup/Utilitario;R E De San Martin Y Gdor. Cabal;2;1;0;1;0;0;Calle;SAN JUSTO;San Justo;Hormigón;No existe;XVI;Dentro;Urbana;Otra Señal;No existe;Intersección;Bueno;Buena;Diurna;Buen Tiempo;De alcance,Múltiple;Ciclista;Colisión;Ninguna;Faltante
3325;2021;3/5/2021;Lunes;10:50:00;;0.0;1;Moto/Ciclomotor;Cno San Roque 2100;1;1;0;0;0;0;Calle;SAN JUSTO;San Justo;Hormigón;No existe;XVI;Dentro;Urbana;Otra Señal;No existe;Recta;Bueno;Buena;Diurna;Buen Tiempo;De alcance,Múltiple;S/D;Colisión;Ninguna;Faltante
3326;2021;3/5/2021;Lunes;03:00:00;;0.0;1;Moto/Ciclomotor;Av. A del Valle 9300;1;1;0;0;0;0;S/D;SANTA FE;La Capital;Asfalto;Pavimento;I;S/D;S/D;Otra Señal;No existe;Recta;Con baches;Reducida p/ objetos;Nocturna;Buen Tiempo;De alcance,Múltiple;S/D;Colisión;Material Suelto,Otro;Horizontal
3327;2021;3/5/2021;Lunes;21:00:00;;0.0;2;Pickup/Utilitario,Moto/Ciclomotor;Av. Freyre Y Primera Junta;2;1;0;1;0;0;Avenida;SANTA FE;La Capital;Asfalto;No existe;I;Dentro;Urbana;Otra Señal;No existe;Intersección;Bueno;Buena;Nocturna;Buen Tiempo;De alcance,Múltiple;S/D;Colisión;Ninguna;Vertical
3328;2021;3/5/2021;Lunes;08:45:00;;0.0;2;Automóvil,Bicicleta; ;2;1;0;1;0;0;Calle;SANTA FE;La Capital;Asfalto;No existe;I;Dentro;Urbana;Otra Señal;No existe;Recta;Bueno;Buena;Diurna;Buen Tiempo;De alcance,Múltiple;Ciclista;Colisión;Ninguna;Vertical
3329;2021;3/5/2021;Lunes;13:30:00;;0.0;2;Moto/Ciclomotor,Pickup/Utilitario;Calle 22 Y Calle 7;2;1;0;1;0;0;Calle;LAS PAREJAS;Belgrano;Ripio;No existe;III;Dentro;Urbana;Otra Señal;No existe;Intersección;Bueno;Buena;Diurna;Buen Tiempo;De alcance,Múltiple;S/D;Colisión;Ninguna;Faltante
3330;2021;3/5/2021;Lunes;;;0.0;2;Bicicleta,Automóvil; ;3;2;0;1;0;0;S/D;ESPERANZA;Las Colonias;S/D;S/D;XI;S/D;S/D;Otra Señal;S/D;Intersección;S/D;S/D;S/D;S/D;De alcance,Múltiple;Ciclista;Colisión;S/D;S/D
3331;2021;3/5/2021;Lunes;;;0.0;2;Moto/Ciclomotor,Automóvil; ;2;1;0;1;0;0;S/D;ESPERANZA;Las Colonias;S/D;S/D;XI;S/D;S/D;Otra Señal;S/D;Intersección;S/D;S/D;S/D;S/D;De alcance,Múltiple;S/D;Colisión;S/D;S/D
3332;2021;3/5/2021;Lunes;;Ruta Nacional A012;0.0;1;Moto/Ciclomotor; ;2;1;0;1;0;0;Ruta;SAN LORENZO;San Lorenzo;S/D;S/D;XVII;S/D;S/D;Otra Señal;S/D;Intersección;S/D;S/D;S/D;S/D;De alcance,Múltiple;S/D;Colisión;S/D;S/D
3333;2021;3/5/2021;Lunes;07:50:00;;0.0;2;Automóvil,Bicicleta;Mariano Moreno Y Iturraspe;2;1;0;1;0;0;S/D;VENADO TUERTO;General LÓPEZ;S/D;S/D;VIII;S/D;S/D;Otra Señal;S/D;Intersección;S/D;S/D;S/D;S/D;De alcance,Múltiple;Ciclista;Colisión;S/D;S/D
3334;2021;3/5/2021;Lunes;11:40:00;;0.0;1;Bicicleta;Leandro N Alem Y Brett S;1;1;0;0;0;0;S/D;VENADO TUERTO;General LÓPEZ;S/D;S/D;VIII;S/D;S/D;Otra Señal;S/D;Intersección;S/D;S/D;S/D;S/D;De alcance,Múltiple;Ciclista;Colisión;S/D;S/D
3335;2021;3/5/2021;Lunes;18:55:00;;0.0;2;Moto/Ciclomotor,Moto/Ciclomotor;Bartolomé Mitre Y Cornelio Saavedra;2;2;0;0;0;0;S/D;VENADO TUERTO;General LÓPEZ;S/D;S/D;VIII;S/D;S/D;Otra Señal;S/D;Intersección;S/D;S/D;S/D;S/D;De alcance,Múltiple;S/D;Colisión;S/D;S/D
3336;2021;3/5/2021;Lunes;16:00:00;;0.0;2;Automóvil,Moto/Ciclomotor;Calle 31-Newbery Y Calle 18 - Gral. Belgrano;3;2;0;1;0;0;S/D;RECONQUISTA;General Obligado;S/D;S/D;IX;S/D;S/D;Otra Señal;S/D;Intersección;S/D;S/D;S/D;S/D;De alcance,Múltiple;S/D;Colisión;S/D;S/D
3337;2021;3/5/2021;Lunes;10:00:00;Ruta Nacional 9;0.0;2;Automóvil,Camión;RUTA 91 ;3;2;0;1;0;0;Ruta;CAÑADA DE GÓMEZ;Iriondo;S/D;S/D;X;S/D;S/D;Otra Señal;S/D;Intersección;S/D;S/D;S/D;S/D;De alcance,Múltiple;S/D;Colisión;S/D;S/D
3338;2021;3/5/2021;Lunes;18:15:00;;0.0;2;Automóvil,Otros;Congreso Y Ing. White;2;1;0;1;0;0;Calle;SAN LORENZO;San Lorenzo;S/D;S/D;XVII;S/D;S/D;Otra Señal;S/D;Intersección;S/D;S/D;S/D;S/D;De alcance,Múltiple;S/D;Colisión;S/D;S/D
3339;2021;3/5/2021;Lunes;11:15:00;Ruta Secundaria 67-s;0.0;2;Automóvil,Automóvil; ;7;2;0;5;0;0;Ruta;SANTA CLARA DE SAGUIER;Castellanos;Tierra;Natural;V;Dentro;Rural;Otra Señal;No existe;Intersección;Bueno;Buena;Diurna;Buen Tiempo;Múltiple;S/D;Colisión;Ninguna;Faltante
3340;2021;3/5/2021;Lunes;10:03:00;;0.0;1;Bicicleta;Pascual Rosas Y Av. Pte. Perón;1;1;0;0;0;0;Calle;ROSARIO;Constitución;Asfalto;No existe;II;Dentro;Urbana;Otra Señal;No existe;Intersección;Bueno;S/D;Diurna;S/D;Múltiple;S/D;Colisión;Ninguna;Horizontal,Vertical
3341;2021;3/5/2021;Lunes;10:30:00;;0.0;2;Moto/Ciclomotor,Moto/Ciclomotor;Av. Wheelwright Y Dorrego;2;2;0;0;0;0;Avenida;ROSARIO;Constitución;S/D;S/D;II;S/D;Urbana;Otra Señal;S/D;Intersección;S/D;S/D;Diurna;S/D;Múltiple;S/D;Colisión;S/D;S/D
3342;2021;3/5/2021;Lunes;17:50:00;Ruta Nacional 11;0.0;1;Moto/Ciclomotor; ;1;0;0;0;0;0;Ruta;LAS TOSCAS;Constitución;S/D;S/D;IX;S/D;S/D;Otra Señal;S/D;Intersección;S/D;S/D;S/D;S/D;Múltiple;S/D;Colisión;S/D;S/D
3343;2021;3/5/2021;Lunes;19:55:00;;0.0;2;Moto/Ciclomotor,Taxi/Remis;M Diaz Vélez Y Eva Perón;2;0;0;1;0;0;Calle;SAN LORENZO;Constitución;Hormigón;S/D;XVII;S/D;Urbana;Otra Señal;No existe;Intersección;Bueno;S/D;Atardecer;S/D;Múltiple;S/D;Colisión;S/D;S/D
3344;2021;3/5/2021;Lunes;;Ruta Secundaria 67-s;0.0;2;Automóvil,Automóvil; ;4;0;0;1;0;0;Ruta;SANTA CLARA DE SAGUIER;Castellanos;S/D;S/D;V;S/D;S/D;S/D;S/D;Intersección;S/D;S/D;S/D;S/D;S/D;S/D;Colisión;S/D;S/D
3345;2021;4/5/2021;Martes;15:30:00;Ruta Nacional 34;0.0;2;Moto/Ciclomotor,Automóvil;AV DE LOS INCAS ;2;1;0;1;0;0;Ruta;IBARLUCEA;Rosario;Asfalto;Ripio;II;Dentro;Urbana;Otra Señal;No existe;Recta;Bueno;Buena;Diurna;Buen Tiempo;Múltiple;S/D;Colisión;Ninguna;Faltante
3346;2021;4/5/2021;Martes;07:50:00;Ruta Provincial 18;0.0;2;Pickup/Utilitario,Automóvil; ;4;3;0;1;0;0;Ruta;PIÑERO;Rosario;Asfalto;Ripio;II;S/D;Rural;Otra Señal;No existe;Recta;Bueno;Buena;Diurna;Buen Tiempo;Múltiple;S/D;Colisión;Ninguna;Faltante
3347;2021;4/5/2021;Martes;16:00:00;;0.0;2;Automóvil,Moto/Ciclomotor;Tucumán Y Donado;2;1;0;1;0;0;S/D;ROSARIO;Rosario;Asfalto;No existe;II;S/D;Urbana;Otra Señal;No existe;Intersección;Bueno;Buena;Diurna;Buen Tiempo;Lateral;S/D;Colisión;Ninguna;Faltante
3348;2021;4/5/2021;Martes;19:50:00;;0.0;2;Bicicleta,Automóvil;Av. Ovidio Lagos Y Republica de Argelia;2;2;0;0;0;0;Avenida;ROSARIO;Rosario;Asfalto;No existe;II;S/D;Urbana;Otra Señal;No existe;Intersección;Bueno;Reducida;Atardecer;Buen Tiempo;S/D;Ciclista;Colisión;Ninguna;S/D
3349;2021;4/5/2021;Martes;17:10:00;;0.0;2;Moto/Ciclomotor,Moto/Ciclomotor;Pje. Amazonas Y Castellanos;2;2;0;0;0;0;Calle;ROSARIO;Rosario;Asfalto;No existe;II;S/D;Urbana;Otra Señal;No existe;Intersección;Bueno;Buena;Diurna;Buen Tiempo;De alcance,Múltiple;S/D;Colisión;Ninguna;S/D
3350;2021;4/5/2021;Martes;00:15:00;;0.0;1;Moto/Ciclomotor;Garay Y Saavedra;1;1;0;0;0;0;Calle;VILLA TRINIDAD;San CRISTÓBAL;Ripio;No existe;XIII;Dentro;Urbana;Otra Señal;No existe;Intersección;Bueno;Reducida;Nocturna;Buen Tiempo;De alcance,Múltiple;S/D;Colisión;Ninguna;Faltante
3351;2021;4/5/2021;Martes;12:50:00;;0.0;2;Automóvil,Moto/Ciclomotor;Albert Sabin Y Casilda;3;2;0;1;0;0;Avenida;ROSARIO;Rosario;Asfalto;S/D;II;Dentro;Urbana;Otra Señal;S/D;Intersección;Bueno;S/D;S/D;Buen Tiempo;De alcance,Múltiple;S/D;Colisión;Ninguna;Horizontal
3352;2021;4/5/2021;Martes;19:30:00;;0.0;2;Automóvil,Bicicleta;Padilla Y Necochea;3;2;0;1;0;0;Calle;SANTA FE;La Capital;Asfalto;No existe;I;Dentro;Urbana;Otra Señal;No existe;Intersección;Bueno;Reducida;Atardecer;Buen Tiempo;De alcance,Múltiple;Ciclista;Colisión;Ninguna;S/D
3353;2021;4/5/2021;Martes;09:40:00;;0.0;2;Automóvil,Moto/Ciclomotor;Junín Y Francia;2;1;0;1;0;0;Calle;SANTA FE;La Capital;Asfalto;No existe;I;Dentro;Urbana;Otra Señal;No existe;Intersección;Bueno;Buena;Diurna;S/D;De alcance,Múltiple;S/D;Colisión;Ninguna;Horizontal
3354;2021;4/5/2021;Martes;20:35:00;;0.0;2;Automóvil,Moto/Ciclomotor;Lamadrid Y Primera Junta;2;1;0;1;0;0;Calle;SANTA FE;La Capital;Asfalto;No existe;I;Dentro;Urbana;Otra Señal;No existe;Intersección;Bueno;Buena;Nocturna;Buen Tiempo;De alcance,Múltiple;S/D;Colisión;Agua;S/D
3355;2021;4/5/2021;Martes;11:50:00;;0.0;2;Automóvil,Moto/Ciclomotor;Belgrano 3000;2;1;0;1;0;0;Calle;SANTA FE;La Capital;Asfalto;Pavimento;I;Dentro;Urbana;Otra Señal;No existe;Recta;Bueno;Buena;Diurna;Buen Tiempo;De alcance,Múltiple;S/D;Colisión;Ninguna;Vertical
3356;2021;4/5/2021;Martes;06:50:00;;0.0;2;Bicicleta,Automóvil;25 de Mayo Y Moreno;2;1;0;1;0;0;Calle;SANTA FE;La Capital;S/D;S/D;I;S/D;Urbana;Otra Señal;S/D;S/D;S/D;S/D;S/D;S/D;De alcance,Múltiple;Ciclista;Colisión;S/D;S/D
3357;2021;4/5/2021;Martes;17:40:00;Ruta Provincial 13;0.0;1;Moto/Ciclomotor; ;2;2;0;0;0;0;Ruta;LAS ROSAS;Belgrano;Asfalto;Natural;III;Fuera;Rural;Otra Señal;No existe;Recta;Bueno;Buena;Diurna;S/D;De alcance,Múltiple;S/D;Colisión;Ninguna;Faltante
3358;2021;4/5/2021;Martes;18:55:00;;0.0;2;Bicicleta,Automóvil; ;2;1;0;1;0;0;S/D;CASILDA;Caseros;S/D;S/D;IV;S/D;S/D;Otra Señal;S/D;Intersección;S/D;S/D;S/D;S/D;De alcance,Múltiple;Ciclista;Colisión;S/D;S/D
3359;2021;4/5/2021;Martes;09:30:00;;0.0;2;Moto/Ciclomotor,Automóvil;Capitán Bermúdez Y Dorrego;2;1;0;1;0;0;S/D;GÁLVEZ;San JERÓNIMO;S/D;S/D;XV;S/D;S/D;Otra Señal;S/D;Intersección;S/D;S/D;S/D;S/D;De alcance,Múltiple;S/D;Colisión;S/D;S/D
3360;2021;4/5/2021;Martes;;;0.0;2;Automóvil,Moto/Ciclomotor;Av. Doctor E Salva Y Nicanor Álvarez;2;1;0;1;0;0;S/D;RAFAELA;Castellanos;S/D;S/D;V;S/D;S/D;Otra Señal;S/D;Intersección;S/D;S/D;S/D;S/D;De alcance,Múltiple;S/D;Colisión;S/D;S/D
3361;2021;4/5/2021;Martes;21:30:00;;0.0;2;Bicicleta,Moto/Ciclomotor;Cayetano Silva Y Dorrego;2;1;0;1;0;0;Calle;SAN LORENZO;San Lorenzo;Hormigón;S/D;XVII;S/D;Urbana;Otra Señal;S/D;Intersección;Bueno;S/D;S/D;S/D;De alcance,Múltiple;Ciclista;Colisión;S/D;S/D
3362;2021;4/5/2021;Martes;11:30:00;;0.0;2;Automóvil,Moto/Ciclomotor;Calle 22- 25 de Mayo Y Calle 17-Bartolome Mitre;2;1;0;1;0;0;S/D;RECONQUISTA;General Obligado;Asfalto;No existe;IX;S/D;S/D;Otra Señal;No existe;Intersección;Bueno;Buena;Diurna;Buen Tiempo;Múltiple;S/D;Colisión;Ninguna;Horizontal,Vertical
3363;2021;4/5/2021;Martes;03:30:00;Autopista Provincial Brigadier E.LÓPEZ;65.0;4;Camión c / Acoplado,Camión c / Acoplado,Automóvil,Automóvil; ;9;7;0;2;0;0;Autopista;MONJE;Constitución;Asfalto;Pavimento;I;Dentro;Urbana;Otra Señal;No existe;Intersección;Bueno;S/D;Nocturna;S/D;Múltiple;S/D;Colisión;S/D;Horizontal
3364;2021;4/5/2021;Martes;15:30:00;;0.0;2;Otros,Bicicleta;24 De Setiembre Y Alsina;3;2;0;0;0;1;Calle;ROSARIO;Constitución;S/D;S/D;II;S/D;Urbana;Otra Señal;S/D;Intersección;S/D;S/D;Diurna;S/D;Múltiple;Ciclista;Colisión;S/D;S/D
3365;2021;4/5/2021;Martes;22:30:00;;0.0;1;Moto/Ciclomotor;Pje. Ghandi Y P.L.Funes Bis;1;1;0;0;0;0;Calle;ROSARIO;Constitución;S/D;S/D;II;S/D;Urbana;Otra Señal;S/D;Intersección;S/D;S/D;Nocturna;S/D;Múltiple;S/D;Colisión;S/D;S/D
3366;2021;4/5/2021;Martes;17:00:00;;0.0;2;Moto/Ciclomotor,Taxi/Remis;Córdoba ;3;0;0;2;0;0;S/D;ROSARIO;Constitución;Asfalto;S/D;II;S/D;S/D;Otra Señal;S/D;Intersección;S/D;S/D;S/D;S/D;Múltiple;S/D;Colisión;S/D;S/D
3367;2021;4/5/2021;Martes;13:30:00;Ruta Nacional 11;0.0;1;Pickup/Utilitario; ;1;0;0;0;0;0;Ruta;LANTERI;Constitución;S/D;S/D;IX;S/D;S/D;Otra Señal;S/D;Intersección;S/D;S/D;S/D;S/D;Múltiple;S/D;Colisión;S/D;S/D
3368;2021;4/5/2021;Martes;12:50:00;Ruta Nacional 34;2.7;2;Automóvil,Automóvil;Ruta Nac 34 ;5;0;0;2;1;0;Ruta;ROSARIO;Rosario;Asfalto;Pavimento;II;S/D;Urbana;Otra Señal;No existe;Intersección;Bueno;Buena;Diurna;Buen Tiempo;Múltiple;S/D;Colisión;S/D;Faltante
3369;2021;5/5/2021;Miercoles;14:40:00;Ruta Nacional 9;0.0;2;Pickup/Utilitario,Automóvil; ;2;1;0;1;0;0;Ruta;FUNES;Rosario;Asfalto;Ripio;II;Dentro;Urbana;Otra Señal;Funciona;Recta;Bueno;Buena;Diurna;Buen Tiempo;Múltiple;S/D;Colisión;Ninguna;Vertical
3370;2021;5/5/2021;Miercoles;19:00:00;;0.0;2;Automóvil,Moto/Ciclomotor;Soldado Aguirre Y Marcos Paz;3;2;0;1;0;0;Avenida;VILLA GOBERNADOR GÁLVEZ;Rosario;Asfalto;No existe;II;S/D;Urbana;Otra Señal;No existe;Intersección;Con baches;Buena;S/D;Buen Tiempo;Múltiple;S/D;Colisión;Ninguna;Faltante
3371;2021;5/5/2021;Miercoles;15:25:00;;0.0;2;Moto/Ciclomotor,Automóvil;Bv. Seguí Y Callao;2;2;0;0;0;0;Calle;ROSARIO;Rosario;Asfalto;No existe;II;S/D;Urbana;Otra Señal;No existe;Recta;S/D;Buena;Diurna;Buen Tiempo;Lateral;S/D;Colisión;Ninguna;Faltante
3372;2021;5/5/2021;Miercoles;14:40:00;;0.0;2;Moto/Ciclomotor,Automóvil;Laprida Y Reg.11 de Infantería;2;1;0;1;0;0;Calle;ROSARIO;Rosario;Asfalto;No existe;II;Dentro;Urbana;Otra Señal;No existe;Recta;Bueno;Buena;Diurna;Buen Tiempo;De alcance,Múltiple;S/D;Colisión;Ninguna;Faltante
3373;2021;5/5/2021;Miercoles;19:20:00;;0.0;2;Moto/Ciclomotor,Automóvil;Pte. Roca Y San Juan;2;1;0;1;0;0;Calle;ROSARIO;Rosario;Asfalto;S/D;II;S/D;Urbana;Otra Señal;S/D;Recta;S/D;S/D;Con luz artificial;S/D;De alcance,Múltiple;S/D;Colisión;S/D;S/D
3374;2021;5/5/2021;Miercoles;20:00:00;;0.0;2;Moto/Ciclomotor,Taxi/Remis;Rueda Y Paraguay;2;1;0;1;0;0;Calle;ROSARIO;Rosario;Asfalto;No existe;II;Dentro;Urbana;Otra Señal;No existe;Intersección;Resbaladiza;Reducida;Nocturna;S/D;De alcance,Múltiple;S/D;Colisión;Fluidos;Vertical
3375;2021;5/5/2021;Miercoles;18:30:00;;0.0;2;Automóvil,Moto/Ciclomotor;Reg. 12 de Infantería Y Lamadrid;2;2;0;0;0;0;Calle;SANTA FE;La Capital;Asfalto;No existe;I;Dentro;Urbana;Otra Señal;Funciona;Intersección;Bueno;Buena;Diurna;Buen Tiempo;De alcance,Múltiple;S/D;Colisión;Ninguna;S/D
3376;2021;5/5/2021;Miercoles;19:30:00;;0.0;2;Pickup/Utilitario,Moto/Ciclomotor;Las Heras Y Derqui;3;2;0;1;0;0;Calle;SANTA FE;La Capital;Asfalto;No existe;I;Dentro;Urbana;Otra Señal;No existe;Intersección;Bueno;Reducida;Atardecer;Buen Tiempo;De alcance,Múltiple;S/D;Colisión;Ninguna;S/D
3377;2021;5/5/2021;Miercoles;20:00:00;;0.0;2;Moto/Ciclomotor,Pickup/Utilitario;Avda. Jorge Newbery Y Mills Enrique;2;1;0;1;0;0;S/D;GÁLVEZ;San JERÓNIMO;S/D;S/D;XV;S/D;S/D;Otra Señal;S/D;Intersección;S/D;S/D;S/D;S/D;De alcance,Múltiple;S/D;Colisión;S/D;S/D
3378;2021;5/5/2021;Miercoles;00:25:00;;0.0;2;Otros,Otros;Cnel. Rodríguez Y Garay;2;1;0;1;0;0;S/D;CORONDA;San JERÓNIMO;S/D;S/D;XV;S/D;S/D;Otra Señal;S/D;Intersección;S/D;S/D;S/D;S/D;De alcance,Múltiple;S/D;Colisión;S/D;S/D
3379;2021;5/5/2021;Miercoles;20:15:00;;0.0;1;Moto/Ciclomotor;Garay 2138;2;1;0;1;0;0;S/D;CORONDA;San JERÓNIMO;S/D;S/D;XV;S/D;S/D;Otra Señal;S/D;Intersección;S/D;S/D;S/D;S/D;De alcance,Múltiple;S/D;Colisión;S/D;S/D
3380;2021;5/5/2021;Miercoles;18:00:00;;0.0;2;Automóvil,Moto/Ciclomotor;Bvard 20 de Junio Y 1ro de Mayo;3;0;0;2;0;1;S/D;GÁLVEZ;San JERÓNIMO;S/D;S/D;XV;S/D;S/D;Otra Señal;S/D;Intersección;S/D;S/D;S/D;S/D;De alcance,Múltiple;S/D;Colisión;S/D;S/D
3381;2021;5/5/2021;Miercoles;;Ruta Nacional 19;0.0;1;Camión;RUTA 34 ;1;1;0;0;0;0;Ruta;RAFAELA;Castellanos;S/D;S/D;V;S/D;S/D;Otra Señal;S/D;Intersección;S/D;S/D;S/D;S/D;De alcance,Múltiple;S/D;Colisión;S/D;S/D
3382;2021;5/5/2021;Miercoles;19:40:00;;0.0;2;Moto/Ciclomotor,Automóvil;Av. San Lorenzo Y Rosario;3;1;0;1;0;1;S/D;CAPITÁN BERMÚDEZ;San Lorenzo;Asfalto;S/D;XVII;S/D;S/D;Otra Señal;S/D;Intersección;S/D;S/D;S/D;S/D;De alcance,Múltiple;S/D;Colisión;S/D;S/D
3383;2021;5/5/2021;Miercoles;20:30:00;;0.0;2;Transporte de Pasajeros Urbano (> 8 asientos),Bicicleta;Av. Alberdi Bis Y J.J.Paso;2;0;0;1;1;0;Calle;ROSARIO;Rosario;Asfalto;No existe;II;Dentro;Urbana;Otra Señal;Funciona;Intersección;Bueno;Buena;Diurna;Buen Tiempo;De alcance,Múltiple;Ciclista;Colisión;Ninguna;Horizontal,Vertical
3384;2021;5/5/2021;Miercoles;06:40:00;;0.0;2;Bicicleta,Automóvil;Bv. Oroño Y Lamadrid;2;0;0;1;1;0;Avenida;ROSARIO;Rosario;Asfalto;Pavimento;II;S/D;Urbana;Otra Señal;Funciona;Intersección;Bueno;Buena;Amanecer;Buen Tiempo;De alcance,Múltiple;Ciclista;Colisión;Ninguna;Vertical
3385;2021;5/5/2021;Miercoles;12:00:00;;0.0;2;Automóvil,Moto/Ciclomotor;Av. Pte. Perón Y Av. Circunvalación;2;1;0;0;0;1;Avenida;ROSARIO;Constitución;S/D;S/D;II;S/D;Urbana;Otra Señal;S/D;Intersección;S/D;S/D;Diurna;S/D;Múltiple;S/D;Colisión;S/D;S/D
3386;2021;5/5/2021;Miercoles;19:00:00;Ruta Provincial 14;0.0;2;Pickup/Utilitario,Bicicleta; ;2;0;0;1;0;0;Ruta;ÁLVAREZ;Constitución;Tierra;Natural;II;S/D;S/D;Otra Señal;No existe;Intersección;Deteriorada;Reducida p/ objetos;Atardecer;Buen Tiempo;Múltiple;Ciclista;Colisión;Ninguna;Faltante
3387;2021;5/5/2021;Miercoles;11:00:00;;0.0;2;Bicicleta,Moto/Ciclomotor;General Manuel Belgrano Y Laprida;2;0;0;1;0;0;S/D;ESPERANZA;Constitución;S/D;S/D;XI;S/D;S/D;Otra Señal;S/D;Intersección;S/D;S/D;S/D;S/D;Múltiple;Ciclista;Colisión;S/D;S/D
3388;2021;6/5/2021;Jueves;12:30:00;;0.0;2;Pickup/Utilitario,Moto/Ciclomotor;1 de Mayo Y Mariano Vera;2;1;0;1;0;0;Calle;SAN JERÓNIMO NORTE;Las Colonias;Hormigón;No existe;XI;Dentro;Urbana;Otra Señal;S/D;Intersección;Bueno;Buena;Diurna;Buen Tiempo;Múltiple;S/D;Colisión;Ninguna;Horizontal
3389;2021;6/5/2021;Jueves;19:05:00;;0.0;3;Bicicleta,Bicicleta,Automóvil;Almirante Brown Y Laprida;3;2;0;1;0;0;Calle;ESPERANZA;Las Colonias;Asfalto;S/D;XI;S/D;Urbana;Otra Señal;S/D;Intersección;Bueno;Buena;Con luz artificial;Buen Tiempo;Múltiple;Ciclista;Colisión;Ninguna;S/D
3390;2021;6/5/2021;Jueves;16:00:00;;0.0;2;Automóvil,Bicicleta;Italia Y 25 de Mayo;2;1;0;1;0;0;Calle;ESPERANZA;Las Colonias;Asfalto;Pavimento;XI;Dentro;Urbana;Otra Señal;No existe;Intersección;Bueno;Buena;Diurna;Buen Tiempo;Múltiple;Ciclista;Colisión;Ninguna;S/D
3391;2021;6/5/2021;Jueves;10:30:00;;0.0;2;Pickup/Utilitario,Bicicleta;Tucumán Y Buenos Aires;2;1;0;1;0;0;S/D;FUNES;Rosario;S/D;S/D;II;S/D;S/D;Otra Señal;S/D;S/D;S/D;S/D;S/D;S/D;Múltiple;Ciclista;Colisión;S/D;S/D
3392;2021;6/5/2021;Jueves;06:40:00;Ruta Provincial 14;0.0;2;Pickup/Utilitario,Bicicleta;Santa Fe ;2;1;0;1;0;0;Ruta;PEREZ;Rosario;Asfalto;Ripio;II;Dentro;Rural;Otra Señal;No existe;Recta;Bueno;Buena;Diurna;Buen Tiempo;Múltiple;Ciclista;Colisión;Ninguna;S/D
3393;2021;6/5/2021;Jueves;;;0.0;2;Moto/Ciclomotor,Pickup/Utilitario;Juárez Celman Y Libertad;2;1;0;1;0;0;Avenida;ARROYO SECO;Rosario;Asfalto;Pavimento;II;Dentro;Urbana;Otra Señal;No existe;Intersección;Ahuellamiento;Buena;Nocturna,Con luz artificial;Buen Tiempo;Múltiple;S/D;Colisión;Ninguna;Faltante
3394;2021;6/5/2021;Jueves;11:00:00;;0.0;2;Automóvil,Moto/Ciclomotor;Av. Eva Perón Y Álvarez Condarco;3;2;0;1;0;0;S/D;ROSARIO;Rosario;Asfalto;No existe;II;Dentro;Urbana;Otra Señal;No existe;Recta;Bueno;Buena;Diurna;Buen Tiempo;Otro;S/D;Colisión;Ninguna;Faltante
3395;2021;6/5/2021;Jueves;19:35:00;;0.0;2;Bicicleta,Automóvil;Bv. Seguí Y Pje. Espinillo;2;1;0;1;0;0;Calle;ROSARIO;Rosario;Asfalto;No existe;II;Dentro;Urbana;Otra Señal;No existe;Otro;Otro;Buena;Diurna;Buen Tiempo;S/D;Ciclista;Colisión;Ninguna;Faltante
3396;2021;6/5/2021;Jueves;23:30:00;;0.0;2;Bicicleta,Automóvil;Amenábar Y Alvear;2;1;0;0;0;1;Calle;ROSARIO;Rosario;Asfalto;Pavimento;II;Dentro;Urbana;Otra Señal;No existe;Intersección;Bueno;Buena;Nocturna;Buen Tiempo;S/D;Ciclista;Colisión;Ninguna;Faltante
3397;2021;6/5/2021;Jueves;11:30:00;;0.0;2;Moto/Ciclomotor,Automóvil;Sarmiento Y Pte. Quintana;3;1;0;2;0;0;Calle;ROSARIO;Rosario;Asfalto;No existe;II;Dentro;Urbana;Otra Señal;No existe;Intersección;Bueno;Buena;Diurna;Buen Tiempo;De alcance,Múltiple;S/D;Colisión;Ninguna;Faltante
3398;2021;6/5/2021;Jueves;12:15:00;;0.0;2;Moto/Ciclomotor,Automóvil;Reg.11 de Infantería Y Pavón;2;1;0;1;0;0;Calle;ROSARIO;Rosario;Asfalto;No existe;II;S/D;Urbana;Otra Señal;No existe;Recta;Bueno;Buena;Diurna;Buen Tiempo;De alcance,Múltiple;S/D;Colisión;Ninguna;Faltante
3399;2021;6/5/2021;Jueves;19:00:00;;0.0;3;Vehículo Oficial,Automóvil,Automóvil;Italia Y Gaboto;3;1;0;2;0;0;Calle;ROSARIO;Rosario;Asfalto;No existe;II;Dentro;Urbana;Otra Señal;No existe;Intersección;Bueno;Buena;Atardecer;Buen Tiempo;De alcance,Múltiple;S/D;Colisión;Ninguna;S/D
3400;2021;6/5/2021;Jueves;06:35:00;;0.0;2;Taxi/Remis,Moto/Ciclomotor;Casilda Y Iguazú;2;1;0;1;0;0;Calle;ROSARIO;Rosario;Asfalto;No existe;II;Dentro;Urbana;Otra Señal;S/D;Intersección;Bueno;Buena;Amanecer;Buen Tiempo;De alcance,Múltiple;S/D;Colisión;Ninguna;S/D
3401;2021;6/5/2021;Jueves;13:50:00;;0.0;2;Peatón,Moto/Ciclomotor;Santa Fe Y Entre Ríos;2;1;0;1;0;0;Calle;ROSARIO;Rosario;Asfalto;S/D;II;S/D;Urbana;Otra Señal;Funciona;Intersección;S/D;S/D;Diurna;S/D;De alcance,Múltiple;Peatón;Colisión;S/D;Vertical
3402;2021;6/5/2021;Jueves;19:00:00;;0.0;2;Moto/Ciclomotor,Pickup/Utilitario;Calle 60 ;2;1;0;1;0;0;Calle;ARROYO LEYES;La Capital;Arena;No existe;I;Dentro;Urbana;Otra Señal;No existe;Otro;Otro;Buena;Atardecer;Buen Tiempo;De alcance,Múltiple;S/D;Colisión;Ninguna;Faltante