ID_Accidente;A�o;Fecha;Dia;Hopra;Ruta/Autop;km;Participantes;Tipo;Lugar;Total;Heridos Leves;Heridos Graves;Ilesos;Fallecidos;Sin datos;desc_tipo_via;desc_loc;desc_dpto;|;desc_tipo_banquina;desc_unidad_regional;desc_lugar_calzada;desc_zona;desc_prioridad;desc_estado_semaforo;desc_lugar_via;desc_estado_via;desc_estado_visibilidad;desc_luminosidad;desc_estado_clima;desc_tipo_colision;desc_tipo_atropello;desc_tipo_hecho;desc_pres_calzada;desc_senializacion
3403;2021;6/5/2021;Jueves;10:00:00;;0.0;2;Moto/Ciclomotor,Automóvil;Simón de Iriondo Y Santiago Del Estero;2;1;0;1;0;0;Calle;SANTO TOMÉ;La Capital;Asfalto;Pavimento;I;Dentro;Urbana;Otra Señal;Funciona;Intersección;Bueno;Buena;Diurna;Buen Tiempo;De alcance,Múltiple;S/D;Colisión;Ninguna;Vertical
3404;2021;6/5/2021;Jueves;13:00:00;;0.0;2;Moto/Ciclomotor,Automóvil;Juan de Garay ;3;1;0;2;0;0;S/D;RECREO;La Capital;S/D;Ripio;I;S/D;Urbana;Otra Señal;No existe;S/D;S/D;Buena;Con luz artificial;Buen Tiempo;De alcance,Múltiple;S/D;Colisión;S/D;S/D
3405;2021;6/5/2021;Jueves;16:00:00;;0.0;2;Automóvil,Moto/Ciclomotor;Avellaneda Y J Castelli;2;1;0;1;0;0;Calle;SANTA FE;La Capital;Asfalto;No existe;I;Dentro;Urbana;Otra Señal;No existe;Intersección;Bueno;Buena;Diurna;Buen Tiempo;De alcance,Múltiple;S/D;Colisión;Ninguna;S/D
3406;2021;6/5/2021;Jueves;;;0.0;2;Automóvil,Pickup/Utilitario;Av. Freyre Y Junín;4;2;0;2;0;0;Avenida;SANTA FE;La Capital;Asfalto;No existe;I;Dentro;Urbana;Otra Señal;S/D;Intersección;Bueno;Buena;Diurna;Buen Tiempo;De alcance,Múltiple;S/D;Colisión;Ninguna;Vertical
3407;2021;6/5/2021;Jueves;18:00:00;;0.0;1;Moto/Ciclomotor;Presbítero José Houriet Y San Martin;2;2;0;0;0;0;Calle;VERA;Vera;Asfalto;No existe;XIX;Dentro;Urbana;Otra Señal;No existe;Intersección;Bueno;Buena;Diurna;Buen Tiempo;De alcance,Múltiple;S/D;Colisión;Ninguna;Vertical
3408;2021;6/5/2021;Jueves;10:00:00;;0.0;2;Automóvil,Bicicleta;Dr. Ricardo Fischer Y Bv 14 de Diciembre;2;1;0;1;0;0;Calle;ARMSTRONG;Belgrano;Asfalto;No existe;III;Dentro;Urbana;Otra Señal;No existe;Intersección;Bueno;Buena;Diurna;Buen Tiempo;De alcance,Múltiple;Ciclista;Colisión;Ninguna;Faltante
3409;2021;6/5/2021;Jueves;17:15:00;;0.0;2;Moto/Ciclomotor,Pickup/Utilitario;General Bartolomé Mitre Y Doctor Estanislao Zeballos Sev;3;2;0;1;0;0;S/D;CASILDA;Caseros;S/D;S/D;IV;S/D;S/D;Otra Señal;S/D;Intersección;S/D;S/D;S/D;S/D;De alcance,Múltiple;S/D;Colisión;S/D;S/D
3410;2021;6/5/2021;Jueves;16:30:00;;0.0;2;Automóvil,Moto/Ciclomotor;Sarmiento Y Capitán Bermúdez;4;3;0;1;0;0;S/D;GÁLVEZ;San JERÓNIMO;S/D;S/D;XV;S/D;S/D;Otra Señal;S/D;Intersección;S/D;S/D;S/D;S/D;De alcance,Múltiple;S/D;Colisión;S/D;S/D
3411;2021;6/5/2021;Jueves;10:45:00;Ruta Nacional 8;0.0;2;Automóvil,Moto/Ciclomotor;Martin de Pueyrredón ;3;2;0;1;0;0;Ruta;VENADO TUERTO;General LÓPEZ;S/D;S/D;VIII;S/D;S/D;Otra Señal;S/D;Intersección;S/D;S/D;S/D;S/D;De alcance,Múltiple;S/D;Colisión;S/D;S/D
3412;2021;6/5/2021;Jueves;13:00:00;;0.0;2;Automóvil,Moto/Ciclomotor;Lisandro de la Torre Y Iturraspe;2;1;0;1;0;0;S/D;VENADO TUERTO;General LÓPEZ;S/D;S/D;VIII;S/D;S/D;Otra Señal;S/D;Intersección;S/D;S/D;S/D;S/D;De alcance,Múltiple;S/D;Colisión;S/D;S/D
3413;2021;6/5/2021;Jueves;;;0.0;2;Peatón,Moto/Ciclomotor; ;2;1;0;0;0;1;S/D;FUNES;Rosario;S/D;S/D;II;S/D;S/D;Otra Señal;S/D;Intersección;S/D;S/D;S/D;S/D;De alcance,Múltiple;Peatón;Colisión;S/D;S/D
3414;2021;6/5/2021;Jueves;;Ruta Provincial 10;0.0;2;Camión c / Acoplado,Camión c / Acoplado;RUTA 19 ;2;2;0;0;0;0;Ruta;SANTA CLARA DE BUENA VISTA;Las Colonias;S/D;S/D;XI;S/D;S/D;Otra Señal;S/D;Intersección;S/D;S/D;S/D;S/D;De alcance,Múltiple;S/D;Colisión;S/D;S/D
3415;2021;6/5/2021;Jueves;07:20:00;;0.0;2;Bicicleta,Otros;Ángel Marino Gervaso ;2;1;0;0;0;1;S/D;CAPITÁN BERMÚDEZ;San Lorenzo;S/D;S/D;XVII;S/D;S/D;Otra Señal;S/D;Intersección;S/D;S/D;S/D;S/D;De alcance,Múltiple;Ciclista;Colisión;S/D;S/D
3416;2021;6/5/2021;Jueves;15:25:00;;0.0;2;Bicicleta,Automóvil;Entre Ríos Y 13 de Marzo;2;1;0;1;0;0;S/D;CAPITÁN BERMÚDEZ;San Lorenzo;S/D;S/D;XVII;S/D;S/D;Otra Señal;S/D;Intersección;S/D;S/D;S/D;S/D;De alcance,Múltiple;Ciclista;Colisión;S/D;S/D
3417;2021;6/5/2021;Jueves;19:45:00;;0.0;2;Moto/Ciclomotor,Pickup/Utilitario; ;6;0;0;4;2;0;Camino Rural;TEODELINA;General LÓPEZ;Tierra;S/D;VIII;S/D;Rural;Otra Señal;S/D;Intersección;S/D;S/D;Nocturna;S/D;De alcance,Múltiple;S/D;Colisión;S/D;S/D
3418;2021;6/5/2021;Jueves;01:00:00;;0.0;2;Otros,Bicicleta;Bv. 27 De Febrero Y Av. Provincias Unidas;2;1;0;0;0;1;Avenida;ROSARIO;Constitución;S/D;S/D;II;S/D;Urbana;Otra Señal;S/D;Intersección;S/D;S/D;Nocturna;S/D;Múltiple;Ciclista;Colisión;S/D;S/D
3419;2021;6/5/2021;Jueves;17:30:00;;0.0;1;Moto/Ciclomotor;Av. Francia Y Av. Pellegrini;1;1;0;0;0;0;Avenida;ROSARIO;Constitución;S/D;S/D;II;S/D;Urbana;Otra Señal;S/D;Intersección;S/D;S/D;Diurna;S/D;Múltiple;S/D;Colisión;S/D;S/D
3420;2021;6/5/2021;Jueves;16:00:00;Ruta Nacional 33;0.0;2;Automóvil,Moto/Ciclomotor;Av. San Martin Y Leandro Alem;3;0;0;2;0;0;Ruta;PEREZ;Constitución;Asfalto;Pavimento;II;Dentro;Urbana;Otra Señal;Funciona;Intersección;Bueno;Buena;Diurna;Buen Tiempo;Múltiple;S/D;Colisión;Ninguna;Vertical
3421;2021;7/5/2021;Viernes;18:45:00;Ruta Provincial 21;0.0;2;Automóvil,Moto/Ciclomotor;Oroño ;2;1;0;0;0;1;Ruta;PUEBLO ESTHER;Rosario;Asfalto;Ripio;II;S/D;S/D;Otra Señal;No existe;Intersección;Bueno;Buena;Con luz artificial;Otro;Múltiple;S/D;Colisión;Ninguna;Faltante
3422;2021;7/5/2021;Viernes;15:35:00;;0.0;2;Automóvil,Moto/Ciclomotor;17 de Octubre 858;2;1;0;1;0;0;Calle;VILLA GOBERNADOR GÁLVEZ;Rosario;Asfalto;No existe;II;S/D;Urbana;Otra Señal;S/D;Recta;Bueno;Buena;Diurna;Buen Tiempo;S/D;S/D;Colisión;Ninguna;S/D
3423;2021;7/5/2021;Viernes;15:30:00;;0.0;2;Camión Chasis,Moto/Ciclomotor;García del Cossio Bis Y La Republica;2;1;0;1;0;0;Calle;ROSARIO;Rosario;S/D;No existe;II;Dentro;Urbana;Otra Señal;No existe;Intersección;Bueno;Buena;Diurna;Buen Tiempo;Lateral;S/D;Colisión;Ninguna;Faltante
3424;2021;7/5/2021;Viernes;09:25:00;;0.0;2;Bicicleta,Automóvil;Italia Y Av. Arijon;2;2;0;0;0;0;Calle;ROSARIO;Rosario;Asfalto;No existe;II;S/D;Urbana;Otra Señal;Funciona;Intersección;Bueno;Buena;Diurna;Buen Tiempo;S/D;Ciclista;Colisión;Ninguna;Faltante
3425;2021;7/5/2021;Viernes;18:50:00;;0.0;2;Moto/Ciclomotor,Automóvil;San Martin Y Av. Battle y Ordoñez;3;2;0;1;0;0;S/D;ROSARIO;Rosario;Asfalto;No existe;II;S/D;S/D;Otra Señal;No existe;Rotonda;Bueno;Buena;Atardecer;Buen Tiempo;De alcance,Múltiple;S/D;Colisión;Ninguna;Faltante
3426;2021;7/5/2021;Viernes;20:30:00;;0.0;2;Automóvil,Moto/Ciclomotor;Grandoli Y Nicolas Laguna;2;1;0;1;0;0;Calle;ROSARIO;Rosario;Asfalto;S/D;II;S/D;Urbana;Otra Señal;S/D;Intersección;S/D;S/D;S/D;S/D;De alcance,Múltiple;S/D;Colisión;S/D;S/D
3427;2021;7/5/2021;Viernes;17:50:00;;0.0;2;Automóvil,Automóvil;Vélez Sarsfield Y Florida;3;2;0;1;0;0;Calle;ROSARIO;Rosario;Asfalto;S/D;II;Dentro;Urbana;Otra Señal;No existe;Intersección;Bueno;Buena;Atardecer;Buen Tiempo;De alcance,Múltiple;S/D;Colisión;Ninguna;S/D
3428;2021;7/5/2021;Viernes;19:07:00;;0.0;2;Moto/Ciclomotor,Moto/Ciclomotor;Carlos Silvestre Begnis Y Islas Malvinas;2;1;0;1;0;0;Calle;TOSTADO;9 de Julio;Asfalto;No existe;XII;Dentro;Urbana;Otra Señal;Funciona;Intersección;Bueno;Buena;Atardecer;Buen Tiempo;De alcance,Múltiple;S/D;Colisión;Ninguna;Vertical
3429;2021;7/5/2021;Viernes;12:50:00;;0.0;2;Moto/Ciclomotor,Pickup/Utilitario;Sarmiento Y Virasoro;2;1;0;1;0;0;Calle;ROSARIO;Rosario;Asfalto;No existe;II;Dentro;Urbana;Otra Señal;No existe;Curva;Bueno;Buena;Diurna;Buen Tiempo;De alcance,Múltiple;S/D;Colisión;Ninguna;Vertical
3430;2021;7/5/2021;Viernes;15:30:00;;0.0;2;Moto/Ciclomotor,Pickup/Utilitario;Mariano Candioti ;2;1;0;1;0;0;Calle;SANTO TOMÉ;La Capital;Asfalto;S/D;I;Dentro;Urbana;Otra Señal;No existe;Intersección;Bueno;Buena;Diurna;Buen Tiempo;De alcance,Múltiple;S/D;Colisión;Ninguna;Faltante
3431;2021;7/5/2021;Viernes;13:45:00;;0.0;2;Pickup/Utilitario,Moto/Ciclomotor;Av. López y Planes Y Cándido Pujato;2;1;0;1;0;0;Avenida;SANTA FE;La Capital;Asfalto;No existe;I;Dentro;Urbana;Otra Señal;No existe;Intersección;Bueno;Buena;Diurna;Buen Tiempo;De alcance,Múltiple;S/D;Colisión;Ninguna;Vertical
3432;2021;7/5/2021;Viernes;15:30:00;;0.0;2;Bicicleta,Automóvil;Iturraspe Y Av. Circunvalación;2;0;0;0;0;2;S/D;SANTA FE;La Capital;Asfalto;No existe;I;S/D;Urbana;Otra Señal;Funciona;Intersección;Bueno;Buena;Diurna;Buen Tiempo;De alcance,Múltiple;Ciclista;Colisión;Ninguna;S/D
3433;2021;7/5/2021;Viernes;19:15:00;;0.0;2;Moto/Ciclomotor,Automóvil;Juan de Garay Y San José;2;1;0;1;0;0;Calle;SANTA FE;La Capital;Asfalto;No existe;I;Dentro;Urbana;Otra Señal;No existe;Intersección;Con baches;Reducida;Atardecer;Buen Tiempo;De alcance,Múltiple;S/D;Colisión;Ninguna;Faltante
3434;2021;7/5/2021;Viernes;16:00:00;;0.0;2;Automóvil,Peatón;1ro de Mayo Y Lisandro de la Torre;2;1;0;1;0;0;S/D;SANTA FE;La Capital;Asfalto;No existe;I;S/D;Urbana;Otra Señal;No existe;Intersección;Bueno;Buena;Diurna;Buen Tiempo;De alcance,Múltiple;Peatón;Colisión;Ninguna;Faltante
3435;2021;7/5/2021;Viernes;17:40:00;;0.0;2;Automóvil,Moto/Ciclomotor;E Aleman Y Saavedra;2;1;0;1;0;0;Calle;VERA;Vera;Tierra;No existe;XIX;Dentro;Urbana;Otra Señal;No existe;Intersección;Con baches;Buena;Diurna;Buen Tiempo;De alcance,Múltiple;S/D;Colisión;Otro;Faltante
3436;2021;7/5/2021;Viernes;;;0.0;2;Moto/Ciclomotor,Automóvil; ;2;1;0;1;0;0;S/D;ESPERANZA;Las Colonias;S/D;S/D;XI;S/D;S/D;Otra Señal;S/D;Intersección;S/D;S/D;S/D;S/D;De alcance,Múltiple;S/D;Colisión;S/D;S/D
3437;2021;7/5/2021;Viernes;06:40:00;Ruta Provincial 14;0.0;2;Pickup/Utilitario,Bicicleta;Santa Fe ;2;1;0;1;0;0;Ruta;PEREZ;Rosario;S/D;S/D;II;S/D;S/D;Otra Señal;S/D;Intersección;S/D;S/D;S/D;S/D;De alcance,Múltiple;Ciclista;Colisión;S/D;S/D
3438;2021;7/5/2021;Viernes;07:20:00;Autopista Provincial Brigadier E.LÓPEZ;0.0;2;Moto/Ciclomotor,Bicicleta;Ángel Marino Gervaso ;2;1;0;1;0;0;Autopista;CAPITÁN BERMÚDEZ;San Lorenzo;S/D;S/D;XVII;S/D;S/D;Otra Señal;S/D;Intersección;S/D;S/D;S/D;S/D;De alcance,Múltiple;Ciclista;Colisión;S/D;S/D
3439;2021;7/5/2021;Viernes;20:05:00;;0.0;2;Moto/Ciclomotor,Camión;Capitán Bermúdez Y M Ghandy;2;1;0;1;0;0;S/D;GÁLVEZ;San JERÓNIMO;S/D;S/D;XV;S/D;S/D;Otra Señal;S/D;Intersección;S/D;S/D;S/D;S/D;De alcance,Múltiple;S/D;Colisión;S/D;S/D
3440;2021;7/5/2021;Viernes;13:55:00;;0.0;2;Moto/Ciclomotor,Otros;Calle 19-Habegger ;2;1;0;0;0;1;S/D;RECONQUISTA;General Obligado;S/D;S/D;IX;S/D;S/D;Otra Señal;S/D;Intersección;S/D;S/D;S/D;S/D;De alcance,Múltiple;S/D;Colisión;S/D;S/D
3441;2021;7/5/2021;Viernes;18:20:00;;0.0;2;Moto/Ciclomotor,Moto/Ciclomotor;Roca Pte. Y Calle 53-Chubut;2;2;0;0;0;0;S/D;RECONQUISTA;General Obligado;S/D;S/D;IX;S/D;S/D;Otra Señal;S/D;Intersección;S/D;S/D;S/D;S/D;De alcance,Múltiple;S/D;Colisión;S/D;S/D
3442;2021;7/5/2021;Viernes;13:55:00;;0.0;2;Moto/Ciclomotor,Pickup/Utilitario;Calle 19-Habegger ;2;1;0;0;0;1;Calle;RECONQUISTA;General Obligado;Asfalto;Pavimento;IX;Fuera;Urbana;Otra Señal;Funciona;Intersección;Bueno;Buena;Diurna;Buen Tiempo;Múltiple;S/D;Colisión;Ninguna;Horizontal,Vertical
3443;2021;7/5/2021;Viernes;07:30:00;;0.0;1;Moto/Ciclomotor;Lavalle Y Biedma;1;1;0;0;0;0;Calle;ROSARIO;Constitución;S/D;S/D;II;S/D;Urbana;Otra Señal;S/D;Intersección;S/D;S/D;Diurna;S/D;Múltiple;S/D;Colisión;S/D;S/D
3444;2021;7/5/2021;Viernes;19:00:00;;0.0;2;Automóvil,Bicicleta;Roullon Y Riobamba;2;1;0;0;0;1;Calle;ROSARIO;Constitución;S/D;S/D;II;S/D;Urbana;Otra Señal;S/D;Intersección;S/D;S/D;Atardecer;S/D;Múltiple;Ciclista;Colisión;S/D;S/D
3445;2021;7/5/2021;Viernes;19:00:00;;0.0;2;Automóvil,Bicicleta;Roullon Y Riobamba;2;1;0;0;0;1;Calle;ROSARIO;Constitución;S/D;S/D;II;S/D;S/D;Otra Señal;S/D;Intersección;S/D;S/D;Atardecer;S/D;Múltiple;Ciclista;Colisión;S/D;S/D
3446;2021;7/5/2021;Viernes;14:30:00;;0.0;2;Moto/Ciclomotor,Automóvil;Catriel Y Maipú;2;0;0;1;0;0;Calle;GRANADERO BAIGORRIA;Constitución;Asfalto;No existe;II;S/D;Urbana;Otra Señal;No existe;Intersección;Bueno;Buena;Diurna;Buen Tiempo;Múltiple;S/D;Colisión;Ninguna;Faltante
3447;2021;7/5/2021;Viernes;06:00:00;;0.0;2;Moto/Ciclomotor,Automóvil;Ayacucho Y Rafael Arrieta;2;0;0;1;0;0;Calle;ROSARIO;Constitución;Asfalto;No existe;II;Dentro;Urbana;Otra Señal;No existe;Intersección;Bueno;Buena;Amanecer;Buen Tiempo;Múltiple;S/D;Colisión;Ninguna;Faltante
3448;2021;7/5/2021;Viernes;00:15:00;;0.0;2;Vehículo Oficial,Pickup/Utilitario;Entre Ríos Y Av. Pellegrini;2;0;0;1;0;0;S/D;ROSARIO;Constitución;S/D;S/D;II;S/D;S/D;Otra Señal;S/D;Intersección;S/D;S/D;S/D;S/D;Múltiple;S/D;Colisión;S/D;S/D
3449;2021;8/5/2021;Sabado;09:15:00;;0.0;1;Moto/Ciclomotor;Humberto I Y F.More;1;1;0;0;0;0;Calle;ROSARIO;Rosario;Asfalto;No existe;II;S/D;Urbana;Otra Señal;No existe;Intersección;Con baches;Buena;Diurna;S/D;De alcance,Múltiple;S/D;Colisión;S/D;Faltante
3450;2021;8/5/2021;Sabado;10:00:00;;0.0;2;Automóvil,Moto/Ciclomotor;Bvard España ;2;1;0;1;0;0;Avenida;CERES;San CRISTÓBAL;Asfalto;No existe;XIII;Dentro;Urbana;Otra Señal;No existe;Recta;Bueno;Buena;Diurna;S/D;De alcance,Múltiple;S/D;Colisión;Ninguna;Faltante
3451;2021;8/5/2021;Sabado;16:45:00;;0.0;2;Moto/Ciclomotor,Automóvil;1ro de Mayo Y Alfonsina Storni;2;1;0;1;0;0;Calle;SANTA FE;La Capital;Asfalto;S/D;I;S/D;Urbana;Otra Señal;S/D;Intersección;Bueno;S/D;S/D;Buen Tiempo;De alcance,Múltiple;S/D;Colisión;Ninguna;Faltante
3452;2021;8/5/2021;Sabado;14:40:00;;0.0;2;Moto/Ciclomotor,Pickup/Utilitario;Av. Gral. López Y Saavedra;4;3;0;1;0;0;Calle;SANTA FE;La Capital;Asfalto;No existe;I;Dentro;Urbana;Otra Señal;No existe;Intersección;Bueno;Buena;Diurna;Buen Tiempo;De alcance,Múltiple;S/D;Colisión;Ninguna;Faltante
3453;2021;8/5/2021;Sabado;15:45:00;;0.0;2;Moto/Ciclomotor,Automóvil;Bv. 27 De Febrero Y San Martin;2;1;0;1;0;0;Avenida;ROSARIO;Rosario;Asfalto;No existe;II;Dentro;Urbana;Otra Señal;Funciona;Intersección;Bueno;Buena;Diurna;Buen Tiempo;De alcance,Múltiple;S/D;Colisión;Ninguna;Vertical
3454;2021;8/5/2021;Sabado;14:25:00;;0.0;1;Moto/Ciclomotor; ;2;2;0;0;0;0;Calle;CALCHAQUÍ;Vera;Asfalto;No existe;XIX;Dentro;Urbana;Otra Señal;No existe;Intersección;Bueno;Buena;Diurna;Buen Tiempo;De alcance,Múltiple;S/D;Colisión;Ninguna;Faltante
3455;2021;8/5/2021;Sabado;13:50:00;;0.0;2;Moto/Ciclomotor,Pickup/Utilitario;Mitre ;3;2;0;1;0;0;Calle;CALCHAQUÍ;Vera;Asfalto;No existe;XIX;Dentro;Urbana;Otra Señal;No existe;Intersección;Bueno;Buena;Diurna;Buen Tiempo;De alcance,Múltiple;S/D;Colisión;Ninguna;Faltante
3456;2021;8/5/2021;Sabado;23:00:00;Ruta Nacional A012;0.0;2;Automóvil,Moto/Ciclomotor;Fayo ;4;2;0;2;0;0;Ruta;RICARDONE;San Lorenzo;Ripio;Ripio;XVII;S/D;Urbana;Otra Señal;Intermitente;Intersección;Bueno;Buena;Nocturna,Con luz artificial;Buen Tiempo;De alcance,Múltiple;Ciclista;Colisión;S/D;S/D
3457;2021;8/5/2021;Sabado;07:10:00;;0.0;2;Moto/Ciclomotor,Camión c / Acoplado;Gral. Mosconi Y Sarmiento;2;1;0;1;0;0;Calle;SAN LORENZO;San Lorenzo;Hormigón;S/D;XVII;S/D;Urbana;Otra Señal;S/D;Intersección;S/D;S/D;Diurna;S/D;De alcance,Múltiple;S/D;Colisión;Fluidos;S/D
3458;2021;8/5/2021;Sabado;15:00:00;;0.0;2;Moto/Ciclomotor,Moto/Ciclomotor;9 De Julio Y Suipacha;2;1;0;1;0;0;S/D;ROSARIO;Rosario;S/D;S/D;II;S/D;S/D;Otra Señal;S/D;Intersección;S/D;S/D;S/D;S/D;De alcance,Múltiple;S/D;Colisión;S/D;S/D
3459;2021;8/5/2021;Sabado;16:45:00;;0.0;1;Moto/Ciclomotor;Bv San Martin Y Urquiza;1;0;0;0;1;0;Calle;ROLDÁN;San Lorenzo;Asfalto;No existe;XVII;S/D;Urbana;Otra Señal;No existe;Intersección;Bueno;Buena;Diurna;Buen Tiempo;De alcance,Múltiple;S/D;Colisión;Ninguna;Faltante
3460;2021;8/5/2021;Sabado;;;0.0;2;Moto/Ciclomotor,Automóvil;Teniente Loza Y Fray de Aroca;2;1;0;1;0;0;S/D;SANTA FE;La Capital;S/D;S/D;I;S/D;S/D;Otra Señal;S/D;Intersección;S/D;S/D;S/D;S/D;De alcance,Múltiple;S/D;Colisión;S/D;S/D
3461;2021;8/5/2021;Sabado;13:50:00;;0.0;1;Automóvil; ;1;1;0;0;0;0;S/D;BARRANCAS;San JERÓNIMO;S/D;S/D;XV;S/D;S/D;Otra Señal;S/D;Intersección;S/D;S/D;S/D;S/D;De alcance,Múltiple;S/D;Colisión;S/D;S/D
3462;2021;8/5/2021;Sabado;17:00:00;Autopista Nacional A008;0.0;1;Moto/Ciclomotor;Av. Circunvalación Y Av. Jorge Newbery;2;1;0;1;0;0;Autopista;ROSARIO;Rosario;S/D;S/D;II;S/D;S/D;Otra Señal;S/D;Intersección;S/D;S/D;S/D;S/D;De alcance,Múltiple;S/D;Colisión;S/D;S/D
3463;2021;8/5/2021;Sabado;16:10:00;;0.0;2;Moto/Ciclomotor,Pickup/Utilitario;Dr. Héctor López Y José de San Martin;4;3;0;1;0;0;S/D;CORONDA;San JERÓNIMO;S/D;S/D;XV;S/D;S/D;Otra Señal;S/D;Intersección;S/D;S/D;S/D;S/D;De alcance,Múltiple;S/D;Colisión;S/D;S/D
3464;2021;8/5/2021;Sabado;;;0.0;2;Moto/Ciclomotor,Peatón;Bvard Pasteur 345;2;1;0;1;0;0;S/D;GÁLVEZ;San JERÓNIMO;S/D;S/D;XV;S/D;S/D;Otra Señal;S/D;Intersección;S/D;S/D;S/D;S/D;De alcance,Múltiple;Peatón;Colisión;S/D;S/D
3465;2021;8/5/2021;Sabado;;Autopista Provincial Brigadier E.LÓPEZ;0.0;2;Automóvil,Pickup/Utilitario; ;2;1;0;1;0;0;Autopista;ROSARIO;Rosario;S/D;S/D;II;S/D;S/D;Otra Señal;S/D;Intersección;S/D;S/D;S/D;S/D;De alcance,Múltiple;S/D;Colisión;S/D;S/D
3466;2021;8/5/2021;Sabado;19:35:00;;0.0;2;Moto/Ciclomotor,Automóvil; ;3;2;0;1;0;0;S/D;SAN EDUARDO;General LÓPEZ;S/D;S/D;VIII;S/D;S/D;Otra Señal;S/D;Intersección;S/D;S/D;S/D;S/D;De alcance,Múltiple;S/D;Colisión;S/D;S/D
3467;2021;8/5/2021;Sabado;20:45:00;;0.0;1;Moto/Ciclomotor;Rosa María Alarcón de Larriera Y Av. Dr. Luis Chapuis;2;2;0;0;0;0;S/D;VENADO TUERTO;General LÓPEZ;S/D;S/D;VIII;S/D;S/D;Otra Señal;S/D;Intersección;S/D;S/D;S/D;S/D;De alcance,Múltiple;S/D;Colisión;S/D;S/D
3468;2021;8/5/2021;Sabado;08:00:00;;0.0;1;Automóvil;DEMETRIO GÓMEZ ;1;1;0;0;0;0;S/D;ALTO VERDE;La Capital;S/D;S/D;I;S/D;S/D;Otra Señal;S/D;Intersección;S/D;S/D;S/D;S/D;De alcance,Múltiple;S/D;Colisión;S/D;S/D
3469;2021;8/5/2021;Sabado;;;0.0;2;Moto/Ciclomotor,Automóvil;Intendente Giménez Y A Aguado;2;1;0;1;0;0;S/D;RAFAELA;Castellanos;S/D;S/D;V;S/D;S/D;Otra Señal;S/D;Intersección;S/D;S/D;S/D;S/D;De alcance,Múltiple;S/D;Colisión;S/D;S/D
3470;2021;8/5/2021;Sabado;;;0.0;2;Moto/Ciclomotor,Automóvil;Santiago Shine Y Gobernador Crespo;2;1;0;1;0;0;S/D;RAFAELA;Castellanos;S/D;S/D;V;S/D;S/D;Otra Señal;S/D;Intersección;S/D;S/D;S/D;S/D;De alcance,Múltiple;S/D;Colisión;S/D;S/D
3471;2021;8/5/2021;Sabado;;;0.0;2;Moto/Ciclomotor,Automóvil;Av. Aristóbulo del Valle Y Sargento Cabral;2;1;0;1;0;0;S/D;RAFAELA;Castellanos;S/D;S/D;V;S/D;S/D;Otra Señal;S/D;Intersección;S/D;S/D;S/D;S/D;De alcance,Múltiple;S/D;Colisión;S/D;S/D
3472;2021;8/5/2021;Sabado;;;0.0;2;Moto/Ciclomotor,Pickup/Utilitario;Av. Brasil Y Francia;3;2;0;1;0;0;S/D;RAFAELA;Castellanos;S/D;S/D;V;S/D;S/D;Otra Señal;S/D;Intersección;S/D;S/D;S/D;S/D;De alcance,Múltiple;S/D;Colisión;S/D;S/D
3473;2021;8/5/2021;Sabado;;;0.0;2;Automóvil,Moto/Ciclomotor;Martin Feirro Y Pedroni;3;2;0;1;0;0;S/D;LEHMANN;Castellanos;S/D;S/D;V;S/D;S/D;Otra Señal;S/D;Intersección;S/D;S/D;S/D;S/D;De alcance,Múltiple;S/D;Colisión;S/D;S/D
3474;2021;8/5/2021;Sabado;11:55:00;;0.0;1;Moto/Ciclomotor; ;2;2;0;0;0;0;S/D;LEHMANN;Castellanos;S/D;S/D;V;S/D;S/D;Otra Señal;S/D;Intersección;S/D;S/D;S/D;S/D;De alcance,Múltiple;S/D;Colisión;S/D;S/D
3475;2021;8/5/2021;Sabado;18:15:00;;0.0;2;Automóvil,Moto/Ciclomotor;Martin Feirro Y Pedroni;3;2;0;1;0;0;Calle;LEHMANN;Castellanos;Ripio;No existe;V;Dentro;Urbana;Otra Señal;No existe;Intersección;Bueno;Buena;Diurna;Buen Tiempo;Múltiple;S/D;Colisión;Ninguna;Faltante
3476;2021;8/5/2021;Sabado;18:15:00;;0.0;2;Automóvil,Moto/Ciclomotor;Martin Feirro Y Pedroni;3;1;0;2;0;0;Calle;LEHMANN;Castellanos;Asfalto;Natural;V;Dentro;Urbana;Otra Señal;No existe;Intersección;Bueno;Buena;Diurna;Buen Tiempo;Múltiple;S/D;Colisión;Ninguna;Faltante
3477;2021;8/5/2021;Sabado;22:30:00;;0.0;1;Moto/Ciclomotor;Bv San Martin Y Bv 25 de Mayo;1;1;0;0;0;0;Calle;ARTEAGA;Constitución;Asfalto;Pavimento;IV;Fuera;Urbana;Otra Señal;No existe;Intersección;Bueno;Buena;Nocturna;Buen Tiempo;Múltiple;S/D;Colisión;Ninguna;Faltante
3478;2021;8/5/2021;Sabado;19:00:00;;0.0;2;Moto/Ciclomotor,Moto/Ciclomotor;Bv. Avellaneda Y Amenábar;2;2;0;0;0;0;Avenida;ROSARIO;Constitución;S/D;S/D;II;S/D;Urbana;Otra Señal;S/D;Intersección;S/D;S/D;Nocturna;S/D;Múltiple;S/D;Colisión;S/D;S/D
3479;2021;8/5/2021;Sabado;12:00:00;;0.0;1;Moto/Ciclomotor;Av. Francia Y Pte. Quintana;1;1;0;0;0;0;Avenida;ROSARIO;Constitución;S/D;S/D;II;S/D;Urbana;Otra Señal;S/D;Intersección;S/D;S/D;Diurna;S/D;Múltiple;S/D;Colisión;S/D;S/D
3480;2021;8/5/2021;Sabado;20:15:00;;0.0;2;Otros,Peatón;Pasco Y Av. Provincias Unidas;2;1;0;0;0;1;Avenida;ROSARIO;Constitución;S/D;S/D;II;S/D;Urbana;Otra Señal;S/D;Intersección;S/D;S/D;Nocturna;S/D;Múltiple;Peatón;Colisión;S/D;S/D
3481;2021;8/5/2021;Sabado;17:30:00;;0.0;1;Moto/Ciclomotor;Av. Circunvalación Y Av. Sorrento;1;1;0;0;0;0;Avenida;ROSARIO;Constitución;S/D;S/D;II;S/D;Urbana;Otra Señal;S/D;Intersección;S/D;S/D;Diurna;S/D;Múltiple;S/D;Colisión;S/D;S/D