ID_Accidente;A�o;Fecha;Dia;Hopra;Ruta/Autop;km;Participantes;Tipo;Lugar;Total;Heridos Leves;Heridos Graves;Ilesos;Fallecidos;Sin datos;desc_tipo_via;desc_loc;desc_dpto;|;desc_tipo_banquina;desc_unidad_regional;desc_lugar_calzada;desc_zona;desc_prioridad;desc_estado_semaforo;desc_lugar_via;desc_estado_via;desc_estado_visibilidad;desc_luminosidad;desc_estado_clima;desc_tipo_colision;desc_tipo_atropello;desc_tipo_hecho;desc_pres_calzada;desc_senializacion
3482;2021;8/5/2021;Sabado;10:00:00;;0.0;1;Moto/Ciclomotor; ;1;1;0;0;0;0;S/D;VILLA GOBERNADOR GÁLVEZ;Constitución;S/D;S/D;II;S/D;S/D;Otra Señal;S/D;Intersección;S/D;S/D;Diurna;S/D;Múltiple;S/D;Colisión;S/D;S/D
3483;2021;8/5/2021;Sabado;16:30:00;;0.0;2;Otros,Peatón;Bv. Rondeau 4200;2;1;0;0;0;1;Avenida;ROSARIO;Constitución;S/D;S/D;II;S/D;Urbana;Otra Señal;S/D;Intersección;S/D;S/D;Diurna;S/D;Múltiple;Peatón;Colisión;S/D;S/D
3484;2021;8/5/2021;Sabado;19:00:00;;0.0;2;Moto/Ciclomotor,Automóvil;J.J.Paso Y Fraga;2;0;0;1;0;0;Calle;ROSARIO;Constitución;Asfalto;No existe;II;Dentro;Urbana;Otra Señal;No existe;Intersección;Bueno;Buena;Atardecer;S/D;Múltiple;S/D;Colisión;S/D;Faltante
3485;2021;8/5/2021;Sabado;12:30:00;;0.0;2;Moto/Ciclomotor,Automóvil;Fraga Y J.J.Paso;2;0;0;1;0;0;Avenida;ROSARIO;Constitución;Asfalto;No existe;II;Dentro;Urbana;Otra Señal;No existe;Intersección;Bueno;Buena;Diurna;S/D;Múltiple;S/D;Colisión;S/D;Faltante
3486;2021;8/5/2021;Sabado;05:55:00;;0.0;1;Moto/Ciclomotor;Bv Pellegrini Y Naciones Unidas;1;0;0;0;0;0;Avenida;SANTA FE;Constitución;Hormigón;No existe;I;Dentro;Urbana;Otra Señal;No existe;Intersección;Con baches;Reducida;Nocturna;Buen Tiempo;Múltiple;S/D;Colisión;S/D;Faltante
3487;2021;8/5/2021;Sabado;18:15:00;;0.0;2;Automóvil,Moto/Ciclomotor;Calle 104 Y Calle 123;3;1;0;1;0;0;Calle;LAS TOSCAS;Constitución;Ripio;Natural;IX;S/D;Urbana;Otra Señal;No existe;Intersección;Bueno;Buena;Diurna;Buen Tiempo;Múltiple;S/D;Colisión;Ninguna;Faltante
3488;2021;8/5/2021;Sabado;18:15:00;;0.0;2;Moto/Ciclomotor,Automóvil;Calle 123 Y Calle 104;3;0;0;1;0;0;S/D;LAS TOSCAS;General Obligado;S/D;S/D;IX;S/D;S/D;Otra Señal;S/D;Intersección;S/D;S/D;S/D;S/D;Múltiple;S/D;Colisión;S/D;S/D
3489;2021;9/5/2021;Domingo;13:10:00;;0.0;2;Automóvil,Moto/Ciclomotor;San Martin Y 33 Cristo Rey;3;2;0;1;0;0;Avenida;SOLDINI;Rosario;Asfalto;Natural;II;Dentro;Urbana;Otra Señal;No existe;Intersección;Bueno;Buena;Diurna;Buen Tiempo;De alcance;S/D;Colisión;Ninguna;Faltante
3490;2021;9/5/2021;Domingo;20:00:00;;0.0;2;Moto/Ciclomotor,Automóvil;Av. Juan Domingo Perón Y Iglesias;2;1;0;1;0;0;Calle;VILLA GOBERNADOR GÁLVEZ;Rosario;Asfalto;No existe;II;Dentro;Urbana;Otra Señal;No existe;Intersección;Bueno;Buena;Nocturna,Con luz artificial;Buen Tiempo;Lateral;S/D;Colisión;Ninguna;Faltante
3491;2021;9/5/2021;Domingo;17:20:00;;0.0;2;Automóvil,Moto/Ciclomotor;Alberdi Y Belgrano;3;2;0;1;0;0;Calle;VILLA GOBERNADOR GÁLVEZ;Rosario;Asfalto;No existe;II;S/D;Urbana;Otra Señal;No existe;Intersección;Bueno;Buena;Diurna;Otro;S/D;S/D;Colisión;Ninguna;Faltante
3492;2021;9/5/2021;Domingo;05:10:00;;0.0;2;Moto/Ciclomotor,Moto/Ciclomotor;Av. Génova Y Pje. Aguapey Bis;2;1;0;0;0;1;Avenida;ROSARIO;Rosario;Asfalto;No existe;II;Dentro;Urbana;Otra Señal;No existe;Intersección;Bueno;Buena;Con luz artificial;Buen Tiempo;Otro;S/D;Colisión;Ninguna;Faltante
3493;2021;9/5/2021;Domingo;18:30:00;Autopista Nacional Rosario -Cordoba;305.0;3;Automóvil,Automóvil,Pickup/Utilitario; ;5;3;0;2;0;0;Autopista;FUNES;Rosario;Asfalto;Natural;II;Dentro;Rural;Otra Señal;No existe;Recta;Bueno;Buena;Diurna;Buen Tiempo;De alcance,Múltiple;S/D;Colisión;S/D;Vertical
3494;2021;9/5/2021;Domingo;13:20:00;;0.0;2;Moto/Ciclomotor,Automóvil;San Lorenzo Y J.Colombres;3;2;0;1;0;0;Calle;ROSARIO;Rosario;Asfalto;No existe;II;Dentro;Urbana;Otra Señal;S/D;Intersección;Bueno;Buena;Diurna;Buen Tiempo;De alcance,Múltiple;S/D;Colisión;Ninguna;S/D
3495;2021;9/5/2021;Domingo;21:00:00;;0.0;2;Pickup/Utilitario,Moto/Ciclomotor;Don Guanella Y Sebastián Gaboto;2;1;0;1;0;0;Calle;SANTA FE;La Capital;Asfalto;No existe;I;S/D;Urbana;Otra Señal;No existe;Recta;Bueno;Buena;Nocturna;Buen Tiempo;De alcance,Múltiple;S/D;Colisión;Ninguna;Horizontal
3496;2021;9/5/2021;Domingo;18:00:00;;0.0;2;Automóvil,Moto/Ciclomotor;San Luis Y Balcarce;2;1;0;1;0;0;Calle;SANTA FE;La Capital;Asfalto;No existe;I;Dentro;Urbana;Otra Señal;No existe;Intersección;Bueno;Buena;Diurna;Buen Tiempo;De alcance,Múltiple;S/D;Colisión;Ninguna;Horizontal,Vertical
3497;2021;9/5/2021;Domingo;12:55:00;;0.0;2;Peatón,Pickup/Utilitario;Polledo 2800;2;1;0;0;0;1;Calle;ROSARIO;Rosario;S/D;S/D;II;S/D;Urbana;Otra Señal;S/D;Intersección;S/D;S/D;S/D;S/D;De alcance,Múltiple;Peatón;Colisión;S/D;S/D
3498;2021;9/5/2021;Domingo;21:45:00;;0.0;2;Moto/Ciclomotor,Moto/Ciclomotor;Balcarce Y Güemes;2;1;0;1;0;0;Calle;ROSARIO;Rosario;Asfalto;Pavimento;II;S/D;Urbana;Otra Señal;No existe;Intersección;Bueno;S/D;Con luz artificial;S/D;De alcance,Múltiple;S/D;Colisión;S/D;S/D
3499;2021;9/5/2021;Domingo;13:00:00;;0.0;2;Moto/Ciclomotor,Moto/Ciclomotor;Moreno Y Dorrego;2;2;0;0;0;0;S/D;SAN LORENZO;San Lorenzo;S/D;S/D;XVII;S/D;Urbana;Otra Señal;S/D;Intersección;S/D;S/D;S/D;S/D;De alcance,Múltiple;S/D;Colisión;S/D;S/D
3500;2021;9/5/2021;Domingo;;;0.0;2;Pickup/Utilitario,Moto/Ciclomotor;Av. A del Valle Y Alberti;3;2;0;1;0;0;S/D;SANTA FE;La Capital;S/D;S/D;I;S/D;S/D;Otra Señal;S/D;Intersección;S/D;S/D;S/D;S/D;De alcance,Múltiple;S/D;Colisión;S/D;S/D
3501;2021;9/5/2021;Domingo;22:00:00;S/D Nacional A008;0.0;2;Moto/Ciclomotor,Moto/Ciclomotor;Av. Circunvalación Y Av. Avellaneda B;4;2;0;2;0;0;S/D;ROSARIO;Rosario;S/D;S/D;II;S/D;S/D;Otra Señal;S/D;Intersección;S/D;S/D;S/D;S/D;De alcance,Múltiple;S/D;Colisión;S/D;S/D
3502;2021;9/5/2021;Domingo;00:00:00;Ruta Nacional A012;0.0;2;Camión Chasis,Camión;RUTA 33 ;2;1;0;1;0;0;Ruta;ZAVALLA;Rosario;S/D;S/D;II;S/D;S/D;Otra Señal;S/D;Intersección;S/D;S/D;S/D;S/D;De alcance,Múltiple;S/D;Colisión;S/D;S/D
3503;2021;9/5/2021;Domingo;;Ruta Nacional 33;0.0;2;Automóvil,Moto/Ciclomotor;F Baraco ;3;2;0;1;0;0;Ruta;MURPHY;General LÓPEZ;S/D;S/D;VIII;S/D;S/D;Otra Señal;S/D;Intersección;S/D;S/D;S/D;S/D;De alcance,Múltiple;S/D;Colisión;S/D;S/D
3504;2021;9/5/2021;Domingo;13:45:00;Ruta Nacional 11;0.0;2;Moto/Ciclomotor,Vehículo Oficial;José de San Martin ;4;2;0;2;0;0;Ruta;CORONDA;San JERÓNIMO;S/D;S/D;XV;S/D;S/D;Otra Señal;S/D;Intersección;S/D;S/D;S/D;S/D;De alcance,Múltiple;S/D;Colisión;S/D;S/D
3505;2021;9/5/2021;Domingo;03:00:00;Ruta Provincial 31;0.0;1;Automóvil; ;2;2;0;0;0;0;Ruta;AVELLANEDA;General Obligado;S/D;S/D;IX;S/D;S/D;Otra Señal;S/D;Intersección;S/D;S/D;S/D;S/D;De alcance,Múltiple;S/D;Colisión;S/D;S/D
3506;2021;9/5/2021;Domingo;03:10:00;Ruta Nacional 11;0.0;1;Moto/Ciclomotor; ;1;1;0;0;0;0;Ruta;AVELLANEDA;General Obligado;S/D;S/D;IX;S/D;S/D;Otra Señal;S/D;Intersección;S/D;S/D;S/D;S/D;De alcance,Múltiple;S/D;Colisión;S/D;S/D
3507;2021;9/5/2021;Domingo;17:00:00;;0.0;2;Moto/Ciclomotor,Automóvil;Alberdi Y Belgrano;3;2;0;1;0;0;S/D;VILLA GOBERNADOR GÁLVEZ;Rosario;S/D;S/D;II;S/D;S/D;Otra Señal;S/D;Intersección;S/D;S/D;S/D;S/D;S/D;S/D;Colisión;S/D;S/D
3508;2021;9/5/2021;Domingo;;Autovía Nacional 19;0.0;3;Otros,Otros,Otros; ;3;3;0;0;0;0;Autovía;SANTO TOMÉ;La Capital;S/D;S/D;I;S/D;S/D;Otra Señal;S/D;Intersección;S/D;S/D;S/D;S/D;S/D;S/D;Colisión;S/D;S/D
3509;2021;9/5/2021;Domingo;18:00:00;;0.0;2;Moto/Ciclomotor,Moto/Ciclomotor;Calle 8 Y Calle 19;4;2;0;2;0;0;Calle;LAS TOSCAS;General Obligado;Hormigón;No existe;IX;Dentro;Urbana;Otra Señal;Funciona;Intersección;Bueno;S/D;S/D;Buen Tiempo;Múltiple;S/D;Colisión;Ninguna;Vertical
3510;2021;9/5/2021;Domingo;17:00:00;;0.0;1;Moto/Ciclomotor;Viamonte 2400;1;1;0;0;0;0;Calle;ROSARIO;Constitución;S/D;S/D;II;S/D;Urbana;Otra Señal;S/D;Intersección;S/D;S/D;Diurna;S/D;Múltiple;S/D;Colisión;S/D;S/D
3511;2021;9/5/2021;Domingo;10:30:00;;0.0;1;Moto/Ciclomotor;J.B.Justo 1800;1;1;0;0;0;0;Calle;ROSARIO;Constitución;S/D;S/D;II;S/D;Urbana;Otra Señal;S/D;Intersección;S/D;S/D;Diurna;S/D;Múltiple;S/D;Colisión;S/D;S/D
3512;2021;9/5/2021;Domingo;22:00:00;;0.0;2;Moto/Ciclomotor,Moto/Ciclomotor;Mendoza Y Av. Provincias Unidas;2;2;0;0;0;0;Avenida;ROSARIO;Constitución;S/D;S/D;II;S/D;Urbana;Otra Señal;S/D;Intersección;S/D;S/D;Diurna;S/D;Múltiple;S/D;Colisión;S/D;S/D
3513;2021;9/5/2021;Domingo;17:00:00;;0.0;2;Otros,Bicicleta;Ayacucho Y Av. Arijon;2;1;0;0;0;1;Avenida;ROSARIO;Constitución;S/D;S/D;II;S/D;Urbana;Otra Señal;S/D;Intersección;S/D;S/D;Diurna;S/D;Múltiple;Ciclista;Colisión;S/D;S/D
3514;2021;9/5/2021;Domingo;17:00:00;;0.0;2;Vehículo Oficial,Moto/Ciclomotor;Maipú Y Corrientes;2;0;0;1;0;0;S/D;CAÑADA DE GÓMEZ;Constitución;S/D;S/D;X;S/D;S/D;Otra Señal;S/D;Intersección;S/D;S/D;S/D;S/D;Múltiple;S/D;Colisión;S/D;S/D
3515;2021;10/5/2021;Lunes;10:50:00;;0.0;2;Automóvil,Moto/Ciclomotor;Avenida San Martin Y Saavedra;3;2;0;1;0;0;Avenida;TOSTADO;9 de Julio;Asfalto;No existe;XII;Dentro;Urbana;Otra Señal;Funciona;Intersección;Bueno;Buena;Diurna;Buen Tiempo;De alcance,Múltiple;S/D;Colisión;Ninguna;Vertical
3516;2021;10/5/2021;Lunes;15:00:00;;0.0;2;Taxi/Remis,Pickup/Utilitario;Hilarion de la Quintana Y Dorrego;2;1;0;1;0;0;Calle;ROSARIO;Rosario;Asfalto;No existe;II;Dentro;Urbana;Otra Señal;No existe;Intersección;Bueno;Buena;Diurna;Buen Tiempo;De alcance,Múltiple;S/D;Colisión;Ninguna;Faltante
3517;2021;10/5/2021;Lunes;16:00:00;;0.0;2;Moto/Ciclomotor,Automóvil;Saavedra Y Italia;3;2;0;1;0;0;Calle;ROSARIO;Rosario;Asfalto;No existe;II;Dentro;Urbana;Otra Señal;No existe;Intersección;Bueno;Buena;Diurna;Buen Tiempo;De alcance,Múltiple;S/D;Colisión;Ninguna;S/D
3518;2021;10/5/2021;Lunes;18:45:00;;0.0;2;Moto/Ciclomotor,Otros;Martin Zapata Y Pedro Alejandro Vittori;3;1;0;0;0;2;Calle;SANTA FE;La Capital;Asfalto;No existe;I;S/D;Urbana;Otra Señal;No existe;Intersección;Bueno;Buena;Diurna;Buen Tiempo;De alcance,Múltiple;S/D;Colisión;Ninguna;S/D
3519;2021;10/5/2021;Lunes;14:30:00;;0.0;2;Moto/Ciclomotor,Pickup/Utilitario;J M Zuviria Y Avellaneda;2;2;0;0;0;0;Calle;SANTA FE;La Capital;Asfalto;No existe;I;Dentro;Urbana;Otra Señal;No existe;Intersección;Bueno;Buena;Diurna;Buen Tiempo;De alcance,Múltiple;S/D;Colisión;Ninguna;S/D
3520;2021;10/5/2021;Lunes;11:40:00;;0.0;2;Transporte de Pasajeros Urbano (> 8 asientos),Bicicleta;Av. Gral. Paz Y Quintana;2;1;0;1;0;0;Calle;SANTA FE;La Capital;Asfalto;No existe;I;S/D;Urbana;Otra Señal;No existe;Recta;Bueno;Buena;Diurna;Buen Tiempo;De alcance,Múltiple;Ciclista;Colisión;Ninguna;S/D
3521;2021;10/5/2021;Lunes;13:50:00;;0.0;2;Automóvil,Moto/Ciclomotor;Av. A del Valle Y Padre Genesio;2;1;0;1;0;0;Avenida;SANTA FE;La Capital;Asfalto;No existe;I;S/D;Urbana;Otra Señal;Funciona;Intersección;Bueno;Buena;Diurna;Buen Tiempo;De alcance,Múltiple;S/D;Colisión;Ninguna;Horizontal,Vertical
3522;2021;10/5/2021;Lunes;16:20:00;;0.0;2;Automóvil,Moto/Ciclomotor;Av. López y Planes Y Cándido Pujato;3;1;0;2;0;0;Avenida;SANTA FE;La Capital;Asfalto;No existe;I;Dentro;Urbana;Otra Señal;No existe;Recta;Bueno;Buena;Diurna;Buen Tiempo;De alcance,Múltiple;S/D;Colisión;Ninguna;Vertical
3523;2021;10/5/2021;Lunes;09:35:00;Ruta Nacional 11;0.0;2;Moto/Ciclomotor,Automóvil; ;3;2;0;1;0;0;Ruta;SANTA FE;La Capital;Asfalto;No existe;I;S/D;Urbana;Otra Señal;No existe;Recta;Bueno;Buena;Diurna;Buen Tiempo;De alcance,Múltiple;S/D;Colisión;Ninguna;Faltante
3524;2021;10/5/2021;Lunes;10:00:00;;0.0;2;Moto/Ciclomotor,Automóvil;Av. Gral. López Y Saavedra;3;2;0;1;0;0;Avenida;SANTA FE;La Capital;Asfalto;No existe;I;Dentro;Urbana;Otra Señal;No existe;Intersección;Bueno;Buena;Diurna;Buen Tiempo;De alcance,Múltiple;S/D;Colisión;Ninguna;Faltante
3525;2021;10/5/2021;Lunes;15:00:00;;0.0;2;Peatón,Automóvil;Av. J J Paso Y Dr. Zavalla;2;1;0;1;0;0;Avenida;SANTA FE;La Capital;Asfalto;No existe;I;Dentro;Urbana;Otra Señal;No existe;Cruce;Bueno;Buena;Diurna;Buen Tiempo;De alcance,Múltiple;Peatón;Colisión;Ninguna;Vertical
3526;2021;10/5/2021;Lunes;12:45:00;;0.0;2;Moto/Ciclomotor,Automóvil;Santa Fe Y Ricchieri;2;1;0;1;0;0;Calle;ROSARIO;Rosario;Asfalto;No existe;II;Dentro;Urbana;Otra Señal;No existe;Intersección;Bueno;Buena;Diurna;Buen Tiempo;De alcance,Múltiple;S/D;Colisión;Ninguna;Faltante
3527;2021;10/5/2021;Lunes;07:45:00;;0.0;2;Camión Chasis,Moto/Ciclomotor;25 de Mayo Y Bv Pellegrini;2;1;0;1;0;0;Calle;SANTA FE;La Capital;S/D;S/D;I;S/D;Urbana;Otra Señal;S/D;Intersección;S/D;S/D;S/D;S/D;De alcance,Múltiple;S/D;Colisión;S/D;S/D
3528;2021;10/5/2021;Lunes;17:00:00;;0.0;2;Camión Chasis,Moto/Ciclomotor;Junín Y San Martin;2;1;0;1;0;0;Calle;SANTA FE;La Capital;S/D;S/D;I;S/D;Urbana;Otra Señal;S/D;Intersección;S/D;S/D;S/D;S/D;De alcance,Múltiple;S/D;Colisión;S/D;S/D
3529;2021;10/5/2021;Lunes;09:00:00;;0.0;2;Moto/Ciclomotor,Pickup/Utilitario; ;2;0;0;0;0;2;S/D;SANTA FE;La Capital;S/D;S/D;I;S/D;S/D;Otra Señal;S/D;Intersección;S/D;S/D;S/D;S/D;De alcance,Múltiple;S/D;Colisión;S/D;S/D
3530;2021;10/5/2021;Lunes;13:55:00;;0.0;2;Moto/Ciclomotor,Automóvil; ;2;0;0;0;0;2;Calle;SANTA FE;La Capital;S/D;S/D;I;S/D;Urbana;Otra Señal;S/D;Intersección;S/D;S/D;S/D;S/D;De alcance,Múltiple;S/D;Colisión;S/D;S/D
3531;2021;10/5/2021;Lunes;13:50:00;;0.0;2;Moto/Ciclomotor,Automóvil;Cochabamba Y Dorrego;2;1;0;1;0;0;Calle;ROSARIO;Rosario;Asfalto;S/D;II;S/D;Urbana;Otra Señal;S/D;Intersección;Con baches;S/D;Diurna;S/D;De alcance,Múltiple;S/D;Colisión;S/D;S/D
3532;2021;10/5/2021;Lunes;;;0.0;2;Moto/Ciclomotor,Pickup/Utilitario; ;2;1;0;1;0;0;S/D;ESPERANZA;Las Colonias;S/D;S/D;XI;S/D;S/D;Otra Señal;S/D;Intersección;S/D;S/D;S/D;S/D;De alcance,Múltiple;S/D;Colisión;S/D;S/D
3533;2021;10/5/2021;Lunes;;;0.0;2;Moto/Ciclomotor,Pickup/Utilitario; ;2;1;0;1;0;0;S/D;ESPERANZA;Las Colonias;S/D;S/D;XI;S/D;S/D;Otra Señal;S/D;Intersección;S/D;S/D;S/D;S/D;De alcance,Múltiple;S/D;Colisión;S/D;S/D
3534;2021;10/5/2021;Lunes;;;0.0;2;Automóvil,Automóvil; ;2;1;0;1;0;0;S/D;ESPERANZA;Las Colonias;S/D;S/D;XI;S/D;S/D;Otra Señal;S/D;Intersección;S/D;S/D;S/D;S/D;De alcance,Múltiple;S/D;Colisión;S/D;S/D
3535;2021;10/5/2021;Lunes;;;0.0;2;Automóvil,Automóvil; ;2;1;0;1;0;0;S/D;ESPERANZA;Las Colonias;S/D;S/D;XI;S/D;S/D;Otra Señal;S/D;Intersección;S/D;S/D;S/D;S/D;De alcance,Múltiple;S/D;Colisión;S/D;S/D
3536;2021;10/5/2021;Lunes;;;0.0;2;Pickup/Utilitario,Moto/Ciclomotor;9 de Julio Y Estanislao Zeballos;3;0;0;1;0;2;S/D;SANTA FE;La Capital;S/D;S/D;I;S/D;S/D;Otra Señal;S/D;Intersección;S/D;S/D;S/D;S/D;De alcance,Múltiple;S/D;Colisión;S/D;S/D
3537;2021;10/5/2021;Lunes;;;0.0;1;Automóvil;3 de Febrero ;1;1;0;0;0;0;S/D;SANTA FE;La Capital;S/D;S/D;I;S/D;S/D;Otra Señal;S/D;Intersección;S/D;S/D;S/D;S/D;De alcance,Múltiple;S/D;Colisión;S/D;S/D
3538;2021;10/5/2021;Lunes;02:40:00;Ruta Nacional 8;0.0;2;Camión,Camión c / Acoplado; ;2;1;0;1;0;0;Ruta;MAGGIOLO;General LÓPEZ;S/D;S/D;VIII;S/D;S/D;Otra Señal;S/D;Intersección;S/D;S/D;S/D;S/D;De alcance,Múltiple;S/D;Colisión;S/D;S/D
3539;2021;10/5/2021;Lunes;16:10:00;;0.0;2;Automóvil,Moto/Ciclomotor;Pueyrredón Y Artigas;3;2;0;1;0;0;S/D;FRAY LUIS BELTRÁN;San Lorenzo;S/D;S/D;XVII;S/D;S/D;Otra Señal;S/D;Intersección;S/D;S/D;S/D;S/D;De alcance,Múltiple;S/D;Colisión;S/D;S/D
3540;2021;10/5/2021;Lunes;19:15:00;;0.0;2;Bicicleta,Pickup/Utilitario;Urquiza ;2;1;0;1;0;0;S/D;SAN GENARO;San JERÓNIMO;S/D;S/D;XV;S/D;S/D;Otra Señal;S/D;Intersección;S/D;S/D;S/D;S/D;De alcance,Múltiple;Ciclista;Colisión;S/D;S/D
3541;2021;10/5/2021;Lunes;09:50:00;;0.0;2;Moto/Ciclomotor,Pickup/Utilitario;Calle 6 Y Calle 13;2;1;0;1;0;0;S/D;AVELLANEDA;General Obligado;S/D;S/D;IX;S/D;S/D;Otra Señal;S/D;Intersección;S/D;S/D;S/D;S/D;S/D;S/D;Colisión;S/D;S/D
3542;2021;10/5/2021;Lunes;;;0.0;2;Automóvil,Moto/Ciclomotor;Ovidio Lagos Y Bv. López;2;1;0;1;0;0;S/D;CAÑADA DE GÓMEZ;Iriondo;S/D;S/D;X;S/D;S/D;Otra Señal;S/D;Intersección;S/D;S/D;S/D;S/D;S/D;S/D;Colisión;S/D;S/D
3543;2021;10/5/2021;Lunes;20:30:00;;0.0;1;Moto/Ciclomotor;Bv. Seguí 5648;1;1;0;0;0;0;Avenida;ROSARIO;Constitución;S/D;S/D;II;S/D;Urbana;Otra Señal;S/D;Intersección;S/D;S/D;Diurna;S/D;Múltiple;S/D;Colisión;S/D;S/D
3544;2021;10/5/2021;Lunes;02:15:00;;0.0;2;Moto/Ciclomotor,Moto/Ciclomotor;Simón de Iriondo Y Carlos Bosch;2;1;0;0;0;0;Calle;ESPERANZA;Constitución;Asfalto;Pavimento;XI;Dentro;Urbana;Otra Señal;No existe;Intersección;Bueno;Reducida;Nocturna;Otro;Múltiple;S/D;Colisión;Ninguna;S/D
3545;2021;10/5/2021;Lunes;08:00:00;;0.0;2;Moto/Ciclomotor,Moto/Ciclomotor;J.J.Paso Y Acevedo Bis;2;0;0;1;0;0;Calle;ROSARIO;Constitución;Asfalto;No existe;II;Dentro;Urbana;Otra Señal;No existe;Intersección;Bueno;Buena;Diurna,Con luz artificial;Buen Tiempo;Múltiple;S/D;Colisión;Ninguna;Faltante
3546;2021;10/5/2021;Lunes;09:00:00;Ruta Provincial 18;23.0;2;Automóvil,Automóvil; ;4;2;0;1;0;0;Ruta;CARMEN DEL SAUCE;Constitución;Asfalto;No existe;II;Dentro;Rural;Otra Señal;No existe;Intersección;Bueno;Buena;Diurna;Buen Tiempo;Múltiple;S/D;Colisión;Ninguna;Vertical
3547;2021;10/5/2021;Lunes;10:20:00;;0.0;2;Moto/Ciclomotor,Moto/Ciclomotor;Constitución Y Montevideo;3;1;0;1;0;0;Calle;ROSARIO;Constitución;Asfalto;S/D;II;S/D;Urbana;Otra Señal;S/D;Intersección;Bueno;Buena;Diurna;S/D;Múltiple;S/D;Colisión;S/D;S/D
3548;2021;11/5/2021;Martes;11:30:00;Ruta Secundaria 34-s;0.0;2;Bicicleta,Automóvil;Sarmiento Y Irigoyen;2;1;0;1;0;0;Ruta;FUNES;Rosario;Asfalto;No existe;II;Dentro;Urbana;Otra Señal;No existe;Intersección;Bueno;Buena;Diurna;Buen Tiempo;S/D;Ciclista;Colisión;Ninguna;Faltante
3549;2021;11/5/2021;Martes;11:20:00;Ruta Provincial 21;0.0;2;Moto/Ciclomotor,Automóvil;Av. Gral. San Martin Y Av. Juan Domingo Perón;2;1;0;1;0;0;Ruta;VILLA GOBERNADOR GÁLVEZ;Rosario;Asfalto;No existe;II;Dentro;Urbana;Otra Señal;Funciona;Intersección;Bueno;Buena;Diurna;Buen Tiempo;Lateral;S/D;Colisión;Ninguna;Faltante
3550;2021;11/5/2021;Martes;11:50:00;Ruta Provincial 21;0.0;2;Moto/Ciclomotor,Pickup/Utilitario;Av. Gral. San Martin Y Chubut;2;1;0;1;0;0;Ruta;VILLA GOBERNADOR GÁLVEZ;Rosario;Asfalto;No existe;II;Dentro;Urbana;Otra Señal;Funciona;Intersección;Bueno;Buena;Diurna;Buen Tiempo;Lateral;S/D;Colisión;Ninguna;Vertical
3551;2021;11/5/2021;Martes;04:40:00;;0.0;2;Moto/Ciclomotor,Automóvil;Mendoza Y Donado;3;2;0;0;0;1;Avenida;ROSARIO;Rosario;Asfalto;No existe;II;Dentro;Urbana;Otra Señal;Intermitente;Intersección;Bueno;Buena;Con luz artificial;Buen Tiempo;De alcance,Múltiple;S/D;Colisión;Ninguna;Horizontal
3552;2021;11/5/2021;Martes;;;0.0;2;Automóvil,Moto/Ciclomotor;San Nicolas Y La Paz;2;1;0;1;0;0;Calle;ROSARIO;Rosario;S/D;No existe;II;S/D;Urbana;Otra Señal;No existe;Recta;Bueno;Buena;Diurna;Buen Tiempo;De alcance,Múltiple;S/D;Colisión;Ninguna;Faltante
3553;2021;11/5/2021;Martes;19:40:00;;0.0;2;Peatón,Moto/Ciclomotor;Biedma Y Av. Francia;2;2;0;0;0;0;Calle;ROSARIO;Rosario;Asfalto;No existe;II;S/D;Urbana;Otra Señal;No existe;Intersección;Bueno;Reducida;Atardecer;Buen Tiempo;De alcance,Múltiple;Peatón;Colisión;Ninguna;Faltante
3554;2021;11/5/2021;Martes;14:00:00;;0.0;2;Peatón,Automóvil;Av. Arijon Y Mariano Moreno;2;1;0;1;0;0;Avenida;ROSARIO;Rosario;Asfalto;Ripio;II;S/D;Urbana;Otra Señal;Funciona;Intersección;Bueno;Buena;Diurna;Buen Tiempo;De alcance,Múltiple;Peatón;Colisión;Ninguna;S/D
3555;2021;11/5/2021;Martes;05:30:00;;0.0;2;Moto/Ciclomotor,Automóvil;Gaboto Y Pje. Santafesino;2;1;0;1;0;0;Calle;ROSARIO;Rosario;Asfalto;S/D;II;S/D;Urbana;Otra Señal;S/D;Intersección;S/D;S/D;S/D;S/D;De alcance,Múltiple;S/D;Colisión;S/D;S/D
3556;2021;11/5/2021;Martes;15:00:00;;0.0;2;Moto/Ciclomotor,Pickup/Utilitario;Salvador del Carril Y Avellaneda;3;1;0;2;0;0;Avenida;SANTA FE;La Capital;Asfalto;No existe;I;Dentro;Urbana;Otra Señal;No existe;Intersección;Bueno;Buena;Diurna;Buen Tiempo;De alcance,Múltiple;S/D;Colisión;Ninguna;S/D
3557;2021;11/5/2021;Martes;;;0.0;2;Bicicleta,Pickup/Utilitario;Av. Galicia Y Rivadavia;2;1;0;1;0;0;Avenida;SANTA FE;La Capital;Asfalto;No existe;I;Dentro;Urbana;Otra Señal;No existe;Intersección;Bueno;S/D;S/D;Buen Tiempo;De alcance,Múltiple;Ciclista;Colisión;Ninguna;S/D
3558;2021;11/5/2021;Martes;16:00:00;;0.0;1;Moto/Ciclomotor;Calle 25 1000;1;1;0;0;0;0;Calle;LAS PAREJAS;Belgrano;Asfalto;No existe;III;Dentro;Urbana;Otra Señal;No existe;Recta;Bueno;Buena;Diurna;Buen Tiempo;De alcance,Múltiple;S/D;Colisión;Ninguna;Faltante
3559;2021;11/5/2021;Martes;10:15:00;;0.0;2;Moto/Ciclomotor,Pickup/Utilitario;Uruguay Y San Lorenzo;3;2;0;1;0;0;Calle;SANTA FE;La Capital;Asfalto;No existe;I;S/D;Urbana;Otra Señal;No existe;Intersección;Bueno;Buena;Diurna;Buen Tiempo;De alcance,Múltiple;S/D;Colisión;Ninguna;Faltante
3560;2021;11/5/2021;Martes;16:00:00;;0.0;2;Pickup/Utilitario,Peatón;Ciudadela Y Pje. Pozos;2;1;0;1;0;0;Calle;ROSARIO;Rosario;S/D;S/D;II;S/D;Urbana;Otra Señal;S/D;Intersección;S/D;Buena;Diurna;S/D;De alcance,Múltiple;Peatón;Colisión;S/D;S/D