ID_Accidente;A�o;Fecha;Dia;Hopra;Ruta/Autop;km;Participantes;Tipo;Lugar;Total;Heridos Leves;Heridos Graves;Ilesos;Fallecidos;Sin datos;desc_tipo_via;desc_loc;desc_dpto;|;desc_tipo_banquina;desc_unidad_regional;desc_lugar_calzada;desc_zona;desc_prioridad;desc_estado_semaforo;desc_lugar_via;desc_estado_via;desc_estado_visibilidad;desc_luminosidad;desc_estado_clima;desc_tipo_colision;desc_tipo_atropello;desc_tipo_hecho;desc_pres_calzada;desc_senializacion
3561;2021;11/5/2021;Martes;18:25:00;;0.0;2;Automóvil,Moto/Ciclomotor;Reconquista Y L.M.Drago Bis;2;1;0;1;0;0;Calle;ROSARIO;Rosario;Asfalto;No existe;II;Dentro;Urbana;Otra Señal;No existe;Intersección;Bueno;Buena;Atardecer;Buen Tiempo;De alcance,Múltiple;S/D;Colisión;Ninguna;S/D
3562;2021;11/5/2021;Martes;18:00:00;;0.0;2;Moto/Ciclomotor,Moto/Ciclomotor;Juan de Garay Y Av. 27 de Febrero;2;2;0;0;0;0;Calle;SANTA FE;La Capital;Asfalto;No existe;I;S/D;Urbana;Otra Señal;No existe;Intersección;Bueno;Buena;Atardecer;Otro;De alcance,Múltiple;S/D;Colisión;Ninguna;Faltante
3563;2021;11/5/2021;Martes;09:00:00;;0.0;2;Moto/Ciclomotor,Pickup/Utilitario;Bv. 27 De Febrero Y Av. Gob.Caesar;2;1;0;1;0;0;Avenida;ROSARIO;Rosario;Asfalto;No existe;II;Dentro;Urbana;Otra Señal;No existe;Intersección;Bueno;Buena;Diurna;Buen Tiempo;De alcance,Múltiple;S/D;Colisión;Ninguna;Faltante
3564;2021;11/5/2021;Martes;08:15:00;;0.0;2;Moto/Ciclomotor,Automóvil;Bv Belgrano Y Sgto. Cabral;3;2;0;1;0;0;Avenida;CALCHAQUÍ;Vera;Asfalto;No existe;XIX;Dentro;Urbana;Otra Señal;No existe;Intersección;Bueno;Buena;Diurna;Buen Tiempo;De alcance,Múltiple;S/D;Colisión;Ninguna;Vertical
3565;2021;11/5/2021;Martes;;;0.0;2;Bicicleta,Automóvil; ;2;1;0;1;0;0;S/D;ESPERANZA;Las Colonias;S/D;S/D;XI;S/D;S/D;Otra Señal;S/D;Intersección;S/D;S/D;S/D;S/D;De alcance,Múltiple;Ciclista;Colisión;S/D;S/D
3566;2021;11/5/2021;Martes;;;0.0;2;Bicicleta,Moto/Ciclomotor;Bme Mitre 402;2;1;0;0;0;1;S/D;GÁLVEZ;San JERÓNIMO;S/D;S/D;XV;S/D;S/D;Otra Señal;S/D;Intersección;S/D;S/D;S/D;S/D;De alcance,Múltiple;Ciclista;Colisión;S/D;S/D
3567;2021;11/5/2021;Martes;19:00:00;;0.0;2;Moto/Ciclomotor,Automóvil;Francisco Beltramino Y A Aguado;2;1;0;1;0;0;S/D;RAFAELA;Castellanos;S/D;S/D;V;S/D;S/D;Otra Señal;S/D;Intersección;S/D;S/D;S/D;S/D;S/D;S/D;Colisión;S/D;S/D
3568;2021;11/5/2021;Martes;;;0.0;2;Moto/Ciclomotor,Moto/Ciclomotor;Juan B Justo Y R Casabella;2;2;0;0;0;0;S/D;RAFAELA;Castellanos;S/D;S/D;V;S/D;S/D;Otra Señal;S/D;Intersección;S/D;S/D;S/D;S/D;S/D;S/D;Colisión;S/D;S/D
3569;2021;11/5/2021;Martes;;;0.0;2;Automóvil,Moto/Ciclomotor;Rio de Janeiro ;2;1;0;1;0;0;S/D;RAFAELA;Castellanos;S/D;S/D;V;S/D;S/D;Otra Señal;S/D;Intersección;S/D;S/D;S/D;S/D;S/D;S/D;Colisión;S/D;S/D
3570;2021;11/5/2021;Martes;08:30:00;;0.0;1;Bicicleta; ;1;1;0;0;0;0;S/D;ROSARIO;Constitución;S/D;S/D;II;S/D;S/D;Otra Señal;S/D;Intersección;S/D;S/D;Diurna;S/D;Múltiple;S/D;Colisión;S/D;S/D
3571;2021;11/5/2021;Martes;13:30:00;;0.0;2;Otros,Peatón;Av. Eva Perón Y Cullen;2;1;0;0;0;1;Calle;ROSARIO;Constitución;Asfalto;No existe;II;Dentro;Urbana;Otra Señal;Funciona;Intersección;Bueno;S/D;Diurna;S/D;Múltiple;Peatón;Colisión;Ninguna;Horizontal,Vertical
3572;2021;11/5/2021;Martes;22:00:00;;0.0;1;Moto/Ciclomotor;Esmeralda Y Riobamba;1;1;0;0;0;0;Calle;ROSARIO;Constitución;Asfalto;No existe;II;Dentro;Urbana;Otra Señal;No existe;Intersección;Bueno;S/D;Nocturna;S/D;Múltiple;S/D;Colisión;Ninguna;Faltante
3573;2021;11/5/2021;Martes;22:00:00;;0.0;1;Moto/Ciclomotor; ;1;1;0;0;0;0;S/D;VILLA CONSTITUCIÓN;Constitución;S/D;S/D;II;S/D;S/D;Otra Señal;S/D;Intersección;S/D;S/D;Nocturna;S/D;Múltiple;S/D;Colisión;S/D;S/D
3574;2021;11/5/2021;Martes;13:30:00;;0.0;1;Moto/Ciclomotor;Campbell Y Vélez Sarsfield;2;2;0;0;0;0;Calle;ROSARIO;Constitución;Asfalto;No existe;II;Dentro;Urbana;Otra Señal;No existe;Intersección;Bueno;S/D;Diurna;S/D;Múltiple;S/D;Colisión;Ninguna;Faltante
3575;2021;11/5/2021;Martes;12:13:00;;0.0;1;Moto/Ciclomotor;San Lorenzo Y Sarmiento;2;0;0;1;0;0;Calle;TOSTADO;Constitución;Asfalto;No existe;XII;Dentro;Urbana;Otra Señal;No existe;Intersección;Bueno;Buena;Diurna;Buen Tiempo;Múltiple;S/D;Colisión;Ninguna;Faltante
3576;2021;12/5/2021;Miercoles;08:50:00;;0.0;2;Pickup/Utilitario,Moto/Ciclomotor;Las Heras Y Rivadavia;2;1;0;1;0;0;Calle;PEREZ;Rosario;Asfalto;No existe;II;Dentro;Urbana;Otra Señal;No existe;Recta;Bueno;Buena;Diurna;Buen Tiempo;Lateral;S/D;Colisión;Ninguna;S/D
3577;2021;12/5/2021;Miercoles;11:50:00;;0.0;2;Moto/Ciclomotor,Pickup/Utilitario;Av. Pellegrini Y Barra;2;1;0;1;0;0;Calle;ROSARIO;Rosario;Asfalto;No existe;II;S/D;Urbana;Otra Señal;No existe;Recta;S/D;Buena;Diurna;Buen Tiempo;De alcance,Múltiple;S/D;Colisión;Ninguna;Faltante
3578;2021;12/5/2021;Miercoles;15:30:00;;0.0;2;Moto/Ciclomotor,Automóvil;Bv. Oroño Y Av. Battle y Ordoñez;2;2;0;0;0;0;Avenida;ROSARIO;Rosario;Asfalto;No existe;II;S/D;Urbana;Otra Señal;Funciona;Intersección;Bueno;Buena;Diurna;Buen Tiempo;De alcance,Múltiple;S/D;Colisión;Ninguna;S/D
3579;2021;12/5/2021;Miercoles;16:15:00;;0.0;2;Moto/Ciclomotor,Automóvil;Av. Arijon Y Buenos Aires;3;1;0;2;0;0;Calle;ROSARIO;Rosario;Asfalto;No existe;II;Dentro;Urbana;Otra Señal;No existe;Intersección;Bueno;Buena;Diurna;Buen Tiempo;De alcance,Múltiple;S/D;Colisión;Ninguna;S/D
3580;2021;12/5/2021;Miercoles;14:25:00;Ruta Nacional 168;745.0;2;Automóvil,Otros; ;2;1;0;0;0;1;Ruta;LA GUARDIA;La Capital;Hormigón;No existe;I;Dentro;Urbana;Otra Señal;No existe;Recta;Bueno;Buena;Diurna;Buen Tiempo;De alcance,Múltiple;S/D;Colisión;Ninguna;Faltante
3581;2021;12/5/2021;Miercoles;19:15:00;;0.0;2;Automóvil,Bicicleta;Tucumán Y Juan Diaz de Solís;3;2;0;1;0;0;Calle;SANTA FE;La Capital;Asfalto;No existe;I;Dentro;Urbana;Otra Señal;No existe;Intersección;Bueno;Buena;Diurna;Buen Tiempo;De alcance,Múltiple;Ciclista;Colisión;Ninguna;S/D
3582;2021;12/5/2021;Miercoles;;;0.0;2;Moto/Ciclomotor,Pickup/Utilitario;Av. Arijon Y Av. Castro Barros;2;1;0;1;0;0;Calle;ROSARIO;Rosario;Asfalto;No existe;II;S/D;Urbana;Otra Señal;No existe;Intersección;S/D;S/D;S/D;Otro;De alcance,Múltiple;S/D;Colisión;S/D;S/D
3583;2021;12/5/2021;Miercoles;15:30:00;;0.0;2;Moto/Ciclomotor,Automóvil;3 de Febrero Y Dr. Zavalla;4;3;0;1;0;0;Calle;SANTA FE;La Capital;Asfalto;No existe;I;Dentro;Urbana;Otra Señal;No existe;Intersección;Bueno;Buena;Diurna;Buen Tiempo;De alcance,Múltiple;S/D;Colisión;Ninguna;Faltante
3584;2021;12/5/2021;Miercoles;17:00:00;;0.0;2;Moto/Ciclomotor,Automóvil; ;2;0;0;0;0;2;S/D;SANTA FE;La Capital;S/D;S/D;I;S/D;S/D;Otra Señal;S/D;Intersección;S/D;S/D;S/D;S/D;De alcance,Múltiple;S/D;Colisión;S/D;S/D
3585;2021;12/5/2021;Miercoles;18:00:00;;0.0;2;Moto/Ciclomotor,Moto/Ciclomotor;Paraguay Y Santa Fe;2;1;0;0;0;1;Calle;ROSARIO;Rosario;Asfalto;Pavimento;II;Dentro;Urbana;Otra Señal;Funciona;Intersección;Bueno;S/D;Atardecer;S/D;De alcance,Múltiple;S/D;Colisión;S/D;Vertical
3586;2021;12/5/2021;Miercoles;16:35:00;;0.0;2;Moto/Ciclomotor,Automóvil;J V González Y Av. Mármol;2;1;0;0;0;1;S/D;CAPITÁN BERMÚDEZ;San Lorenzo;S/D;S/D;XVII;S/D;S/D;Otra Señal;S/D;Intersección;S/D;S/D;S/D;S/D;De alcance,Múltiple;S/D;Colisión;S/D;S/D
3587;2021;12/5/2021;Miercoles;16:25:00;;0.0;2;Automóvil,Moto/Ciclomotor;Belgrano Y Urquiza;2;1;0;1;0;0;S/D;SAN LORENZO;San Lorenzo;S/D;S/D;XVII;S/D;S/D;Otra Señal;S/D;Intersección;S/D;S/D;S/D;S/D;De alcance,Múltiple;S/D;Colisión;S/D;S/D
3588;2021;12/5/2021;Miercoles;14:00:00;Autopista Provincial Brigadier E.LÓPEZ;0.0;1;Automóvil; ;2;2;0;0;0;0;Autopista;GRANADERO BAIGORRIA;Rosario;S/D;S/D;II;S/D;S/D;Otra Señal;S/D;Intersección;S/D;S/D;S/D;S/D;De alcance,Múltiple;S/D;Colisión;S/D;S/D
3589;2021;12/5/2021;Miercoles;19:30:00;;0.0;2;Automóvil,Bicicleta;Roca Pte. Y Calle 43-Fuerza Aérea;2;1;0;1;0;0;S/D;RECONQUISTA;General Obligado;S/D;S/D;IX;S/D;S/D;Otra Señal;S/D;Intersección;S/D;S/D;S/D;S/D;S/D;Ciclista;Colisión;S/D;S/D
3590;2021;12/5/2021;Miercoles;10:30:00;;0.0;1;Moto/Ciclomotor;Salta Y Vera Mujica;1;1;0;0;0;0;Calle;ROSARIO;Constitución;Asfalto;No existe;II;Dentro;Urbana;Otra Señal;No existe;Intersección;Bueno;S/D;Diurna;S/D;Múltiple;S/D;Colisión;Ninguna;Horizontal
3591;2021;12/5/2021;Miercoles;;;0.0;2;Bicicleta,Automóvil; ;2;0;0;1;0;0;S/D;ESPERANZA;Constitución;S/D;S/D;XI;S/D;S/D;Otra Señal;S/D;Intersección;S/D;S/D;S/D;S/D;Múltiple;Ciclista;Colisión;S/D;S/D
3592;2021;12/5/2021;Miercoles;07:40:00;;0.0;2;Moto/Ciclomotor,Moto/Ciclomotor;Virasoro Y Dorrego;3;1;0;0;0;0;Calle;ROSARIO;Rosario;Asfalto;Pavimento;II;Dentro;Urbana;Otra Señal;No existe;Intersección;S/D;Buena;Amanecer;S/D;Múltiple;S/D;Colisión;S/D;Vertical
3593;2021;13/5/2021;Jueves;20:45:00;Ruta Nacional 9;0.0;2;Bicicleta,Moto/Ciclomotor;Ruta Nacional 9 ;2;1;0;1;0;0;Ruta;FUNES;Rosario;Asfalto;Natural;II;S/D;Urbana;Otra Señal;No existe;S/D;Bueno;Buena;Nocturna;Buen Tiempo;S/D;Ciclista;Colisión;Ninguna;Faltante
3594;2021;13/5/2021;Jueves;15:00:00;;0.0;2;Bicicleta,Moto/Ciclomotor;J J Paso Y Artigas;2;1;0;1;0;0;Calle;VILLA GOBERNADOR GÁLVEZ;Rosario;Hormigón;No existe;II;S/D;Urbana;Otra Señal;No existe;Intersección;Con baches;Buena;Diurna;Otro;S/D;Ciclista;Colisión;Ninguna;Faltante
3595;2021;13/5/2021;Jueves;17:20:00;;0.0;2;Transporte de Pasajeros Urbano (> 8 asientos),Pickup/Utilitario;Benegas Y J.Colombres;4;2;0;2;0;0;Calle;ROSARIO;Rosario;Asfalto;No existe;II;Dentro;Urbana;Otra Señal;No existe;Intersección;Bueno;Buena;Diurna;Buen Tiempo;Lateral;S/D;Colisión;Ninguna;Faltante
3596;2021;13/5/2021;Jueves;17:30:00;Ruta Nacional 9;0.0;2;Moto/Ciclomotor,Pickup/Utilitario;Av. Eva Perón 9000;2;1;0;1;0;0;Ruta;ROSARIO;Rosario;Asfalto;No existe;II;S/D;Urbana;Otra Señal;Funciona;Recta;S/D;Buena;Diurna;Buen Tiempo;Otro;S/D;Colisión;Ninguna;Faltante
3597;2021;13/5/2021;Jueves;16:40:00;;0.0;2;Peatón,Automóvil;Av. Provincias Unidas Y White;2;1;0;1;0;0;Calle;ROSARIO;Rosario;Asfalto;No existe;II;Dentro;Urbana;Otra Señal;Funciona;Intersección;Bueno;Buena;Diurna;Buen Tiempo;De alcance,Múltiple;Peatón;Colisión;Ninguna;S/D
3598;2021;13/5/2021;Jueves;19:30:00;Ruta Nacional A008;0.0;2;Automóvil,Bicicleta;Bv. 27 De Febrero Y Av. Circunvalación;2;1;0;1;0;0;Ruta;ROSARIO;Rosario;Asfalto;S/D;II;Dentro;Urbana;Otra Señal;S/D;Recta;S/D;Buena;Atardecer;Buen Tiempo;De alcance,Múltiple;Ciclista;Colisión;S/D;Faltante
3599;2021;13/5/2021;Jueves;17:25:00;;0.0;2;Bicicleta,Moto/Ciclomotor;Bv. Avellaneda 4800;2;1;0;1;0;0;Calle;ROSARIO;Rosario;Asfalto;S/D;II;S/D;Urbana;Otra Señal;S/D;Recta;S/D;S/D;S/D;Buen Tiempo;De alcance,Múltiple;Ciclista;Colisión;S/D;S/D
3600;2021;13/5/2021;Jueves;13:20:00;;0.0;2;Automóvil,Pickup/Utilitario;Av. J J Paso Y Dr. Zavalla;4;3;0;1;0;0;Avenida;SANTA FE;La Capital;Asfalto;No existe;I;S/D;Urbana;Otra Señal;No existe;Rotonda;Bueno;Buena;Diurna;Buen Tiempo;De alcance,Múltiple;S/D;Colisión;Ninguna;Vertical
3601;2021;13/5/2021;Jueves;14:20:00;Ruta Nacional 168;0.0;2;Pickup/Utilitario,Moto/Ciclomotor;PUENTE Oroño ;2;1;0;1;0;0;Ruta;SANTA FE;La Capital;Asfalto;Pavimento;I;Dentro;Urbana;Otra Señal;No existe;Intersección;Bueno;Buena;Diurna;Buen Tiempo;De alcance,Múltiple;S/D;Colisión;Ninguna;Horizontal,Vertical
3602;2021;13/5/2021;Jueves;18:50:00;;0.0;2;Automóvil,Moto/Ciclomotor;Salta Y San Martin;3;2;0;1;0;0;S/D;CAPITÁN BERMÚDEZ;San Lorenzo;S/D;S/D;XVII;S/D;S/D;Otra Señal;S/D;Intersección;S/D;S/D;S/D;S/D;De alcance,Múltiple;S/D;Colisión;S/D;S/D
3603;2021;13/5/2021;Jueves;18:50:00;;0.0;2;Bicicleta,Otros;San Juan Y Humaita;2;0;0;0;0;2;Calle;SAN LORENZO;San Lorenzo;S/D;S/D;XVII;S/D;Urbana;Otra Señal;S/D;Intersección;S/D;S/D;S/D;S/D;De alcance,Múltiple;Ciclista;Colisión;S/D;S/D
3604;2021;13/5/2021;Jueves;08:00:00;;0.0;2;Tractor,Automóvil;25 de Mayo Y J Hernández;2;0;0;0;1;1;Calle;CORREA;Iriondo;Asfalto;No existe;X;S/D;Urbana;Otra Señal;No existe;Intersección;Bueno;S/D;Diurna;S/D;De alcance,Múltiple;S/D;Colisión;Ninguna;Faltante
3605;2021;13/5/2021;Jueves;07:40:00;;0.0;2;Bicicleta,Automóvil;Calle 30-Lucas Funes Y Calle 27-Gdor Freyre;2;1;0;1;0;0;S/D;RECONQUISTA;General Obligado;S/D;S/D;IX;S/D;S/D;Otra Señal;S/D;Intersección;S/D;S/D;S/D;S/D;S/D;Ciclista;Colisión;S/D;S/D
3606;2021;13/5/2021;Jueves;20:35:00;Ruta Nacional 8;0.0;1;Moto/Ciclomotor; ;1;1;0;0;0;0;Ruta;SAN EDUARDO;General LÓPEZ;S/D;S/D;VIII;S/D;S/D;Otra Señal;S/D;Intersección;S/D;S/D;S/D;S/D;S/D;S/D;Colisión;S/D;S/D
3607;2021;13/5/2021;Jueves;12:25:00;;0.0;2;Pickup/Utilitario,Moto/Ciclomotor;Juan José Castelli Y Agüero;2;1;0;1;0;0;S/D;VENADO TUERTO;General LÓPEZ;S/D;S/D;VIII;S/D;S/D;Otra Señal;S/D;Intersección;S/D;S/D;S/D;S/D;S/D;S/D;Colisión;S/D;S/D
3608;2021;13/5/2021;Jueves;23:00:00;Ruta Nacional 11;0.0;2;Camión c / Semirremolque,Camión c / Acoplado; ;2;1;0;1;0;0;Ruta;RECONQUISTA;General Obligado;S/D;S/D;IX;S/D;S/D;Otra Señal;S/D;Intersección;S/D;S/D;S/D;S/D;S/D;S/D;Colisión;S/D;S/D
3609;2021;13/5/2021;Jueves;12:05:00;;0.0;2;Automóvil,Moto/Ciclomotor;Calle 12 San Martin 861;2;1;0;1;0;0;S/D;RECONQUISTA;General Obligado;S/D;S/D;IX;S/D;S/D;Otra Señal;S/D;Intersección;S/D;S/D;S/D;S/D;S/D;S/D;Colisión;S/D;S/D
3610;2021;13/5/2021;Jueves;17:00:00;;0.0;1;Bicicleta;Av. Pellegrini Y Suipacha;1;1;0;0;0;0;Calle;ROSARIO;Constitución;Asfalto;No existe;II;Dentro;Urbana;Otra Señal;Funciona;Intersección;Bueno;S/D;Diurna;S/D;Múltiple;S/D;Colisión;Ninguna;Horizontal,Vertical
3611;2021;13/5/2021;Jueves;07:30:00;;0.0;1;Moto/Ciclomotor;Bv. Seguí Y Calle 1818;1;1;0;0;0;0;Calle;ROSARIO;Constitución;S/D;S/D;II;Dentro;Urbana;Otra Señal;S/D;Intersección;S/D;S/D;Diurna;S/D;Múltiple;S/D;Colisión;S/D;S/D
3612;2021;13/5/2021;Jueves;11:30:00;;0.0;2;Moto/Ciclomotor,Moto/Ciclomotor;Bv. Rondeau 1900;2;2;0;0;0;0;Calle;ROSARIO;Constitución;Asfalto;No existe;II;Dentro;Urbana;Otra Señal;Funciona;Intersección;Bueno;S/D;Diurna;S/D;Múltiple;S/D;Colisión;Ninguna;Horizontal,Vertical
3613;2021;13/5/2021;Jueves;16:30:00;;0.0;1;Moto/Ciclomotor;J.J.Paso Y Solís;1;1;0;0;0;0;Calle;ROSARIO;Constitución;Asfalto;No existe;II;Dentro;Urbana;Otra Señal;Funciona;Intersección;Bueno;S/D;Diurna;S/D;Múltiple;S/D;Colisión;Ninguna;Horizontal,Vertical
3614;2021;13/5/2021;Jueves;17:00:00;;0.0;1;Bicicleta; ;1;1;0;0;0;0;S/D;ROSARIO;Constitución;S/D;S/D;II;S/D;S/D;Otra Señal;S/D;Intersección;S/D;S/D;Diurna;S/D;Múltiple;S/D;Colisión;S/D;S/D
3615;2021;13/5/2021;Jueves;;;0.0;2;Bicicleta,Automóvil; ;3;1;0;1;0;0;S/D;ESPERANZA;Constitución;S/D;S/D;XI;S/D;S/D;Otra Señal;S/D;Intersección;S/D;S/D;S/D;S/D;Múltiple;Ciclista;Colisión;S/D;S/D
3616;2021;14/5/2021;Viernes;19:15:00;;0.0;2;Moto/Ciclomotor,Automóvil;Simón de Iriondo Y Pilar;2;1;0;1;0;0;Calle;ESPERANZA;Las Colonias;Asfalto;S/D;XI;Dentro;Urbana;Otra Señal;No existe;Intersección;Bueno;Buena;Nocturna;Buen Tiempo;Lateral;S/D;Colisión;Ninguna;Faltante
3617;2021;14/5/2021;Viernes;13:20:00;Ruta Nacional 11;0.0;2;Moto/Ciclomotor,Pickup/Utilitario;Av. San Martin Y Almafuerte;2;1;0;1;0;0;Ruta;GRANADERO BAIGORRIA;Rosario;Asfalto;Pavimento;II;S/D;Urbana;Otra Señal;No existe;Intersección;Bueno;Buena;Diurna;Buen Tiempo;Lateral;S/D;Colisión;Ninguna;S/D
3618;2021;14/5/2021;Viernes;23:00:00;;0.0;2;Automóvil,Moto/Ciclomotor;Lavalle Y Morelli;3;1;0;2;0;0;Calle;PEREZ;Rosario;Asfalto;No existe;II;Dentro;Urbana;Otra Señal;No existe;Intersección;Bueno;Reducida;Nocturna,Con luz artificial;Buen Tiempo;Frontal;S/D;Colisión;Ninguna;S/D
3619;2021;14/5/2021;Viernes;21:00:00;;0.0;2;Moto/Ciclomotor,Transporte de Pasajeros Urbano (> 8 asientos);J M Estrada 700;2;1;0;1;0;0;Calle;VILLA GOBERNADOR GÁLVEZ;Rosario;Asfalto;No existe;II;Dentro;Urbana;Otra Señal;No existe;Recta;Bueno;Buena;Nocturna,Con luz artificial;Buen Tiempo;Lateral;S/D;Colisión;Agua;Faltante
3620;2021;14/5/2021;Viernes;17:30:00;;0.0;1;Bicicleta;Simón de Iriondo Y Cavour;1;1;0;0;0;0;Calle;ESPERANZA;Las Colonias;Asfalto;S/D;XI;Dentro;Urbana;Otra Señal;No existe;Intersección;Bueno;Buena;Diurna;S/D;S/D;S/D;Colisión;Ninguna;Faltante
3621;2021;14/5/2021;Viernes;19:40:00;;0.0;1;Moto/Ciclomotor;Belgrano 2700;1;1;0;0;0;0;Calle;VERA;Vera;Ripio;No existe;XIX;Dentro;Urbana;Otra Señal;No existe;Recta;Otro;Reducida;Nocturna;Buen Tiempo;De alcance,Múltiple;S/D;Colisión;Material Suelto;Faltante
3622;2021;14/5/2021;Viernes;17:40:00;;0.0;2;Moto/Ciclomotor,Automóvil;Av. Francia Y Dr. Rivas;2;1;0;1;0;0;Avenida;ROSARIO;Rosario;Asfalto;No existe;II;Dentro;Urbana;Otra Señal;No existe;Intersección;Bueno;Buena;Diurna;Buen Tiempo;De alcance,Múltiple;S/D;Colisión;Ninguna;Faltante
3623;2021;14/5/2021;Viernes;09:00:00;Autopista Nacional A008;0.0;2;Bicicleta,Automóvil;Av. Circunvalación Y Rivarola;2;1;0;1;0;0;Autopista;ROSARIO;Rosario;Asfalto;No existe;II;Dentro;Urbana;Otra Señal;No existe;Recta;Otro;Buena;Diurna;Buen Tiempo;De alcance,Múltiple;Ciclista;Colisión;Ninguna;Faltante
3624;2021;14/5/2021;Viernes;23:30:00;;0.0;2;Moto/Ciclomotor,Automóvil;Dr. Rivas Y Necochea;2;1;0;1;0;0;Calle;ROSARIO;Rosario;Asfalto;S/D;II;S/D;Urbana;Otra Señal;S/D;Intersección;S/D;S/D;S/D;S/D;De alcance,Múltiple;S/D;Colisión;S/D;S/D
3625;2021;14/5/2021;Viernes;18:25:00;;0.0;1;Moto/Ciclomotor;Necochea 3700;2;2;0;0;0;0;Calle;ROSARIO;Rosario;Asfalto;S/D;II;S/D;Urbana;Otra Señal;S/D;Recta;S/D;S/D;S/D;S/D;De alcance,Múltiple;S/D;Colisión;S/D;S/D
3626;2021;14/5/2021;Viernes;06:00:00;;0.0;2;Moto/Ciclomotor,Taxi/Remis;Grandoli Y Pje. Spiro Bis;2;1;0;1;0;0;Calle;ROSARIO;Rosario;Asfalto;No existe;II;Dentro;Urbana;Otra Señal;No existe;Recta;Bueno;Buena;Con luz artificial;Buen Tiempo;De alcance,Múltiple;S/D;Colisión;Ninguna;Faltante
3627;2021;14/5/2021;Viernes;16:40:00;Ruta Provincial 2;0.0;2;Automóvil,Moto/Ciclomotor;Ruta pcial 2 Av. San Martin Y Rio Negro;3;2;0;1;0;0;Ruta;MONTE VERA;La Capital;Asfalto;Ripio;I;S/D;Urbana;Otra Señal;Funciona;Intersección;Bueno;Buena;Diurna;Buen Tiempo;De alcance,Múltiple;S/D;Colisión;Ninguna;Vertical
3628;2021;14/5/2021;Viernes;18:45:00;Ruta Provincial 1;0.0;2;Automóvil,Moto/Ciclomotor; ;2;1;0;1;0;0;Ruta;COLASTINE;La Capital;Asfalto;Pavimento;I;Dentro;Urbana;Otra Señal;Funciona;Recta;Bueno;Reducida;Atardecer;Buen Tiempo;De alcance,Múltiple;S/D;Colisión;Ninguna;Vertical
3629;2021;14/5/2021;Viernes;17:40:00;;0.0;2;Pickup/Utilitario,Moto/Ciclomotor;De Los Lapachos Y De los Duendes;2;1;0;1;0;0;Calle;SAN JOSÉ DEL RINCÓN;La Capital;Arena;Natural;I;Dentro;Urbana;Otra Señal;No existe;Recta;Bueno;Buena;Diurna;Buen Tiempo;De alcance,Múltiple;S/D;Colisión;Ninguna;S/D
3630;2021;14/5/2021;Viernes;09:00:00;;0.0;2;Moto/Ciclomotor,Automóvil;Balcarce Y General Manuel Belgrano;3;1;0;2;0;0;Calle;SANTO TOMÉ;La Capital;Asfalto;S/D;I;Dentro;Urbana;Otra Señal;S/D;Intersección;Bueno;Buena;Diurna;Buen Tiempo;De alcance,Múltiple;S/D;Colisión;Ninguna;Vertical
3631;2021;14/5/2021;Viernes;13:20:00;;0.0;2;Moto/Ciclomotor,Automóvil;Balcarce Y Hipólito Irigoyen;2;1;0;1;0;0;Calle;SANTO TOMÉ;La Capital;Asfalto;No existe;I;Dentro;Urbana;Otra Señal;Funciona;Intersección;Bueno;Buena;Diurna;Buen Tiempo;De alcance,Múltiple;S/D;Colisión;Ninguna;Vertical
3632;2021;14/5/2021;Viernes;16:00:00;;0.0;2;Moto/Ciclomotor,Automóvil;Necochea Y J P López;2;1;0;1;0;0;Calle;SANTA FE;La Capital;Asfalto;No existe;I;S/D;Urbana;Otra Señal;No existe;Intersección;Bueno;Buena;Diurna;Buen Tiempo;De alcance,Múltiple;S/D;Colisión;Ninguna;S/D
3633;2021;14/5/2021;Viernes;14:45:00;;0.0;2;Moto/Ciclomotor,Automóvil;Francia Y Gdor. Crespo;3;2;0;1;0;0;Calle;SANTA FE;La Capital;Asfalto;No existe;I;Dentro;Urbana;Otra Señal;No existe;Intersección;Bueno;Buena;Diurna;Buen Tiempo;De alcance,Múltiple;S/D;Colisión;Ninguna;S/D
3634;2021;14/5/2021;Viernes;07:30:00;Autopista Nacional A007;0.0;2;Moto/Ciclomotor,Automóvil;Av. Circunvalación ;2;1;0;0;0;1;Autopista;SANTA FE;La Capital;Asfalto;No existe;I;S/D;Urbana;Otra Señal;No existe;Curva;Bueno;Buena;Diurna;Buen Tiempo;De alcance,Múltiple;S/D;Colisión;Ninguna;Vertical
3635;2021;14/5/2021;Viernes;15:30:00;;0.0;2;Pickup/Utilitario,Automóvil;Vélez Sarsfield Y Pedro Ferre;2;1;0;1;0;0;Calle;SANTA FE;La Capital;Asfalto;Pavimento;I;Dentro;Urbana;Otra Señal;No existe;Cruce;Bueno;Buena;Diurna;Buen Tiempo;De alcance,Múltiple;S/D;Colisión;Ninguna;Faltante
3636;2021;14/5/2021;Viernes;19:00:00;;0.0;2;Bicicleta,Automóvil;Pte. Roca Y Dr.J.Alvarez;2;1;0;1;0;0;Calle;ROSARIO;Rosario;Asfalto;S/D;II;S/D;Urbana;Otra Señal;S/D;Intersección;S/D;S/D;Con luz artificial;S/D;De alcance,Múltiple;Ciclista;Colisión;S/D;S/D
3637;2021;14/5/2021;Viernes;14:30:00;;0.0;2;Automóvil,Moto/Ciclomotor;9 De Julio Y Mariano Moreno;2;1;0;1;0;0;Calle;ROSARIO;Rosario;Asfalto;Pavimento;II;S/D;Urbana;Otra Señal;S/D;Intersección;Bueno;Buena;Diurna;Buen Tiempo;De alcance,Múltiple;S/D;Colisión;S/D;Vertical
3638;2021;14/5/2021;Viernes;13:50:00;;0.0;2;Moto/Ciclomotor,Pickup/Utilitario;Paraguay Y Cochabamba;2;1;0;1;0;0;Calle;ROSARIO;Rosario;Asfalto;No existe;II;Dentro;Urbana;Otra Señal;No existe;Intersección;Bueno;Buena;Diurna;Buen Tiempo;De alcance,Múltiple;S/D;Colisión;Ninguna;Faltante