ID_Accidente;A�o;Fecha;Dia;Hopra;Ruta/Autop;km;Participantes;Tipo;Lugar;Total;Heridos Leves;Heridos Graves;Ilesos;Fallecidos;Sin datos;desc_tipo_via;desc_loc;desc_dpto;|;desc_tipo_banquina;desc_unidad_regional;desc_lugar_calzada;desc_zona;desc_prioridad;desc_estado_semaforo;desc_lugar_via;desc_estado_via;desc_estado_visibilidad;desc_luminosidad;desc_estado_clima;desc_tipo_colision;desc_tipo_atropello;desc_tipo_hecho;desc_pres_calzada;desc_senializacion
3639;2021;14/5/2021;Viernes;12:00:00;;0.0;2;Automóvil,Moto/Ciclomotor;Av. San Martin Y Sarmiento;2;1;0;1;0;0;Avenida;SAN LORENZO;San Lorenzo;Hormigón;S/D;XVII;S/D;Urbana;Otra Señal;S/D;Intersección;S/D;S/D;Diurna;S/D;De alcance,Múltiple;S/D;Colisión;S/D;S/D
3640;2021;14/5/2021;Viernes;16:45:00;;0.0;2;Moto/Ciclomotor,Automóvil;Azcuénaga Y General Richieri;2;1;0;1;0;0;Calle;FRAY LUIS BELTRÁN;San Lorenzo;Asfalto;No existe;XVII;S/D;S/D;Otra Señal;No existe;Intersección;Bueno;Buena;S/D;Otro;De alcance,Múltiple;S/D;Colisión;Ninguna;Faltante
3641;2021;14/5/2021;Viernes;;;0.0;2;Bicicleta,Moto/Ciclomotor; ;2;1;0;1;0;0;S/D;ESPERANZA;Las Colonias;S/D;S/D;XI;S/D;S/D;Otra Señal;S/D;Intersección;S/D;S/D;S/D;S/D;De alcance,Múltiple;Ciclista;Colisión;S/D;S/D
3642;2021;14/5/2021;Viernes;;;0.0;2;Automóvil,Moto/Ciclomotor;Alfonsina Storni Y Remedios de Escalada;5;4;0;1;0;0;S/D;RAFAELA;Castellanos;S/D;S/D;V;S/D;S/D;Otra Señal;S/D;Intersección;S/D;S/D;S/D;S/D;S/D;S/D;Colisión;S/D;S/D
3643;2021;14/5/2021;Viernes;;;0.0;2;Moto/Ciclomotor,Pickup/Utilitario;Aconcagua Y Gabriel Maggi;2;1;0;1;0;0;S/D;RAFAELA;Castellanos;S/D;S/D;V;S/D;S/D;Otra Señal;S/D;Intersección;S/D;S/D;S/D;S/D;S/D;S/D;Colisión;S/D;S/D
3644;2021;14/5/2021;Viernes;07:50:00;;0.0;2;Automóvil,Moto/Ciclomotor;Calle 24 - Olessio Y Calle 135;3;1;0;2;0;0;S/D;RECONQUISTA;General Obligado;S/D;S/D;IX;S/D;S/D;Otra Señal;S/D;Intersección;S/D;S/D;S/D;S/D;S/D;S/D;Colisión;S/D;S/D
3645;2021;14/5/2021;Viernes;11:15:00;;0.0;2;Moto/Ciclomotor,Automóvil;Belgrano Manuel Y L Novoro;2;1;0;1;0;0;S/D;SAN CARLOS CENTRO;Las Colonias;S/D;S/D;XI;S/D;S/D;Otra Señal;S/D;Intersección;S/D;S/D;S/D;S/D;S/D;S/D;Colisión;S/D;S/D
3646;2021;14/5/2021;Viernes;21:30:00;;0.0;2;Automóvil,Automóvil;Av. Francia Y Rueda;2;2;0;0;0;0;Calle;ROSARIO;Constitución;Asfalto;No existe;II;Dentro;Urbana;Otra Señal;No existe;Intersección;Bueno;S/D;Nocturna;S/D;Múltiple;S/D;Colisión;Ninguna;Faltante
3647;2021;14/5/2021;Viernes;14:00:00;;0.0;1;Moto/Ciclomotor;Cochabamba Y Paraguay;1;1;0;0;0;0;Calle;ROSARIO;Constitución;S/D;S/D;II;S/D;Urbana;Otra Señal;S/D;Intersección;S/D;S/D;Diurna;S/D;Múltiple;S/D;Colisión;S/D;S/D
3648;2021;14/5/2021;Viernes;04:30:00;;0.0;2;Automóvil,Moto/Ciclomotor;Av. Francia Y 9 De Julio;2;1;0;0;0;1;Avenida;ROSARIO;Constitución;S/D;S/D;II;Dentro;Urbana;Otra Señal;S/D;Intersección;S/D;S/D;Diurna;S/D;Múltiple;S/D;Colisión;S/D;S/D
3649;2021;14/5/2021;Viernes;15:30:00;;0.0;1;Bicicleta;Bv. Avellaneda Y Gral.Mosconi;1;1;0;0;0;0;Avenida;ROSARIO;Constitución;S/D;S/D;II;Dentro;Urbana;Otra Señal;S/D;Intersección;S/D;S/D;Diurna;S/D;Múltiple;S/D;Colisión;S/D;S/D
3650;2021;14/5/2021;Viernes;18:40:00;;0.0;1;Moto/Ciclomotor;Bertole Y C.Larralde;1;1;0;0;0;0;Calle;ROSARIO;Constitución;S/D;S/D;II;Dentro;Urbana;Otra Señal;S/D;Intersección;S/D;S/D;Diurna;S/D;Múltiple;S/D;Colisión;S/D;S/D
3651;2021;14/5/2021;Viernes;18:40:00;Ruta Secundaria 20-s;0.0;2;Moto/Ciclomotor,Camión c / Semirremolque;Ruta Provincial 20 s Y San Martin;2;0;0;1;0;0;Ruta;PIÑERO;Constitución;Asfalto;Ripio;II;S/D;Urbana;Otra Señal;No existe;Intersección;Bueno;Buena;Atardecer;Buen Tiempo;Múltiple;S/D;Colisión;Ninguna;Faltante
3652;2021;14/5/2021;Viernes;08:40:00;;0.0;2;Moto/Ciclomotor,Pickup/Utilitario;Nicaragua Y Pérez Bulnes;2;0;0;1;0;0;Calle;ROSARIO;Constitución;Asfalto;No existe;II;Dentro;Urbana;Otra Señal;No existe;Intersección;Bueno;Buena;Diurna;Buen Tiempo;Múltiple;S/D;Colisión;Ninguna;S/D
3653;2021;14/5/2021;Viernes;14:35:00;;0.0;2;Moto/Ciclomotor,Pickup/Utilitario;San Martin Y Platón;2;0;0;0;0;1;Avenida;ROSARIO;Constitución;Asfalto;No existe;II;Dentro;Urbana;Otra Señal;No existe;Intersección;Bueno;Buena;Diurna;Buen Tiempo;Múltiple;S/D;Colisión;Ninguna;Faltante
3654;2021;14/5/2021;Viernes;07:50:00;;0.0;2;Moto/Ciclomotor,Automóvil;3 De Febrero Y Bv. Avellaneda;2;0;0;0;0;1;Avenida;ROSARIO;Constitución;Asfalto;S/D;II;S/D;Urbana;Otra Señal;S/D;Intersección;S/D;S/D;Diurna;S/D;Múltiple;S/D;Colisión;S/D;S/D
3655;2021;14/5/2021;Viernes;19:45:00;Ruta Nacional 34;398.0;2;Automóvil,Camión c / Semirremolque; ;3;0;0;1;1;0;Ruta;CERES;Constitución;Asfalto;Ripio;XIII;S/D;Rural;Otra Señal;No existe;Intersección;Bueno;Reducida;Nocturna;Buen Tiempo;Múltiple;S/D;Colisión;Ninguna;S/D
3656;2021;14/5/2021;Viernes;;;0.0;2;Bicicleta,Automóvil;Bv Santa Fe Y Aconcagua;2;0;0;1;0;0;S/D;RAFAELA;Constitución;S/D;S/D;V;S/D;S/D;Otra Señal;S/D;Intersección;S/D;S/D;S/D;S/D;Múltiple;Ciclista;Colisión;S/D;S/D
3657;2021;14/5/2021;Viernes;19:30:00;;0.0;2;Bicicleta,Automóvil;San Juan Y Pasteur;2;0;0;1;0;0;Calle;SUNCHALES;Constitución;Hormigón;Pavimento;V;Dentro;Urbana;Otra Señal;No existe;Intersección;Bueno;Buena;Nocturna;Buen Tiempo;Múltiple;Ciclista;Colisión;Ninguna;Vertical
3658;2021;14/5/2021;Viernes;17:50:00;;0.0;2;Moto/Ciclomotor,Pickup/Utilitario;S Martin Y Gral. Urquiza;3;1;0;0;0;0;Calle;SAN JUSTO;San Justo;Asfalto;No existe;XVI;Dentro;Urbana;Otra Señal;No existe;Intersección;Bueno;Buena;Diurna;Buen Tiempo;Múltiple;S/D;Colisión;Ninguna;Faltante
3659;2021;15/5/2021;Sabado;13:10:00;;0.0;2;Automóvil,Moto/Ciclomotor;Simón de Iriondo Y F Soutomayor;3;1;0;2;0;0;Calle;ESPERANZA;Las Colonias;Asfalto;S/D;XI;S/D;Urbana;Otra Señal;S/D;Intersección;Bueno;Buena;Diurna;Buen Tiempo;S/D;S/D;Colisión;Ninguna;S/D
3660;2021;15/5/2021;Sabado;00:00:00;;0.0;2;Peatón,Moto/Ciclomotor;El Jacaranda 220;2;1;0;0;0;1;Calle;PEREZ;Rosario;Asfalto;No existe;II;S/D;Urbana;Otra Señal;No existe;Otro;Deteriorada;Buena;Nocturna;Buen Tiempo;S/D;Peatón;Colisión;Ninguna;Faltante
3661;2021;15/5/2021;Sabado;12:05:00;;0.0;2;Moto/Ciclomotor,Automóvil;Bv. 27 De Febrero Y San Nicolas;2;2;0;0;0;0;Calle;ROSARIO;Rosario;Asfalto;No existe;II;S/D;Urbana;Otra Señal;No existe;Recta;Bueno;Buena;Diurna;Buen Tiempo;S/D;S/D;Colisión;Ninguna;Faltante
3662;2021;15/5/2021;Sabado;07:30:00;;0.0;2;Automóvil,Moto/Ciclomotor;Av. Las Palmeras ;2;1;0;1;0;0;Calle;PEREZ;Rosario;Asfalto;Ripio;II;Dentro;Rural;Otra Señal;No existe;Recta;S/D;Buena;Con luz artificial;Buen Tiempo;S/D;S/D;Colisión;Ninguna;S/D
3663;2021;15/5/2021;Sabado;16:00:00;;0.0;2;Moto/Ciclomotor,Automóvil;Av. Bermúdez 5900;2;1;0;1;0;0;Avenida;ROSARIO;Rosario;Asfalto;No existe;II;S/D;Urbana;Otra Señal;No existe;Recta;Bueno;Buena;Diurna;Buen Tiempo;De alcance,Múltiple;S/D;Colisión;Ninguna;Faltante
3664;2021;15/5/2021;Sabado;19:30:00;;0.0;2;Bicicleta,Automóvil;Av. Castro Barros Y Av. Ntra.Sra.del Rosario;2;1;0;1;0;0;Avenida;ROSARIO;Rosario;Asfalto;No existe;II;Dentro;Urbana;Otra Señal;Funciona;Intersección;Bueno;Buena;Diurna;Buen Tiempo;De alcance,Múltiple;Ciclista;Colisión;Ninguna;Faltante
3665;2021;15/5/2021;Sabado;10:20:00;;0.0;2;Moto/Ciclomotor,Automóvil;Mariano Moreno Y Vicente López y Planes;2;1;0;1;0;0;Calle;SANTO TOMÉ;La Capital;Asfalto;No existe;I;Dentro;Urbana;Otra Señal;No existe;Intersección;Bueno;Buena;Diurna;Buen Tiempo;De alcance,Múltiple;S/D;Colisión;Ninguna;Vertical
3666;2021;15/5/2021;Sabado;00:30:00;Ruta Nacional 11;0.0;2;Moto/Ciclomotor,Automóvil;Sam Juan Y Ruta Nacional 11;4;1;0;3;0;0;Ruta;RECREO;La Capital;Asfalto;Ripio;I;S/D;Urbana;Otra Señal;No existe;Recta;Bueno;Reducida;Diurna;Buen Tiempo;De alcance,Múltiple;S/D;Colisión;Ninguna;Faltante
3667;2021;15/5/2021;Sabado;19:00:00;Ruta Nacional 11;0.0;2;Moto/Ciclomotor,Pickup/Utilitario;9 de Julio ;2;1;0;1;0;0;Ruta;NELSON;La Capital;Asfalto;Natural;I;S/D;Urbana;Otra Señal;No existe;Intersección;Bueno;Buena;Atardecer;Buen Tiempo;De alcance,Múltiple;S/D;Colisión;Ninguna;Horizontal
3668;2021;15/5/2021;Sabado;21:00:00;Ruta Nacional 11;0.0;2;Moto/Ciclomotor,Automóvil; ;2;1;0;1;0;0;Ruta;SANTA FE;La Capital;Asfalto;No existe;I;S/D;Urbana;Otra Señal;No existe;Puente;Bueno;Reducida;Nocturna;Buen Tiempo;De alcance,Múltiple;S/D;Colisión;Ninguna;Faltante
3669;2021;15/5/2021;Sabado;17:30:00;;0.0;2;Moto/Ciclomotor,Automóvil;San Lorenzo Y San Martin;2;1;0;1;0;0;Calle;LAS ROSAS;Belgrano;Asfalto;No existe;III;Dentro;Urbana;Otra Señal;No existe;Intersección;Bueno;Buena;Diurna;S/D;De alcance,Múltiple;S/D;Colisión;Ninguna;Faltante
3670;2021;15/5/2021;Sabado;13:35:00;;0.0;2;Automóvil,Moto/Ciclomotor;Sarmiento Y Av. Del Huerto;2;1;0;1;0;0;Calle;ROSARIO;Rosario;Asfalto;S/D;II;Dentro;Urbana;Otra Señal;S/D;Intersección;S/D;S/D;Diurna;S/D;De alcance,Múltiple;S/D;Colisión;S/D;S/D
3671;2021;15/5/2021;Sabado;12:30:00;;0.0;2;Moto/Ciclomotor,Pickup/Utilitario;Gálvez Y Mariano Moreno;2;1;0;1;0;0;Calle;ROSARIO;Rosario;Asfalto;No existe;II;Dentro;Urbana;Otra Señal;No existe;Intersección;Bueno;Buena;Diurna;Buen Tiempo;De alcance,Múltiple;S/D;Colisión;Ninguna;Faltante
3672;2021;15/5/2021;Sabado;22:00:00;;0.0;2;Automóvil,Automóvil;J V González Y Av. Mármol;2;1;0;1;0;0;S/D;CAPITÁN BERMÚDEZ;San Lorenzo;S/D;S/D;XVII;S/D;S/D;Otra Señal;S/D;Intersección;S/D;S/D;S/D;S/D;De alcance,Múltiple;S/D;Colisión;S/D;S/D
3673;2021;15/5/2021;Sabado;17:55:00;Ruta Secundaria 83-s;148.0;2;Moto/Ciclomotor,Moto/Ciclomotor; ;3;2;0;0;1;0;Ruta;POZO DE LOS INDIOS;Vera;Tierra;Natural;XIX;S/D;Rural;Otra Señal;No existe;Intersección;Bueno;Reducida polvo;Diurna;Buen Tiempo;De alcance,Múltiple;S/D;Colisión;Ninguna;Faltante
3674;2021;15/5/2021;Sabado;18:00:00;;0.0;2;Moto/Ciclomotor,Automóvil; Valentín Alsina Y Montevideo;3;2;0;1;0;0;S/D;CASILDA;Caseros;S/D;S/D;IV;S/D;S/D;Otra Señal;S/D;Intersección;S/D;S/D;S/D;S/D;De alcance,Múltiple;S/D;Colisión;S/D;S/D
3675;2021;15/5/2021;Sabado;08:20:00;Ruta Provincial 65;0.0;2;Automóvil,Camión;Juan B Justo ;2;1;0;1;0;0;Ruta;SAN GENARO;San JERÓNIMO;S/D;S/D;XV;S/D;S/D;Otra Señal;S/D;Intersección;S/D;S/D;S/D;S/D;De alcance,Múltiple;S/D;Colisión;S/D;S/D
3676;2021;15/5/2021;Sabado;;Ruta Nacional 11;0.0;2;Moto/Ciclomotor,Bicicleta;Calle 1 ;2;2;0;0;0;0;Ruta;LAS TOSCAS;General Obligado;S/D;S/D;IX;S/D;S/D;Otra Señal;S/D;Intersección;S/D;S/D;S/D;S/D;S/D;Ciclista;Colisión;S/D;S/D
3677;2021;15/5/2021;Sabado;;;0.0;2;Automóvil,Bicicleta; ;2;1;0;1;0;0;S/D;SUNCHALES;Castellanos;S/D;S/D;V;S/D;S/D;Otra Señal;S/D;Intersección;S/D;S/D;S/D;S/D;S/D;Ciclista;Colisión;S/D;S/D
3678;2021;15/5/2021;Sabado;14:00:00;;0.0;1;Automóvil;Rioja 1600;1;1;0;0;0;0;Calle;ROSARIO;Constitución;Asfalto;No existe;II;Dentro;Urbana;Otra Señal;No existe;Intersección;Bueno;S/D;Diurna;S/D;Múltiple;S/D;Colisión;Ninguna;Horizontal
3679;2021;15/5/2021;Sabado;00:00:00;;0.0;1;Automóvil;Pje. Cuba Y Av. Eva Perón;1;1;0;0;0;0;Calle;ROSARIO;Constitución;Asfalto;No existe;II;Dentro;Urbana;Otra Señal;Funciona;Intersección;Bueno;S/D;Nocturna;S/D;Múltiple;S/D;Colisión;Ninguna;Horizontal,Vertical
3680;2021;15/5/2021;Sabado;18:00:00;;0.0;1;Moto/Ciclomotor;San Luis Y Carriego;1;1;0;0;0;0;Calle;ROSARIO;Constitución;Asfalto;No existe;II;Dentro;Urbana;Otra Señal;No existe;Intersección;Bueno;S/D;Diurna;S/D;Múltiple;S/D;Colisión;Ninguna;Faltante
3681;2021;15/5/2021;Sabado;00:00:00;;0.0;1;Moto/Ciclomotor;ROULLON Y ABORÍGENES ARGENTINOS;1;1;0;0;0;0;Calle;ROSARIO;Constitución;Asfalto,Tierra;No existe;II;Dentro;Urbana;Otra Señal;No existe;Intersección;Bueno;S/D;Nocturna;S/D;Múltiple;S/D;Colisión;Ninguna;Faltante
3682;2021;15/5/2021;Sabado;14:30:00;;0.0;1;Moto/Ciclomotor;Av. Puccio Y Av. Eudoro Carrasco;1;1;0;0;0;0;Calle;ROSARIO;Constitución;Asfalto;No existe;II;Dentro;Urbana;Otra Señal;Funciona;Intersección;Bueno;S/D;Diurna;S/D;Múltiple;S/D;Colisión;Ninguna;Horizontal,Vertical
3683;2021;15/5/2021;Sabado;11:20:00;;0.0;1;Automóvil;Montevideo Y Roullon;1;1;0;0;0;0;Calle;ROSARIO;Constitución;Asfalto;No existe;II;Dentro;Urbana;Otra Señal;No existe;Intersección;Bueno;S/D;Diurna;S/D;Múltiple;S/D;Colisión;Ninguna;Faltante
3684;2021;15/5/2021;Sabado;08:20:00;;0.0;1;Moto/Ciclomotor;Montevideo Y Alsina;1;1;0;0;0;0;Calle;ROSARIO;Constitución;Asfalto;No existe;II;Dentro;Urbana;Otra Señal;No existe;Intersección;Bueno;S/D;Diurna;S/D;Múltiple;S/D;Colisión;Ninguna;Faltante
3685;2021;15/5/2021;Sabado;08:20:00;;0.0;1;Moto/Ciclomotor;Montevideo Y Alsina;1;1;0;0;0;0;Calle;ROSARIO;Constitución;Asfalto;No existe;II;Dentro;Urbana;Otra Señal;No existe;Intersección;Bueno;S/D;Diurna;S/D;Múltiple;S/D;Colisión;S/D;Faltante
3686;2021;15/5/2021;Sabado;11:45:00;;0.0;2;Moto/Ciclomotor,Automóvil;Belgrano Y Pasteur;4;0;0;3;0;0;Calle;VILLA GOBERNADOR GÁLVEZ;Constitución;Asfalto;No existe;II;S/D;Urbana;Otra Señal;No existe;Intersección;Con baches;Buena;Diurna;Otro;Múltiple;S/D;Colisión;Ninguna;Faltante
3687;2021;15/5/2021;Sabado;16:45:00;Ruta Provincial 1;71.0;1;Moto/Ciclomotor;Ruta Prov. 1 ;1;0;0;0;0;0;Ruta;CAYASTA;Constitución;Asfalto;Natural;VII;Fuera;Urbana;Otra Señal;Funciona;Intersección;Bueno;Buena;Diurna;Buen Tiempo;Múltiple;S/D;Colisión;Ninguna;Horizontal
3688;2021;15/5/2021;Sabado;11:45:00;;0.0;2;Moto/Ciclomotor,Automóvil;El Rosedal Y Chile;2;0;0;1;0;0;S/D;GRANADERO BAIGORRIA;Constitución;S/D;S/D;II;S/D;S/D;Otra Señal;S/D;Intersección;S/D;S/D;S/D;S/D;Múltiple;S/D;Colisión;S/D;S/D
3689;2021;16/5/2021;Domingo;08:05:00;;0.0;1;Moto/Ciclomotor;Av. Gral. San Martin Y Av. Leandro Alem;1;1;0;0;0;0;Calle;VILLA GOBERNADOR GÁLVEZ;Rosario;Asfalto;No existe;II;Dentro;Urbana;Otra Señal;Funciona;Intersección;Bueno;Buena;Diurna;Buen Tiempo;De alcance,Múltiple;S/D;Colisión;Ninguna;Faltante
3690;2021;16/5/2021;Domingo;15:00:00;;0.0;2;Moto/Ciclomotor,Transporte de Pasajeros (H/ 8 asientos);Av. Gral. San Martin Y Juan B Justo;3;2;0;1;0;0;S/D;VILLA GOBERNADOR GÁLVEZ;Rosario;Asfalto;No existe;II;S/D;S/D;Otra Señal;Funciona;Intersección;Bueno;Buena;Diurna;Buen Tiempo;De alcance,Múltiple;S/D;Colisión;Ninguna;Faltante
3691;2021;16/5/2021;Domingo;12:40:00;;0.0;2;Automóvil,Otros;Sarmiento Y Libertad;5;1;0;4;0;0;Calle;SAN CARLOS SUR;Las Colonias;Asfalto;No existe;XI;S/D;Urbana;Otra Señal;No existe;Intersección;Bueno;Buena;Diurna;Buen Tiempo;De alcance,Múltiple;S/D;Colisión;Ninguna;Horizontal,Vertical
3692;2021;16/5/2021;Domingo;20:35:00;;0.0;2;Moto/Ciclomotor,Moto/Ciclomotor;Avenida Libertador Y Juan De Garay;3;3;0;0;0;0;Avenida;SANTO DOMINGO;Las Colonias;Hormigón;No existe;XI;S/D;Urbana;Otra Señal;No existe;Intersección;Bueno;Reducida;Nocturna;Buen Tiempo;De alcance,Múltiple;S/D;Colisión;Ninguna;Faltante
3693;2021;16/5/2021;Domingo;20:20:00;Ruta Provincial 4;0.0;2;Automóvil,Camión c / Acoplado; ;4;1;0;3;0;0;Ruta;SAN CRISTÓBAL;San CRISTÓBAL;Hormigón;Natural;XIII;Dentro;Rural;Otra Señal;No existe;Intersección;Deteriorada;Reducida;Nocturna;Buen Tiempo;De alcance,Múltiple;S/D;Colisión;Ninguna;Vertical
3694;2021;16/5/2021;Domingo;15:30:00;;0.0;2;Moto/Ciclomotor,Otros;Calle 24 Y Calle 7;2;1;0;1;0;0;Calle;LAS PAREJAS;Belgrano;Tierra;No existe;III;S/D;Urbana;Otra Señal;No existe;Intersección;Bueno;Buena;Diurna;Buen Tiempo;De alcance,Múltiple;S/D;Colisión;Ninguna;Faltante
3695;2021;16/5/2021;Domingo;19:20:00;;0.0;2;Automóvil,Moto/Ciclomotor;Rivadavia Y 25 de Mayo;4;1;0;3;0;0;Calle;VERA;Vera;Asfalto;No existe;XIX;Dentro;Urbana;Otra Señal;No existe;Intersección;Bueno;Reducida;Nocturna;Buen Tiempo;De alcance,Múltiple;S/D;Colisión;Ninguna;Vertical
3696;2021;16/5/2021;Domingo;19:15:00;;0.0;1;Moto/Ciclomotor;Buenos Aires 2000;1;1;0;0;0;0;Calle;VERA;Vera;Asfalto;No existe;XIX;Dentro;Urbana;Otra Señal;No existe;Intersección;Bueno;Reducida;Atardecer;Buen Tiempo;De alcance,Múltiple;S/D;Colisión;Ninguna;Vertical
3697;2021;16/5/2021;Domingo;17:30:00;;0.0;2;Automóvil,Moto/Ciclomotor;Bv Gálvez Y Alberdi;2;1;0;1;0;0;Calle;SANTA FE;La Capital;Asfalto;Pavimento;I;Dentro;Urbana;Otra Señal;Funciona;Intersección;Bueno;Buena;Diurna;Buen Tiempo;De alcance,Múltiple;S/D;Colisión;Ninguna;Horizontal,Vertical
3698;2021;16/5/2021;Domingo;23:55:00;;0.0;2;Moto/Ciclomotor,Moto/Ciclomotor;Centenario Y Balcarce;2;2;0;0;0;0;Calle;SANTO TOMÉ;La Capital;Asfalto;Pavimento;I;Dentro;Urbana;Otra Señal;No existe;Intersección;Bueno;Buena;Nocturna;Buen Tiempo;De alcance,Múltiple;S/D;Colisión;Ninguna;Vertical
3699;2021;16/5/2021;Domingo;;;0.0;2;Moto/Ciclomotor,Moto/Ciclomotor;Av. San Martin Y Santa Fe;2;2;0;0;0;0;S/D;FRAY LUIS BELTRÁN;San Lorenzo;S/D;S/D;XVII;S/D;S/D;Otra Señal;S/D;Intersección;S/D;S/D;S/D;S/D;De alcance,Múltiple;S/D;Colisión;S/D;S/D
3700;2021;16/5/2021;Domingo;;Ruta Nacional 34;0.0;2;Camión,Moto/Ciclomotor; ;2;1;0;1;0;0;Ruta;LUIS PALACIOS;San Lorenzo;S/D;S/D;XVII;S/D;S/D;Otra Señal;S/D;Intersección;S/D;S/D;S/D;S/D;De alcance,Múltiple;S/D;Colisión;S/D;S/D
3701;2021;16/5/2021;Domingo;;;0.0;2;Moto/Ciclomotor,Pickup/Utilitario;Av. Blas Parera Y Callejón Aguirre;2;1;0;1;0;0;S/D;SANTA FE;La Capital;S/D;S/D;I;S/D;S/D;Otra Señal;S/D;Intersección;S/D;S/D;S/D;S/D;De alcance,Múltiple;S/D;Colisión;S/D;S/D
3702;2021;16/5/2021;Domingo;;Ruta Secundaria 83-s;0.0;2;Moto/Ciclomotor,Moto/Ciclomotor; ;3;3;0;0;0;0;Ruta;FORTÍN OLMOS;Vera;S/D;S/D;XIX;S/D;S/D;Otra Señal;S/D;Intersección;S/D;S/D;S/D;S/D;De alcance,Múltiple;S/D;Colisión;S/D;S/D
3703;2021;16/5/2021;Domingo;12:00:00;;0.0;2;Moto/Ciclomotor,Automóvil;Ciudad de Súnchales Y Juan B Justo;2;1;0;1;0;0;S/D;RAFAELA;Castellanos;S/D;S/D;V;S/D;S/D;Otra Señal;S/D;Intersección;S/D;S/D;S/D;S/D;De alcance,Múltiple;S/D;Colisión;S/D;S/D
3704;2021;16/5/2021;Domingo;;;0.0;2;Bicicleta,Automóvil;Bv Santa Fe Y Aconcagua;2;1;0;1;0;0;S/D;RAFAELA;Castellanos;S/D;S/D;V;S/D;S/D;Otra Señal;S/D;Intersección;S/D;S/D;S/D;S/D;De alcance,Múltiple;Ciclista;Colisión;S/D;S/D
3705;2021;16/5/2021;Domingo;;;0.0;2;Automóvil,Moto/Ciclomotor;Las Heras Y Aaron Castellanos;3;2;0;1;0;0;S/D;RAFAELA;Castellanos;S/D;S/D;V;S/D;S/D;Otra Señal;S/D;Intersección;S/D;S/D;S/D;S/D;De alcance,Múltiple;S/D;Colisión;S/D;S/D
3706;2021;16/5/2021;Domingo;;;0.0;2;Moto/Ciclomotor,Automóvil;Saavedra Y Las Heras;3;1;0;2;0;0;S/D;RAFAELA;Castellanos;S/D;S/D;V;S/D;S/D;Otra Señal;S/D;Intersección;S/D;S/D;S/D;S/D;De alcance,Múltiple;S/D;Colisión;S/D;S/D
3707;2021;16/5/2021;Domingo;15:00:00;Ruta Secundaria 100-s;0.0;2;Moto/Ciclomotor,Moto/Ciclomotor; ;2;2;0;0;0;0;Ruta;LAS TOSCAS;General Obligado;S/D;S/D;IX;S/D;S/D;Otra Señal;S/D;Intersección;S/D;S/D;S/D;S/D;De alcance,Múltiple;S/D;Colisión;S/D;S/D
3708;2021;16/5/2021;Domingo;16:50:00;;0.0;2;Moto/Ciclomotor,Pickup/Utilitario;Calle 21-Gdor. Iriondo Y Calle 28 - San Lorenzo;2;1;0;1;0;0;S/D;RECONQUISTA;General Obligado;S/D;S/D;IX;S/D;S/D;Otra Señal;S/D;Intersección;S/D;S/D;S/D;S/D;De alcance,Múltiple;S/D;Colisión;S/D;S/D
3709;2021;16/5/2021;Domingo;12:15:00;;0.0;2;Moto/Ciclomotor,Automóvil;Libertad Y Sarmiento;2;1;0;1;0;0;S/D;SAN CARLOS SUR;Las Colonias;S/D;S/D;XI;S/D;S/D;Otra Señal;S/D;Intersección;S/D;S/D;S/D;S/D;De alcance,Múltiple;S/D;Colisión;S/D;S/D
3710;2021;16/5/2021;Domingo;17:30:00;;0.0;1;Bicicleta;Av. Ovidio Lagos Y La Paz;1;1;0;0;0;0;Calle;ROSARIO;Constitución;Asfalto;No existe;II;Dentro;Urbana;Otra Señal;No existe;Intersección;Bueno;S/D;Diurna;S/D;Múltiple;S/D;Colisión;Ninguna;Horizontal
3711;2021;16/5/2021;Domingo;15:00:00;;0.0;2;Automóvil,Moto/Ciclomotor;Hollywood Y Atlántida;2;1;0;0;0;1;Calle;ROSARIO;Constitución;S/D;S/D;II;S/D;S/D;Otra Señal;S/D;Intersección;S/D;S/D;Diurna;S/D;Múltiple;S/D;Colisión;S/D;S/D
3712;2021;16/5/2021;Domingo;20:15:00;;0.0;2;Automóvil,Moto/Ciclomotor;Medrano Y Blas Parera;2;0;0;0;0;1;S/D;ROSARIO;Constitución;Asfalto;No existe;II;S/D;S/D;Otra Señal;No existe;Intersección;Bueno;Buena;Nocturna;S/D;Múltiple;S/D;Colisión;S/D;Horizontal
3713;2021;16/5/2021;Domingo;23:50:00;Autopista Nacional A008;0.0;2;Automóvil,Moto/Ciclomotor;Baigorria Y Av. Circunvalación;3;0;0;0;0;2;Autopista;ROSARIO;Constitución;Asfalto;No existe;II;Dentro;Urbana;Otra Señal;No existe;Intersección;Con baches;Reducida;Nocturna;Buen Tiempo;Múltiple;S/D;Colisión;Material Suelto;Faltante
3714;2021;16/5/2021;Domingo;06:40:00;Ruta Nacional 34;0.0;1;Automóvil; ;2;1;0;0;0;0;Ruta;CERES;Constitución;Asfalto;Ripio;XIII;Fuera;Rural;Otra Señal;No existe;Intersección;Bueno;Buena;Nocturna;Buen Tiempo;Múltiple;S/D;Colisión;Ninguna;S/D
3715;2021;16/5/2021;Domingo;;Autopista Provincial Brigadier E.LÓPEZ;0.0;2;Automóvil,Camión c / Acoplado; ;2;0;0;1;0;0;Autopista;SANTA FE;Constitución;S/D;S/D;I;S/D;S/D;Otra Señal;S/D;Intersección;S/D;S/D;S/D;S/D;Múltiple;S/D;Colisión;S/D;S/D
3716;2021;16/5/2021;Domingo;;;0.0;2;Peatón,Automóvil; ;2;0;0;1;0;0;S/D;ROSARIO;Constitución;S/D;S/D;II;S/D;S/D;Otra Señal;S/D;Intersección;S/D;S/D;S/D;S/D;Múltiple;Peatón;Colisión;S/D;S/D