ID_Accidente;A�o;Fecha;Dia;Hopra;Ruta/Autop;km;Participantes;Tipo;Lugar;Total;Heridos Leves;Heridos Graves;Ilesos;Fallecidos;Sin datos;desc_tipo_via;desc_loc;desc_dpto;|;desc_tipo_banquina;desc_unidad_regional;desc_lugar_calzada;desc_zona;desc_prioridad;desc_estado_semaforo;desc_lugar_via;desc_estado_via;desc_estado_visibilidad;desc_luminosidad;desc_estado_clima;desc_tipo_colision;desc_tipo_atropello;desc_tipo_hecho;desc_pres_calzada;desc_senializacion
3717;2021;16/5/2021;Domingo;17:00:00;Ruta Nacional 9;0.0;2;Automóvil,Moto/Ciclomotor;Minetti ;6;1;0;3;0;0;Ruta;FUNES;Rosario;Asfalto;Ripio;I;Dentro;Urbana;Otra Señal;No existe;Intersección;Bueno;Buena;Diurna;Buen Tiempo;Múltiple;S/D;Colisión;Ninguna;Vertical
3718;2021;17/5/2021;Lunes;23:00:00;Ruta Secundaria 40-s;0.0;1;Moto/Ciclomotor; ;1;1;0;0;0;0;Ruta;FORTÍN OLMOS;Vera;Tierra;Natural;XIX;S/D;Rural;Otra Señal;No existe;Intersección;Bueno;Reducida polvo;Diurna;Buen Tiempo;De alcance,Múltiple;S/D;Colisión;Ninguna;Faltante
3719;2021;17/5/2021;Lunes;09:30:00;S/D Nacional A008;0.0;2;Moto/Ciclomotor,Automóvil;Av. Ovidio Lagos Y Av. Circunvalación;2;2;0;0;0;0;S/D;ROSARIO;Rosario;Asfalto;No existe;II;S/D;Urbana;Otra Señal;Funciona;Intersección;Bueno;Buena;Diurna;Buen Tiempo;De alcance,Múltiple;S/D;Colisión;Ninguna;Faltante
3720;2021;17/5/2021;Lunes;17:20:00;;0.0;2;Moto/Ciclomotor,Automóvil;Av. Pellegrini ;2;1;0;1;0;0;Calle;ROSARIO;Rosario;Asfalto;No existe;II;Dentro;Urbana;Otra Señal;No existe;Intersección;Bueno;Buena;Diurna;Otro;De alcance,Múltiple;S/D;Colisión;Ninguna;Faltante
3721;2021;17/5/2021;Lunes;17:45:00;;0.0;2;Bicicleta,Automóvil;Álvarez Condarco Y La Republica;2;1;0;1;0;0;Calle;ROSARIO;Rosario;Asfalto;No existe;II;Dentro;Urbana;Otra Señal;No existe;Intersección;Bueno;Buena;Diurna;Buen Tiempo;De alcance,Múltiple;Ciclista;Colisión;Ninguna;Faltante
3722;2021;17/5/2021;Lunes;17:50:00;;0.0;2;Moto/Ciclomotor,Automóvil;Bv San diego 507;3;1;0;1;0;1;Calle;VILLA GOBERNADOR GÁLVEZ;Rosario;Asfalto;No existe;II;Dentro;Urbana;Otra Señal;No existe;Intersección;Bueno;Buena;Atardecer;Buen Tiempo;De alcance,Múltiple;S/D;Colisión;Ninguna;Faltante
3723;2021;17/5/2021;Lunes;20:30:00;;3.0;2;Camión Chasis,Camión c / Acoplado; ;2;2;0;0;0;0;S/D;ALVEAR;Rosario;Asfalto;S/D;II;S/D;S/D;Otra Señal;S/D;Intersección;Con baches;S/D;Nocturna;Otro;De alcance,Múltiple;S/D;Colisión;Otro;S/D
3724;2021;17/5/2021;Lunes;;;0.0;2;Moto/Ciclomotor,Automóvil;Av. San Martin 2500;2;1;0;1;0;0;Avenida;GRANADERO BAIGORRIA;Rosario;Asfalto;Pavimento;II;Dentro;Urbana;Otra Señal;No existe;Intersección;Bueno;Buena;Nocturna;Buen Tiempo;De alcance,Múltiple;S/D;Colisión;Ninguna;Faltante
3725;2021;17/5/2021;Lunes;;;0.0;2;Automóvil,Moto/Ciclomotor;Juan de Garay Y 25 de Mayo;2;1;0;1;0;0;Calle;SANTA FE;La Capital;Asfalto;Pavimento;I;Dentro;Urbana;Otra Señal;No existe;Intersección;Bueno;Buena;S/D;Buen Tiempo;De alcance,Múltiple;S/D;Colisión;Ninguna;Faltante
3726;2021;17/5/2021;Lunes;08:20:00;;0.0;2;Pickup/Utilitario,Moto/Ciclomotor;Mendoza Y Saavedra;4;2;0;2;0;0;Calle;SANTA FE;La Capital;Asfalto;No existe;I;Dentro;Urbana;Otra Señal;No existe;Intersección;Bueno;S/D;Diurna;Buen Tiempo;De alcance,Múltiple;Peatón;Colisión;Ninguna;Vertical
3727;2021;17/5/2021;Lunes;10:45:00;;0.0;2;Pickup/Utilitario,Moto/Ciclomotor;Tucumán 3300;2;1;0;1;0;0;Calle;SANTA FE;La Capital;Asfalto;No existe;I;Dentro;Urbana;Otra Señal;No existe;Intersección;Bueno;Buena;Diurna;Buen Tiempo;De alcance,Múltiple;S/D;Colisión;Ninguna;Vertical
3728;2021;17/5/2021;Lunes;16:00:00;;0.0;2;Moto/Ciclomotor,Automóvil;Av. A del Valle Y French;4;2;0;2;0;0;Avenida;SANTA FE;La Capital;Asfalto;No existe;I;Dentro;Urbana;Otra Señal;Funciona;Intersección;Bueno;Buena;Diurna;Buen Tiempo;De alcance,Múltiple;S/D;Colisión;Ninguna;S/D
3729;2021;17/5/2021;Lunes;17:00:00;;0.0;2;Automóvil,Moto/Ciclomotor;Ayacucho Y Pavón;2;1;0;1;0;0;S/D;SANTA FE;La Capital;Hormigón;No existe;I;S/D;Urbana;Otra Señal;No existe;Intersección;Bueno;Buena;Diurna;Buen Tiempo;De alcance,Múltiple;S/D;Colisión;Ninguna;Vertical
3730;2021;17/5/2021;Lunes;;;0.0;2;Moto/Ciclomotor,Automóvil;Avenida San Martin ;4;2;0;2;0;0;S/D;TOSTADO;9 de Julio;S/D;S/D;XII;S/D;S/D;Otra Señal;S/D;Intersección;S/D;S/D;S/D;S/D;De alcance,Múltiple;S/D;Colisión;S/D;S/D
3731;2021;17/5/2021;Lunes;21:30:00;Ruta Provincial 80;0.0;2;Bicicleta,Pickup/Utilitario; ;2;1;0;1;0;0;Ruta;GÁLVEZ;San JERÓNIMO;S/D;S/D;XV;S/D;S/D;Otra Señal;S/D;Intersección;S/D;S/D;S/D;S/D;De alcance,Múltiple;Ciclista;Colisión;S/D;S/D
3732;2021;17/5/2021;Lunes;16:40:00;;0.0;2;Bicicleta,Pickup/Utilitario;Entre Ríos Y Ayacucho;2;1;0;1;0;0;S/D;GÁLVEZ;San JERÓNIMO;S/D;S/D;XV;S/D;S/D;Otra Señal;S/D;Intersección;S/D;S/D;S/D;S/D;De alcance,Múltiple;Ciclista;Colisión;S/D;S/D
3733;2021;17/5/2021;Lunes;06:30:00;Ruta Provincial 30;0.0;1;Pickup/Utilitario; ;2;2;0;0;0;0;Ruta;LOS AMORES;Vera;S/D;S/D;XIX;S/D;S/D;Otra Señal;S/D;Intersección;S/D;S/D;S/D;S/D;De alcance,Múltiple;S/D;Colisión;S/D;S/D
3734;2021;17/5/2021;Lunes;18:10:00;;0.0;2;Camión,Moto/Ciclomotor;Calle 37-Bvard. Lovato Y Calle 30-Lucas Funes;2;1;0;1;0;0;S/D;RECONQUISTA;General Obligado;S/D;S/D;IX;S/D;S/D;Otra Señal;S/D;Intersección;S/D;S/D;S/D;S/D;De alcance,Múltiple;S/D;Colisión;S/D;S/D
3735;2021;17/5/2021;Lunes;08:30:00;;0.0;2;Pickup/Utilitario,Moto/Ciclomotor;Calle 75-Lisandro de la Torre Y Calle 44-27 de Abril;2;1;0;1;0;0;S/D;RECONQUISTA;General Obligado;S/D;S/D;IX;S/D;S/D;Otra Señal;S/D;Intersección;S/D;S/D;S/D;S/D;De alcance,Múltiple;S/D;Colisión;S/D;S/D
3736;2021;17/5/2021;Lunes;02:30:00;;0.0;1;Automóvil;Sargento Cabral Y Falucho;1;1;0;0;0;0;S/D;SAN LORENZO;San Lorenzo;S/D;S/D;XVII;S/D;S/D;Otra Señal;S/D;Intersección;S/D;S/D;S/D;S/D;De alcance,Múltiple;S/D;Colisión;S/D;S/D
3737;2021;17/5/2021;Lunes;16:30:00;;0.0;2;Moto/Ciclomotor,Automóvil;Av. San Martin Y Rivadavia;2;1;0;0;0;1;S/D;SAN LORENZO;San Lorenzo;S/D;S/D;XVII;S/D;S/D;Otra Señal;S/D;Intersección;S/D;S/D;S/D;S/D;De alcance,Múltiple;S/D;Colisión;S/D;S/D
3738;2021;17/5/2021;Lunes;17:00:00;;0.0;2;Peatón,Automóvil;San Lorenzo Y Galapeti;2;1;0;1;0;0;Calle;RICARDONE;San Lorenzo;S/D;S/D;XVII;Dentro;Urbana;Otra Señal;S/D;Intersección;S/D;S/D;S/D;S/D;De alcance,Múltiple;Peatón;Colisión;S/D;S/D
3739;2021;17/5/2021;Lunes;18:00:00;;0.0;2;Bicicleta,Camión Chasis;Belgrano Y Cayetano Nerbutti;2;1;0;1;0;0;Calle;PUERTO SAN MARTÍN;San Lorenzo;Asfalto;No existe;XVII;Dentro;Urbana;Otra Señal;No existe;Intersección;Bueno;Buena;Diurna;Buen Tiempo;De alcance,Múltiple;Ciclista;Colisión;Ninguna;Faltante
3740;2021;17/5/2021;Lunes;;;0.0;2;Moto/Ciclomotor,Automóvil;Avda. Francia ;2;1;0;1;0;0;S/D;CAPITÁN BERMÚDEZ;San Lorenzo;S/D;S/D;XVII;S/D;S/D;Otra Señal;S/D;Intersección;S/D;S/D;S/D;S/D;De alcance,Múltiple;S/D;Colisión;S/D;S/D
3741;2021;17/5/2021;Lunes;;;0.0;2;Automóvil,Moto/Ciclomotor;Sargento Cabral Y San Juan;3;2;0;1;0;0;Avenida;SAN LORENZO;San Lorenzo;S/D;S/D;XVII;S/D;Urbana;Otra Señal;S/D;Intersección;S/D;S/D;S/D;S/D;De alcance,Múltiple;S/D;Colisión;S/D;S/D
3742;2021;17/5/2021;Lunes;15:30:00;;0.0;2;Moto/Ciclomotor,Otros;Av. San Martin Y Rivadavia;2;0;0;0;0;2;Avenida;SAN LORENZO;San Lorenzo;S/D;S/D;XVII;S/D;Urbana;Otra Señal;S/D;Intersección;S/D;S/D;S/D;S/D;De alcance,Múltiple;S/D;Colisión;S/D;S/D
3743;2021;17/5/2021;Lunes;13:30:00;;0.0;2;Moto/Ciclomotor,Pickup/Utilitario;Cárcamo Y Mitre;3;2;0;1;0;0;Calle;SAN JOSÉ DE LA ESQUINA;Caseros;Asfalto;Pavimento;IV;Dentro;Urbana;Otra Señal;No existe;Intersección;Bueno;Buena;Diurna;Buen Tiempo;Lateral;S/D;Colisión;Ninguna;Vertical
3744;2021;17/5/2021;Lunes;17:30:00;;0.0;1;Bicicleta; ;1;1;0;0;0;0;S/D;ROSARIO;Constitución;S/D;S/D;II;S/D;S/D;Otra Señal;S/D;Intersección;S/D;S/D;Diurna;S/D;Múltiple;S/D;Colisión;S/D;S/D
3745;2021;17/5/2021;Lunes;10:00:00;;0.0;1;Moto/Ciclomotor;Pje. Aguirre Y Nahuel Huapi;1;1;0;0;0;0;Calle;ROSARIO;Constitución;S/D;S/D;II;S/D;Urbana;Otra Señal;S/D;Intersección;S/D;S/D;Diurna;S/D;Múltiple;S/D;Colisión;S/D;S/D
3746;2021;17/5/2021;Lunes;;;0.0;2;Moto/Ciclomotor,Automóvil;Gorriti Y 1ro de Mayo;2;0;0;1;0;0;S/D;SANTA FE;Constitución;S/D;S/D;I;S/D;S/D;Otra Señal;S/D;Intersección;S/D;S/D;S/D;S/D;Múltiple;S/D;Colisión;S/D;S/D
3747;2021;18/5/2021;Martes;11:40:00;Ruta Nacional 11;0.0;2;Moto/Ciclomotor,Automóvil;2 de Abril ;2;1;0;1;0;0;Ruta;SAN JUSTO;San Justo;Asfalto;Pavimento;XVI;Dentro;Urbana;Otra Señal;No existe;Intersección;Bueno;Buena;Diurna;Buen Tiempo;De alcance,Múltiple;S/D;Colisión;Ninguna;Faltante
3748;2021;18/5/2021;Martes;12:00:00;;0.0;2;Moto/Ciclomotor,Automóvil;Lugones Y Av. F.Solano López;2;1;0;1;0;0;Calle;ROSARIO;Rosario;Asfalto;No existe;II;Dentro;Urbana;Otra Señal;No existe;Intersección;Bueno;Buena;Diurna;Buen Tiempo;De alcance,Múltiple;S/D;Colisión;Ninguna;Faltante
3749;2021;18/5/2021;Martes;15:00:00;;0.0;2;Bicicleta,Automóvil;3 De Febrero 800;2;1;0;1;0;0;Calle;ROSARIO;Rosario;Asfalto;S/D;II;Dentro;Urbana;Otra Señal;S/D;Intersección;S/D;S/D;Diurna;S/D;De alcance,Múltiple;Ciclista;Colisión;S/D;S/D
3750;2021;18/5/2021;Martes;05:25:00;;0.0;2;Bicicleta,Automóvil;Av. Ovidio Lagos Y Av. Ntra.Sra.del Rosario;2;1;0;0;0;1;Calle;ROSARIO;Rosario;Asfalto;No existe;II;S/D;Urbana;Otra Señal;Funciona;Intersección;Bueno;Reducida;Amanecer;Buen Tiempo;De alcance,Múltiple;Ciclista;Colisión;Ninguna;Faltante
3751;2021;18/5/2021;Martes;13:16:00;;0.0;2;Bicicleta,Automóvil;España Y Av. Arijon;2;2;0;0;0;0;S/D;ROSARIO;Rosario;S/D;No existe;II;S/D;Urbana;Otra Señal;Funciona;Intersección;S/D;Buena;Diurna;Buen Tiempo;De alcance,Múltiple;Ciclista;Colisión;S/D;S/D
3752;2021;18/5/2021;Martes;21:25:00;;0.0;2;Moto/Ciclomotor,Automóvil;Acevedo Bis 3100;2;1;0;1;0;0;Calle;ROSARIO;Rosario;Asfalto;No existe;II;S/D;Urbana;Otra Señal;No existe;Intersección;Bueno;Reducida;Nocturna;Buen Tiempo;De alcance,Múltiple;S/D;Colisión;Ninguna;S/D
3753;2021;18/5/2021;Martes;17:00:00;;0.0;2;Bicicleta,Automóvil;Bv. Avellaneda Y Av. Pte. Perón;2;1;0;0;0;1;Calle;ROSARIO;Rosario;Asfalto;No existe;II;S/D;Urbana;Otra Señal;No existe;Intersección;Bueno;Buena;Diurna;Buen Tiempo;De alcance,Múltiple;Ciclista;Colisión;Ninguna;Faltante
3754;2021;18/5/2021;Martes;13:20:00;;0.0;2;Automóvil,Moto/Ciclomotor;Sáenz PEÑA Y Andreu;2;1;0;1;0;0;S/D;VILLA GOBERNADOR GÁLVEZ;Rosario;Asfalto;No existe;II;S/D;Urbana;Otra Señal;No existe;Intersección;Bueno;Buena;Diurna;Buen Tiempo;De alcance,Múltiple;S/D;Colisión;Ninguna;S/D
3755;2021;18/5/2021;Martes;08:40:00;Ruta Nacional 9;0.0;2;Moto/Ciclomotor,Camión Chasis;Moreno ;2;1;0;1;0;0;Ruta;FUNES;Rosario;Asfalto;Ripio;II;Dentro;Urbana;Otra Señal;No existe;Intersección;Bueno;Buena;Diurna;Buen Tiempo;De alcance,Múltiple;S/D;Colisión;Ninguna;Vertical
3756;2021;18/5/2021;Martes;09:00:00;Autopista Nacional Rosario -Cordoba;0.0;2;Moto/Ciclomotor,Pickup/Utilitario; ;2;1;0;1;0;0;Autopista;FUNES;Rosario;Asfalto;Natural;II;Dentro;Urbana;Otra Señal;No existe;Intersección;Bueno;Buena;Diurna;Buen Tiempo;De alcance,Múltiple;S/D;Colisión;Ninguna;Vertical
3757;2021;18/5/2021;Martes;20:45:00;;0.0;2;Moto/Ciclomotor,Automóvil;General Manuel Belgrano 2570;2;1;0;1;0;0;Calle;ESPERANZA;Las Colonias;Asfalto;S/D;XI;S/D;Urbana;Otra Señal;S/D;Intersección;Bueno;S/D;Con luz artificial;Buen Tiempo;De alcance,Múltiple;S/D;Colisión;S/D;S/D
3758;2021;18/5/2021;Martes;19:20:00;;0.0;2;Bicicleta,Moto/Ciclomotor;Calle 24 Y Calle 5;2;1;0;1;0;0;Calle;LAS PAREJAS;Belgrano;Ripio;No existe;III;Dentro;Urbana;Otra Señal;No existe;Intersección;Bueno;Buena;Nocturna;Buen Tiempo;De alcance,Múltiple;Ciclista;Colisión;Ninguna;Faltante
3759;2021;18/5/2021;Martes;10:45:00;;0.0;2;Bicicleta,Automóvil;Zavalia Y Independencia;2;1;0;1;0;0;Calle;SANTA FE;La Capital;Asfalto;No existe;I;Dentro;Urbana;Otra Señal;No existe;Intersección;Bueno;Buena;Diurna;S/D;De alcance,Múltiple;Ciclista;Colisión;Ninguna;Faltante
3760;2021;18/5/2021;Martes;08:15:00;;0.0;2;Moto/Ciclomotor,Automóvil;Moreno Y Dr. Zavalla;3;2;0;1;0;0;Calle;SANTA FE;La Capital;Asfalto;No existe;I;Dentro;Urbana;Otra Señal;No existe;Intersección;Bueno;Buena;Diurna;Buen Tiempo;De alcance,Múltiple;S/D;Colisión;Ninguna;Faltante
3761;2021;18/5/2021;Martes;10:00:00;;0.0;2;Moto/Ciclomotor,Pickup/Utilitario;Av. J J Paso Y Dr. Zavalla;3;2;0;1;0;0;Avenida;SANTA FE;La Capital;Asfalto;No existe;I;Dentro;Urbana;Otra Señal;No existe;Intersección;Bueno;Buena;Diurna;Buen Tiempo;De alcance,Múltiple;S/D;Colisión;Ninguna;Vertical
3762;2021;18/5/2021;Martes;15:00:00;;0.0;2;Peatón,Pickup/Utilitario;Av. Pte. Perón Y Juan Del Campillo;2;1;0;1;0;0;Avenida;SANTA FE;La Capital;Asfalto;No existe;I;S/D;Urbana;Otra Señal;Funciona;Intersección;Bueno;Buena;Diurna;Buen Tiempo;De alcance,Múltiple;Peatón;Colisión;Ninguna;Vertical
3763;2021;18/5/2021;Martes;18:00:00;;0.0;2;Peatón,Moto/Ciclomotor;Av. López y Planes Y Juan Del Campillo;2;1;0;1;0;0;Avenida;SANTA FE;La Capital;Asfalto;No existe;I;S/D;Urbana;Otra Señal;Funciona;Intersección;Bueno;Buena;Diurna;Buen Tiempo;De alcance,Múltiple;Peatón;Colisión;Ninguna;Vertical
3764;2021;18/5/2021;Martes;;;0.0;2;Moto/Ciclomotor,Automóvil;Brasil Y Artigas;2;1;0;1;0;0;Calle;SANTA FE;La Capital;Asfalto;No existe;I;S/D;Urbana;Otra Señal;Funciona;Intersección;Bueno;Buena;S/D;Buen Tiempo;De alcance,Múltiple;S/D;Colisión;Ninguna;Vertical
3765;2021;18/5/2021;Martes;21:10:00;;0.0;2;Moto/Ciclomotor,Automóvil;Pedro Centeno Y Alvear;2;1;0;1;0;0;Calle;SANTA FE;La Capital;Asfalto;No existe;I;S/D;Urbana;Otra Señal;No existe;Intersección;Bueno;Buena;Nocturna,Con luz artificial;Buen Tiempo;De alcance,Múltiple;S/D;Colisión;Ninguna;S/D
3766;2021;18/5/2021;Martes;10:15:00;;0.0;2;Automóvil,Moto/Ciclomotor;San Martin Y I Doratto;2;1;0;1;0;0;S/D;GÁLVEZ;San JERÓNIMO;S/D;S/D;XV;S/D;S/D;Otra Señal;S/D;Intersección;S/D;S/D;S/D;S/D;De alcance,Múltiple;S/D;Colisión;S/D;S/D
3767;2021;18/5/2021;Martes;09:00:00;;0.0;2;Moto/Ciclomotor,Automóvil;Calle 27-Gdor Freyre ;2;1;0;1;0;0;S/D;RECONQUISTA;General Obligado;S/D;S/D;IX;S/D;S/D;Otra Señal;S/D;Intersección;S/D;S/D;S/D;S/D;De alcance,Múltiple;S/D;Colisión;S/D;S/D
3768;2021;18/5/2021;Martes;19:20:00;;0.0;2;Bicicleta,Pickup/Utilitario;Calle 302 Y Calle 312;2;1;0;1;0;0;S/D;AVELLANEDA;General Obligado;S/D;S/D;IX;S/D;S/D;Otra Señal;S/D;Intersección;S/D;S/D;S/D;S/D;De alcance,Múltiple;Ciclista;Colisión;S/D;S/D
3769;2021;18/5/2021;Martes;12:15:00;;0.0;1;Moto/Ciclomotor;San Martin ;1;1;0;0;0;0;S/D;SAN CARLOS CENTRO;Las Colonias;S/D;S/D;XI;S/D;S/D;Otra Señal;S/D;Intersección;S/D;S/D;S/D;S/D;De alcance,Múltiple;S/D;Colisión;S/D;S/D
3770;2021;18/5/2021;Martes;11:15:00;;0.0;2;Moto/Ciclomotor,Automóvil;Miguel de Azcuénaga Y López;2;1;0;1;0;0;S/D;VENADO TUERTO;General LÓPEZ;S/D;S/D;VIII;S/D;S/D;Otra Señal;S/D;Intersección;S/D;S/D;S/D;S/D;De alcance,Múltiple;S/D;Colisión;S/D;S/D
3771;2021;18/5/2021;Martes;12:24:00;;0.0;2;Bicicleta,Automóvil;Gral. Manuel Belgrano Y Guillermo Brown;2;1;0;1;0;0;S/D;VENADO TUERTO;General LÓPEZ;S/D;S/D;VIII;S/D;S/D;Otra Señal;S/D;Intersección;S/D;S/D;S/D;S/D;De alcance,Múltiple;Ciclista;Colisión;S/D;S/D
3772;2021;18/5/2021;Martes;13:24:00;;0.0;2;Pickup/Utilitario,Moto/Ciclomotor;Gral. Manuel Belgrano Y Martin de Pueyrredón;3;2;0;1;0;0;S/D;VENADO TUERTO;General LÓPEZ;S/D;S/D;VIII;S/D;S/D;Otra Señal;S/D;Intersección;S/D;S/D;S/D;S/D;De alcance,Múltiple;S/D;Colisión;S/D;S/D
3773;2021;18/5/2021;Martes;;Ruta Nacional 178;0.0;1;Automóvil; ;1;1;0;0;0;0;Ruta;LAS PAREJAS;Belgrano;S/D;S/D;III;S/D;S/D;Otra Señal;S/D;Intersección;S/D;S/D;S/D;S/D;De alcance,Múltiple;S/D;Colisión;S/D;S/D
3774;2021;18/5/2021;Martes;19:30:00;;0.0;2;Moto/Ciclomotor,Automóvil;Perú Y Genaro Roldan;2;1;0;1;0;0;Calle;SAN LORENZO;San Lorenzo;Hormigón;S/D;XVII;S/D;Urbana;Otra Señal;S/D;Intersección;S/D;S/D;Atardecer;S/D;De alcance,Múltiple;S/D;Colisión;S/D;S/D
3775;2021;18/5/2021;Martes;19:20:00;Autopista Nacional Gral. Juan Jose Valle;284.0;4;Moto/Ciclomotor,Camión c / Semirremolque,Camión c / Semirremolque,Pickup/Utilitario; ;4;0;0;3;1;0;Autopista;VILLA GOBERNADOR GÁLVEZ;Rosario;Asfalto;Pavimento;II;S/D;Rural;Otra Señal;No existe;Intersección;Bueno;Buena;Atardecer;Buen Tiempo;De alcance,Múltiple;S/D;Colisión;Ninguna;Horizontal,Vertical
3776;2021;18/5/2021;Martes;14:00:00;;0.0;1;Moto/Ciclomotor;Av. Francia Y Bv. 27 De Febrero;1;1;0;0;0;0;Avenida;ROSARIO;Constitución;S/D;S/D;II;S/D;Urbana;Otra Señal;S/D;Intersección;S/D;S/D;Diurna;S/D;Múltiple;S/D;Colisión;S/D;S/D
3777;2021;18/5/2021;Martes;14:30:00;;0.0;1;Moto/Ciclomotor; ;1;0;0;0;0;0;S/D;COLONIA TERESA;Constitución;Tierra;No existe;XIV;Dentro;Rural;Otra Señal;No existe;Intersección;Otro;Buena;Diurna;Buen Tiempo;Múltiple;S/D;Colisión;Material Suelto;Faltante
3778;2021;18/5/2021;Martes;;;0.0;2;Bicicleta,Moto/Ciclomotor;España ;3;0;0;2;0;0;S/D;RAFAELA;Constitución;S/D;S/D;V;S/D;S/D;Otra Señal;S/D;Intersección;S/D;S/D;S/D;S/D;Múltiple;Ciclista;Colisión;S/D;S/D
3779;2021;19/5/2021;Miercoles;20:50:00;;0.0;2;Moto/Ciclomotor,Otros;Juan de Garay Y Francia;2;1;0;1;0;0;Calle;SANTA FE;La Capital;Asfalto;No existe;I;S/D;Urbana;Otra Señal;No existe;Intersección;Bueno;Reducida;Nocturna;Buen Tiempo;De alcance,Múltiple;S/D;Colisión;Ninguna;Faltante
3780;2021;19/5/2021;Miercoles;16:45:00;;0.0;2;Bicicleta,Moto/Ciclomotor;Ayacucho Y Avda. Francia;2;1;0;1;0;0;Avenida;CAPITÁN BERMÚDEZ;San Lorenzo;Asfalto;S/D;XVII;Dentro;Urbana;Otra Señal;S/D;Intersección;S/D;S/D;Diurna;S/D;De alcance,Múltiple;S/D;Colisión;S/D;S/D
3781;2021;19/5/2021;Miercoles;07:20:00;;0.0;2;Moto/Ciclomotor,Taxi/Remis;Riobamba Y Laprida;2;1;0;1;0;0;Calle;ROSARIO;Rosario;Asfalto;S/D;II;Dentro;Urbana;Otra Señal;No existe;Intersección;Bueno;Buena;Diurna;Buen Tiempo;De alcance,Múltiple;S/D;Colisión;Ninguna;S/D
3782;2021;19/5/2021;Miercoles;12:15:00;;0.0;2;Moto/Ciclomotor,Automóvil;Sarmiento Y Rueda;2;1;0;1;0;0;Calle;ROSARIO;Rosario;Asfalto;No existe;II;Dentro;Urbana;Otra Señal;No existe;Intersección;Deteriorada;Buena;Diurna;Buen Tiempo;De alcance,Múltiple;S/D;Colisión;Ninguna;S/D
3783;2021;19/5/2021;Miercoles;14:45:00;;0.0;2;Moto/Ciclomotor,Automóvil;Balcarce ;2;1;0;1;0;0;Calle;ROSARIO;Rosario;Asfalto;No existe;II;Dentro;Urbana;Otra Señal;No existe;Intersección;Bueno;Buena;Diurna;Buen Tiempo;De alcance,Múltiple;S/D;Colisión;Ninguna;Faltante
3784;2021;19/5/2021;Miercoles;07:45:00;;0.0;2;Moto/Ciclomotor,Camión Chasis;Alberdi Y Av. Génova;2;1;0;1;0;0;Avenida;ROSARIO;Rosario;Asfalto;S/D;II;Dentro;Urbana;Otra Señal;S/D;Intersección;Bueno;S/D;Diurna;Buen Tiempo;De alcance,Múltiple;S/D;Colisión;Ninguna;Horizontal
3785;2021;19/5/2021;Miercoles;20:20:00;;0.0;2;Automóvil,Moto/Ciclomotor; ;2;1;0;1;0;0;Calle;ROSARIO;Rosario;S/D;S/D;II;Dentro;Urbana;Otra Señal;S/D;Intersección;S/D;S/D;Nocturna;Buen Tiempo;De alcance,Múltiple;S/D;Colisión;S/D;S/D
3786;2021;19/5/2021;Miercoles;17:00:00;;0.0;2;Moto/Ciclomotor,Pickup/Utilitario;Rodríguez Y Saavedra;3;2;0;1;0;0;Calle;ROSARIO;Rosario;Asfalto;No existe;II;Dentro;Urbana;Otra Señal;No existe;Intersección;Bueno;Buena;Diurna;Buen Tiempo;De alcance,Múltiple;S/D;Colisión;Ninguna;Faltante
3787;2021;19/5/2021;Miercoles;11:15:00;;0.0;2;Automóvil,Automóvil;Mariano Moreno Y H. Brandoni;2;1;0;1;0;0;Calle;ROSARIO;Rosario;Asfalto;No existe;II;Dentro;Urbana;Otra Señal;No existe;Intersección;Bueno;Buena;Diurna;Buen Tiempo;De alcance,Múltiple;S/D;Colisión;Ninguna;Faltante
3788;2021;19/5/2021;Miercoles;18:30:00;Autopista Nacional A008;0.0;2;Automóvil,Bicicleta;Derqui Y Av. Circunvalación;2;1;0;1;0;0;Autopista;ROSARIO;Rosario;Asfalto;No existe;II;Dentro;Urbana;Otra Señal;No existe;Intersección;Bueno;Buena;Diurna;S/D;De alcance,Múltiple;Ciclista;Colisión;Ninguna;Vertical
3789;2021;19/5/2021;Miercoles;19:00:00;;0.0;2;Automóvil,Automóvil;Pje. Abipones Y Santa Fe;2;1;0;1;0;0;Calle;ROSARIO;Rosario;Asfalto;No existe;II;Dentro;Urbana;Otra Señal;No existe;Intersección;Bueno;Buena;Atardecer;Buen Tiempo;De alcance,Múltiple;S/D;Colisión;Ninguna;S/D
3790;2021;19/5/2021;Miercoles;13:30:00;;0.0;1;Pickup/Utilitario; ;2;2;0;0;0;0;Camino Rural;SOLDINI;Rosario;Tierra;Natural;II;Dentro;Rural;Otra Señal;No existe;Intersección;Bueno;Buena;Diurna;Buen Tiempo;De alcance,Múltiple;S/D;Colisión;Ninguna;Faltante
3791;2021;19/5/2021;Miercoles;14:00:00;;0.0;1;Moto/Ciclomotor;El Sauce ;1;1;0;0;0;0;Calle;PEREZ;Rosario;Asfalto;No existe;II;Dentro;Urbana;Otra Señal;No existe;Intersección;Deteriorada;Buena;Diurna;Buen Tiempo;De alcance,Múltiple;S/D;Colisión;Ninguna;Faltante
3792;2021;19/5/2021;Miercoles;16:45:00;Autopista Nacional A008;5.0;1;Moto/Ciclomotor;Av. Circunvalación Y Av. Sorrento;2;0;0;1;1;0;Autopista;ROSARIO;Rosario;Asfalto;Pavimento;II;Dentro;Urbana;Otra Señal;Funciona;Intersección;Bueno;Buena;Diurna;S/D;De alcance,Múltiple;S/D;Colisión;S/D;Horizontal,Vertical