ID_Accidente;A�o;Fecha;Dia;Hopra;Ruta/Autop;km;Participantes;Tipo;Lugar;Total;Heridos Leves;Heridos Graves;Ilesos;Fallecidos;Sin datos;desc_tipo_via;desc_loc;desc_dpto;|;desc_tipo_banquina;desc_unidad_regional;desc_lugar_calzada;desc_zona;desc_prioridad;desc_estado_semaforo;desc_lugar_via;desc_estado_via;desc_estado_visibilidad;desc_luminosidad;desc_estado_clima;desc_tipo_colision;desc_tipo_atropello;desc_tipo_hecho;desc_pres_calzada;desc_senializacion
3793;2021;19/5/2021;Miercoles;13:00:00;;0.0;2;Moto/Ciclomotor,Bicicleta;Rivadavia Y J V Giménez;2;1;0;1;0;0;Calle;VERA;Vera;Tierra;No existe;XIX;Dentro;Urbana;Otra Señal;No existe;Intersección;Ahuellamiento;S/D;Diurna;Buen Tiempo;De alcance,Múltiple;Ciclista;Colisión;Otro;S/D
3794;2021;19/5/2021;Miercoles;13:30:00;;0.0;2;Pickup/Utilitario,Moto/Ciclomotor;Lavalle 4100;2;1;0;1;0;0;Calle;SANTA FE;La Capital;Asfalto;Pavimento;I;Dentro;Urbana;Otra Señal;No existe;Intersección;Bueno;S/D;Diurna;Buen Tiempo;De alcance,Múltiple;S/D;Colisión;Ninguna;S/D
3795;2021;19/5/2021;Miercoles;18:30:00;;0.0;2;Moto/Ciclomotor,Automóvil;Nicolas Rodríguez PEÑA Y Islas Malvinas;3;2;0;1;0;0;Calle;SANTA FE;La Capital;Asfalto;No existe;I;Dentro;Urbana;Otra Señal;No existe;Intersección;Bueno;Buena;Atardecer;Buen Tiempo;De alcance,Múltiple;S/D;Colisión;Ninguna;Faltante
3796;2021;19/5/2021;Miercoles;14:30:00;;0.0;2;Automóvil,Peatón;Junín 3182;2;1;0;1;0;0;Calle;SANTA FE;La Capital;Asfalto;S/D;I;S/D;Urbana;Otra Señal;S/D;Intersección;Bueno;Buena;Diurna;Buen Tiempo;De alcance,Múltiple;Peatón;Colisión;Ninguna;Vertical
3797;2021;19/5/2021;Miercoles;14:50:00;;0.0;2;Moto/Ciclomotor,Transporte de Pasajeros Urbano (> 8 asientos);Gálvez Y Pueyrredón;2;0;0;1;1;0;Calle;ROSARIO;Rosario;Asfalto;Pavimento;II;S/D;Urbana;Otra Señal;No existe;Intersección;Bueno;S/D;Diurna;S/D;De alcance,Múltiple;S/D;Colisión;Ninguna;Faltante
3798;2021;19/5/2021;Miercoles;;;0.0;2;Automóvil,Bicicleta;Washington Y Boulevard Lisandro de la Torre;2;1;0;1;0;0;Calle;CASILDA;Caseros;Asfalto;S/D;IV;Dentro;Urbana;Otra Señal;S/D;Intersección;S/D;S/D;S/D;S/D;De alcance,Múltiple;Ciclista;Colisión;S/D;S/D
3799;2021;19/5/2021;Miercoles;;;0.0;2;Pickup/Utilitario,Pickup/Utilitario;Boulevard Lisandro de la Torre Y Boulevard Ovidio Lagos;3;2;0;1;0;0;Avenida;CASILDA;Caseros;Asfalto;S/D;IV;Dentro;Urbana;Otra Señal;S/D;Intersección;S/D;S/D;S/D;S/D;De alcance,Múltiple;S/D;Colisión;S/D;S/D
3800;2021;19/5/2021;Miercoles;15:15:00;Ruta Nacional 34;0.0;2;Camión,Automóvil; ;3;1;0;2;0;0;Ruta;TACURAL;Castellanos;Asfalto;Natural;V;Dentro;Rural;Otra Señal;No existe;Intersección;Bueno;Buena;Diurna;Buen Tiempo;Múltiple;S/D;Colisión;Ninguna;Horizontal,Vertical
3801;2021;19/5/2021;Miercoles;14:30:00;;0.0;2;Automóvil,Moto/Ciclomotor;Bv. Seguí Y Av. Ovidio Lagos;2;1;0;0;0;1;Avenida;ROSARIO;Constitución;S/D;S/D;II;S/D;Urbana;Otra Señal;S/D;Intersección;S/D;S/D;Diurna;S/D;Múltiple;S/D;Colisión;S/D;S/D
3802;2021;19/5/2021;Miercoles;13:00:00;;0.0;2;Automóvil,Moto/Ciclomotor;Bv. Avellaneda Y Córdoba;3;2;0;0;0;1;Avenida;ROSARIO;Constitución;S/D;S/D;II;S/D;Urbana;Otra Señal;S/D;Intersección;S/D;S/D;Diurna;S/D;Múltiple;S/D;Colisión;S/D;S/D
3803;2021;19/5/2021;Miercoles;20:50:00;Autopista Nacional A008;0.0;1;Moto/Ciclomotor;Bv. Seguí Y Av. Circunvalación;2;1;0;0;0;0;Autopista;ROSARIO;Constitución;Asfalto;No existe;II;Dentro;Urbana;Otra Señal;No existe;Intersección;Bueno;Buena;Nocturna;Buen Tiempo;Múltiple;S/D;Colisión;Ninguna;Faltante
3804;2021;19/5/2021;Miercoles;18:30:00;Autopista Nacional Rosario -Cordoba;0.0;2;Camión Chasis,Moto/Ciclomotor; ;2;0;0;1;0;0;Autopista;SAN AGUSTÍN;Constitución;Asfalto;Natural;XI;Dentro;Rural;Otra Señal;No existe;Intersección;Resbaladiza;Reducida;Nocturna;Lluvia;Múltiple;S/D;Colisión;Otro;Vertical
3805;2021;19/5/2021;Miercoles;;;0.0;2;Moto/Ciclomotor,Automóvil; ;2;0;0;1;0;0;S/D;ESPERANZA;Constitución;S/D;S/D;XI;S/D;S/D;Otra Señal;S/D;Intersección;S/D;S/D;S/D;S/D;Múltiple;S/D;Colisión;S/D;S/D
3806;2021;19/5/2021;Miercoles;15:45:00;;0.0;2;Transporte de Pasajeros Urbano (> 8 asientos),Automóvil;Mendoza Y J.Colombres;4;0;0;1;1;0;Avenida;ROSARIO;Rosario;Asfalto;No existe;II;Dentro;Urbana;Otra Señal;Funciona;Intersección;Bueno;Buena;Diurna;Buen Tiempo;Múltiple;S/D;Colisión;Ninguna;Vertical
3807;2021;20/5/2021;Jueves;06:45:00;;0.0;1;Bicicleta;Francia F Y Viamonte;1;1;0;0;0;0;Calle;ROSARIO;Rosario;Asfalto;No existe;II;Dentro;Urbana;Otra Señal;No existe;Intersección;Bueno;Buena;Amanecer;S/D;De alcance,Múltiple;Ciclista;Colisión;Ninguna;Faltante
3808;2021;20/5/2021;Jueves;19:10:00;Ruta Provincial 23;39.0;2;Automóvil,Pickup/Utilitario; ;2;0;0;1;1;0;Ruta;VILLA TRINIDAD;San CRISTÓBAL;Asfalto;Natural;XIII;S/D;Rural;Otra Señal;No existe;Intersección;Bueno;Buena;Nocturna;Buen Tiempo;De alcance,Múltiple;S/D;Colisión;Ninguna;Faltante
3809;2021;20/5/2021;Jueves;13:30:00;;0.0;2;Automóvil,Bicicleta;Av. Circunvalación ;3;2;0;1;0;0;Avenida;SANTA FE;La Capital;Asfalto;Natural;I;Dentro;Rural;Otra Señal;No existe;Intersección;Bueno;Buena;Diurna;Buen Tiempo;De alcance,Múltiple;Ciclista;Colisión;Ninguna;Faltante
3810;2021;20/5/2021;Jueves;12:15:00;;0.0;2;Moto/Ciclomotor,Camión Chasis;Ituzaingó Y Pje Marsengo;2;1;0;1;0;0;Calle;SANTA FE;La Capital;Asfalto;No existe;I;Dentro;Urbana;Otra Señal;Funciona;Intersección;Bueno;Buena;Diurna;Buen Tiempo;De alcance,Múltiple;S/D;Colisión;Ninguna;S/D
3811;2021;20/5/2021;Jueves;12:00:00;;0.0;2;Moto/Ciclomotor,Automóvil;Bv Muttis Y Laprida;2;1;0;1;0;0;Avenida;SANTA FE;La Capital;Asfalto;No existe;I;Dentro;Urbana;Otra Señal;No existe;Intersección;Bueno;Buena;Diurna;Buen Tiempo;De alcance,Múltiple;S/D;Colisión;Ninguna;S/D
3812;2021;20/5/2021;Jueves;19:30:00;;0.0;2;Moto/Ciclomotor,Automóvil;Av. Gral. Paz Y Pje Calcena;2;1;0;1;0;0;Avenida;SANTA FE;La Capital;Asfalto;No existe;I;S/D;Urbana;Otra Señal;No existe;Intersección;Bueno;Buena;Atardecer;Buen Tiempo;De alcance,Múltiple;S/D;Colisión;S/D;S/D
3813;2021;20/5/2021;Jueves;17:20:00;;0.0;2;Pickup/Utilitario,Moto/Ciclomotor; ;2;1;0;1;0;0;Calle;SANTO TOMÉ;La Capital;Asfalto;Pavimento;I;Dentro;Urbana;Otra Señal;No existe;Intersección;Resbaladiza;Buena;Atardecer;Buen Tiempo;De alcance,Múltiple;S/D;Colisión;Ninguna;Faltante
3814;2021;20/5/2021;Jueves;12:00:00;;0.0;2;Automóvil,Moto/Ciclomotor;Alberdi Y 25 de mayo;2;1;0;1;0;0;Calle;LEHMANN;Castellanos;Hormigón;No existe;V;Dentro;Urbana;Otra Señal;No existe;Intersección;Bueno;Buena;Diurna;Buen Tiempo;Múltiple;S/D;Colisión;Ninguna;Vertical
3815;2021;20/5/2021;Jueves;11:35:00;;0.0;2;Moto/Ciclomotor,Taxi/Remis;Laprida Y Bv. 27 De Febrero;2;0;0;1;0;0;Avenida;ROSARIO;Constitución;Asfalto;Pavimento;II;S/D;Urbana;Otra Señal;Funciona;Intersección;Resbaladiza;Reducida;Diurna;Lluvia;Múltiple;S/D;Colisión;Agua;Vertical
3816;2021;21/5/2021;Viernes;08:05:00;;0.0;2;Automóvil,Transporte de Pasajeros Urbano (> 8 asientos);Av. Arijon Y Serrano;2;1;0;1;0;0;Avenida;ROSARIO;Rosario;Asfalto;No existe;II;Dentro;Urbana;Otra Señal;No existe;Intersección;Bueno;Buena;Diurna;Buen Tiempo;Lateral;S/D;Colisión;Ninguna;Horizontal,Vertical
3817;2021;21/5/2021;Viernes;;;0.0;2;Peatón,Pickup/Utilitario;Av. San Lorenzo Y Pte. Perón;2;1;0;1;0;0;Avenida;CAPITÁN BERMÚDEZ;San Lorenzo;S/D;S/D;XVII;Dentro;Urbana;Otra Señal;S/D;Intersección;S/D;S/D;S/D;S/D;De alcance,Múltiple;S/D;Colisión;S/D;S/D
3818;2021;21/5/2021;Viernes;23:00:00;Ruta Nacional 11;0.0;2;Automóvil,Moto/Ciclomotor;Av. San Lorenzo Y Carlos Pellegrini;2;1;0;1;0;0;Ruta;CAPITÁN BERMÚDEZ;San Lorenzo;Asfalto;S/D;XVII;Dentro;Urbana;Otra Señal;S/D;Intersección;S/D;S/D;Nocturna;S/D;De alcance,Múltiple;S/D;Colisión;S/D;S/D
3819;2021;21/5/2021;Viernes;20:30:00;;0.0;2;Moto/Ciclomotor,Bicicleta; ;2;1;0;1;0;0;Calle;RECONQUISTA;General Obligado;Asfalto;Pavimento;IX;Dentro;Urbana;Otra Señal;No existe;Intersección;Bueno;Reducida;Nocturna;Lluvia;Múltiple;S/D;Colisión;Agua;Horizontal
3820;2021;21/5/2021;Viernes;20:30:00;;0.0;1;Peatón;J.J.Paso 2050;1;1;0;0;0;0;S/D;ROSARIO;Rosario;S/D;S/D;II;S/D;S/D;Otra Señal;S/D;Intersección;S/D;S/D;S/D;S/D;Múltiple;Peatón;Colisión;S/D;S/D
3821;2021;22/5/2021;Sabado;17:40:00;;0.0;2;Moto/Ciclomotor,Pickup/Utilitario;Bv Belgrano ;3;2;0;1;0;0;Calle;CALCHAQUÍ;Vera;Asfalto;No existe;XIX;Dentro;Urbana;Otra Señal;No existe;Intersección;Bueno;Buena;Diurna;Buen Tiempo;De alcance,Múltiple;S/D;Colisión;Ninguna;Faltante
3822;2021;22/5/2021;Sabado;12:15:00;;0.0;2;Bicicleta,Automóvil;Entre Ríos Y Av. Uriburu;2;1;0;1;0;0;Calle;ROSARIO;Rosario;Asfalto;No existe;II;Dentro;Urbana;Otra Señal;No existe;Intersección;Con baches;Buena;Diurna;Buen Tiempo;De alcance,Múltiple;Ciclista;Colisión;S/D;Faltante
3823;2021;22/5/2021;Sabado;16:45:00;;0.0;2;Moto/Ciclomotor,Bicicleta;25 de Mayo Y Mitre B;3;2;0;1;0;0;Calle;VERA;Vera;Asfalto;No existe;XIX;Dentro;Urbana;Otra Señal;No existe;Intersección;Bueno;Buena;Diurna;Buen Tiempo;De alcance,Múltiple;Ciclista;Colisión;Ninguna;Vertical
3824;2021;22/5/2021;Sabado;11:50:00;;0.0;2;Automóvil,Camión;Av. López y Planes Y Córdoba;3;2;0;1;0;0;Avenida;SANTA FE;La Capital;Asfalto;No existe;I;S/D;Urbana;Otra Señal;Funciona;Intersección;Bueno;Buena;Diurna;Buen Tiempo;De alcance,Múltiple;S/D;Colisión;Ninguna;Vertical
3825;2021;22/5/2021;Sabado;14:40:00;;0.0;2;Pickup/Utilitario,Moto/Ciclomotor;Salta Y Saavedra;2;1;0;1;0;0;Calle;SANTA FE;La Capital;Asfalto;No existe;I;Dentro;Urbana;Otra Señal;Funciona;Intersección;Bueno;Buena;Nocturna;Buen Tiempo;De alcance,Múltiple;S/D;Colisión;Ninguna;Vertical
3826;2021;22/5/2021;Sabado;13:10:00;;0.0;2;Automóvil,Moto/Ciclomotor;Primera Junta Y Juan Diaz de Solís;2;1;0;1;0;0;Calle;SANTA FE;La Capital;Asfalto;No existe;I;Dentro;Urbana;Otra Señal;No existe;Intersección;Bueno;Buena;Diurna;Buen Tiempo;De alcance,Múltiple;S/D;Colisión;Ninguna;Vertical
3827;2021;22/5/2021;Sabado;19:25:00;Ruta Nacional 11;0.0;1;Moto/Ciclomotor;Juan de Garay ;1;1;0;0;0;0;Ruta;RECREO;La Capital;Asfalto;Ripio;I;S/D;S/D;Otra Señal;No existe;Intersección;Bueno;Reducida;Atardecer;Buen Tiempo;De alcance,Múltiple;S/D;Colisión;Ninguna;Faltante
3828;2021;22/5/2021;Sabado;;;0.0;1;Automóvil; ;1;1;0;0;0;0;S/D;ESPERANZA;Las Colonias;S/D;S/D;XI;S/D;S/D;Otra Señal;S/D;Intersección;S/D;S/D;S/D;S/D;De alcance,Múltiple;S/D;Colisión;S/D;S/D
3829;2021;22/5/2021;Sabado;;;0.0;2;Moto/Ciclomotor,Bicicleta; ;2;2;0;0;0;0;S/D;ESPERANZA;Las Colonias;S/D;S/D;XI;S/D;S/D;Otra Señal;S/D;Intersección;S/D;S/D;S/D;S/D;De alcance,Múltiple;Ciclista;Colisión;S/D;S/D
3830;2021;22/5/2021;Sabado;;;0.0;1;Pickup/Utilitario; ;1;1;0;0;0;0;S/D;HUGENTOBLER;Castellanos;S/D;S/D;III;S/D;S/D;Otra Señal;S/D;Intersección;S/D;S/D;S/D;S/D;Múltiple;S/D;Colisión;S/D;S/D
3831;2021;22/5/2021;Sabado;12:00:00;;0.0;2;Moto/Ciclomotor,Transporte Escolar; ;2;0;0;1;0;0;Calle;CERES;Constitución;Ripio;No existe;XIII;Dentro;Urbana;Otra Señal;No existe;Intersección;Bueno;S/D;Diurna;Buen Tiempo;Múltiple;S/D;Colisión;Ninguna;S/D
3832;2021;22/5/2021;Sabado;03:50:00;;0.0;2;Automóvil,Moto/Ciclomotor;Juan J Paso ;4;2;0;1;0;0;Calle;LAGUNA PAIVA;Constitución;Asfalto;Natural;I;Dentro;Urbana;Otra Señal;No existe;Intersección;Resbaladiza;Reducida;Nocturna;Niebla;Múltiple;S/D;Colisión;Agua;Faltante
3833;2021;23/5/2021;Domingo;14:45:00;;0.0;2;Automóvil,Taxi/Remis;Av. Ovidio Lagos Y San Luis;2;1;0;1;0;0;Calle;ROSARIO;Rosario;Asfalto;Pavimento;II;S/D;Urbana;Otra Señal;Funciona;Intersección;Bueno;Buena;Diurna;Buen Tiempo;De alcance,Múltiple;S/D;Colisión;S/D;Vertical
3834;2021;23/5/2021;Domingo;17:30:00;;0.0;2;Bicicleta,Automóvil;Av. Pellegrini Y Balcarce;2;1;0;1;0;0;Calle;ROSARIO;Rosario;Asfalto;Pavimento;II;Dentro;Urbana;Otra Señal;Funciona;Intersección;Bueno;Buena;Diurna;Buen Tiempo;De alcance,Múltiple;Ciclista;Colisión;Ninguna;Vertical
3835;2021;23/5/2021;Domingo;16:40:00;;0.0;2;Bicicleta,Automóvil;Dorrego ;2;1;0;1;0;0;Calle;ROSARIO;Rosario;Asfalto;No existe;II;Dentro;Urbana;Otra Señal;No existe;Intersección;Bueno;Buena;Diurna;Buen Tiempo;De alcance,Múltiple;Ciclista;Colisión;Ninguna;Faltante
3836;2021;23/5/2021;Domingo;19:15:00;;0.0;1;Moto/Ciclomotor;Bv Rivadavia 1400;2;1;0;0;1;0;Calle;SAN CRISTÓBAL;San CRISTÓBAL;Asfalto;No existe;XIII;S/D;Urbana;Otra Señal;No existe;Intersección;Bueno;Buena;Nocturna,Con luz artificial;Buen Tiempo;De alcance,Múltiple;S/D;Colisión;Ninguna;Vertical
3837;2021;23/5/2021;Domingo;13:10:00;;0.0;2;Pickup/Utilitario,Moto/Ciclomotor; ;4;2;0;2;0;0;Calle;VERA;Vera;Asfalto;No existe;XIX;S/D;Urbana;Otra Señal;No existe;Intersección;Bueno;Buena;Diurna;Buen Tiempo;De alcance,Múltiple;S/D;Colisión;Ninguna;Vertical
3838;2021;23/5/2021;Domingo;;;0.0;2;Automóvil,Automóvil;Chile Y Fray Luis Beltrán;2;1;0;1;0;0;Calle;CASILDA;Caseros;S/D;S/D;IV;Dentro;Urbana;Otra Señal;S/D;Intersección;S/D;Reducida;S/D;Lluvia;De alcance,Múltiple;S/D;Colisión;Agua;S/D
3839;2021;23/5/2021;Domingo;14:00:00;Autopista Provincial Brigadier E.LÓPEZ;20.0;1;Camión Chasis; ;1;1;0;0;0;0;Autopista;SAN LORENZO;San Lorenzo;Asfalto;Pavimento;XVII;Dentro;Rural;Otra Señal;No existe;Intersección;S/D;Buena;Diurna;S/D;S/D;S/D;Colisión;S/D;S/D
3840;2021;23/5/2021;Domingo;;Ruta Nacional 11;0.0;2;Moto/Ciclomotor,Vehículo Oficial;Bv Domingo F Sarmiento Y Mendoza;2;1;0;1;0;0;Ruta;MACIEL;San JERÓNIMO;Asfalto;S/D;XV;Dentro;Urbana;Otra Señal;S/D;Intersección;S/D;S/D;Diurna;S/D;S/D;S/D;Colisión;S/D;S/D
3841;2021;23/5/2021;Domingo;;Ruta Nacional 8;0.0;1;Taxi/Remis;Ruta Nac 8 ;3;3;0;0;0;0;Ruta;VENADO TUERTO;General LÓPEZ;Asfalto;S/D;VIII;Dentro;Urbana;Otra Señal;S/D;Intersección;S/D;S/D;Nocturna;S/D;Múltiple;S/D;Colisión;S/D;S/D
3842;2021;23/5/2021;Domingo;;Ruta Secundaria 262-s;0.0;2;Moto/Ciclomotor,Automóvil; ;2;1;0;1;0;0;Ruta;VILLA ANA;General Obligado;Asfalto;S/D;IX;Dentro;Rural;Otra Señal;No existe;Intersección;S/D;S/D;S/D;S/D;Múltiple;S/D;Colisión;S/D;S/D
3843;2021;23/5/2021;Domingo;;;0.0;2;Automóvil,Pickup/Utilitario;San Jerónimo Y Suipacha;2;1;0;1;0;0;Calle;SANTA FE;La Capital;Asfalto;S/D;I;Dentro;Urbana;Otra Señal;S/D;Intersección;S/D;S/D;S/D;S/D;Múltiple;S/D;Colisión;S/D;S/D
3844;2021;23/5/2021;Domingo;;;0.0;2;Moto/Ciclomotor,Moto/Ciclomotor;Calle 23-Gral López ;2;1;0;1;0;0;Calle;RECONQUISTA;General Obligado;Asfalto;S/D;IX;Dentro;Urbana;Otra Señal;S/D;Intersección;S/D;S/D;Diurna;S/D;Múltiple;S/D;Colisión;S/D;S/D
3845;2021;23/5/2021;Domingo;17:30:00;;0.0;1;Moto/Ciclomotor;J.B.Justo Y Albert Sabin;1;1;0;0;0;0;Calle;ROSARIO;Constitución;Asfalto;No existe;II;Dentro;Urbana;Otra Señal;Funciona;Intersección;Bueno;S/D;Diurna;S/D;Múltiple;S/D;Colisión;Ninguna;Horizontal,Vertical
3846;2021;23/5/2021;Domingo;15:30:00;;0.0;1;Bicicleta;Bv. 27 De Febrero Y Rio De Janeiro;1;1;0;0;0;0;Calle;ROSARIO;Constitución;Asfalto;No existe;II;Dentro;Urbana;Otra Señal;No existe;Intersección;Bueno;S/D;Diurna;S/D;Múltiple;S/D;Colisión;Ninguna;Faltante
3847;2021;23/5/2021;Domingo;;;0.0;2;Moto/Ciclomotor,Automóvil;Urquiza ;3;1;0;1;0;0;Calle;SUNCHALES;Constitución;Asfalto;S/D;XI;Dentro;Urbana;Otra Señal;No existe;Intersección;S/D;S/D;Diurna;S/D;Múltiple;S/D;Colisión;S/D;S/D
3848;2021;24/5/2021;Lunes;11:10:00;;0.0;2;Automóvil,Automóvil;Córdoba Y San Juan;3;1;0;2;0;0;Calle;PUERTO SAN MARTÍN;San Lorenzo;Asfalto;No existe;XVII;Dentro;Urbana;Otra Señal;No existe;Intersección;Bueno;Buena;Diurna;Buen Tiempo;De alcance,Múltiple;S/D;Colisión;Ninguna;Faltante
3849;2021;24/5/2021;Lunes;20:30:00;Ruta Nacional 34;222.0;2;Moto/Ciclomotor,Camión c / Acoplado;Av. Int Octavio Zabboli Y Luis Maggi;2;0;0;1;1;0;Ruta;RAFAELA;Castellanos;Asfalto;No existe;V;S/D;Urbana;Otra Señal;Funciona;Intersección;Bueno;S/D;Nocturna;S/D;De alcance,Múltiple;S/D;Colisión;Ninguna;Horizontal,Vertical
3850;2021;24/5/2021;Lunes;10:00:00;;0.0;2;Moto/Ciclomotor,Pickup/Utilitario;Bv 14 de Diciembre Y Dr. Ricardo Fischer;2;1;0;1;0;0;Calle;ARMSTRONG;Belgrano;Asfalto;No existe;III;Dentro;Urbana;Otra Señal;No existe;Intersección;Bueno;Buena;Diurna;Buen Tiempo;De alcance,Múltiple;S/D;Colisión;Ninguna;Faltante
3851;2021;24/5/2021;Lunes;08:30:00;;0.0;2;Moto/Ciclomotor,Pickup/Utilitario;San Nicolas Y Dean Funes;2;1;0;1;0;0;Calle;ROSARIO;Rosario;Asfalto;No existe;II;Dentro;Urbana;Otra Señal;No existe;Intersección;Bueno;Buena;Diurna;Buen Tiempo;De alcance,Múltiple;S/D;Colisión;Ninguna;Faltante
3852;2021;24/5/2021;Lunes;23:40:00;;0.0;2;Automóvil,Moto/Ciclomotor;Av. Avellaneda B Y Vélez Sarsfield;2;1;0;1;0;0;Avenida;ROSARIO;Rosario;Asfalto;S/D;II;Dentro;Urbana;Otra Señal;S/D;Intersección;Bueno;S/D;Nocturna;Buen Tiempo;De alcance,Múltiple;S/D;Colisión;Ninguna;Horizontal,Vertical
3853;2021;24/5/2021;Lunes;17:40:00;;0.0;2;Automóvil,Moto/Ciclomotor;Bv. Avellaneda Y 3 De Febrero;2;1;0;1;0;0;Calle;ROSARIO;Rosario;Asfalto;S/D;II;S/D;Urbana;Otra Señal;Funciona;Intersección;Bueno;S/D;Diurna;S/D;De alcance,Múltiple;S/D;Colisión;S/D;Vertical
3854;2021;24/5/2021;Lunes;;;0.0;2;Moto/Ciclomotor,Automóvil;Balcarce ;2;1;0;1;0;0;Calle;EL TRÉBOL;San MARTÍN;Asfalto;S/D;XVIII;Dentro;Urbana;Otra Señal;S/D;Intersección;S/D;S/D;S/D;S/D;S/D;S/D;Colisión;S/D;S/D
3855;2021;24/5/2021;Lunes;;;0.0;1;Automóvil;Av. Circunvalación ;1;1;0;0;0;0;Avenida;SANTA FE;La Capital;Asfalto;No existe;I;Dentro;Urbana;Otra Señal;No existe;Intersección;S/D;Buena;Nocturna;S/D;Múltiple;S/D;Colisión;S/D;S/D
3856;2021;24/5/2021;Lunes;14:10:00;;0.0;2;Moto/Ciclomotor,Automóvil;Calle 29-Alte Brown ;2;1;0;1;0;0;Calle;RECONQUISTA;General Obligado;Asfalto;S/D;IX;Dentro;Urbana;Otra Señal;S/D;Intersección;S/D;S/D;Diurna;S/D;Múltiple;S/D;Colisión;S/D;S/D
3857;2021;24/5/2021;Lunes;19:30:00;;0.0;2;Automóvil,Automóvil;Av. Francia Y Av. Uriburu;2;2;0;0;0;0;Avenida;ROSARIO;Constitución;Asfalto;No existe;II;Dentro;Urbana;Otra Señal;Funciona;Intersección;Bueno;S/D;Nocturna;S/D;Múltiple;S/D;Colisión;Ninguna;Horizontal,Vertical
3858;2021;24/5/2021;Lunes;07:20:00;Autopista Nacional A008;0.0;2;Moto/Ciclomotor,Automóvil;Av. Circunvalación Y Av. Uriburu;2;0;0;1;0;0;Autopista;ROSARIO;Constitución;Asfalto;No existe;II;Dentro;Urbana;Otra Señal;No existe;Intersección;Bueno;Buena;Diurna;Buen Tiempo;Múltiple;S/D;Colisión;Ninguna;Faltante
3859;2021;24/5/2021;Lunes;04:15:00;;0.0;1;Moto/Ciclomotor;Bv. Rondeau Y Gallo;1;0;0;0;0;0;Avenida;ROSARIO;Constitución;Asfalto;Pavimento;II;Dentro;Urbana;Otra Señal;No existe;Intersección;Bueno;Buena;Amanecer,Con luz artificial;Buen Tiempo;Múltiple;S/D;Colisión;S/D;S/D
3860;2021;24/5/2021;Lunes;;Autopista Nacional Gral. Juan Jose Valle;14.0;1;Automóvil; ;1;0;0;0;0;0;Autopista;ESPERANZA;Constitución;Asfalto;S/D;XI;Dentro;Rural;Otra Señal;No existe;Intersección;S/D;S/D;S/D;S/D;Múltiple;S/D;Colisión;S/D;S/D
3861;2021;24/5/2021;Lunes;07:00:00;;0.0;2;Moto/Ciclomotor,Vehículo Oficial;Av. Circunvalación ;2;0;0;1;0;0;Avenida;SANTA FE;Constitución;Asfalto;S/D;I;Dentro;Urbana;Otra Señal;No existe;Intersección;S/D;S/D;Amanecer;S/D;Múltiple;S/D;Colisión;S/D;S/D
3862;2021;25/5/2021;Martes;14:45:00;;0.0;2;Automóvil,Moto/Ciclomotor;Simón de Iriondo Y Aristóbulo del Valle;4;1;0;3;0;0;Calle;SANTO TOMÉ;La Capital;Asfalto;Pavimento;I;Dentro;Urbana;Otra Señal;Intermitente;Intersección;Bueno;Buena;Diurna;Buen Tiempo;De alcance,Múltiple;S/D;Colisión;Ninguna;Vertical
3863;2021;25/5/2021;Martes;22:00:00;;0.0;2;Automóvil,Moto/Ciclomotor;Francia Y Catamarca;2;1;0;1;0;0;Calle;SANTA FE;La Capital;Asfalto;No existe;I;Dentro;Urbana;Otra Señal;No existe;Intersección;Bueno;Buena;Nocturna;Buen Tiempo;De alcance,Múltiple;S/D;Colisión;Ninguna;S/D
3864;2021;25/5/2021;Martes;12:00:00;;0.0;2;Moto/Ciclomotor,Automóvil;Mendoza Y Sebastián Gaboto;2;1;0;1;0;0;Calle;SANTA FE;La Capital;Asfalto;No existe;I;Dentro;Urbana;Otra Señal;No existe;Intersección;Bueno;Buena;Diurna;Buen Tiempo;De alcance,Múltiple;S/D;Colisión;Ninguna;Vertical
3865;2021;25/5/2021;Martes;17:30:00;;0.0;1;Moto/Ciclomotor;Calle 25 800;2;1;0;1;0;0;Calle;LAS PAREJAS;Belgrano;Asfalto;No existe;III;S/D;Urbana;Otra Señal;No existe;Intersección;Con baches;Buena;Diurna;Buen Tiempo;De alcance,Múltiple;S/D;Colisión;Ninguna;Faltante
3866;2021;25/5/2021;Martes;14:40:00;;0.0;2;Moto/Ciclomotor,Peatón;Vélez Sarsfield 6047;2;1;0;1;0;0;Calle;ROSARIO;Rosario;Asfalto;No existe;II;Dentro;Urbana;Otra Señal;No existe;Intersección;Bueno;Buena;Diurna;S/D;De alcance,Múltiple;Peatón;Colisión;S/D;Faltante
3867;2021;25/5/2021;Martes;15:20:00;;0.0;2;Pickup/Utilitario,Moto/Ciclomotor;Fornells ;2;1;0;1;0;0;Calle;ROSARIO;Rosario;Asfalto;No existe;II;S/D;Urbana;Otra Señal;S/D;Intersección;S/D;S/D;Diurna;S/D;De alcance,Múltiple;S/D;Colisión;S/D;S/D
3868;2021;25/5/2021;Martes;;;0.0;2;Moto/Ciclomotor,Pickup/Utilitario;Av. Corrientes Y Benito Juárez;2;1;0;1;0;0;Calle;ROSARIO;Rosario;Asfalto;S/D;II;Dentro;Urbana;Otra Señal;S/D;Intersección;S/D;S/D;S/D;S/D;Lateral;S/D;Colisión;S/D;S/D