ID_Accidente;A�o;Fecha;Dia;Hopra;Ruta/Autop;km;Participantes;Tipo;Lugar;Total;Heridos Leves;Heridos Graves;Ilesos;Fallecidos;Sin datos;desc_tipo_via;desc_loc;desc_dpto;|;desc_tipo_banquina;desc_unidad_regional;desc_lugar_calzada;desc_zona;desc_prioridad;desc_estado_semaforo;desc_lugar_via;desc_estado_via;desc_estado_visibilidad;desc_luminosidad;desc_estado_clima;desc_tipo_colision;desc_tipo_atropello;desc_tipo_hecho;desc_pres_calzada;desc_senializacion
3869;2021;25/5/2021;Martes;;;0.0;1;Moto/Ciclomotor;Larrea A ;2;2;0;0;0;0;Calle;VENADO TUERTO;General LÓPEZ;Asfalto;S/D;VIII;Dentro;Urbana;Otra Señal;No existe;Intersección;S/D;S/D;Diurna;S/D;Múltiple;S/D;Colisión;S/D;S/D
3870;2021;25/5/2021;Martes;;;0.0;2;Moto/Ciclomotor,Automóvil; ;2;1;0;1;0;0;Calle;RECONQUISTA;General Obligado;Asfalto;S/D;IX;Dentro;Urbana;Otra Señal;S/D;Intersección;S/D;S/D;Diurna;S/D;Múltiple;S/D;Colisión;S/D;S/D
3871;2021;25/5/2021;Martes;;;0.0;2;Moto/Ciclomotor,Automóvil; ;2;1;0;1;0;0;Calle;RECONQUISTA;General Obligado;S/D;S/D;IX;S/D;Urbana;Otra Señal;S/D;Intersección;S/D;S/D;S/D;S/D;Múltiple;S/D;Colisión;S/D;S/D
3872;2021;25/5/2021;Martes;19:00:00;;0.0;1;Bicicleta;Bv. Seguí Y Bv. Avellaneda;1;1;0;0;0;0;Avenida;ROSARIO;Constitución;S/D;S/D;II;Dentro;Urbana;Otra Señal;S/D;Intersección;S/D;S/D;Atardecer;S/D;Múltiple;S/D;Colisión;S/D;S/D
3873;2021;25/5/2021;Martes;17:40:00;;0.0;2;Automóvil,Moto/Ciclomotor;Darragueira Y Superi;2;1;0;0;0;1;Calle;ROSARIO;Constitución;S/D;S/D;II;Dentro;Urbana;Otra Señal;S/D;Intersección;S/D;S/D;Diurna;S/D;Múltiple;S/D;Colisión;S/D;S/D
3874;2021;25/5/2021;Martes;17:30:00;;0.0;2;Moto/Ciclomotor,Moto/Ciclomotor;Belgrano Y Moreno;3;2;0;0;0;0;Calle;TOSTADO;Constitución;Hormigón;No existe;XII;Dentro;Urbana;Otra Señal;No existe;Intersección;Bueno;Buena;Diurna;Buen Tiempo;Múltiple;S/D;Colisión;Ninguna;Faltante
3875;2021;25/5/2021;Martes;19:30:00;Ruta Provincial 10;0.0;1;Automóvil; ;1;0;0;0;0;0;Ruta;SAN MARIANO;Constitución;Asfalto;Natural;XI;Dentro;Urbana;Otra Señal;No existe;Intersección;Bueno;Buena;Atardecer;Buen Tiempo;Múltiple;S/D;Colisión;Ninguna;Horizontal
3876;2021;25/5/2021;Martes;17:50:00;;0.0;2;Bicicleta,Automóvil;Av. del Rosario ;2;1;0;0;0;0;Calle;PEREZ;Constitución;Asfalto;Natural;II;Dentro;Rural;Otra Señal;No existe;Intersección;Bueno;Buena;Diurna;Buen Tiempo;Múltiple;Ciclista;Colisión;S/D;S/D
3877;2021;25/5/2021;Martes;12:00:00;;0.0;2;Pickup/Utilitario,Moto/Ciclomotor;Bv Lisandro de la Torre Y Rivadavia;2;0;0;1;0;0;Calle;SAN JORGE;Constitución;Asfalto;S/D;XVIII;Dentro;Urbana;Otra Señal;No existe;Intersección;S/D;S/D;Diurna;S/D;Múltiple;S/D;Colisión;S/D;S/D
3878;2021;25/5/2021;Martes;;;0.0;1;Moto/Ciclomotor;Lavalle 1863;1;0;0;0;0;0;Calle;VERA;Constitución;Asfalto;S/D;XIX;Dentro;Urbana;Otra Señal;No existe;Intersección;S/D;S/D;S/D;S/D;Múltiple;S/D;Colisión;S/D;S/D
3879;2021;25/5/2021;Martes;;;0.0;2;Moto/Ciclomotor,Camión;Av. Irigoyen ;3;1;0;1;0;0;Calle;ROSARIO;Constitución;Asfalto;S/D;II;Dentro;Urbana;Otra Señal;Funciona;Intersección;Bueno;S/D;Diurna;S/D;Múltiple;S/D;Colisión;S/D;S/D
3880;2021;26/5/2021;Miercoles;;;0.0;1;Moto/Ciclomotor;San Juan Y José Rucci;2;2;0;0;0;0;Calle;SAN LORENZO;San Lorenzo;S/D;S/D;XVII;Dentro;Urbana;Otra Señal;S/D;Intersección;S/D;S/D;Diurna;S/D;De alcance,Múltiple;S/D;Colisión;S/D;S/D
3881;2021;26/5/2021;Miercoles;10:00:00;;0.0;1;Moto/Ciclomotor;J. V. González Y Rivadavia;1;0;0;0;1;0;Calle;CAÑADA DE GÓMEZ;Iriondo;Asfalto;No existe;X;S/D;Urbana;Otra Señal;No existe;Intersección;Bueno;S/D;Diurna;S/D;De alcance,Múltiple;S/D;Colisión;Ninguna;Faltante
3882;2021;26/5/2021;Miercoles;20:00:00;;0.0;2;Moto/Ciclomotor,Automóvil;Derqui Y Mitre;2;1;0;1;0;0;Calle;SANTA FE;La Capital;Asfalto;No existe;I;Dentro;Urbana;Otra Señal;No existe;Intersección;Bueno;Buena;Nocturna;Otro;De alcance,Múltiple;S/D;Colisión;Ninguna;S/D
3883;2021;26/5/2021;Miercoles;16:45:00;;0.0;2;Automóvil,Moto/Ciclomotor;Alfonso Duran Y Juan Diaz de Solís;2;1;0;1;0;0;Calle;SANTA FE;La Capital;Asfalto;No existe;I;Dentro;Urbana;Otra Señal;No existe;Intersección;Bueno;Buena;Diurna;Buen Tiempo;De alcance,Múltiple;S/D;Colisión;Ninguna;Vertical
3884;2021;26/5/2021;Miercoles;19:45:00;;0.0;1;Moto/Ciclomotor;Córdoba Y Saavedra;1;1;0;0;0;0;Calle;VERA;Vera;S/D;S/D;XIX;Dentro;Urbana;Otra Señal;S/D;Intersección;S/D;S/D;Atardecer;S/D;De alcance,Múltiple;S/D;Colisión;S/D;S/D
3885;2021;26/5/2021;Miercoles;12:45:00;;0.0;2;Pickup/Utilitario,Moto/Ciclomotor;Avenida 13 Y Calle 8;2;1;0;1;0;0;Avenida;LAS PAREJAS;Belgrano;Asfalto;No existe;III;Dentro;Urbana;Otra Señal;No existe;Intersección;Bueno;Buena;Diurna;Buen Tiempo;De alcance,Múltiple;S/D;Colisión;Material Suelto;Faltante
3886;2021;26/5/2021;Miercoles;16:45:00;;0.0;1;Bicicleta;Rivadavia ;1;1;0;0;0;0;Calle;ROSARIO;Rosario;Asfalto;Pavimento;II;Dentro;Urbana;Otra Señal;No existe;Intersección;Bueno;Buena;Diurna;Buen Tiempo;De alcance,Múltiple;Ciclista;Colisión;Ninguna;Faltante
3887;2021;26/5/2021;Miercoles;11:20:00;;0.0;2;Automóvil,Peatón;Donado Y San Lorenzo;2;1;0;1;0;0;Calle;ROSARIO;Rosario;Asfalto;No existe;II;Dentro;Urbana;Otra Señal;No existe;Intersección;Bueno;Buena;Diurna;Buen Tiempo;De alcance,Múltiple;Peatón;Colisión;Ninguna;S/D
3888;2021;26/5/2021;Miercoles;14:53:00;;0.0;2;Transporte de Pasajeros Urbano (> 8 asientos),Moto/Ciclomotor;J.B.Justo Y García del Cossio Bis;2;1;0;1;0;0;Calle;ROSARIO;Rosario;Asfalto;No existe;II;Dentro;Urbana;Otra Señal;No existe;Intersección;Bueno;Buena;Diurna;S/D;De alcance,Múltiple;S/D;Colisión;S/D;Faltante
3889;2021;26/5/2021;Miercoles;17:00:00;;0.0;1;Automóvil;Bv. Avellaneda Y San Juan;1;1;0;0;0;0;Avenida;ROSARIO;Rosario;Asfalto;No existe;II;S/D;Urbana;Otra Señal;No existe;Intersección;S/D;Buena;Diurna;Buen Tiempo;De alcance,Múltiple;S/D;Colisión;Ninguna;Faltante
3890;2021;26/5/2021;Miercoles;;;0.0;2;Automóvil,Automóvil;Av. Circunvalación ;3;2;0;1;0;0;Avenida;SANTA FE;La Capital;Asfalto;Pavimento;I;Dentro;Urbana;Otra Señal;No existe;Intersección;S/D;S/D;Diurna;S/D;De alcance,Múltiple;S/D;Colisión;S/D;S/D
3891;2021;26/5/2021;Miercoles;16:00:00;;0.0;2;Moto/Ciclomotor,Camión;Calle 50 ;3;2;0;1;0;0;Calle;RECONQUISTA;General Obligado;Tierra;Natural;IX;Dentro;Urbana;Otra Señal;No existe;Intersección;Otro;Buena;Diurna;Buen Tiempo;Múltiple;S/D;Colisión;Ninguna;Faltante
3892;2021;26/5/2021;Miercoles;15:40:00;;0.0;2;Pickup/Utilitario,Moto/Ciclomotor;San Martin Y Gral. Obligado;2;1;0;1;0;0;Calle;MARGARITA;Vera;Asfalto;S/D;XIX;Dentro;Urbana;Otra Señal;No existe;Intersección;S/D;S/D;Diurna;S/D;Múltiple;S/D;Colisión;S/D;S/D
3893;2021;26/5/2021;Miercoles;19:30:00;;0.0;1;Moto/Ciclomotor;Av. Ovidio Lagos Y Olegario V.Andrade;1;1;0;0;0;0;Avenida;ROSARIO;Constitución;S/D;S/D;II;Dentro;Urbana;Otra Señal;S/D;Intersección;S/D;S/D;Atardecer;S/D;Múltiple;S/D;Colisión;S/D;S/D
3894;2021;26/5/2021;Miercoles;07:00:00;;0.0;1;Moto/Ciclomotor;Bv. Avellaneda 4200;2;2;0;0;0;0;Avenida;ROSARIO;Constitución;S/D;S/D;II;Dentro;Urbana;Otra Señal;S/D;Intersección;S/D;S/D;Atardecer;S/D;Múltiple;S/D;Colisión;S/D;S/D
3895;2021;26/5/2021;Miercoles;16:45:00;Autopista Nacional Rosario -Cordoba;314.0;2;Automóvil,Camión c / Semirremolque; ;2;0;0;1;0;0;Autopista;ROLDÁN;Constitución;Asfalto;Natural;XVII;S/D;Urbana;Otra Señal;No existe;Intersección;Bueno;Buena;Diurna;Buen Tiempo;Múltiple;S/D;Colisión;Ninguna;Vertical
3896;2021;27/5/2021;Jueves;17:50:00;;0.0;2;Bicicleta,Moto/Ciclomotor;Av. A del Valle 10400;2;1;0;1;0;0;Avenida;SANTA FE;La Capital;S/D;No existe;I;S/D;Urbana;Otra Señal;No existe;Intersección;Otro;Reducida;Atardecer;Otro;De alcance,Múltiple;Ciclista;Colisión;Otro;Faltante
3897;2021;27/5/2021;Jueves;16:30:00;;0.0;2;Bicicleta,Taxi/Remis;Mitre Y Huergo;2;1;0;1;0;0;Calle;SANTA FE;La Capital;Asfalto;No existe;I;S/D;Urbana;Otra Señal;No existe;Intersección;Bueno;Buena;Diurna;Buen Tiempo;De alcance,Múltiple;S/D;Colisión;Ninguna;S/D
3898;2021;27/5/2021;Jueves;12:00:00;;0.0;2;Automóvil,Automóvil;Av. Leandro Alem Y Sarmiento;2;1;0;1;0;0;Avenida;SANTA FE;La Capital;Asfalto;Pavimento;I;Dentro;Urbana;Otra Señal;Funciona;Intersección;Bueno;Buena;Diurna;Buen Tiempo;De alcance,Múltiple;S/D;Colisión;Ninguna;Horizontal
3899;2021;27/5/2021;Jueves;10:10:00;;0.0;2;Pickup/Utilitario,Bicicleta;Rosario Y Corrientes;2;1;0;1;0;0;Calle;VERA;Vera;Asfalto;No existe;XIX;Dentro;Urbana;Otra Señal;No existe;Intersección;Bueno;Buena;Diurna;Buen Tiempo;De alcance,Múltiple;Ciclista;Colisión;Ninguna;Vertical
3900;2021;27/5/2021;Jueves;15:40:00;;0.0;2;Moto/Ciclomotor,Pickup/Utilitario;Rivadavia Y Hipólito Yrigoyen;2;1;0;1;0;0;Calle;SANTA FE;La Capital;Asfalto;Pavimento;I;Dentro;Urbana;Otra Señal;Funciona;Intersección;Bueno;Buena;Diurna;Buen Tiempo;De alcance,Múltiple;S/D;Colisión;Ninguna;Faltante
3901;2021;27/5/2021;Jueves;10:00:00;;0.0;2;Moto/Ciclomotor,Pickup/Utilitario;San Jerónimo Y Mariano Comas;2;1;0;1;0;0;Calle;SANTA FE;La Capital;Asfalto;Pavimento;I;Dentro;Urbana;Otra Señal;No existe;Intersección;Bueno;Buena;Diurna;S/D;De alcance,Múltiple;S/D;Colisión;Ninguna;Faltante
3902;2021;27/5/2021;Jueves;16:45:00;;0.0;2;Bicicleta,Moto/Ciclomotor;Bartolomé Mitre Y Cullen;2;2;0;0;0;0;Calle;ESPERANZA;Las Colonias;Asfalto;No existe;XI;S/D;Urbana;Otra Señal;No existe;Intersección;Bueno;Buena;Diurna;Buen Tiempo;De alcance,Múltiple;S/D;Colisión;Ninguna;Vertical
3903;2021;27/5/2021;Jueves;11:45:00;;0.0;1;Moto/Ciclomotor;Ituzaingó Y Bartolomé Mitre;3;3;0;0;0;0;Calle;GRANADERO BAIGORRIA;Rosario;Asfalto;No existe;II;Dentro;Urbana;Otra Señal;No existe;Intersección;Bueno;Buena;Diurna;Buen Tiempo;De alcance,Múltiple;S/D;Colisión;Ninguna;Faltante
3904;2021;27/5/2021;Jueves;13:30:00;;0.0;2;Moto/Ciclomotor,Taxi/Remis;Donado Y Forest;2;1;0;1;0;0;Calle;ROSARIO;Rosario;Asfalto;No existe;II;Dentro;Urbana;Otra Señal;No existe;Intersección;Bueno;Buena;Diurna;Buen Tiempo;De alcance,Múltiple;S/D;Colisión;Ninguna;S/D
3905;2021;27/5/2021;Jueves;05:45:00;;0.0;2;Moto/Ciclomotor,Automóvil;Ayacucho Y Pje. Edison;2;1;0;1;0;0;Calle;ROSARIO;Rosario;Asfalto;No existe;II;Dentro;Urbana;Otra Señal;S/D;Intersección;S/D;S/D;Amanecer;Buen Tiempo;De alcance,Múltiple;S/D;Colisión;Ninguna;Faltante
3906;2021;27/5/2021;Jueves;18:15:00;;0.0;2;Moto/Ciclomotor,Peatón;San Martin Y Dr. Rivas;3;3;0;0;0;0;Calle;ROSARIO;Rosario;Asfalto;No existe;II;Dentro;Urbana;Otra Señal;Funciona;Intersección;Bueno;Buena;Diurna;Buen Tiempo;De alcance,Múltiple;Peatón;Colisión;Ninguna;Horizontal,Vertical
3907;2021;27/5/2021;Jueves;;;0.0;2;Moto/Ciclomotor,Pickup/Utilitario;1ro de Mayo Y Agustín Delgado;3;2;0;1;0;0;Calle;SANTA FE;La Capital;Asfalto;S/D;I;Dentro;Urbana;Otra Señal;S/D;Intersección;S/D;S/D;Diurna;S/D;S/D;S/D;Colisión;S/D;S/D
3908;2021;27/5/2021;Jueves;;;0.0;2;Moto/Ciclomotor,Automóvil; ;2;1;0;1;0;0;Calle;ESPERANZA;Las Colonias;S/D;S/D;XI;Dentro;Urbana;Otra Señal;S/D;Intersección;S/D;S/D;S/D;S/D;De alcance;S/D;Colisión;S/D;S/D
3909;2021;27/5/2021;Jueves;18:30:00;;0.0;1;Moto/Ciclomotor;Montes Carballo 700;1;1;0;0;0;0;Calle;ROSARIO;Rosario;Asfalto;S/D;II;Dentro;Urbana;Otra Señal;S/D;Intersección;S/D;S/D;Atardecer;S/D;Múltiple;S/D;Colisión;S/D;S/D
3910;2021;27/5/2021;Jueves;08:45:00;;0.0;1;Moto/Ciclomotor;Montevideo Y Solís;1;1;0;0;0;0;Calle;ROSARIO;Constitución;S/D;S/D;II;Dentro;Urbana;Otra Señal;S/D;Intersección;S/D;S/D;Diurna;S/D;Múltiple;S/D;Colisión;S/D;S/D
3911;2021;27/5/2021;Jueves;19:45:00;Ruta Nacional 33;0.0;2;Moto/Ciclomotor,Pickup/Utilitario; ;3;0;0;1;0;0;Ruta;AMENABAR;General LÓPEZ;Asfalto;S/D;VIII;Dentro;Rural;Otra Señal;No existe;Intersección;S/D;S/D;Atardecer;S/D;Múltiple;S/D;Colisión;S/D;S/D
3912;2021;28/5/2021;Viernes;;;0.0;2;Bicicleta,Pickup/Utilitario;C Colon 700;2;1;0;1;0;0;Calle;CAPITÁN BERMÚDEZ;San Lorenzo;S/D;S/D;XVII;S/D;S/D;Otra Señal;S/D;Intersección;S/D;S/D;S/D;S/D;De alcance,Múltiple;S/D;Colisión;S/D;S/D
3913;2021;28/5/2021;Viernes;19:15:00;Ruta Nacional 34;222.0;2;Moto/Ciclomotor,Automóvil;Av. Int Octavio Zabboli Y Av. Doctor E Salva;2;0;0;1;1;0;Ruta;RAFAELA;Castellanos;Asfalto;No existe;V;S/D;Urbana;Otra Señal;Funciona;Intersección;Bueno;S/D;Nocturna;S/D;De alcance,Múltiple;S/D;Colisión;Ninguna;Horizontal,Vertical
3914;2021;28/5/2021;Viernes;11:10:00;Ruta Secundaria 19-s;50.0;2;Automóvil,Camión;Boulevard Argentino Y Buenos Aires;2;0;0;1;1;0;Ruta;CASILDA;Caseros;Asfalto;No existe;IV;S/D;Urbana;Otra Señal;Funciona;Intersección;Bueno;Buena;Diurna;S/D;De alcance,Múltiple;S/D;Colisión;Ninguna;Horizontal,Vertical
3915;2021;28/5/2021;Viernes;19:30:00;;0.0;2;Moto/Ciclomotor,Taxi/Remis;Buenos Aires Y Frutos;2;1;0;1;0;0;Calle;SANTO TOMÉ;La Capital;Asfalto;Ripio;I;Dentro;Urbana;Otra Señal;No existe;Intersección;Con baches;Buena;Nocturna;Buen Tiempo;De alcance,Múltiple;S/D;Colisión;S/D;S/D
3916;2021;28/5/2021;Viernes;11:50:00;;0.0;2;Pickup/Utilitario,Moto/Ciclomotor;French Y Las Heras;2;1;0;1;0;0;Calle;SANTA FE;La Capital;S/D;No existe;I;Dentro;Urbana;Otra Señal;No existe;Intersección;Otro;S/D;Diurna;S/D;De alcance,Múltiple;S/D;Colisión;Otro;S/D
3917;2021;28/5/2021;Viernes;21:30:00;;0.0;2;Bicicleta,Automóvil;Gorriti ;2;1;0;1;0;0;Avenida;SANTA FE;La Capital;Asfalto;No existe;I;S/D;Urbana;Otra Señal;No existe;Intersección;Bueno;Buena;Nocturna;S/D;De alcance,Múltiple;S/D;Colisión;Ninguna;Faltante
3918;2021;28/5/2021;Viernes;10:30:00;Ruta Nacional 11;0.0;2;Moto/Ciclomotor,Bicicleta; ;2;2;0;0;0;0;Ruta;SANTA FE;La Capital;Asfalto;No existe;I;Dentro;Urbana;Otra Señal;No existe;Intersección;Bueno;Buena;Diurna;Buen Tiempo;De alcance,Múltiple;Ciclista;Colisión;Ninguna;Faltante
3919;2021;28/5/2021;Viernes;17:30:00;;0.0;2;Automóvil,Moto/Ciclomotor;Alvear Y Bv Gálvez;2;1;0;1;0;0;Calle;SANTA FE;La Capital;Asfalto;No existe;I;S/D;Urbana;Otra Señal;Funciona;Intersección;Bueno;Reducida polvo;Diurna;S/D;De alcance,Múltiple;S/D;Colisión;S/D;S/D
3920;2021;28/5/2021;Viernes;15:00:00;;0.0;2;Automóvil,Moto/Ciclomotor;4 de Enero Y Gdor. Crespo;2;1;0;1;0;0;Calle;SANTA FE;La Capital;Asfalto;No existe;I;Dentro;Urbana;Otra Señal;No existe;Intersección;Bueno;S/D;Diurna;S/D;De alcance,Múltiple;S/D;Colisión;S/D;S/D
3921;2021;28/5/2021;Viernes;13:00:00;;0.0;2;Moto/Ciclomotor,Taxi/Remis;Candioti Y Pje Santa María de Oro;2;1;0;1;0;0;Calle;SANTA FE;La Capital;Asfalto;Pavimento;I;Dentro;Urbana;Otra Señal;No existe;Intersección;Bueno;Buena;Diurna;Buen Tiempo;De alcance,Múltiple;S/D;Colisión;Ninguna;S/D
3922;2021;28/5/2021;Viernes;19:55:00;;0.0;2;Automóvil,Taxi/Remis;Laprida Y Pje. Ivanowsky;3;1;0;2;0;0;Calle;ROSARIO;Rosario;Asfalto;No existe;II;Dentro;Urbana;Otra Señal;No existe;Intersección;Bueno;Buena;Diurna;Buen Tiempo;De alcance,Múltiple;S/D;Colisión;Ninguna;Faltante
3923;2021;28/5/2021;Viernes;17:00:00;;0.0;2;Automóvil,Moto/Ciclomotor;Güemes ;2;1;0;1;0;0;Calle;SAN JERÓNIMO NORTE;Las Colonias;Asfalto;No existe;XI;Dentro;Urbana;Otra Señal;No existe;Intersección;Bueno;Buena;Diurna;Buen Tiempo;De alcance,Múltiple;S/D;Colisión;Ninguna;Horizontal
3924;2021;28/5/2021;Viernes;17:20:00;;0.0;1;Moto/Ciclomotor;Dorrego Y Catamarca;2;1;0;1;0;0;Calle;ROSARIO;Rosario;Asfalto;No existe;II;Dentro;Urbana;Otra Señal;No existe;Intersección;Bueno;Buena;Diurna;Buen Tiempo;Múltiple;S/D;Colisión;Ninguna;Horizontal
3925;2021;28/5/2021;Viernes;;;0.0;2;Automóvil,Pickup/Utilitario;Alvear Y Lisandro de la Torre;2;1;0;1;0;0;Calle;VENADO TUERTO;General LÓPEZ;Hormigón;S/D;VIII;S/D;S/D;Otra Señal;S/D;Intersección;S/D;S/D;Diurna;S/D;Múltiple;S/D;Colisión;S/D;S/D
3926;2021;28/5/2021;Viernes;16:00:00;;0.0;1;Moto/Ciclomotor; ;1;1;0;0;0;0;S/D;ROSARIO;Constitución;S/D;S/D;II;S/D;S/D;Otra Señal;S/D;Intersección;S/D;S/D;Diurna;S/D;Múltiple;S/D;Colisión;S/D;S/D
3927;2021;28/5/2021;Viernes;20:30:00;;0.0;2;Moto/Ciclomotor,Moto/Ciclomotor;Av. Francia Y Pte. Quintana;2;2;0;0;0;0;Calle;ROSARIO;Constitución;Asfalto;No existe;II;Dentro;Urbana;Otra Señal;No existe;Intersección;Bueno;S/D;Nocturna;S/D;Múltiple;S/D;Colisión;Ninguna;Faltante
3928;2021;28/5/2021;Viernes;09:00:00;;0.0;1;Bicicleta;Pje. Azurduy ;1;1;0;0;0;0;S/D;ROSARIO;Constitución;S/D;S/D;II;S/D;S/D;Otra Señal;S/D;Intersección;S/D;S/D;Diurna;S/D;Múltiple;S/D;Colisión;S/D;S/D
3929;2021;28/5/2021;Viernes;09:05:00;Ruta Provincial 1;37.0;2;Moto/Ciclomotor,Moto/Ciclomotor;Ruta Provic 1 ;2;1;0;0;0;0;Ruta;SANTA ROSA DE CALCHINES;Constitución;Asfalto;Natural;VII;S/D;Urbana;Otra Señal;No existe;Intersección;Bueno;Buena;Diurna;Buen Tiempo;Múltiple;S/D;Colisión;Ninguna;Faltante
3930;2021;28/5/2021;Viernes;17:10:00;;0.0;2;Moto/Ciclomotor,Moto/Ciclomotor;Luis Vila ;2;1;0;0;0;0;Calle;ROSARIO;Constitución;Asfalto;No existe;II;Dentro;Urbana;Otra Señal;No existe;Intersección;S/D;Buena;Diurna;Buen Tiempo;Múltiple;S/D;Colisión;S/D;S/D
3931;2021;29/5/2021;Sabado;20:30:00;;0.0;2;Automóvil,Moto/Ciclomotor;General López Y Tucumán;3;1;0;2;0;0;Calle;SAN LORENZO;San Lorenzo;S/D;S/D;XVII;Dentro;Urbana;Otra Señal;S/D;Intersección;S/D;S/D;Nocturna;S/D;De alcance,Múltiple;S/D;Colisión;S/D;S/D
3932;2021;29/5/2021;Sabado;21:30:00;;0.0;1;Moto/Ciclomotor;Lamadrid Y Naciones Unidas;1;0;0;0;1;0;Calle;SANTA FE;La Capital;Asfalto;No existe;I;S/D;Urbana;Otra Señal;No existe;Intersección;Bueno;S/D;Nocturna;S/D;De alcance,Múltiple;S/D;Colisión;Ninguna;Faltante
3933;2021;29/5/2021;Sabado;15:35:00;Ruta Nacional 98;0.0;1;Moto/Ciclomotor; ;1;1;0;0;0;0;Ruta;VERA;Vera;Asfalto;No existe;XIX;Dentro;Urbana;Otra Señal;No existe;Intersección;Bueno;Buena;Diurna;Buen Tiempo;De alcance,Múltiple;S/D;Colisión;Ninguna;Faltante
3934;2021;29/5/2021;Sabado;18:30:00;;0.0;2;Pickup/Utilitario,Moto/Ciclomotor;Scalabrini Ortiz Y L Bessone;2;1;0;1;0;0;Calle;SAN CARLOS CENTRO;Las Colonias;Ripio;Natural;XI;Dentro;Urbana;Otra Señal;No existe;Intersección;Bueno;Buena;Atardecer;Buen Tiempo;De alcance,Múltiple;S/D;Colisión;Ninguna;Faltante
3935;2021;29/5/2021;Sabado;12:00:00;;0.0;2;Moto/Ciclomotor,Otros;B Giuliani ;2;1;0;1;0;0;Avenida;GOBERNADOR CRESPO;San Justo;Ripio;No existe;XVI;Dentro;Urbana;Otra Señal;No existe;Intersección;S/D;Buena;Diurna;Buen Tiempo;De alcance,Múltiple;S/D;Colisión;Ninguna;Faltante
3936;2021;29/5/2021;Sabado;;;0.0;2;Moto/Ciclomotor,Automóvil;Hipólito Yrigoyen Y Simón de Iriondo;2;1;0;1;0;0;Calle;PUJATO;San Lorenzo;S/D;S/D;XVII;Dentro;Urbana;Otra Señal;S/D;Intersección;S/D;S/D;S/D;S/D;S/D;S/D;Colisión;S/D;S/D
3937;2021;29/5/2021;Sabado;20:50:00;;0.0;2;Moto/Ciclomotor,Automóvil;Calle 21-Gdor. Iriondo ;2;1;0;1;0;0;Calle;RECONQUISTA;General Obligado;Asfalto;No existe;IX;Dentro;Urbana;Otra Señal;No existe;Intersección;Bueno;Buena;Nocturna;Buen Tiempo;Múltiple;S/D;Colisión;Ninguna;Horizontal
3938;2021;29/5/2021;Sabado;;;0.0;1;Moto/Ciclomotor;2 de Abril Y 3 de Febrero;1;1;0;0;0;0;Calle;VENADO TUERTO;General LÓPEZ;Asfalto;S/D;VIII;Dentro;Urbana;Otra Señal;S/D;Intersección;S/D;S/D;Diurna;S/D;Múltiple;S/D;Colisión;S/D;S/D
3939;2021;29/5/2021;Sabado;;Ruta Nacional 8;0.0;2;Moto/Ciclomotor,Automóvil; ;2;1;0;1;0;0;Ruta;VENADO TUERTO;General LÓPEZ;S/D;S/D;VIII;Dentro;Urbana;Otra Señal;S/D;Intersección;S/D;S/D;S/D;S/D;Múltiple;S/D;Colisión;S/D;S/D
3940;2021;29/5/2021;Sabado;09:00:00;;0.0;1;Moto/Ciclomotor;Av. Pellegrini Y Vera Mujica;1;1;0;0;0;0;Calle;ROSARIO;Constitución;Asfalto;No existe;II;Dentro;Urbana;Otra Señal;Funciona;Intersección;Bueno;S/D;Diurna;S/D;Múltiple;S/D;Colisión;Ninguna;Horizontal,Vertical
3941;2021;29/5/2021;Sabado;00:00:00;;0.0;1;Moto/Ciclomotor;E.Zeballos Y Sarmiento;1;1;0;0;0;0;Calle;ROSARIO;Constitución;Asfalto;No existe;II;Dentro;Urbana;Otra Señal;No existe;Intersección;Bueno;S/D;Nocturna;S/D;Múltiple;S/D;Colisión;Ninguna;Horizontal
3942;2021;29/5/2021;Sabado;19:00:00;;0.0;1;Automóvil;Chacabuco Y Rueda;1;1;0;0;0;0;Calle;ROSARIO;Constitución;Asfalto;No existe;II;Dentro;Urbana;Otra Señal;No existe;Intersección;Bueno;S/D;Diurna;S/D;Múltiple;S/D;Colisión;Ninguna;Faltante
3943;2021;29/5/2021;Sabado;05:00:00;;0.0;1;Moto/Ciclomotor;Vélez Sarsfield ;1;0;0;0;0;0;Calle;SAN LORENZO;Constitución;Hormigón;S/D;XVII;S/D;Urbana;Otra Señal;S/D;Intersección;S/D;S/D;Nocturna;S/D;Múltiple;S/D;Colisión;S/D;S/D
3944;2021;29/5/2021;Sabado;00:00:00;;0.0;2;Automóvil,Moto/Ciclomotor;Rivadavia Y Rosario;3;1;0;1;0;0;Calle;PUERTO SAN MARTÍN;Constitución;Asfalto;No existe;XVII;Dentro;Urbana;Otra Señal;No existe;Intersección;Bueno;Buena;Nocturna;Otro;Múltiple;S/D;Colisión;Ninguna;Faltante
3945;2021;29/5/2021;Sabado;19:30:00;Ruta Nacional 19;0.0;2;Camión c / Semirremolque,Moto/Ciclomotor; ;4;2;0;1;0;0;Ruta;JOSEFINA;Constitución;Hormigón;Pavimento;V;Dentro;Rural;Otra Señal;No existe;Intersección;Bueno;Reducida;Atardecer;Buen Tiempo;Múltiple;S/D;Colisión;Ninguna;S/D
3946;2021;30/5/2021;Domingo;13:10:00;Ruta Provincial 2;19.0;1;Moto/Ciclomotor;Ruta pcial 2 Av. San Martin ;1;1;0;0;0;0;Ruta;MONTE VERA;La Capital;Ripio;Natural;I;Dentro;Urbana;Otra Señal;No existe;Intersección;Bueno;Buena;Diurna;Buen Tiempo;De alcance,Múltiple;S/D;Colisión;Ninguna;Faltante