ID_Accidente;A�o;Fecha;Dia;Hopra;Ruta/Autop;km;Participantes;Tipo;Lugar;Total;Heridos Leves;Heridos Graves;Ilesos;Fallecidos;Sin datos;desc_tipo_via;desc_loc;desc_dpto;|;desc_tipo_banquina;desc_unidad_regional;desc_lugar_calzada;desc_zona;desc_prioridad;desc_estado_semaforo;desc_lugar_via;desc_estado_via;desc_estado_visibilidad;desc_luminosidad;desc_estado_clima;desc_tipo_colision;desc_tipo_atropello;desc_tipo_hecho;desc_pres_calzada;desc_senializacion
3947;2021;30/5/2021;Domingo;23:10:00;;0.0;2;Moto/Ciclomotor,Moto/Ciclomotor;Las Heras Y Domingo Silva;2;2;0;0;0;0;Calle;SANTA FE;La Capital;Asfalto;S/D;I;Dentro;Urbana;Otra Señal;No existe;Intersección;S/D;S/D;Nocturna;Buen Tiempo;De alcance,Múltiple;S/D;Colisión;S/D;S/D
3948;2021;30/5/2021;Domingo;12:15:00;Ruta Provincial 70;0.0;2;Moto/Ciclomotor,Camión c / Acoplado;Ruta provincial 70 ;2;1;0;1;0;0;Ruta;ESPERANZA;Las Colonias;Asfalto;Pavimento;XI;S/D;Urbana;Otra Señal;Funciona;Intersección;Bueno;Buena;Diurna;Buen Tiempo;De alcance,Múltiple;S/D;Colisión;Ninguna;S/D
3949;2021;30/5/2021;Domingo;14:15:00;;0.0;2;Moto/Ciclomotor,Moto/Ciclomotor; ;3;3;0;0;0;0;Calle;SAN JUSTO;San Justo;Asfalto;No existe;XVI;Dentro;Urbana;Otra Señal;No existe;Intersección;S/D;Buena;Diurna;Buen Tiempo;De alcance,Múltiple;S/D;Colisión;Ninguna;Faltante
3950;2021;30/5/2021;Domingo;16:00:00;;0.0;2;Bicicleta,Automóvil;Calle 16 Gral. Obligado Y Calle 9-Italia;2;1;0;1;0;0;Calle;RECONQUISTA;General Obligado;S/D;S/D;IX;Dentro;Urbana;Otra Señal;S/D;Intersección;S/D;S/D;Diurna;S/D;Múltiple;Ciclista;Colisión;S/D;S/D
3951;2021;30/5/2021;Domingo;;;0.0;2;Otros,Moto/Ciclomotor; ;2;1;0;0;0;1;S/D;ROSARIO;Constitución;S/D;S/D;II;S/D;S/D;Otra Señal;S/D;Intersección;S/D;S/D;S/D;S/D;Múltiple;Ciclista;Colisión;S/D;S/D
3952;2021;30/5/2021;Domingo;;;0.0;1;Bicicleta; ;1;0;0;0;0;0;Calle;SANTA FE;Constitución;Asfalto;S/D;I;Dentro;Urbana;Otra Señal;S/D;Intersección;S/D;S/D;S/D;S/D;Múltiple;Ciclista;Colisión;S/D;S/D
3953;2021;31/5/2021;Lunes;15:10:00;Ruta Nacional 11;0.0;2;Automóvil,Moto/Ciclomotor;Av. San Martin Y Pte. Illia -Ex. Entre Ríos;2;1;0;1;0;0;Ruta;FRAY LUIS BELTRÁN;San Lorenzo;Asfalto;Pavimento;XIII;Dentro;Urbana;Otra Señal;Funciona;Intersección;Bueno;Buena;Diurna;Buen Tiempo;De alcance,Múltiple;S/D;Colisión;Ninguna;S/D
3954;2021;31/5/2021;Lunes;09:30:00;Ruta Provincial 4;4.0;1;Bicicleta; ;1;0;0;0;1;0;Ruta;LAGUNA PAIVA;La Capital;Asfalto;Natural;I;Dentro;Rural;Otra Señal;No existe;Intersección;Bueno;Buena;Diurna;Buen Tiempo;De alcance,Múltiple;S/D;Colisión;Ninguna;S/D
3955;2021;31/5/2021;Lunes;17:20:00;Ruta Provincial 1;3.0;2;Camión Chasis,Moto/Ciclomotor; ;3;2;0;1;0;0;Ruta;COLASTINE;La Capital;Asfalto;Pavimento;I;Dentro;Urbana;Otra Señal;No existe;Intersección;Bueno;Buena;Diurna;Buen Tiempo;De alcance,Múltiple;S/D;Colisión;Ninguna;Faltante
3956;2021;31/5/2021;Lunes;15:10:00;;0.0;2;Automóvil,Moto/Ciclomotor;Av. Mosconi Y Lisandro de la Torre;2;1;0;1;0;0;Calle;SANTA FE;La Capital;Asfalto;No existe;I;Dentro;Urbana;Otra Señal;No existe;Intersección;Bueno;Buena;Diurna;Buen Tiempo;De alcance,Múltiple;S/D;Colisión;Ninguna;Vertical
3957;2021;31/5/2021;Lunes;14:30:00;;0.0;2;Automóvil,Automóvil;Av. Corrientes Y Bv. Seguí;2;1;0;1;0;0;Avenida;ROSARIO;Rosario;Asfalto;No existe;II;Dentro;Urbana;Otra Señal;No existe;Intersección;Bueno;Buena;S/D;Buen Tiempo;De alcance,Múltiple;S/D;Colisión;Ninguna;Horizontal,Vertical
3958;2021;31/5/2021;Lunes;17:20:00;;0.0;2;Moto/Ciclomotor,Automóvil;España ;2;1;0;1;0;0;Calle;ROSARIO;Rosario;Asfalto;No existe;II;Dentro;Urbana;Otra Señal;No existe;Intersección;Bueno;Buena;Diurna;Buen Tiempo;De alcance,Múltiple;S/D;Colisión;Ninguna;Faltante
3959;2021;31/5/2021;Lunes;16:30:00;Ruta Nacional 11;0.0;4;Automóvil,Pickup/Utilitario,Camión c / Acoplado,Camión c / Acoplado;Ruta Nacional 11 Y J M De Rosas;9;5;0;4;0;0;Ruta;SAN JUSTO;San Justo;Asfalto;Pavimento;XVI;S/D;Urbana;Otra Señal;Funciona;Intersección;Bueno;Buena;Diurna;Buen Tiempo;De alcance,Múltiple;S/D;Colisión;Ninguna;S/D
3960;2021;31/5/2021;Lunes;14:30:00;Ruta Nacional 11;0.0;2;Automóvil,Camión c / Acoplado; ;2;1;0;1;0;0;Ruta;SAN JUSTO;San Justo;Asfalto;S/D;XVI;Dentro;Rural;Otra Señal;No existe;Intersección;Bueno;S/D;Diurna;Buen Tiempo;De alcance,Múltiple;Peatón;Colisión;S/D;S/D
3961;2021;31/5/2021;Lunes;;;0.0;2;Moto/Ciclomotor,Automóvil;Dante Alighieri Y Doctor Estanislao Zeballos Sev;3;2;0;1;0;0;Calle;CASILDA;Caseros;Asfalto;S/D;IV;Dentro;Urbana;Otra Señal;S/D;Intersección;S/D;S/D;S/D;S/D;Lateral;S/D;Colisión;S/D;S/D
3962;2021;31/5/2021;Lunes;;;0.0;2;Peatón,Automóvil;9 De Julio Y Mariano Moreno;2;1;0;1;0;0;Calle;ROSARIO;Rosario;Asfalto;S/D;II;Dentro;Urbana;Otra Señal;S/D;Intersección;S/D;S/D;Diurna;S/D;Múltiple;Peatón;Colisión;S/D;S/D
3963;2021;31/5/2021;Lunes;;;0.0;2;Automóvil,Automóvil;Mitre Y French;3;2;0;1;0;0;Calle;SANTA FE;La Capital;Asfalto;S/D;I;Dentro;Urbana;Otra Señal;S/D;Intersección;S/D;S/D;Diurna;S/D;Múltiple;S/D;Colisión;S/D;S/D
3964;2021;31/5/2021;Lunes;;;0.0;1;Otros; ;1;0;0;0;1;0;S/D;ROSARIO;Constitución;S/D;S/D;II;S/D;S/D;Otra Señal;S/D;Intersección;S/D;S/D;S/D;S/D;Múltiple;S/D;Colisión;S/D;S/D
3965;2021;31/5/2021;Lunes;09:40:00;;0.0;1;Peatón;Amenábar Y Lavalle;1;1;0;0;0;0;Calle;ROSARIO;Constitución;Asfalto;No existe;II;Dentro;Urbana;Otra Señal;No existe;Intersección;Bueno;S/D;Diurna;S/D;Múltiple;S/D;Colisión;S/D;Faltante
3966;2021;31/5/2021;Lunes;05:45:00;;0.0;1;Automóvil;Pasco Y Cafferata;2;2;0;0;0;0;Calle;ROSARIO;Constitución;Asfalto;No existe;II;Dentro;Urbana;Otra Señal;No existe;Intersección;Bueno;S/D;Nocturna;S/D;Múltiple;S/D;Colisión;Ninguna;Faltante
3967;2021;31/5/2021;Lunes;08:30:00;;0.0;2;Peatón,Moto/Ciclomotor;Guillermo Benítez Y Paso de los Andes;2;0;0;1;0;0;Calle;LAS ROSAS;Constitución;Asfalto;No existe;III;Dentro;Urbana;Otra Señal;No existe;Intersección;Bueno;Buena;Diurna;Buen Tiempo;Múltiple;S/D;Colisión;Ninguna;Faltante
3968;2021;1/6/2021;Martes;12:50:00;;0.0;2;Moto/Ciclomotor,Taxi/Remis;Av. Freyre Y La Rioja;2;1;0;1;0;0;Avenida;SANTA FE;La Capital;Asfalto;No existe;I;Dentro;Urbana;Otra Señal;No existe;Intersección;Bueno;Buena;Diurna;S/D;De alcance,Múltiple;S/D;Colisión;Ninguna;Vertical
3969;2021;1/6/2021;Martes;16:00:00;Ruta Nacional 11;0.0;1;Moto/Ciclomotor;9 de Julio Y Av. Santa Fe;2;1;0;1;0;0;Ruta;NELSON;La Capital;Asfalto;No existe;I;Dentro;Urbana;Otra Señal;No existe;Intersección;Bueno;Buena;Diurna;Buen Tiempo;De alcance,Múltiple;S/D;Colisión;Ninguna;Horizontal
3970;2021;1/6/2021;Martes;07:20:00;;0.0;2;Moto/Ciclomotor,Camión c / Acoplado;Av. Francia Y Av. Francia;2;1;0;1;0;0;Avenida;ROSARIO;Rosario;Asfalto;No existe;II;Dentro;Urbana;Otra Señal;Funciona;Intersección;Bueno;Buena;Diurna;Buen Tiempo;De alcance,Múltiple;S/D;Colisión;Ninguna;Horizontal,Vertical
3971;2021;1/6/2021;Martes;19:30:00;;0.0;2;Bicicleta,Automóvil;Alvear Y Calchines;2;1;0;1;0;0;Calle;SANTA FE;La Capital;Asfalto;No existe;I;Dentro;Urbana;Otra Señal;No existe;Intersección;Bueno;Buena;Atardecer;Buen Tiempo;De alcance,Múltiple;Ciclista;Colisión;Ninguna;Faltante
3972;2021;1/6/2021;Martes;19:30:00;;0.0;2;Moto/Ciclomotor,Automóvil;Av. Pte. Perón Y Larrea;2;1;0;1;0;0;Avenida;ROSARIO;Rosario;Asfalto;No existe;II;Dentro;Urbana;Otra Señal;No existe;Intersección;Bueno;Buena;Atardecer;Buen Tiempo;De alcance,Múltiple;S/D;Colisión;Ninguna;Horizontal
3973;2021;1/6/2021;Martes;18:10:00;Ruta Nacional 33;0.0;2;Moto/Ciclomotor,Automóvil;Ruta Nac 33 Y Ruta Prov. 14;3;2;0;1;0;0;Ruta;PEREZ;Rosario;Asfalto;No existe;II;Dentro;Urbana;Otra Señal;No existe;Intersección;Bueno;Buena;Atardecer;Buen Tiempo;De alcance,Múltiple;S/D;Colisión;Ninguna;Horizontal,Vertical
3974;2021;1/6/2021;Martes;20:15:00;;0.0;2;Bicicleta,Moto/Ciclomotor;Córdoba Y Falucho;2;1;0;1;0;0;Avenida;PUERTO SAN MARTÍN;San Lorenzo;Asfalto;No existe;XVII;Dentro;Urbana;Otra Señal;No existe;Intersección;Bueno;Buena;Nocturna;Buen Tiempo;De alcance,Múltiple;Ciclista;Colisión;Ninguna;Horizontal
3975;2021;1/6/2021;Martes;12:00:00;;0.0;2;Bicicleta,Automóvil;Alberdi Y Bordabehere;2;1;0;1;0;0;Calle;ROSARIO;Rosario;Asfalto;No existe;II;Dentro;Urbana;Otra Señal;Funciona;Intersección;Bueno;Buena;Diurna;Buen Tiempo;De alcance,Múltiple;Ciclista;Colisión;Ninguna;Vertical
3976;2021;1/6/2021;Martes;;;0.0;2;Automóvil,Bicicleta;Cucha Cucha Y J.M.Gutierrez;2;1;0;1;0;0;Calle;ROSARIO;Rosario;Asfalto;No existe;II;Dentro;Urbana;Otra Señal;No existe;Intersección;Bueno;Buena;Diurna;Buen Tiempo;De alcance,Múltiple;Ciclista;Colisión;Ninguna;Faltante
3977;2021;1/6/2021;Martes;;;0.0;2;Moto/Ciclomotor,Camión; ;2;1;0;1;0;0;S/D;ESPERANZA;Las Colonias;S/D;S/D;XI;S/D;S/D;Otra Señal;S/D;Intersección;S/D;S/D;S/D;S/D;De alcance,Múltiple;S/D;Colisión;S/D;S/D
3978;2021;1/6/2021;Martes;17:15:00;Ruta Provincial 70;0.0;2;Moto/Ciclomotor,Pickup/Utilitario;Av. Luis Fanti Y Maestro Cossettini;2;1;0;1;0;0;Ruta;RAFAELA;Castellanos;Asfalto;No existe;V;Dentro;Urbana;Otra Señal;No existe;Intersección;Bueno;Buena;Diurna;Buen Tiempo;De alcance,Múltiple;S/D;Colisión;Ninguna;Faltante
3979;2021;1/6/2021;Martes;14:45:00;Ruta Nacional 11;0.0;2;Moto/Ciclomotor,Automóvil;Calle 3 Y Ruta Nacional 11;4;3;0;1;0;0;Ruta;LAS TOSCAS;General Obligado;Asfalto;Ripio;IX;Dentro;Urbana;Otra Señal;No existe;Intersección;Bueno;Buena;Diurna;Buen Tiempo;De alcance,Múltiple;S/D;Colisión;Ninguna;Horizontal
3980;2021;1/6/2021;Martes;17:30:00;;0.0;2;Otros,Peatón;Bv. Avellaneda Y Mendoza;2;1;0;0;0;1;Avenida;ROSARIO;Constitución;Asfalto;No existe;II;Dentro;Urbana;Otra Señal;Funciona;Intersección;Bueno;S/D;Diurna;S/D;Múltiple;Peatón;Colisión;S/D;Horizontal,Vertical
3981;2021;1/6/2021;Martes;02:00:00;;0.0;1;Automóvil; ;1;1;0;0;0;0;S/D;ROSARIO;Constitución;S/D;S/D;II;S/D;S/D;Otra Señal;S/D;Intersección;S/D;S/D;Nocturna;S/D;Múltiple;S/D;Colisión;S/D;S/D
3982;2021;1/6/2021;Martes;09:15:00;Ruta Provincial 2;336.0;2;Automóvil,Tractor; ;2;0;0;1;0;0;Ruta;LOGROÑO;Constitución;Asfalto;Natural;XII;Dentro;Urbana;Otra Señal;No existe;Intersección;Bueno;Buena;Diurna;Buen Tiempo;Múltiple;S/D;Colisión;Ninguna;Horizontal
3983;2021;1/6/2021;Martes;20:30:00;Ruta Secundaria 98-s;55.0;2;Camión Chasis,Camión Chasis; ;4;0;0;3;0;0;Ruta;VERA;Constitución;Asfalto;Natural;XIX;Dentro;Rural;Otra Señal;No existe;Intersección;Bueno;Reducida;Nocturna;Buen Tiempo;Múltiple;S/D;Colisión;Ninguna;Faltante
3984;2021;1/6/2021;Martes;10:40:00;;0.0;2;Moto/Ciclomotor,Moto/Ciclomotor;Catamarca Y Gral. Paz;2;0;0;1;0;0;Calle;SAN JORGE;Constitución;Asfalto;No existe;XVIII;Dentro;Urbana;Otra Señal;No existe;Intersección;Bueno;Buena;Atardecer;Buen Tiempo;Múltiple;S/D;Colisión;Ninguna;Faltante
3985;2021;2/6/2021;Miercoles;11:45:00;;0.0;2;Automóvil,Bicicleta;Almirante Brown Y Las Heras;2;1;0;1;0;0;Calle;ESPERANZA;Las Colonias;Asfalto;No existe;XI;Dentro;Urbana;Otra Señal;No existe;Intersección;Bueno;Buena;Diurna;Buen Tiempo;De alcance,Múltiple;Ciclista;Colisión;Ninguna;Faltante
3986;2021;2/6/2021;Miercoles;08:25:00;;0.0;2;Automóvil,Bicicleta;Francia Y Mariano Comas;2;1;0;1;0;0;Calle;SANTA FE;La Capital;Asfalto;No existe;I;Dentro;Urbana;Otra Señal;No existe;Intersección;Con baches;Buena;Diurna;Buen Tiempo;De alcance,Múltiple;Ciclista;Colisión;Ninguna;Faltante
3987;2021;2/6/2021;Miercoles;16:10:00;;0.0;2;Moto/Ciclomotor,Automóvil;Republica de Siria ;2;1;0;1;0;0;Calle;SANTA FE;La Capital;Asfalto;No existe;I;Dentro;Urbana;Otra Señal;No existe;Intersección;Bueno;Buena;Diurna;Buen Tiempo;De alcance,Múltiple;S/D;Colisión;Ninguna;Faltante
3988;2021;2/6/2021;Miercoles;12:00:00;;0.0;2;Moto/Ciclomotor,Automóvil;Alvear Y Ituzaingó;2;1;0;1;0;0;Calle;SANTA FE;La Capital;Asfalto;No existe;I;Dentro;Urbana;Otra Señal;Funciona;Intersección;Bueno;S/D;S/D;S/D;De alcance,Múltiple;S/D;Colisión;Ninguna;Horizontal,Vertical
3989;2021;2/6/2021;Miercoles;14:20:00;;0.0;2;Automóvil,Moto/Ciclomotor;Don Guanella Y Estrada;3;2;0;1;0;0;Calle;SANTA FE;La Capital;Hormigón;No existe;I;Dentro;Urbana;Otra Señal;No existe;Intersección;Bueno;Buena;Diurna;Buen Tiempo;De alcance,Múltiple;S/D;Colisión;Ninguna;Vertical
3990;2021;2/6/2021;Miercoles;14:10:00;;0.0;2;Moto/Ciclomotor,Camión Chasis;Ayacucho Y Javier de la Rosa;2;1;0;1;0;0;Calle;RECREO;La Capital;Asfalto;No existe;I;Dentro;Urbana;Otra Señal;No existe;Intersección;Bueno;Buena;Diurna;Buen Tiempo;De alcance,Múltiple;S/D;Colisión;Ninguna;Horizontal
3991;2021;2/6/2021;Miercoles;20:30:00;Ruta Nacional 11;0.0;2;Moto/Ciclomotor,Moto/Ciclomotor;Av. San Martin Y F S M de Oro;3;3;0;0;0;0;Ruta;FRAY LUIS BELTRÁN;San Lorenzo;Asfalto;Pavimento;XVII;Dentro;Urbana;Otra Señal;No existe;Intersección;Bueno;Buena;Nocturna,Con luz artificial;S/D;De alcance,Múltiple;S/D;Colisión;Ninguna;Faltante
3992;2021;2/6/2021;Miercoles;07:40:00;Ruta Nacional A012;0.0;2;Moto/Ciclomotor,Automóvil;Ruta Nacional 9 ;2;1;0;1;0;0;Ruta;ROLDÁN;San Lorenzo;Asfalto;Natural;XVII;Dentro;Rural;Otra Señal;No existe;Intersección;Bueno;Buena;Diurna;Buen Tiempo;De alcance,Múltiple;S/D;Colisión;Ninguna;Horizontal
3993;2021;2/6/2021;Miercoles;12:20:00;;0.0;2;Moto/Ciclomotor,Pickup/Utilitario;Av. San Martin 100;2;1;0;1;0;0;Avenida;PUERTO SAN MARTÍN;San Lorenzo;Asfalto;No existe;XVII;Dentro;Urbana;Otra Señal;No existe;Intersección;Bueno;Buena;Diurna;Buen Tiempo;De alcance,Múltiple;S/D;Colisión;Ninguna;Horizontal
3994;2021;2/6/2021;Miercoles;08:30:00;Ruta Provincial 64;109.0;1;Pickup/Utilitario;Liorna - Ruta Prov. 64 ;1;0;0;0;1;0;Ruta;CRISPI;San MARTÍN;Tierra;S/D;XVIII;S/D;Rural;Otra Señal;S/D;Intersección;S/D;Buena;Diurna;S/D;De alcance,Múltiple;S/D;Colisión;S/D;S/D
3995;2021;2/6/2021;Miercoles;00:55:00;;0.0;1;Moto/Ciclomotor;Cepeda Y J.M.Gutierrez;1;0;0;0;1;0;Calle;ROSARIO;Rosario;Asfalto;No existe;II;S/D;Urbana;Otra Señal;No existe;Intersección;Bueno;S/D;Nocturna;S/D;De alcance,Múltiple;S/D;Colisión;Ninguna;Faltante
3996;2021;2/6/2021;Miercoles;11:35:00;;0.0;2;Pickup/Utilitario,Bicicleta;Calle 11 Y Calle 4;2;1;0;1;0;0;Calle;AVELLANEDA;General Obligado;Asfalto;No existe;IX;Dentro;Urbana;Otra Señal;No existe;Intersección;Bueno;Buena;Diurna;Buen Tiempo;De alcance,Múltiple;Ciclista;Colisión;Ninguna;Faltante
3997;2021;2/6/2021;Miercoles;08:00:00;;0.0;3;Taxi/Remis,Moto/Ciclomotor,Automóvil;Brown Y Italia;3;1;0;2;0;0;Calle;ROSARIO;Rosario;Asfalto;No existe;II;Dentro;Urbana;Otra Señal;No existe;Intersección;Bueno;Buena;Diurna;Buen Tiempo;De alcance,Múltiple;S/D;Colisión;Ninguna;Horizontal
3998;2021;2/6/2021;Miercoles;;Autopista Nacional A012;65.0;3;Tren,Automóvil,Camión; ;3;2;0;1;0;0;Autopista;SAN LORENZO;San Lorenzo;Asfalto;Ripio;XVII;Dentro;Urbana;Otra Señal;No existe;Intersección;Deteriorada;Buena;S/D;Buen Tiempo;Lateral,Múltiple;S/D;Colisión;Ninguna;Vertical
3999;2021;2/6/2021;Miercoles;13:00:00;;0.0;2;Moto/Ciclomotor,Automóvil;Calle 15-Patricio Diez Y Calle 30-Lucas Funes;2;1;0;1;0;0;Calle;RECONQUISTA;General Obligado;Asfalto;No existe;IX;Dentro;Urbana;Otra Señal;No existe;Intersección;Bueno;Buena;Diurna;Buen Tiempo;Múltiple;S/D;Colisión;Ninguna;Horizontal
4000;2021;2/6/2021;Miercoles;18:15:00;;0.0;2;Moto/Ciclomotor,Pickup/Utilitario;RENE GRENON 978;2;1;0;1;0;0;Calle;MARCELINO ESCALADA;San Justo;Ripio;No existe;XVI;Dentro;Urbana;Otra Señal;No existe;Intersección;Bueno;Buena;Diurna;Buen Tiempo;Múltiple;S/D;Colisión;Ninguna;Faltante
4001;2021;2/6/2021;Miercoles;11:15:00;;0.0;1;Moto/Ciclomotor;Solís Y Vélez Sarsfield;1;1;0;0;0;0;Calle;ROSARIO;Constitución;Asfalto;No existe;II;Dentro;Urbana;Otra Señal;No existe;Intersección;Bueno;S/D;Nocturna;S/D;Múltiple;S/D;Colisión;S/D;Faltante
4002;2021;2/6/2021;Miercoles;12:00:00;;0.0;1;Moto/Ciclomotor;3 De Febrero Y Carriego;1;1;0;0;0;0;Calle;ROSARIO;Constitución;Asfalto;No existe;II;Dentro;Urbana;Otra Señal;No existe;Intersección;Bueno;S/D;Diurna;S/D;Múltiple;S/D;Colisión;S/D;Faltante
4003;2021;2/6/2021;Miercoles;17:00:00;;0.0;1;Moto/Ciclomotor;Bv. 27 De Febrero Y Vera Mujica;1;1;0;0;0;0;Avenida;ROSARIO;Constitución;Asfalto;No existe;II;Dentro;Urbana;Otra Señal;Funciona;Intersección;Bueno;S/D;S/D;S/D;Múltiple;S/D;Colisión;S/D;Horizontal,Vertical
4004;2021;2/6/2021;Miercoles;13:00:00;;0.0;1;Bicicleta; ;1;1;0;0;0;0;S/D;GRANADERO BAIGORRIA;Constitución;S/D;S/D;II;S/D;S/D;Otra Señal;S/D;Intersección;S/D;S/D;S/D;S/D;Múltiple;S/D;Colisión;S/D;S/D
4005;2021;2/6/2021;Miercoles;16:30:00;;0.0;1;Bicicleta;Catamarca Y Pte. Roca;1;1;0;0;0;0;Calle;ROSARIO;Constitución;Asfalto;No existe;II;Dentro;Urbana;Otra Señal;No existe;Intersección;Bueno;Buena;Nocturna;Buen Tiempo;Múltiple;S/D;Colisión;Ninguna;Horizontal
4006;2021;2/6/2021;Miercoles;14:00:00;;0.0;2;Moto/Ciclomotor,Automóvil;Bv. Argentino Y Donado;2;0;0;1;0;0;Avenida;ROSARIO;Constitución;Asfalto;No existe;II;Dentro;Urbana;Otra Señal;No existe;Intersección;Bueno;Buena;Diurna;Buen Tiempo;Múltiple;S/D;Colisión;Ninguna;Vertical
4007;2021;2/6/2021;Miercoles;18:20:00;;0.0;2;Moto/Ciclomotor,Automóvil;JUAN PABLO II Y SORRENTO;2;0;0;1;0;0;Avenida;ROSARIO;Constitución;Asfalto;No existe;II;Dentro;Urbana;Otra Señal;Funciona;Intersección;Bueno;Buena;Atardecer;Buen Tiempo;Múltiple;S/D;Colisión;Ninguna;Horizontal,Vertical
4008;2021;2/6/2021;Miercoles;11:05:00;;0.0;1;Automóvil;Diagonal 1 Y Diagonal 2;2;1;0;0;0;0;Camino Rural;LAS PAREJAS;Constitución;Tierra;No existe;III;Dentro;Rural;Otra Señal;No existe;Intersección;Bueno;Buena;Diurna;Buen Tiempo;Múltiple;S/D;Colisión;Ninguna;Faltante
4009;2021;3/6/2021;Jueves;08:25:00;;0.0;2;Pickup/Utilitario,Moto/Ciclomotor;General Manuel Belgrano Y Pringles;2;1;0;1;0;0;Calle;ESPERANZA;Las Colonias;Asfalto;No existe;XI;Dentro;Urbana;Otra Señal;No existe;Intersección;Bueno;Buena;Diurna;Buen Tiempo;De alcance,Múltiple;S/D;Colisión;Ninguna;Faltante
4010;2021;3/6/2021;Jueves;18:30:00;;0.0;2;Automóvil,Moto/Ciclomotor;1 de Mayo Y Pringles;2;1;0;1;0;0;Calle;ESPERANZA;Las Colonias;Asfalto;No existe;XI;Dentro;Urbana;Otra Señal;No existe;Intersección;Bueno;Buena;Diurna;Buen Tiempo;De alcance,Múltiple;S/D;Colisión;Ninguna;Vertical
4011;2021;3/6/2021;Jueves;11:20:00;;0.0;2;Moto/Ciclomotor,Automóvil;Santiago del Estero Y Francia;2;1;0;1;0;0;Calle;SANTA FE;La Capital;Asfalto;No existe;I;Dentro;Urbana;Otra Señal;No existe;Intersección;Bueno;Buena;Diurna;Buen Tiempo;De alcance,Múltiple;S/D;Colisión;Ninguna;Vertical
4012;2021;3/6/2021;Jueves;13:30:00;;0.0;2;Otros,Peatón;Av. Peñaloza Y Gorostiaga;2;1;0;0;0;1;Avenida;SANTA FE;La Capital;Asfalto;No existe;I;Dentro;Urbana;Otra Señal;No existe;Intersección;Bueno;Buena;Diurna;Buen Tiempo;De alcance,Múltiple;Peatón;Colisión;Ninguna;Horizontal,Vertical
4013;2021;3/6/2021;Jueves;19:00:00;;0.0;2;Moto/Ciclomotor,Automóvil;Las Heras Y Lavaisse;2;1;0;1;0;0;Calle;SANTA FE;La Capital;Asfalto;No existe;I;Dentro;Urbana;Otra Señal;No existe;Intersección;Bueno;Buena;Diurna;Buen Tiempo;De alcance,Múltiple;S/D;Colisión;Ninguna;Faltante
4014;2021;3/6/2021;Jueves;18:30:00;;0.0;2;Bicicleta,Automóvil;Av. Peñaloza Y Ayacucho;2;1;0;1;0;0;Avenida;SANTA FE;La Capital;Asfalto;Pavimento;I;Dentro;Urbana;Otra Señal;No existe;Intersección;Bueno;Buena;Atardecer;Buen Tiempo;De alcance,Múltiple;Ciclista;Colisión;Ninguna;Horizontal
4015;2021;3/6/2021;Jueves;18:00:00;;0.0;2;Moto/Ciclomotor,Automóvil;Castellanos Y Necochea;2;1;0;1;0;0;Calle;SANTA FE;La Capital;Asfalto;No existe;I;Dentro;Urbana;Otra Señal;No existe;Intersección;Bueno;Buena;Diurna;Buen Tiempo;De alcance,Múltiple;S/D;Colisión;Ninguna;Horizontal
4016;2021;3/6/2021;Jueves;12:40:00;;0.0;2;Bicicleta,Automóvil;Independencia Y Vera Mujica;2;1;0;1;0;0;Calle;SANTA FE;La Capital;Asfalto;No existe;I;Dentro;Urbana;Otra Señal;No existe;Intersección;Bueno;Buena;Diurna;Buen Tiempo;De alcance,Múltiple;Ciclista;Colisión;Ninguna;Faltante
4017;2021;3/6/2021;Jueves;21:40:00;Ruta Provincial 26;0.0;2;Moto/Ciclomotor,Moto/Ciclomotor;Gral. Manuel Belgrano Y Juan B Justo Bis;2;2;0;0;0;0;Ruta;ARROYO SECO;Rosario;Asfalto;No existe;II;Dentro;Urbana;Otra Señal;No existe;Intersección;Deteriorada,Ahuellamiento;Buena;Nocturna,Con luz artificial;Buen Tiempo;De alcance,Múltiple;S/D;Colisión;Ninguna;Faltante
4018;2021;3/6/2021;Jueves;14:45:00;;0.0;2;Moto/Ciclomotor,Automóvil;Cardozo Y Mariano Moreno;2;1;0;1;0;0;Calle;ARROYO SECO;Rosario;Asfalto;No existe;II;Dentro;Urbana;Otra Señal;No existe;Intersección;Ahuellamiento;Buena;Diurna;Buen Tiempo;De alcance,Múltiple;S/D;Colisión;Ninguna;Faltante
4019;2021;3/6/2021;Jueves;15:35:00;;0.0;2;Moto/Ciclomotor,Automóvil;Castellanos Y Córdoba;2;1;0;1;0;0;Calle;ROSARIO;Rosario;Asfalto;No existe;II;Dentro;Urbana;Otra Señal;Funciona;Intersección;Bueno;Buena;Diurna;Buen Tiempo;De alcance,Múltiple;S/D;Colisión;Ninguna;Vertical