ID_Accidente;A�o;Fecha;Dia;Hopra;Ruta/Autop;km;Participantes;Tipo;Lugar;Total;Heridos Leves;Heridos Graves;Ilesos;Fallecidos;Sin datos;desc_tipo_via;desc_loc;desc_dpto;|;desc_tipo_banquina;desc_unidad_regional;desc_lugar_calzada;desc_zona;desc_prioridad;desc_estado_semaforo;desc_lugar_via;desc_estado_via;desc_estado_visibilidad;desc_luminosidad;desc_estado_clima;desc_tipo_colision;desc_tipo_atropello;desc_tipo_hecho;desc_pres_calzada;desc_senializacion
4020;2021;3/6/2021;Jueves;19:00:00;Autopista Nacional A008;0.0;2;Bicicleta,Taxi/Remis;Av. Circunvalación Y Bv. 27 De Febrero;2;1;0;1;0;0;Autopista;ROSARIO;Rosario;Asfalto;Pavimento;II;Dentro;Urbana;Otra Señal;No existe;Intersección;Bueno;Buena;Diurna;Buen Tiempo;De alcance,Múltiple;S/D;Colisión;Ninguna;Horizontal
4021;2021;3/6/2021;Jueves;16:45:00;;0.0;1;Moto/Ciclomotor;Calle 19 Y Calle 8;1;1;0;0;0;0;Calle;LAS PAREJAS;Belgrano;Asfalto;No existe;III;Dentro;Urbana;Otra Señal;No existe;Intersección;Bueno;Buena;Diurna;Buen Tiempo;De alcance,Múltiple;S/D;Colisión;Ninguna;Faltante
4022;2021;3/6/2021;Jueves;13:10:00;;0.0;2;Moto/Ciclomotor,Moto/Ciclomotor;Libertad 760;3;3;0;0;0;0;Calle;ROLDÁN;San Lorenzo;Asfalto,Tierra;No existe;XVII;Dentro;Urbana;Otra Señal;No existe;Intersección;Bueno;Buena;Diurna;Buen Tiempo;De alcance,Múltiple;S/D;Colisión;Ninguna;Faltante
4023;2021;3/6/2021;Jueves;17:20:00;;0.0;2;Automóvil,Moto/Ciclomotor;Bv. Rondeau Y Gurruchaga;2;1;0;1;0;0;Avenida;ROSARIO;Rosario;Asfalto;No existe;II;Dentro;Urbana;Otra Señal;Funciona;Intersección;Bueno;Buena;Diurna;Buen Tiempo;De alcance,Múltiple;S/D;Colisión;Ninguna;Horizontal,Vertical
4024;2021;3/6/2021;Jueves;10:50:00;;0.0;2;Automóvil,Automóvil;Darragueira Y Marull;3;2;0;1;0;0;Calle;ROSARIO;Rosario;Asfalto;No existe;II;Dentro;Urbana;Otra Señal;No existe;Intersección;Con baches;Buena;Diurna;Buen Tiempo;De alcance,Múltiple;S/D;Colisión;Ninguna;Faltante
4025;2021;3/6/2021;Jueves;13:20:00;;0.0;2;Peatón,Camión c / Acoplado;Amenábar Y Bv. Avellaneda;2;1;0;1;0;0;Avenida;ROSARIO;Rosario;Asfalto;No existe;II;Dentro;Urbana;Otra Señal;No existe;Intersección;Bueno;Buena;Diurna;Buen Tiempo;De alcance,Múltiple;Peatón;Colisión;Ninguna;Faltante
4026;2021;3/6/2021;Jueves;;;0.0;2;Moto/Ciclomotor,Moto/Ciclomotor;Cnel. Bogado Y Republica de Chile;2;1;0;0;0;1;Calle;SAN LORENZO;San Lorenzo;Ripio;No existe;XVII;Dentro;Urbana;Otra Señal;No existe;Intersección;Bueno;Buena;Diurna;Buen Tiempo;De alcance,Múltiple;S/D;Colisión;Ninguna;Faltante
4027;2021;3/6/2021;Jueves;;Ruta Nacional 34;379.0;2;Tractor,Moto/Ciclomotor; ;2;1;0;1;0;0;Ruta;CERES;San CRISTÓBAL;Asfalto;Ripio;XIII;Dentro;Urbana;Otra Señal;No existe;Intersección;Bueno;Buena;Diurna;Buen Tiempo;De alcance,Múltiple;S/D;Colisión;Ninguna;Horizontal
4028;2021;3/6/2021;Jueves;01:15:00;Ruta Provincial 80;19.0;2;Moto/Ciclomotor,Moto/Ciclomotor; ;2;2;0;0;0;0;Ruta;GÁLVEZ;San JERÓNIMO;Asfalto;Natural;XV;Dentro;Rural;Otra Señal;No existe;Intersección;Bueno;Buena;Diurna;Buen Tiempo;De alcance,Múltiple;S/D;Colisión;Ninguna;Horizontal
4029;2021;3/6/2021;Jueves;10:20:00;;0.0;2;Moto/Ciclomotor,Moto/Ciclomotor;Cristóbal Colon Y Mariano Moreno;2;1;0;0;0;1;Calle;VENADO TUERTO;General LÓPEZ;Asfalto;No existe;VIII;Dentro;Urbana;Otra Señal;No existe;Intersección;Bueno;Buena;Diurna;Buen Tiempo;Lateral;S/D;Colisión;Ninguna;Faltante
4030;2021;3/6/2021;Jueves;14:45:00;;0.0;2;Moto/Ciclomotor,Pickup/Utilitario;Gral. José de San Martin Y Mariano López;3;2;0;1;0;0;Calle;VENADO TUERTO;General LÓPEZ;Asfalto;No existe;VIII;Dentro;Urbana;Otra Señal;No existe;Intersección;Bueno;Buena;Diurna;Buen Tiempo;Lateral;S/D;Colisión;Ninguna;Faltante
4031;2021;3/6/2021;Jueves;;;0.0;2;Automóvil,Moto/Ciclomotor;Bv Pte. Roca Y Perú;2;1;0;1;0;0;Avenida;RAFAELA;Castellanos;Asfalto;No existe;V;Dentro;Urbana;Otra Señal;No existe;Intersección;Bueno;Buena;Diurna;Buen Tiempo;Lateral;S/D;Colisión;Ninguna;Horizontal,Vertical
4032;2021;3/6/2021;Jueves;08:20:00;Ruta Nacional 11;0.0;2;Pickup/Utilitario,Moto/Ciclomotor;Calle 68-Armada Argentina Y Ruta Nacional 11;2;1;0;1;0;0;Ruta;RECONQUISTA;General Obligado;Asfalto;No existe;IX;Dentro;Urbana;Otra Señal;No existe;Intersección;Bueno;Buena;Diurna;Buen Tiempo;Lateral;S/D;Colisión;Ninguna;Horizontal,Vertical
4033;2021;3/6/2021;Jueves;10:15:00;;0.0;2;Automóvil,Moto/Ciclomotor;COLECTORA OESTE ;2;1;0;1;0;0;Calle;RECONQUISTA;General Obligado;Tierra;No existe;IX;Dentro;Urbana;Otra Señal;No existe;Intersección;Bueno;Buena;Diurna;Buen Tiempo;S/D;S/D;Colisión;Ninguna;S/D
4034;2021;3/6/2021;Jueves;10:50:00;;0.0;2;Moto/Ciclomotor,Automóvil;Brigadier Estanislao López Y Bv Sarmiento;2;1;0;1;0;0;Avenida;VILLA OCAMPO;General Obligado;Asfalto;No existe;IX;Dentro;Urbana;Otra Señal;S/D;Intersección;Bueno;Buena;Diurna;Buen Tiempo;S/D;S/D;Colisión;S/D;S/D
4035;2021;3/6/2021;Jueves;16:30:00;;0.0;1;Moto/Ciclomotor;Calle 24 - Olessio 2100;2;2;0;0;0;0;Calle;RECONQUISTA;General Obligado;Asfalto;No existe;IX;Dentro;Urbana;Otra Señal;No existe;Intersección;Bueno;Buena;Diurna;Buen Tiempo;S/D;S/D;Colisión;Ninguna;Faltante
4036;2021;3/6/2021;Jueves;23:30:00;;0.0;2;Moto/Ciclomotor,Automóvil;Rosario Y San Luis;2;1;0;1;0;0;Calle;FRAY LUIS BELTRÁN;San Lorenzo;S/D;No existe;XVII;Dentro;Urbana;Otra Señal;S/D;Intersección;S/D;S/D;Nocturna;Buen Tiempo;S/D;S/D;Colisión;S/D;S/D
4037;2021;3/6/2021;Jueves;15:20:00;Ruta Nacional 11;0.0;2;Bicicleta,Pickup/Utilitario;Calle 1 - Independencia Y Ruta Nacional 11;2;1;0;1;0;0;Ruta;RECONQUISTA;General Obligado;Asfalto;No existe;IX;Dentro;Urbana;Otra Señal;Funciona;Intersección;Bueno;Buena;Diurna;Buen Tiempo;Múltiple;Ciclista;Colisión;Ninguna;Horizontal,Vertical
4038;2021;3/6/2021;Jueves;14:00:00;;0.0;2;Automóvil,Moto/Ciclomotor;Corralito Y Madre Cabrini;3;2;0;0;0;1;Calle;ROSARIO;Constitución;Asfalto;No existe;II;Dentro;Urbana;Otra Señal;No existe;Intersección;Deteriorada;S/D;Diurna;S/D;Múltiple;S/D;Colisión;S/D;Faltante
4039;2021;3/6/2021;Jueves;15:50:00;;0.0;2;Peatón,Otros;Lamadrid Y Primera Junta;2;0;0;0;0;1;Calle;SANTA FE;Constitución;Asfalto;No existe;I;Dentro;Urbana;Otra Señal;No existe;Intersección;Bueno;Buena;Diurna;Buen Tiempo;Múltiple;Peatón;Colisión;Ninguna;Vertical
4040;2021;3/6/2021;Jueves;;;0.0;2;Automóvil,Moto/Ciclomotor;Rosario Y Pilar;2;0;0;1;0;0;Calle;SANTA CLARA DE BUENA VISTA;Constitución;Asfalto;No existe;XI;Dentro;Urbana;Otra Señal;No existe;Intersección;Bueno;Buena;Diurna;Buen Tiempo;Múltiple;S/D;Colisión;Ninguna;Faltante
4041;2021;3/6/2021;Jueves;07:00:00;;0.0;2;Automóvil,Moto/Ciclomotor;J.J.Paso Y Sánchez de Loria Bis;2;0;0;1;0;0;Calle;ROSARIO;Constitución;Asfalto;No existe;II;Dentro;Urbana;Otra Señal;No existe;Intersección;Bueno;Buena;Diurna,Con luz artificial;Buen Tiempo;Múltiple;S/D;Colisión;Ninguna;Faltante
4042;2021;3/6/2021;Jueves;10:55:00;;0.0;2;Pickup/Utilitario,Moto/Ciclomotor;Avda. 25 de Mayo Y Dorrego;2;0;0;1;0;0;Avenida;GÁLVEZ;Constitución;Asfalto;No existe;XV;Dentro;Urbana;Otra Señal;S/D;Intersección;Bueno;Buena;Diurna;Buen Tiempo;Múltiple;S/D;Colisión;Ninguna;S/D
4043;2021;3/6/2021;Jueves;20:04:00;;0.0;1;Otros; ;1;0;0;0;0;0;S/D;ROSARIO;Rosario;S/D;S/D;II;S/D;S/D;Otra Señal;S/D;Intersección;S/D;S/D;Nocturna;S/D;Múltiple;S/D;Colisión;S/D;S/D
4044;2021;4/6/2021;Viernes;14:30:00;;0.0;2;Automóvil,Moto/Ciclomotor;Av. Urquiza 2100;2;1;0;1;0;0;Avenida;SANTA FE;La Capital;Asfalto;No existe;I;Dentro;Urbana;Otra Señal;Funciona;Intersección;Bueno;Buena;Diurna;Buen Tiempo;De alcance,Múltiple;S/D;Colisión;Ninguna;Vertical
4045;2021;4/6/2021;Viernes;14:50:00;;0.0;2;Moto/Ciclomotor,Automóvil;Francia Y Juan Del Campillo;2;1;0;1;0;0;Calle;SANTA FE;La Capital;Asfalto;No existe;I;Dentro;Urbana;Otra Señal;No existe;Intersección;Bueno;Buena;Diurna;Buen Tiempo;De alcance,Múltiple;S/D;Colisión;Ninguna;Horizontal,Vertical
4046;2021;4/6/2021;Viernes;18:30:00;Ruta Provincial 38;0.0;2;Automóvil,Moto/Ciclomotor;Av. Pte. Perón 2300;2;1;0;1;0;0;Ruta;LAGUNA PAIVA;La Capital;Asfalto;No existe;I;Dentro;Urbana;Otra Señal;No existe;Intersección;Bueno;Buena;Atardecer,Con luz artificial;Buen Tiempo;De alcance,Múltiple;S/D;Colisión;Ninguna;Faltante
4047;2021;4/6/2021;Viernes;16:30:00;;0.0;2;Automóvil,Moto/Ciclomotor;4 de enero Y Obispo Gelabert;2;1;0;1;0;0;Calle;SANTO TOMÉ;La Capital;Tierra;No existe;I;Dentro;Urbana;Otra Señal;No existe;Intersección;Bueno;Buena;Diurna;Buen Tiempo;De alcance,Múltiple;S/D;Colisión;Ninguna;Faltante
4048;2021;4/6/2021;Viernes;11:35:00;;0.0;2;Moto/Ciclomotor,Pickup/Utilitario;Bv. 27 De Febrero Y Larrea;4;1;0;3;0;0;Avenida;ROSARIO;Rosario;Asfalto;No existe;II;Dentro;Urbana;Otra Señal;No existe;Intersección;Bueno;Buena;Diurna;Buen Tiempo;De alcance,Múltiple;S/D;Colisión;Ninguna;Horizontal,Vertical
4049;2021;4/6/2021;Viernes;07:00:00;Ruta Provincial 2;320.0;2;Camión c / Semirremolque,Camión c / Acoplado; ;2;2;0;0;0;0;Ruta;LOGROÑO;9 de Julio;Asfalto;Natural;XII;Dentro;Rural;Otra Señal;No existe;Intersección;Bueno;Buena;Nocturna;Buen Tiempo;De alcance,Múltiple;S/D;Colisión;Ninguna;Horizontal
4050;2021;4/6/2021;Viernes;18:50:00;;0.0;2;Moto/Ciclomotor,Moto/Ciclomotor;Salta Y Rosario;4;3;0;1;0;0;Calle;VERA;Vera;Tierra,Ripio;No existe;XIX;Dentro;Urbana;Otra Señal;No existe;Intersección;Con baches;Buena;Nocturna;Buen Tiempo;De alcance,Múltiple;S/D;Colisión;Ninguna;Faltante
4051;2021;4/6/2021;Viernes;;;0.0;2;Automóvil,Bicicleta;25 de Mayo Y San Juan;2;1;0;1;0;0;Calle;SAN LORENZO;San Lorenzo;Asfalto;No existe;XVII;Dentro;Urbana;Otra Señal;No existe;Intersección;S/D;S/D;S/D;S/D;De alcance,Múltiple;Ciclista;Colisión;S/D;Faltante
4052;2021;4/6/2021;Viernes;19:40:00;Ruta Nacional 11;0.0;2;Pickup/Utilitario,Moto/Ciclomotor;Bv San Martin Y España;3;1;0;2;0;0;Ruta;TIMBÚES;San Lorenzo;Hormigón;No existe;XVII;Dentro;Urbana;Otra Señal;No existe;Intersección;Bueno;Buena;Nocturna;Buen Tiempo;De alcance,Múltiple;S/D;Colisión;Ninguna;Vertical
4053;2021;4/6/2021;Viernes;11:34:00;;0.0;1;Transporte de Pasajeros Urbano (> 8 asientos);Av. Avellaneda B Y Mendoza;2;1;0;1;0;0;Avenida;ROSARIO;Rosario;Asfalto;No existe;II;Dentro;Urbana;Otra Señal;Funciona;Intersección;Bueno;Buena;Diurna;Buen Tiempo;De alcance,Múltiple;S/D;Colisión;Ninguna;Horizontal,Vertical
4054;2021;4/6/2021;Viernes;16:35:00;;0.0;2;Automóvil,Automóvil;Bv. Avellaneda Y Montevideo;2;1;0;1;0;0;Avenida;ROSARIO;Rosario;Asfalto;No existe;II;Dentro;Urbana;Otra Señal;No existe;Intersección;Bueno;Buena;Diurna;Buen Tiempo;De alcance,Múltiple;S/D;Colisión;Ninguna;Horizontal,Vertical
4055;2021;4/6/2021;Viernes;18:45:00;;0.0;2;Moto/Ciclomotor,Automóvil;Av. E. López Y Av. Francia;2;1;0;1;0;0;Avenida;ROSARIO;Rosario;Hormigón;No existe;II;Dentro;Urbana;Otra Señal;Funciona;Intersección;Bueno;Buena;Atardecer;Buen Tiempo;De alcance,Múltiple;S/D;Colisión;Ninguna;Horizontal,Vertical
4056;2021;4/6/2021;Viernes;15:45:00;;0.0;2;Bicicleta,Bicicleta;Av. Luis Carballo Y Gorriti;2;1;0;1;0;0;Avenida;ROSARIO;Rosario;Asfalto;No existe;II;Dentro;Urbana;Otra Señal;No existe;Intersección;Bueno;Buena;Diurna;Buen Tiempo;De alcance,Múltiple;Ciclista;Colisión;Ninguna;Horizontal
4057;2021;4/6/2021;Viernes;;;0.0;1;Moto/Ciclomotor;España ;1;1;0;0;0;0;Calle;GÁLVEZ;San JERÓNIMO;Asfalto;No existe;XV;Dentro;Urbana;Otra Señal;S/D;Intersección;Bueno;Buena;S/D;Buen Tiempo;De alcance,Múltiple;S/D;Colisión;S/D;S/D
4058;2021;4/6/2021;Viernes;01:40:00;;0.0;1;Moto/Ciclomotor;Manuel Vicente Manzano 900;1;1;0;0;0;0;Calle;VENADO TUERTO;General LÓPEZ;Asfalto;No existe;VIII;Dentro;Urbana;Otra Señal;No existe;Intersección;Bueno;Buena;Nocturna;Buen Tiempo;Contra objeto fijo;S/D;Colisión;Ninguna;Faltante
4059;2021;4/6/2021;Viernes;16:10:00;Ruta Nacional 8;0.0;2;Automóvil,Automóvil;Bv 12 de octubre Y Guillermo Brown;3;1;0;2;0;0;Ruta;VENADO TUERTO;General LÓPEZ;Asfalto;No existe;VIII;Dentro;Urbana;Otra Señal;Funciona;Intersección;Bueno;Buena;Diurna;Buen Tiempo;Lateral;S/D;Colisión;Ninguna;Horizontal,Vertical
4060;2021;4/6/2021;Viernes;;Ruta Nacional 19;30.0;1;Camión; ;1;1;0;0;0;0;Ruta;SAN CARLOS NORTE;Las Colonias;Asfalto;Natural;XI;Dentro;Rural;Otra Señal;No existe;Intersección;Bueno;Buena;Nocturna;Buen Tiempo;S/D;S/D;Colisión;Ninguna;Horizontal
4061;2021;4/6/2021;Viernes;19:15:00;;0.0;2;Moto/Ciclomotor,Moto/Ciclomotor;Calle 101 0;2;0;0;0;0;2;Calle;AVELLANEDA;General Obligado;S/D;No existe;IX;Dentro;Rural;Otra Señal;No existe;Intersección;Bueno;Buena;Atardecer;Buen Tiempo;S/D;S/D;Colisión;S/D;S/D
4062;2021;4/6/2021;Viernes;08:15:00;;0.0;2;Bicicleta,Pickup/Utilitario;Calle 27-Gdor Freyre Y Roca Pte.;2;1;0;1;0;0;Calle;RECONQUISTA;General Obligado;Asfalto;No existe;IX;Dentro;Urbana;Otra Señal;No existe;Intersección;Bueno;Buena;Diurna;Buen Tiempo;Múltiple;Ciclista;Colisión;Ninguna;Faltante
4063;2021;4/6/2021;Viernes;11:00:00;;0.0;1;Bicicleta;Mariano Moreno Y Rioja;1;1;0;0;0;0;Calle;ROSARIO;Constitución;Asfalto;No existe;II;Dentro;Urbana;Otra Señal;No existe;Intersección;Bueno;S/D;Diurna;S/D;Múltiple;S/D;Colisión;S/D;Horizontal,Vertical
4064;2021;4/6/2021;Viernes;11:30:00;;0.0;2;Otros,Peatón;Mariano Moreno Y Rioja;2;1;0;0;0;1;Calle;ROSARIO;Constitución;Asfalto;No existe;II;Dentro;Urbana;Otra Señal;No existe;Intersección;Bueno;S/D;Diurna;S/D;Múltiple;Peatón;Colisión;S/D;Horizontal,Vertical
4065;2021;4/6/2021;Viernes;00:05:00;;0.0;1;Moto/Ciclomotor;Méjico Y Pje. Ghandi;1;1;0;0;0;0;Calle;ROSARIO;Constitución;Asfalto;No existe;II;Dentro;Urbana;Otra Señal;No existe;Intersección;Bueno;S/D;Nocturna;S/D;Múltiple;S/D;Colisión;S/D;Faltante
4066;2021;4/6/2021;Viernes;00:05:00;;0.0;2;Automóvil,Bicicleta;Bv. 27 De Febrero Y San Nicolas;2;1;0;0;0;1;Avenida;ROSARIO;Constitución;Asfalto;No existe;II;Dentro;Urbana;Otra Señal;Funciona;Intersección;Bueno;S/D;Nocturna;S/D;Múltiple;Ciclista;Colisión;S/D;Vertical
4067;2021;4/6/2021;Viernes;17:30:00;;0.0;2;Peatón,Otros;Bv. 27 De Febrero Y Bv. Avellaneda;2;1;0;0;0;1;Avenida;ROSARIO;Constitución;Asfalto;No existe;II;Dentro;Urbana;Otra Señal;No existe;Intersección;Bueno;S/D;Atardecer;S/D;Múltiple;Peatón;Colisión;S/D;Vertical
4068;2021;4/6/2021;Viernes;20:00:00;;0.0;1;Moto/Ciclomotor;Ceibo ;1;1;0;0;0;0;S/D;ROSARIO;Constitución;Asfalto;S/D;II;Dentro;Urbana;Otra Señal;S/D;Intersección;S/D;S/D;Nocturna;S/D;Múltiple;S/D;Colisión;S/D;S/D
4069;2021;4/6/2021;Viernes;23:00:00;;0.0;1;Moto/Ciclomotor; ;1;1;0;0;0;0;S/D;ROSARIO;Constitución;S/D;S/D;II;S/D;S/D;Otra Señal;S/D;Intersección;S/D;S/D;Nocturna;S/D;Múltiple;S/D;Colisión;S/D;S/D
4070;2021;4/6/2021;Viernes;23:30:00;;0.0;1;Moto/Ciclomotor; ;1;1;0;0;0;0;S/D;ROSARIO;Constitución;S/D;S/D;II;S/D;S/D;Otra Señal;S/D;Intersección;S/D;S/D;Nocturna;S/D;Múltiple;S/D;Colisión;S/D;S/D
4071;2021;4/6/2021;Viernes;17:10:00;;0.0;2;Automóvil,Moto/Ciclomotor;Gaboto Y Roullon;4;2;0;1;0;0;Avenida;ROSARIO;Constitución;Asfalto;No existe;II;Dentro;Urbana;Otra Señal;No existe;Intersección;Bueno;Buena;Diurna;Buen Tiempo;Múltiple;S/D;Colisión;Ninguna;Horizontal
4072;2021;4/6/2021;Viernes;19:10:00;;0.0;2;Moto/Ciclomotor,Automóvil;Casiano Casas Y Pje. 13 De Agosto;3;1;0;1;0;0;Calle;ROSARIO;Constitución;Asfalto;No existe;II;Dentro;Urbana;Otra Señal;No existe;Intersección;Bueno;Buena;Diurna;Buen Tiempo;Múltiple;S/D;Colisión;Ninguna;Faltante
4073;2021;4/6/2021;Viernes;00:05:00;;0.0;1;Bicicleta;Bv. Oroño Y Montevideo;1;0;0;0;0;0;Avenida;ROSARIO;Constitución;Asfalto;No existe;II;Dentro;Urbana;Otra Señal;Funciona;Intersección;Bueno;S/D;Nocturna;S/D;Múltiple;S/D;Colisión;S/D;Horizontal,Vertical
4074;2021;4/6/2021;Viernes;01:00:00;;0.0;1;Otros; ;1;0;0;0;0;0;S/D;ROSARIO;Rosario;S/D;S/D;II;S/D;S/D;Otra Señal;S/D;Intersección;S/D;S/D;Nocturna;S/D;Múltiple;S/D;Colisión;S/D;S/D
4075;2021;5/6/2021;Sabado;23:00:00;;0.0;2;Automóvil,Moto/Ciclomotor;Av. Los Colonizadores Y Dalmacio Vélez Sarsfield;2;1;0;1;0;0;Avenida;ESPERANZA;Las Colonias;Asfalto;No existe;XI;Dentro;Urbana;Otra Señal;No existe;Intersección;Bueno;Buena;Nocturna;Buen Tiempo;De alcance,Múltiple;S/D;Colisión;Ninguna;Faltante
4076;2021;5/6/2021;Sabado;23:55:00;;0.0;2;Moto/Ciclomotor,Moto/Ciclomotor;Av. Gral. Paz Y Regis Martínez;2;2;0;0;0;0;Avenida;SANTA FE;La Capital;Asfalto;No existe;I;Dentro;Urbana;Otra Señal;No existe;Intersección;Bueno;Buena;Nocturna;Buen Tiempo;De alcance,Múltiple;S/D;Colisión;Ninguna;Horizontal,Vertical
4077;2021;5/6/2021;Sabado;15:05:00;;0.0;2;Moto/Ciclomotor,Automóvil;Bv. Avellaneda Y Gral.Mosconi;2;2;0;0;0;0;Avenida;ROSARIO;Rosario;Asfalto;No existe;II;Dentro;Urbana;Otra Señal;No existe;Intersección;Bueno;Buena;Diurna;Buen Tiempo;De alcance,Múltiple;S/D;Colisión;Ninguna;Faltante
4078;2021;5/6/2021;Sabado;05:10:00;;0.0;2;Bicicleta,Automóvil;Montes Carballo Y Rivarola;2;1;0;0;0;1;Calle;ROSARIO;Rosario;Asfalto;No existe;II;Dentro;Urbana;Otra Señal;No existe;Intersección;Bueno;Buena;Nocturna,Con luz artificial;Buen Tiempo;De alcance,Múltiple;Ciclista;Colisión;Ninguna;Faltante
4079;2021;5/6/2021;Sabado;23:00:00;Ruta Nacional 9;0.0;2;Automóvil,Moto/Ciclomotor;Mitre Y Ruta Nacional 9;4;0;0;3;0;0;Ruta;FUNES;Rosario;Asfalto;Ripio;II;Dentro;Urbana;Otra Señal;Funciona;Intersección;Bueno;Buena;Diurna;Buen Tiempo;De alcance,Múltiple;S/D;Colisión;Ninguna;Horizontal,Vertical
4080;2021;5/6/2021;Sabado;01:00:00;;0.0;2;Moto/Ciclomotor,Moto/Ciclomotor;Pbro Marozi Y San Martin;2;2;0;0;0;0;Calle;SANTA ROSA DE CALCHINES;Garay;Asfalto;No existe;VII;Dentro;Urbana;Otra Señal;No existe;Intersección;Bueno;Buena;Nocturna,Con luz artificial;Buen Tiempo;De alcance,Múltiple;S/D;Colisión;Ninguna;Vertical
4081;2021;5/6/2021;Sabado;22:45:00;Ruta Provincial 2;265.0;4;Camión c / Acoplado,Camión c / Acoplado,Camión c / Acoplado,Camión c / Acoplado; ;4;4;0;0;0;0;Ruta;NUEVA ITALIA;9 de Julio;Asfalto;No existe;XII;Dentro;Rural;Otra Señal;No existe;Intersección;Bueno;Buena;Nocturna;Buen Tiempo;De alcance,Múltiple;S/D;Colisión;Ninguna;Horizontal
4082;2021;5/6/2021;Sabado;19:20:00;;0.0;2;Moto/Ciclomotor,Automóvil;Ayohuma 400;2;1;0;1;0;0;Calle;SAN LORENZO;San Lorenzo;Asfalto;No existe;XVII;Dentro;Urbana;Otra Señal;No existe;Intersección;S/D;S/D;Nocturna;S/D;De alcance,Múltiple;S/D;Colisión;S/D;Faltante
4083;2021;5/6/2021;Sabado;13:55:00;;0.0;2;Automóvil,Automóvil;Entre Ríos Y Ocampo;2;1;0;1;0;0;Calle;ROSARIO;Rosario;Asfalto;No existe;II;Dentro;Urbana;Otra Señal;No existe;Intersección;Bueno;Buena;Diurna;Buen Tiempo;De alcance,Múltiple;S/D;Colisión;Ninguna;Vertical
4084;2021;5/6/2021;Sabado;;;0.0;2;Moto/Ciclomotor,Automóvil;Av. Urquiza 2960;2;1;0;1;0;0;Avenida;SANTA FE;La Capital;Asfalto;No existe;I;Dentro;Urbana;Otra Señal;No existe;Intersección;Bueno;Buena;Diurna;Buen Tiempo;De alcance,Múltiple;S/D;Colisión;Agua;Faltante
4085;2021;5/6/2021;Sabado;19:00:00;;0.0;1;Pickup/Utilitario;Chacabuco Y Bartolomé Mitre;1;0;0;0;1;0;Calle;BERABEVÚ;Caseros;Tierra;No existe;IV;S/D;Urbana;Otra Señal;No existe;Intersección;Bueno;S/D;Diurna;S/D;De alcance,Múltiple;S/D;Colisión;Ninguna;Faltante
4086;2021;5/6/2021;Sabado;14:20:00;Ruta Provincial 10;87.0;1;Automóvil; ;2;1;0;1;0;0;Ruta;GÁLVEZ;San JERÓNIMO;Asfalto;No existe;XV;Dentro;Urbana;Otra Señal;No existe;Intersección;Bueno;Buena;Diurna;Buen Tiempo;De alcance,Múltiple;S/D;Colisión;Ninguna;S/D
4087;2021;5/6/2021;Sabado;19:50:00;Ruta Nacional 34;213.0;1;Moto/Ciclomotor; ;1;1;0;0;0;0;Ruta;SUSANA;Castellanos;Asfalto;Natural;V;Dentro;Urbana;Otra Señal;No existe;Intersección;Bueno;Buena;Diurna;Buen Tiempo;De alcance,Múltiple;S/D;Colisión;Ninguna;Horizontal
4088;2021;5/6/2021;Sabado;20:00:00;;0.0;2;Moto/Ciclomotor,Automóvil;Calle 12 San Martin Y Calle 85;2;1;0;1;0;0;Calle;RECONQUISTA;General Obligado;Asfalto,Tierra;No existe;IX;Dentro;Urbana;Otra Señal;No existe;Intersección;Con baches,Deteriorada;Buena;Nocturna;Buen Tiempo;Lateral;S/D;Colisión;Ninguna;Faltante
4089;2021;5/6/2021;Sabado;;;0.0;1;Otros;CAMINO RURAL ;2;2;0;0;0;0;Camino Rural;SAN CARLOS CENTRO;Las Colonias;Tierra;No existe;XI;Dentro;Urbana;Otra Señal;No existe;Intersección;Bueno;Buena;Nocturna;Buen Tiempo;S/D;S/D;Colisión;Ninguna;S/D
4090;2021;5/6/2021;Sabado;23:30:00;;0.0;1;Camión;Castelli Y Pringles;1;1;0;0;0;0;Calle;CAÑADA DE GÓMEZ;Iriondo;Tierra;No existe;X;Dentro;Urbana;Otra Señal;No existe;Intersección;Bueno;Buena;Nocturna;Buen Tiempo;Contra objeto fijo;S/D;Colisión;Ninguna;S/D
4091;2021;5/6/2021;Sabado;21:45:00;;0.0;1;Moto/Ciclomotor; ;1;1;0;0;0;0;S/D;ROSARIO;Constitución;S/D;S/D;II;S/D;S/D;Otra Señal;S/D;Intersección;S/D;S/D;Nocturna;S/D;Múltiple;S/D;Colisión;S/D;S/D
4092;2021;5/6/2021;Sabado;;;0.0;2;Moto/Ciclomotor,Automóvil;Calle 15 Y Calle 28;3;0;0;2;0;0;Calle;LAS PAREJAS;Constitución;Asfalto;No existe;III;Dentro;Urbana;Otra Señal;No existe;Intersección;Bueno;Buena;Diurna;Buen Tiempo;Múltiple;S/D;Colisión;Ninguna;Faltante