ID_Accidente;A�o;Fecha;Dia;Hopra;Ruta/Autop;km;Participantes;Tipo;Lugar;Total;Heridos Leves;Heridos Graves;Ilesos;Fallecidos;Sin datos;desc_tipo_via;desc_loc;desc_dpto;|;desc_tipo_banquina;desc_unidad_regional;desc_lugar_calzada;desc_zona;desc_prioridad;desc_estado_semaforo;desc_lugar_via;desc_estado_via;desc_estado_visibilidad;desc_luminosidad;desc_estado_clima;desc_tipo_colision;desc_tipo_atropello;desc_tipo_hecho;desc_pres_calzada;desc_senializacion
4093;2021;5/6/2021;Sabado;20:45:00;;0.0;2;Automóvil,Moto/Ciclomotor;Av. Corrientes Y Estado de Israel;2;0;0;1;0;0;Avenida;ROSARIO;Constitución;Asfalto;No existe;II;Dentro;Urbana;Otra Señal;No existe;Intersección;Bueno;Buena;Nocturna;Buen Tiempo;Múltiple;S/D;Colisión;Ninguna;Faltante
4094;2021;5/6/2021;Sabado;07:30:00;;0.0;1;Moto/Ciclomotor;Av. Francia Y Av. Ntra.Sra.del Rosario;1;0;0;0;0;0;Avenida;ROSARIO;Constitución;Asfalto;No existe;II;Dentro;Urbana;Otra Señal;No existe;Intersección;Deteriorada;S/D;Diurna;S/D;Múltiple;S/D;Colisión;S/D;Faltante
4095;2021;6/6/2021;Domingo;10:00:00;;0.0;2;Moto/Ciclomotor,Pickup/Utilitario;Bartolomé Mitre Y G Alvear;2;1;0;1;0;0;Calle;ESPERANZA;Las Colonias;Asfalto;No existe;XI;Dentro;Urbana;Otra Señal;No existe;Intersección;Bueno;Buena;Diurna;Buen Tiempo;De alcance,Múltiple;S/D;Colisión;Ninguna;Vertical
4096;2021;6/6/2021;Domingo;19:15:00;;0.0;1;Moto/Ciclomotor;Av. Pte. Perón Y Fray C Rodríguez;2;2;0;0;0;0;Avenida;SANTA FE;La Capital;Asfalto;No existe;I;Dentro;Urbana;Otra Señal;Funciona;Intersección;Bueno;Buena;Atardecer;Buen Tiempo;De alcance,Múltiple;S/D;Colisión;Ninguna;Horizontal,Vertical
4097;2021;6/6/2021;Domingo;18:08:00;;0.0;2;Automóvil,Automóvil;Balcarce Y Lavalle;2;1;0;1;0;0;Calle;SANTA FE;La Capital;Asfalto;No existe;I;Dentro;Urbana;Otra Señal;No existe;Intersección;Bueno;S/D;Diurna;S/D;De alcance,Múltiple;S/D;Colisión;Ninguna;Horizontal,Vertical
4098;2021;6/6/2021;Domingo;20:10:00;;0.0;2;Peatón,Moto/Ciclomotor;Camino Nuevo Soldini ;2;2;0;0;0;0;Camino Rural;ROSARIO;Rosario;Asfalto;S/D;II;Dentro;Rural;Otra Señal;S/D;Intersección;Bueno;S/D;Nocturna;Buen Tiempo;De alcance,Múltiple;Peatón;Colisión;S/D;S/D
4099;2021;6/6/2021;Domingo;14:30:00;;0.0;2;Automóvil,Automóvil;Gral. José de San Martin Y Humberto Primo;4;1;0;3;0;0;Calle;ARROYO SECO;Rosario;Asfalto;No existe;II;Dentro;Urbana;Otra Señal;Funciona;Intersección;Bueno;Buena;Diurna;Buen Tiempo;De alcance,Múltiple;S/D;Colisión;Ninguna;Faltante
4100;2021;6/6/2021;Domingo;21:30:00;;0.0;2;Moto/Ciclomotor,Moto/Ciclomotor;Juan D Perón Y Las Heras;2;1;0;1;0;0;Calle;SAN CRISTÓBAL;San CRISTÓBAL;Asfalto;No existe;XIII;Dentro;Urbana;Otra Señal;No existe;Intersección;Bueno;Reducida;Nocturna;Buen Tiempo;De alcance,Múltiple;S/D;Colisión;Ninguna;Faltante
4101;2021;6/6/2021;Domingo;11:15:00;;0.0;2;Automóvil,Bicicleta;Avenida 21 850;2;1;0;1;0;0;Avenida;LAS PAREJAS;Belgrano;Asfalto;No existe;III;Dentro;Urbana;Otra Señal;No existe;Intersección;Bueno;Buena;Diurna;Buen Tiempo;De alcance,Múltiple;Ciclista;Colisión;Ninguna;Vertical
4102;2021;6/6/2021;Domingo;20:00:00;;0.0;2;Bicicleta,Pickup/Utilitario;G Kirk Y J B Alberdi;2;1;0;1;0;0;Calle;PUERTO SAN MARTÍN;San Lorenzo;Asfalto;No existe;XVII;Dentro;Urbana;Otra Señal;No existe;Intersección;Bueno;Buena;Diurna;Buen Tiempo;De alcance,Múltiple;Ciclista;Colisión;Ninguna;Horizontal
4103;2021;6/6/2021;Domingo;12:20:00;;0.0;2;Moto/Ciclomotor,Automóvil;Av. Ovidio Lagos Y Cnel. Arnold;2;1;0;1;0;0;Avenida;ROSARIO;Rosario;Asfalto;No existe;II;Dentro;Urbana;Otra Señal;No existe;Intersección;Bueno;Buena;Diurna;Buen Tiempo;De alcance,Múltiple;S/D;Colisión;Ninguna;Faltante
4104;2021;6/6/2021;Domingo;19:55:00;;0.0;1;Moto/Ciclomotor;Capitán Bermúdez Y E Zevallos;1;1;0;0;0;0;Calle;GÁLVEZ;San JERÓNIMO;S/D;No existe;XV;Dentro;Urbana;Otra Señal;S/D;Intersección;S/D;S/D;Atardecer;Buen Tiempo;De alcance,Múltiple;S/D;Colisión;S/D;S/D
4105;2021;6/6/2021;Domingo;06:00:00;;0.0;1;Moto/Ciclomotor;Camino Interprovincial Y Calle 86;1;0;0;0;1;0;Calle;FRONTERA;Castellanos;Asfalto;No existe;V;S/D;Urbana;Otra Señal;No existe;Intersección;Bueno;S/D;Nocturna;Buen Tiempo;De alcance,Múltiple;S/D;Colisión;Ninguna;Faltante
4106;2021;6/6/2021;Domingo;10:12:00;;0.0;1;Moto/Ciclomotor;Pavón 1600;1;1;0;0;0;0;Calle;VENADO TUERTO;General LÓPEZ;Tierra;No existe;VIII;Dentro;Urbana;Otra Señal;No existe;Intersección;Deteriorada;Buena;Diurna;Buen Tiempo;Atropello animal;S/D;Colisión;Ninguna;Faltante
4107;2021;6/6/2021;Domingo;14:15:00;;0.0;2;Automóvil,Moto/Ciclomotor;Hipólito Irigoyen Y Miguel de Azcuénaga;2;1;0;1;0;0;Calle;VENADO TUERTO;General LÓPEZ;Asfalto;No existe;VIII;Dentro;Urbana;Otra Señal;No existe;Intersección;Bueno;Buena;Diurna;Buen Tiempo;Lateral;S/D;Colisión;Ninguna;Faltante
4108;2021;6/6/2021;Domingo;;;0.0;1;Otros; ;1;1;0;0;0;0;S/D;ROSARIO;Constitución;S/D;S/D;II;S/D;S/D;Otra Señal;S/D;Intersección;S/D;S/D;S/D;S/D;Múltiple;S/D;Colisión;S/D;S/D
4109;2021;6/6/2021;Domingo;;;0.0;1;Otros; ;1;1;0;0;0;0;S/D;ROSARIO;Constitución;S/D;S/D;II;S/D;S/D;Otra Señal;S/D;Intersección;S/D;S/D;S/D;S/D;Múltiple;S/D;Colisión;S/D;S/D
4110;2021;6/6/2021;Domingo;;;0.0;2;Moto/Ciclomotor,Automóvil;Santiago Shine Y Trento;2;0;0;1;0;0;Calle;RAFAELA;Constitución;Asfalto;No existe;V;Dentro;Urbana;Otra Señal;No existe;Intersección;Bueno;Buena;Diurna;Buen Tiempo;Múltiple;S/D;Colisión;Ninguna;Faltante
4111;2021;6/6/2021;Domingo;19:00:00;;0.0;1;Otros; ;1;0;0;0;0;0;S/D;ROSARIO;Rosario;S/D;S/D;II;S/D;S/D;Otra Señal;S/D;Intersección;S/D;S/D;Nocturna;S/D;Múltiple;S/D;Colisión;S/D;S/D
4112;2021;7/6/2021;Lunes;11:32:00;;0.0;2;Bicicleta,Otros;Av. Freyre Y Junín;2;1;0;0;0;1;Avenida;SANTA FE;La Capital;Asfalto;No existe;I;Dentro;Urbana;Otra Señal;Funciona;Intersección;Bueno;Buena;Diurna;Buen Tiempo;De alcance,Múltiple;Ciclista;Colisión;Ninguna;Vertical
4113;2021;7/6/2021;Lunes;19:50:00;;0.0;2;Automóvil,Moto/Ciclomotor;Centenario Y Juan Bautista Alberdi;2;1;0;1;0;0;Calle;SANTO TOMÉ;La Capital;Asfalto;No existe;I;Dentro;Urbana;Otra Señal;No existe;Intersección;Bueno;Buena;Nocturna,Con luz artificial;Buen Tiempo;De alcance,Múltiple;S/D;Colisión;Ninguna;Faltante
4114;2021;7/6/2021;Lunes;17:50:00;;0.0;2;Moto/Ciclomotor,Automóvil;Cornelio de Saavedra Y Vicente López y Planes;3;2;0;1;0;0;Calle;SANTO TOMÉ;La Capital;Asfalto;Pavimento;I;Dentro;Urbana;Otra Señal;No existe;Intersección;Bueno;Buena;Atardecer;Buen Tiempo;De alcance,Múltiple;S/D;Colisión;Ninguna;Faltante
4115;2021;7/6/2021;Lunes;18:00:00;Ruta Provincial 1;2.0;2;Moto/Ciclomotor,Automóvil; ;6;1;0;5;0;0;Ruta;COLASTINE;La Capital;Asfalto;Pavimento;I;Dentro;Urbana;Otra Señal;Funciona;Intersección;Bueno;Reducida;Atardecer;Buen Tiempo;De alcance,Múltiple;S/D;Colisión;Ninguna;Vertical
4116;2021;7/6/2021;Lunes;09:10:00;;0.0;1;Moto/Ciclomotor;Córdoba 690;1;1;0;0;0;0;Calle;MONTE VERA;La Capital;Tierra;No existe;I;Dentro;Urbana;Otra Señal;No existe;Intersección;Bueno;Buena;Diurna;Buen Tiempo;De alcance,Múltiple;S/D;Colisión;Ninguna;Faltante
4117;2021;7/6/2021;Lunes;11:15:00;Ruta Nacional 9;0.0;2;Automóvil,Automóvil;Hernández Y Ruta Nacional 9;3;1;0;2;0;0;Ruta;FUNES;Rosario;Asfalto;Ripio;II;Dentro;Urbana;Otra Señal;Funciona;Intersección;Bueno;Buena;Diurna;Buen Tiempo;De alcance,Múltiple;S/D;Colisión;Ninguna;Horizontal,Vertical
4118;2021;7/6/2021;Lunes;18:30:00;;0.0;1;Moto/Ciclomotor;C Vega Y Dr. Daniel Cantoia;2;2;0;0;0;0;Calle;SAN LORENZO;San Lorenzo;Asfalto;No existe;XVII;Dentro;Urbana;Otra Señal;No existe;Intersección;S/D;S/D;Diurna;S/D;De alcance,Múltiple;S/D;Colisión;S/D;Faltante
4119;2021;7/6/2021;Lunes;;;0.0;2;Pickup/Utilitario,Moto/Ciclomotor;Antártida Argentina Y Bv Pellegrini;3;1;0;2;0;0;Calle;ROLDÁN;San Lorenzo;Asfalto;No existe;XVII;Dentro;Urbana;Otra Señal;No existe;Intersección;Bueno;Buena;Diurna;Buen Tiempo;De alcance,Múltiple;S/D;Colisión;Ninguna;Faltante
4120;2021;7/6/2021;Lunes;19:40:00;Ruta Secundaria 3-s;0.0;2;Moto/Ciclomotor,Moto/Ciclomotor;Calle 22 Y Calle 9;2;1;0;1;0;0;Ruta;LAS PAREJAS;Belgrano;Asfalto;No existe;III;Dentro;Urbana;Otra Señal;No existe;Intersección;Bueno;Buena;Nocturna,Con luz artificial;Buen Tiempo;De alcance,Múltiple;S/D;Colisión;Ninguna;Faltante
4121;2021;7/6/2021;Lunes;05:45:00;;0.0;2;Automóvil,Automóvil;Buenos Aires Y Mendoza;2;1;0;1;0;0;Calle;ROSARIO;Rosario;Asfalto;No existe;II;Dentro;Urbana;Otra Señal;No existe;Intersección;Bueno;Buena;Nocturna,Con luz artificial;Buen Tiempo;De alcance,Múltiple;S/D;Colisión;Ninguna;Horizontal,Vertical
4122;2021;7/6/2021;Lunes;08:20:00;Autovía Nacional 19;14.0;1;Automóvil; ;1;1;0;0;0;0;Autovía;SAN AGUSTÍN;Las Colonias;Asfalto;Natural;XI;Dentro;Rural;Otra Señal;No existe;Intersección;Bueno;Buena;Diurna;Buen Tiempo;De alcance,Múltiple;S/D;Colisión;Ninguna;Horizontal
4123;2021;7/6/2021;Lunes;;;0.0;1;Automóvil;Av. Gral. Bartolomé Mitre Y Francia;2;1;0;1;0;0;Avenida;RAFAELA;Castellanos;Asfalto;No existe;V;Dentro;Urbana;Otra Señal;No existe;Intersección;Bueno;Buena;Diurna;Buen Tiempo;S/D;S/D;Colisión;Ninguna;Vertical
4124;2021;7/6/2021;Lunes;09:40:00;Ruta Secundaria 48-s;0.0;1;Tractor;EVA PERÓN Y SAN MARTIN;1;1;0;0;0;0;Ruta;GARIBALDI;Castellanos;Tierra;Natural;V;Dentro;Urbana;Otra Señal;S/D;Intersección;S/D;Buena;S/D;S/D;S/D;S/D;Colisión;S/D;S/D
4125;2021;7/6/2021;Lunes;13:00:00;;0.0;1;Moto/Ciclomotor; ;1;1;0;0;0;0;S/D;ROSARIO;Constitución;S/D;S/D;II;S/D;S/D;Otra Señal;S/D;Intersección;S/D;S/D;Diurna;S/D;Múltiple;S/D;Colisión;S/D;S/D
4126;2021;7/6/2021;Lunes;;;0.0;1;Otros; ;1;1;0;0;0;0;S/D;ROSARIO;Constitución;S/D;S/D;II;S/D;S/D;Otra Señal;S/D;Intersección;S/D;S/D;S/D;S/D;Múltiple;S/D;Colisión;S/D;S/D
4127;2021;7/6/2021;Lunes;09:25:00;;0.0;2;Pickup/Utilitario,Moto/Ciclomotor;Ignacio Asurmendi Y Mitre;3;0;0;1;0;0;Calle;ACEBAL;Rosario;Asfalto;No existe;II;Dentro;Urbana;Otra Señal;No existe;Intersección;Bueno;Buena;Amanecer;Buen Tiempo;Múltiple;S/D;Colisión;Ninguna;Faltante
4128;2021;7/6/2021;Lunes;13:00:00;Autopista Nacional A008;0.0;2;Moto/Ciclomotor,Pickup/Utilitario;Av. de Circunvalación Y Rivadavia;3;0;0;1;0;0;Autopista;VILLA GOBERNADOR GÁLVEZ;Rosario;Asfalto;No existe;II;Dentro;Urbana;Otra Señal;No existe;Intersección;Bueno;Buena;Diurna;Buen Tiempo;Múltiple;S/D;Colisión;Ninguna;Faltante
4129;2021;7/6/2021;Lunes;15:10:00;Ruta Nacional A012;0.0;2;Camión c / Acoplado,Automóvil;Ruta Provincial 14 ;4;0;0;1;0;0;Ruta;PIÑERO;Rosario;Asfalto;Natural;II;Dentro;Urbana;Marca Vial;No existe;Intersección;Bueno;Buena;Diurna;Buen Tiempo;Frontal;S/D;Colisión;Ninguna;Horizontal,Vertical
4130;2021;8/6/2021;Martes;17:00:00;;0.0;2;Moto/Ciclomotor,Automóvil;La Rioja Y 9 de Julio;2;1;0;1;0;0;Calle;SANTA FE;La Capital;Asfalto;No existe;I;Dentro;Urbana;Otra Señal;No existe;Intersección;Bueno;Buena;Atardecer;Buen Tiempo;De alcance,Múltiple;S/D;Colisión;Ninguna;Faltante
4131;2021;8/6/2021;Martes;17:45:00;;0.0;2;Moto/Ciclomotor,Automóvil;Av. Gral. Paz Y Ricardo Aldao;2;1;0;1;0;0;Avenida;SANTA FE;La Capital;Asfalto;No existe;I;Dentro;Urbana;Otra Señal;No existe;Intersección;Bueno;Buena;Diurna;Buen Tiempo;De alcance,Múltiple;S/D;Colisión;Ninguna;Faltante
4132;2021;8/6/2021;Martes;16:30:00;;0.0;2;Moto/Ciclomotor,Pickup/Utilitario;Las Heras Y Lavaisse;3;2;0;1;0;0;Calle;SANTA FE;La Capital;Asfalto;No existe;I;Dentro;Urbana;Otra Señal;No existe;Intersección;Bueno;Buena;Diurna;S/D;De alcance,Múltiple;S/D;Colisión;Ninguna;Faltante
4133;2021;8/6/2021;Martes;06:05:00;;0.0;2;Moto/Ciclomotor,Automóvil;Av. Uriburu Y Italia;2;1;0;1;0;0;Avenida;ROSARIO;Rosario;Asfalto;No existe;II;Dentro;Urbana;Otra Señal;Funciona;Intersección;Bueno;Buena;Diurna;Buen Tiempo;De alcance,Múltiple;S/D;Colisión;Ninguna;Horizontal,Vertical
4134;2021;8/6/2021;Martes;09:55:00;Ruta Nacional 9;0.0;2;Automóvil,Moto/Ciclomotor;Candelaria Y Ruta Nacional 9;3;1;0;2;0;0;Ruta;FUNES;Rosario;Asfalto;No existe;II;Dentro;Urbana;Otra Señal;Funciona;Intersección;Bueno;Buena;Diurna;Buen Tiempo;De alcance,Múltiple;S/D;Colisión;Ninguna;Horizontal,Vertical
4135;2021;8/6/2021;Martes;10:30:00;;0.0;2;Automóvil,Peatón;Rivadavia ;2;1;0;1;0;0;Calle;VERA;Vera;Asfalto;S/D;XIX;Dentro;Urbana;Otra Señal;No existe;Intersección;Bueno;Buena;Diurna;Buen Tiempo;De alcance,Múltiple;Peatón;Colisión;Ninguna;Faltante
4136;2021;8/6/2021;Martes;12:20:00;;0.0;2;Moto/Ciclomotor,Pickup/Utilitario;José Manuel Estrada Y Sargento Cabral;3;2;0;1;0;0;Calle;SAN LORENZO;San Lorenzo;Asfalto;No existe;XVII;Dentro;Urbana;Otra Señal;No existe;Intersección;S/D;S/D;Diurna;S/D;De alcance,Múltiple;S/D;Colisión;S/D;Faltante
4137;2021;8/6/2021;Martes;16:10:00;;0.0;2;Moto/Ciclomotor,Pickup/Utilitario;Cochabamba Y Dorrego;3;1;0;2;0;0;Calle;ROSARIO;Rosario;Asfalto;No existe;II;Dentro;Urbana;Otra Señal;No existe;Intersección;Bueno;Buena;Diurna;Buen Tiempo;De alcance,Múltiple;S/D;Colisión;Ninguna;Horizontal,Vertical
4138;2021;8/6/2021;Martes;10:10:00;;0.0;2;Automóvil,Moto/Ciclomotor;Esteban de Luca Y San Martin;2;1;0;1;0;0;Avenida;ROSARIO;Rosario;Asfalto;No existe;II;Dentro;Urbana;Otra Señal;Funciona;Intersección;Bueno;Buena;Diurna;Buen Tiempo;De alcance,Múltiple;S/D;Colisión;Ninguna;Horizontal,Vertical
4139;2021;8/6/2021;Martes;07:30:00;;0.0;2;Bicicleta,Camión;La Esmeralda Y San Martin;2;0;0;1;1;0;Calle;SANTA FE;La Capital;Tierra;No existe;I;S/D;Urbana;Otra Señal;No existe;Intersección;Bueno;Buena;Diurna;S/D;De alcance,Múltiple;Ciclista;Colisión;Ninguna;Faltante
4140;2021;8/6/2021;Martes;;;0.0;2;Pickup/Utilitario,Moto/Ciclomotor;Fray Luis Beltrán 1600;2;1;0;1;0;0;Calle;CASILDA;Caseros;Asfalto;No existe;IV;Dentro;Urbana;Otra Señal;No existe;Intersección;Bueno;Buena;Diurna;Buen Tiempo;De alcance,Múltiple;S/D;Colisión;Ninguna;Faltante
4141;2021;8/6/2021;Martes;22:20:00;;0.0;2;Moto/Ciclomotor,Automóvil;Entre Ríos Y Dr. Rivas;2;0;0;1;1;0;Calle;ROSARIO;Rosario;Asfalto;No existe;II;S/D;Urbana;Otra Señal;No existe;Intersección;Bueno;Buena;Nocturna,Con luz artificial;Buen Tiempo;De alcance,Múltiple;S/D;Colisión;Ninguna;Vertical
4142;2021;8/6/2021;Martes;;;0.0;2;Automóvil,Moto/Ciclomotor;General Simón Bolívar Y Presidente General Julio Argen;5;1;0;4;0;0;Calle;CASILDA;Caseros;Asfalto;No existe;IV;Dentro;Urbana;Otra Señal;No existe;Intersección;Bueno;S/D;Diurna;Buen Tiempo;De alcance,Múltiple;S/D;Colisión;Ninguna;S/D
4143;2021;8/6/2021;Martes;;;0.0;1;Moto/Ciclomotor;Casado Y Mendoza;1;1;0;0;0;0;Calle;CASILDA;Caseros;Asfalto;No existe;IV;Dentro;Urbana;Otra Señal;No existe;Intersección;Bueno;Buena;Diurna;Buen Tiempo;De alcance,Múltiple;S/D;Colisión;Ninguna;Faltante
4144;2021;8/6/2021;Martes;12:40:00;;0.0;1;Moto/Ciclomotor;Fernando Bianchi 600;1;1;0;0;0;0;Calle;EL TRÉBOL;San MARTÍN;S/D;S/D;XVIII;Dentro;Urbana;Otra Señal;S/D;Intersección;S/D;S/D;S/D;S/D;De alcance,Múltiple;S/D;Colisión;S/D;S/D
4145;2021;8/6/2021;Martes;;;0.0;2;Moto/Ciclomotor,Peatón;Av. Brasil Y Güemes;2;1;0;1;0;0;Avenida;RAFAELA;Castellanos;Asfalto;No existe;V;Dentro;Urbana;Otra Señal;No existe;Intersección;Bueno;Buena;Diurna;Buen Tiempo;S/D;Peatón;Colisión;Ninguna;Horizontal
4146;2021;8/6/2021;Martes;18:30:00;;0.0;2;Moto/Ciclomotor,Automóvil;N Figueredo Y P Gaggero;2;1;0;1;0;0;Calle;SAN JUSTO;San Justo;Tierra;No existe;XVI;Dentro;Urbana;Otra Señal;No existe;Intersección;Con baches;Buena;Atardecer;Buen Tiempo;Múltiple;S/D;Colisión;Ninguna;Faltante
4147;2021;8/6/2021;Martes;;;0.0;1;Otros; ;1;1;0;0;0;0;S/D;ROSARIO;Constitución;S/D;S/D;II;S/D;S/D;Otra Señal;S/D;Intersección;S/D;S/D;S/D;S/D;Múltiple;S/D;Colisión;S/D;S/D
4148;2021;8/6/2021;Martes;09:00:00;;0.0;1;Moto/Ciclomotor;Servando Bayo ;1;1;0;0;0;0;S/D;ROSARIO;Constitución;Asfalto;S/D;II;Dentro;Urbana;Otra Señal;S/D;Intersección;S/D;S/D;Diurna;S/D;Múltiple;S/D;Colisión;S/D;S/D
4149;2021;8/6/2021;Martes;19:00:00;;0.0;2;Camión,Camión; ;2;0;0;1;0;0;S/D;PUEBLO MIGUEL TORRES;Constitución;S/D;S/D;VIII;S/D;S/D;Otra Señal;S/D;Intersección;S/D;S/D;Atardecer;S/D;Múltiple;S/D;Colisión;S/D;S/D
4150;2021;9/6/2021;Miercoles;12:10:00;;0.0;2;Moto/Ciclomotor,Pickup/Utilitario;Alberdi Y Pueyrredón;2;1;0;1;0;0;Calle;ESPERANZA;Las Colonias;Asfalto;No existe;XI;Dentro;Urbana;Otra Señal;No existe;Intersección;Bueno;Buena;Diurna;Buen Tiempo;De alcance,Múltiple;S/D;Colisión;Ninguna;Vertical
4151;2021;9/6/2021;Miercoles;13:20:00;;0.0;2;Automóvil,Moto/Ciclomotor;Av. Urquiza Y Cándido Pujato;2;1;0;1;0;0;Avenida;SANTA FE;La Capital;Asfalto;No existe;I;Dentro;Urbana;Otra Señal;No existe;Intersección;Bueno;Buena;Diurna;Buen Tiempo;De alcance,Múltiple;S/D;Colisión;Ninguna;Vertical
4152;2021;9/6/2021;Miercoles;12:00:00;;0.0;2;Peatón,Moto/Ciclomotor;Av. López y Planes Y Quintana;2;2;0;0;0;0;Avenida;SANTA FE;La Capital;Asfalto;No existe;I;Dentro;Urbana;Otra Señal;Funciona;Intersección;Bueno;Buena;Diurna;Buen Tiempo;De alcance,Múltiple;Peatón;Colisión;Ninguna;Horizontal
4153;2021;9/6/2021;Miercoles;16:50:00;Ruta Nacional 11;0.0;2;Pickup/Utilitario,Moto/Ciclomotor;Juan de Garay Y Ruta Nacional 11;3;1;0;2;0;0;Ruta;RECREO;La Capital;Ripio;Ripio;I;Dentro;Urbana;Otra Señal;Intermitente;Intersección;Bueno;Buena;Diurna;Buen Tiempo;De alcance,Múltiple;S/D;Colisión;Ninguna;Horizontal,Vertical
4154;2021;9/6/2021;Miercoles;07:52:00;Autopista Nacional A008;0.0;2;Bicicleta,Automóvil;Av. Circunvalación Y Av. Ovidio Lagos;2;1;0;1;0;0;Autopista;ROSARIO;Rosario;Asfalto;Pavimento;II;Dentro;Urbana;Otra Señal;No existe;Intersección;Bueno;Buena;Diurna;Buen Tiempo;De alcance,Múltiple;Ciclista;Colisión;Ninguna;Faltante
4155;2021;9/6/2021;Miercoles;13:00:00;;0.0;2;Moto/Ciclomotor,Automóvil;Cafferata Y Saavedra;3;2;0;1;0;0;Calle;ROSARIO;Rosario;Asfalto;No existe;II;Dentro;Urbana;Otra Señal;No existe;Intersección;Bueno;Buena;Diurna;Buen Tiempo;De alcance,Múltiple;S/D;Colisión;Ninguna;Vertical
4156;2021;9/6/2021;Miercoles;18:00:00;Ruta Provincial 1;3.0;2;Moto/Ciclomotor,Automóvil; ;2;1;0;1;0;0;Ruta;COLASTINE;La Capital;Asfalto;Pavimento;I;Dentro;Urbana;Otra Señal;Funciona;Intersección;Bueno;Buena;Atardecer;Buen Tiempo;De alcance,Múltiple;S/D;Colisión;Ninguna;Horizontal,Vertical
4157;2021;9/6/2021;Miercoles;13:00:00;;0.0;2;Moto/Ciclomotor,Automóvil;Junín Y P.L.Funes;4;1;0;3;0;0;Calle;ROSARIO;Rosario;Asfalto;No existe;II;Dentro;Urbana;Otra Señal;No existe;Intersección;Bueno;Buena;Diurna;Buen Tiempo;De alcance,Múltiple;S/D;Colisión;Ninguna;Faltante
4158;2021;9/6/2021;Miercoles;11:30:00;;0.0;2;Moto/Ciclomotor,Automóvil;A Méndez Y R S PEÑA;2;1;0;1;0;0;Calle;VERA;Vera;Tierra;No existe;XIX;Dentro;Urbana;Otra Señal;No existe;Intersección;Deteriorada;Buena;Diurna;Buen Tiempo;De alcance,Múltiple;S/D;Colisión;Ninguna;Faltante
4159;2021;9/6/2021;Miercoles;08:30:00;Ruta Provincial 65;0.0;1;Camión; ;2;1;0;1;0;0;Ruta;LAS ROSAS;Belgrano;Asfalto;Natural;III;Dentro;Urbana;Otra Señal;No existe;Intersección;Bueno;Buena;Diurna;Buen Tiempo;De alcance,Múltiple;S/D;Colisión;Ninguna;Faltante
4160;2021;9/6/2021;Miercoles;19:30:00;;0.0;2;Bicicleta,Automóvil;Bv. Oroño Y Lugones;2;1;0;1;0;0;Avenida;ROSARIO;Rosario;Asfalto;No existe;II;Dentro;Urbana;Otra Señal;No existe;Intersección;Bueno;Buena;Nocturna;Buen Tiempo;De alcance,Múltiple;Ciclista;Colisión;Ninguna;Horizontal
4161;2021;9/6/2021;Miercoles;09:40:00;;0.0;2;Pickup/Utilitario,Peatón;Montevideo Y L.N.Alem;2;1;0;1;0;0;Calle;ROSARIO;Rosario;Asfalto;No existe;II;Dentro;Urbana;Otra Señal;No existe;Intersección;Bueno;Buena;Diurna;Buen Tiempo;De alcance,Múltiple;Peatón;Colisión;Ninguna;Horizontal
4162;2021;9/6/2021;Miercoles;12:50:00;Ruta Provincial 93;84.0;2;Automóvil,Camión c / Acoplado;Ruta Prov. 93 ;3;0;0;1;2;0;Ruta;BERABEVÚ;Caseros;Asfalto;Natural;IV;S/D;Rural;Otra Señal;No existe;Intersección;Bueno;Buena;Diurna;Buen Tiempo;De alcance,Múltiple;S/D;Colisión;Ninguna;S/D
4163;2021;9/6/2021;Miercoles;;;0.0;2;Automóvil,Vehículo Oficial;Pje Falucho Y Rivadavia;2;1;0;1;0;0;Calle;SANTA FE;La Capital;Asfalto;No existe;I;Dentro;Urbana;Otra Señal;No existe;Intersección;Bueno;Buena;Diurna;Buen Tiempo;De alcance,Múltiple;S/D;Colisión;Ninguna;Horizontal
4164;2021;9/6/2021;Miercoles;16:50:00;;0.0;1;Moto/Ciclomotor;Lisandro de la Torre Y Roque e Coulin;1;1;0;0;0;0;Calle;GÁLVEZ;San JERÓNIMO;Asfalto;No existe;XV;Dentro;Urbana;Otra Señal;No existe;Intersección;Bueno;Buena;Diurna;Buen Tiempo;De alcance,Múltiple;S/D;Colisión;Ninguna;Faltante
4165;2021;9/6/2021;Miercoles;09:45:00;;0.0;2;Pickup/Utilitario,Tren;Bv Oroño Y Sáenz PEÑA;2;1;0;1;0;0;Avenida;CORONDA;San JERÓNIMO;Asfalto;No existe;XV;Dentro;Urbana;Otra Señal;No existe;Intersección;Bueno;Buena;Diurna;Buen Tiempo;De alcance,Múltiple;S/D;Colisión;Ninguna;Vertical
4166;2021;9/6/2021;Miercoles;09:00:00;Autovía Nacional 19;122.0;2;Camión,Camión; ;3;3;0;0;0;0;Autovía;FRONTERA;Castellanos;Asfalto;No existe;V;Dentro;Rural;Otra Señal;No existe;Intersección;Bueno;Buena;Diurna;Buen Tiempo;De alcance,Múltiple;S/D;Colisión;Ninguna;Horizontal