ID_Accidente;A�o;Fecha;Dia;Hopra;Ruta/Autop;km;Participantes;Tipo;Lugar;Total;Heridos Leves;Heridos Graves;Ilesos;Fallecidos;Sin datos;desc_tipo_via;desc_loc;desc_dpto;|;desc_tipo_banquina;desc_unidad_regional;desc_lugar_calzada;desc_zona;desc_prioridad;desc_estado_semaforo;desc_lugar_via;desc_estado_via;desc_estado_visibilidad;desc_luminosidad;desc_estado_clima;desc_tipo_colision;desc_tipo_atropello;desc_tipo_hecho;desc_pres_calzada;desc_senializacion
4167;2021;9/6/2021;Miercoles;13:00:00;Ruta Secundaria 4-s;0.0;2;Camión Chasis,Pickup/Utilitario;Fortín El Hinojo Y Leandro N Alem;3;3;0;0;0;0;Ruta;VENADO TUERTO;General LÓPEZ;Asfalto;Ripio;VIII;Dentro;Urbana;Otra Señal;No existe;Intersección;Bueno;Buena;Diurna;Buen Tiempo;Lateral;S/D;Colisión;Ninguna;Horizontal
4168;2021;9/6/2021;Miercoles;10:00:00;Ruta Provincial 39;27.0;2;Automóvil,Moto/Ciclomotor; ;2;1;0;1;0;0;Ruta;SAN JAVIER;San Javier;Asfalto;No existe;XIV;Dentro;Rural;Otra Señal;No existe;Intersección;Bueno;Buena;Diurna;Buen Tiempo;S/D;S/D;Colisión;Ninguna;Horizontal
4169;2021;9/6/2021;Miercoles;09:00:00;Ruta Nacional 19;93.0;1;Pickup/Utilitario; ;1;1;0;0;0;0;Ruta;CLUCELLAS;Castellanos;Asfalto;Ripio;V;Dentro;Rural;Otra Señal;No existe;Intersección;Bueno;Buena;Diurna;Buen Tiempo;S/D;S/D;Colisión;Ninguna;Horizontal
4170;2021;9/6/2021;Miercoles;17:10:00;;0.0;2;Pickup/Utilitario,Moto/Ciclomotor;Calle 11-Alvear Y Calle 20 9 de Julio;2;1;0;1;0;0;Calle;RECONQUISTA;General Obligado;Asfalto;No existe;IX;Dentro;Urbana;Otra Señal;No existe;Intersección;Bueno;Buena;Diurna;Buen Tiempo;Lateral;S/D;Colisión;Ninguna;Faltante
4171;2021;9/6/2021;Miercoles;17:50:00;Ruta Nacional 11;0.0;1;Moto/Ciclomotor;Calle 309 Y Ruta Nacional 11;2;2;0;0;0;0;Ruta;AVELLANEDA;General Obligado;Asfalto;No existe;IX;Dentro;Urbana;Otra Señal;No existe;Intersección;Bueno;Buena;Diurna;Buen Tiempo;S/D;S/D;Colisión;Ninguna;Horizontal
4172;2021;9/6/2021;Miercoles;11:30:00;;0.0;2;Automóvil,Moto/Ciclomotor;25 de Mayo Y Bv Sarmiento;2;1;0;1;0;0;Avenida;VILLA OCAMPO;General Obligado;Asfalto;No existe;IX;Dentro;Urbana;Otra Señal;S/D;Intersección;Bueno;Buena;Diurna;Buen Tiempo;Lateral;S/D;Colisión;Ninguna;S/D
4173;2021;9/6/2021;Miercoles;18:45:00;;0.0;2;Bicicleta,Moto/Ciclomotor;Calle 33-Pueyrredon Y Calle 44-27 de Abril;3;2;0;1;0;0;Calle;RECONQUISTA;General Obligado;Asfalto;No existe;IX;Dentro;Urbana;Otra Señal;No existe;Intersección;Bueno;Buena;Diurna;Buen Tiempo;Múltiple;Ciclista;Colisión;Ninguna;Faltante
4174;2021;9/6/2021;Miercoles;12:30:00;;0.0;2;Moto/Ciclomotor,Pickup/Utilitario;9 de Julio Y Bv R S PEÑA;2;1;0;1;0;0;Avenida;SAN JUSTO;San Justo;Asfalto;No existe;XVI;Dentro;Urbana;Otra Señal;No existe;Intersección;Bueno;S/D;Diurna;Buen Tiempo;Múltiple;S/D;Colisión;Ninguna;Faltante
4175;2021;9/6/2021;Miercoles;20:10:00;;0.0;2;Pickup/Utilitario,Moto/Ciclomotor;Mendoza Y Saavedra;3;1;0;1;0;0;Calle;SANTA FE;Constitución;Asfalto;No existe;I;Dentro;Urbana;Otra Señal;No existe;Intersección;Bueno;Reducida;Nocturna,Con luz artificial;S/D;Múltiple;S/D;Colisión;Ninguna;Faltante
4176;2021;9/6/2021;Miercoles;15:00:00;;0.0;2;Moto/Ciclomotor,Automóvil;Esquel 4500;2;0;0;1;0;0;Calle;ROSARIO;Constitución;Asfalto;No existe;II;Dentro;Urbana;Otra Señal;No existe;Intersección;Bueno;Buena;Diurna;Buen Tiempo;Múltiple;S/D;Colisión;Ninguna;Faltante
4177;2021;10/6/2021;Jueves;21:30:00;;0.0;2;Bicicleta,Automóvil;Av. Peñaloza Y Ayacucho;2;1;0;1;0;0;Avenida;SANTA FE;La Capital;Asfalto;Pavimento;I;Dentro;Urbana;Otra Señal;No existe;Intersección;Bueno;Reducida p/ objetos;Nocturna;Buen Tiempo;De alcance,Múltiple;Ciclista;Colisión;Ninguna;Horizontal
4178;2021;10/6/2021;Jueves;18:50:00;;0.0;2;Pickup/Utilitario,Peatón;Corrientes Y Tucumán;2;1;0;1;0;0;Calle;SANTO TOMÉ;La Capital;Asfalto;No existe;I;Dentro;Urbana;Otra Señal;No existe;Intersección;Bueno;Buena;Nocturna;Buen Tiempo;De alcance,Múltiple;Peatón;Colisión;Ninguna;Faltante
4179;2021;10/6/2021;Jueves;;;0.0;2;Peatón,Automóvil;Castellanos Y Pte. Quintana;3;1;0;1;0;1;Calle;ROSARIO;Rosario;Asfalto;No existe;II;Dentro;Urbana;Otra Señal;No existe;Intersección;Bueno;Buena;Diurna;Buen Tiempo;De alcance,Múltiple;Peatón;Colisión;Ninguna;Faltante
4180;2021;10/6/2021;Jueves;07:20:00;Ruta Provincial 21;0.0;1;Moto/Ciclomotor;Av. Gral. San Martin Y Camino Guereño;1;1;0;0;0;0;Ruta;VILLA GOBERNADOR GÁLVEZ;Rosario;Asfalto;No existe;II;Dentro;Urbana;Otra Señal;No existe;Intersección;Bueno;Buena;Amanecer,Con luz artificial;Buen Tiempo;De alcance,Múltiple;S/D;Colisión;Ninguna;Horizontal,Vertical
4181;2021;10/6/2021;Jueves;16:20:00;;0.0;2;Automóvil,Moto/Ciclomotor;Irigoyen Y Santiago del Estero;2;1;0;1;0;0;Calle;SAN LORENZO;San Lorenzo;Asfalto;No existe;XVII;Dentro;Urbana;Otra Señal;No existe;Intersección;S/D;S/D;Diurna;S/D;De alcance,Múltiple;S/D;Colisión;S/D;Faltante
4182;2021;10/6/2021;Jueves;14:20:00;;0.0;2;Automóvil,Bicicleta;Irigoyen Y Richieri;2;1;0;1;0;0;Calle;SAN LORENZO;San Lorenzo;Asfalto;No existe;XVII;Dentro;Urbana;Otra Señal;No existe;Intersección;S/D;S/D;Diurna;S/D;De alcance,Múltiple;Ciclista;Colisión;S/D;Faltante
4183;2021;10/6/2021;Jueves;19:20:00;Autopista Nacional A008;0.0;2;Automóvil,Moto/Ciclomotor;Av. Circunvalación Y Av. Pellegrini;2;1;0;1;0;0;Autopista;ROSARIO;Rosario;Asfalto;No existe;II;Dentro;Urbana;Otra Señal;No existe;Intersección;Bueno;Buena;Atardecer;Buen Tiempo;De alcance,Múltiple;S/D;Colisión;Ninguna;Faltante
4184;2021;10/6/2021;Jueves;13:15:00;;0.0;2;Bicicleta,Automóvil;Necochea Y Garay;2;1;0;1;0;0;Calle;ROSARIO;Rosario;Asfalto;No existe;II;Dentro;Urbana;Otra Señal;No existe;Intersección;Bueno;Buena;Diurna;Buen Tiempo;De alcance,Múltiple;Ciclista;Colisión;Ninguna;Faltante
4185;2021;10/6/2021;Jueves;14:30:00;Ruta Secundaria 18-s;0.0;2;Moto/Ciclomotor,Automóvil;Ruta 18 S ;2;1;0;1;0;0;Ruta;PUERTO SAN MARTÍN;San Lorenzo;Asfalto;Natural;XVII;Dentro;Urbana;Otra Señal;No existe;Intersección;Ahuellamiento;Buena;Diurna;Buen Tiempo;De alcance,Múltiple;S/D;Colisión;Ninguna;Vertical
4186;2021;10/6/2021;Jueves;21:30:00;;0.0;2;Automóvil,Moto/Ciclomotor;Gazcon Y Grandoli;3;2;0;1;0;0;Avenida;ROSARIO;Rosario;Asfalto;No existe;II;Dentro;Urbana;Otra Señal;No existe;Intersección;Con baches;Buena;Nocturna,Con luz artificial;Buen Tiempo;De alcance,Múltiple;S/D;Colisión;Ninguna;Faltante
4187;2021;10/6/2021;Jueves;17:30:00;;0.0;2;Moto/Ciclomotor,Automóvil;Robles Y Villa del Parque;3;2;0;1;0;0;Calle;ROSARIO;Rosario;Asfalto;No existe;II;Dentro;Urbana;Otra Señal;No existe;Intersección;Bueno;Buena;Diurna;Buen Tiempo;De alcance,Múltiple;S/D;Colisión;Ninguna;Faltante
4188;2021;10/6/2021;Jueves;18:20:00;Autopista Provincial Brigadier E.LÓPEZ;0.0;2;Automóvil,Moto/Ciclomotor; ;2;1;0;1;0;0;Autopista;ROSARIO;Rosario;Asfalto;No existe;II;Dentro;Urbana;Otra Señal;No existe;Intersección;Bueno;Buena;Diurna;Buen Tiempo;De alcance,Múltiple;S/D;Colisión;Ninguna;Horizontal
4189;2021;10/6/2021;Jueves;10:30:00;Ruta Provincial 14;154.0;2;Automóvil,Camión c / Acoplado;Ruta Prov. 14 ;2;1;0;0;1;0;Ruta;MARÍA TERESA;General LÓPEZ;Asfalto;Natural;VIII;S/D;Rural;Otra Señal;No existe;Intersección;Bueno;Buena;Diurna;Buen Tiempo;De alcance,Múltiple;S/D;Colisión;Ninguna;Faltante
4190;2021;10/6/2021;Jueves;08:00:00;Ruta Nacional 11;0.0;2;Moto/Ciclomotor,Automóvil;Calle 323 Y Ruta Nacional 11;2;1;0;1;0;0;Ruta;AVELLANEDA;General Obligado;Asfalto;No existe;IX;Dentro;Urbana;Otra Señal;No existe;Intersección;Bueno;Buena;Diurna;Buen Tiempo;Lateral;S/D;Colisión;Ninguna;Horizontal
4191;2021;10/6/2021;Jueves;;;0.0;1;Otros; ;1;1;0;0;0;0;S/D;ROSARIO;Constitución;S/D;S/D;II;S/D;S/D;Otra Señal;S/D;Intersección;S/D;S/D;S/D;S/D;Múltiple;S/D;Colisión;S/D;S/D
4192;2021;10/6/2021;Jueves;18:00:00;;0.0;1;Moto/Ciclomotor; ;1;1;0;0;0;0;S/D;ROSARIO;Constitución;S/D;S/D;II;S/D;S/D;Otra Señal;S/D;Intersección;S/D;S/D;Diurna;S/D;Múltiple;S/D;Colisión;S/D;S/D
4193;2021;10/6/2021;Jueves;16:50:00;Ruta Nacional 11;0.0;2;Moto/Ciclomotor,Pickup/Utilitario;N Figueredo Y Ruta Nacional 11;2;0;0;1;0;0;Ruta;SAN JUSTO;Constitución;Asfalto;Pavimento;XVI;Dentro;Urbana;Otra Señal;No existe;Intersección;Bueno;Buena;Diurna;Buen Tiempo;Múltiple;S/D;Colisión;Ninguna;Horizontal
4194;2021;11/6/2021;Viernes;13:50:00;;0.0;2;Automóvil,Automóvil;Av. Leandro Alem Y Tucumán;2;1;0;1;0;0;Avenida;SANTA FE;La Capital;Asfalto;Ripio;I;Dentro;Urbana;Otra Señal;Funciona;Intersección;Bueno;S/D;Diurna;S/D;De alcance,Múltiple;S/D;Colisión;Ninguna;Horizontal,Vertical
4195;2021;11/6/2021;Viernes;18:30:00;;0.0;2;Moto/Ciclomotor,Automóvil;Calle 59 Y Diagonal 8;2;1;0;1;0;0;Calle;SAUCE VIEJO;La Capital;Tierra;No existe;I;Dentro;Urbana;Otra Señal;No existe;Intersección;Bueno;Buena;Diurna;Buen Tiempo;De alcance,Múltiple;S/D;Colisión;Ninguna;Faltante
4196;2021;11/6/2021;Viernes;19:40:00;;0.0;2;Moto/Ciclomotor,Automóvil;Av. Blas Parera Y Lavaisse;3;2;0;1;0;0;Avenida;SANTA FE;La Capital;Asfalto;No existe;I;Dentro;Urbana;Otra Señal;Funciona;Intersección;Bueno;Buena;Atardecer;Buen Tiempo;De alcance,Múltiple;S/D;Colisión;Ninguna;Horizontal,Vertical
4197;2021;11/6/2021;Viernes;18:40:00;;0.0;2;Moto/Ciclomotor,Pickup/Utilitario;Azopardo Y Don Guanella;4;1;0;3;0;0;Calle;SANTA FE;La Capital;Asfalto;No existe;I;Dentro;Urbana;Otra Señal;No existe;Intersección;Bueno;Buena;Diurna;Buen Tiempo;De alcance,Múltiple;S/D;Colisión;Ninguna;Faltante
4198;2021;11/6/2021;Viernes;13:00:00;Ruta Provincial 4;22.0;1;Moto/Ciclomotor; ;2;1;0;1;0;0;Ruta;NELSON;La Capital;Asfalto;Natural;I;Dentro;Urbana;Otra Señal;No existe;Intersección;Bueno;Buena;Diurna;Buen Tiempo;De alcance,Múltiple;S/D;Colisión;Ninguna;Horizontal
4199;2021;11/6/2021;Viernes;11:00:00;;0.0;2;Moto/Ciclomotor,Camión Chasis;Av. Blas Parera Y Don Guanella;2;1;0;1;0;0;Avenida;SANTA FE;La Capital;Asfalto;No existe;I;Dentro;Urbana;Otra Señal;Funciona;Intersección;Bueno;Buena;Diurna;Buen Tiempo;De alcance,Múltiple;S/D;Colisión;Ninguna;Horizontal,Vertical
4200;2021;11/6/2021;Viernes;14:45:00;;0.0;2;Pickup/Utilitario,Moto/Ciclomotor;1 de mayo Y Pres Domingo Faustino Sarmiento;2;1;0;1;0;0;Calle;SANTO TOMÉ;La Capital;Asfalto;No existe;I;Dentro;Urbana;Otra Señal;No existe;Intersección;Bueno;Buena;Diurna;Buen Tiempo;De alcance,Múltiple;S/D;Colisión;Ninguna;Faltante
4201;2021;11/6/2021;Viernes;07:45:00;Ruta Provincial 2;12.0;2;Bicicleta,Moto/Ciclomotor; ;2;1;0;1;0;0;Ruta;ARROYO AGUIAR;La Capital;Asfalto;Natural;I;Dentro;Urbana;Otra Señal;No existe;Intersección;Bueno;Buena;Diurna;Buen Tiempo;De alcance,Múltiple;Ciclista;Colisión;Ninguna;Horizontal
4202;2021;11/6/2021;Viernes;15:10:00;;0.0;2;Pickup/Utilitario,Moto/Ciclomotor;Av. Pte. Perón Y Lima;2;1;0;1;0;0;Avenida;ROSARIO;Rosario;Asfalto;No existe;II;Dentro;Urbana;Otra Señal;No existe;Intersección;Bueno;Buena;Diurna;Buen Tiempo;De alcance,Múltiple;S/D;Colisión;Ninguna;Horizontal
4203;2021;11/6/2021;Viernes;18:10:00;;0.0;2;Automóvil,Bicicleta;AV PTE. PERÓN Y CISNEROS;2;1;0;1;0;0;Avenida;ROSARIO;Rosario;Asfalto;No existe;II;Dentro;Urbana;Otra Señal;No existe;Intersección;Bueno;Buena;Diurna;Buen Tiempo;De alcance,Múltiple;Ciclista;Colisión;Ninguna;Horizontal
4204;2021;11/6/2021;Viernes;09:00:00;;0.0;2;Automóvil,Camión Chasis;Av. Juan Domingo Perón Y Córdoba;3;1;0;2;0;0;Avenida;VILLA GOBERNADOR GÁLVEZ;Rosario;Asfalto;No existe;II;Dentro;Urbana;Otra Señal;No existe;Intersección;Bueno;Buena;Diurna;Buen Tiempo;De alcance,Múltiple;S/D;Colisión;Ninguna;Vertical
4205;2021;11/6/2021;Viernes;17:15:00;;0.0;3;Automóvil,Pickup/Utilitario,Pickup/Utilitario;Rosario Y Soldado Aguirre;5;2;0;3;0;0;Calle;VILLA GOBERNADOR GÁLVEZ;Rosario;Asfalto;No existe;II;Dentro;Urbana;Otra Señal;Funciona;Intersección;Con baches;Buena;Diurna;Buen Tiempo;De alcance,Múltiple;S/D;Colisión;Ninguna;Vertical
4206;2021;11/6/2021;Viernes;17:20:00;;0.0;2;Moto/Ciclomotor,Bicicleta;Barra Y Bv. Seguí;2;2;0;0;0;0;Calle;ROSARIO;Rosario;Asfalto;No existe;II;Dentro;Urbana;Otra Señal;No existe;Intersección;Bueno;Buena;Diurna;Buen Tiempo;De alcance,Múltiple;Peatón;Colisión;Ninguna;Faltante
4207;2021;11/6/2021;Viernes;16:40:00;;0.0;2;Moto/Ciclomotor,Automóvil;García González Y San Lorenzo;2;1;0;1;0;0;Calle;VILLA GOBERNADOR GÁLVEZ;Rosario;Tierra;No existe;II;Dentro;Urbana;Otra Señal;No existe;Intersección;Bueno;Buena;Atardecer;Buen Tiempo;De alcance,Múltiple;S/D;Colisión;Material Suelto;Faltante
4208;2021;11/6/2021;Viernes;18:30:00;;0.0;2;Bicicleta,Automóvil;9 de Julio Y Soldado Aguirre;2;1;0;1;0;0;Avenida;VILLA GOBERNADOR GÁLVEZ;Rosario;Asfalto,Tierra;No existe;II;Dentro;Urbana;Otra Señal;No existe;Intersección;Con baches,Deteriorada;Buena;Atardecer;Buen Tiempo;De alcance,Múltiple;Ciclista;Colisión;S/D;Faltante
4209;2021;11/6/2021;Viernes;14:00:00;;0.0;2;Pickup/Utilitario,Moto/Ciclomotor;Av. Belgrano Y Pueyrredón;2;1;0;1;0;0;Avenida;ROSARIO;Rosario;Asfalto;No existe;II;Dentro;Urbana;Otra Señal;No existe;Intersección;Bueno;Buena;Diurna;Buen Tiempo;De alcance,Múltiple;S/D;Colisión;Ninguna;Faltante
4210;2021;11/6/2021;Viernes;13:15:00;;0.0;2;Pickup/Utilitario,Moto/Ciclomotor;Mitre B Y 25 de Mayo;4;2;0;2;0;0;Calle;VERA;Vera;Asfalto;No existe;XIX;Dentro;Urbana;Otra Señal;No existe;Intersección;Bueno;Buena;Diurna;Buen Tiempo;De alcance,Múltiple;S/D;Colisión;Ninguna;Faltante
4211;2021;11/6/2021;Viernes;18:50:00;;0.0;2;Pickup/Utilitario,Moto/Ciclomotor;Avenida 17 Y Calle 34 bis;3;2;0;1;0;0;Avenida;LAS PAREJAS;Belgrano;Tierra;No existe;III;Dentro;Urbana;Otra Señal;No existe;Intersección;Deteriorada;Buena;Atardecer;Buen Tiempo;De alcance,Múltiple;S/D;Colisión;Ninguna;Faltante
4212;2021;11/6/2021;Viernes;11:10:00;;0.0;2;Automóvil,Moto/Ciclomotor;Mitre Y Yapeyu;2;1;0;1;0;0;Calle;FRAY LUIS BELTRÁN;San Lorenzo;Asfalto;No existe;XVII;Dentro;Urbana;Otra Señal;No existe;Intersección;Bueno;Buena;Diurna;S/D;De alcance,Múltiple;S/D;Colisión;Ninguna;Faltante
4213;2021;11/6/2021;Viernes;13:20:00;;0.0;2;Moto/Ciclomotor,Taxi/Remis;Mariano Moreno Y San Juan;2;1;0;1;0;0;Calle;ROSARIO;Rosario;Asfalto;No existe;II;Dentro;Urbana;Otra Señal;No existe;Intersección;S/D;Buena;Diurna;Buen Tiempo;De alcance,Múltiple;S/D;Colisión;S/D;Horizontal
4214;2021;11/6/2021;Viernes;20:30:00;Ruta Nacional 11;338.0;2;Pickup/Utilitario,Camión c / Acoplado; ;2;1;0;1;0;0;Ruta;TIMBÚES;San Lorenzo;Asfalto;Ripio;XVII;Dentro;Urbana;Otra Señal;No existe;Intersección;Bueno;Buena;Diurna;Buen Tiempo;De alcance,Múltiple;S/D;Colisión;Ninguna;Horizontal
4215;2021;11/6/2021;Viernes;09:10:00;;0.0;2;Moto/Ciclomotor,Automóvil;Entre Ríos Y Tucumán;3;2;0;1;0;0;Calle;ROSARIO;Rosario;Asfalto;No existe;II;Dentro;Urbana;Otra Señal;No existe;Intersección;Bueno;Buena;Diurna;Buen Tiempo;De alcance,Múltiple;S/D;Colisión;Ninguna;Horizontal
4216;2021;11/6/2021;Viernes;15:00:00;;0.0;2;Moto/Ciclomotor,Moto/Ciclomotor;Iriondo Y Virasoro;3;2;0;1;0;0;Calle;ROSARIO;Rosario;Asfalto;No existe;II;Dentro;Urbana;Otra Señal;No existe;Intersección;Bueno;Buena;Diurna;Buen Tiempo;De alcance,Múltiple;S/D;Colisión;Ninguna;Faltante
4217;2021;11/6/2021;Viernes;19:00:00;;0.0;2;Automóvil,Moto/Ciclomotor;Av. Belgrano Y Sgto. Cabral;2;1;0;1;0;0;Avenida;ROSARIO;Rosario;Asfalto;No existe;II;Dentro;Urbana;Otra Señal;Funciona;Intersección;Bueno;Buena;Diurna;Buen Tiempo;De alcance,Múltiple;S/D;Colisión;Ninguna;Horizontal,Vertical
4218;2021;11/6/2021;Viernes;15:45:00;;0.0;2;Moto/Ciclomotor,Automóvil;Biedma Y San Martin;2;1;0;1;0;0;Avenida;ROSARIO;Rosario;Asfalto;No existe;II;Dentro;Urbana;Otra Señal;No existe;Intersección;Bueno;Buena;Diurna;Buen Tiempo;De alcance,Múltiple;S/D;Colisión;Ninguna;Horizontal,Vertical
4219;2021;11/6/2021;Viernes;13:15:00;;0.0;2;Pickup/Utilitario,Moto/Ciclomotor;Dean Funes Y Sarmiento;3;1;0;2;0;0;Calle;ROSARIO;Rosario;Asfalto;No existe;II;Dentro;Urbana;Otra Señal;No existe;Intersección;Bueno;Buena;Diurna;Buen Tiempo;De alcance,Múltiple;S/D;Colisión;Ninguna;Faltante
4220;2021;11/6/2021;Viernes;18:00:00;;0.0;1;Pickup/Utilitario; ;1;0;0;0;1;0;Camino Rural;SAN CARLOS CENTRO;Las Colonias;Ripio;No existe;XI;Fuera;Rural;Otra Señal;No existe;Intersección;Ahuellamiento;Buena;Diurna;Buen Tiempo;De alcance,Múltiple;S/D;Colisión;S/D;S/D
4221;2021;11/6/2021;Viernes;20:05:00;;0.0;1;Moto/Ciclomotor;Bvard Argentino Y Ituzaingó;1;1;0;0;0;0;Avenida;GÁLVEZ;San JERÓNIMO;Asfalto;No existe;XV;Dentro;Urbana;Otra Señal;S/D;Intersección;S/D;S/D;Nocturna;Buen Tiempo;De alcance,Múltiple;S/D;Colisión;S/D;S/D
4222;2021;11/6/2021;Viernes;14:30:00;Autopista Nacional A007;12.0;2;Camión c / Acoplado,Moto/Ciclomotor;BOMBA 4 ;2;1;0;1;0;0;Autopista;SANTA FE;La Capital;Asfalto;Natural;I;Dentro;Rural;Otra Señal;No existe;Intersección;Bueno;Buena;Diurna;Buen Tiempo;De alcance,Múltiple;S/D;Colisión;Ninguna;Horizontal
4223;2021;11/6/2021;Viernes;11:00:00;Ruta Nacional 9;0.0;1;Automóvil;Av. Santa Fe Y Moreno;1;1;0;0;0;0;Ruta;CAÑADA DE GÓMEZ;Iriondo;Asfalto;No existe;X;Dentro;Urbana;Otra Señal;No existe;Intersección;Bueno;Buena;Diurna;Buen Tiempo;Contra objeto fijo;S/D;Colisión;Ninguna;Horizontal
4224;2021;11/6/2021;Viernes;13:05:00;;0.0;2;Moto/Ciclomotor,Automóvil;Calle 25-Rivadavia 476;2;1;0;1;0;0;Calle;RECONQUISTA;General Obligado;Asfalto;No existe;IX;Dentro;Urbana;Otra Señal;No existe;Intersección;Bueno;Buena;Diurna;Buen Tiempo;Múltiple;S/D;Colisión;Ninguna;Horizontal
4225;2021;11/6/2021;Viernes;13:30:00;Ruta Nacional 33;0.0;2;Moto/Ciclomotor,Moto/Ciclomotor;España Y Ruta Nac 33;2;1;0;1;0;0;Ruta;PEREZ;Rosario;Asfalto;Pavimento;II;Dentro;Urbana;Otra Señal;No existe;Intersección;Bueno;Buena;Diurna;Buen Tiempo;Múltiple;S/D;Colisión;Ninguna;Horizontal
4226;2021;11/6/2021;Viernes;;;0.0;1;Otros; ;1;1;0;0;0;0;S/D;ROSARIO;Constitución;S/D;S/D;II;S/D;S/D;Otra Señal;S/D;Intersección;S/D;S/D;S/D;S/D;Múltiple;S/D;Colisión;S/D;S/D
4227;2021;11/6/2021;Viernes;;;0.0;1;Otros; ;1;1;0;0;0;0;S/D;ROSARIO;Constitución;S/D;S/D;II;S/D;S/D;Otra Señal;S/D;Intersección;S/D;S/D;S/D;S/D;Múltiple;S/D;Colisión;S/D;S/D
4228;2021;11/6/2021;Viernes;;;0.0;1;Otros; ;1;1;0;0;0;0;S/D;ROSARIO;Constitución;S/D;S/D;II;S/D;S/D;Otra Señal;S/D;Intersección;S/D;S/D;S/D;S/D;Múltiple;S/D;Colisión;S/D;S/D
4229;2021;11/6/2021;Viernes;;;0.0;1;Otros; ;1;1;0;0;0;0;S/D;ROSARIO;Constitución;S/D;S/D;II;S/D;S/D;Otra Señal;S/D;Intersección;S/D;S/D;S/D;S/D;Múltiple;S/D;Colisión;S/D;S/D
4230;2021;11/6/2021;Viernes;12:00:00;;0.0;1;Bicicleta; ;1;1;0;0;0;0;S/D;ROSARIO;Constitución;S/D;S/D;II;S/D;S/D;Otra Señal;S/D;Intersección;S/D;S/D;Diurna;S/D;Múltiple;S/D;Colisión;S/D;S/D
4231;2021;11/6/2021;Viernes;20:50:00;Ruta Provincial 6;78.0;2;Pickup/Utilitario,Automóvil; ;3;0;0;2;0;0;Ruta;ESPERANZA;Constitución;Asfalto;Natural;XI;Dentro;Rural;Otra Señal;No existe;Intersección;Bueno;Buena;Atardecer;Buen Tiempo;Múltiple;S/D;Colisión;Ninguna;Horizontal
4232;2021;11/6/2021;Viernes;12:50:00;;0.0;2;Automóvil,Moto/Ciclomotor;Maipú Y 1ro de Mayo;2;0;0;1;0;0;Calle;LAGUNA PAIVA;Constitución;Asfalto;No existe;I;Dentro;Urbana;Otra Señal;No existe;Intersección;Bueno;Buena;Diurna;Buen Tiempo;Múltiple;S/D;Colisión;Ninguna;Faltante
4233;2021;11/6/2021;Viernes;19:00:00;;0.0;2;Moto/Ciclomotor,Automóvil;Ituzaingó Y Tucumán;2;0;0;1;0;0;Calle;ROSARIO;Constitución;Asfalto;No existe;II;Dentro;Urbana;Otra Señal;No existe;Intersección;Bueno;Buena;Nocturna,Con luz artificial;Buen Tiempo;Múltiple;S/D;Colisión;Ninguna;Faltante
4234;2021;11/6/2021;Viernes;16:10:00;;0.0;2;Moto/Ciclomotor,Automóvil;Anchorena Y Gral. J.M.Paz;2;0;0;1;0;0;Calle;ROSARIO;Constitución;Asfalto;No existe;II;Dentro;Urbana;Otra Señal;No existe;Intersección;Bueno;Buena;Diurna;Buen Tiempo;Múltiple;S/D;Colisión;Ninguna;Faltante
4235;2021;11/6/2021;Viernes;04:10:00;;0.0;1;Moto/Ciclomotor;Formosa ;1;0;0;0;0;0;Calle;AREQUITO;Caseros;Tierra;No existe;IV;Dentro;Urbana;Otra Señal;No existe;Intersección;Ahuellamiento;Buena;Nocturna;Buen Tiempo;Múltiple;S/D;Colisión;Ninguna;Faltante
4236;2021;11/6/2021;Viernes;12:00:00;;0.0;3;Moto/Ciclomotor,Moto/Ciclomotor,Peatón;Brown Y Santiago del Estero;3;0;0;0;1;0;Calle;SAN LORENZO;San Lorenzo;Asfalto;No existe;XVII;S/D;Urbana;Otra Señal;No existe;Intersección;Bueno;Buena;Diurna;Buen Tiempo;Múltiple;Peatón;Colisión;S/D;Faltante
4237;2021;12/6/2021;Sabado;15:25:00;;0.0;2;Moto/Ciclomotor,Automóvil;Dorrego Y Ituzaingó;2;1;0;1;0;0;Calle;SANTA FE;La Capital;Asfalto;No existe;I;Dentro;Urbana;Otra Señal;No existe;Intersección;Bueno;Buena;Diurna;Buen Tiempo;De alcance,Múltiple;S/D;Colisión;Ninguna;Horizontal
4238;2021;12/6/2021;Sabado;12:10:00;;0.0;2;Moto/Ciclomotor,Automóvil;Laprida Y Salvador del Carril;2;1;0;1;0;0;Calle;SANTA FE;La Capital;Asfalto;No existe;I;Dentro;Urbana;Otra Señal;No existe;Intersección;Bueno;Buena;Diurna;Buen Tiempo;De alcance,Múltiple;S/D;Colisión;Ninguna;Faltante
4239;2021;12/6/2021;Sabado;16:30:00;;0.0;2;Bicicleta,Automóvil;Pedro Centeno 2000;2;1;0;1;0;0;Calle;SANTA FE;La Capital;Asfalto;No existe;I;Dentro;Urbana;Otra Señal;No existe;Intersección;Bueno;Buena;Diurna;Buen Tiempo;De alcance,Múltiple;Ciclista;Colisión;Ninguna;Faltante