ID_Accidente;A�o;Fecha;Dia;Hopra;Ruta/Autop;km;Participantes;Tipo;Lugar;Total;Heridos Leves;Heridos Graves;Ilesos;Fallecidos;Sin datos;desc_tipo_via;desc_loc;desc_dpto;|;desc_tipo_banquina;desc_unidad_regional;desc_lugar_calzada;desc_zona;desc_prioridad;desc_estado_semaforo;desc_lugar_via;desc_estado_via;desc_estado_visibilidad;desc_luminosidad;desc_estado_clima;desc_tipo_colision;desc_tipo_atropello;desc_tipo_hecho;desc_pres_calzada;desc_senializacion
4240;2021;12/6/2021;Sabado;17:15:00;;0.0;2;Moto/Ciclomotor,Automóvil;Ángel Cassanello Y Tacuarí;2;1;0;1;0;0;Calle;SANTA FE;La Capital;Asfalto;No existe;I;Dentro;Urbana;Otra Señal;No existe;Intersección;Bueno;Buena;Diurna;Buen Tiempo;De alcance,Múltiple;S/D;Colisión;Ninguna;Horizontal,Vertical
4241;2021;12/6/2021;Sabado;18:30:00;;0.0;1;Moto/Ciclomotor;Pueyrredón 1900;1;1;0;0;0;0;Calle;SAN CRISTÓBAL;San CRISTÓBAL;Asfalto;No existe;XIII;Dentro;Urbana;Otra Señal;No existe;Intersección;Con baches;Reducida;Nocturna;Buen Tiempo;De alcance,Múltiple;S/D;Colisión;Agua;Faltante
4242;2021;12/6/2021;Sabado;21:30:00;;0.0;1;Moto/Ciclomotor;Brigadier General E López Y Buenos Aires;1;1;0;0;0;0;Calle;HELVECIA;Garay;Arena;No existe;VII;Dentro;Urbana;Otra Señal;No existe;Intersección;Bueno;Buena;Nocturna;Buen Tiempo;De alcance,Múltiple;S/D;Colisión;Ninguna;Faltante
4243;2021;12/6/2021;Sabado;18:20:00;;0.0;2;Moto/Ciclomotor,Bicicleta;Avenida 21 ;2;1;0;1;0;0;Avenida;LAS PAREJAS;Belgrano;Asfalto;Pavimento;III;Dentro;Urbana;Otra Señal;No existe;Intersección;Deteriorada;Buena;Atardecer;Buen Tiempo;De alcance,Múltiple;Ciclista;Colisión;Otro;Vertical
4244;2021;12/6/2021;Sabado;;Ruta Provincial 1;0.0;2;Pickup/Utilitario,Moto/Ciclomotor;Boulevard General B Mitre Y Chacabuco;3;1;0;2;0;0;Ruta;HELVECIA;Garay;Asfalto;No existe;VII;Dentro;Urbana;Otra Señal;No existe;Intersección;Bueno;Buena;Diurna;Buen Tiempo;De alcance,Múltiple;S/D;Colisión;Ninguna;Horizontal,Vertical
4245;2021;12/6/2021;Sabado;18:50:00;;0.0;2;Bicicleta,Automóvil;Amenábar Y España;2;1;0;1;0;0;Calle;ROSARIO;Rosario;Asfalto;No existe;II;Dentro;Urbana;Otra Señal;No existe;Intersección;Bueno;Buena;Diurna;Buen Tiempo;De alcance,Múltiple;Ciclista;Colisión;Ninguna;Faltante
4246;2021;12/6/2021;Sabado;11:00:00;Autopista Nacional Rosario -Cordoba;0.0;2;Bicicleta,Camión c / Acoplado;A012 ;2;1;0;1;0;0;Autopista;ROLDÁN;San Lorenzo;Asfalto;Natural;XVII;Dentro;Urbana;Otra Señal;No existe;Intersección;Bueno;Buena;Diurna;Buen Tiempo;De alcance,Múltiple;Ciclista;Colisión;Ninguna;Horizontal
4247;2021;12/6/2021;Sabado;18:00:00;;0.0;2;Automóvil,Moto/Ciclomotor;Los Cocos Y Palestina;2;1;0;1;0;0;Calle;ROSARIO;Rosario;Asfalto;No existe;II;Dentro;Urbana;Otra Señal;No existe;Intersección;Bueno;S/D;Diurna;S/D;De alcance,Múltiple;S/D;Colisión;Ninguna;Faltante
4248;2021;12/6/2021;Sabado;11:10:00;;0.0;2;Moto/Ciclomotor,Pickup/Utilitario;Av. Corrientes Y Av. Uriburu;3;1;0;2;0;0;Avenida;ROSARIO;Rosario;Asfalto;No existe;II;Dentro;Urbana;Otra Señal;Funciona;Intersección;Bueno;Buena;Diurna;Buen Tiempo;De alcance,Múltiple;S/D;Colisión;Ninguna;Horizontal,Vertical
4249;2021;12/6/2021;Sabado;16:15:00;;0.0;2;Bicicleta,Automóvil;Av. Blas Parera Y Don Guanella;2;0;0;0;1;1;Calle;SANTA FE;La Capital;Asfalto;No existe;I;S/D;Urbana;Otra Señal;Funciona;Intersección;Bueno;S/D;Diurna;S/D;De alcance,Múltiple;Ciclista;Colisión;Ninguna;Horizontal,Vertical
4250;2021;12/6/2021;Sabado;00:30:00;Ruta Nacional 11;0.0;2;Vehículo Oficial,Automóvil;Av. Circunvalación ;3;2;0;1;0;0;Ruta;SANTA FE;La Capital;Asfalto;No existe;I;Dentro;Urbana;Otra Señal;No existe;Intersección;Bueno;S/D;Nocturna,Con luz artificial;S/D;De alcance,Múltiple;S/D;Colisión;Ninguna;Horizontal
4251;2021;12/6/2021;Sabado;;;0.0;2;Moto/Ciclomotor,Automóvil;A Álvarez Y Alvear;2;1;0;1;0;0;Calle;RAFAELA;Castellanos;Asfalto;No existe;V;Dentro;Urbana;Otra Señal;No existe;Intersección;Bueno;Buena;Diurna;Buen Tiempo;S/D;S/D;Colisión;Ninguna;Faltante
4252;2021;12/6/2021;Sabado;;;0.0;1;Moto/Ciclomotor;Remedios de Escalada 800;1;1;0;0;0;0;Calle;RAFAELA;Castellanos;Asfalto;No existe;V;Dentro;Urbana;Otra Señal;No existe;Intersección;Bueno;Buena;Diurna;Buen Tiempo;Contra objeto fijo;S/D;Colisión;Ninguna;Faltante
4253;2021;12/6/2021;Sabado;16:40:00;;0.0;2;Automóvil,Moto/Ciclomotor;Calle 10 Y Calle 15;2;1;0;1;0;0;Calle;AVELLANEDA;General Obligado;Asfalto;No existe;IX;Dentro;Urbana;Otra Señal;S/D;Intersección;Bueno;Buena;Diurna;Buen Tiempo;S/D;S/D;Colisión;Ninguna;S/D
4254;2021;12/6/2021;Sabado;11:30:00;Ruta Nacional 11;150.0;2;Automóvil,Vehículo Oficial; ;5;3;0;0;0;2;Ruta;SANTA FE;La Capital;Asfalto;No existe;I;Dentro;Urbana;Otra Señal;No existe;Intersección;Bueno;Buena;Diurna;Buen Tiempo;S/D;S/D;Colisión;Ninguna;Horizontal
4255;2021;12/6/2021;Sabado;20:30:00;;0.0;1;Moto/Ciclomotor;CORTADA 53 Y CDA JUAN MILESI;1;1;0;0;0;0;Calle;SAN JUSTO;San Justo;Tierra;No existe;XVI;Dentro;Urbana;Otra Señal;No existe;Intersección;Bueno;Reducida;Nocturna;Buen Tiempo;Múltiple;S/D;Colisión;Ninguna;Faltante
4256;2021;12/6/2021;Sabado;;;0.0;1;Otros; ;1;1;0;0;0;0;S/D;ROSARIO;Constitución;S/D;S/D;II;S/D;S/D;Otra Señal;S/D;Intersección;S/D;S/D;S/D;S/D;Múltiple;S/D;Colisión;S/D;S/D
4257;2021;12/6/2021;Sabado;;;0.0;1;Otros; ;1;1;0;0;0;0;S/D;ROSARIO;Constitución;S/D;S/D;II;S/D;S/D;Otra Señal;S/D;Intersección;S/D;S/D;S/D;S/D;Múltiple;S/D;Colisión;S/D;S/D
4258;2021;12/6/2021;Sabado;;;0.0;1;Otros; ;1;1;0;0;0;0;S/D;ROSARIO;Constitución;S/D;S/D;II;S/D;S/D;Otra Señal;S/D;Intersección;S/D;S/D;S/D;S/D;Múltiple;S/D;Colisión;S/D;S/D
4259;2021;12/6/2021;Sabado;;;0.0;1;Otros; ;1;1;0;0;0;0;S/D;ROSARIO;Constitución;S/D;S/D;II;S/D;S/D;Otra Señal;S/D;Intersección;S/D;S/D;S/D;S/D;Múltiple;S/D;Colisión;S/D;S/D
4260;2021;12/6/2021;Sabado;18:30:00;;0.0;2;Peatón,Otros; ;2;1;0;1;0;0;S/D;ROSARIO;Constitución;S/D;S/D;II;S/D;S/D;Otra Señal;S/D;Intersección;S/D;S/D;Diurna;S/D;Múltiple;Peatón;Colisión;S/D;S/D
4261;2021;12/6/2021;Sabado;20:00:00;;0.0;1;Moto/Ciclomotor; ;1;1;0;0;0;0;S/D;ROSARIO;Constitución;S/D;S/D;II;S/D;S/D;Otra Señal;S/D;Intersección;S/D;S/D;Nocturna;S/D;Múltiple;S/D;Colisión;S/D;S/D
4262;2021;12/6/2021;Sabado;20:00:00;;0.0;1;Moto/Ciclomotor; ;1;1;0;0;0;0;S/D;ROSARIO;Constitución;S/D;S/D;II;S/D;S/D;Otra Señal;S/D;Intersección;S/D;S/D;Nocturna;S/D;Múltiple;S/D;Colisión;S/D;S/D
4263;2021;12/6/2021;Sabado;16:00:00;Ruta Provincial 18;6.0;1;Automóvil; ;1;0;0;0;0;0;Ruta;MONTE FLORES;Constitución;Asfalto;Natural;II;Fuera;Rural;Otra Señal;No existe;Intersección;Bueno;Buena;Diurna;Buen Tiempo;Múltiple;S/D;Colisión;Ninguna;Faltante
4264;2021;12/6/2021;Sabado;13:15:00;;0.0;1;Automóvil; ;2;0;0;0;1;0;Camino Rural;LAS ROSAS;Constitución;Tierra;S/D;III;Fuera;Rural;Otra Señal;No existe;Intersección;Ahuellamiento;Buena;Diurna;Buen Tiempo;Múltiple;S/D;Colisión;Ninguna;Faltante
4265;2021;12/6/2021;Sabado;23:30:00;;0.0;1;Moto/Ciclomotor;Corrientes 960;2;1;0;0;0;0;Calle;EL TRÉBOL;Constitución;S/D;S/D;XVIII;Dentro;Urbana;Otra Señal;S/D;Intersección;S/D;S/D;Nocturna;S/D;Múltiple;S/D;Colisión;S/D;S/D
4266;2021;12/6/2021;Sabado;;;0.0;2;Moto/Ciclomotor,Moto/Ciclomotor;Rivadavia Y Viamonte;2;0;0;0;0;1;Calle;RAFAELA;Constitución;Asfalto;No existe;V;Dentro;Urbana;Otra Señal;No existe;Intersección;Bueno;Buena;Nocturna;Buen Tiempo;Múltiple;S/D;Colisión;Ninguna;Faltante
4267;2021;12/6/2021;Sabado;00:45:00;;0.0;2;Moto/Ciclomotor,Moto/Ciclomotor;French Y Garzón;3;1;0;0;0;0;Calle;ROSARIO;Rosario;Asfalto;No existe;I;Dentro;Urbana;Otra Señal;No existe;Intersección;Bueno;Buena;Nocturna;Buen Tiempo;Múltiple;S/D;Colisión;Ninguna;Faltante
4268;2021;12/6/2021;Sabado;06:55:00;;0.0;2;Automóvil,Moto/Ciclomotor;José Rucci Y Urquiza;2;0;0;0;0;0;Calle;SAN LORENZO;San Lorenzo;Asfalto;No existe;XVII;Dentro;Urbana;Otra Señal;No existe;Intersección;S/D;S/D;Diurna;S/D;Múltiple;S/D;Colisión;S/D;Faltante
4269;2021;13/6/2021;Domingo;19:30:00;;0.0;2;Automóvil,Moto/Ciclomotor;Lehman Y Simón de Iriondo;2;1;0;0;0;1;Calle;RECREO;La Capital;Asfalto;No existe;I;Dentro;Urbana;Otra Señal;No existe;Intersección;Bueno;Buena;Diurna;Buen Tiempo;De alcance,Múltiple;S/D;Colisión;Ninguna;Faltante
4270;2021;13/6/2021;Domingo;21:50:00;;0.0;2;Automóvil,Moto/Ciclomotor;Álvarez Condarco 170;2;1;0;1;0;0;Calle;ROSARIO;Rosario;Asfalto;No existe;I;Dentro;Urbana;Otra Señal;No existe;Intersección;Bueno;Buena;Diurna;Buen Tiempo;De alcance,Múltiple;S/D;Colisión;Ninguna;Faltante
4271;2021;13/6/2021;Domingo;19:35:00;;0.0;2;Moto/Ciclomotor,Automóvil;17 de Octubre Y Dorrego;3;2;0;1;0;0;Calle;VILLA GOBERNADOR GÁLVEZ;Rosario;Asfalto;No existe;II;Dentro;Urbana;Otra Señal;No existe;Intersección;Bueno;Buena;Atardecer;Buen Tiempo;De alcance,Múltiple;S/D;Colisión;Ninguna;Faltante
4272;2021;13/6/2021;Domingo;23:40:00;Ruta Provincial 21;0.0;1;Moto/Ciclomotor;Av. Gral. San Martin 1900;1;1;0;0;0;0;Ruta;VILLA GOBERNADOR GÁLVEZ;Rosario;Asfalto;No existe;II;Dentro;Urbana;Otra Señal;No existe;Intersección;Bueno;Buena;Nocturna,Con luz artificial;Buen Tiempo;De alcance,Múltiple;S/D;Colisión;Ninguna;Faltante
4273;2021;13/6/2021;Domingo;09:55:00;Ruta Provincial 14;0.0;1;Automóvil;Ruta Prov. 14 Y Santiago del Estero;4;4;0;0;0;0;Ruta;PEREZ;Rosario;Asfalto;Natural;II;Dentro;Urbana;Otra Señal;No existe;Intersección;Bueno;Buena;Diurna;Buen Tiempo;De alcance,Múltiple;S/D;Colisión;Ninguna;Faltante
4274;2021;13/6/2021;Domingo;19:20:00;;0.0;1;Pickup/Utilitario; ;4;3;0;1;0;0;Camino Rural;CALCHAQUÍ;Vera;Tierra;Natural;XIX;Fuera;Rural;Otra Señal;No existe;Intersección;Bueno;Buena;Nocturna;Buen Tiempo;De alcance,Múltiple;S/D;Colisión;Ninguna;Faltante
4275;2021;13/6/2021;Domingo;09:45:00;;0.0;1;Moto/Ciclomotor;Urquiza Y 25 de Mayo;1;1;0;0;0;0;Calle;VERA;Vera;Ripio;S/D;XIX;Dentro;Urbana;Otra Señal;No existe;Intersección;Deteriorada;Buena;Diurna;Buen Tiempo;De alcance,Múltiple;S/D;Colisión;Ninguna;Faltante
4276;2021;13/6/2021;Domingo;21:25:00;;0.0;3;Pickup/Utilitario,Vehículo Oficial,Transporte de Pasajeros Urbano (> 8 asientos);Bv. 27 De Febrero Y Maipú;12;3;0;9;0;0;Avenida;ROSARIO;Rosario;Asfalto;No existe;II;Dentro;Urbana;Otra Señal;Funciona;Intersección;Bueno;Buena;Nocturna,Con luz artificial;Buen Tiempo;De alcance,Múltiple;S/D;Colisión;Ninguna;Horizontal,Vertical
4277;2021;13/6/2021;Domingo;15:50:00;;0.0;2;Automóvil,Moto/Ciclomotor;Albert Sabin Y J.J.Paso;2;1;0;1;0;0;Avenida;ROSARIO;Rosario;Asfalto;No existe;II;Dentro;Urbana;Otra Señal;Funciona;Intersección;Bueno;Buena;Diurna;Buen Tiempo;De alcance,Múltiple;S/D;Colisión;Ninguna;Horizontal
4278;2021;13/6/2021;Domingo;15:00:00;;0.0;2;Moto/Ciclomotor,Automóvil;Ameghino Y Dorrego;3;2;0;1;0;0;Calle;ROSARIO;Rosario;Asfalto;No existe;II;Dentro;Urbana;Otra Señal;No existe;Intersección;Bueno;Buena;Diurna;Buen Tiempo;De alcance,Múltiple;S/D;Colisión;Ninguna;Faltante
4279;2021;13/6/2021;Domingo;;;0.0;1;Camión Chasis;TIERRA DEL FUEGO 800;1;1;0;0;0;0;Calle;PUEBLO ESTHER;Rosario;Asfalto;No existe;II;Dentro;Urbana;Otra Señal;S/D;Intersección;S/D;Buena;S/D;S/D;De alcance,Múltiple;S/D;Colisión;S/D;S/D
4280;2021;13/6/2021;Domingo;;;0.0;2;Automóvil,Moto/Ciclomotor;Av. Sarmiento Y Belgrano;3;2;0;1;0;0;Avenida;MURPHY;General LÓPEZ;Asfalto;No existe;VIII;Dentro;Urbana;Otra Señal;S/D;Intersección;Bueno;Buena;Diurna;Buen Tiempo;De alcance,Múltiple;S/D;Colisión;Ninguna;S/D
4281;2021;13/6/2021;Domingo;15:30:00;;0.0;1;Moto/Ciclomotor; ;1;1;0;0;0;0;S/D;ROSARIO;Constitución;S/D;S/D;II;S/D;S/D;Otra Señal;S/D;Intersección;S/D;S/D;Diurna;S/D;Múltiple;S/D;Colisión;S/D;S/D
4282;2021;13/6/2021;Domingo;16:00:00;;0.0;1;Bicicleta; ;1;1;0;0;0;0;S/D;ROSARIO;Constitución;S/D;S/D;II;S/D;S/D;Otra Señal;S/D;Intersección;S/D;S/D;Diurna;S/D;Múltiple;S/D;Colisión;S/D;S/D
4283;2021;13/6/2021;Domingo;16:30:00;;0.0;1;Bicicleta; ;1;1;0;0;0;0;S/D;ROSARIO;Constitución;S/D;S/D;II;S/D;S/D;Otra Señal;S/D;Intersección;S/D;S/D;Diurna;S/D;Múltiple;S/D;Colisión;S/D;S/D
4284;2021;13/6/2021;Domingo;18:30:00;;0.0;2;Automóvil,Moto/Ciclomotor;Caseros Y Libertad;2;0;0;1;0;0;Avenida;VILLA GOBERNADOR GÁLVEZ;Constitución;Asfalto;No existe;II;Dentro;Urbana;Otra Señal;No existe;Intersección;Bueno;Buena;Diurna;Buen Tiempo;Múltiple;S/D;Colisión;Ninguna;Faltante
4285;2021;13/6/2021;Domingo;09:15:00;;0.0;2;Automóvil,Automóvil;Bello Y Cullen Y Ugarte;3;2;0;0;0;0;Calle;ROSARIO;Constitución;Asfalto;No existe;II;Dentro;Urbana;Otra Señal;No existe;Intersección;Bueno;Buena;Diurna;Buen Tiempo;Múltiple;S/D;Colisión;Ninguna;Faltante
4286;2021;14/6/2021;Lunes;11:35:00;;0.0;1;Transporte de Pasajeros Urbano (> 8 asientos);Av. Blas Parera Y Martin Zapata;2;1;0;1;0;0;Avenida;SANTA FE;La Capital;Asfalto;No existe;I;Dentro;Urbana;Otra Señal;Funciona;Intersección;Bueno;Buena;Diurna;Buen Tiempo;De alcance,Múltiple;S/D;Colisión;Ninguna;Horizontal,Vertical
4287;2021;14/6/2021;Lunes;07:55:00;;0.0;2;Moto/Ciclomotor,Automóvil;Candioti Y Gdor. Candioti;2;1;0;1;0;0;Calle;SANTA FE;La Capital;Asfalto;No existe;I;Dentro;Urbana;Otra Señal;No existe;Intersección;Bueno;S/D;Diurna;S/D;De alcance,Múltiple;S/D;Colisión;Ninguna;Horizontal
4288;2021;14/6/2021;Lunes;20:40:00;;0.0;2;Moto/Ciclomotor,Automóvil;Laprida Y Regis Martínez;2;1;0;1;0;0;Calle;SANTA FE;La Capital;Asfalto;No existe;I;Dentro;Urbana;Otra Señal;No existe;Intersección;Bueno;Buena;Nocturna;Buen Tiempo;De alcance,Múltiple;S/D;Colisión;Ninguna;Faltante
4289;2021;14/6/2021;Lunes;18:30:00;Ruta Provincial 1;3.0;2;Moto/Ciclomotor,Bicicleta; ;3;3;0;0;0;0;Ruta;COLASTINE;La Capital;Asfalto;No existe;I;Dentro;Urbana;Otra Señal;Funciona;Intersección;Bueno;Buena;Atardecer;Buen Tiempo;De alcance,Múltiple;S/D;Colisión;Ninguna;Horizontal,Vertical
4290;2021;14/6/2021;Lunes;08:30:00;Ruta Provincial 2;1.0;2;Bicicleta,Moto/Ciclomotor; ;2;2;0;0;0;0;Ruta;MONTE VERA;La Capital;Asfalto;Natural;I;Dentro;Urbana;Otra Señal;No existe;Intersección;Bueno;Buena;Diurna;Buen Tiempo;De alcance,Múltiple;Ciclista;Colisión;Ninguna;Horizontal
4291;2021;14/6/2021;Lunes;13:10:00;;0.0;2;Automóvil,Automóvil;Entre Ríos ;4;2;0;2;0;0;Calle;MONTE VERA;La Capital;Tierra;No existe;I;Dentro;Urbana;Otra Señal;No existe;Intersección;Bueno;Buena;Diurna;Buen Tiempo;De alcance,Múltiple;S/D;Colisión;Ninguna;Faltante
4292;2021;14/6/2021;Lunes;16:00:00;;0.0;2;Pickup/Utilitario,Moto/Ciclomotor; ;2;1;0;1;0;0;Calle;SANTO TOMÉ;La Capital;Asfalto;Ripio;I;Dentro;Urbana;Otra Señal;No existe;Intersección;Con baches;Buena;Diurna;Buen Tiempo;De alcance,Múltiple;S/D;Colisión;Ninguna;Faltante
4293;2021;14/6/2021;Lunes;12:05:00;;0.0;2;Peatón,Taxi/Remis;Colombia Y J.J.Paso;2;1;0;1;0;0;Calle;ROSARIO;Rosario;Asfalto;No existe;II;Dentro;Urbana;Otra Señal;No existe;Intersección;Bueno;S/D;Diurna;S/D;De alcance,Múltiple;Peatón;Colisión;S/D;Faltante
4294;2021;14/6/2021;Lunes;13:15:00;;0.0;2;Automóvil,Moto/Ciclomotor;Bv Belgrano Y Estanislao López;4;1;0;3;0;0;Avenida;CALCHAQUÍ;Vera;Asfalto;No existe;XIX;Dentro;Urbana;Otra Señal;No existe;Intersección;Bueno;Buena;Diurna;Buen Tiempo;De alcance,Múltiple;S/D;Colisión;Ninguna;Faltante
4295;2021;14/6/2021;Lunes;12:00:00;;0.0;2;Camión,Moto/Ciclomotor;Catamarca Y Irigoyen;3;1;0;2;0;0;Calle;SAN LORENZO;San Lorenzo;Asfalto;No existe;XVII;Dentro;Urbana;Otra Señal;No existe;Intersección;S/D;S/D;Diurna;S/D;De alcance,Múltiple;S/D;Colisión;S/D;Faltante
4296;2021;14/6/2021;Lunes;18:00:00;;0.0;2;Moto/Ciclomotor,Automóvil;España Y Ituzaingó;2;1;0;1;0;0;Calle;ROSARIO;Rosario;Asfalto;No existe;II;Dentro;Urbana;Otra Señal;No existe;Intersección;Bueno;Buena;Diurna;Buen Tiempo;De alcance,Múltiple;S/D;Colisión;Ninguna;Vertical
4297;2021;14/6/2021;Lunes;12:30:00;;0.0;2;Automóvil,Moto/Ciclomotor;Av. San Martin Y Italia;3;2;0;1;0;0;Avenida;SAN LORENZO;San Lorenzo;Asfalto;No existe;XVII;Dentro;Urbana;Otra Señal;No existe;Intersección;Bueno;Buena;Diurna;Buen Tiempo;De alcance,Múltiple;S/D;Colisión;Ninguna;Faltante
4298;2021;14/6/2021;Lunes;15:00:00;;0.0;2;Moto/Ciclomotor,Automóvil;JUNÍN  Y PASAJE 2;3;1;0;2;0;0;Calle;PUERTO SAN MARTÍN;San Lorenzo;Asfalto;No existe;XVII;Dentro;Urbana;Otra Señal;No existe;Intersección;Bueno;Buena;Diurna;Buen Tiempo;De alcance,Múltiple;S/D;Colisión;Ninguna;Horizontal
4299;2021;14/6/2021;Lunes;18:50:00;;0.0;2;Automóvil,Automóvil;Alvear Y San Luis;2;1;0;1;0;0;Calle;ROSARIO;Rosario;Asfalto;No existe;II;Dentro;Urbana;Otra Señal;No existe;Intersección;Bueno;Buena;Atardecer;Buen Tiempo;De alcance,Múltiple;S/D;Colisión;Ninguna;Horizontal,Vertical
4300;2021;14/6/2021;Lunes;16:15:00;;0.0;2;Moto/Ciclomotor,Automóvil;España Y Montevideo;2;1;0;1;0;0;Calle;ROSARIO;Rosario;Asfalto;No existe;II;Dentro;Urbana;Otra Señal;No existe;Intersección;Bueno;Buena;Diurna;Buen Tiempo;De alcance,Múltiple;S/D;Colisión;Ninguna;Horizontal
4301;2021;14/6/2021;Lunes;;;0.0;1;Moto/Ciclomotor;CAMINO RURAL ;1;1;0;0;0;0;Camino Rural;LAS ROSAS;Belgrano;Tierra;No existe;III;S/D;S/D;Otra Señal;S/D;Intersección;S/D;S/D;S/D;S/D;De alcance,Múltiple;S/D;Colisión;S/D;S/D
4302;2021;14/6/2021;Lunes;18:50:00;;0.0;2;Pickup/Utilitario,Moto/Ciclomotor;Avda. 25 de Mayo Y San Martin;2;1;0;1;0;0;Avenida;GÁLVEZ;San JERÓNIMO;Asfalto;No existe;XV;Dentro;Urbana;Otra Señal;Funciona;Intersección;Bueno;Buena;Atardecer;Buen Tiempo;De alcance,Múltiple;S/D;Colisión;Ninguna;Horizontal,Vertical
4303;2021;14/6/2021;Lunes;11:10:00;;0.0;2;Pickup/Utilitario,Moto/Ciclomotor;Belgrano Y Rivadavia;3;1;0;2;0;0;Calle;LA GALLARETA;Vera;Tierra;No existe;XIX;Dentro;Urbana;Otra Señal;S/D;Intersección;S/D;S/D;S/D;S/D;De alcance,Múltiple;S/D;Colisión;S/D;S/D
4304;2021;14/6/2021;Lunes;;;0.0;2;Automóvil,Moto/Ciclomotor;Av. Brasil Y Jorge Newbery;2;1;0;1;0;0;Avenida;RAFAELA;Castellanos;Asfalto;No existe;V;Dentro;Urbana;Otra Señal;No existe;Intersección;Bueno;Buena;Diurna;Buen Tiempo;S/D;S/D;Colisión;Ninguna;Faltante
4305;2021;14/6/2021;Lunes;16:30:00;;0.0;2;Camión,Moto/Ciclomotor;Calle 31-Newbery Y Calle 50;3;2;0;1;0;0;Calle;RECONQUISTA;General Obligado;Tierra;No existe;IX;Dentro;Urbana;Otra Señal;No existe;Intersección;Deteriorada;Buena;Diurna;Buen Tiempo;Otro;S/D;Colisión;Ninguna;Faltante
4306;2021;14/6/2021;Lunes;10:30:00;;0.0;2;Peatón,Pickup/Utilitario;Doctor Farran 1450;3;1;0;2;0;0;Avenida;VILLA OCAMPO;General Obligado;S/D;S/D;IX;Dentro;Urbana;Otra Señal;S/D;Intersección;S/D;S/D;S/D;S/D;S/D;Peatón;Colisión;S/D;S/D
4307;2021;14/6/2021;Lunes;19:20:00;;0.0;2;Automóvil,Bicicleta;Calle 26 - Bolívar Y Calle 33-Pueyrredon;2;1;0;1;0;0;Calle;RECONQUISTA;General Obligado;Asfalto;No existe;IX;Dentro;Urbana;Otra Señal;No existe;Intersección;Bueno;Buena;Diurna;Buen Tiempo;S/D;Ciclista;Colisión;Ninguna;Faltante
4308;2021;14/6/2021;Lunes;17:05:00;;0.0;2;Moto/Ciclomotor,Automóvil;Calle 18 - Gral. Belgrano Y Calle 21-Gdor. Iriondo;3;2;0;1;0;0;Calle;RECONQUISTA;General Obligado;Asfalto;No existe;IX;Dentro;Urbana;Otra Señal;No existe;Intersección;Bueno;Buena;Diurna;Buen Tiempo;Lateral;S/D;Colisión;Ninguna;Horizontal
4309;2021;14/6/2021;Lunes;08:15:00;;0.0;2;Moto/Ciclomotor,Pickup/Utilitario;Calle 47-Islas Malvinas Y Calle 54;3;2;0;1;0;0;Calle;RECONQUISTA;General Obligado;S/D;No existe;IX;Dentro;Urbana;Otra Señal;S/D;Intersección;S/D;S/D;S/D;S/D;S/D;S/D;Colisión;S/D;S/D
4310;2021;14/6/2021;Lunes;08:40:00;;0.0;2;Automóvil,Bicicleta;Calle 16 Gral. Obligado Y Calle 33-Pueyrredon;2;1;0;1;0;0;Calle;RECONQUISTA;General Obligado;Asfalto;No existe;IX;Dentro;Urbana;Otra Señal;No existe;Intersección;Bueno;Buena;Diurna;Buen Tiempo;S/D;Ciclista;Colisión;Ninguna;Faltante
4311;2021;14/6/2021;Lunes;;;0.0;2;Bicicleta,Moto/Ciclomotor;Boulevard Centenario 1300;2;1;0;0;0;1;Avenida;CAÑADA DE GÓMEZ;Iriondo;Asfalto;No existe;X;Dentro;Urbana;Otra Señal;No existe;Intersección;Bueno;Buena;Diurna;Buen Tiempo;S/D;S/D;Colisión;Ninguna;Faltante
4312;2021;14/6/2021;Lunes;;Ruta Provincial 21;0.0;2;Peatón,Moto/Ciclomotor;Av. Gral. San Martin Y Moreno;2;2;0;0;0;0;Ruta;VILLA GOBERNADOR GÁLVEZ;Rosario;Asfalto;No existe;II;Dentro;Urbana;Otra Señal;No existe;Intersección;Bueno;Buena;Diurna;Buen Tiempo;S/D;Peatón;Colisión;Ninguna;Horizontal
4313;2021;14/6/2021;Lunes;02:00:00;;0.0;1;Moto/Ciclomotor; ;1;1;0;0;0;0;S/D;ROSARIO;Constitución;S/D;S/D;II;S/D;S/D;Otra Señal;S/D;Intersección;S/D;S/D;Nocturna;S/D;Múltiple;S/D;Colisión;S/D;S/D
4314;2021;14/6/2021;Lunes;14:30:00;;0.0;1;Moto/Ciclomotor; ;1;1;0;0;0;0;S/D;ROSARIO;Constitución;S/D;S/D;II;S/D;S/D;Otra Señal;S/D;Intersección;S/D;S/D;Diurna;S/D;Múltiple;S/D;Colisión;S/D;S/D
4315;2021;14/6/2021;Lunes;13:30:00;;0.0;2;Automóvil,Peatón;CARACOLEROS Y GALLARETAS;2;0;0;1;0;0;Calle;SANTA FE;Constitución;Tierra;No existe;I;Dentro;Urbana;Otra Señal;No existe;Intersección;Bueno;Buena;Diurna;Buen Tiempo;Múltiple;Peatón;Colisión;Ninguna;Faltante