ID_Accidente;A�o;Fecha;Dia;Hopra;Ruta/Autop;km;Participantes;Tipo;Lugar;Total;Heridos Leves;Heridos Graves;Ilesos;Fallecidos;Sin datos;desc_tipo_via;desc_loc;desc_dpto;|;desc_tipo_banquina;desc_unidad_regional;desc_lugar_calzada;desc_zona;desc_prioridad;desc_estado_semaforo;desc_lugar_via;desc_estado_via;desc_estado_visibilidad;desc_luminosidad;desc_estado_clima;desc_tipo_colision;desc_tipo_atropello;desc_tipo_hecho;desc_pres_calzada;desc_senializacion
4316;2021;15/6/2021;Martes;15:10:00;;0.0;2;Camión Chasis,Moto/Ciclomotor;Colon Y General Manuel Belgrano;2;1;0;1;0;0;Calle;ESPERANZA;Las Colonias;Asfalto;No existe;XI;Dentro;Urbana;Otra Señal;No existe;Intersección;Bueno;Buena;Diurna;Buen Tiempo;De alcance,Múltiple;S/D;Colisión;Ninguna;Faltante
4317;2021;15/6/2021;Martes;18:30:00;;0.0;2;Automóvil,Moto/Ciclomotor;General Manuel Belgrano Y Oroño;2;1;0;1;0;0;Calle;ESPERANZA;Las Colonias;Asfalto;No existe;XI;Dentro;Urbana;Otra Señal;No existe;Intersección;Bueno;Buena;Diurna;Buen Tiempo;De alcance,Múltiple;S/D;Colisión;Ninguna;Faltante
4318;2021;15/6/2021;Martes;16:20:00;;0.0;2;Moto/Ciclomotor,Automóvil;Obispo Gelabert Y San Martin;2;1;0;1;0;0;Calle;SANTA FE;La Capital;Asfalto;No existe;I;Dentro;Urbana;Otra Señal;No existe;Intersección;Bueno;Buena;Diurna;Buen Tiempo;De alcance,Múltiple;S/D;Colisión;Ninguna;Faltante
4319;2021;15/6/2021;Martes;13:40:00;;0.0;2;Moto/Ciclomotor,Pickup/Utilitario;Av. Uriburu Y G.Carrasco;3;2;0;1;0;0;Avenida;ROSARIO;Rosario;Asfalto;No existe;II;Dentro;Urbana;Otra Señal;No existe;Intersección;Bueno;Buena;Diurna;Buen Tiempo;De alcance,Múltiple;S/D;Colisión;Ninguna;Faltante
4320;2021;15/6/2021;Martes;13:50:00;;0.0;2;Automóvil,Automóvil;Derqui Y Rivadavia;2;1;0;1;0;0;Calle;SANTA FE;La Capital;Asfalto;No existe;I;Dentro;Urbana;Otra Señal;No existe;Intersección;Bueno;Buena;Diurna;Buen Tiempo;De alcance,Múltiple;S/D;Colisión;Ninguna;Faltante
4321;2021;15/6/2021;Martes;19:10:00;;0.0;2;Peatón,Moto/Ciclomotor;Almirante Brown ;2;2;0;0;0;0;Calle;ALVEAR;Rosario;Asfalto;No existe;II;Dentro;Urbana;Otra Señal;No existe;Intersección;Bueno;Reducida p/ objetos;Nocturna;Buen Tiempo;De alcance,Múltiple;Peatón;Colisión;Ninguna;Faltante
4322;2021;15/6/2021;Martes;;;0.0;1;Moto/Ciclomotor;Moreno Y Santa Fe;1;1;0;0;0;0;Calle;VERA;Vera;Asfalto;No existe;XIX;Dentro;Urbana;Otra Señal;No existe;Intersección;Bueno;Buena;Atardecer;Buen Tiempo;De alcance,Múltiple;S/D;Colisión;Ninguna;Faltante
4323;2021;15/6/2021;Martes;07:40:00;;0.0;2;Bicicleta,Automóvil;Corrientes Y Rivadavia;2;1;0;1;0;0;Calle;VERA;Vera;Asfalto;No existe;XIX;Dentro;Urbana;Otra Señal;No existe;Intersección;Bueno;Buena;Diurna;Buen Tiempo;De alcance,Múltiple;Ciclista;Colisión;Ninguna;Faltante
4324;2021;15/6/2021;Martes;12:30:00;;0.0;2;Moto/Ciclomotor,Automóvil;Av. F.Solano López Y Bv. Oroño;2;1;0;1;0;0;Avenida;ROSARIO;Rosario;Asfalto;No existe;II;Dentro;Urbana;Otra Señal;No existe;Intersección;Bueno;Buena;Diurna;Buen Tiempo;De alcance,Múltiple;S/D;Colisión;Ninguna;Horizontal
4325;2021;15/6/2021;Martes;12:15:00;;0.0;2;Automóvil,Automóvil;Caseros Y Guido Spano;3;1;0;2;0;0;Calle;FRAY LUIS BELTRÁN;San Lorenzo;Tierra;No existe;XVII;Dentro;Urbana;Otra Señal;No existe;Intersección;Bueno;Buena;Diurna;Buen Tiempo;De alcance,Múltiple;S/D;Colisión;Ninguna;Faltante
4326;2021;15/6/2021;Martes;19:30:00;Ruta Secundaria 37-s;12.0;1;Pickup/Utilitario; ;1;0;0;0;1;0;Ruta;ELORTONDO;General LÓPEZ;S/D;S/D;VIII;S/D;Rural;Otra Señal;S/D;Intersección;S/D;S/D;Nocturna;S/D;De alcance,Múltiple;S/D;Colisión;S/D;S/D
4327;2021;15/6/2021;Martes;09:00:00;;0.0;2;Moto/Ciclomotor,Moto/Ciclomotor;Maritano Y Mitre;2;2;0;0;0;0;Calle;SAN GENARO;San JERÓNIMO;Asfalto;No existe;XV;Dentro;Urbana;Otra Señal;No existe;Intersección;Bueno;Buena;Diurna;Buen Tiempo;De alcance,Múltiple;S/D;Colisión;Ninguna;Vertical
4328;2021;15/6/2021;Martes;09:50:00;;0.0;2;Pickup/Utilitario,Peatón;Sarmiento calle 11 ;2;1;0;1;0;0;Calle;MARÍA SUSANA;San MARTÍN;S/D;No existe;XVIII;Dentro;Urbana;Otra Señal;S/D;Intersección;S/D;S/D;S/D;S/D;De alcance,Múltiple;Peatón;Colisión;S/D;S/D
4329;2021;15/6/2021;Martes;17:55:00;;0.0;1;Pickup/Utilitario;Av. Republica Y Gregoria Matorras;2;1;0;1;0;0;Avenida;GÁLVEZ;San JERÓNIMO;Asfalto;No existe;XV;Dentro;Urbana;Otra Señal;S/D;Intersección;Bueno;Buena;Diurna;S/D;De alcance,Múltiple;S/D;Colisión;Ninguna;S/D
4330;2021;15/6/2021;Martes;21:40:00;Ruta Nacional 33;0.0;2;Automóvil,Camión;Ruta Nac 33 Y Santa Fe;5;4;0;1;0;0;Ruta;VENADO TUERTO;General LÓPEZ;Asfalto;Ripio;VIII;Dentro;Urbana;Otra Señal;No existe;Intersección;Bueno;Buena;Diurna;Buen Tiempo;S/D;S/D;Colisión;Ninguna;Horizontal
4331;2021;15/6/2021;Martes;16:15:00;;0.0;2;Automóvil,Moto/Ciclomotor;Calle 16 Gral. Obligado Y Calle 63-Gral Urquiza;3;2;0;1;0;0;Calle;RECONQUISTA;General Obligado;Tierra;No existe;IX;Dentro;Urbana;Otra Señal;S/D;Intersección;Bueno;Buena;Diurna;S/D;S/D;S/D;Colisión;Ninguna;S/D
4332;2021;15/6/2021;Martes;09:40:00;;0.0;2;Moto/Ciclomotor,Pickup/Utilitario;Calle 17 Y Calle 8;2;1;0;1;0;0;Calle;LAS TOSCAS;General Obligado;Asfalto;No existe;IX;Dentro;Urbana;Otra Señal;No existe;Intersección;Bueno;Buena;Diurna;Buen Tiempo;Lateral;S/D;Colisión;Ninguna;Faltante
4333;2021;15/6/2021;Martes;;;0.0;2;Moto/Ciclomotor,Camión c / Acoplado;Av. Milano Y Hipólito Vieytes;2;1;0;1;0;0;Avenida;CERES;San CRISTÓBAL;Asfalto;No existe;XIII;Dentro;Urbana;Otra Señal;No existe;Intersección;Bueno;Buena;Diurna;Buen Tiempo;S/D;S/D;Colisión;Ninguna;Faltante
4334;2021;15/6/2021;Martes;17:45:00;;0.0;2;Bicicleta,Automóvil;9 de Julio Y A castellanos;2;1;0;1;0;0;Calle;GOBERNADOR CRESPO;San Justo;Hormigón;No existe;XVI;Dentro;Urbana;Otra Señal;No existe;Intersección;Bueno;Buena;Atardecer;Buen Tiempo;Múltiple;Ciclista;Colisión;Ninguna;Faltante
4335;2021;15/6/2021;Martes;12:00:00;;0.0;2;Otros,Peatón;Cafferata Y Mendoza;2;1;0;0;0;1;Calle;ROSARIO;Constitución;Asfalto;No existe;II;Dentro;Urbana;Otra Señal;Funciona;Intersección;Bueno;S/D;Diurna;S/D;Múltiple;Peatón;Colisión;S/D;Horizontal,Vertical
4336;2021;15/6/2021;Martes;12:00:00;;0.0;1;Bicicleta;L.N.Alem Y Riobamba;1;1;0;0;0;0;Calle;ROSARIO;Constitución;Asfalto;No existe;II;Dentro;Urbana;Otra Señal;No existe;Intersección;Bueno;S/D;Diurna;S/D;Múltiple;S/D;Colisión;S/D;Horizontal,Vertical
4337;2021;15/6/2021;Martes;;;0.0;1;Otros; ;1;1;0;0;0;0;S/D;ROSARIO;Constitución;S/D;S/D;II;S/D;S/D;Otra Señal;S/D;Intersección;S/D;S/D;S/D;S/D;Múltiple;S/D;Colisión;S/D;S/D
4338;2021;15/6/2021;Martes;;;0.0;1;Otros; ;1;1;0;0;0;0;S/D;ROSARIO;Constitución;S/D;S/D;II;S/D;S/D;Otra Señal;S/D;Intersección;S/D;S/D;S/D;S/D;Múltiple;S/D;Colisión;S/D;S/D
4339;2021;15/6/2021;Martes;;;0.0;1;Otros; ;1;1;0;0;0;0;S/D;ROSARIO;Constitución;S/D;S/D;II;S/D;S/D;Otra Señal;S/D;Intersección;S/D;S/D;S/D;S/D;Múltiple;S/D;Colisión;S/D;S/D
4340;2021;15/6/2021;Martes;;;0.0;1;Otros; ;1;1;0;0;0;0;S/D;ROSARIO;Constitución;S/D;S/D;II;S/D;S/D;Otra Señal;S/D;Intersección;S/D;S/D;S/D;S/D;Múltiple;S/D;Colisión;S/D;S/D
4341;2021;15/6/2021;Martes;08:00:00;;0.0;2;Automóvil,Moto/Ciclomotor;Presidente Perón Y Simón Bolívar;3;1;0;1;1;0;Calle;VILLA CONSTITUCIÓN;Constitución;Asfalto;Pavimento;VI;Dentro;Urbana;Otra Señal;No existe;Intersección;Bueno;S/D;Diurna;S/D;Múltiple;S/D;Colisión;Ninguna;Faltante
4342;2021;15/6/2021;Martes;14:00:00;;0.0;1;Moto/Ciclomotor; ;1;1;0;0;0;0;S/D;ROSARIO;Constitución;S/D;S/D;II;S/D;S/D;Otra Señal;S/D;Intersección;S/D;S/D;Diurna;S/D;Múltiple;S/D;Colisión;S/D;S/D
4343;2021;15/6/2021;Martes;17:30:00;;0.0;1;Moto/Ciclomotor; ;1;1;0;0;0;0;S/D;ROSARIO;Constitución;S/D;S/D;II;S/D;S/D;Otra Señal;S/D;Intersección;S/D;S/D;Diurna;S/D;Múltiple;S/D;Colisión;S/D;S/D
4344;2021;16/6/2021;Miercoles;17:20:00;;0.0;2;Moto/Ciclomotor,Automóvil;José Diaz Y Padre Catena;3;2;0;1;0;0;Calle;SANTA FE;La Capital;Asfalto,Tierra;No existe;I;Dentro;Urbana;Otra Señal;No existe;Intersección;Bueno;Buena;Atardecer;Buen Tiempo;De alcance,Múltiple;S/D;Colisión;Ninguna;S/D
4345;2021;16/6/2021;Miercoles;12:25:00;;0.0;2;Bicicleta,Pickup/Utilitario;Av. Gral. Paz Y J M Zuviria;2;1;0;1;0;0;Avenida;SANTA FE;La Capital;Asfalto;No existe;I;Dentro;Urbana;Otra Señal;No existe;Intersección;Bueno;Buena;Diurna;Buen Tiempo;De alcance,Múltiple;Ciclista;Colisión;Ninguna;Faltante
4346;2021;16/6/2021;Miercoles;14:10:00;;0.0;2;Taxi/Remis,Moto/Ciclomotor;Agustín Delgado Y Dorrego;2;1;0;1;0;0;Calle;SANTA FE;La Capital;Asfalto;No existe;I;Dentro;Urbana;Otra Señal;No existe;Intersección;Bueno;Buena;Diurna;Buen Tiempo;De alcance,Múltiple;S/D;Colisión;Ninguna;Faltante
4347;2021;16/6/2021;Miercoles;19:15:00;;0.0;3;Peatón,Peatón,Automóvil;Pedro de Vega Y Rivadavia;3;2;0;1;0;0;Calle;SANTA FE;La Capital;Asfalto;No existe;I;Dentro;Urbana;Otra Señal;No existe;Intersección;Bueno;Buena;Diurna;Buen Tiempo;De alcance,Múltiple;Peatón;Colisión;Ninguna;Faltante
4348;2021;16/6/2021;Miercoles;18:00:00;;0.0;2;Moto/Ciclomotor,Automóvil;Alvear Y J A Roca;2;1;0;1;0;0;Calle;VILLA GOBERNADOR GÁLVEZ;Rosario;Asfalto;No existe;II;Dentro;Urbana;Otra Señal;No existe;Intersección;Bueno;Buena;Atardecer;Buen Tiempo;De alcance,Múltiple;S/D;Colisión;Ninguna;Faltante
4349;2021;16/6/2021;Miercoles;12:50:00;;0.0;2;Moto/Ciclomotor,Automóvil;Bv N Álvarez Y San Lorenzo;2;1;0;1;0;0;Avenida;ÁLVAREZ;Rosario;Ripio;Pavimento;II;Dentro;Urbana;Otra Señal;No existe;Intersección;Bueno;Buena;Diurna;Buen Tiempo;De alcance,Múltiple;S/D;Colisión;Ninguna;Faltante
4350;2021;16/6/2021;Miercoles;11:10:00;Ruta Nacional 33;0.0;2;Moto/Ciclomotor,Automóvil;Juan Bautista Alberdi Y Ruta Nac 33;3;1;0;2;0;0;Ruta;PEREZ;Rosario;Asfalto;Pavimento;II;Dentro;Urbana;Otra Señal;Funciona;Intersección;Bueno;Buena;Diurna;Buen Tiempo;De alcance,Múltiple;S/D;Colisión;Ninguna;Horizontal,Vertical
4351;2021;16/6/2021;Miercoles;11:40:00;;0.0;2;Automóvil,Moto/Ciclomotor;Gral. San Martin 200;4;3;0;1;0;0;Avenida;SAN GUILLERMO;San CRISTÓBAL;Asfalto;No existe;XIII;Dentro;Urbana;Otra Señal;No existe;Intersección;Bueno;Buena;Diurna;Otro;De alcance,Múltiple;S/D;Colisión;Ninguna;Horizontal,Vertical
4352;2021;16/6/2021;Miercoles;15:15:00;;0.0;2;Automóvil,Moto/Ciclomotor;Alvear Y Urquiza;2;1;0;1;0;0;Calle;ROSARIO;Rosario;Asfalto;No existe;II;Dentro;Urbana;Otra Señal;No existe;Intersección;Bueno;Buena;Diurna;Buen Tiempo;De alcance,Múltiple;S/D;Colisión;Ninguna;Faltante
4353;2021;16/6/2021;Miercoles;;;0.0;2;Automóvil,Moto/Ciclomotor;25 de Mayo Y San Juan;2;1;0;1;0;0;Calle;SAN LORENZO;San Lorenzo;Asfalto;No existe;XVII;Dentro;Urbana;Otra Señal;No existe;Intersección;S/D;S/D;S/D;S/D;De alcance,Múltiple;S/D;Colisión;S/D;Faltante
4354;2021;16/6/2021;Miercoles;19:45:00;Ruta Nacional 175;0.0;2;Moto/Ciclomotor,Automóvil;Córdoba Y 25 de Mayo;4;2;0;2;0;0;Ruta;PUERTO SAN MARTÍN;San Lorenzo;Asfalto;S/D;XVII;Dentro;Urbana;Otra Señal;No existe;Intersección;Bueno;Buena;Atardecer;Buen Tiempo;De alcance,Múltiple;S/D;Colisión;Ninguna;Horizontal
4355;2021;16/6/2021;Miercoles;15:00:00;Ruta Nacional 11;0.0;2;Moto/Ciclomotor,Camión c / Acoplado;Pte. Juan D Perón Y Ruta Nac 11;2;1;0;1;0;0;Ruta;PUERTO SAN MARTÍN;San Lorenzo;Asfalto;No existe;XVII;Dentro;Urbana;Otra Señal;No existe;Intersección;Deteriorada;Buena;Diurna;Buen Tiempo;De alcance,Múltiple;S/D;Colisión;Ninguna;Vertical
4356;2021;16/6/2021;Miercoles;20:50:00;;0.0;2;Moto/Ciclomotor,Moto/Ciclomotor;Zelaya 1200;2;2;0;0;0;0;Calle;ROSARIO;Rosario;Asfalto;No existe;II;Dentro;Urbana;Otra Señal;No existe;Intersección;Bueno;Buena;Diurna;Buen Tiempo;De alcance,Múltiple;S/D;Colisión;Ninguna;Vertical
4357;2021;16/6/2021;Miercoles;11:20:00;;0.0;2;Moto/Ciclomotor,Moto/Ciclomotor;Buenos Aires Y Esteban de Luca;2;1;0;1;0;0;Calle;ROSARIO;Rosario;Asfalto;No existe;II;Dentro;Urbana;Otra Señal;No existe;Intersección;Bueno;Buena;Diurna;Buen Tiempo;De alcance,Múltiple;S/D;Colisión;Ninguna;Faltante
4358;2021;16/6/2021;Miercoles;20:45:00;;0.0;2;Bicicleta,Automóvil;Caupolicán Y Melincue;2;1;0;1;0;0;Calle;ROSARIO;Rosario;Asfalto;No existe;II;Dentro;Urbana;Otra Señal;No existe;Intersección;Bueno;Buena;Nocturna;Otro;De alcance,Múltiple;Ciclista;Colisión;Ninguna;Faltante
4359;2021;16/6/2021;Miercoles;;;0.0;1;Taxi/Remis;9 de Julio 5500;2;2;0;0;0;0;Calle;SANTA FE;La Capital;Asfalto;No existe;I;Dentro;Urbana;Otra Señal;No existe;Intersección;Bueno;Buena;S/D;Buen Tiempo;De alcance,Múltiple;S/D;Colisión;Ninguna;Vertical
4360;2021;16/6/2021;Miercoles;21:00:00;;0.0;1;Moto/Ciclomotor;Falucho 945;1;1;0;0;0;0;Calle;SAN LORENZO;San Lorenzo;Asfalto;No existe;XVII;Dentro;Urbana;Otra Señal;No existe;Intersección;Bueno;Buena;Diurna;Buen Tiempo;De alcance,Múltiple;S/D;Colisión;Ninguna;Faltante
4361;2021;16/6/2021;Miercoles;15:20:00;;0.0;2;Automóvil,Moto/Ciclomotor;Blas Parera Y Moreno;2;1;0;1;0;0;Calle;TIMBÚES;San Lorenzo;Tierra;No existe;XVII;Dentro;Urbana;Otra Señal;No existe;Intersección;S/D;Buena;Diurna;Buen Tiempo;De alcance,Múltiple;S/D;Colisión;Ninguna;S/D
4362;2021;16/6/2021;Miercoles;11:00:00;Ruta Nacional 11;0.0;2;Automóvil,Peatón;3 de Febrero Y Av. San Martin;2;1;0;1;0;0;Ruta;SAN LORENZO;San Lorenzo;Asfalto;No existe;XVII;Dentro;Urbana;Otra Señal;No existe;Intersección;Bueno;Buena;Diurna;Buen Tiempo;De alcance,Múltiple;Peatón;Colisión;Ninguna;Horizontal
4363;2021;16/6/2021;Miercoles;19:15:00;;0.0;2;Bicicleta,Moto/Ciclomotor;Avda. 25 de Mayo Y Sarmiento;2;1;0;1;0;0;Avenida;GÁLVEZ;San JERÓNIMO;Asfalto;No existe;XV;Dentro;Urbana;Otra Señal;S/D;Intersección;Bueno;Buena;Atardecer;Buen Tiempo;De alcance,Múltiple;Ciclista;Colisión;Ninguna;S/D
4364;2021;16/6/2021;Miercoles;08:35:00;;0.0;2;Pickup/Utilitario,Moto/Ciclomotor;Las Heras Y Liniers Santiago;2;1;0;1;0;0;Calle;VENADO TUERTO;General LÓPEZ;Asfalto;No existe;VIII;Dentro;Urbana;Otra Señal;No existe;Intersección;Bueno;Buena;Diurna;Buen Tiempo;S/D;S/D;Colisión;Ninguna;Faltante
4365;2021;16/6/2021;Miercoles;17:30:00;;0.0;1;Moto/Ciclomotor;Av. Dr. Luis Chapuis Y Nora Wade de Basualde;2;2;0;0;0;0;Avenida;VENADO TUERTO;General LÓPEZ;Asfalto;No existe;VIII;Dentro;Urbana;Otra Señal;No existe;Intersección;Bueno;Buena;Diurna;Buen Tiempo;S/D;S/D;Colisión;Ninguna;Faltante
4366;2021;16/6/2021;Miercoles;;Ruta Nacional 34;0.0;2;Automóvil,Pickup/Utilitario;Avenida Palacios Y Ruta Nacional N 34;2;1;0;1;0;0;Ruta;PALACIOS;San CRISTÓBAL;Asfalto;Ripio;XIII;Dentro;Urbana;Otra Señal;No existe;Intersección;Bueno;Buena;Diurna;Buen Tiempo;S/D;S/D;Colisión;Ninguna;Horizontal,Vertical
4367;2021;16/6/2021;Miercoles;21:30:00;Ruta Nacional 11;0.0;2;Automóvil,Moto/Ciclomotor;Av. San Martin Y Moreno;2;1;0;1;0;0;Ruta;FRAY LUIS BELTRÁN;San Lorenzo;Asfalto;Pavimento;XVII;Dentro;Urbana;Otra Señal;No existe;Intersección;Bueno;Buena;Nocturna;Buen Tiempo;S/D;S/D;Colisión;Ninguna;Faltante
4368;2021;16/6/2021;Miercoles;12:00:00;;0.0;2;Bicicleta,Automóvil;Calle 19-Habegger 731;2;1;0;1;0;0;Calle;RECONQUISTA;General Obligado;Asfalto;No existe;IX;Dentro;Urbana;Otra Señal;No existe;Intersección;Bueno;Buena;Diurna;Buen Tiempo;Múltiple;Ciclista;Colisión;Ninguna;Faltante
4369;2021;16/6/2021;Miercoles;;;0.0;1;Otros; ;1;1;0;0;0;0;S/D;ROSARIO;Constitución;S/D;S/D;II;S/D;S/D;Otra Señal;S/D;Intersección;S/D;S/D;S/D;S/D;Múltiple;S/D;Colisión;S/D;S/D
4370;2021;16/6/2021;Miercoles;;;0.0;1;Otros; ;1;1;0;0;0;0;S/D;ROSARIO;Constitución;S/D;S/D;II;S/D;S/D;Otra Señal;S/D;Intersección;S/D;S/D;S/D;S/D;Múltiple;S/D;Colisión;S/D;S/D
4371;2021;16/6/2021;Miercoles;08:30:00;;0.0;1;Moto/Ciclomotor;San Luis ;1;1;0;0;0;0;Calle;ROSARIO;Constitución;S/D;S/D;II;Dentro;Urbana;Otra Señal;S/D;Intersección;S/D;S/D;Diurna;S/D;Múltiple;S/D;Colisión;S/D;S/D
4372;2021;16/6/2021;Miercoles;16:30:00;;0.0;1;Bicicleta; ;1;1;0;0;0;0;S/D;ROSARIO;Constitución;S/D;S/D;II;S/D;S/D;Otra Señal;S/D;Intersección;S/D;S/D;Diurna;S/D;Múltiple;S/D;Colisión;S/D;S/D
4373;2021;16/6/2021;Miercoles;15:50:00;;0.0;2;Moto/Ciclomotor,Pickup/Utilitario;Av. Cabassa Y Miller;4;2;0;1;0;0;Avenida;ROSARIO;Constitución;Asfalto;No existe;II;Dentro;Urbana;Otra Señal;No existe;Intersección;Deteriorada;Buena;Diurna;Buen Tiempo;Múltiple;S/D;Colisión;Ninguna;Faltante
4374;2021;17/6/2021;Jueves;18:00:00;;0.0;2;Automóvil,Bicicleta;Alberdi Y Chacabuco;2;1;0;1;0;0;Calle;ESPERANZA;Las Colonias;Asfalto;No existe;XI;Dentro;Urbana;Otra Señal;No existe;Intersección;Bueno;Buena;Diurna;Buen Tiempo;De alcance,Múltiple;Ciclista;Colisión;Ninguna;Faltante
4375;2021;17/6/2021;Jueves;13:35:00;Ruta Provincial 4;72.0;1;Automóvil; ;2;1;0;1;0;0;Ruta;LA PELADA;Las Colonias;Asfalto;Natural;XI;Dentro;Urbana;Otra Señal;No existe;Intersección;Bueno;Buena;Diurna;Buen Tiempo;De alcance,Múltiple;S/D;Colisión;Ninguna;Horizontal
4376;2021;17/6/2021;Jueves;13:30:00;;0.0;2;Moto/Ciclomotor,Pickup/Utilitario;Francia Y Pedro Centeno;2;1;0;1;0;0;Calle;SANTA FE;La Capital;Asfalto;No existe;I;Dentro;Urbana;Otra Señal;No existe;Intersección;Bueno;Buena;Diurna;Buen Tiempo;De alcance,Múltiple;S/D;Colisión;Ninguna;Faltante
4377;2021;17/6/2021;Jueves;15:00:00;;0.0;2;Moto/Ciclomotor,Moto/Ciclomotor;NEMESIA CÁCERES Y URBANO PEDRIEL;3;3;0;0;0;0;Calle;LA GUARDIA;La Capital;Arena;No existe;I;Dentro;Urbana;Otra Señal;No existe;Intersección;Bueno;Buena;Diurna;Buen Tiempo;De alcance,Múltiple;Ciclista;Colisión;Ninguna;Faltante
4378;2021;17/6/2021;Jueves;18:25:00;;0.0;2;Moto/Ciclomotor,Automóvil;Av. Ntra.Sra.del Rosario Y Rodríguez;3;1;0;2;0;0;Avenida;ROSARIO;Rosario;Asfalto;No existe;II;Dentro;Urbana;Otra Señal;No existe;Intersección;Bueno;Buena;Diurna;S/D;De alcance,Múltiple;S/D;Colisión;Ninguna;Faltante
4379;2021;17/6/2021;Jueves;17:20:00;;0.0;2;Pickup/Utilitario,Moto/Ciclomotor;Av. Ovidio Lagos Y Esteban de Luca;3;2;0;1;0;0;Avenida;ROSARIO;Rosario;Asfalto;No existe;II;Dentro;Urbana;Otra Señal;No existe;Intersección;Bueno;Reducida;Diurna;Buen Tiempo;De alcance,Múltiple;S/D;Colisión;Ninguna;Faltante
4380;2021;17/6/2021;Jueves;16:40:00;;0.0;2;Automóvil,Automóvil;Av. Pte. Perón Y Av. Provincias Unidas;3;3;0;0;0;0;Avenida;ROSARIO;Rosario;Asfalto;No existe;II;Dentro;Urbana;Otra Señal;Funciona;Intersección;Bueno;Buena;Diurna;Buen Tiempo;De alcance,Múltiple;S/D;Colisión;Ninguna;Horizontal,Vertical
4381;2021;17/6/2021;Jueves;13:30:00;;0.0;2;Bicicleta,Automóvil;JUAN PABLO II Y MENDOZA;2;1;0;1;0;0;Calle;ROSARIO;Rosario;Asfalto;No existe;II;Dentro;Urbana;Otra Señal;Funciona;Intersección;Bueno;Buena;Diurna;Buen Tiempo;De alcance,Múltiple;Ciclista;Colisión;Ninguna;Vertical
4382;2021;17/6/2021;Jueves;10:20:00;Ruta Nacional 34;0.0;2;Moto/Ciclomotor,Automóvil;Ruta Nac 34 Y Ruta Pcial Sec 34;2;1;0;1;0;0;Ruta;IBARLUCEA;Rosario;Asfalto;Natural;II;Dentro;Urbana;Otra Señal;No existe;Intersección;Bueno;Buena;Diurna;Buen Tiempo;De alcance,Múltiple;S/D;Colisión;Ninguna;Horizontal
4383;2021;17/6/2021;Jueves;18:30:00;;0.0;2;Moto/Ciclomotor,Automóvil;Av. Francia Y 3 De Febrero;3;2;0;1;0;0;Avenida;ROSARIO;Rosario;Asfalto;No existe;II;Dentro;Urbana;Otra Señal;Funciona;Intersección;Bueno;Buena;Diurna;Buen Tiempo;De alcance,Múltiple;S/D;Colisión;Ninguna;Vertical
4384;2021;17/6/2021;Jueves;07:30:00;;0.0;2;Moto/Ciclomotor,Pickup/Utilitario;J.M.de Rosas Y Riobamba;2;1;0;1;0;0;Calle;ROSARIO;Rosario;Asfalto;No existe;II;Dentro;Urbana;Otra Señal;No existe;Intersección;Bueno;S/D;Nocturna,Con luz artificial;Buen Tiempo;De alcance,Múltiple;S/D;Colisión;Ninguna;Horizontal
4385;2021;17/6/2021;Jueves;08:55:00;;0.0;2;Moto/Ciclomotor,Automóvil;Ayacucho Y J.M.Gutierrez;3;2;0;1;0;0;Calle;ROSARIO;Rosario;Asfalto;No existe;II;Dentro;Urbana;Otra Señal;No existe;Intersección;Bueno;Buena;Diurna;Buen Tiempo;De alcance,Múltiple;S/D;Colisión;Ninguna;Faltante
4386;2021;17/6/2021;Jueves;10:05:00;Autopista Nacional Rosario -Cordoba;298.0;1;Automóvil; ;2;1;0;0;1;0;Autopista;ROSARIO;Rosario;Asfalto;Pavimento;II;Dentro;Urbana;Otra Señal;No existe;Intersección;Bueno;Buena;Diurna;Buen Tiempo;De alcance,Múltiple;S/D;Colisión;Ninguna;Faltante
4387;2021;17/6/2021;Jueves;19:50:00;Ruta Provincial 3;34.0;2;Pickup/Utilitario,Moto/Ciclomotor; ;5;0;0;3;2;0;Ruta;EL TOBA;Vera;Asfalto;Natural;XIX;Dentro;Rural;Otra Señal;No existe;Intersección;Bueno;Reducida;Nocturna;Buen Tiempo;De alcance,Múltiple;S/D;Colisión;Ninguna;S/D
4388;2021;17/6/2021;Jueves;15:30:00;Ruta Secundaria 2-s;0.0;2;Automóvil,Bicicleta;Belgrano Y Sáenz PEÑA;2;1;0;1;0;0;Ruta;MARÍA TERESA;General LÓPEZ;S/D;S/D;VIII;Dentro;Urbana;Otra Señal;S/D;Intersección;S/D;S/D;S/D;S/D;De alcance,Múltiple;Ciclista;Colisión;S/D;S/D
4389;2021;17/6/2021;Jueves;17:20:00;;0.0;2;Automóvil,Moto/Ciclomotor; ;2;1;0;1;0;0;Calle;MACIEL;San JERÓNIMO;S/D;No existe;XV;Dentro;Urbana;Otra Señal;S/D;Intersección;S/D;S/D;S/D;S/D;De alcance,Múltiple;S/D;Colisión;S/D;S/D
4390;2021;17/6/2021;Jueves;12:00:00;;0.0;2;Moto/Ciclomotor,Automóvil;Calle 24 - Olessio Y Calle 7-Sarmiento;2;1;0;1;0;0;Calle;RECONQUISTA;General Obligado;Asfalto;No existe;IX;Dentro;Urbana;Otra Señal;No existe;Intersección;Bueno;Buena;Diurna;Buen Tiempo;Lateral;S/D;Colisión;Ninguna;Faltante