ID_Accidente;A�o;Fecha;Dia;Hopra;Ruta/Autop;km;Participantes;Tipo;Lugar;Total;Heridos Leves;Heridos Graves;Ilesos;Fallecidos;Sin datos;desc_tipo_via;desc_loc;desc_dpto;|;desc_tipo_banquina;desc_unidad_regional;desc_lugar_calzada;desc_zona;desc_prioridad;desc_estado_semaforo;desc_lugar_via;desc_estado_via;desc_estado_visibilidad;desc_luminosidad;desc_estado_clima;desc_tipo_colision;desc_tipo_atropello;desc_tipo_hecho;desc_pres_calzada;desc_senializacion
4391;2021;17/6/2021;Jueves;12:15:00;;0.0;2;Moto/Ciclomotor,Automóvil;Calle 10-Ludueña Y Calle 21-Gdor. Iriondo;2;1;0;1;0;0;Calle;RECONQUISTA;General Obligado;Asfalto;No existe;IX;Dentro;Urbana;Otra Señal;No existe;Intersección;Bueno;Buena;Diurna;Buen Tiempo;Lateral;S/D;Colisión;Ninguna;Faltante
4392;2021;17/6/2021;Jueves;;;0.0;1;Otros; ;1;1;0;0;0;0;S/D;ROSARIO;Constitución;S/D;S/D;II;S/D;S/D;Otra Señal;S/D;Intersección;S/D;S/D;S/D;S/D;Múltiple;S/D;Colisión;S/D;S/D
4393;2021;17/6/2021;Jueves;;;0.0;1;Otros; ;1;1;0;0;0;0;S/D;ROSARIO;Constitución;S/D;S/D;II;S/D;S/D;Otra Señal;S/D;Intersección;S/D;S/D;S/D;S/D;Múltiple;S/D;Colisión;S/D;S/D
4394;2021;17/6/2021;Jueves;21:25:00;Ruta Nacional 11;0.0;2;Pickup/Utilitario,Moto/Ciclomotor;Av. San Martin Y Luis Borghi;2;0;0;1;0;0;Ruta;SAN LORENZO;Constitución;Asfalto;No existe;XVII;Dentro;Urbana;Otra Señal;No existe;Intersección;S/D;S/D;Nocturna;S/D;Múltiple;S/D;Colisión;S/D;Faltante
4395;2021;18/6/2021;Viernes;18:00:00;;0.0;2;Moto/Ciclomotor,Otros;Av. Leandro Alem Y Tucumán;2;1;0;0;0;1;Avenida;SANTA FE;La Capital;Asfalto;No existe;I;Dentro;Urbana;Otra Señal;Funciona;Intersección;Bueno;Buena;Atardecer;Buen Tiempo;De alcance,Múltiple;S/D;Colisión;Ninguna;Faltante
4396;2021;18/6/2021;Viernes;15:25:00;;0.0;2;Moto/Ciclomotor,Automóvil;9 de Julio Y Alberdi;3;2;0;1;0;0;Calle;FRANCK;Las Colonias;Asfalto;No existe;XI;Dentro;Urbana;Otra Señal;No existe;Intersección;Bueno;Buena;Diurna;Buen Tiempo;De alcance,Múltiple;S/D;Colisión;Ninguna;Horizontal
4397;2021;18/6/2021;Viernes;09:30:00;;0.0;2;Bicicleta,Moto/Ciclomotor;Lamadrid Y Salvador Caputo;2;1;0;1;0;0;Calle;SANTA FE;La Capital;Asfalto;No existe;I;Dentro;Urbana;Otra Señal;No existe;Intersección;Bueno;S/D;Nocturna;Buen Tiempo;De alcance,Múltiple;Ciclista;Colisión;Ninguna;Faltante
4398;2021;18/6/2021;Viernes;09:00:00;;0.0;2;Automóvil,Peatón;Dr. Zavalla Y Gorriti;2;1;0;1;0;0;Calle;SANTA FE;La Capital;Asfalto;No existe;I;Dentro;Urbana;Otra Señal;No existe;Intersección;Bueno;Buena;Diurna;Buen Tiempo;De alcance,Múltiple;Peatón;Colisión;Ninguna;Vertical
4399;2021;18/6/2021;Viernes;13:50:00;Ruta Provincial 1;3.0;2;Automóvil,Automóvil; ;2;1;0;1;0;0;Ruta;COLASTINE;La Capital;Asfalto;Pavimento;I;Dentro;Urbana;Otra Señal;Funciona;Intersección;Bueno;Buena;Diurna;Buen Tiempo;De alcance,Múltiple;S/D;Colisión;Ninguna;Horizontal,Vertical
4400;2021;18/6/2021;Viernes;20:00:00;Ruta Provincial 2;0.0;2;Bicicleta,Pickup/Utilitario;AV LOS QUINTEROS ;2;1;0;1;0;0;Ruta;ANGEL GALLARDO;La Capital;Asfalto;No existe;I;Dentro;Urbana;Otra Señal;No existe;Intersección;Bueno;Buena;Diurna;Buen Tiempo;De alcance,Múltiple;Ciclista;Colisión;Ninguna;Horizontal
4401;2021;18/6/2021;Viernes;11:45:00;Ruta Nacional 9;0.0;3;Pickup/Utilitario,Automóvil,Pickup/Utilitario;San Sebastián Y Ruta Nacional 9;3;1;0;2;0;0;Ruta;FUNES;Rosario;Asfalto;Ripio;II;Dentro;Urbana;Otra Señal;Funciona;Intersección;Bueno;Buena;Diurna;Buen Tiempo;De alcance,Múltiple;S/D;Colisión;Ninguna;Horizontal,Vertical
4402;2021;18/6/2021;Viernes;14:10:00;Ruta Nacional 9;0.0;2;Automóvil,Moto/Ciclomotor;Mosconi Y Ruta Nacional 9;2;1;0;1;0;0;Ruta;FUNES;Rosario;Asfalto;Ripio;II;Dentro;Urbana;Otra Señal;No existe;Intersección;Bueno;Buena;Diurna;Buen Tiempo;De alcance,Múltiple;S/D;Colisión;Ninguna;Faltante
4403;2021;18/6/2021;Viernes;15:00:00;;0.0;2;Moto/Ciclomotor,Automóvil;A Lezama 2100;3;2;0;1;0;0;Calle;VERA;Vera;Asfalto;No existe;XIX;Dentro;Urbana;Otra Señal;No existe;Intersección;Bueno;Buena;Diurna;Buen Tiempo;De alcance,Múltiple;S/D;Colisión;Ninguna;Faltante
4404;2021;18/6/2021;Viernes;16:25:00;;0.0;1;Moto/Ciclomotor;Corrientes Y R S PEÑA;2;1;0;1;0;0;Calle;VERA;Vera;Tierra;No existe;XIX;Dentro;Urbana;Otra Señal;S/D;Intersección;Deteriorada;S/D;Diurna;Buen Tiempo;De alcance,Múltiple;S/D;Colisión;Ninguna;Faltante
4405;2021;18/6/2021;Viernes;15:35:00;;0.0;2;Peatón,Automóvil;Italia Y Rioja;2;1;0;1;0;0;Calle;ROSARIO;Rosario;Asfalto;No existe;II;Dentro;Urbana;Otra Señal;No existe;Intersección;Bueno;Buena;Diurna;Buen Tiempo;De alcance,Múltiple;Peatón;Colisión;Ninguna;Faltante
4406;2021;18/6/2021;Viernes;18:00:00;Ruta Nacional 11;0.0;2;Moto/Ciclomotor,Automóvil;Av. San Martin Y Santa Fe;2;1;0;1;0;0;Ruta;FRAY LUIS BELTRÁN;San Lorenzo;Asfalto;No existe;XVII;Dentro;Urbana;Otra Señal;No existe;Intersección;Bueno;Buena;Diurna;Otro;De alcance,Múltiple;S/D;Colisión;Ninguna;Horizontal
4407;2021;18/6/2021;Viernes;14:15:00;Autopista Nacional A012;0.0;1;Moto/Ciclomotor; ;1;1;0;0;0;0;Autopista;SAN LORENZO;San Lorenzo;Asfalto;No existe;XVII;Dentro;Rural;Otra Señal;No existe;Intersección;S/D;S/D;Diurna;S/D;De alcance,Múltiple;S/D;Colisión;S/D;Faltante
4408;2021;18/6/2021;Viernes;17:00:00;Ruta Nacional 168;0.0;2;Moto/Ciclomotor,Automóvil;Bv Oroño Y General López;2;2;0;0;0;0;Ruta;SAN LORENZO;San Lorenzo;Asfalto;No existe;XVII;Dentro;Urbana;Otra Señal;No existe;Intersección;Bueno;Buena;Diurna;Buen Tiempo;De alcance,Múltiple;S/D;Colisión;Ninguna;Faltante
4409;2021;18/6/2021;Viernes;10:00:00;;0.0;2;Moto/Ciclomotor,Automóvil;E.Zeballos Y Lima;3;2;0;1;0;0;Calle;ROSARIO;Rosario;Asfalto;No existe;II;Dentro;Urbana;Otra Señal;No existe;Intersección;Bueno;Buena;Diurna;Buen Tiempo;De alcance,Múltiple;S/D;Colisión;Ninguna;Faltante
4410;2021;18/6/2021;Viernes;14:45:00;;0.0;2;Moto/Ciclomotor,Automóvil;Av. Ntra.Sra.del Rosario Y Salva;2;1;0;1;0;0;Avenida;ROSARIO;Rosario;Asfalto;No existe;II;Dentro;Urbana;Otra Señal;No existe;Intersección;Bueno;Buena;Diurna;Buen Tiempo;De alcance,Múltiple;S/D;Colisión;Ninguna;Faltante
4411;2021;18/6/2021;Viernes;;;0.0;1;Moto/Ciclomotor;Av. Colon Y Magallanes;1;1;0;0;0;0;Avenida;GABOTO;San JERÓNIMO;S/D;S/D;XV;Dentro;Urbana;Otra Señal;S/D;Intersección;S/D;S/D;S/D;S/D;De alcance,Múltiple;S/D;Colisión;S/D;Vertical
4412;2021;18/6/2021;Viernes;20:25:00;;0.0;2;Moto/Ciclomotor,Automóvil;SANTA FE  Y 9 DE JULIO ;2;1;0;1;0;0;Calle;SAN GENARO;San JERÓNIMO;Asfalto;No existe;XV;Dentro;Urbana;Otra Señal;No existe;Intersección;Bueno;S/D;Nocturna,Con luz artificial;Buen Tiempo;De alcance,Múltiple;S/D;Colisión;Ninguna;Faltante
4413;2021;18/6/2021;Viernes;07:05:00;Ruta Nacional 11;482.0;2;Automóvil,Pickup/Utilitario; ;6;6;0;0;0;0;Ruta;RECREO;La Capital;Asfalto;Ripio;I;Dentro;Rural;Otra Señal;No existe;Intersección;Bueno;Buena;Diurna;Buen Tiempo;Contra objeto fijo,De alcance;S/D;Colisión;Ninguna;Horizontal
4414;2021;18/6/2021;Viernes;23:00:00;;0.0;1;Moto/Ciclomotor;Calle 24 - Olessio Y Calle 35-España;1;1;0;0;0;0;Calle;RECONQUISTA;General Obligado;Asfalto;No existe;IX;Dentro;Urbana;Otra Señal;No existe;Intersección;Bueno;Buena;Diurna;Buen Tiempo;S/D;S/D;Colisión;Ninguna;Faltante
4415;2021;18/6/2021;Viernes;17:55:00;;0.0;2;Automóvil,Moto/Ciclomotor;Calle 23-Gral López Y Calle 4 - Ledesma;3;1;0;1;0;1;Calle;RECONQUISTA;General Obligado;Asfalto,Tierra;No existe;IX;Dentro;Urbana;Otra Señal;No existe;Intersección;Bueno;Buena;Diurna;Buen Tiempo;Lateral;S/D;Colisión;Ninguna;Faltante
4416;2021;18/6/2021;Viernes;;;0.0;1;Moto/Ciclomotor; ;1;1;0;0;0;0;S/D;ROSARIO;Constitución;S/D;S/D;II;S/D;S/D;Otra Señal;S/D;Intersección;S/D;S/D;S/D;S/D;Múltiple;S/D;Colisión;S/D;S/D
4417;2021;18/6/2021;Viernes;;;0.0;1;Otros; ;1;1;0;0;0;0;S/D;ROSARIO;Constitución;S/D;S/D;II;S/D;S/D;Otra Señal;S/D;Intersección;S/D;S/D;S/D;S/D;Múltiple;S/D;Colisión;S/D;S/D
4418;2021;18/6/2021;Viernes;;;0.0;1;Otros; ;1;1;0;0;0;0;S/D;ROSARIO;Constitución;S/D;S/D;II;S/D;S/D;Otra Señal;S/D;Intersección;S/D;S/D;S/D;S/D;Múltiple;S/D;Colisión;S/D;S/D
4419;2021;18/6/2021;Viernes;;;0.0;1;Otros; ;1;1;0;0;0;0;S/D;ROSARIO;Constitución;S/D;S/D;II;S/D;S/D;Otra Señal;S/D;Intersección;S/D;S/D;S/D;S/D;Múltiple;S/D;Colisión;S/D;S/D
4420;2021;18/6/2021;Viernes;;;0.0;1;Otros; ;1;1;0;0;0;0;S/D;ROSARIO;Constitución;S/D;S/D;II;S/D;S/D;Otra Señal;S/D;Intersección;S/D;S/D;S/D;S/D;Múltiple;S/D;Colisión;S/D;S/D
4421;2021;18/6/2021;Viernes;;;0.0;1;Otros; ;1;1;0;0;0;0;S/D;ROSARIO;Constitución;S/D;S/D;II;S/D;S/D;Otra Señal;S/D;Intersección;S/D;S/D;S/D;S/D;Múltiple;S/D;Colisión;S/D;S/D
4422;2021;18/6/2021;Viernes;;;0.0;1;Otros; ;1;1;0;0;0;0;S/D;ROSARIO;Constitución;S/D;S/D;II;S/D;S/D;Otra Señal;S/D;Intersección;S/D;S/D;S/D;S/D;Múltiple;S/D;Colisión;S/D;S/D
4423;2021;18/6/2021;Viernes;;;0.0;1;Otros; ;1;1;0;0;0;0;S/D;ROSARIO;Constitución;S/D;S/D;II;S/D;S/D;Otra Señal;S/D;Intersección;S/D;S/D;S/D;S/D;Múltiple;S/D;Colisión;S/D;S/D
4424;2021;18/6/2021;Viernes;09:30:00;;0.0;1;Moto/Ciclomotor; ;1;1;0;0;0;0;S/D;ROSARIO;Constitución;S/D;S/D;II;S/D;S/D;Otra Señal;S/D;Intersección;S/D;S/D;Diurna;S/D;Múltiple;S/D;Colisión;S/D;S/D
4425;2021;18/6/2021;Viernes;10:00:00;;0.0;1;Moto/Ciclomotor; ;1;1;0;0;0;0;S/D;ROSARIO;Constitución;S/D;S/D;II;S/D;S/D;Otra Señal;S/D;Intersección;S/D;S/D;Diurna;S/D;Múltiple;S/D;Colisión;S/D;S/D
4426;2021;18/6/2021;Viernes;18:50:00;;0.0;2;Bicicleta,Moto/Ciclomotor;Av. Los Colonizadores Y Ingeniero Gadda;2;1;0;0;0;0;Avenida;ESPERANZA;Constitución;Asfalto;No existe;XI;Dentro;Urbana;Otra Señal;No existe;Intersección;Bueno;Buena;Atardecer;Buen Tiempo;Múltiple;Ciclista;Colisión;Ninguna;Faltante
4427;2021;18/6/2021;Viernes;22:00:00;;0.0;2;Moto/Ciclomotor,Peatón;Garibaldi Y Pje. Patagones;2;1;0;0;0;0;Calle;ROSARIO;Constitución;Asfalto;No existe;II;Dentro;Urbana;Otra Señal;No existe;Intersección;Bueno;Buena;Nocturna;Buen Tiempo;Múltiple;Peatón;Colisión;Ninguna;Faltante
4428;2021;18/6/2021;Viernes;23:30:00;;0.0;2;Moto/Ciclomotor,Automóvil;Av. Juan Domingo Perón Y Córdoba;2;0;0;1;0;0;Avenida;VILLA GOBERNADOR GÁLVEZ;Constitución;Asfalto;No existe;II;Dentro;Urbana;Otra Señal;No existe;Intersección;Bueno;Buena;Diurna;Buen Tiempo;Múltiple;S/D;Colisión;Ninguna;Faltante
4429;2021;18/6/2021;Viernes;12:40:00;;0.0;2;Moto/Ciclomotor,Pickup/Utilitario;Nicaragua Y San Lorenzo;3;1;0;1;0;0;Calle;ROSARIO;Constitución;Asfalto;No existe;II;Dentro;Urbana;Otra Señal;No existe;Intersección;Bueno;Buena;Diurna;Buen Tiempo;Múltiple;S/D;Colisión;Ninguna;Faltante
4430;2021;18/6/2021;Viernes;16:12:00;;0.0;2;Moto/Ciclomotor,Automóvil;Av. Corrientes Y Bv. Seguí;2;0;0;1;0;0;Avenida;ROSARIO;Constitución;Asfalto;No existe;II;Dentro;Urbana;Otra Señal;No existe;Intersección;Bueno;Buena;Diurna;Buen Tiempo;Múltiple;S/D;Colisión;Ninguna;Horizontal
4431;2021;18/6/2021;Viernes;11:10:00;Ruta Nacional 11;0.0;2;Moto/Ciclomotor,Automóvil;Calle 21-Gdor. Iriondo Y Calle 34;4;0;0;3;0;0;Ruta;RECONQUISTA;Constitución;Asfalto;No existe;IX;Dentro;Urbana;Otra Señal;No existe;Intersección;Bueno;Buena;Diurna;Buen Tiempo;Múltiple;S/D;Colisión;Ninguna;Horizontal,Vertical
4432;2021;18/6/2021;Viernes;10:30:00;;0.0;2;Bicicleta,Automóvil;Juan José Paso Y Pres Domingo Faustino Sarmiento;2;0;0;1;0;0;Calle;SANTO TOMÉ;Constitución;Asfalto;No existe;I;Dentro;Urbana;Otra Señal;No existe;Intersección;Bueno;Buena;Diurna;Buen Tiempo;Múltiple;Ciclista;Colisión;Ninguna;Faltante
4433;2021;19/6/2021;Sabado;20:50:00;;0.0;2;Automóvil,Bicicleta;Av. Pte. Perón Y Gdor. Crespo;2;1;0;0;0;1;Avenida;SANTA FE;La Capital;Asfalto;No existe;I;Dentro;Urbana;Otra Señal;No existe;Intersección;Bueno;Buena;Nocturna;Buen Tiempo;De alcance,Múltiple;Ciclista;Colisión;Ninguna;Vertical
4434;2021;19/6/2021;Sabado;10:20:00;Ruta Nacional 11;0.0;2;Moto/Ciclomotor,Pickup/Utilitario;Gorostiaga 4400;2;1;0;1;0;0;Ruta;SANTA FE;La Capital;Asfalto;Natural;I;Dentro;Urbana;Otra Señal;No existe;Intersección;Bueno;Buena;Diurna;Buen Tiempo;De alcance,Múltiple;S/D;Colisión;Ninguna;Horizontal
4435;2021;19/6/2021;Sabado;12:00:00;;0.0;2;Moto/Ciclomotor,Pickup/Utilitario;Piedras Y Reg. 12 de Infantería;2;1;0;1;0;0;Calle;SANTA FE;La Capital;Asfalto;No existe;I;Dentro;Urbana;Otra Señal;No existe;Intersección;Otro;Reducida;Diurna;Otro;De alcance,Múltiple;S/D;Colisión;Otro;Faltante
4436;2021;19/6/2021;Sabado;20:10:00;;0.0;1;Moto/Ciclomotor;Sarmiento 1568;1;1;0;0;0;0;Calle;LAGUNA PAIVA;La Capital;Asfalto;No existe;I;Dentro;Urbana;Otra Señal;No existe;Intersección;Bueno;Buena;Nocturna,Con luz artificial;Buen Tiempo;De alcance,Múltiple;S/D;Colisión;Ninguna;Faltante
4437;2021;19/6/2021;Sabado;12:20:00;;0.0;2;Automóvil,Moto/Ciclomotor;Mariano Moreno Y Vicente López y Planes;4;3;0;1;0;0;Calle;SANTO TOMÉ;La Capital;Asfalto;No existe;I;Dentro;Urbana;Otra Señal;No existe;Intersección;Bueno;Buena;Diurna;Buen Tiempo;De alcance,Múltiple;S/D;Colisión;Ninguna;Faltante
4438;2021;19/6/2021;Sabado;13:30:00;;0.0;2;Moto/Ciclomotor,Pickup/Utilitario;Mendoza Y Nicaragua;2;1;0;1;0;0;Calle;ROSARIO;Rosario;Asfalto;No existe;II;Dentro;Urbana;Otra Señal;No existe;Intersección;Bueno;Buena;Diurna;Buen Tiempo;De alcance,Múltiple;S/D;Colisión;Ninguna;Horizontal
4439;2021;19/6/2021;Sabado;17:35:00;;0.0;2;Automóvil,Moto/Ciclomotor;Calle 25 Y Calle 28;2;1;0;1;0;0;Calle;LAS PAREJAS;Belgrano;Hormigón;No existe;III;Dentro;Urbana;Otra Señal;No existe;Intersección;Deteriorada;Buena;Atardecer;Buen Tiempo;De alcance,Múltiple;S/D;Colisión;Ninguna;Faltante
4440;2021;19/6/2021;Sabado;07:05:00;Ruta Nacional 34;0.0;2;Automóvil,Moto/Ciclomotor;LISANDRO DE LA TORRE ;2;1;0;1;0;0;Ruta;LUIS PALACIOS;San Lorenzo;Asfalto;Ripio;XVII;Dentro;Urbana;Otra Señal;No existe;Intersección;Bueno;Buena;Nocturna;Buen Tiempo;De alcance,Múltiple;S/D;Colisión;Ninguna;Horizontal,Vertical
4441;2021;19/6/2021;Sabado;14:00:00;;0.0;2;Taxi/Remis,Automóvil;Balcarce Y San Luis;2;1;0;1;0;0;Calle;ROSARIO;Rosario;Asfalto;No existe;II;Dentro;Urbana;Otra Señal;No existe;Intersección;Bueno;Buena;Diurna;Buen Tiempo;De alcance,Múltiple;S/D;Colisión;Ninguna;Horizontal
4442;2021;19/6/2021;Sabado;01:25:00;;0.0;2;Moto/Ciclomotor,Automóvil;Grandoli Y Polledo;3;2;0;1;0;0;Calle;ROSARIO;Rosario;Asfalto;No existe;II;Dentro;Urbana;Otra Señal;No existe;Intersección;Bueno;Buena;Nocturna,Con luz artificial;Buen Tiempo;De alcance,Múltiple;S/D;Colisión;Ninguna;Vertical
4443;2021;19/6/2021;Sabado;12:00:00;;0.0;2;Bicicleta,Moto/Ciclomotor;Av. Irigoyen 1300;2;1;0;1;0;0;Avenida;ROSARIO;Rosario;Asfalto;No existe;II;Dentro;Urbana;Otra Señal;No existe;Intersección;Bueno;Buena;Diurna;Buen Tiempo;De alcance,Múltiple;Ciclista;Colisión;Ninguna;Vertical
4444;2021;19/6/2021;Sabado;17:30:00;Ruta Provincial 23;8.0;2;Moto/Ciclomotor,Automóvil; ;2;0;0;1;1;0;Ruta;SUARDI;San CRISTÓBAL;Asfalto;Natural;XIII;S/D;Rural;Otra Señal;No existe;Intersección;Bueno;Buena;Diurna;Buen Tiempo;De alcance,Múltiple;S/D;Colisión;Ninguna;S/D
4445;2021;19/6/2021;Sabado;13:00:00;;0.0;2;Moto/Ciclomotor,Automóvil;Italia Y Pueyrredón;3;1;0;2;0;0;Calle;CAÑADA ROSQUÍN;San MARTÍN;Tierra;No existe;XVIII;Dentro;Urbana;Otra Señal;No existe;Intersección;Bueno;Buena;Diurna;S/D;De alcance,Múltiple;S/D;Colisión;S/D;Faltante
4446;2021;19/6/2021;Sabado;16:15:00;;0.0;2;Pickup/Utilitario,Moto/Ciclomotor;Garay Y López y Planes;2;1;0;1;0;0;Calle;CORONDA;San JERÓNIMO;Asfalto;No existe;XV;Dentro;Urbana;Otra Señal;No existe;Intersección;Bueno;Buena;Diurna;Buen Tiempo;De alcance,Múltiple;S/D;Colisión;Ninguna;Faltante
4447;2021;19/6/2021;Sabado;19:00:00;;0.0;2;Automóvil,Moto/Ciclomotor;Boulevard Lisandro de la Torre Y San Lorenzo;2;1;0;1;0;0;Avenida;CASILDA;Caseros;Asfalto;No existe;IV;Dentro;Urbana;Otra Señal;No existe;Intersección;Bueno;Buena;Diurna;Buen Tiempo;De alcance,Múltiple;S/D;Colisión;Ninguna;Horizontal
4448;2021;19/6/2021;Sabado;18:15:00;;0.0;4;Automóvil,Peatón,Peatón,Moto/Ciclomotor;E Lussenhoff Y Lisandro de la Torre;7;3;0;4;0;0;Calle;VENADO TUERTO;General LÓPEZ;Tierra;No existe;VIII;Dentro;Urbana;Otra Señal;No existe;Intersección;Deteriorada;Buena;Diurna;Buen Tiempo;Múltiple;Peatón;Colisión;Ninguna;Faltante
4449;2021;19/6/2021;Sabado;03:30:00;;0.0;1;Moto/Ciclomotor;Centenario Y Mariano Moreno;2;2;0;0;0;0;Calle;GOBERNADOR CRESPO;San Justo;Asfalto;No existe;XVI;Dentro;Urbana;Otra Señal;No existe;Intersección;Bueno;Buena;Nocturna,Con luz artificial;Buen Tiempo;Múltiple;S/D;Colisión;Ninguna;Faltante
4450;2021;19/6/2021;Sabado;;;0.0;1;Otros; ;1;1;0;0;0;0;S/D;ROSARIO;Constitución;S/D;S/D;II;S/D;S/D;Otra Señal;S/D;Intersección;S/D;S/D;S/D;S/D;Múltiple;S/D;Colisión;S/D;S/D
4451;2021;19/6/2021;Sabado;;;0.0;1;Otros; ;1;1;0;0;0;0;S/D;ROSARIO;Constitución;S/D;S/D;II;S/D;S/D;Otra Señal;S/D;Intersección;S/D;S/D;S/D;S/D;Múltiple;S/D;Colisión;S/D;S/D
4452;2021;19/6/2021;Sabado;20:00:00;;0.0;1;Bicicleta;Mendoza ;1;1;0;0;0;0;S/D;ROSARIO;Constitución;S/D;S/D;II;Dentro;Urbana;Otra Señal;S/D;Intersección;S/D;S/D;Nocturna;S/D;Múltiple;S/D;Colisión;S/D;S/D
4453;2021;19/6/2021;Sabado;12:30:00;;0.0;1;Automóvil; ;1;1;0;0;0;0;S/D;ROSARIO;Constitución;S/D;S/D;II;S/D;S/D;Otra Señal;S/D;Intersección;S/D;S/D;Diurna;S/D;Múltiple;S/D;Colisión;S/D;S/D
4454;2021;19/6/2021;Sabado;17:15:00;;0.0;2;Automóvil,Bicicleta;Aaron Castellanos Y Rodríguez PEÑA;2;0;0;1;0;0;Calle;ESPERANZA;Constitución;Asfalto;No existe;XI;Dentro;Urbana;Otra Señal;No existe;Intersección;Bueno;Buena;Diurna;Buen Tiempo;Múltiple;Ciclista;Colisión;Ninguna;Faltante
4455;2021;19/6/2021;Sabado;16:45:00;;0.0;2;Automóvil,Moto/Ciclomotor;San Nicolas Y Soldado Aguirre;2;0;0;1;0;0;Calle;VILLA GOBERNADOR GÁLVEZ;Constitución;Asfalto;No existe;II;Dentro;Urbana;Otra Señal;No existe;Intersección;Bueno;Buena;Diurna;Buen Tiempo;Múltiple;S/D;Colisión;Ninguna;Faltante
4456;2021;19/6/2021;Sabado;;;0.0;1;Moto/Ciclomotor; ;1;0;0;0;0;0;S/D;ROSARIO;Constitución;S/D;S/D;II;S/D;S/D;Otra Señal;S/D;Intersección;S/D;S/D;S/D;S/D;Múltiple;S/D;Colisión;S/D;S/D
4457;2021;19/6/2021;Sabado;18:00:00;;0.0;1;Moto/Ciclomotor;Darragueira ;1;0;0;0;0;0;S/D;ROSARIO;Constitución;S/D;S/D;II;Dentro;Urbana;Otra Señal;S/D;Intersección;S/D;S/D;Diurna;S/D;Múltiple;S/D;Colisión;S/D;S/D
4458;2021;20/6/2021;Domingo;17:45:00;;0.0;2;Moto/Ciclomotor,Moto/Ciclomotor;Castelli Y Mariano Moreno;2;1;0;1;0;0;Calle;ESPERANZA;Las Colonias;Asfalto;No existe;XI;Dentro;Urbana;Otra Señal;No existe;Intersección;Bueno;Buena;Diurna;Buen Tiempo;De alcance,Múltiple;S/D;Colisión;Ninguna;Horizontal
4459;2021;20/6/2021;Domingo;16:45:00;;0.0;1;Moto/Ciclomotor;Crespo 353;1;1;0;0;0;0;Calle;PROGRESO;Las Colonias;Asfalto;No existe;XI;Dentro;Urbana;Otra Señal;No existe;Intersección;Bueno;Buena;Diurna;Buen Tiempo;De alcance,Múltiple;S/D;Colisión;Ninguna;Faltante
4460;2021;20/6/2021;Domingo;19:30:00;;0.0;2;Taxi/Remis,Moto/Ciclomotor;Juan Bautista Alberdi Y Presidente Bernardino Rivadavia;2;1;0;1;0;0;Calle;SANTO TOMÉ;La Capital;Asfalto;No existe;I;Dentro;Urbana;Otra Señal;No existe;Intersección;Bueno;Buena;Nocturna,Con luz artificial;Buen Tiempo;De alcance,Múltiple;S/D;Colisión;Ninguna;Faltante
4461;2021;20/6/2021;Domingo;13:15:00;;0.0;2;Moto/Ciclomotor,Peatón;J.M.de Rosas Y Mendoza;2;1;0;1;0;0;Calle;ROSARIO;Rosario;Asfalto;No existe;II;Dentro;Urbana;Otra Señal;Funciona;Intersección;Bueno;Buena;Diurna;Buen Tiempo;De alcance,Múltiple;Peatón;Colisión;Ninguna;Vertical
4462;2021;20/6/2021;Domingo;21:10:00;;0.0;1;Moto/Ciclomotor;Av. 9 de Julio 782;1;1;0;0;0;0;Avenida;SAN GUILLERMO;San CRISTÓBAL;Ripio;No existe;XIII;Dentro;Urbana;Otra Señal;No existe;Intersección;Resbaladiza;Buena;Nocturna;Buen Tiempo;De alcance,Múltiple;S/D;Colisión;Otro;Faltante
4463;2021;20/6/2021;Domingo;11:50:00;;0.0;2;Vehículo Oficial,Automóvil;3 De Febrero Y Paraguay;2;1;0;1;0;0;Calle;ROSARIO;Rosario;Asfalto;No existe;II;Dentro;Urbana;Otra Señal;No existe;Intersección;Bueno;Buena;Diurna;Buen Tiempo;De alcance,Múltiple;S/D;Colisión;Ninguna;Vertical
4464;2021;20/6/2021;Domingo;15:10:00;Ruta Secundaria 33-s;0.0;2;Pickup/Utilitario,Moto/Ciclomotor;Avenida 13 Y Avenida 16;5;3;0;2;0;0;Ruta;LAS PAREJAS;Belgrano;Hormigón;No existe;III;Dentro;Urbana;Otra Señal;No existe;Intersección;Bueno;Buena;Atardecer;Buen Tiempo;De alcance,Múltiple;S/D;Colisión;Ninguna;Horizontal,Vertical
4465;2021;20/6/2021;Domingo;10:25:00;;0.0;2;Automóvil,Moto/Ciclomotor;José Cuffia Y Pio Domingo Chiodi;4;2;0;2;0;0;Calle;ARMSTRONG;Belgrano;Asfalto;No existe;III;Dentro;Urbana;Otra Señal;No existe;Intersección;Bueno;Buena;Diurna;Buen Tiempo;De alcance,Múltiple;S/D;Colisión;Ninguna;Vertical
4466;2021;20/6/2021;Domingo;;;0.0;2;Automóvil,Moto/Ciclomotor;Amenábar Y Juan Diaz de Solís;2;1;0;1;0;0;Calle;SANTA FE;La Capital;S/D;S/D;I;Dentro;Urbana;Otra Señal;S/D;Intersección;S/D;S/D;S/D;S/D;De alcance,Múltiple;S/D;Colisión;Ninguna;S/D