ID_Accidente;A�o;Fecha;Dia;Hopra;Ruta/Autop;km;Participantes;Tipo;Lugar;Total;Heridos Leves;Heridos Graves;Ilesos;Fallecidos;Sin datos;desc_tipo_via;desc_loc;desc_dpto;|;desc_tipo_banquina;desc_unidad_regional;desc_lugar_calzada;desc_zona;desc_prioridad;desc_estado_semaforo;desc_lugar_via;desc_estado_via;desc_estado_visibilidad;desc_luminosidad;desc_estado_clima;desc_tipo_colision;desc_tipo_atropello;desc_tipo_hecho;desc_pres_calzada;desc_senializacion
4467;2021;20/6/2021;Domingo;;Ruta Nacional A007;0.0;1;Automóvil;Av. Circunvalación Y Gorostiaga;1;1;0;0;0;0;Ruta;SANTA FE;La Capital;Asfalto;Natural;I;Dentro;Urbana;Otra Señal;No existe;Intersección;Bueno;S/D;S/D;S/D;De alcance,Múltiple;S/D;Colisión;Ninguna;Horizontal
4468;2021;20/6/2021;Domingo;16:00:00;Ruta Nacional 11;0.0;2;Moto/Ciclomotor,Bicicleta;Calle s /n Y Calle 34;3;3;0;0;0;0;Ruta;RECONQUISTA;General Obligado;Asfalto;Ripio;IX;Dentro;Urbana;Otra Señal;Funciona;Intersección;Bueno;Buena;Diurna;Buen Tiempo;Múltiple;Ciclista;Colisión;Ninguna;Horizontal,Vertical
4469;2021;20/6/2021;Domingo;00:05:00;;0.0;1;Bicicleta; ;1;1;0;0;0;0;S/D;ROSARIO;Constitución;S/D;S/D;II;Dentro;Urbana;Otra Señal;S/D;Intersección;S/D;S/D;Nocturna;S/D;Múltiple;S/D;Colisión;S/D;S/D
4470;2021;20/6/2021;Domingo;00:05:00;;0.0;1;Moto/Ciclomotor; ;1;1;0;0;0;0;S/D;ROSARIO;Constitución;S/D;S/D;II;S/D;Rural;Otra Señal;S/D;Intersección;S/D;S/D;S/D;S/D;Múltiple;S/D;Colisión;S/D;S/D
4471;2021;20/6/2021;Domingo;12:00:00;;0.0;1;Moto/Ciclomotor;Comodoro Rivadavia ;1;1;0;0;0;0;S/D;ROSARIO;Constitución;S/D;S/D;II;Dentro;Urbana;Otra Señal;S/D;Intersección;S/D;S/D;Diurna;S/D;Múltiple;S/D;Colisión;S/D;S/D
4472;2021;20/6/2021;Domingo;18:00:00;;0.0;1;Moto/Ciclomotor; ;1;0;0;0;1;0;S/D;ROSARIO;Constitución;S/D;S/D;II;S/D;S/D;Otra Señal;S/D;Intersección;S/D;S/D;Diurna;S/D;Múltiple;S/D;Colisión;S/D;S/D
4473;2021;20/6/2021;Domingo;19:30:00;Ruta Provincial 2;33.0;2;Automóvil,Moto/Ciclomotor; ;4;0;0;3;0;0;Ruta;LAGUNA PAIVA;Constitución;Asfalto;Natural;I;Dentro;Rural;Otra Señal;No existe;Intersección;Bueno;Buena;Atardecer,Con luz artificial;Buen Tiempo;Múltiple;S/D;Colisión;Ninguna;Vertical
4474;2021;20/6/2021;Domingo;22:15:00;;0.0;2;Automóvil,Moto/Ciclomotor;Matienzo 2700;3;2;0;0;0;0;Calle;ROSARIO;Constitución;Asfalto;No existe;II;Dentro;Urbana;Otra Señal;No existe;Intersección;Bueno;Buena;Nocturna,Con luz artificial;Buen Tiempo;Múltiple;S/D;Colisión;Ninguna;Faltante
4475;2021;20/6/2021;Domingo;10:00:00;;0.0;2;Automóvil,Moto/Ciclomotor;CAMINO IMHOFF ;2;0;0;1;0;0;Camino Rural;Oroño;Constitución;Tierra;No existe;XV;Dentro;Rural;Otra Señal;No existe;Intersección;Bueno;Buena;Diurna;Buen Tiempo;Múltiple;S/D;Colisión;Ninguna;Faltante
4476;2021;20/6/2021;Domingo;19:25:00;;0.0;2;Moto/Ciclomotor,Pickup/Utilitario;Republica del Paraguay 600;3;0;0;1;0;0;Calle;SAN LORENZO;San Lorenzo;Tierra;S/D;XVII;Dentro;Urbana;Otra Señal;S/D;Intersección;S/D;S/D;Atardecer;S/D;Múltiple;S/D;Colisión;S/D;Faltante
4477;2021;21/6/2021;Lunes;11:15:00;;0.0;2;Automóvil,Peatón;La Paz Y Pje Diego de Leiva;2;1;0;1;0;0;Calle;SANTA FE;La Capital;Asfalto;No existe;I;Dentro;Urbana;Otra Señal;No existe;Intersección;Bueno;Buena;Diurna;Buen Tiempo;De alcance,Múltiple;Peatón;Colisión;Ninguna;Faltante
4478;2021;21/6/2021;Lunes;18:40:00;;0.0;2;Peatón,Automóvil;Solís Y Tucumán;2;1;0;1;0;0;Calle;ROSARIO;Rosario;Asfalto;No existe;II;Dentro;Urbana;Otra Señal;No existe;Intersección;S/D;Buena;Diurna;S/D;De alcance,Múltiple;Peatón;Colisión;S/D;Faltante
4479;2021;21/6/2021;Lunes;15:05:00;;0.0;2;Moto/Ciclomotor,Moto/Ciclomotor;Colon Y Estanislao López;2;1;0;1;0;0;Calle;VERA;Vera;Asfalto;No existe;XIX;Dentro;Urbana;Otra Señal;No existe;Intersección;Deteriorada;Buena;Diurna;Buen Tiempo;De alcance,Múltiple;S/D;Colisión;Ninguna;Faltante
4480;2021;21/6/2021;Lunes;10:45:00;;0.0;2;Tracción animal / Carro,Automóvil;Lamadrid 400;3;2;0;0;0;1;Calle;ROSARIO;Rosario;Asfalto;No existe;II;Dentro;Urbana;Otra Señal;No existe;Intersección;Bueno;Buena;Diurna;Buen Tiempo;De alcance,Múltiple;S/D;Colisión;Ninguna;Faltante
4481;2021;21/6/2021;Lunes;19:35:00;;0.0;2;Taxi/Remis,Moto/Ciclomotor;Laínez Y San Martin;3;2;0;1;0;0;Calle;ROSARIO;Rosario;Asfalto;No existe;II;Dentro;Urbana;Otra Señal;No existe;Intersección;Bueno;Buena;Atardecer,Con luz artificial;Buen Tiempo;De alcance,Múltiple;S/D;Colisión;Ninguna;Horizontal,Vertical
4482;2021;21/6/2021;Lunes;14:45:00;;0.0;2;Moto/Ciclomotor,Automóvil;Av. Corrientes Y Centeno;2;1;0;1;0;0;Avenida;ROSARIO;Rosario;Asfalto;No existe;II;Dentro;Urbana;Otra Señal;No existe;Intersección;Bueno;Buena;Diurna;Buen Tiempo;De alcance,Múltiple;S/D;Colisión;Ninguna;Vertical
4483;2021;21/6/2021;Lunes;02:15:00;Autovía Provincial Brigadier E.LÓPEZ;3.0;1;Automóvil; ;2;2;0;0;0;0;Autovía;GRANADERO BAIGORRIA;Rosario;Asfalto;Natural;II;Fuera;Rural;Otra Señal;No existe;Intersección;Bueno;S/D;Nocturna;S/D;De alcance,Múltiple;S/D;Colisión;Ninguna;Horizontal
4484;2021;21/6/2021;Lunes;;Ruta Nacional 33;664.5;4;Automóvil,Pickup/Utilitario,Automóvil,Camión Chasis; ;8;4;0;4;0;0;Ruta;CHOVET;General LÓPEZ;Asfalto;Natural;VIII;Dentro;Urbana;Otra Señal;No funciona;Intersección;Bueno;Buena;Diurna;Buen Tiempo;Múltiple;S/D;Colisión;Ninguna;Horizontal
4485;2021;21/6/2021;Lunes;;;0.0;1;Otros; ;1;1;0;0;0;0;S/D;ROSARIO;Constitución;S/D;S/D;II;S/D;S/D;Otra Señal;S/D;Intersección;S/D;S/D;S/D;S/D;Múltiple;S/D;Colisión;S/D;S/D
4486;2021;21/6/2021;Lunes;13:30:00;;0.0;1;Automóvil; ;2;1;0;0;0;1;S/D;ROSARIO;Constitución;S/D;S/D;II;S/D;S/D;Otra Señal;S/D;Intersección;S/D;S/D;Diurna;S/D;Múltiple;S/D;Colisión;S/D;S/D
4487;2021;21/6/2021;Lunes;18:30:00;;0.0;2;Peatón,Otros; ;2;1;0;1;0;0;S/D;ROSARIO;Constitución;S/D;S/D;II;S/D;S/D;Otra Señal;S/D;Intersección;S/D;S/D;Diurna;S/D;Múltiple;S/D;Colisión;S/D;S/D
4488;2021;21/6/2021;Lunes;18:30:00;;0.0;1;Automóvil; ;1;1;0;0;0;0;S/D;ROSARIO;Constitución;S/D;S/D;II;S/D;S/D;Otra Señal;S/D;Intersección;S/D;S/D;Diurna;S/D;Múltiple;S/D;Colisión;S/D;S/D
4489;2021;21/6/2021;Lunes;00:50:00;;0.0;2;Moto/Ciclomotor,Moto/Ciclomotor;Domingo Faustino Sarmiento Y Estanislao Zeballos;2;1;0;0;0;0;Calle;ESPERANZA;Constitución;Asfalto;No existe;XI;Dentro;Urbana;Otra Señal;No existe;Intersección;Bueno;Buena;Nocturna;Buen Tiempo;Múltiple;S/D;Colisión;Ninguna;Faltante
4490;2021;21/6/2021;Lunes;18:00:00;Ruta Nacional 11;0.0;2;Automóvil,Moto/Ciclomotor;Pje B Calleja Y Ruta Nacional 11;2;0;0;1;0;0;Ruta;RECREO;Constitución;Asfalto,Tierra;Ripio;I;Dentro;Urbana;Otra Señal;No existe;Intersección;S/D;S/D;Diurna;S/D;Múltiple;S/D;Colisión;S/D;Horizontal
4491;2021;22/6/2021;Martes;18:45:00;;0.0;2;Automóvil,Moto/Ciclomotor;Francia Y Tucumán;2;1;0;1;0;0;Calle;SANTA FE;La Capital;Asfalto;No existe;I;Dentro;Urbana;Otra Señal;No existe;Intersección;Bueno;Buena;Diurna;Buen Tiempo;De alcance,Múltiple;S/D;Colisión;Ninguna;Faltante
4492;2021;22/6/2021;Martes;16:00:00;;0.0;2;Moto/Ciclomotor,Automóvil;Av. Freyre Y Hipólito Yrigoyen;3;2;0;1;0;0;Avenida;SANTA FE;La Capital;Asfalto;No existe;I;Dentro;Urbana;Otra Señal;No existe;Intersección;Bueno;Buena;Diurna;Buen Tiempo;De alcance,Múltiple;S/D;Colisión;Ninguna;Faltante
4493;2021;22/6/2021;Martes;08:20:00;;0.0;2;Automóvil,Moto/Ciclomotor;AV ARISTÓBULO DEL VALLE Y AV LOS QUINTEROS;2;1;0;1;0;0;Avenida;MONTE VERA;La Capital;Asfalto;No existe;I;Dentro;Urbana;Otra Señal;No existe;Intersección;Resbaladiza;Reducida;Diurna,Con luz artificial;Niebla;De alcance,Múltiple;S/D;Colisión;Agua;S/D
4494;2021;22/6/2021;Martes;18:30:00;;0.0;2;Automóvil,Moto/Ciclomotor;Libertad Y Lisandro de La Torre;3;2;0;1;0;0;Calle;SANTO TOMÉ;La Capital;Asfalto;No existe;I;Dentro;Urbana;Otra Señal;No existe;Intersección;Bueno;Buena;Atardecer;Buen Tiempo;De alcance,Múltiple;S/D;Colisión;Ninguna;Faltante
4495;2021;22/6/2021;Martes;18:40:00;;0.0;2;Moto/Ciclomotor,Automóvil;Bv. Seguí Y Castellanos;3;2;0;1;0;0;Avenida;ROSARIO;Rosario;Asfalto;No existe;II;Dentro;Urbana;Otra Señal;No existe;Intersección;Bueno;Reducida;Atardecer;Buen Tiempo;De alcance,Múltiple;S/D;Colisión;Ninguna;Horizontal
4496;2021;22/6/2021;Martes;12:00:00;;0.0;2;Moto/Ciclomotor,Automóvil;Alberti Y Av. Galicia;3;1;0;2;0;0;Calle;SANTA FE;La Capital;Asfalto;No existe;I;Dentro;Urbana;Otra Señal;No existe;Intersección;Bueno;Buena;Diurna;Buen Tiempo;De alcance,Múltiple;S/D;Colisión;Ninguna;Faltante
4497;2021;22/6/2021;Martes;19:00:00;;0.0;2;Moto/Ciclomotor,Automóvil;Avellaneda Y Salvador del Carril;2;1;0;1;0;0;Calle;SANTA FE;La Capital;Asfalto;No existe;I;Dentro;Urbana;Otra Señal;No existe;Intersección;Bueno;Buena;Diurna;Buen Tiempo;De alcance,Múltiple;S/D;Colisión;Ninguna;Faltante
4498;2021;22/6/2021;Martes;18:15:00;Ruta Provincial 21;0.0;2;Automóvil,Moto/Ciclomotor;Marconi Y Rivadavia;2;1;0;1;0;0;Ruta;FIGHIERA;Rosario;Hormigón;No existe;II;Dentro;Urbana;Otra Señal;No existe;Intersección;Bueno;Buena;Atardecer;Buen Tiempo;De alcance,Múltiple;S/D;Colisión;Ninguna;Faltante
4499;2021;22/6/2021;Martes;14:30:00;;0.0;2;Moto/Ciclomotor,Automóvil;Barra Bis Y Garzón;2;1;0;1;0;0;Calle;ROSARIO;Rosario;Asfalto;No existe;II;Dentro;Urbana;Otra Señal;Funciona;Intersección;Bueno;Buena;Diurna;Buen Tiempo;De alcance,Múltiple;S/D;Colisión;S/D;Faltante
4500;2021;22/6/2021;Martes;13:30:00;;0.0;2;Moto/Ciclomotor,Automóvil;Av. Francia Y Jujuy;2;1;0;1;0;0;Avenida;ROSARIO;Rosario;Asfalto;No existe;II;Dentro;Urbana;Otra Señal;No existe;Intersección;Bueno;Buena;Diurna;Buen Tiempo;De alcance,Múltiple;S/D;Colisión;Ninguna;Horizontal
4501;2021;22/6/2021;Martes;16:20:00;Ruta Nacional 11;0.0;2;Moto/Ciclomotor,Moto/Ciclomotor;Av. San Martin Y San Luis;2;2;0;0;0;0;Ruta;SAN LORENZO;San Lorenzo;Asfalto;No existe;XVII;Dentro;Urbana;Otra Señal;No existe;Intersección;S/D;S/D;Diurna;S/D;De alcance,Múltiple;S/D;Colisión;S/D;Horizontal
4502;2021;22/6/2021;Martes;14:05:00;;0.0;2;Moto/Ciclomotor,Automóvil;Av. San Martin Y Bv B Mitre;2;1;0;1;0;0;Avenida;SAN LORENZO;San Lorenzo;Asfalto;No existe;XVII;Dentro;Urbana;Otra Señal;Funciona;Intersección;Bueno;Buena;Diurna;Buen Tiempo;De alcance,Múltiple;S/D;Colisión;Ninguna;Vertical
4503;2021;22/6/2021;Martes;19:30:00;;0.0;1;Moto/Ciclomotor;AV BELGRANO ;1;1;0;0;0;0;Avenida;COLONIA BELGRANO;San MARTÍN;S/D;S/D;XVIII;Dentro;Urbana;Otra Señal;S/D;Intersección;S/D;S/D;Atardecer;S/D;De alcance,Múltiple;S/D;Colisión;S/D;S/D
4504;2021;22/6/2021;Martes;10:00:00;Ruta Provincial 20;0.0;2;Automóvil,Automóvil;Av. Cincuentenario Y Gral. López;2;1;0;1;0;0;Ruta;MARÍA SUSANA;San MARTÍN;Asfalto;No existe;XVIII;Dentro;Urbana;Otra Señal;No existe;Intersección;Bueno;Buena;Diurna;Buen Tiempo;De alcance,Múltiple;S/D;Colisión;Ninguna;Vertical
4505;2021;22/6/2021;Martes;;;0.0;2;Moto/Ciclomotor,Peatón;Boulevard Solís Y Italia;2;1;0;1;0;0;Avenida;FIRMAT;General LÓPEZ;Asfalto;S/D;VIII;Dentro;Urbana;Otra Señal;S/D;Intersección;S/D;S/D;S/D;S/D;De alcance,Múltiple;Peatón;Colisión;S/D;S/D
4506;2021;22/6/2021;Martes;;Ruta Nacional 34;209.0;2;Camión,Pickup/Utilitario; ;2;1;0;1;0;0;Ruta;SUSANA;Castellanos;Asfalto;S/D;V;Dentro;Rural;Otra Señal;S/D;Intersección;S/D;S/D;Diurna;S/D;Múltiple;S/D;Colisión;S/D;S/D
4507;2021;22/6/2021;Martes;21:00:00;;0.0;2;Automóvil,Moto/Ciclomotor;Calle 307 115;3;1;0;2;0;0;Calle;AVELLANEDA;General Obligado;S/D;No existe;IX;Dentro;Urbana;Otra Señal;S/D;Intersección;S/D;S/D;Nocturna;S/D;Múltiple;S/D;Colisión;S/D;S/D
4508;2021;22/6/2021;Martes;;;0.0;1;Otros; ;1;1;0;0;0;0;S/D;ROSARIO;Constitución;S/D;S/D;II;S/D;S/D;Otra Señal;S/D;Intersección;S/D;S/D;S/D;S/D;Múltiple;S/D;Colisión;S/D;S/D
4509;2021;22/6/2021;Martes;09:15:00;;0.0;1;Automóvil;Montevideo Y Santiago;1;1;0;0;0;0;Calle;ROSARIO;Constitución;Asfalto;No existe;II;Dentro;Urbana;Otra Señal;No existe;Intersección;Bueno;S/D;Diurna;S/D;Múltiple;S/D;Colisión;S/D;Faltante
4510;2021;22/6/2021;Martes;17:00:00;;0.0;1;Moto/Ciclomotor; ;1;1;0;0;0;0;S/D;ROSARIO;Constitución;S/D;S/D;II;S/D;S/D;Otra Señal;S/D;Intersección;S/D;S/D;Diurna;S/D;Múltiple;S/D;Colisión;S/D;S/D
4511;2021;22/6/2021;Martes;17:30:00;;0.0;1;Moto/Ciclomotor; ;1;1;0;0;0;0;S/D;ROSARIO;Constitución;S/D;S/D;II;S/D;S/D;Otra Señal;S/D;Intersección;S/D;S/D;Diurna;S/D;Múltiple;S/D;Colisión;S/D;S/D
4512;2021;22/6/2021;Martes;19:50:00;;0.0;2;Automóvil,Moto/Ciclomotor;Güemes Y Ingeniero Falchini;3;0;0;2;0;0;Calle;SAN JERÓNIMO NORTE;Constitución;Asfalto;No existe;XI;Dentro;Urbana;Otra Señal;No existe;Intersección;Bueno;Buena;Diurna;Buen Tiempo;Múltiple;S/D;Colisión;Ninguna;Faltante
4513;2021;22/6/2021;Martes;14:40:00;;0.0;2;Peatón,Moto/Ciclomotor;J.M.de Rosas Y Morrison;2;1;0;0;0;0;Calle;ROSARIO;Constitución;Asfalto;No existe;II;Dentro;Urbana;Otra Señal;No existe;Intersección;Bueno;Buena;Diurna;Buen Tiempo;Múltiple;Ciclista;Colisión;Ninguna;Vertical
4514;2021;22/6/2021;Martes;09:10:00;;0.0;2;Bicicleta,Automóvil;Bv. Argentino Y Donado;2;0;0;1;0;0;Avenida;ROSARIO;Constitución;Asfalto;No existe;II;Dentro;Urbana;Otra Señal;No existe;Intersección;Bueno;Buena;Diurna;Buen Tiempo;Múltiple;Ciclista;Colisión;Ninguna;Faltante
4515;2021;23/6/2021;Miercoles;10:00:00;;0.0;2;Moto/Ciclomotor,Pickup/Utilitario;Irigoyen Freyre Y 9 de Julio;2;1;0;1;0;0;Calle;SANTA FE;La Capital;Asfalto;No existe;I;Dentro;Urbana;Otra Señal;No existe;Intersección;Bueno;Buena;Diurna;Buen Tiempo;De alcance,Múltiple;S/D;Colisión;Ninguna;Faltante
4516;2021;23/6/2021;Miercoles;07:30:00;;0.0;2;Moto/Ciclomotor,Camión Chasis;Av. López y Planes Y Ecuador;2;0;0;1;0;1;Avenida;SANTA FE;La Capital;Asfalto;No existe;I;Dentro;Urbana;Otra Señal;No existe;Intersección;Bueno;Buena;Amanecer;Buen Tiempo;De alcance,Múltiple;S/D;Colisión;Ninguna;Horizontal
4517;2021;23/6/2021;Miercoles;17:45:00;;0.0;2;Bicicleta,Automóvil;Pedro Ferre Y Saavedra;2;0;0;1;0;1;Calle;SANTA FE;La Capital;Asfalto;No existe;I;Dentro;Urbana;Otra Señal;No existe;Intersección;Bueno;Buena;Diurna;Buen Tiempo;De alcance,Múltiple;S/D;Colisión;Ninguna;Faltante
4518;2021;23/6/2021;Miercoles;07:30:00;Ruta Nacional 11;339.0;1;Transporte de Pasajeros (H/ 8 asientos); ;8;7;0;1;0;0;Ruta;TIMBÚES;San Lorenzo;Asfalto;No existe;XVII;Dentro;Urbana;Otra Señal;No existe;Intersección;Bueno;Buena;Diurna;Buen Tiempo;De alcance,Múltiple;S/D;Colisión;Ninguna;Horizontal
4519;2021;23/6/2021;Miercoles;20:45:00;;0.0;2;Bicicleta,Moto/Ciclomotor;Av. Uriburu Y Pje. Humboldt;2;1;0;1;0;0;Avenida;ROSARIO;Rosario;Asfalto;No existe;II;Dentro;Urbana;Otra Señal;No existe;Intersección;Bueno;Buena;Diurna;Buen Tiempo;De alcance,Múltiple;Ciclista;Colisión;Ninguna;Horizontal
4520;2021;23/6/2021;Miercoles;07:10:00;Ruta Provincial 13;96.0;1;Pickup/Utilitario; ;1;1;0;0;0;0;Ruta;MARIA JUANA;Castellanos;Asfalto;Natural;V;Dentro;Rural;Otra Señal;No existe;Intersección;S/D;S/D;Diurna;S/D;Múltiple;S/D;Colisión;S/D;Horizontal
4521;2021;23/6/2021;Miercoles;13:00:00;Ruta Provincial 6;0.0;2;Camión,Camión; ;2;2;0;0;0;0;Ruta;GESSLER;San JERÓNIMO;Asfalto;Natural;XV;Dentro;Rural;Otra Señal;No existe;Intersección;Bueno;Buena;Diurna;Buen Tiempo;Múltiple;S/D;Colisión;Ninguna;Horizontal
4522;2021;23/6/2021;Miercoles;;;0.0;2;Automóvil,Bicicleta;9 De Julio Y Carriego;2;1;0;1;0;0;Calle;ROSARIO;Rosario;Asfalto;No existe;II;Dentro;Urbana;Otra Señal;No existe;Intersección;Bueno;Buena;Diurna;Buen Tiempo;Múltiple;Ciclista;Colisión;Ninguna;Faltante
4523;2021;23/6/2021;Miercoles;;Ruta Nacional 34;0.0;2;Moto/Ciclomotor,Moto/Ciclomotor;Luis Maggi Y Perú;2;1;0;1;0;0;Ruta;RAFAELA;Castellanos;Asfalto;No existe;V;Dentro;Urbana;Otra Señal;Funciona;Intersección;S/D;S/D;Diurna;S/D;Múltiple;S/D;Colisión;S/D;Horizontal,Vertical
4524;2021;23/6/2021;Miercoles;;;0.0;2;Moto/Ciclomotor,Automóvil;Caseros Y Víctor Manuel;2;1;0;1;0;0;Calle;RAFAELA;Castellanos;Asfalto;No existe;V;Dentro;Urbana;Otra Señal;No existe;Intersección;Bueno;Buena;Diurna;Buen Tiempo;Múltiple;S/D;Colisión;Ninguna;Horizontal
4525;2021;23/6/2021;Miercoles;14:10:00;Ruta Provincial 10;0.0;1;Taxi/Remis; ;1;1;0;0;0;0;Ruta;BERNARDO DE IRIGOYEN;San JERÓNIMO;Asfalto;Natural;XV;Fuera;Rural;Otra Señal;No existe;Intersección;Bueno;Buena;Diurna;Buen Tiempo;Múltiple;S/D;Colisión;Ninguna;Faltante
4526;2021;23/6/2021;Miercoles;14:30:00;;0.0;1;Moto/Ciclomotor;Bv. Rondeau Y Superi;1;1;0;0;0;0;Avenida;ROSARIO;Constitución;Asfalto;No existe;II;Dentro;Urbana;Otra Señal;Funciona;Intersección;Bueno;S/D;Diurna;S/D;Múltiple;S/D;Colisión;S/D;Horizontal,Vertical
4527;2021;24/6/2021;Jueves;11:45:00;;0.0;2;Moto/Ciclomotor,Automóvil;Dr. Zavalla Y Suipacha;2;1;0;1;0;0;Calle;SANTA FE;La Capital;Asfalto;No existe;I;Dentro;Urbana;Otra Señal;No existe;Intersección;Bueno;Buena;Diurna;Buen Tiempo;De alcance,Múltiple;S/D;Colisión;Ninguna;Vertical
4528;2021;24/6/2021;Jueves;17:00:00;;0.0;2;Bicicleta,Moto/Ciclomotor;Av. Peñaloza Y Diagonal Goyena;2;1;0;1;0;0;Avenida;SANTA FE;La Capital;Asfalto;No existe;I;Dentro;Urbana;Otra Señal;No existe;Intersección;Bueno;Buena;Diurna;Buen Tiempo;De alcance,Múltiple;Ciclista;Colisión;Ninguna;Horizontal,Vertical
4529;2021;24/6/2021;Jueves;20:40:00;;0.0;2;Automóvil,Moto/Ciclomotor;Mariano Candioti Y Rca Oriental del Uruguay;2;1;0;1;0;0;Calle;SANTO TOMÉ;La Capital;Asfalto;No existe;I;Dentro;Urbana;Otra Señal;No existe;Intersección;Bueno;Buena;Diurna;Buen Tiempo;De alcance,Múltiple;S/D;Colisión;Ninguna;Faltante
4530;2021;24/6/2021;Jueves;16:30:00;;0.0;2;Moto/Ciclomotor,Automóvil;Av. Gral. Paz Y Ángel Cassanello;2;1;0;1;0;0;Avenida;SANTA FE;La Capital;Asfalto;No existe;I;Dentro;Urbana;Otra Señal;Funciona;Intersección;Bueno;Buena;Diurna;Buen Tiempo;De alcance,Múltiple;S/D;Colisión;Ninguna;Vertical
4531;2021;24/6/2021;Jueves;19:50:00;;0.0;1;Automóvil;CRISTO REY ;1;1;0;0;0;0;Calle;SOLDINI;Rosario;Tierra;No existe;II;Fuera;Urbana;Otra Señal;No existe;Intersección;Con baches;Reducida;Atardecer;Buen Tiempo;De alcance,Múltiple;S/D;Colisión;Ninguna;Faltante
4532;2021;24/6/2021;Jueves;16:30:00;Autopista Nacional A008;0.0;2;Automóvil,Pickup/Utilitario;Av. Circunvalación Y Mendoza;6;2;0;4;0;0;Autopista;ROSARIO;Rosario;Asfalto;No existe;II;Dentro;Urbana;Otra Señal;Funciona;Intersección;Bueno;Buena;Diurna;Buen Tiempo;De alcance,Múltiple;S/D;Colisión;Ninguna;Horizontal,Vertical
4533;2021;24/6/2021;Jueves;17:00:00;;0.0;2;Bicicleta,Automóvil;Mitre Y Ocampo;2;1;0;1;0;0;Calle;ROSARIO;Rosario;Asfalto;No existe;II;Dentro;Urbana;Otra Señal;No existe;Intersección;S/D;S/D;Diurna;Buen Tiempo;De alcance,Múltiple;Ciclista;Colisión;S/D;Vertical
4534;2021;24/6/2021;Jueves;13:55:00;;0.0;2;Moto/Ciclomotor,Automóvil;Calle 14 Y Cortada 17 bis;6;2;0;4;0;0;Calle;LAS PAREJAS;Belgrano;Asfalto;No existe;III;Dentro;Urbana;Otra Señal;No existe;Intersección;Bueno;Reducida p/ objetos;Diurna;Buen Tiempo;De alcance,Múltiple;S/D;Colisión;Ninguna;Horizontal
4535;2021;24/6/2021;Jueves;18:15:00;;0.0;1;Moto/Ciclomotor;Bv B Mitre Y M Diaz Vélez;1;1;0;0;0;0;Avenida;SAN LORENZO;San Lorenzo;Tierra;No existe;XVII;Dentro;Urbana;Otra Señal;No existe;Intersección;Bueno;S/D;Diurna;S/D;De alcance,Múltiple;S/D;Colisión;Ninguna;Faltante
4536;2021;24/6/2021;Jueves;17:15:00;;0.0;2;Moto/Ciclomotor,Pickup/Utilitario;Av. San Martin Y Mateo Gálvez;3;1;0;0;0;2;Avenida;SAN LORENZO;San Lorenzo;Asfalto;No existe;XVII;Dentro;Urbana;Otra Señal;No existe;Intersección;Bueno;Buena;Diurna;Buen Tiempo;De alcance,Múltiple;S/D;Colisión;Ninguna;Horizontal
4537;2021;24/6/2021;Jueves;15:00:00;;0.0;2;Moto/Ciclomotor,Automóvil;Ameghino Y L.N.Alem;2;1;0;1;0;0;Calle;ROSARIO;Rosario;Asfalto;No existe;II;Dentro;Urbana;Otra Señal;No existe;Intersección;Bueno;Buena;Diurna;Buen Tiempo;De alcance,Múltiple;S/D;Colisión;Ninguna;Faltante
4538;2021;24/6/2021;Jueves;20:30:00;;0.0;1;Moto/Ciclomotor;Av. Ntra.Sra.del Rosario Y Pedernera;1;1;0;0;0;0;Avenida;ROSARIO;Rosario;Asfalto;No existe;II;Dentro;Urbana;Otra Señal;Funciona;Intersección;Bueno;Buena;Nocturna,Con luz artificial;Buen Tiempo;De alcance,Múltiple;S/D;Colisión;Ninguna;Horizontal,Vertical
4539;2021;24/6/2021;Jueves;20:25:00;;0.0;1;Moto/Ciclomotor;Avda. Francia Y Cabildo;1;1;0;0;0;0;Avenida;CAPITÁN BERMÚDEZ;San Lorenzo;Asfalto,Tierra;No existe;XVII;Dentro;Urbana;Otra Señal;No existe;Intersección;Bueno;S/D;Nocturna;S/D;De alcance,Múltiple;S/D;Colisión;Ninguna;Faltante
4540;2021;24/6/2021;Jueves;17:30:00;;0.0;2;Bicicleta,Moto/Ciclomotor;Avda. Roque Sáenz PEÑA Y Zeballos bis;2;1;0;1;0;0;Avenida;FRAY LUIS BELTRÁN;San Lorenzo;Asfalto,Tierra;No existe;XVII;Dentro;Urbana;Otra Señal;No existe;Intersección;Bueno;Buena;Diurna;S/D;De alcance,Múltiple;Ciclista;Colisión;Ninguna;Faltante
4541;2021;24/6/2021;Jueves;;;0.0;2;Moto/Ciclomotor,Automóvil;Balcarce Y Vélez Sarsfield;2;1;0;1;0;0;Calle;SANTA FE;La Capital;Asfalto;No existe;I;Dentro;Urbana;Otra Señal;No existe;Intersección;Bueno;S/D;S/D;Buen Tiempo;De alcance,Múltiple;S/D;Colisión;Ninguna;Horizontal