ID_Accidente;A�o;Fecha;Dia;Hopra;Ruta/Autop;km;Participantes;Tipo;Lugar;Total;Heridos Leves;Heridos Graves;Ilesos;Fallecidos;Sin datos;desc_tipo_via;desc_loc;desc_dpto;|;desc_tipo_banquina;desc_unidad_regional;desc_lugar_calzada;desc_zona;desc_prioridad;desc_estado_semaforo;desc_lugar_via;desc_estado_via;desc_estado_visibilidad;desc_luminosidad;desc_estado_clima;desc_tipo_colision;desc_tipo_atropello;desc_tipo_hecho;desc_pres_calzada;desc_senializacion
4542;2021;24/6/2021;Jueves;16:45:00;;0.0;1;Moto/Ciclomotor;Güemes Y San Juan;1;1;0;0;0;0;Calle;HUMBERTO 1°;Castellanos;Asfalto;No existe;V;Dentro;Urbana;Otra Señal;No existe;Intersección;Bueno;Buena;Diurna;Buen Tiempo;Múltiple;S/D;Colisión;Ninguna;Faltante
4543;2021;24/6/2021;Jueves;11:00:00;;0.0;2;Automóvil,Moto/Ciclomotor;Dean Funes Y España;2;1;0;1;0;0;Calle;VENADO TUERTO;General LÓPEZ;Asfalto;No existe;VII;Dentro;Urbana;Otra Señal;No existe;Intersección;Bueno;S/D;Diurna;S/D;Múltiple;S/D;Colisión;Ninguna;Vertical
4544;2021;24/6/2021;Jueves;12:24:00;;0.0;2;Automóvil,Moto/Ciclomotor;Av. Estrugamou Y Mariano Moreno;2;1;0;1;0;0;Avenida;VENADO TUERTO;General LÓPEZ;Asfalto;No existe;VIII;Dentro;Urbana;Otra Señal;Funciona;Intersección;Bueno;S/D;Diurna;S/D;Múltiple;S/D;Colisión;Ninguna;Horizontal,Vertical
4545;2021;24/6/2021;Jueves;15:50:00;;0.0;1;Moto/Ciclomotor;Gral. Manuel Belgrano Y Piacenza;1;1;0;0;0;0;Calle;VENADO TUERTO;General LÓPEZ;Asfalto;No existe;VII;Dentro;Urbana;Otra Señal;No existe;Intersección;Bueno;S/D;Diurna;S/D;Múltiple;S/D;Colisión;Ninguna;Faltante
4546;2021;24/6/2021;Jueves;;;0.0;1;Otros; ;1;1;0;0;0;0;S/D;ROSARIO;Constitución;S/D;S/D;II;S/D;S/D;Otra Señal;S/D;Intersección;S/D;S/D;S/D;S/D;Múltiple;S/D;Colisión;S/D;S/D
4547;2021;24/6/2021;Jueves;14:00:00;;0.0;2;Moto/Ciclomotor,Pickup/Utilitario;Francia 300;2;1;0;1;0;0;Calle;ARTEAGA;Constitución;Asfalto;No existe;IV;Dentro;Urbana;Otra Señal;No existe;Intersección;Bueno;Buena;Diurna;Buen Tiempo;Múltiple;S/D;Colisión;Ninguna;Faltante
4548;2021;24/6/2021;Jueves;18:00:00;Autopista Provincial Brigadier E.LÓPEZ;154.0;1;Automóvil; ;2;1;0;0;0;0;Autopista;SANTO TOMÉ;Constitución;Asfalto;No existe;I;Dentro;Rural;Otra Señal;No existe;Intersección;Bueno;Buena;Atardecer;Buen Tiempo;Múltiple;S/D;Colisión;Ninguna;Horizontal,Vertical
4549;2021;24/6/2021;Jueves;12:30:00;;0.0;2;Pickup/Utilitario,Moto/Ciclomotor;Matienzo Y San Juan;4;1;0;2;0;0;Calle;ROSARIO;Constitución;Asfalto;No existe;II;Dentro;Urbana;Otra Señal;Funciona;Intersección;Bueno;Buena;Diurna;Buen Tiempo;Múltiple;S/D;Colisión;Ninguna;Vertical
4550;2021;24/6/2021;Jueves;04:50:00;;0.0;1;Automóvil;AV FRAY LUIS BELTRÁN Y TTE. AGNETA ;3;0;0;0;0;0;Avenida;SAN LORENZO;San Lorenzo;Tierra;No existe;XVII;Dentro;Urbana;Ninguna;No existe;Intersección;S/D;S/D;Nocturna;S/D;S/D;S/D;Colisión;Ninguna;Faltante
4551;2021;25/6/2021;Viernes;20:10:00;;0.0;2;Moto/Ciclomotor,Automóvil;Av. Freyre Y Eva Perón;2;1;0;1;0;0;Avenida;SANTA FE;La Capital;Asfalto;No existe;I;Dentro;Urbana;Otra Señal;Funciona;Intersección;Bueno;Buena;Nocturna;Buen Tiempo;De alcance,Múltiple;S/D;Colisión;Ninguna;Vertical
4552;2021;25/6/2021;Viernes;08:35:00;;0.0;2;Bicicleta,Automóvil;Iturraspe Y San Lorenzo;2;1;0;1;0;0;Calle;SANTA FE;La Capital;Asfalto;No existe;I;Dentro;Urbana;Otra Señal;No existe;Intersección;Bueno;Buena;Diurna;Buen Tiempo;De alcance,Múltiple;Ciclista;Colisión;Ninguna;Faltante
4553;2021;25/6/2021;Viernes;17:45:00;;0.0;2;Moto/Ciclomotor,Pickup/Utilitario;Pascual Echague Y Pbro Martínez;3;1;0;2;0;0;Calle;RECREO;La Capital;Asfalto;No existe;I;Dentro;Urbana;Otra Señal;No existe;Intersección;Bueno;Buena;Diurna;Buen Tiempo;De alcance,Múltiple;S/D;Colisión;Ninguna;Faltante
4554;2021;25/6/2021;Viernes;13:50:00;;0.0;2;Automóvil,Otros;Pavón 137;2;0;0;1;0;1;Calle;SANTA FE;La Capital;Asfalto;No existe;I;Dentro;Urbana;Otra Señal;No existe;Intersección;Otro;S/D;Diurna;Otro;De alcance,Múltiple;S/D;Colisión;Otro;Faltante
4555;2021;25/6/2021;Viernes;01:30:00;Ruta Provincial 18;7.0;2;Camión c / Acoplado,Automóvil; ;2;1;0;1;0;0;Ruta;MONTE FLORES;Rosario;Asfalto;Ripio;II;Dentro;Urbana;Otra Señal;No existe;Intersección;Bueno;S/D;Nocturna;Buen Tiempo;De alcance,Múltiple;S/D;Colisión;Ninguna;Faltante
4556;2021;25/6/2021;Viernes;19:50:00;;0.0;2;Moto/Ciclomotor,Pickup/Utilitario;Gral. Alvear Y Salta;2;1;0;1;0;0;Calle;SAN CRISTÓBAL;San CRISTÓBAL;Asfalto;No existe;XIII;Dentro;Urbana;Otra Señal;No existe;Intersección;Bueno;Buena;Diurna;Buen Tiempo;De alcance,Múltiple;S/D;Colisión;Ninguna;Faltante
4557;2021;25/6/2021;Viernes;15:30:00;;0.0;2;Bicicleta,Automóvil;Av. Francia 1900;2;1;0;1;0;0;Avenida;ROSARIO;Rosario;Asfalto;No existe;II;Dentro;Urbana;Otra Señal;No existe;Intersección;Bueno;Buena;Diurna;Buen Tiempo;De alcance,Múltiple;Ciclista;Colisión;Ninguna;Horizontal
4558;2021;25/6/2021;Viernes;;;0.0;2;Pickup/Utilitario,Automóvil;Belgrano Y General López;2;0;0;0;0;2;Calle;SAN LORENZO;San Lorenzo;Asfalto;No existe;XVII;Dentro;Urbana;Otra Señal;No existe;Intersección;S/D;S/D;S/D;S/D;De alcance,Múltiple;S/D;Colisión;S/D;Horizontal
4559;2021;25/6/2021;Viernes;12:05:00;Ruta Nacional 175;0.0;2;Automóvil,Pickup/Utilitario;Av. San Martin Y Cayetano Nerbutti;3;1;0;2;0;0;Ruta;PUERTO SAN MARTÍN;San Lorenzo;Asfalto;No existe;XVII;Dentro;Urbana;Otra Señal;No existe;Intersección;Bueno;Buena;Diurna;Buen Tiempo;De alcance,Múltiple;S/D;Colisión;Ninguna;Horizontal
4560;2021;25/6/2021;Viernes;15:30:00;;0.0;2;Automóvil,Bicicleta;Av. Corrientes Y San Juan;2;1;0;1;0;0;Avenida;ROSARIO;Rosario;Asfalto;No existe;II;Dentro;Urbana;Otra Señal;Funciona;Intersección;Bueno;Buena;Diurna;Buen Tiempo;De alcance,Múltiple;Ciclista;Colisión;Ninguna;Horizontal,Vertical
4561;2021;25/6/2021;Viernes;15:10:00;;0.0;3;Automóvil,Peatón,Peatón;Av. Uriburu Y Ayacucho;3;2;0;1;0;0;Avenida;ROSARIO;Rosario;Asfalto;No existe;II;Dentro;Urbana;Otra Señal;Funciona;Intersección;Bueno;Buena;Diurna;Buen Tiempo;De alcance,Múltiple;Peatón;Colisión;Ninguna;Horizontal,Vertical
4562;2021;25/6/2021;Viernes;16:30:00;;0.0;2;Automóvil,Peatón;Av. Facundo Zuviria Y J Castelli;2;1;0;1;0;0;Avenida;SANTA FE;La Capital;Asfalto;No existe;I;Dentro;Urbana;Otra Señal;Funciona;Intersección;Bueno;Buena;Diurna;Buen Tiempo;De alcance,Múltiple;Ciclista;Colisión;Ninguna;Horizontal,Vertical
4563;2021;25/6/2021;Viernes;;;0.0;2;Vehículo Oficial,Automóvil; ;2;2;0;0;0;0;S/D;CORONDA;San JERÓNIMO;S/D;S/D;XV;S/D;S/D;Otra Señal;S/D;Intersección;S/D;S/D;S/D;S/D;De alcance,Múltiple;S/D;Colisión;S/D;S/D
4564;2021;25/6/2021;Viernes;18:45:00;Ruta Nacional 9;252.0;1;Automóvil; ;4;3;0;1;0;0;Ruta;PAVÓN;Constitución;Asfalto;Natural;VI;Dentro;Rural;Otra Señal;No existe;Intersección;Bueno;Buena;Diurna;S/D;De alcance,Múltiple;S/D;Colisión;Ninguna;Horizontal
4565;2021;25/6/2021;Viernes;;;0.0;2;Automóvil,Automóvil;Av. Leandro Alem Y Belgrano;2;1;0;0;0;1;Avenida;SANTA FE;La Capital;Asfalto;No existe;I;Dentro;Urbana;Otra Señal;No existe;Intersección;Bueno;S/D;Diurna;S/D;Lateral;S/D;Colisión;Ninguna;Faltante
4566;2021;25/6/2021;Viernes;16:20:00;;0.0;2;Moto/Ciclomotor,Automóvil;Bv Centenario B Y España;3;2;0;1;0;0;Avenida;CAÑADA DE GÓMEZ;Iriondo;Asfalto;No existe;X;Dentro;Urbana;Otra Señal;No existe;Intersección;Bueno;S/D;Diurna;S/D;Lateral;S/D;Colisión;Ninguna;Faltante
4567;2021;25/6/2021;Viernes;20:40:00;;0.0;2;Pickup/Utilitario,Moto/Ciclomotor;Calle 20-9 de Julio Y Calle 30-Lucas Funes;2;1;0;1;0;0;Calle;RECONQUISTA;General Obligado;Asfalto;No existe;IX;Dentro;Urbana;Otra Señal;No existe;Intersección;Bueno;S/D;Nocturna,Con luz artificial;S/D;Lateral;S/D;Colisión;Ninguna;Faltante
4568;2021;25/6/2021;Viernes;;;0.0;2;Pickup/Utilitario,Moto/Ciclomotor;Domingo Silva Y España;3;2;0;1;0;0;Calle;RAFAELA;Castellanos;Asfalto;No existe;V;Dentro;Urbana;Otra Señal;No existe;Intersección;Bueno;S/D;S/D;S/D;Lateral;S/D;Colisión;S/D;Faltante
4569;2021;25/6/2021;Viernes;;;0.0;2;Moto/Ciclomotor,Automóvil;Acuña Y Jorge Newbery;3;1;0;2;0;0;Calle;RAFAELA;Castellanos;Asfalto;No existe;V;Dentro;Urbana;Otra Señal;No existe;Intersección;Bueno;S/D;S/D;S/D;Lateral;S/D;Colisión;Ninguna;Faltante
4570;2021;25/6/2021;Viernes;;;0.0;2;Automóvil,Automóvil;Chacabuco Y Colon;2;2;0;0;0;0;Calle;RAFAELA;Castellanos;Asfalto;No existe;V;Dentro;Urbana;Otra Señal;No existe;Intersección;Bueno;S/D;S/D;S/D;Lateral;S/D;Colisión;Ninguna;Horizontal
4571;2021;25/6/2021;Viernes;07:55:00;;0.0;2;Moto/Ciclomotor,Automóvil;Maipú Y Italia;2;1;0;1;0;0;Calle;VENADO TUERTO;General LÓPEZ;Asfalto;No existe;VII;Dentro;Urbana;Otra Señal;No existe;Intersección;Bueno;S/D;Diurna;S/D;Lateral;S/D;Colisión;Ninguna;Faltante
4572;2021;25/6/2021;Viernes;08:45:00;;0.0;1;Moto/Ciclomotor;Dean Funes 900;1;1;0;0;0;0;Calle;VENADO TUERTO;General LÓPEZ;Asfalto;No existe;VIII;Dentro;Urbana;Otra Señal;No existe;Intersección;Bueno;S/D;Diurna;S/D;Contra objeto fijo;S/D;Colisión;Ninguna;Faltante
4573;2021;25/6/2021;Viernes;10:43:00;;0.0;2;Moto/Ciclomotor,Automóvil;Av. Estrugamou Y Martin de Pueyrredón;3;2;0;1;0;0;Avenida;VENADO TUERTO;General LÓPEZ;Asfalto;No existe;VII;Dentro;Urbana;Otra Señal;No existe;Intersección;Bueno;S/D;Diurna;Buen Tiempo;Lateral;S/D;Colisión;Ninguna;Faltante
4574;2021;25/6/2021;Viernes;11:40:00;;0.0;2;Moto/Ciclomotor,Moto/Ciclomotor;Juan José Castelli Y López;2;2;0;0;0;0;Calle;VENADO TUERTO;General LÓPEZ;Asfalto;No existe;VII;Dentro;Urbana;Otra Señal;No existe;Intersección;Bueno;S/D;Diurna;S/D;Lateral;S/D;Colisión;Ninguna;Faltante
4575;2021;25/6/2021;Viernes;12:15:00;;0.0;1;Moto/Ciclomotor;Balcarce Y Quintana;1;1;0;0;0;0;Calle;VENADO TUERTO;General LÓPEZ;Ripio;No existe;VIII;Dentro;Urbana;Otra Señal;No existe;Intersección;S/D;Buena;Diurna;Buen Tiempo;S/D;S/D;Colisión;Ninguna;Faltante
4576;2021;25/6/2021;Viernes;16:02:00;;0.0;2;Automóvil,Moto/Ciclomotor;Nicolas Avellaneda Y Lisandro de la Torre;2;1;0;1;0;0;Calle;VENADO TUERTO;General LÓPEZ;Asfalto;No existe;VIII;Dentro;Urbana;Otra Señal;Funciona;Intersección;Bueno;S/D;Diurna;S/D;Lateral;S/D;Colisión;Ninguna;Faltante
4577;2021;25/6/2021;Viernes;19:10:00;;0.0;2;Pickup/Utilitario,Moto/Ciclomotor;Roberta Cavanagh ;2;1;0;1;0;0;Calle;VENADO TUERTO;General LÓPEZ;S/D;S/D;VIII;Dentro;Urbana;Otra Señal;S/D;Intersección;S/D;S/D;S/D;S/D;S/D;S/D;Colisión;S/D;S/D
4578;2021;25/6/2021;Viernes;22:30:00;;0.0;1;Automóvil;Castellanos ;2;1;0;0;0;1;S/D;ROSARIO;Constitución;Asfalto;S/D;II;Dentro;Urbana;Otra Señal;S/D;Intersección;S/D;S/D;Nocturna;S/D;Múltiple;S/D;Colisión;S/D;S/D
4579;2021;25/6/2021;Viernes;20:10:00;;0.0;2;Automóvil,Automóvil;Dean Funes ;2;2;0;0;0;0;S/D;ROSARIO;Constitución;S/D;S/D;II;Dentro;Urbana;Otra Señal;S/D;Intersección;S/D;S/D;Nocturna;S/D;Múltiple;S/D;Colisión;S/D;S/D
4580;2021;25/6/2021;Viernes;18:30:00;;0.0;1;Bicicleta;ABORÍGENES ARGENTINOS ;1;1;0;0;0;0;S/D;ROSARIO;Constitución;S/D;S/D;II;S/D;S/D;Otra Señal;S/D;Intersección;S/D;S/D;Diurna;S/D;Múltiple;S/D;Colisión;S/D;S/D
4581;2021;25/6/2021;Viernes;19:30:00;;0.0;2;Moto/Ciclomotor,Automóvil;General López Y Santiago del Estero;2;0;0;1;0;0;Calle;SAN LORENZO;Constitución;Asfalto;No existe;XVII;Dentro;Urbana;Otra Señal;No existe;Intersección;S/D;S/D;Nocturna;S/D;Múltiple;S/D;Colisión;S/D;Faltante
4582;2021;26/6/2021;Sabado;10:30:00;;0.0;2;Camión Chasis,Moto/Ciclomotor;Colon Y General Paz;2;1;0;1;0;0;Calle;ESPERANZA;Las Colonias;Asfalto;No existe;XI;Dentro;Urbana;Otra Señal;No existe;Intersección;Bueno;Buena;Diurna;Buen Tiempo;De alcance,Múltiple;S/D;Colisión;Ninguna;Faltante
4583;2021;26/6/2021;Sabado;;;0.0;2;Pickup/Utilitario,Moto/Ciclomotor;Cullen Y Domingo Faustino Sarmiento;2;1;0;1;0;0;Calle;ESPERANZA;Las Colonias;Asfalto;No existe;XI;Dentro;Urbana;Otra Señal;No existe;Intersección;Bueno;Buena;Diurna;Buen Tiempo;De alcance,Múltiple;S/D;Colisión;Ninguna;Faltante
4584;2021;26/6/2021;Sabado;16:00:00;;0.0;2;Moto/Ciclomotor,Pickup/Utilitario;Corrientes Y Dr. Zavalla;2;1;0;1;0;0;Calle;SANTA FE;La Capital;Asfalto;No existe;I;Dentro;Urbana;Otra Señal;No existe;Intersección;Bueno;Buena;Diurna;Buen Tiempo;De alcance,Múltiple;S/D;Colisión;Ninguna;Faltante
4585;2021;26/6/2021;Sabado;21:35:00;;0.0;2;Automóvil,Bicicleta;Francia Y Hipólito Yrigoyen;2;1;0;1;0;0;Calle;SANTA FE;La Capital;Asfalto;No existe;I;Dentro;Urbana;Otra Señal;No existe;Intersección;Bueno;Buena;Diurna;Buen Tiempo;De alcance,Múltiple;Ciclista;Colisión;Ninguna;Horizontal
4586;2021;26/6/2021;Sabado;08:00:00;;0.0;2;Moto/Ciclomotor,Pickup/Utilitario;Av. Urquiza Y Iturraspe;2;1;0;1;0;0;Avenida;SANTA FE;La Capital;Asfalto;No existe;I;Dentro;Urbana;Otra Señal;No existe;Intersección;Bueno;Buena;Diurna;Buen Tiempo;De alcance,Múltiple;S/D;Colisión;Ninguna;Horizontal,Vertical
4587;2021;26/6/2021;Sabado;09:00:00;;0.0;2;Pickup/Utilitario,Moto/Ciclomotor;French Y San Martin;2;0;0;0;0;2;Calle;SANTA FE;La Capital;Asfalto;No existe;I;Dentro;Urbana;Otra Señal;No existe;Intersección;Otro;Reducida;Diurna;Otro;De alcance,Múltiple;S/D;Colisión;Otro;Faltante
4588;2021;26/6/2021;Sabado;16:20:00;;0.0;2;Moto/Ciclomotor,Automóvil;J Castelli Y Las Heras;2;1;0;1;0;0;Calle;SANTA FE;La Capital;Asfalto;No existe;I;Dentro;Urbana;Otra Señal;No existe;Intersección;Bueno;Buena;Diurna;Buen Tiempo;De alcance,Múltiple;S/D;Colisión;Ninguna;Faltante
4589;2021;26/6/2021;Sabado;19:30:00;;0.0;2;Pickup/Utilitario,Moto/Ciclomotor;17 de Octubre Y Thompson;2;1;0;1;0;0;Calle;VILLA GOBERNADOR GÁLVEZ;Rosario;Asfalto;No existe;II;Dentro;Urbana;Otra Señal;No existe;Intersección;Bueno;Buena;Diurna;Buen Tiempo;De alcance,Múltiple;S/D;Colisión;Ninguna;Faltante
4590;2021;26/6/2021;Sabado;17:30:00;;0.0;2;Pickup/Utilitario,Automóvil;Maipú Y Rivadavia;3;2;0;1;0;0;Calle;LAS ROSAS;Belgrano;Asfalto;No existe;III;Dentro;Urbana;Otra Señal;No existe;Intersección;Bueno;Reducida;Diurna;Buen Tiempo;De alcance,Múltiple;S/D;Colisión;Ninguna;Vertical
4591;2021;26/6/2021;Sabado;17:45:00;;0.0;2;Automóvil,Moto/Ciclomotor;Maipú Y R del Brasil;4;1;0;3;0;0;Calle;SAN LORENZO;San Lorenzo;Tierra;No existe;XVII;Dentro;Urbana;Otra Señal;No existe;Intersección;S/D;S/D;Diurna;S/D;De alcance,Múltiple;S/D;Colisión;S/D;Faltante
4592;2021;26/6/2021;Sabado;18:20:00;;0.0;2;Pickup/Utilitario,Moto/Ciclomotor;Dr. Ricardo Fischer Y French;3;2;0;1;0;0;Calle;ARMSTRONG;Belgrano;Asfalto;No existe;III;Dentro;Urbana;Otra Señal;No existe;Intersección;Bueno;Buena;Diurna;Buen Tiempo;De alcance,Múltiple;S/D;Colisión;Ninguna;Horizontal
4593;2021;26/6/2021;Sabado;09:45:00;;0.0;2;Bicicleta,Automóvil;9 De Julio Y Av. Corrientes;2;1;0;1;0;0;Avenida;ROSARIO;Rosario;Asfalto;No existe;II;Dentro;Urbana;Otra Señal;Funciona;Intersección;Bueno;Buena;Diurna;Buen Tiempo;De alcance,Múltiple;Ciclista;Colisión;Ninguna;Horizontal,Vertical
4594;2021;26/6/2021;Sabado;22:10:00;;0.0;1;Moto/Ciclomotor;Av. Francia 1200;1;1;0;0;0;0;Avenida;ROSARIO;Rosario;Asfalto;No existe;II;Dentro;Urbana;Otra Señal;Funciona;Intersección;Bueno;Buena;Nocturna;Buen Tiempo;De alcance,Múltiple;S/D;Colisión;Ninguna;Horizontal,Vertical
4595;2021;26/6/2021;Sabado;03:40:00;Autopista Nacional Gral. Juan Jose Valle;285.0;2;Bicicleta,Camión c / Acoplado;Pellegrini ;2;0;0;1;1;0;Autopista;VILLA GOBERNADOR GÁLVEZ;Rosario;Asfalto;Pavimento;II;S/D;Urbana;Otra Señal;No existe;Intersección;Bueno;Buena;Nocturna;Buen Tiempo;De alcance,Múltiple;Ciclista;Colisión;Ninguna;Horizontal,Vertical
4596;2021;26/6/2021;Sabado;21:00:00;;0.0;2;Moto/Ciclomotor,Automóvil;Av. A del Valle Y Facundo Quiroga;2;0;0;1;1;0;Avenida;SANTA FE;La Capital;Asfalto;No existe;I;S/D;Urbana;Otra Señal;No existe;Intersección;Bueno;Buena;Nocturna;Buen Tiempo;De alcance,Múltiple;S/D;Colisión;Ninguna;Faltante
4597;2021;26/6/2021;Sabado;11:30:00;;0.0;2;Peatón,Moto/Ciclomotor;Camino Interprovincial 1800;2;0;0;1;1;0;Calle;FRONTERA;Castellanos;Asfalto;No existe;V;S/D;Urbana;Otra Señal;No existe;Intersección;Bueno;S/D;Diurna;S/D;De alcance,Múltiple;Peatón;Colisión;Ninguna;Faltante
4598;2021;26/6/2021;Sabado;11:00:00;;0.0;2;Vehículo Oficial,Moto/Ciclomotor;Av. Mitre Y Simón de Iriondo;2;1;0;1;0;0;Avenida;RECREO;La Capital;Asfalto;No existe;I;Dentro;Urbana;Otra Señal;No existe;Intersección;Bueno;S/D;Diurna;S/D;Lateral;S/D;Colisión;Ninguna;Faltante
4599;2021;26/6/2021;Sabado;10:15:00;;0.0;2;Pickup/Utilitario,Moto/Ciclomotor;Calle 111 ;2;1;0;1;0;0;Calle;RECONQUISTA;General Obligado;S/D;S/D;IX;Dentro;Urbana;Otra Señal;S/D;Intersección;S/D;S/D;S/D;S/D;Lateral;S/D;Colisión;S/D;S/D
4600;2021;26/6/2021;Sabado;18:15:00;;0.0;2;Pickup/Utilitario,Moto/Ciclomotor;Calle 37-Bvard. Lovato Y Calle 18-Belgrano;4;3;0;1;0;0;Avenida;RECONQUISTA;General Obligado;Asfalto;No existe;IX;Dentro;Urbana;Otra Señal;No existe;Intersección;Bueno;S/D;Diurna;S/D;Lateral;S/D;Colisión;Ninguna;Horizontal
4601;2021;26/6/2021;Sabado;17:45:00;;0.0;2;Moto/Ciclomotor,Pickup/Utilitario;Calle 11 ;4;3;0;1;0;0;Calle;AVELLANEDA;General Obligado;S/D;S/D;IX;Dentro;Urbana;Otra Señal;S/D;Intersección;S/D;S/D;S/D;S/D;Lateral;S/D;Colisión;S/D;S/D
4602;2021;26/6/2021;Sabado;17:55:00;;0.0;2;Automóvil,Moto/Ciclomotor;Calle 47-Islas Malvinas Y Calle 30-Lucas Funes;3;1;0;2;0;0;Calle;RECONQUISTA;General Obligado;Asfalto;No existe;IX;Dentro;Urbana;Otra Señal;No existe;Intersección;Bueno;S/D;Diurna;S/D;Lateral;S/D;Colisión;Ninguna;Faltante
4603;2021;26/6/2021;Sabado;15:05:00;;0.0;2;Automóvil,Moto/Ciclomotor;25 de Mayo Y Bv C Pellegrini;2;1;0;1;0;0;Avenida;SAN JUSTO;San Justo;Asfalto;No existe;XVI;Dentro;Urbana;Otra Señal;No existe;Intersección;Bueno;Buena;Diurna;Buen Tiempo;Múltiple;S/D;Colisión;Ninguna;Faltante
4604;2021;26/6/2021;Sabado;00:30:00;;0.0;1;Moto/Ciclomotor;Derqui ;1;1;0;0;0;0;S/D;ROSARIO;Constitución;S/D;S/D;II;Dentro;Urbana;Otra Señal;S/D;Intersección;S/D;S/D;Nocturna;S/D;Múltiple;S/D;Colisión;S/D;S/D
4605;2021;26/6/2021;Sabado;09:30:00;;0.0;2;Automóvil,Moto/Ciclomotor;Av. A del Valle Y Gorriti;3;1;0;1;0;0;Avenida;SANTA FE;Constitución;Asfalto;No existe;I;Dentro;Urbana;Otra Señal;Funciona;Intersección;Bueno;Buena;Diurna;Buen Tiempo;Múltiple;S/D;Colisión;Ninguna;Horizontal,Vertical
4606;2021;26/6/2021;Sabado;04:00:00;Ruta Provincial 4;8.0;1;Automóvil; ;2;0;0;1;0;0;Ruta;NELSON;Constitución;Asfalto;No existe;I;Dentro;Urbana;Otra Señal;No existe;Intersección;Bueno;Buena;Nocturna;Buen Tiempo;Múltiple;S/D;Colisión;Ninguna;Horizontal
4607;2021;26/6/2021;Sabado;14:40:00;;0.0;2;Moto/Ciclomotor,Automóvil;Av. Juan Domingo Perón Y Nogues;2;0;0;1;0;0;Calle;VILLA GOBERNADOR GÁLVEZ;Constitución;Asfalto;No existe;II;Dentro;Urbana;Otra Señal;No existe;Intersección;Bueno;Buena;Diurna;Buen Tiempo;Múltiple;S/D;Colisión;Ninguna;Vertical
4608;2021;26/6/2021;Sabado;04:30:00;;0.0;1;Otros; ;1;0;0;0;0;0;S/D;ROSARIO;Rosario;S/D;S/D;II;S/D;S/D;Otra Señal;S/D;Intersección;S/D;S/D;Nocturna;S/D;Múltiple;S/D;Colisión;S/D;S/D
4609;2021;26/6/2021;Sabado;13:45:00;;0.0;2;Moto/Ciclomotor,Taxi/Remis;Ayacucho Y Marco Polo;4;1;0;1;0;0;Calle;ROSARIO;Rosario;Asfalto;No existe;II;Dentro;Urbana;Otra Señal;No existe;Intersección;Bueno;Buena;Diurna;Buen Tiempo;Múltiple;S/D;Colisión;Ninguna;Horizontal
4610;2021;27/6/2021;Domingo;00:10:00;;0.0;2;Bicicleta,Automóvil;Hipólito Yrigoyen Y San Martin;2;1;0;1;0;0;Calle;SANTA FE;La Capital;Asfalto;No existe;I;Dentro;Urbana;Otra Señal;No existe;Intersección;Bueno;Buena;Nocturna,Con luz artificial;Buen Tiempo;De alcance,Múltiple;Ciclista;Colisión;Ninguna;Faltante
4611;2021;27/6/2021;Domingo;19:00:00;;0.0;2;Moto/Ciclomotor,Automóvil;Irigoyen Y Silverio Córdoba;2;1;0;1;0;0;Calle;SAN LORENZO;San Lorenzo;Asfalto;No existe;XVII;Dentro;Urbana;Otra Señal;No existe;Intersección;Bueno;Buena;Atardecer;Buen Tiempo;De alcance,Múltiple;S/D;Colisión;Ninguna;Faltante
4612;2021;27/6/2021;Domingo;22:50:00;;0.0;1;Automóvil;Islas Malvinas 4200;1;1;0;0;0;0;Calle;SAN LORENZO;San Lorenzo;Asfalto;No existe;XVII;Dentro;Urbana;Otra Señal;No existe;Intersección;Bueno;Buena;Diurna;Buen Tiempo;De alcance,Múltiple;S/D;Colisión;Ninguna;Faltante
4613;2021;27/6/2021;Domingo;;Ruta Provincial 93;0.0;1;Automóvil; ;1;1;0;0;0;0;Ruta;HUGHES;General LÓPEZ;Asfalto;Natural;VIII;Fuera;Rural;Otra Señal;No existe;Intersección;Bueno;S/D;S/D;S/D;De alcance,Múltiple;S/D;Colisión;Ninguna;Horizontal
4614;2021;27/6/2021;Domingo;18:50:00;Ruta Nacional A012;0.0;3;Pickup/Utilitario,Camión c / Acoplado,Automóvil; ;4;1;0;3;0;0;Ruta;ROLDÁN;San Lorenzo;Asfalto;Pavimento;XVII;Dentro;Urbana;Otra Señal;No existe;Intersección;Bueno;S/D;Diurna;S/D;De alcance,Múltiple;S/D;Colisión;Ninguna;Horizontal
4615;2021;27/6/2021;Domingo;;;0.0;2;Moto/Ciclomotor,Automóvil;Av. 64 Y Calle 53;2;1;0;1;0;0;Avenida;VILLA CAÑAS;General LÓPEZ;S/D;S/D;II;Dentro;Urbana;Otra Señal;S/D;Intersección;S/D;S/D;S/D;S/D;De alcance,Múltiple;S/D;Colisión;S/D;S/D