ID_Accidente;A�o;Fecha;Dia;Hopra;Ruta/Autop;km;Participantes;Tipo;Lugar;Total;Heridos Leves;Heridos Graves;Ilesos;Fallecidos;Sin datos;desc_tipo_via;desc_loc;desc_dpto;|;desc_tipo_banquina;desc_unidad_regional;desc_lugar_calzada;desc_zona;desc_prioridad;desc_estado_semaforo;desc_lugar_via;desc_estado_via;desc_estado_visibilidad;desc_luminosidad;desc_estado_clima;desc_tipo_colision;desc_tipo_atropello;desc_tipo_hecho;desc_pres_calzada;desc_senializacion
4616;2021;27/6/2021;Domingo;03:30:00;;0.0;2;Vehículo Oficial,Automóvil;Av. Francia Y San Juan;6;1;0;5;0;0;Avenida;ROSARIO;Rosario;Asfalto;No existe;II;Dentro;Urbana;Otra Señal;Funciona;Intersección;Bueno;Buena;Nocturna,Con luz artificial;Buen Tiempo;De alcance,Múltiple;S/D;Colisión;Ninguna;Horizontal,Vertical
4617;2021;27/6/2021;Domingo;14:00:00;Ruta Provincial 91;0.0;1;Automóvil; ;1;1;0;0;0;0;Ruta;CAÑADA DE GÓMEZ;Iriondo;Asfalto;Natural;X;Fuera;Rural;Otra Señal;No existe;Intersección;Bueno;S/D;Diurna;S/D;S/D;S/D;Colisión;Ninguna;Horizontal
4618;2021;27/6/2021;Domingo;17:55:00;;0.0;2;Automóvil,Moto/Ciclomotor;Castelli Y Libertad;2;1;0;1;0;0;Calle;CAÑADA DE GÓMEZ;Iriondo;S/D;S/D;X;Dentro;Urbana;Otra Señal;S/D;Intersección;S/D;S/D;Diurna;S/D;Lateral;S/D;Colisión;S/D;S/D
4619;2021;27/6/2021;Domingo;15:30:00;;0.0;1;Moto/Ciclomotor;N Figueredo Y Sarmiento;1;1;0;0;0;0;Calle;SAN JUSTO;San Justo;Tierra;No existe;XVI;Dentro;Urbana;Otra Señal;No existe;Intersección;Bueno;Buena;Amanecer;S/D;Múltiple;S/D;Colisión;Ninguna;Faltante
4620;2021;27/6/2021;Domingo;20:30:00;;0.0;1;Otros; ;1;1;0;0;0;0;S/D;ROSARIO;Constitución;S/D;S/D;II;S/D;S/D;Otra Señal;S/D;Intersección;S/D;S/D;S/D;S/D;Múltiple;S/D;Colisión;S/D;S/D
4621;2021;27/6/2021;Domingo;21:10:00;;0.0;1;Automóvil;Av. Pellegrini ;1;1;0;0;0;0;Avenida;ROSARIO;Constitución;S/D;S/D;II;Dentro;Urbana;Otra Señal;S/D;Intersección;S/D;S/D;Nocturna;S/D;Múltiple;S/D;Colisión;S/D;S/D
4622;2021;27/6/2021;Domingo;20:00:00;;0.0;1;Moto/Ciclomotor;Av. Pellegrini ;1;1;0;0;0;0;Avenida;ROSARIO;Constitución;S/D;S/D;II;Dentro;Urbana;Otra Señal;S/D;Intersección;S/D;S/D;Nocturna;S/D;Múltiple;S/D;Colisión;S/D;S/D
4623;2021;27/6/2021;Domingo;;;0.0;1;Moto/Ciclomotor; ;1;1;0;0;0;0;S/D;ROLDÁN;Constitución;S/D;S/D;II;S/D;S/D;Otra Señal;S/D;Intersección;S/D;S/D;S/D;S/D;Múltiple;S/D;Colisión;S/D;S/D
4624;2021;27/6/2021;Domingo;17:35:00;;0.0;2;Automóvil,Moto/Ciclomotor;9 de Julio Y Bolivia;3;2;0;0;0;0;Calle;TOSTADO;Constitución;Ripio;No existe;XII;Dentro;Urbana;Otra Señal;No existe;Intersección;Bueno;Buena;Diurna;Buen Tiempo;Múltiple;S/D;Colisión;Ninguna;Faltante
4625;2021;27/6/2021;Domingo;16:30:00;;0.0;1;Moto/Ciclomotor;Brown Y L N Alem;1;0;0;0;0;0;Calle;SAN LORENZO;Constitución;Asfalto;No existe;XVII;Dentro;Urbana;Otra Señal;No existe;Intersección;S/D;S/D;Diurna;S/D;Múltiple;S/D;Colisión;S/D;Faltante
4626;2021;27/6/2021;Domingo;18:00:00;;0.0;1;Otros;Av. Provincias Unidas ;1;0;0;0;0;0;Avenida;ROSARIO;Rosario;Asfalto;S/D;II;Dentro;Urbana;Otra Señal;S/D;Intersección;S/D;Buena;Diurna;S/D;Múltiple;S/D;Colisión;S/D;S/D
4627;2021;28/6/2021;Lunes;08:30:00;;0.0;2;Moto/Ciclomotor,Moto/Ciclomotor;Av. Urquiza Y Suipacha;2;1;0;1;0;0;Avenida;SANTA FE;La Capital;Asfalto;No existe;I;Dentro;Urbana;Otra Señal;Funciona;Intersección;Bueno;Buena;Diurna;Buen Tiempo;De alcance,Múltiple;S/D;Colisión;Ninguna;Vertical
4628;2021;28/6/2021;Lunes;21:15:00;;0.0;2;Moto/Ciclomotor,Automóvil;Suipacha Y 9 de Julio;2;1;0;1;0;0;Calle;SANTA FE;La Capital;Asfalto;No existe;I;Dentro;Urbana;Otra Señal;Funciona;Intersección;Bueno;Buena;Nocturna;Buen Tiempo;De alcance,Múltiple;S/D;Colisión;Ninguna;Horizontal,Vertical
4629;2021;28/6/2021;Lunes;17:00:00;;0.0;2;Automóvil,Automóvil;Alfonso Duran Y Santiago de Chile;2;1;0;1;0;0;Avenida;SANTA FE;La Capital;Asfalto;No existe;I;Dentro;Urbana;Otra Señal;No existe;Intersección;Bueno;Buena;Diurna;Buen Tiempo;De alcance,Múltiple;S/D;Colisión;Ninguna;Faltante
4630;2021;28/6/2021;Lunes;09:00:00;Ruta Provincial 2;0.0;2;Moto/Ciclomotor,Automóvil;Ruta pcial 2 Av. San Martin ;2;1;0;1;0;0;Ruta;MONTE VERA;La Capital;Asfalto;Ripio;I;Dentro;Urbana;Otra Señal;No existe;Intersección;Bueno;Reducida;Amanecer;Otro;De alcance,Múltiple;S/D;Colisión;Ninguna;Faltante
4631;2021;28/6/2021;Lunes;17:00:00;;0.0;2;Automóvil,Moto/Ciclomotor;1ro de Mayo Y Rivadavia;2;1;0;1;0;0;Calle;NELSON;La Capital;Asfalto;No existe;I;Dentro;Urbana;Otra Señal;No existe;Intersección;Bueno;Buena;Diurna;Buen Tiempo;De alcance,Múltiple;S/D;Colisión;Ninguna;Faltante
4632;2021;28/6/2021;Lunes;11:40:00;;0.0;2;Moto/Ciclomotor,Automóvil;Candioti Y Gorostiaga;2;1;0;1;0;0;Calle;SANTA FE;La Capital;Asfalto;No existe;I;Dentro;Urbana;Otra Señal;No existe;Intersección;Bueno;Buena;Diurna;Buen Tiempo;De alcance,Múltiple;S/D;Colisión;Ninguna;Faltante
4633;2021;28/6/2021;Lunes;10:10:00;;0.0;2;Bicicleta,Camión Chasis;Pje. Cachi Bis Y Schweitzer;2;1;0;1;0;0;Calle;ROSARIO;Rosario;Asfalto;No existe;II;Dentro;Urbana;Otra Señal;No existe;Intersección;Deteriorada;S/D;Diurna;S/D;De alcance,Múltiple;Ciclista;Colisión;S/D;Faltante
4634;2021;28/6/2021;Lunes;20:00:00;;0.0;2;Automóvil,Moto/Ciclomotor;Av. Provincias Unidas Y Vélez Sarsfield;2;1;0;1;0;0;Avenida;ROSARIO;Rosario;Asfalto;No existe;II;Dentro;Urbana;Otra Señal;Funciona;Intersección;Bueno;Buena;Diurna,Con luz artificial;Buen Tiempo;De alcance,Múltiple;S/D;Colisión;Ninguna;Horizontal,Vertical
4635;2021;28/6/2021;Lunes;18:00:00;;0.0;2;Automóvil,Moto/Ciclomotor;French Y Solís;3;2;0;1;0;0;Calle;ROSARIO;Rosario;Asfalto;No existe;II;Dentro;Urbana;Otra Señal;No existe;Intersección;Bueno;S/D;Diurna;Buen Tiempo;De alcance,Múltiple;S/D;Colisión;Ninguna;Faltante
4636;2021;28/6/2021;Lunes;08:00:00;;0.0;2;Bicicleta,Moto/Ciclomotor;AV SORRENTO Y JUAN PABLO II;2;1;0;1;0;0;Avenida;ROSARIO;Rosario;Asfalto;No existe;II;Dentro;Urbana;Otra Señal;Funciona;Intersección;Bueno;Buena;Diurna;Buen Tiempo;De alcance,Múltiple;Ciclista;Colisión;Ninguna;Horizontal,Vertical
4637;2021;28/6/2021;Lunes;09:20:00;;0.0;2;Automóvil,Automóvil;Colon Y Riobamba;2;1;0;1;0;0;Calle;ROSARIO;Rosario;Asfalto;No existe;II;Dentro;Urbana;Otra Señal;No existe;Intersección;Bueno;Buena;Diurna;Buen Tiempo;De alcance,Múltiple;S/D;Colisión;Ninguna;Horizontal
4638;2021;28/6/2021;Lunes;15:30:00;;0.0;2;Taxi/Remis,Taxi/Remis;Albert Sabin Y Bv. Avellaneda;3;1;0;2;0;0;Avenida;ROSARIO;Rosario;Asfalto;No existe;II;Dentro;Urbana;Otra Señal;Funciona;Intersección;Bueno;Buena;Diurna;Buen Tiempo;De alcance,Múltiple;S/D;Colisión;Ninguna;Horizontal,Vertical
4639;2021;28/6/2021;Lunes;15:40:00;;0.0;2;Moto/Ciclomotor,Automóvil;Bv. Oroño Y Garibaldi;2;1;0;1;0;0;Avenida;ROSARIO;Rosario;Asfalto;No existe;II;Dentro;Urbana;Otra Señal;Funciona;Intersección;Bueno;Buena;Diurna;Buen Tiempo;De alcance,Múltiple;S/D;Colisión;Ninguna;Horizontal,Vertical
4640;2021;28/6/2021;Lunes;;;0.0;2;Automóvil,Moto/Ciclomotor; ;2;1;0;1;0;0;Calle;ESPERANZA;Las Colonias;S/D;S/D;XI;Dentro;Urbana;Otra Señal;No existe;Intersección;S/D;S/D;S/D;S/D;De alcance,Múltiple;S/D;Colisión;S/D;S/D
4641;2021;28/6/2021;Lunes;16:20:00;;0.0;1;Moto/Ciclomotor;BUENOS AIRES Y MATHEU;1;1;0;0;0;0;Calle;VENADO TUERTO;General LÓPEZ;S/D;S/D;VIII;Dentro;Urbana;Otra Señal;S/D;Intersección;S/D;S/D;Diurna;S/D;Atropello animal;S/D;Colisión;S/D;S/D
4642;2021;28/6/2021;Lunes;17:00:00;;0.0;1;Bicicleta;Av. Dr. Luis Chapuis Y Fernando Azcoaga;1;1;0;0;0;0;Avenida;VENADO TUERTO;General LÓPEZ;Asfalto;S/D;VIII;Dentro;Urbana;Otra Señal;S/D;Intersección;S/D;S/D;Diurna;S/D;S/D;S/D;Colisión;S/D;S/D
4643;2021;28/6/2021;Lunes;13:00:00;Ruta Provincial 13;0.0;2;Automóvil,Bicicleta;R Balbín ;2;1;0;1;0;0;Ruta;SUNCHALES;Castellanos;Asfalto;Natural;V;Dentro;Urbana;Otra Señal;No existe;Intersección;Bueno;Buena;Diurna;Otro;Múltiple;Ciclista;Colisión;Ninguna;Faltante
4644;2021;28/6/2021;Lunes;20:00:00;;0.0;1;Otros; ;1;1;0;0;0;0;S/D;ROSARIO;Constitución;S/D;S/D;II;S/D;S/D;Otra Señal;S/D;Intersección;S/D;S/D;S/D;S/D;Múltiple;S/D;Colisión;S/D;S/D
4645;2021;29/6/2021;Martes;12:10:00;;0.0;2;Automóvil,Automóvil;Av. San Martin Y Rivadavia;4;3;0;1;0;0;Avenida;HUMBOLDT;Las Colonias;Asfalto;No existe;XI;Dentro;Urbana;Otra Señal;No existe;Intersección;Bueno;Buena;Diurna;Buen Tiempo;De alcance,Múltiple;S/D;Colisión;Ninguna;Faltante
4646;2021;29/6/2021;Martes;15:30:00;;0.0;2;Moto/Ciclomotor,Moto/Ciclomotor;Cesar M Pittier Y Mariano Moreno;2;1;0;1;0;0;Calle;ESPERANZA;Las Colonias;Asfalto;No existe;XI;Dentro;Urbana;Otra Señal;No existe;Intersección;Bueno;Buena;Diurna;Buen Tiempo;De alcance,Múltiple;S/D;Colisión;Ninguna;Faltante
4647;2021;29/6/2021;Martes;14:00:00;;0.0;2;Peatón,Moto/Ciclomotor;Av. Mosconi Y Lisandro de la Torre;3;0;0;2;1;0;Avenida;SANTA FE;La Capital;Asfalto;No existe;I;Dentro;Urbana;Otra Señal;No existe;Intersección;Bueno;Buena;Diurna;Buen Tiempo;De alcance,Múltiple;Peatón;Colisión;Ninguna;Faltante
4648;2021;29/6/2021;Martes;17:00:00;;0.0;2;Moto/Ciclomotor,Automóvil;Av. Blas Parera 5800;2;1;0;1;0;0;Avenida;SANTA FE;La Capital;Asfalto;No existe;I;Dentro;Urbana;Otra Señal;No existe;Intersección;Bueno;Buena;Diurna;Buen Tiempo;De alcance,Múltiple;S/D;Colisión;Ninguna;Horizontal
4649;2021;29/6/2021;Martes;14:50:00;;0.0;2;Automóvil,Moto/Ciclomotor;Av. Gral. Paz Y Ayacucho;2;0;0;1;0;1;Avenida;SANTA FE;La Capital;Asfalto;No existe;I;Dentro;Urbana;Otra Señal;No existe;Intersección;Otro;S/D;Diurna;Otro;De alcance,Múltiple;S/D;Colisión;Otro;Faltante
4650;2021;29/6/2021;Martes;11:25:00;;0.0;2;Moto/Ciclomotor,Automóvil;P Cullen Y Pavón;2;0;0;0;0;2;Calle;SANTA FE;La Capital;Asfalto;No existe;I;Dentro;Urbana;Otra Señal;No existe;Intersección;Otro;S/D;Diurna;Otro;De alcance,Múltiple;S/D;Colisión;Otro;Faltante
4651;2021;29/6/2021;Martes;19:45:00;;0.0;2;Bicicleta,Automóvil;Laurencio Maradona 100;2;1;0;1;0;0;Calle;SANTA FE;La Capital;Asfalto;No existe;I;Dentro;Urbana;Otra Señal;No existe;Intersección;Bueno;Buena;Nocturna;Buen Tiempo;De alcance,Múltiple;Ciclista;Colisión;Ninguna;Faltante
4652;2021;29/6/2021;Martes;16:00:00;;0.0;2;Moto/Ciclomotor,Automóvil;A Lezama Y E Alemán;2;1;0;1;0;0;Calle;VERA;Vera;Asfalto;No existe;XIX;Dentro;Urbana;Otra Señal;No existe;Intersección;Bueno;Buena;Diurna;Buen Tiempo;De alcance,Múltiple;S/D;Colisión;Ninguna;Faltante
4653;2021;29/6/2021;Martes;16:25:00;Ruta Nacional 11;0.0;2;Automóvil,Moto/Ciclomotor;Av. San Martin Y Urquiza;2;1;0;1;0;0;Ruta;SAN LORENZO;San Lorenzo;Asfalto;No existe;XIX;Dentro;Urbana;Otra Señal;No existe;Intersección;Bueno;Buena;Diurna;Buen Tiempo;De alcance,Múltiple;S/D;Colisión;Ninguna;Faltante
4654;2021;29/6/2021;Martes;13:50:00;;0.0;2;Pickup/Utilitario,Moto/Ciclomotor;Belgrano Y Simón de Iriondo;2;1;0;1;0;0;Calle;LAS ROSAS;Belgrano;Asfalto;No existe;III;Dentro;Urbana;Otra Señal;No existe;Intersección;Bueno;Buena;Diurna;Buen Tiempo;De alcance,Múltiple;S/D;Colisión;Ninguna;Vertical
4655;2021;29/6/2021;Martes;13:15:00;;0.0;2;Taxi/Remis,Moto/Ciclomotor;Iriondo Y Urquiza;5;2;0;3;0;0;Calle;ROSARIO;Rosario;Asfalto;No existe;II;Dentro;Urbana;Otra Señal;No existe;Intersección;Bueno;Buena;Diurna;Buen Tiempo;De alcance,Múltiple;S/D;Colisión;Ninguna;Horizontal
4656;2021;29/6/2021;Martes;11:00:00;Ruta Nacional 9;0.0;2;Automóvil,Automóvil;Castilla la Vieja Y Ruta Nacional 9;2;2;0;0;0;0;Ruta;ROLDÁN;San Lorenzo;Asfalto,Tierra;Natural;XVII;Dentro;Urbana;Otra Señal;No existe;Intersección;Bueno;S/D;Diurna;S/D;De alcance,Múltiple;S/D;Colisión;Ninguna;Horizontal
4657;2021;29/6/2021;Martes;;;0.0;1;Moto/Ciclomotor;Av. Gral. San Martin Y Belgrano;1;1;0;0;0;0;Avenida;VILLA GOBERNADOR GÁLVEZ;Rosario;S/D;S/D;II;Dentro;Urbana;Otra Señal;S/D;Intersección;S/D;S/D;S/D;S/D;S/D;S/D;Colisión;S/D;S/D
4658;2021;29/6/2021;Martes;18:45:00;Ruta Nacional 11;870.0;2;Moto/Ciclomotor,Moto/Ciclomotor; ;3;3;0;0;0;0;Ruta;VILLA OCAMPO;General Obligado;Asfalto;Natural;IX;Dentro;Rural;Otra Señal;No existe;Intersección;Bueno;S/D;Diurna;S/D;De alcance;S/D;Colisión;Ninguna;Horizontal
4659;2021;29/6/2021;Martes;;;0.0;2;Pickup/Utilitario,Automóvil;Mariano Comas Y San Jerónimo;5;5;0;0;0;0;Calle;SANTA FE;La Capital;Asfalto;No existe;I;Dentro;Urbana;Otra Señal;No existe;Intersección;Bueno;S/D;Diurna;S/D;Lateral;S/D;Colisión;Ninguna;Horizontal
4660;2021;29/6/2021;Martes;07:50:00;Autovía Nacional 19;90.0;1;Camión; ;1;1;0;0;0;0;Autovía;CLUCELLAS;Castellanos;Asfalto;Natural;V;Dentro;Rural;Otra Señal;No existe;Intersección;Bueno;S/D;Diurna;Buen Tiempo;S/D;S/D;Colisión;Ninguna;Horizontal
4661;2021;29/6/2021;Martes;14:35:00;;0.0;1;Moto/Ciclomotor;Coronel Dorrego Y López;1;1;0;0;0;0;Calle;VENADO TUERTO;General LÓPEZ;Tierra;No existe;VIII;Dentro;Urbana;Otra Señal;No existe;Intersección;Deteriorada;S/D;Diurna;S/D;Contra objeto fijo;S/D;Colisión;Ninguna;Faltante
4662;2021;29/6/2021;Martes;17:30:00;;0.0;2;Automóvil,Bicicleta;Almafuerte Y Bartolomé Mitre;2;1;0;1;0;0;Calle;VENADO TUERTO;General LÓPEZ;Asfalto;No existe;VIII;Dentro;Urbana;Otra Señal;No existe;Intersección;Bueno;S/D;Diurna;S/D;S/D;Ciclista;Colisión;Ninguna;Horizontal
4663;2021;29/6/2021;Martes;17:30:00;;0.0;2;Automóvil,Automóvil;Juan Carlos Alberdi Y Leandro N Alem;2;2;0;0;0;0;Avenida;VENADO TUERTO;General LÓPEZ;Asfalto;No existe;VIII;Dentro;Urbana;Otra Señal;No existe;Intersección;Bueno;S/D;Diurna;S/D;Lateral;S/D;Colisión;Ninguna;Horizontal
4664;2021;29/6/2021;Martes;18:15:00;;0.0;2;Automóvil,Moto/Ciclomotor;España Y Maipú;2;1;0;1;0;0;Calle;VENADO TUERTO;General LÓPEZ;Asfalto;No existe;VIII;Dentro;Urbana;Otra Señal;No existe;Intersección;Bueno;S/D;Diurna;Otro;Lateral;S/D;Colisión;Ninguna;Faltante
4665;2021;29/6/2021;Martes;12:20:00;;0.0;2;Moto/Ciclomotor,Automóvil;Calle 23-Gral López Y Calle 20 9 de Julio;3;2;0;1;0;0;Calle;RECONQUISTA;General Obligado;Asfalto;No existe;IX;Dentro;Urbana;Otra Señal;No existe;Intersección;Bueno;S/D;Diurna;S/D;Múltiple;S/D;Colisión;Ninguna;Faltante
4666;2021;29/6/2021;Martes;19:00:00;;0.0;1;Bicicleta;Av. Pellegrini ;1;1;0;0;0;0;S/D;ROSARIO;Constitución;S/D;S/D;II;Dentro;Urbana;Otra Señal;S/D;Intersección;S/D;S/D;Nocturna;S/D;Múltiple;S/D;Colisión;S/D;S/D
4667;2021;29/6/2021;Martes;14:30:00;;0.0;1;Moto/Ciclomotor;Mariano Moreno 3720;1;1;0;0;0;0;Calle;ROSARIO;Constitución;S/D;S/D;II;S/D;Urbana;Otra Señal;S/D;Intersección;S/D;S/D;Diurna;S/D;Múltiple;S/D;Colisión;S/D;S/D
4668;2021;29/6/2021;Martes;17:00:00;;0.0;1;Automóvil; ;1;1;0;0;0;0;S/D;ROSARIO;Constitución;S/D;S/D;II;S/D;S/D;Otra Señal;S/D;Intersección;S/D;S/D;Diurna;S/D;Múltiple;S/D;Colisión;S/D;S/D
4669;2021;29/6/2021;Martes;12:10:00;;0.0;2;Automóvil,Moto/Ciclomotor;Corrientes Y Sarmiento;2;0;0;1;0;0;Calle;SAN CARLOS CENTRO;Constitución;Asfalto;No existe;XI;Dentro;Urbana;Otra Señal;No existe;Intersección;Bueno;Buena;Diurna;Buen Tiempo;Múltiple;S/D;Colisión;Ninguna;Faltante
4670;2021;29/6/2021;Martes;07:50:00;;0.0;3;Moto/Ciclomotor,Camión Chasis,Camión;Av. Arijon Y Vera Mujica;3;0;0;2;0;0;Avenida;ROSARIO;Constitución;Asfalto;No existe;II;Dentro;Urbana;Otra Señal;No existe;Intersección;Bueno;Buena;Diurna;Buen Tiempo;Múltiple;S/D;Colisión;Ninguna;Vertical
4671;2021;29/6/2021;Martes;19:10:00;;0.0;2;Moto/Ciclomotor,Automóvil;Alberdi Y Santa Clara;3;0;0;2;0;0;Calle;SAN JOSÉ DE LA ESQUINA;Caseros;Asfalto;No existe;IV;Dentro;Urbana;Otra Señal;No existe;Intersección;Bueno;S/D;Diurna;Buen Tiempo;Múltiple;S/D;Colisión;S/D;Faltante
4672;2021;30/6/2021;Miercoles;14:00:00;;0.0;2;Moto/Ciclomotor,Automóvil;Francia Y Hipólito Yrigoyen;2;1;0;1;0;0;Calle;SANTA FE;La Capital;Asfalto;No existe;I;Dentro;Urbana;Otra Señal;No existe;Intersección;Bueno;Buena;Diurna;Buen Tiempo;De alcance,Múltiple;S/D;Colisión;Ninguna;Faltante
4673;2021;30/6/2021;Miercoles;10:10:00;;0.0;2;Peatón,Moto/Ciclomotor;Mendoza Y Santiago de Chile;2;1;0;1;0;0;Calle;SANTA FE;La Capital;Asfalto;No existe;I;Dentro;Urbana;Otra Señal;No existe;Intersección;Bueno;Buena;Diurna;Buen Tiempo;De alcance,Múltiple;Ciclista;Colisión;Ninguna;Horizontal
4674;2021;30/6/2021;Miercoles;06:10:00;;0.0;2;Moto/Ciclomotor,Automóvil;Av. López y Planes 4300;2;1;0;1;0;0;Avenida;SANTA FE;La Capital;Asfalto;No existe;I;Dentro;Urbana;Otra Señal;Funciona;Intersección;Bueno;Buena;Diurna;Buen Tiempo;De alcance,Múltiple;S/D;Colisión;Ninguna;Horizontal,Vertical
4675;2021;30/6/2021;Miercoles;14:20:00;;0.0;2;Automóvil,Moto/Ciclomotor;Balcarce Y Mariano Candioti;2;1;0;1;0;0;Calle;SANTO TOMÉ;La Capital;Asfalto;No existe;I;Dentro;Urbana;Otra Señal;No existe;Intersección;Bueno;Buena;Diurna;Buen Tiempo;De alcance,Múltiple;S/D;Colisión;Ninguna;Faltante
4676;2021;30/6/2021;Miercoles;17:50:00;;0.0;2;Automóvil,Automóvil;Av. Gral. Paz Y Pje Calcena;6;2;0;2;0;2;Avenida;SANTA FE;La Capital;Asfalto;No existe;I;Dentro;Urbana;Otra Señal;No existe;Intersección;Bueno;Buena;Diurna;Buen Tiempo;De alcance,Múltiple;S/D;Colisión;Ninguna;Horizontal
4677;2021;30/6/2021;Miercoles;12:25:00;;0.0;2;Moto/Ciclomotor,Automóvil;General López Y Urquiza;2;1;0;1;0;0;Avenida;SAN LORENZO;San Lorenzo;Asfalto;No existe;XVII;Dentro;Urbana;Otra Señal;Funciona;Intersección;Bueno;Buena;Diurna;Buen Tiempo;De alcance,Múltiple;S/D;Colisión;Ninguna;Horizontal,Vertical
4678;2021;30/6/2021;Miercoles;18:20:00;;0.0;2;Moto/Ciclomotor,Automóvil;Cabo A Coronel Y Chile;3;2;0;1;0;0;Calle;TOSTADO;9 de Julio;Ripio;No existe;XII;Dentro;Urbana;Otra Señal;No existe;Intersección;Bueno;Buena;Diurna;Buen Tiempo;De alcance,Múltiple;S/D;Colisión;Material Suelto;Faltante
4679;2021;30/6/2021;Miercoles;11:50:00;;0.0;2;Moto/Ciclomotor,Automóvil;Dorrego Y Granadero Baigorria;2;1;0;1;0;0;Calle;SAN LORENZO;San Lorenzo;Asfalto;No existe;XVII;Dentro;Urbana;Otra Señal;No existe;Intersección;Bueno;Buena;Diurna;Buen Tiempo;De alcance,Múltiple;S/D;Colisión;Ninguna;Faltante
4680;2021;30/6/2021;Miercoles;12:15:00;;0.0;1;Moto/Ciclomotor;Eva Perón 1245;1;1;0;0;0;0;Calle;SAN LORENZO;San Lorenzo;Asfalto;No existe;XVII;Dentro;Urbana;Otra Señal;No existe;Intersección;Bueno;Buena;Diurna;Buen Tiempo;De alcance,Múltiple;S/D;Colisión;Ninguna;Faltante
4681;2021;30/6/2021;Miercoles;;;0.0;2;Moto/Ciclomotor,Automóvil;San Luis Y Suipacha;2;1;0;1;0;0;Avenida;SANTA FE;La Capital;Asfalto;No existe;I;Dentro;Urbana;Otra Señal;Funciona;Intersección;Bueno;Buena;S/D;S/D;De alcance,Múltiple;S/D;Colisión;Ninguna;Horizontal,Vertical
4682;2021;30/6/2021;Miercoles;;;0.0;2;Bicicleta,Automóvil; ;3;1;0;2;0;0;S/D;CASILDA;Caseros;S/D;S/D;IV;S/D;S/D;Otra Señal;S/D;Intersección;S/D;S/D;S/D;S/D;De alcance,Múltiple;Ciclista;Colisión;S/D;S/D
4683;2021;30/6/2021;Miercoles;05:30:00;Ruta Nacional 11;782.0;2;Pickup/Utilitario,Camión c / Semirremolque;Ruta Nacional 11 ;3;2;0;0;1;0;Ruta;RECONQUISTA;General Obligado;Asfalto;Natural;IX;S/D;Rural;Otra Señal;No existe;Intersección;Bueno;S/D;Nocturna;Buen Tiempo;De alcance,Múltiple;S/D;Colisión;Ninguna;Faltante
4684;2021;30/6/2021;Miercoles;;;0.0;2;Tractor,Peatón; ;2;1;0;1;0;0;Camino Rural;SUNCHALES;Castellanos;Tierra;S/D;V;Dentro;Rural;Otra Señal;S/D;Intersección;S/D;S/D;S/D;S/D;S/D;Peatón;Colisión;S/D;S/D
4685;2021;30/6/2021;Miercoles;;;0.0;2;Automóvil,Moto/Ciclomotor;Avenida Belgrano Y Dentesano;3;1;0;2;0;0;Avenida;SUNCHALES;Castellanos;Asfalto;S/D;V;Dentro;Urbana;Otra Señal;No existe;Intersección;Bueno;S/D;S/D;S/D;Lateral;S/D;Colisión;Ninguna;Faltante
4686;2021;30/6/2021;Miercoles;11:00:00;;0.0;2;Moto/Ciclomotor,Moto/Ciclomotor;Calle 47-Islas Malvinas 2700;2;2;0;0;0;0;Calle;RECONQUISTA;General Obligado;S/D;S/D;IX;Dentro;Urbana;Otra Señal;S/D;Intersección;S/D;S/D;Diurna;S/D;S/D;S/D;Colisión;S/D;S/D
4687;2021;30/6/2021;Miercoles;11:00:00;;0.0;2;Moto/Ciclomotor,Bicicleta;Roca Pte. 2450;4;3;0;1;0;0;Calle;RECONQUISTA;General Obligado;Asfalto;No existe;IX;Dentro;Urbana;Otra Señal;No existe;Intersección;Bueno;S/D;Diurna;S/D;S/D;Ciclista;Colisión;Ninguna;Faltante
4688;2021;30/6/2021;Miercoles;18:00:00;;0.0;2;Taxi/Remis,Automóvil;Gutiérrez Y 9 de Julio;3;2;0;0;0;1;Calle;SANTA FE;La Capital;Asfalto;No existe;I;Dentro;Urbana;Otra Señal;No existe;Intersección;Bueno;S/D;Diurna;S/D;Lateral;S/D;Colisión;Ninguna;Faltante
4689;2021;30/6/2021;Miercoles;09:45:00;;0.0;2;Bicicleta,Automóvil;J M De Rosas Y Santa Fe;2;1;0;1;0;0;Calle;SAN JUSTO;San Justo;Hormigón;No existe;XVI;Dentro;Urbana;Otra Señal;No existe;Intersección;Bueno;Buena;Diurna;Buen Tiempo;Múltiple;Ciclista;Colisión;Ninguna;Faltante
4690;2021;30/6/2021;Miercoles;11:50:00;;0.0;2;Automóvil,Moto/Ciclomotor;Av. Iriondo Y N Figueredo;2;1;0;1;0;0;Avenida;SAN JUSTO;San Justo;Hormigón;No existe;XVI;Dentro;Urbana;Otra Señal;No existe;Intersección;Bueno;Buena;Diurna;Buen Tiempo;Múltiple;S/D;Colisión;Ninguna;Faltante
4691;2021;30/6/2021;Miercoles;18:20:00;;0.0;2;Moto/Ciclomotor,Automóvil;El Ceibo 190;2;1;0;1;0;0;Calle;SAN LORENZO;San Lorenzo;S/D;S/D;XVII;Dentro;Urbana;Otra Señal;S/D;Intersección;S/D;S/D;S/D;S/D;Múltiple;S/D;Colisión;S/D;S/D