ID_Accidente;A�o;Fecha;Dia;Hopra;Ruta/Autop;km;Participantes;Tipo;Lugar;Total;Heridos Leves;Heridos Graves;Ilesos;Fallecidos;Sin datos;desc_tipo_via;desc_loc;desc_dpto;|;desc_tipo_banquina;desc_unidad_regional;desc_lugar_calzada;desc_zona;desc_prioridad;desc_estado_semaforo;desc_lugar_via;desc_estado_via;desc_estado_visibilidad;desc_luminosidad;desc_estado_clima;desc_tipo_colision;desc_tipo_atropello;desc_tipo_hecho;desc_pres_calzada;desc_senializacion
4692;2021;30/6/2021;Miercoles;16:15:00;;0.0;1;Automóvil; ;1;1;0;0;0;0;S/D;ROSARIO;Constitución;S/D;S/D;II;S/D;S/D;Otra Señal;S/D;Intersección;S/D;S/D;Diurna;S/D;Múltiple;S/D;Colisión;S/D;S/D
4693;2021;30/6/2021;Miercoles;15:00:00;;0.0;1;Automóvil; ;1;1;0;0;0;0;S/D;ROSARIO;Constitución;S/D;S/D;II;S/D;S/D;Otra Señal;S/D;Intersección;S/D;S/D;Diurna;S/D;Múltiple;S/D;Colisión;S/D;S/D
4694;2021;30/6/2021;Miercoles;15:00:00;;0.0;1;Moto/Ciclomotor;Bv. 27 De Febrero Y Bv. Avellaneda;1;1;0;0;0;0;Avenida;ROSARIO;Constitución;S/D;S/D;II;S/D;Urbana;Otra Señal;S/D;Intersección;S/D;S/D;Diurna;S/D;Múltiple;S/D;Colisión;S/D;S/D
4695;2021;30/6/2021;Miercoles;14:30:00;;0.0;2;Moto/Ciclomotor,Automóvil;Riobamba Y Alsina;2;1;0;0;0;1;Calle;ROSARIO;Constitución;S/D;S/D;II;S/D;Urbana;Otra Señal;S/D;Intersección;S/D;S/D;Diurna;S/D;Múltiple;S/D;Colisión;S/D;S/D
4696;2021;30/6/2021;Miercoles;;Ruta Provincial 14;0.0;1;Automóvil; ;3;1;0;1;0;0;Ruta;MARÍA TERESA;Constitución;Asfalto;Natural;VIII;S/D;S/D;Otra Señal;No existe;Intersección;Bueno;S/D;S/D;S/D;Múltiple;S/D;Colisión;Ninguna;Horizontal
4697;2021;30/6/2021;Miercoles;09:00:00;;0.0;2;Bicicleta,Pickup/Utilitario;J M Estrada Y Tucumán;2;0;0;1;0;0;Calle;VILLA GOBERNADOR GÁLVEZ;Constitución;Asfalto;No existe;II;Dentro;Urbana;Otra Señal;No existe;Intersección;Bueno;S/D;Diurna;S/D;Múltiple;Ciclista;Colisión;Ninguna;Faltante
4698;2021;30/6/2021;Miercoles;03:55:00;;0.0;1;Moto/Ciclomotor;Av. De Las Palmeras ;1;0;0;0;0;0;Avenida;ROSARIO;Rosario;Asfalto;S/D;II;S/D;Urbana;Otra Señal;S/D;Intersección;S/D;S/D;Nocturna;S/D;Múltiple;S/D;Colisión;S/D;S/D
4699;2021;30/6/2021;Miercoles;19:00:00;;0.0;1;Automóvil;Lavalle ;1;0;0;0;0;0;Calle;ROSARIO;Rosario;S/D;S/D;II;S/D;Urbana;Otra Señal;S/D;Intersección;S/D;S/D;Nocturna;S/D;Múltiple;S/D;Colisión;S/D;S/D
4700;2021;30/6/2021;Miercoles;03:30:00;;0.0;2;Peatón,Otros; ;2;0;0;0;0;1;S/D;ROSARIO;Rosario;S/D;S/D;II;S/D;S/D;Otra Señal;S/D;Intersección;S/D;S/D;Nocturna;S/D;Múltiple;Peatón;Colisión;S/D;S/D
4701;2021;30/6/2021;Miercoles;22:00:00;;0.0;1;Moto/Ciclomotor;Cerrito 3700;1;0;0;0;0;0;Calle;ROSARIO;Rosario;Asfalto;No existe;II;Dentro;Urbana;Otra Señal;No existe;Intersección;Bueno;S/D;Nocturna;S/D;Múltiple;S/D;Colisión;S/D;S/D
4702;2021;1/7/2021;Jueves;17:00:00;;0.0;2;Moto/Ciclomotor,Taxi/Remis;Av. Bermúdez Y Caupolicán;2;1;0;1;0;0;Avenida;ROSARIO;Rosario;Asfalto;No existe;II;Dentro;Urbana;Otra Señal;No existe;Intersección;Bueno;Buena;Diurna;Buen Tiempo;Múltiple;S/D;Colisión;Ninguna;Faltante
4703;2021;1/7/2021;Jueves;16:10:00;;0.0;2;Moto/Ciclomotor,Automóvil;Necochea Y Viamonte;2;1;0;1;0;0;Calle;ROSARIO;Rosario;Asfalto;No existe;II;Dentro;Urbana;Otra Señal;No existe;Intersección;Bueno;Buena;Diurna;Buen Tiempo;Múltiple;S/D;Colisión;Ninguna;Horizontal,Vertical
4704;2021;1/7/2021;Jueves;;Ruta Provincial 2;275.0;1;Automóvil; ;5;2;0;3;0;0;Ruta;ESTEBAN RAMS;9 de Julio;Asfalto;Natural;XII;Dentro;Urbana;Otra Señal;No existe;Intersección;Bueno;Buena;Amanecer;Buen Tiempo;Múltiple;S/D;Colisión;Ninguna;Horizontal
4705;2021;1/7/2021;Jueves;18:15:00;;0.0;2;Moto/Ciclomotor,Pickup/Utilitario;Bv San Martin Y Caseros;2;1;0;1;0;0;Avenida;SAN CRISTÓBAL;San CRISTÓBAL;Asfalto;No existe;XIII;Dentro;Urbana;Otra Señal;No existe;Intersección;Bueno;Buena;Atardecer;Buen Tiempo;Múltiple;S/D;Colisión;Ninguna;Faltante
4706;2021;1/7/2021;Jueves;11:45:00;;0.0;2;Automóvil,Moto/Ciclomotor;Simón de Iriondo 4400;2;1;0;1;0;0;Calle;ESPERANZA;Las Colonias;Asfalto;No existe;XI;Dentro;Urbana;Otra Señal;No existe;Intersección;Bueno;Buena;Diurna;Buen Tiempo;Múltiple;S/D;Colisión;Ninguna;Horizontal
4707;2021;1/7/2021;Jueves;12:00:00;;0.0;2;Moto/Ciclomotor,Pickup/Utilitario;Rivadavia Y San Martin;2;1;0;1;0;0;Calle;CALCHAQUÍ;Vera;Asfalto;No existe;XIX;Dentro;Urbana;Otra Señal;No existe;Intersección;Bueno;Buena;Diurna;Buen Tiempo;Múltiple;S/D;Colisión;Ninguna;Faltante
4708;2021;1/7/2021;Jueves;10:00:00;;0.0;2;Moto/Ciclomotor,Automóvil;Av. Belgrano Y Tucumán;2;1;0;1;0;0;Avenida;ROSARIO;Rosario;Asfalto;No existe;II;Dentro;Urbana;Otra Señal;No existe;Intersección;Bueno;Buena;Diurna;Buen Tiempo;Múltiple;S/D;Colisión;Ninguna;Horizontal,Vertical
4709;2021;1/7/2021;Jueves;14:05:00;;0.0;2;Moto/Ciclomotor,Bicicleta;R Mudry Y Soldado Gómez;2;1;0;1;0;0;Calle;VERA;Vera;Asfalto;No existe;XIX;Dentro;Urbana;Otra Señal;No existe;Intersección;Bueno;Buena;Diurna;Buen Tiempo;Múltiple;Ciclista;Colisión;Ninguna;Faltante
4710;2021;1/7/2021;Jueves;16:00:00;Autopista Nacional A008;0.0;2;Peatón,Moto/Ciclomotor;Av. Circunvalación Y F.M.Esquiu;2;1;0;1;0;0;Autopista;ROSARIO;Rosario;Asfalto;No existe;II;Dentro;Urbana;Otra Señal;No existe;Intersección;Bueno;Buena;Diurna;Buen Tiempo;Múltiple;Peatón;Colisión;Ninguna;Faltante
4711;2021;1/7/2021;Jueves;18:40:00;Ruta Provincial 21;0.0;2;Bicicleta,Moto/Ciclomotor;Av. Gral. San Martin Y Mitre;2;1;0;1;0;0;Ruta;VILLA GOBERNADOR GÁLVEZ;Rosario;Asfalto;No existe;II;Dentro;Urbana;Otra Señal;No existe;Intersección;Bueno;Buena;Con luz artificial;Buen Tiempo;Múltiple;Ciclista;Colisión;Ninguna;Horizontal,Vertical
4712;2021;1/7/2021;Jueves;07:30:00;;0.0;2;Moto/Ciclomotor,Automóvil;Hernandarias Y Las Heras;2;1;0;1;0;0;Calle;SANTA FE;La Capital;Asfalto;No existe;I;Dentro;Urbana;Otra Señal;No existe;Intersección;Bueno;Buena;Diurna;Buen Tiempo;Múltiple;S/D;Colisión;Ninguna;Faltante
4713;2021;1/7/2021;Jueves;12:55:00;;0.0;2;Pickup/Utilitario,Moto/Ciclomotor;Córdoba Y Frutos;2;1;0;1;0;0;Calle;SANTO TOMÉ;La Capital;Asfalto;No existe;I;Dentro;Urbana;Otra Señal;No existe;Intersección;Bueno;Buena;Diurna;Buen Tiempo;Múltiple;S/D;Colisión;Ninguna;Faltante
4714;2021;1/7/2021;Jueves;17:10:00;;0.0;1;Moto/Ciclomotor;Córdoba Y Sarmiento;3;3;0;0;0;0;Calle;FRAY LUIS BELTRÁN;San Lorenzo;Asfalto;No existe;XVII;Dentro;Urbana;Otra Señal;No existe;Intersección;Bueno;Buena;Diurna;Buen Tiempo;Múltiple;S/D;Colisión;Ninguna;Faltante
4715;2021;1/7/2021;Jueves;14:30:00;;0.0;2;Moto/Ciclomotor,Automóvil;Bv Estanislao López Y Las Heras;2;1;0;1;0;0;Avenida;ROLDÁN;San Lorenzo;Asfalto;No existe;XVII;Dentro;Urbana;Otra Señal;No existe;Intersección;Bueno;S/D;Diurna;S/D;Múltiple;S/D;Colisión;S/D;Faltante
4716;2021;1/7/2021;Jueves;11:45:00;;0.0;2;Moto/Ciclomotor,Moto/Ciclomotor;Av. San Martin Y P Fournier;2;1;0;1;0;0;Avenida;SAN LORENZO;San Lorenzo;Asfalto;No existe;XVII;Dentro;Urbana;Otra Señal;No existe;Intersección;S/D;S/D;Diurna;S/D;Múltiple;S/D;Colisión;S/D;Faltante
4717;2021;1/7/2021;Jueves;19:00:00;;0.0;2;Moto/Ciclomotor,Automóvil;Junín Y San Luis;2;1;0;1;0;0;Calle;SANTA FE;La Capital;Asfalto;No existe;I;Dentro;Urbana;Otra Señal;No existe;Intersección;Bueno;Buena;Nocturna,Con luz artificial;Buen Tiempo;Múltiple;S/D;Colisión;Ninguna;Horizontal
4718;2021;1/7/2021;Jueves;12:30:00;;0.0;2;Bicicleta,Automóvil;9 de Julio 2364;2;1;0;1;0;0;Calle;SANTA FE;La Capital;Asfalto;No existe;I;Dentro;Urbana;Otra Señal;No existe;Intersección;Bueno;Buena;Diurna;Buen Tiempo;Múltiple;Ciclista;Colisión;Ninguna;Faltante
4719;2021;1/7/2021;Jueves;12:20:00;;0.0;2;Moto/Ciclomotor,Automóvil;Calle 16 Gral. Obligado Y Calle 25-Rivadavia;2;1;0;1;0;0;Calle;RECONQUISTA;General Obligado;Asfalto;No existe;IX;Dentro;Urbana;Otra Señal;No existe;Intersección;Bueno;Buena;Diurna;Buen Tiempo;Múltiple;S/D;Colisión;Ninguna;Faltante
4720;2021;1/7/2021;Jueves;08:15:00;;0.0;2;Bicicleta,Moto/Ciclomotor;San Juan Y Tucumán;2;1;0;0;0;1;Calle;SANTA FE;La Capital;Asfalto;No existe;I;Dentro;Urbana;Otra Señal;No existe;Intersección;Bueno;Buena;Diurna;Buen Tiempo;Múltiple;Ciclista;Colisión;Ninguna;Faltante
4721;2021;1/7/2021;Jueves;09:30:00;;0.0;1;Moto/Ciclomotor;Fco Angeloni 2571;1;1;0;0;0;0;Calle;SAN JUSTO;San Justo;Asfalto;No existe;XVI;Dentro;Urbana;Otra Señal;No existe;Intersección;Bueno;Buena;Diurna;Buen Tiempo;Múltiple;S/D;Colisión;Ninguna;Faltante
4722;2021;1/7/2021;Jueves;17:05:00;;0.0;2;Automóvil,Moto/Ciclomotor;Av. Freyre Y La Rioja;5;3;0;2;0;0;Avenida;SANTA FE;La Capital;Hormigón;No existe;I;Dentro;Urbana;Otra Señal;No existe;Intersección;Bueno;Buena;Diurna;Buen Tiempo;Múltiple;S/D;Colisión;Ninguna;Horizontal,Vertical
4723;2021;1/7/2021;Jueves;10:10:00;;0.0;2;Automóvil,Moto/Ciclomotor;Av. Urquiza Y Catamarca;2;1;0;1;0;0;Avenida;SANTA FE;La Capital;Asfalto;No existe;I;Dentro;Urbana;Otra Señal;Funciona;Intersección;Bueno;Buena;Diurna;Buen Tiempo;Múltiple;S/D;Colisión;Ninguna;Horizontal,Vertical
4724;2021;1/7/2021;Jueves;16:15:00;;0.0;2;Automóvil,Moto/Ciclomotor;Gaboto Y Londres;3;2;0;0;0;1;Calle;ROSARIO;Rosario;Asfalto;No existe;II;Dentro;Urbana;Otra Señal;No existe;Intersección;S/D;S/D;Diurna;S/D;Múltiple;S/D;Colisión;S/D;Faltante
4725;2021;1/7/2021;Jueves;;;0.0;2;Automóvil,Moto/Ciclomotor;Lamadrid Y Mariano Moreno;2;1;0;1;0;0;Calle;ROSARIO;Rosario;Asfalto;No existe;II;Dentro;Urbana;Otra Señal;No existe;Intersección;S/D;S/D;S/D;S/D;Múltiple;S/D;Colisión;S/D;Vertical
4726;2021;1/7/2021;Jueves;07:50:00;Ruta Provincial 65;15.0;2;Automóvil,Tren; ;4;3;0;1;0;0;Ruta;ESTACIÓN DÍAZ;San JERÓNIMO;Asfalto;Ripio;XV;Dentro;Urbana;Otra Señal;No existe;Intersección;S/D;S/D;Diurna;S/D;Múltiple;S/D;Colisión;S/D;Horizontal,Vertical
4727;2021;1/7/2021;Jueves;17:00:00;;0.0;2;Moto/Ciclomotor,Moto/Ciclomotor;Boulevard Centenario Y Golianich;2;1;0;1;0;0;Avenida;CAÑADA DE GÓMEZ;Iriondo;Asfalto;No existe;X;Dentro;Urbana;Otra Señal;No existe;Intersección;Bueno;Buena;Diurna;Buen Tiempo;Múltiple;S/D;Colisión;Ninguna;Faltante
4728;2021;1/7/2021;Jueves;07:15:00;;0.0;2;Moto/Ciclomotor,Automóvil;Suipacha 800;2;1;0;1;0;0;Calle;SAN LORENZO;San Lorenzo;Asfalto;No existe;XVII;Dentro;Urbana;Otra Señal;No existe;Intersección;Bueno;S/D;Diurna;Buen Tiempo;Múltiple;S/D;Colisión;S/D;Faltante
4729;2021;1/7/2021;Jueves;;;0.0;1;Otros;Simón de Iriondo Y General San Martin;1;0;0;0;1;0;Calle;DIEGO DE ALVEAR;Constitución;S/D;S/D;VIII;Dentro;Urbana;Otra Señal;S/D;Intersección;S/D;S/D;S/D;S/D;Múltiple;S/D;Colisión;S/D;S/D
4730;2021;1/7/2021;Jueves;16:30:00;;0.0;1;Automóvil; ;1;1;0;0;0;0;S/D;ROSARIO;Constitución;S/D;S/D;II;S/D;S/D;Otra Señal;S/D;Intersección;S/D;S/D;Diurna;S/D;Múltiple;S/D;Colisión;S/D;S/D
4731;2021;1/7/2021;Jueves;21:00:00;;0.0;1;Moto/Ciclomotor; ;1;1;0;0;0;0;S/D;ROSARIO;Constitución;S/D;S/D;II;S/D;S/D;Otra Señal;S/D;Intersección;S/D;S/D;Nocturna;S/D;Múltiple;S/D;Colisión;S/D;S/D
4732;2021;1/7/2021;Jueves;23:00:00;;0.0;1;Moto/Ciclomotor; ;1;1;0;0;0;0;S/D;ROSARIO;Constitución;S/D;S/D;II;S/D;S/D;Otra Señal;S/D;Intersección;S/D;S/D;Nocturna;S/D;Múltiple;S/D;Colisión;S/D;S/D
4733;2021;1/7/2021;Jueves;;;0.0;1;Moto/Ciclomotor;Olegario V.Andrade Y Paraguay;1;1;0;0;0;0;Calle;ROSARIO;Constitución;S/D;S/D;II;S/D;S/D;Otra Señal;S/D;Intersección;S/D;S/D;S/D;S/D;Múltiple;S/D;Colisión;S/D;S/D
4734;2021;1/7/2021;Jueves;20:45:00;;0.0;2;Moto/Ciclomotor,Automóvil;Cafferata Y Garibaldi;2;0;0;0;0;1;Calle;ROSARIO;Constitución;Asfalto;No existe;II;Dentro;Urbana;Otra Señal;No existe;Intersección;Bueno;Buena;Nocturna,Con luz artificial;Buen Tiempo;Múltiple;S/D;Colisión;Ninguna;Faltante
4735;2021;1/7/2021;Jueves;15:45:00;Ruta Nacional 98;0.0;2;Moto/Ciclomotor,Moto/Ciclomotor;Querandíes Y Republica Argentina;2;0;0;1;0;0;Ruta;TOSTADO;Constitución;Asfalto,Ripio;No existe;XII;Dentro;Urbana;Otra Señal;No existe;Intersección;Bueno;Buena;Atardecer;Buen Tiempo;Múltiple;S/D;Colisión;Ninguna;Faltante
4736;2021;1/7/2021;Jueves;17:10:00;;0.0;2;Moto/Ciclomotor,Pickup/Utilitario;Larrea Y Las Heras;2;0;0;1;0;0;Calle;SANTA FE;Constitución;Asfalto;No existe;I;Dentro;Urbana;Otra Señal;No existe;Intersección;Bueno;Buena;Diurna;Buen Tiempo;Múltiple;S/D;Colisión;Ninguna;Faltante
4737;2021;1/7/2021;Jueves;09:40:00;Ruta Secundaria 41-s;17.0;2;Automóvil,Pickup/Utilitario; ;2;1;0;0;0;0;Ruta;BERNARDO DE IRIGOYEN;Constitución;Asfalto,Tierra;Natural;XV;Dentro;Rural;Otra Señal;No existe;Intersección;Bueno;Buena;Diurna;Buen Tiempo;Múltiple;S/D;Colisión;Ninguna;Faltante
4738;2021;1/7/2021;Jueves;16:50:00;;0.0;2;Moto/Ciclomotor,Automóvil;Crespo Y Saavedra;3;0;0;0;0;1;Calle;ROSARIO;Rosario;Asfalto;No existe;II;Dentro;Urbana;Otra Señal;No existe;Intersección;Bueno;Buena;Diurna;Buen Tiempo;Múltiple;S/D;Colisión;Ninguna;Faltante
4739;2021;2/7/2021;Viernes;16:20:00;;0.0;1;Moto/Ciclomotor; ;1;0;0;0;1;0;Camino Rural;MACIEL;San JERÓNIMO;Tierra;No existe;XV;S/D;Rural;Otra Señal;No existe;Intersección;S/D;Buena;Diurna;Buen Tiempo;S/D;S/D;Colisión;S/D;S/D
4740;2021;2/7/2021;Viernes;18:10:00;;0.0;2;Automóvil,Moto/Ciclomotor;Melincue Y Rui Barbosa;2;1;0;1;0;0;Calle;ROSARIO;Rosario;Asfalto;No existe;II;Dentro;Urbana;Otra Señal;No existe;Intersección;Bueno;Buena;Diurna;Buen Tiempo;Múltiple;S/D;Colisión;Ninguna;Faltante
4741;2021;2/7/2021;Viernes;19:15:00;;0.0;2;Pickup/Utilitario,Moto/Ciclomotor;Hilarion de la Quintana Y Leiva;2;1;0;1;0;0;Calle;ROSARIO;Rosario;Asfalto;No existe;II;Dentro;Urbana;Otra Señal;No existe;Intersección;Bueno;Buena;Atardecer,Con luz artificial;Buen Tiempo;Múltiple;S/D;Colisión;Ninguna;Faltante
4742;2021;2/7/2021;Viernes;09:05:00;;0.0;1;Moto/Ciclomotor;La Paz Y L.N.Alem;1;1;0;0;0;0;Calle;ROSARIO;Rosario;Asfalto;No existe;II;Dentro;Urbana;Otra Señal;No existe;Intersección;Bueno;Buena;Diurna;Buen Tiempo;Múltiple;S/D;Colisión;Ninguna;Horizontal,Vertical
4743;2021;2/7/2021;Viernes;14:20:00;;0.0;2;Bicicleta,Automóvil;BV. Oroño Y MORCILLO;2;1;0;1;0;0;Avenida;ROSARIO;Rosario;Asfalto;No existe;II;Dentro;Urbana;Otra Señal;No existe;Intersección;Bueno;Buena;Diurna;Buen Tiempo;Múltiple;S/D;Colisión;Ninguna;Horizontal,Vertical
4744;2021;2/7/2021;Viernes;18:30:00;;0.0;2;Automóvil,Moto/Ciclomotor;Héctor Estela Y Hipólito Irigoyen;2;1;0;1;0;0;Calle;TOSTADO;9 de Julio;Ripio;No existe;XII;Dentro;Urbana;Otra Señal;No existe;Intersección;Bueno;Buena;Atardecer;Buen Tiempo;Múltiple;S/D;Colisión;Ninguna;Faltante
4745;2021;2/7/2021;Viernes;;;0.0;2;Pickup/Utilitario,Moto/Ciclomotor;CAMINO RURAL ;3;2;0;1;0;0;Camino Rural;HELVECIA;Garay;S/D;S/D;VII;Dentro;Rural;Otra Señal;S/D;Intersección;S/D;S/D;S/D;S/D;Múltiple;S/D;Colisión;S/D;S/D
4746;2021;2/7/2021;Viernes;08:10:00;;0.0;2;Moto/Ciclomotor,Automóvil;Almafuerte Y Mariano Moreno;4;1;0;3;0;0;Calle;ESPERANZA;Las Colonias;Asfalto;No existe;XI;Dentro;Urbana;Otra Señal;No existe;Intersección;Bueno;Buena;Diurna;Buen Tiempo;Múltiple;S/D;Colisión;Ninguna;Horizontal,Vertical
4747;2021;2/7/2021;Viernes;14:20:00;;0.0;2;Moto/Ciclomotor,Automóvil;A Méndez Y Moreno;2;2;0;0;0;0;Calle;VERA;Vera;Tierra;No existe;XIX;Dentro;Urbana;Otra Señal;No existe;Intersección;Con baches,Resbaladiza;Buena;Diurna;Buen Tiempo;Múltiple;S/D;Colisión;Material Suelto;Faltante
4748;2021;2/7/2021;Viernes;12:00:00;;0.0;2;Automóvil,Moto/Ciclomotor;BV TERUGGI Y JACARANDA;3;1;0;2;0;0;Avenida;ZAVALLA;Rosario;Ripio;No existe;II;Dentro;Urbana;Otra Señal;No existe;Intersección;Bueno;Buena;Diurna;Buen Tiempo;Múltiple;S/D;Colisión;Ninguna;Faltante
4749;2021;2/7/2021;Viernes;19:10:00;;0.0;2;Peatón,Pickup/Utilitario;Ferrarotti 3200;2;1;0;1;0;0;Calle;ROSARIO;Rosario;Asfalto;No existe;II;Dentro;Urbana;Otra Señal;No existe;Intersección;Bueno;Buena;Atardecer;S/D;Múltiple;Peatón;Colisión;Ninguna;Faltante
4750;2021;2/7/2021;Viernes;08:00:00;;0.0;2;Taxi/Remis,Peatón;Av. A del Valle Y Hernandarias;2;1;0;1;0;0;Avenida;SANTA FE;La Capital;Asfalto;No existe;I;Dentro;Urbana;Otra Señal;Funciona;Intersección;Bueno;Buena;Diurna;Buen Tiempo;Múltiple;Peatón;Colisión;Ninguna;Horizontal,Vertical
4751;2021;2/7/2021;Viernes;12:55:00;;0.0;2;Moto/Ciclomotor,Moto/Ciclomotor;Hernandarias Y Rivadavia;2;2;0;0;0;0;Calle;SANTA FE;La Capital;Asfalto;No existe;I;Dentro;Urbana;Otra Señal;No existe;Intersección;Bueno;Buena;Diurna;Buen Tiempo;Múltiple;S/D;Colisión;Ninguna;Faltante
4752;2021;2/7/2021;Viernes;18:10:00;;0.0;2;Moto/Ciclomotor,Moto/Ciclomotor;Alberdi Y Larrea;3;2;0;1;0;0;Calle;SANTA FE;La Capital;Asfalto;No existe;I;Dentro;Urbana;Otra Señal;No existe;Intersección;Bueno;Buena;Atardecer;Buen Tiempo;Múltiple;S/D;Colisión;Ninguna;Faltante
4753;2021;2/7/2021;Viernes;12:20:00;;0.0;2;Automóvil,Moto/Ciclomotor;Juan José Paso Y Pres Domingo Faustino Sarmiento;3;1;0;2;0;0;Calle;SANTO TOMÉ;La Capital;Asfalto;No existe;I;Dentro;Urbana;Otra Señal;No existe;Intersección;Bueno;Buena;Diurna;Buen Tiempo;Múltiple;S/D;Colisión;Ninguna;Faltante
4754;2021;2/7/2021;Viernes;13:35:00;;0.0;2;Moto/Ciclomotor,Moto/Ciclomotor;C Vega Y Dr. Daniel Cantoia;2;1;0;1;0;0;Calle;SAN LORENZO;San Lorenzo;Asfalto;No existe;XVII;Dentro;Urbana;Otra Señal;No existe;Intersección;Bueno;Buena;Diurna;Buen Tiempo;Múltiple;S/D;Colisión;Ninguna;Faltante
4755;2021;2/7/2021;Viernes;18:55:00;;0.0;2;Moto/Ciclomotor,Automóvil;Av. San Martin Y Suiza;2;1;0;1;0;0;Avenida;SAN LORENZO;San Lorenzo;Asfalto;No existe;XVII;Dentro;Urbana;Otra Señal;No existe;Intersección;S/D;S/D;Diurna;S/D;Múltiple;S/D;Colisión;S/D;Vertical
4756;2021;2/7/2021;Viernes;13:00:00;;0.0;2;Moto/Ciclomotor,Automóvil;Domingo Faustino Sarmiento Y G Lehmann;2;1;0;1;0;0;Calle;ESPERANZA;Las Colonias;Asfalto;No existe;XI;Dentro;Urbana;Otra Señal;No existe;Intersección;Bueno;Buena;Diurna;Buen Tiempo;Múltiple;S/D;Colisión;Ninguna;Faltante
4757;2021;2/7/2021;Viernes;12:20:00;;0.0;2;Moto/Ciclomotor,Automóvil;Cándido Pujato Y Pedro Alejandro Vittori;2;1;0;1;0;0;Calle;SANTA FE;La Capital;Asfalto;No existe;I;Dentro;Urbana;Otra Señal;Funciona;Intersección;Bueno;Buena;Diurna;Buen Tiempo;Múltiple;S/D;Colisión;Ninguna;Horizontal,Vertical
4758;2021;2/7/2021;Viernes;14:45:00;;0.0;2;Automóvil,Automóvil;Monseñor Zaspe Y Rivadavia;6;1;0;5;0;0;Calle;SAN JAVIER;San Javier;Tierra;No existe;XIV;Dentro;Urbana;Otra Señal;No existe;Intersección;Bueno;Buena;Diurna;Buen Tiempo;Múltiple;S/D;Colisión;Ninguna;Faltante
4759;2021;2/7/2021;Viernes;15:45:00;;0.0;2;Automóvil,Moto/Ciclomotor;Fco Angeloni Y S Martin;2;1;0;1;0;0;Calle;SAN JUSTO;San Justo;Hormigón;No existe;XVI;Dentro;Urbana;Otra Señal;No existe;Intersección;Bueno;Buena;Diurna;Buen Tiempo;Múltiple;S/D;Colisión;Ninguna;Faltante
4760;2021;2/7/2021;Viernes;;;0.0;1;Moto/Ciclomotor; ;2;2;0;0;0;0;S/D;SANTA FE;La Capital;S/D;S/D;I;S/D;S/D;Otra Señal;S/D;Intersección;S/D;S/D;S/D;S/D;Múltiple;S/D;Colisión;S/D;S/D
4761;2021;2/7/2021;Viernes;11:45:00;;0.0;2;Automóvil,Moto/Ciclomotor;2 de Abril 0;4;1;0;2;0;1;Avenida;VENADO TUERTO;General LÓPEZ;Asfalto;No existe;VIII;Dentro;Urbana;Otra Señal;No existe;Intersección;Bueno;Buena;Diurna;Buen Tiempo;Múltiple;S/D;Colisión;Ninguna;Faltante
4762;2021;2/7/2021;Viernes;12:40:00;Ruta Nacional 8;0.0;2;Moto/Ciclomotor,Otros;Ruta Nac 8 Y Vuelta de Obligado;2;1;0;0;0;1;Ruta;VENADO TUERTO;General LÓPEZ;Asfalto;No existe;VIII;Dentro;Urbana;Otra Señal;No existe;Intersección;Bueno;Buena;Diurna;Buen Tiempo;Múltiple;S/D;Colisión;Ninguna;Horizontal
4763;2021;2/7/2021;Viernes;13:15:00;;0.0;2;Moto/Ciclomotor,Moto/Ciclomotor;Carlos Pellegrini Y Gral. Manuel Belgrano;3;2;0;0;0;1;Calle;VENADO TUERTO;General LÓPEZ;Asfalto;No existe;VIII;Dentro;Urbana;Otra Señal;No existe;Intersección;Bueno;Buena;Diurna;Buen Tiempo;Múltiple;S/D;Colisión;Ninguna;Vertical
4764;2021;2/7/2021;Viernes;21:35:00;;0.0;2;Moto/Ciclomotor,Moto/Ciclomotor;Calle 2-Constituyentes Y Calle 21-Gdor. Iriondo;2;1;0;1;0;0;Calle;RECONQUISTA;General Obligado;Tierra;No existe;IX;Dentro;Urbana;Otra Señal;No existe;Intersección;Bueno;Buena;Diurna;Buen Tiempo;Múltiple;S/D;Colisión;Ninguna;Faltante
4765;2021;2/7/2021;Viernes;21:40:00;Ruta Nacional 11;0.0;1;Moto/Ciclomotor;Calle 1 - Independencia Y Calle 34;1;1;0;0;0;0;Ruta;RECONQUISTA;General Obligado;Asfalto;Pavimento;IX;Dentro;Urbana;Otra Señal;Funciona;Intersección;Bueno;Buena;Diurna;Buen Tiempo;Múltiple;S/D;Colisión;Ninguna;Horizontal,Vertical
4766;2021;2/7/2021;Viernes;19:25:00;;0.0;2;Moto/Ciclomotor,Automóvil;Calle 202 Y Calle 207;2;1;0;1;0;0;Calle;AVELLANEDA;General Obligado;S/D;No existe;IX;Dentro;Urbana;Otra Señal;No existe;Intersección;S/D;Buena;Atardecer;Buen Tiempo;Múltiple;S/D;Colisión;S/D;S/D
4767;2021;2/7/2021;Viernes;17:15:00;;0.0;1;Bicicleta;Mendoza 5800;1;1;0;0;0;0;Calle;ROSARIO;Constitución;S/D;S/D;II;S/D;Urbana;Otra Señal;S/D;Intersección;S/D;S/D;Diurna;S/D;Múltiple;S/D;Colisión;S/D;S/D
4768;2021;2/7/2021;Viernes;08:30:00;;0.0;2;Automóvil,Automóvil; ;3;1;0;0;0;2;S/D;ROSARIO;Constitución;S/D;S/D;II;S/D;S/D;Otra Señal;S/D;Intersección;S/D;S/D;Diurna;S/D;Múltiple;S/D;Colisión;S/D;S/D