ID_Accidente;A�o;Fecha;Dia;Hopra;Ruta/Autop;km;Participantes;Tipo;Lugar;Total;Heridos Leves;Heridos Graves;Ilesos;Fallecidos;Sin datos;desc_tipo_via;desc_loc;desc_dpto;|;desc_tipo_banquina;desc_unidad_regional;desc_lugar_calzada;desc_zona;desc_prioridad;desc_estado_semaforo;desc_lugar_via;desc_estado_via;desc_estado_visibilidad;desc_luminosidad;desc_estado_clima;desc_tipo_colision;desc_tipo_atropello;desc_tipo_hecho;desc_pres_calzada;desc_senializacion
4769;2021;2/7/2021;Viernes;11:00:00;;0.0;1;Moto/Ciclomotor;Biedma Y Sarmiento;1;1;0;0;0;0;Calle;ROSARIO;Constitución;S/D;S/D;II;S/D;Urbana;Otra Señal;S/D;Intersección;S/D;S/D;Diurna;S/D;Múltiple;S/D;Colisión;S/D;S/D
4770;2021;2/7/2021;Viernes;19:00:00;;0.0;2;Moto/Ciclomotor,Peatón;Superi 2848;2;1;0;0;0;1;Calle;ROSARIO;Constitución;S/D;S/D;II;S/D;Urbana;Otra Señal;S/D;Intersección;S/D;S/D;Diurna;S/D;Múltiple;Peatón;Colisión;S/D;S/D
4771;2021;2/7/2021;Viernes;08:00:00;;0.0;1;Otros; ;2;1;0;0;0;1;S/D;VILLA GOBERNADOR GÁLVEZ;Constitución;S/D;S/D;II;S/D;S/D;Otra Señal;S/D;Intersección;S/D;S/D;Diurna;S/D;Múltiple;S/D;Colisión;S/D;S/D
4772;2021;2/7/2021;Viernes;13:50:00;;0.0;2;Moto/Ciclomotor,Moto/Ciclomotor;Benegas Y Sánchez de Loria;2;1;0;0;0;0;Calle;ROSARIO;Constitución;Asfalto;No existe;II;Dentro;Urbana;Otra Señal;No existe;Intersección;Bueno;Buena;Diurna;Buen Tiempo;Múltiple;S/D;Colisión;Ninguna;Faltante
4773;2021;2/7/2021;Viernes;17:00:00;;0.0;2;Automóvil,Moto/Ciclomotor;Donado Y José Ingenieros;2;0;0;1;0;0;Calle;ROSARIO;Constitución;Asfalto;No existe;II;Dentro;Urbana;Otra Señal;No existe;Intersección;Bueno;Buena;Diurna;Buen Tiempo;Múltiple;S/D;Colisión;Ninguna;Faltante
4774;2021;2/7/2021;Viernes;10:00:00;;0.0;1;Moto/Ciclomotor;Bv B Mitre Y Perú;1;0;0;0;0;0;Avenida;SAN LORENZO;Constitución;Asfalto;No existe;XVII;Dentro;Urbana;Otra Señal;No existe;Intersección;S/D;S/D;Diurna;S/D;Múltiple;S/D;Colisión;S/D;Faltante
4775;2021;2/7/2021;Viernes;04:35:00;;0.0;1;Moto/Ciclomotor;Neuquén Y Reconquista;1;0;0;0;0;0;Calle;TOSTADO;Constitución;Asfalto;S/D;III;Dentro;Urbana;Otra Señal;No existe;Intersección;Bueno;Buena;Diurna;Buen Tiempo;Múltiple;S/D;Colisión;Ninguna;Faltante
4776;2021;3/7/2021;Sabado;11:40:00;Ruta Nacional 11;319.0;2;Bicicleta,Camión c / Acoplado;Av. San Lorenzo ;2;0;0;1;1;0;Ruta;CAPITÁN BERMÚDEZ;San Lorenzo;Asfalto;Pavimento;XVII;S/D;Urbana;Otra Señal;No existe;Intersección;Bueno;Buena;Diurna;Buen Tiempo;S/D;Ciclista;Colisión;Ninguna;Faltante
4777;2021;3/7/2021;Sabado;05:30:00;;0.0;2;Automóvil,Moto/Ciclomotor;MORROW  3700;2;0;0;1;1;0;Calle;ROSARIO;Rosario;Asfalto;Pavimento;II;S/D;Urbana;Otra Señal;No existe;Intersección;Bueno;Buena;Nocturna;Buen Tiempo;Lateral;S/D;Colisión;Ninguna;Vertical
4778;2021;3/7/2021;Sabado;17:00:00;;0.0;2;Moto/Ciclomotor,Moto/Ciclomotor;Bv. 27 De Febrero Y Santiago;3;2;0;0;1;0;Avenida;ROSARIO;Rosario;Asfalto;No existe;II;S/D;Urbana;Otra Señal;No existe;Intersección;Bueno;Buena;Diurna;Buen Tiempo;Lateral;S/D;Colisión;Ninguna;Horizontal
4779;2021;3/7/2021;Sabado;11:50:00;;0.0;2;Automóvil,Moto/Ciclomotor;Ameghino Y Av. Corrientes;2;1;0;1;0;0;Avenida;ROSARIO;Rosario;Asfalto;No existe;II;Dentro;Urbana;Otra Señal;No existe;Intersección;Deteriorada;Buena;Diurna;Buen Tiempo;Múltiple;S/D;Colisión;Ninguna;Vertical
4780;2021;3/7/2021;Sabado;10:30:00;;0.0;2;Peatón,Automóvil;Av. Arijon Y Ayacucho;2;1;0;1;0;0;Avenida;ROSARIO;Rosario;Asfalto;No existe;II;Dentro;Urbana;Otra Señal;Funciona;Intersección;Bueno;Buena;Diurna;Buen Tiempo;Múltiple;Peatón;Colisión;Ninguna;Horizontal,Vertical
4781;2021;3/7/2021;Sabado;02:15:00;;0.0;2;Moto/Ciclomotor,Moto/Ciclomotor;Av. Pellegrini 2700;2;1;0;1;0;0;Avenida;ROSARIO;Rosario;Asfalto;No existe;II;Dentro;Urbana;Otra Señal;Funciona;Intersección;Bueno;Buena;Nocturna;Buen Tiempo;Múltiple;S/D;Colisión;Ninguna;Horizontal,Vertical
4782;2021;3/7/2021;Sabado;11:05:00;;0.0;2;Moto/Ciclomotor,Automóvil;Belgrano Y Juan de Garay;3;2;0;1;0;0;Calle;VERA;Vera;Asfalto;No existe;XIX;Dentro;Urbana;Otra Señal;No existe;Intersección;Bueno;Buena;Diurna;Buen Tiempo;Múltiple;S/D;Colisión;Ninguna;Faltante
4783;2021;3/7/2021;Sabado;11:40:00;Ruta Secundaria 34-s;0.0;2;Automóvil,Pickup/Utilitario;Irigoyen Y Santa Fe;3;2;0;1;0;0;Ruta;FUNES;Rosario;Asfalto;No existe;II;Dentro;Urbana;Otra Señal;No existe;Intersección;Bueno;Buena;Diurna;Buen Tiempo;Múltiple;S/D;Colisión;Ninguna;Faltante
4784;2021;3/7/2021;Sabado;19:20:00;;0.0;2;Moto/Ciclomotor,Automóvil;Azcuénaga Y Sebastián Gaboto;3;2;0;0;0;1;Calle;SANTA FE;La Capital;Asfalto,Tierra;No existe;I;Dentro;Urbana;Otra Señal;No existe;Intersección;Bueno;Buena;Atardecer;Buen Tiempo;Múltiple;S/D;Colisión;Ninguna;Faltante
4785;2021;3/7/2021;Sabado;04:00:00;;0.0;1;Automóvil;Av. Fray Luis Beltrán Y General Richieri;1;1;0;0;0;0;Avenida;FRAY LUIS BELTRÁN;San Lorenzo;Asfalto;No existe;XVII;Dentro;Urbana;Otra Señal;No existe;Intersección;Bueno;Buena;Diurna;Buen Tiempo;Múltiple;S/D;Colisión;Ninguna;Faltante
4786;2021;3/7/2021;Sabado;21:30:00;;0.0;2;Moto/Ciclomotor,Automóvil;Independencia Y Liniers;2;1;0;1;0;0;Calle;ROLDÁN;San Lorenzo;Tierra;No existe;XVII;Dentro;Urbana;Otra Señal;No existe;Intersección;S/D;S/D;Nocturna;S/D;Múltiple;S/D;Colisión;S/D;Faltante
4787;2021;3/7/2021;Sabado;21:00:00;;0.0;2;Pickup/Utilitario,Moto/Ciclomotor;Meyer Y Paraná;2;1;0;1;0;0;Calle;CARCARAÑÁ;San Lorenzo;Asfalto;No existe;XVII;Dentro;Urbana;Otra Señal;No existe;Intersección;Bueno;Buena;Diurna;Buen Tiempo;Múltiple;S/D;Colisión;Ninguna;Faltante
4788;2021;3/7/2021;Sabado;18:20:00;;0.0;2;Automóvil,Moto/Ciclomotor;El Ceibo 190;2;1;0;1;0;0;Calle;PUERTO SAN MARTÍN;San Lorenzo;Asfalto;No existe;XVII;Dentro;Urbana;Otra Señal;No existe;Intersección;Bueno;Buena;Diurna;Buen Tiempo;Múltiple;S/D;Colisión;Ninguna;Faltante
4789;2021;3/7/2021;Sabado;17:35:00;;0.0;2;Bicicleta,Pickup/Utilitario;Lavalle 422;2;1;0;1;0;0;Calle;GÁLVEZ;San JERÓNIMO;Asfalto;No existe;XV;Dentro;Urbana;Otra Señal;No existe;Intersección;Bueno;Buena;Diurna;Buen Tiempo;Múltiple;S/D;Colisión;Ninguna;Faltante
4790;2021;3/7/2021;Sabado;02:00:00;Ruta Provincial 13;252.0;1;Camión; ;2;2;0;0;0;0;Ruta;CAPIVARA;San CRISTÓBAL;Asfalto;No existe;XIII;Dentro;Rural;Otra Señal;No existe;Intersección;Bueno;Buena;Diurna;Buen Tiempo;Múltiple;S/D;Colisión;Ninguna;Horizontal
4791;2021;3/7/2021;Sabado;;;0.0;2;Moto/Ciclomotor,Moto/Ciclomotor;Arturo Illia Y Comisario Valentín Kaiser;2;1;0;1;0;0;Calle;RAFAELA;Castellanos;Asfalto;No existe;V;Dentro;Urbana;Otra Señal;No existe;Intersección;Bueno;Buena;Diurna;Buen Tiempo;Múltiple;S/D;Colisión;Ninguna;Faltante
4792;2021;3/7/2021;Sabado;;;0.0;2;Pickup/Utilitario,Moto/Ciclomotor;Aldao Y Martin Lutter King;2;1;0;1;0;0;Calle;RECREO;La Capital;S/D;No existe;I;Dentro;Urbana;Otra Señal;S/D;Intersección;S/D;S/D;S/D;S/D;Múltiple;S/D;Colisión;Ninguna;S/D
4793;2021;3/7/2021;Sabado;;;0.0;1;Moto/Ciclomotor; ;1;0;0;0;1;0;S/D;RUFINO;Constitución;S/D;S/D;VII;S/D;S/D;Otra Señal;S/D;Intersección;S/D;S/D;S/D;S/D;Múltiple;S/D;Colisión;S/D;S/D
4794;2021;3/7/2021;Sabado;15:30:00;;0.0;1;Automóvil;Rioja Y Castellanos;2;1;0;0;0;1;Calle;ROSARIO;Constitución;S/D;S/D;II;S/D;Urbana;Otra Señal;S/D;Intersección;S/D;S/D;Diurna;S/D;Múltiple;S/D;Colisión;S/D;S/D
4795;2021;3/7/2021;Sabado;11:30:00;;0.0;2;Otros,Peatón;F.More Y Mendoza;2;1;0;0;0;1;Calle;ROSARIO;Constitución;S/D;S/D;II;S/D;Urbana;Otra Señal;S/D;Intersección;S/D;S/D;Diurna;S/D;Múltiple;Peatón;Colisión;S/D;S/D
4796;2021;3/7/2021;Sabado;13:00:00;;0.0;1;Bicicleta;Av. Francia Y Amenábar;1;1;0;0;0;0;Avenida;ROSARIO;Constitución;S/D;S/D;II;S/D;Urbana;Otra Señal;S/D;Intersección;S/D;S/D;Diurna;S/D;Múltiple;S/D;Colisión;S/D;S/D
4797;2021;3/7/2021;Sabado;12:30:00;;0.0;1;Moto/Ciclomotor;Bv. 27 De Febrero Y Roullon;1;1;0;0;0;0;Avenida;ROSARIO;Constitución;S/D;S/D;II;S/D;Urbana;Otra Señal;S/D;Intersección;S/D;S/D;Diurna;S/D;Múltiple;S/D;Colisión;S/D;S/D
4798;2021;3/7/2021;Sabado;13:00:00;;0.0;1;Moto/Ciclomotor;Alberdi Y Vélez Sarsfield;1;1;0;0;0;0;Calle;ROSARIO;Constitución;S/D;S/D;II;Dentro;Urbana;Otra Señal;S/D;Intersección;S/D;S/D;Diurna;S/D;Múltiple;S/D;Colisión;S/D;S/D
4799;2021;3/7/2021;Sabado;17:20:00;;0.0;1;Moto/Ciclomotor;Santiago Y Bv. 27 De Febrero;1;1;0;0;0;0;Avenida;ROSARIO;Constitución;S/D;S/D;II;S/D;Urbana;Otra Señal;S/D;Intersección;S/D;S/D;Diurna;S/D;Múltiple;S/D;Colisión;S/D;S/D
4800;2021;3/7/2021;Sabado;16:00:00;;0.0;1;Moto/Ciclomotor; ;1;1;0;0;0;0;S/D;ROSARIO;Constitución;S/D;S/D;II;S/D;S/D;Otra Señal;S/D;Intersección;S/D;S/D;Diurna;S/D;Múltiple;S/D;Colisión;S/D;S/D
4801;2021;3/7/2021;Sabado;14:00:00;;0.0;1;Bicicleta;Pte. Quintana Y Beruti;1;1;0;0;0;0;Calle;ROSARIO;Constitución;S/D;S/D;II;S/D;Urbana;Otra Señal;S/D;Intersección;S/D;S/D;Diurna;S/D;Múltiple;S/D;Colisión;S/D;S/D
4802;2021;3/7/2021;Sabado;12:05:00;;0.0;2;Moto/Ciclomotor,Automóvil;Cazadores Y Rodríguez;3;1;0;1;0;0;Calle;ROSARIO;Constitución;Asfalto;No existe;II;Dentro;Urbana;Otra Señal;No existe;Intersección;Bueno;Buena;Diurna;Buen Tiempo;Múltiple;S/D;Colisión;Ninguna;Faltante
4803;2021;3/7/2021;Sabado;20:15:00;Ruta Provincial 2;13.0;2;Automóvil,Moto/Ciclomotor; ;3;1;0;1;0;0;Ruta;MONTE VERA;Constitución;Hormigón;Natural;I;Dentro;Rural;Otra Señal;No existe;Intersección;Deteriorada;Buena;Nocturna,Con luz artificial;Buen Tiempo;Múltiple;S/D;Colisión;Ninguna;Horizontal
4804;2021;3/7/2021;Sabado;17:30:00;Ruta Nacional 175;0.0;2;Moto/Ciclomotor,Moto/Ciclomotor;Córdoba Y Rioja;3;0;0;2;0;0;Ruta;PUERTO SAN MARTÍN;Constitución;Asfalto;No existe;XVII;Dentro;Urbana;Otra Señal;No existe;Intersección;Bueno;Buena;Diurna;Buen Tiempo;Múltiple;S/D;Colisión;Ninguna;Horizontal
4805;2021;3/7/2021;Sabado;17:00:00;;0.0;1;Moto/Ciclomotor; ;2;1;0;0;0;0;Camino Rural;GÁLVEZ;Constitución;Tierra;No existe;XV;Dentro;Urbana;Otra Señal;No existe;Intersección;Bueno;Buena;Diurna;Buen Tiempo;Múltiple;S/D;Colisión;Ninguna;Faltante
4806;2021;3/7/2021;Sabado;;;0.0;3;Bicicleta,Moto/Ciclomotor,Automóvil; ;3;0;0;1;0;1;S/D;RAFAELA;Constitución;S/D;S/D;V;S/D;S/D;Otra Señal;S/D;Intersección;S/D;S/D;Amanecer;S/D;Múltiple;Ciclista;Colisión;S/D;S/D
4807;2021;3/7/2021;Sabado;;;0.0;2;Moto/Ciclomotor,Automóvil;Lisandro de la Torre Y Luis Maggi;2;0;0;1;0;0;Calle;RAFAELA;Constitución;Asfalto;No existe;V;Dentro;Urbana;Otra Señal;No existe;Intersección;Bueno;Buena;Diurna;Buen Tiempo;Múltiple;S/D;Colisión;Ninguna;Horizontal
4808;2021;3/7/2021;Sabado;19:20:00;;0.0;2;Moto/Ciclomotor,Automóvil;L N Alem Y Víctor Bigand;2;0;0;1;0;0;Calle;BIGAND;Caseros;Asfalto;No existe;IV;Dentro;Urbana;Otra Señal;No existe;Intersección;Bueno;Buena;Nocturna;Buen Tiempo;Múltiple;S/D;Colisión;Ninguna;Faltante
4809;2021;3/7/2021;Sabado;00:00:00;;0.0;1;Moto/Ciclomotor;Bv. Avellaneda Y Bv. Seguí;1;0;0;0;0;0;Avenida;ROSARIO;Rosario;Asfalto;No existe;II;Dentro;Urbana;Otra Señal;Funciona;Intersección;S/D;S/D;Nocturna;S/D;Múltiple;S/D;Colisión;S/D;Vertical
4810;2021;3/7/2021;Sabado;;;0.0;2;Moto/Ciclomotor,Peatón;José Beltramino 1100;2;0;0;0;0;0;Calle;RAFAELA;Castellanos;S/D;No existe;V;Dentro;Urbana;Otra Señal;S/D;Intersección;S/D;S/D;S/D;S/D;Múltiple;Peatón;Colisión;S/D;S/D
4811;2021;4/7/2021;Domingo;22:25:00;;0.0;2;Automóvil,Automóvil;Av. Uriburu Y Ayacucho;3;3;0;0;0;0;Avenida;ROSARIO;Rosario;Asfalto;No existe;II;Dentro;Urbana;Otra Señal;Funciona;Intersección;Bueno;Buena;Nocturna;Buen Tiempo;Múltiple;S/D;Colisión;Ninguna;Horizontal,Vertical
4812;2021;4/7/2021;Domingo;15:25:00;;0.0;2;Automóvil,Automóvil;Av. Avellaneda B 5200;5;2;0;3;0;0;Avenida;ROSARIO;Rosario;Asfalto;No existe;II;Dentro;Urbana;Otra Señal;No existe;Intersección;Bueno;Buena;Diurna;Buen Tiempo;Múltiple;S/D;Colisión;Ninguna;Faltante
4813;2021;4/7/2021;Domingo;18:00:00;;0.0;2;Moto/Ciclomotor,Automóvil;20 DE JULIO 5950 ;3;2;0;1;0;0;Calle;ROSARIO;Rosario;Asfalto;No existe;II;Dentro;Urbana;Otra Señal;No existe;Intersección;Bueno;Buena;Diurna;Buen Tiempo;Múltiple;S/D;Colisión;Ninguna;Faltante
4814;2021;4/7/2021;Domingo;21:00:00;;0.0;1;Automóvil;33 Cristo Rey ;3;3;0;0;0;0;Camino Rural;SOLDINI;Rosario;Ripio;No existe;II;Dentro;Rural;Otra Señal;No existe;Intersección;Bueno;Buena;Nocturna;Buen Tiempo;Múltiple;S/D;Colisión;Ninguna;Faltante
4815;2021;4/7/2021;Domingo;15:30:00;;0.0;2;Moto/Ciclomotor,Automóvil;Francia Y Iturraspe;2;1;0;1;0;0;Calle;SANTA FE;La Capital;Asfalto;No existe;I;Dentro;Urbana;Otra Señal;No existe;Intersección;Bueno;Buena;Diurna;Buen Tiempo;Múltiple;S/D;Colisión;Ninguna;Faltante
4816;2021;4/7/2021;Domingo;07:20:00;Ruta Provincial 2;16.0;1;Moto/Ciclomotor;RUTA PROVINCIAL 2 Y ACCESO SUR ARROYO AGUIAR ;1;1;0;0;0;0;Ruta;ARROYO AGUIAR;La Capital;Tierra;Natural;I;Dentro;Urbana;Otra Señal;No existe;Intersección;Bueno;Buena;Diurna;Buen Tiempo;Múltiple;S/D;Colisión;Ninguna;Horizontal
4817;2021;4/7/2021;Domingo;18:10:00;;0.0;2;Automóvil,Moto/Ciclomotor;Bv Poeta J Migno 1200;3;1;0;2;0;0;Avenida;SAN JAVIER;San Javier;Asfalto;No existe;XIV;Dentro;Urbana;Otra Señal;No existe;Intersección;Bueno;Buena;Diurna;Buen Tiempo;Múltiple;S/D;Colisión;Ninguna;Faltante
4818;2021;4/7/2021;Domingo;;;0.0;2;Automóvil,Moto/Ciclomotor;Av. Peñaloza Y Gorriti;2;1;0;1;0;0;Avenida;SANTA FE;La Capital;Asfalto;No existe;I;Dentro;Urbana;Otra Señal;Funciona;Intersección;Bueno;Buena;Diurna;Buen Tiempo;Múltiple;S/D;Colisión;Ninguna;Vertical
4819;2021;4/7/2021;Domingo;10:25:00;;0.0;1;Automóvil;Doctor Dalfonso 724;1;1;0;0;0;0;Calle;SAN MARTIN DE LAS ESCOBAS;San MARTÍN;Asfalto;No existe;XVIII;Dentro;Urbana;Otra Señal;No existe;Intersección;Bueno;Buena;Diurna;Buen Tiempo;Múltiple;S/D;Colisión;Ninguna;Faltante
4820;2021;4/7/2021;Domingo;;;0.0;6;Automóvil,Automóvil,Automóvil,Automóvil,Automóvil,Automóvil;CAMINO DE LOS GRANADEROS  Y JUAN PABLO II;8;2;0;6;0;0;Calle;ROSARIO;Rosario;Asfalto;No existe;II;Dentro;Urbana;Otra Señal;Funciona;Intersección;S/D;S/D;S/D;S/D;Múltiple;S/D;Colisión;S/D;Vertical
4821;2021;4/7/2021;Domingo;;Ruta Nacional 11;0.0;2;Automóvil,Bicicleta;Av. San Martin Y Viamonte;2;1;0;1;0;0;Ruta;GRANADERO BAIGORRIA;Rosario;Asfalto;No existe;II;Dentro;Urbana;Otra Señal;Funciona;Intersección;S/D;S/D;S/D;S/D;Múltiple;Ciclista;Colisión;S/D;Horizontal,Vertical
4822;2021;4/7/2021;Domingo;14:45:00;Ruta Provincial 70;24.0;1;Pickup/Utilitario; ;3;3;0;0;0;0;Ruta;ESPERANZA;Las Colonias;Asfalto;No existe;XI;Dentro;Rural;Otra Señal;No existe;Intersección;Bueno;Buena;Diurna;Buen Tiempo;Múltiple;S/D;Colisión;Ninguna;Horizontal,Vertical
4823;2021;4/7/2021;Domingo;19:30:00;Ruta Nacional 11;870.0;2;Automóvil,Moto/Ciclomotor; ;2;1;0;1;0;0;Ruta;VILLA OCAMPO;General Obligado;Asfalto;Natural;IX;Dentro;Rural;Otra Señal;No existe;Intersección;Bueno;Buena;Diurna;Buen Tiempo;Múltiple;S/D;Colisión;Ninguna;Horizontal
4824;2021;4/7/2021;Domingo;09:10:00;Ruta Nacional 11;405.0;1;Pickup/Utilitario; ;2;2;0;0;0;0;Ruta;SAN FABIÁN;San JERÓNIMO;Asfalto;Natural;XV;Dentro;Urbana;Otra Señal;No existe;Intersección;Bueno;Buena;Diurna;Buen Tiempo;Múltiple;S/D;Colisión;Ninguna;Horizontal
4825;2021;4/7/2021;Domingo;;;0.0;1;Automóvil;Islas Malvinas 4200;1;1;0;0;0;0;Calle;SAN LORENZO;San Lorenzo;Asfalto;No existe;XVII;Dentro;Urbana;Otra Señal;No existe;Intersección;Bueno;Buena;S/D;Buen Tiempo;Múltiple;S/D;Colisión;Ninguna;S/D
4826;2021;4/7/2021;Domingo;16:55:00;;0.0;1;Moto/Ciclomotor;Gorriti Y Larrea;1;1;0;0;0;0;Calle;ROSARIO;Constitución;S/D;S/D;II;S/D;S/D;Otra Señal;S/D;Intersección;S/D;S/D;Diurna;S/D;Múltiple;S/D;Colisión;S/D;S/D
4827;2021;4/7/2021;Domingo;01:00:00;;0.0;1;Moto/Ciclomotor;Bv. Rondeau 4500;1;1;0;0;0;0;Avenida;ROSARIO;Constitución;S/D;S/D;II;S/D;Urbana;Otra Señal;S/D;Intersección;S/D;S/D;Nocturna;S/D;Múltiple;S/D;Colisión;S/D;S/D
4828;2021;4/7/2021;Domingo;21:00:00;;0.0;1;Bicicleta; ;1;1;0;0;0;0;S/D;ROSARIO;Constitución;S/D;S/D;II;S/D;S/D;Otra Señal;S/D;Intersección;S/D;S/D;Atardecer;S/D;Múltiple;S/D;Colisión;S/D;S/D
4829;2021;4/7/2021;Domingo;17:15:00;;0.0;2;Peatón,Automóvil;J.J.Paso Y Rep. Dominicana Bis;2;0;0;1;0;0;Calle;ROSARIO;Constitución;Asfalto;No existe;II;Dentro;Urbana;Otra Señal;No existe;Intersección;Bueno;Buena;Diurna;S/D;Múltiple;Peatón;Colisión;Ninguna;Faltante
4830;2021;4/7/2021;Domingo;03:55:00;Ruta Provincial 14;0.0;1;Moto/Ciclomotor;17 Bolivia Y Brig López;1;0;0;0;0;0;Ruta;SOLDINI;Constitución;Hormigón;Ripio;II;Dentro;Urbana;Otra Señal;No existe;Intersección;Bueno;Buena;Diurna;Buen Tiempo;Múltiple;S/D;Colisión;Ninguna;Faltante
4831;2021;4/7/2021;Domingo;00:20:00;Ruta Secundaria 32-s;0.0;1;Moto/Ciclomotor;Viena 150;1;0;0;0;0;0;Ruta;EL TRÉBOL;Constitución;Asfalto;No existe;XVIII;Dentro;Urbana;Otra Señal;No existe;Intersección;Bueno;Buena;Nocturna;Buen Tiempo;Múltiple;S/D;Colisión;Ninguna;Vertical
4832;2021;4/7/2021;Domingo;17:30:00;;0.0;2;Moto/Ciclomotor,Pickup/Utilitario;Almte. Brown Y G Rawson;3;1;0;1;0;0;Calle;CARLOS PELLEGRINI;Constitución;Asfalto;No existe;XIX;Dentro;Urbana;Otra Señal;No existe;Intersección;Bueno;Buena;Diurna;Buen Tiempo;Múltiple;S/D;Colisión;Ninguna;Faltante
4833;2021;4/7/2021;Domingo;20:45:00;;0.0;3;Automóvil,Moto/Ciclomotor,Moto/Ciclomotor;A. Capdevila Y Maipú;3;1;0;1;0;0;Calle;CAÑADA DE GÓMEZ;Constitución;Asfalto;No existe;X;Dentro;Urbana;Otra Señal;No existe;Intersección;Bueno;Buena;Diurna;Buen Tiempo;Múltiple;S/D;Colisión;Ninguna;Faltante
4834;2021;5/7/2021;Lunes;13:45:00;Ruta Nacional 11;710.5;3;Automóvil,Camión c / Acoplado,Camión c / Semirremolque; ;4;1;0;2;1;0;Ruta;ESPÍN;Vera;Asfalto;Natural;XIX;S/D;Rural;Otra Señal;No existe;Intersección;Bueno;Buena;Diurna;Buen Tiempo;Múltiple;S/D;Colisión;Ninguna;Horizontal
4835;2021;5/7/2021;Lunes;18:40:00;;0.0;2;Moto/Ciclomotor,Camión;Av. Avellaneda B 4900;2;0;0;1;1;0;Avenida;ROSARIO;Rosario;Asfalto;No existe;II;S/D;Urbana;Otra Señal;No existe;Intersección;Bueno;S/D;Diurna;S/D;Múltiple;S/D;Colisión;Ninguna;Horizontal
4836;2021;5/7/2021;Lunes;16:45:00;;0.0;2;Moto/Ciclomotor,Moto/Ciclomotor;San Martin Y Platón;2;1;0;0;0;1;Avenida;ROSARIO;Rosario;Asfalto;No existe;II;Dentro;Urbana;Otra Señal;No existe;Intersección;Bueno;Buena;Diurna;Buen Tiempo;Múltiple;S/D;Colisión;Ninguna;Horizontal
4837;2021;5/7/2021;Lunes;12:10:00;;0.0;2;Moto/Ciclomotor,Automóvil;Centeno Y Sarmiento;2;1;0;1;0;0;Calle;ROSARIO;Rosario;Asfalto;No existe;II;Dentro;Urbana;Otra Señal;No existe;Intersección;Bueno;Buena;Diurna;Buen Tiempo;Múltiple;S/D;Colisión;Ninguna;Faltante
4838;2021;5/7/2021;Lunes;18:00:00;;0.0;2;Moto/Ciclomotor,Pickup/Utilitario;9 de Julio Y Suchon;4;2;0;2;0;0;Calle;SAN CARLOS CENTRO;Las Colonias;Hormigón;No existe;XI;Dentro;Urbana;Otra Señal;No existe;Intersección;Bueno;Buena;Atardecer;Buen Tiempo;Múltiple;S/D;Colisión;Ninguna;Faltante
4839;2021;5/7/2021;Lunes;12:15:00;;0.0;2;Moto/Ciclomotor,Automóvil;Simón de Iriondo 5200;2;1;0;1;0;0;Calle;ESPERANZA;Las Colonias;Asfalto;No existe;XI;Dentro;Urbana;Otra Señal;No existe;Intersección;Bueno;Buena;Diurna;Buen Tiempo;Múltiple;S/D;Colisión;Ninguna;Horizontal
4840;2021;5/7/2021;Lunes;17:30:00;;0.0;2;Bicicleta,Pickup/Utilitario;J A Roca Y 12 de Octubre;2;1;0;1;0;0;Calle;VILLA GOBERNADOR GÁLVEZ;Rosario;Asfalto;No existe;II;Dentro;Urbana;Otra Señal;No existe;Intersección;Bueno;Buena;Diurna;Buen Tiempo;Múltiple;Ciclista;Colisión;Ninguna;Faltante
4841;2021;5/7/2021;Lunes;14:30:00;;0.0;1;Camión c / Acoplado;CAMINO COCHABAMBA Y PUENTE WILDE;1;1;0;0;0;0;Avenida;ROSARIO;Rosario;Asfalto;No existe;II;Dentro;Urbana;Otra Señal;No existe;Intersección;Bueno;Buena;Diurna;Buen Tiempo;Múltiple;S/D;Colisión;Ninguna;Horizontal
4842;2021;5/7/2021;Lunes;15:30:00;;0.0;2;Automóvil,Pickup/Utilitario;Iturraspe Y San Lorenzo;2;1;0;1;0;0;Calle;ROSARIO;Rosario;Asfalto;No existe;I;Dentro;Urbana;Otra Señal;No existe;Intersección;Bueno;Buena;Diurna;Buen Tiempo;Múltiple;S/D;Colisión;Ninguna;Faltante
4843;2021;5/7/2021;Lunes;13:00:00;;0.0;2;Pickup/Utilitario,Moto/Ciclomotor;Alvear Y Llerena;2;1;0;1;0;0;Calle;SANTA FE;La Capital;Asfalto;No existe;I;Dentro;Urbana;Otra Señal;No existe;Intersección;Bueno;Buena;Diurna;Buen Tiempo;Múltiple;S/D;Colisión;Ninguna;Faltante
4844;2021;5/7/2021;Lunes;17:40:00;;0.0;2;Automóvil,Moto/Ciclomotor;Belgrano Y J P López;2;1;0;1;0;0;Calle;SANTA FE;La Capital;Asfalto;No existe;I;Dentro;Urbana;Otra Señal;No existe;Intersección;Bueno;Buena;Diurna;Buen Tiempo;Múltiple;S/D;Colisión;Ninguna;Faltante
4845;2021;5/7/2021;Lunes;14:30:00;;0.0;2;Moto/Ciclomotor,Automóvil;Av. López y Planes Y Martin Zapata;3;2;0;1;0;0;Avenida;SANTA FE;La Capital;Asfalto;No existe;I;Dentro;Urbana;Otra Señal;Funciona;Intersección;Bueno;Buena;Diurna;Buen Tiempo;Múltiple;S/D;Colisión;Ninguna;Vertical
4846;2021;5/7/2021;Lunes;11:50:00;;0.0;2;Moto/Ciclomotor,Pickup/Utilitario;Alberdi Y Larrea;3;2;0;1;0;0;Calle;SANTA FE;La Capital;Asfalto;No existe;I;Dentro;Urbana;Otra Señal;No existe;Intersección;Bueno;Buena;Diurna;Buen Tiempo;Múltiple;S/D;Colisión;Ninguna;Faltante