ID_Accidente;A�o;Fecha;Dia;Hopra;Ruta/Autop;km;Participantes;Tipo;Lugar;Total;Heridos Leves;Heridos Graves;Ilesos;Fallecidos;Sin datos;desc_tipo_via;desc_loc;desc_dpto;|;desc_tipo_banquina;desc_unidad_regional;desc_lugar_calzada;desc_zona;desc_prioridad;desc_estado_semaforo;desc_lugar_via;desc_estado_via;desc_estado_visibilidad;desc_luminosidad;desc_estado_clima;desc_tipo_colision;desc_tipo_atropello;desc_tipo_hecho;desc_pres_calzada;desc_senializacion
4847;2021;5/7/2021;Lunes;19:00:00;Ruta Nacional 175;0.0;2;Moto/Ciclomotor,Moto/Ciclomotor;Av. San Martin Y Córdoba;3;1;0;2;0;0;Ruta;PUERTO SAN MARTÍN;San Lorenzo;Asfalto;No existe;XVII;Dentro;Urbana;Otra Señal;No existe;Intersección;Bueno;Buena;Nocturna;Buen Tiempo;Múltiple;S/D;Colisión;Ninguna;Horizontal
4848;2021;5/7/2021;Lunes;09:40:00;;0.0;2;Moto/Ciclomotor,Pickup/Utilitario;Calle 22- 25 de Mayo Y Calle 33-Pueyrredon;2;1;0;1;0;0;Calle;RECONQUISTA;General Obligado;Asfalto;No existe;IX;Dentro;Urbana;Otra Señal;No existe;Intersección;Bueno;Buena;Diurna;Buen Tiempo;Múltiple;S/D;Colisión;Ninguna;Faltante
4849;2021;5/7/2021;Lunes;08:00:00;Ruta Nacional 168;0.0;2;Automóvil,Moto/Ciclomotor;Ruta Nac 168 ;2;1;0;1;0;0;Ruta;SANTA FE;La Capital;Asfalto;No existe;I;Dentro;Urbana;Otra Señal;No existe;Intersección;Bueno;Buena;Amanecer;Buen Tiempo;Múltiple;S/D;Colisión;Ninguna;Horizontal
4850;2021;5/7/2021;Lunes;;;0.0;2;Automóvil,Moto/Ciclomotor;Lamadrid Y Mendoza;2;1;0;1;0;0;Calle;SANTA FE;La Capital;Asfalto;No existe;I;Dentro;Urbana;Otra Señal;Funciona;Intersección;Bueno;Buena;Diurna;Buen Tiempo;Múltiple;S/D;Colisión;Ninguna;Horizontal,Vertical
4851;2021;5/7/2021;Lunes;11:30:00;;0.0;2;Moto/Ciclomotor,Pickup/Utilitario;Mariano Comas Y San Martin;2;1;0;1;0;0;Calle;SANTA FE;La Capital;Asfalto;No existe;I;Dentro;Urbana;Otra Señal;No existe;Intersección;Bueno;Buena;Diurna;Buen Tiempo;Múltiple;S/D;Colisión;Ninguna;Horizontal
4852;2021;5/7/2021;Lunes;11:30:00;;0.0;2;Moto/Ciclomotor,Automóvil;3 de Febrero Y San Jerónimo;2;1;0;1;0;0;Calle;SANTA FE;La Capital;Asfalto;No existe;I;Dentro;Urbana;Otra Señal;No existe;Intersección;Bueno;Buena;Diurna;Buen Tiempo;Múltiple;S/D;Colisión;Ninguna;Faltante
4853;2021;5/7/2021;Lunes;11:25:00;;0.0;2;Moto/Ciclomotor,Automóvil;Cándido Pujato Y 1ro de Mayo;2;1;0;0;0;1;Calle;SANTA FE;La Capital;Asfalto;No existe;I;Dentro;Urbana;Otra Señal;No existe;Intersección;Bueno;Buena;Diurna;Buen Tiempo;Múltiple;S/D;Colisión;Ninguna;Faltante
4854;2021;5/7/2021;Lunes;11:20:00;;0.0;2;Moto/Ciclomotor,Automóvil;Av. Leandro Alem Y Belgrano;2;1;0;1;0;0;Avenida;SANTA FE;La Capital;Asfalto;No existe;I;Dentro;Urbana;Otra Señal;Funciona;Intersección;Bueno;Buena;Diurna;Buen Tiempo;Múltiple;S/D;Colisión;Ninguna;Faltante
4855;2021;5/7/2021;Lunes;21:15:00;;0.0;1;Moto/Ciclomotor;Dr. E Puccio Y Rio Negro;2;2;0;0;0;0;Calle;MONTE VERA;La Capital;Ripio;No existe;I;Dentro;Urbana;Otra Señal;No existe;Intersección;Bueno;Buena;Nocturna;Buen Tiempo;Múltiple;S/D;Colisión;Ninguna;Faltante
4856;2021;5/7/2021;Lunes;00:10:00;;0.0;2;Vehículo Oficial,Automóvil;Boulevard Ovidio Lagos Y Dante Alighieri;2;1;0;1;0;0;Avenida;CASILDA;Caseros;Asfalto;No existe;IV;Dentro;Urbana;Otra Señal;No existe;Intersección;Bueno;Buena;Diurna;Buen Tiempo;Múltiple;S/D;Colisión;Ninguna;Vertical
4857;2021;5/7/2021;Lunes;;Ruta Nacional 33;569.0;1;Otros; ;2;1;0;1;0;0;Ruta;AMENABAR;General LÓPEZ;Asfalto;Natural;VIII;Dentro;Urbana;Otra Señal;No existe;Intersección;Bueno;Buena;Diurna;Buen Tiempo;Múltiple;S/D;Colisión;Ninguna;Horizontal
4858;2021;5/7/2021;Lunes;17:40:00;Ruta Nacional 11;0.0;2;Automóvil,Moto/Ciclomotor;Bv Domingo F Sarmiento Y Bv José M Maciel;2;1;0;1;0;0;Ruta;MACIEL;San JERÓNIMO;Asfalto;No existe;XV;Dentro;Urbana;Otra Señal;No existe;Intersección;Bueno;Buena;Diurna;Buen Tiempo;Múltiple;S/D;Colisión;Ninguna;Faltante
4859;2021;5/7/2021;Lunes;;;0.0;2;Automóvil,Moto/Ciclomotor;Av. Doctor E Salva Y Rosario;2;1;0;1;0;0;Avenida;RAFAELA;Castellanos;Asfalto;No existe;V;Dentro;Urbana;Otra Señal;No existe;Intersección;Bueno;Buena;Diurna;Buen Tiempo;Múltiple;S/D;Colisión;Ninguna;Faltante
4860;2021;5/7/2021;Lunes;20:30:00;;0.0;2;Automóvil,Moto/Ciclomotor;A. Capdevila Y Suipacha;2;1;0;1;0;0;Calle;CAÑADA DE GÓMEZ;Iriondo;Tierra;No existe;X;Dentro;Urbana;Otra Señal;No existe;Intersección;Bueno;Buena;Diurna;Buen Tiempo;Múltiple;S/D;Colisión;Ninguna;Faltante
4861;2021;5/7/2021;Lunes;11:15:00;;0.0;1;Pickup/Utilitario;Guillermo Brown Y Republica de Irlanda;1;1;0;0;0;0;Calle;VENADO TUERTO;General LÓPEZ;Tierra;No existe;VIII;Dentro;Urbana;Otra Señal;No existe;Intersección;S/D;Buena;Diurna;Buen Tiempo;Múltiple;S/D;Colisión;Ninguna;Faltante
4862;2021;5/7/2021;Lunes;14:25:00;;0.0;2;Pickup/Utilitario,Moto/Ciclomotor;Agüero Y Lisandro de la Torre;2;1;0;1;0;0;Calle;VENADO TUERTO;General LÓPEZ;Asfalto;No existe;VIII;Dentro;Urbana;Otra Señal;No existe;Intersección;Bueno;Buena;Diurna;Buen Tiempo;Múltiple;S/D;Colisión;Ninguna;Faltante
4863;2021;5/7/2021;Lunes;15:35:00;Ruta Nacional 8;0.0;2;Automóvil,Moto/Ciclomotor;Dr. José Andrés Valdez Y Ruta Nac 8;3;1;0;2;0;0;Ruta;VENADO TUERTO;General LÓPEZ;Asfalto;Ripio;VIII;Dentro;Urbana;Otra Señal;No existe;Intersección;Bueno;Buena;Diurna;Buen Tiempo;Múltiple;S/D;Colisión;Ninguna;Horizontal
4864;2021;5/7/2021;Lunes;19:00:00;;0.0;2;Moto/Ciclomotor,Moto/Ciclomotor;Matienzo Bis Y Pje. Bogado;2;1;0;0;0;1;Avenida;ROSARIO;Constitución;S/D;S/D;II;S/D;Urbana;Otra Señal;S/D;Intersección;S/D;S/D;Nocturna;S/D;Múltiple;S/D;Colisión;S/D;S/D
4865;2021;5/7/2021;Lunes;15:00:00;;0.0;1;Automóvil;J.Colombres 3200;1;1;0;0;0;0;Calle;ROSARIO;Constitución;S/D;S/D;II;S/D;Urbana;Otra Señal;S/D;Intersección;S/D;S/D;Diurna;S/D;Múltiple;S/D;Colisión;S/D;S/D
4866;2021;5/7/2021;Lunes;07:30:00;;0.0;1;Bicicleta;Av. Provincias Unidas Y Bv. Seguí;1;1;0;0;0;0;Avenida;ROSARIO;Constitución;S/D;S/D;II;S/D;Urbana;Otra Señal;S/D;Intersección;S/D;S/D;Diurna;S/D;Múltiple;S/D;Colisión;S/D;S/D
4867;2021;5/7/2021;Lunes;19:00:00;;0.0;1;Moto/Ciclomotor;Matienzo Bis Y Pje. Bogado;1;1;0;0;0;0;Calle;ROSARIO;Constitución;S/D;S/D;II;S/D;Urbana;Otra Señal;S/D;Intersección;S/D;S/D;Diurna;S/D;Múltiple;S/D;Colisión;S/D;S/D
4868;2021;5/7/2021;Lunes;15:00:00;;0.0;2;Moto/Ciclomotor,Moto/Ciclomotor;San Lorenzo Y Pje. Achiras;2;1;0;0;0;1;Calle;ROSARIO;Constitución;S/D;S/D;II;S/D;S/D;Otra Señal;S/D;Intersección;S/D;S/D;Diurna;S/D;Múltiple;S/D;Colisión;S/D;S/D
4869;2021;5/7/2021;Lunes;13:00:00;;0.0;1;Moto/Ciclomotor;Rodríguez Y Pte. Quintana;1;1;0;0;0;0;Calle;ROSARIO;Constitución;S/D;S/D;II;S/D;S/D;Otra Señal;S/D;Intersección;S/D;S/D;Diurna;S/D;Múltiple;S/D;Colisión;S/D;S/D
4870;2021;5/7/2021;Lunes;08:45:00;Ruta Nacional A012;0.0;2;Camión,Automóvil;RUTA 18 ;2;0;0;1;0;0;Ruta;LA CAROLINA;Constitución;Asfalto;Pavimento;II;Dentro;Rural;Otra Señal;No existe;Intersección;Bueno;Reducida;Diurna;Buen Tiempo;Múltiple;S/D;Colisión;Ninguna;Horizontal,Vertical
4871;2021;5/7/2021;Lunes;18:45:00;;0.0;2;Moto/Ciclomotor,Peatón;Bv. Avellaneda Y Rueda;2;1;0;0;0;0;Avenida;ROSARIO;Constitución;Asfalto;No existe;II;Dentro;Urbana;Otra Señal;No existe;Intersección;Bueno;Buena;Diurna;Buen Tiempo;Múltiple;Peatón;Colisión;Ninguna;Faltante
4872;2021;5/7/2021;Lunes;16:50:00;;0.0;2;Moto/Ciclomotor,Moto/Ciclomotor;9 de Julio ;2;0;0;0;0;1;Calle;SAN LORENZO;Constitución;Asfalto;S/D;XVII;Dentro;Urbana;Otra Señal;S/D;Intersección;S/D;S/D;Diurna;Buen Tiempo;Múltiple;S/D;Colisión;Ninguna;S/D
4873;2021;6/7/2021;Martes;00:05:00;;0.0;2;Automóvil,Pickup/Utilitario;Ayacucho Y Saavedra;2;2;0;0;0;0;Calle;ROSARIO;Rosario;Asfalto;No existe;II;Dentro;Urbana;Otra Señal;No existe;Intersección;Bueno;Buena;Diurna;Buen Tiempo;Múltiple;S/D;Colisión;Ninguna;Faltante
4874;2021;6/7/2021;Martes;19:30:00;;0.0;1;Automóvil;Ceibo Y San Martin;3;1;0;2;0;0;Calle;ROSARIO;Rosario;Asfalto;No existe;II;Dentro;Urbana;Otra Señal;No existe;Intersección;Bueno;Buena;Atardecer;Buen Tiempo;Múltiple;S/D;Colisión;Ninguna;Faltante
4875;2021;6/7/2021;Martes;09:00:00;;0.0;2;Bicicleta,Bicicleta;San Martin Y Virasoro;1;1;0;0;0;0;Calle;ROSARIO;Rosario;Asfalto;No existe;II;Dentro;Urbana;Otra Señal;Funciona;Intersección;Bueno;Buena;Diurna;Buen Tiempo;Múltiple;S/D;Colisión;Ninguna;Horizontal,Vertical
4876;2021;6/7/2021;Martes;19:40:00;;0.0;2;Moto/Ciclomotor,Automóvil;General Justo J de Urquiza Y General Martin M de Güemes;3;2;0;1;0;0;Calle;SANTA MARGARITA;9 de Julio;Tierra;No existe;XII;Dentro;Urbana;Otra Señal;No existe;Intersección;Otro;Reducida;Nocturna;Buen Tiempo;Múltiple;S/D;Colisión;Otro;Faltante
4877;2021;6/7/2021;Martes;14:25:00;;0.0;2;Transporte de Pasajeros Urbano (> 8 asientos),Moto/Ciclomotor;Buenos Aires Y Rueda;2;1;0;1;0;0;Calle;ROSARIO;Rosario;Asfalto;No existe;II;Dentro;Urbana;Otra Señal;No existe;Intersección;Bueno;Buena;Diurna;Buen Tiempo;Múltiple;S/D;Colisión;Ninguna;Horizontal,Vertical
4878;2021;6/7/2021;Martes;14:30:00;;0.0;2;Automóvil,Automóvil;Carcova Y Gambartes;3;3;0;0;0;0;Calle;ROSARIO;Rosario;Asfalto;No existe;II;Dentro;Urbana;Otra Señal;No existe;Intersección;Bueno;Buena;Diurna;Buen Tiempo;Múltiple;S/D;Colisión;Ninguna;Faltante
4879;2021;6/7/2021;Martes;12:25:00;;0.0;2;Bicicleta,Automóvil;Alvear Y 9 De Julio;2;1;0;0;0;1;Calle;ROSARIO;Rosario;Asfalto;No existe;II;Dentro;Urbana;Otra Señal;No existe;Intersección;Bueno;Buena;Diurna;Buen Tiempo;Múltiple;Ciclista;Colisión;Ninguna;Faltante
4880;2021;6/7/2021;Martes;12:00:00;;0.0;2;Moto/Ciclomotor,Automóvil;Av. Ovidio Lagos Y Brown;2;1;0;1;0;0;Avenida;ROSARIO;Rosario;Asfalto;No existe;II;Dentro;Urbana;Otra Señal;Funciona;Intersección;Bueno;Buena;Diurna;Buen Tiempo;Múltiple;S/D;Colisión;Ninguna;Horizontal,Vertical
4881;2021;6/7/2021;Martes;17:30:00;;0.0;2;Automóvil,Peatón;Alvear Y E.Zeballos;2;1;0;1;0;0;Calle;ROSARIO;Rosario;Asfalto;No existe;II;Dentro;Urbana;Otra Señal;No existe;Intersección;Bueno;Buena;Diurna;Buen Tiempo;Múltiple;Peatón;Colisión;Ninguna;Horizontal
4882;2021;6/7/2021;Martes;18:40:00;;0.0;2;Moto/Ciclomotor,Moto/Ciclomotor;Eva Perón Y Ituzaingó;2;2;0;0;0;0;Calle;GRANADERO BAIGORRIA;Rosario;Asfalto;No existe;II;Dentro;Urbana;Otra Señal;No existe;Intersección;Bueno;Buena;Atardecer;Buen Tiempo;Múltiple;S/D;Colisión;Ninguna;Vertical
4883;2021;6/7/2021;Martes;13:50:00;Ruta Nacional 9;0.0;2;Automóvil,Automóvil;Ruta Nacional 9 Y Urquiza;2;1;0;0;0;1;Ruta;FUNES;Rosario;Asfalto;No existe;II;Dentro;Urbana;Otra Señal;Funciona;Intersección;Bueno;Buena;Diurna;S/D;Múltiple;S/D;Colisión;Ninguna;Horizontal,Vertical
4884;2021;6/7/2021;Martes;07:30:00;Ruta Nacional 34;4.0;2;Bicicleta,Moto/Ciclomotor; ;2;1;0;1;0;0;Ruta;IBARLUCEA;Rosario;Asfalto;Ripio;II;Dentro;Urbana;Otra Señal;No existe;Intersección;Bueno;Buena;Diurna;Buen Tiempo;Múltiple;Ciclista;Colisión;Ninguna;Horizontal
4885;2021;6/7/2021;Martes;19:50:00;;0.0;2;Moto/Ciclomotor,Automóvil;ESPINOSA Y J. GREGORI;4;2;0;2;0;0;Avenida;ROSARIO;Rosario;Asfalto;No existe;II;Dentro;Urbana;Otra Señal;No existe;Intersección;Bueno;Buena;Atardecer;Buen Tiempo;Múltiple;S/D;Colisión;Ninguna;Faltante
4886;2021;6/7/2021;Martes;17:40:00;;0.0;2;Peatón,Moto/Ciclomotor;Av. Gral. Paz Y Llerena;2;2;0;0;0;0;Avenida;SANTA FE;La Capital;Asfalto;No existe;I;Dentro;Urbana;Otra Señal;No existe;Intersección;Bueno;Buena;Diurna;Buen Tiempo;Múltiple;Peatón;Colisión;Ninguna;Faltante
4887;2021;6/7/2021;Martes;15:20:00;;0.0;2;Automóvil,Moto/Ciclomotor; ;2;1;0;1;0;0;Calle;SANTO TOMÉ;La Capital;Asfalto;No existe;I;Dentro;Urbana;Otra Señal;No existe;Intersección;Bueno;Buena;Diurna;Buen Tiempo;Múltiple;S/D;Colisión;Ninguna;Faltante
4888;2021;6/7/2021;Martes;12:10:00;;0.0;2;Moto/Ciclomotor,Automóvil;Av. Carlos A Poucel Y Urquiza;2;1;0;1;0;0;Avenida;SAN LORENZO;San Lorenzo;Asfalto;No existe;XVII;Dentro;Urbana;Otra Señal;No existe;Intersección;Bueno;Buena;Diurna;Buen Tiempo;Múltiple;S/D;Colisión;Ninguna;Horizontal,Vertical
4889;2021;6/7/2021;Martes;16:15:00;Ruta Nacional 11;0.0;2;Moto/Ciclomotor,Automóvil;Av. San Martin Y Guido Spano;3;2;0;1;0;0;Ruta;FRAY LUIS BELTRÁN;San Lorenzo;Asfalto;Pavimento;XVII;Dentro;Urbana;Otra Señal;Funciona;Intersección;Bueno;Buena;Diurna;Buen Tiempo;Múltiple;S/D;Colisión;Ninguna;Vertical
4890;2021;6/7/2021;Martes;11:30:00;;0.0;2;Bicicleta,Pickup/Utilitario;Eva Perón Y General López;2;1;0;1;0;0;Calle;SAN LORENZO;San Lorenzo;Asfalto;No existe;XVII;Dentro;Urbana;Otra Señal;No existe;Intersección;S/D;S/D;Diurna;S/D;Múltiple;Ciclista;Colisión;S/D;Faltante
4891;2021;6/7/2021;Martes;15:45:00;;0.0;2;Pickup/Utilitario,Peatón;Bv T Madrejón Y Núñez y Burges;2;1;0;1;0;0;Avenida;SAN JAVIER;San Javier;Asfalto;No existe;XIV;Dentro;Urbana;Otra Señal;No existe;Intersección;Bueno;Buena;Diurna;Buen Tiempo;Múltiple;Peatón;Colisión;Ninguna;Faltante
4892;2021;6/7/2021;Martes;22:00:00;;0.0;2;Automóvil,Moto/Ciclomotor;Francia Y Lisandro de la Torre;2;1;0;1;0;0;Calle;SANTA FE;La Capital;Asfalto;No existe;I;Dentro;Urbana;Otra Señal;No existe;Intersección;Bueno;Buena;Nocturna;Buen Tiempo;Múltiple;S/D;Colisión;Ninguna;Faltante
4893;2021;6/7/2021;Martes;16:00:00;;0.0;2;Automóvil,Automóvil;Monseñor Zaspe Y 25 de Mayo;2;1;0;1;0;0;Calle;SANTA FE;La Capital;Asfalto;No existe;I;Dentro;Urbana;Otra Señal;No existe;Intersección;Bueno;Buena;Diurna;Buen Tiempo;Múltiple;S/D;Colisión;Ninguna;Horizontal
4894;2021;6/7/2021;Martes;10:05:00;;0.0;2;Moto/Ciclomotor,Automóvil;Av. Gral. López Y 9 de Julio;2;1;0;1;0;0;Avenida;SANTA FE;La Capital;Asfalto;No existe;I;Dentro;Urbana;Otra Señal;No existe;Intersección;Bueno;Buena;Diurna;Buen Tiempo;Múltiple;S/D;Colisión;Ninguna;Faltante
4895;2021;6/7/2021;Martes;;;0.0;2;Pickup/Utilitario,Pickup/Utilitario; ;2;1;0;1;0;0;S/D;FIRMAT;General LÓPEZ;S/D;S/D;VIII;S/D;S/D;Otra Señal;S/D;Intersección;S/D;S/D;S/D;S/D;Múltiple;S/D;Colisión;S/D;S/D
4896;2021;6/7/2021;Martes;12:00:00;Autopista Provincial Brigadier E.LÓPEZ;3.0;1;Automóvil; ;1;1;0;0;0;0;Autopista;GRANADERO BAIGORRIA;Rosario;Asfalto;Natural;XVII;Dentro;Urbana;Otra Señal;No existe;Intersección;Bueno;Buena;Diurna;Buen Tiempo;Múltiple;S/D;Colisión;Ninguna;Horizontal
4897;2021;6/7/2021;Martes;10:00:00;;0.0;2;Automóvil,Moto/Ciclomotor;Garibaldi Y Pavón;2;1;0;1;0;0;Calle;VENADO TUERTO;General LÓPEZ;Asfalto;No existe;VIII;Dentro;Urbana;Otra Señal;No existe;Intersección;Bueno;Buena;Diurna;Buen Tiempo;Múltiple;S/D;Colisión;Ninguna;Faltante
4898;2021;6/7/2021;Martes;11:50:00;;0.0;2;Automóvil,Moto/Ciclomotor;Bartolomé Mitre Y Gral. Manuel Belgrano;2;1;0;1;0;0;Calle;VENADO TUERTO;General LÓPEZ;Asfalto;No existe;VIII;Dentro;Urbana;Otra Señal;No existe;Intersección;Bueno;Buena;Diurna;Buen Tiempo;Múltiple;S/D;Colisión;Ninguna;Faltante
4899;2021;6/7/2021;Martes;17:25:00;;0.0;2;Moto/Ciclomotor,Moto/Ciclomotor;José Aufranc Y Junín;3;3;0;0;0;0;Calle;VENADO TUERTO;General LÓPEZ;Tierra;No existe;VIII;Dentro;Urbana;Otra Señal;No existe;Intersección;S/D;Buena;Diurna;Buen Tiempo;Múltiple;S/D;Colisión;Ninguna;Faltante
4900;2021;6/7/2021;Martes;18:50:00;;0.0;1;Moto/Ciclomotor;Lisandro de la Torre 400;2;1;0;0;0;1;Calle;VENADO TUERTO;General LÓPEZ;Asfalto;No existe;VIII;Dentro;Urbana;Otra Señal;Funciona;Intersección;Bueno;Buena;Atardecer;Buen Tiempo;Múltiple;S/D;Colisión;Ninguna;Vertical
4901;2021;6/7/2021;Martes;19:05:00;Ruta Nacional 8;0.0;1;Bicicleta;Hipólito Irigoyen Y Ruta Nac 8;1;1;0;0;0;0;Ruta;VENADO TUERTO;General LÓPEZ;Asfalto;No existe;VIII;Dentro;Urbana;Otra Señal;Funciona;Intersección;Bueno;Buena;Diurna;Buen Tiempo;Múltiple;S/D;Colisión;Ninguna;Horizontal,Vertical
4902;2021;6/7/2021;Martes;;;0.0;2;Automóvil,Moto/Ciclomotor;Las Heras Y Salta;2;1;0;1;0;0;Calle;RAFAELA;Castellanos;Asfalto;No existe;V;Dentro;Urbana;Otra Señal;No existe;Intersección;Bueno;Buena;Diurna;Buen Tiempo;Múltiple;S/D;Colisión;Ninguna;Faltante
4903;2021;6/7/2021;Martes;;;0.0;2;Automóvil,Moto/Ciclomotor;Bv G L Lehmann Y San Martin;3;2;0;1;0;0;Avenida;RAFAELA;Castellanos;Asfalto;No existe;V;Dentro;Urbana;Otra Señal;No existe;Intersección;Bueno;Buena;Amanecer;Buen Tiempo;Múltiple;S/D;Colisión;Ninguna;Horizontal
4904;2021;6/7/2021;Martes;18:00:00;;0.0;1;Moto/Ciclomotor;Junín Y Tte.Agneta;1;1;0;0;0;0;Calle;ROSARIO;Constitución;S/D;S/D;II;S/D;Urbana;Otra Señal;S/D;Intersección;S/D;S/D;Atardecer;S/D;Múltiple;S/D;Colisión;S/D;S/D
4905;2021;6/7/2021;Martes;19:00:00;;0.0;1;Moto/Ciclomotor;Av. Francia Y Bv. Seguí;1;1;0;0;0;0;Avenida;ROSARIO;Constitución;S/D;S/D;II;S/D;Urbana;Otra Señal;S/D;Intersección;S/D;S/D;Diurna;S/D;Múltiple;S/D;Colisión;S/D;S/D
4906;2021;6/7/2021;Martes;15:00:00;;0.0;1;Moto/Ciclomotor;Amenábar Y España;2;2;0;0;0;0;S/D;ROSARIO;Constitución;S/D;S/D;II;S/D;Urbana;Otra Señal;S/D;Intersección;S/D;S/D;Diurna;S/D;Múltiple;S/D;Colisión;S/D;S/D
4907;2021;6/7/2021;Martes;08:30:00;;0.0;1;Automóvil;Leiva Y Anchorena;1;1;0;0;0;0;Calle;ROSARIO;Constitución;S/D;S/D;II;S/D;Urbana;Otra Señal;S/D;Intersección;S/D;S/D;Diurna;S/D;Múltiple;S/D;Colisión;S/D;S/D
4908;2021;6/7/2021;Martes;06:00:00;;0.0;2;Bicicleta,Automóvil;Calle 1610 Y Mendoza;2;0;0;1;0;0;Calle;ROSARIO;Constitución;Asfalto;No existe;II;Dentro;Urbana;Otra Señal;No existe;Intersección;Bueno;Buena;Amanecer;Buen Tiempo;Múltiple;Ciclista;Colisión;Ninguna;Faltante
4909;2021;6/7/2021;Martes;;;0.0;2;Moto/Ciclomotor,Taxi/Remis;Av. Peñaloza Y Espora;2;0;0;1;0;0;Avenida;SANTA FE;Constitución;Asfalto;No existe;I;Dentro;Urbana;Otra Señal;No existe;Intersección;Bueno;Buena;Diurna;Buen Tiempo;Múltiple;S/D;Colisión;Ninguna;Horizontal
4910;2021;7/7/2021;Miercoles;16:00:00;;0.0;2;Pickup/Utilitario,Peatón; ;2;0;0;1;1;0;Camino Rural;COLONIA ALDAO;Castellanos;S/D;S/D;V;S/D;Rural;Otra Señal;S/D;Intersección;S/D;S/D;Diurna;S/D;Múltiple;Peatón;Colisión;S/D;S/D
4911;2021;7/7/2021;Miercoles;11:10:00;;0.0;2;Moto/Ciclomotor,Automóvil;Pavón Y Reg.11 de Infantería;2;1;0;1;0;0;Calle;ROSARIO;Rosario;Asfalto;No existe;II;Dentro;Urbana;Otra Señal;No existe;Intersección;Bueno;Buena;Diurna;Buen Tiempo;Múltiple;S/D;Colisión;Ninguna;Faltante
4912;2021;7/7/2021;Miercoles;10:00:00;;0.0;2;Peatón,Pickup/Utilitario;Bv. 27 De Febrero 2400;2;0;0;1;0;0;Avenida;ROSARIO;Rosario;Asfalto;No existe;II;Dentro;Urbana;Otra Señal;No existe;Intersección;Bueno;Buena;Diurna;Buen Tiempo;Múltiple;Peatón;Colisión;Ninguna;Faltante
4913;2021;7/7/2021;Miercoles;11:35:00;;0.0;2;Moto/Ciclomotor,Pickup/Utilitario;Buenos Aires Y Laínez;3;1;0;2;0;0;Calle;ROSARIO;Rosario;Asfalto;No existe;II;Dentro;Urbana;Otra Señal;No existe;Intersección;Bueno;Buena;Diurna;Buen Tiempo;Múltiple;S/D;Colisión;Ninguna;Faltante
4914;2021;7/7/2021;Miercoles;10:00:00;;0.0;2;Automóvil,Moto/Ciclomotor;Crespo Y 9 De Julio;3;2;0;1;0;0;Calle;ROSARIO;Rosario;Asfalto;No existe;II;Dentro;Urbana;Otra Señal;No existe;Intersección;Resbaladiza;Buena;Diurna;Lluvia;Múltiple;S/D;Colisión;Agua;Vertical
4915;2021;7/7/2021;Miercoles;16:35:00;;0.0;2;Pickup/Utilitario,Moto/Ciclomotor;Agrelo Y Artigas;3;2;0;1;0;0;Calle;ROSARIO;Rosario;Asfalto;No existe;II;Dentro;Urbana;Otra Señal;No existe;Intersección;Bueno;Buena;Diurna;Buen Tiempo;Múltiple;S/D;Colisión;Ninguna;Faltante
4916;2021;7/7/2021;Miercoles;10:00:00;;0.0;2;Moto/Ciclomotor,Moto/Ciclomotor;Cafferata Y Saavedra;3;2;0;1;0;0;Calle;ROSARIO;Rosario;Asfalto;No existe;II;Dentro;Urbana;Otra Señal;No existe;Intersección;Resbaladiza;Buena;Diurna;Lluvia;Múltiple;S/D;Colisión;Agua;Faltante
4917;2021;7/7/2021;Miercoles;21:30:00;Ruta Nacional 178;181.0;2;Moto/Ciclomotor,Automóvil; ;3;2;0;1;0;0;Ruta;LAS PAREJAS;Belgrano;Asfalto;Natural;III;Dentro;Urbana;Otra Señal;No existe;Intersección;Bueno;Buena;Nocturna;Buen Tiempo;Múltiple;S/D;Colisión;Ninguna;Faltante
4918;2021;7/7/2021;Miercoles;20:35:00;;0.0;2;Moto/Ciclomotor,Automóvil;A Lezama Y Buenos Aires;4;2;0;2;0;0;Calle;VERA;Vera;Asfalto;No existe;XIX;Dentro;Urbana;Otra Señal;No existe;Intersección;Bueno;Buena;Atardecer;Buen Tiempo;Múltiple;S/D;Colisión;Ninguna;Faltante
4919;2021;7/7/2021;Miercoles;07:40:00;;0.0;2;Automóvil,Pickup/Utilitario;Mendoza Y Rio De Janeiro;4;3;0;1;0;0;Calle;ROSARIO;Rosario;Asfalto;No existe;II;Dentro;Urbana;Otra Señal;Funciona;Intersección;Bueno;Buena;Diurna;Buen Tiempo;Múltiple;S/D;Colisión;Ninguna;Horizontal,Vertical
4920;2021;7/7/2021;Miercoles;00:45:00;;0.0;2;Moto/Ciclomotor,Pickup/Utilitario;9 de Julio Y Sarmiento;2;1;0;1;0;0;Calle;CALCHAQUÍ;Vera;Asfalto;No existe;XIX;Dentro;Urbana;Otra Señal;No existe;Intersección;Bueno;Buena;Nocturna,Con luz artificial;Buen Tiempo;Múltiple;S/D;Colisión;Ninguna;Faltante
4921;2021;7/7/2021;Miercoles;17:15:00;;0.0;2;Peatón,Automóvil;Marcos Paz Y Soldado Aguirre;2;1;0;0;0;1;Calle;VILLA GOBERNADOR GÁLVEZ;Rosario;Asfalto;No existe;II;Dentro;Urbana;Otra Señal;No existe;Intersección;Deteriorada;Buena;Atardecer;Buen Tiempo;Múltiple;Peatón;Colisión;Material Suelto;Faltante