ID_Accidente;A�o;Fecha;Dia;Hopra;Ruta/Autop;km;Participantes;Tipo;Lugar;Total;Heridos Leves;Heridos Graves;Ilesos;Fallecidos;Sin datos;desc_tipo_via;desc_loc;desc_dpto;|;desc_tipo_banquina;desc_unidad_regional;desc_lugar_calzada;desc_zona;desc_prioridad;desc_estado_semaforo;desc_lugar_via;desc_estado_via;desc_estado_visibilidad;desc_luminosidad;desc_estado_clima;desc_tipo_colision;desc_tipo_atropello;desc_tipo_hecho;desc_pres_calzada;desc_senializacion
4922;2021;7/7/2021;Miercoles;12:50:00;Ruta Nacional 33;0.0;5;Automóvil,Camión,Automóvil,Pickup/Utilitario,Automóvil;Ruta Nac 33 Y Ruta Prov. 14;6;1;0;5;0;0;Ruta;PEREZ;Rosario;Asfalto;Ripio;II;Dentro;Urbana;Otra Señal;No existe;Intersección;Bueno;Buena;Diurna;Buen Tiempo;Múltiple;S/D;Colisión;Ninguna;Horizontal,Vertical
4923;2021;7/7/2021;Miercoles;15:45:00;;0.0;2;Pickup/Utilitario,Automóvil;3 De Febrero Y Alvear;2;1;0;1;0;0;Calle;ROSARIO;Rosario;Asfalto;No existe;II;Dentro;Urbana;Otra Señal;No existe;Intersección;Bueno;Buena;Diurna;Buen Tiempo;Múltiple;S/D;Colisión;Ninguna;Faltante
4924;2021;7/7/2021;Miercoles;13:40:00;;0.0;2;Moto/Ciclomotor,Moto/Ciclomotor;Pje. Achiras Y San Lorenzo;4;1;0;3;0;0;Calle;ROSARIO;Rosario;Asfalto;No existe;II;Dentro;Urbana;Otra Señal;No existe;Intersección;Bueno;Buena;Diurna;Buen Tiempo;Múltiple;S/D;Colisión;Ninguna;Faltante
4925;2021;7/7/2021;Miercoles;18:05:00;;0.0;2;Moto/Ciclomotor,Automóvil;Hernandarias Y Mitre;3;2;0;1;0;0;Calle;SANTA FE;La Capital;Asfalto;No existe;I;Dentro;Urbana;Otra Señal;No existe;Intersección;Bueno;Buena;Diurna;Buen Tiempo;Múltiple;S/D;Colisión;Ninguna;Faltante
4926;2021;7/7/2021;Miercoles;13:20:00;;0.0;2;Moto/Ciclomotor,Pickup/Utilitario;Av. Blas Parera Y R Godoy;2;1;0;1;0;0;Avenida;SANTA FE;La Capital;Asfalto;No existe;I;Dentro;Urbana;Otra Señal;Funciona;Intersección;Bueno;Buena;Diurna;Buen Tiempo;Múltiple;S/D;Colisión;Ninguna;Horizontal,Vertical
4927;2021;7/7/2021;Miercoles;13:40:00;Ruta Provincial 2;11.0;1;Moto/Ciclomotor; ;1;1;0;0;0;0;Ruta;MONTE VERA;La Capital;Ripio;No existe;I;Dentro;Rural;Otra Señal;No existe;Intersección;Con baches;Buena;Diurna;Buen Tiempo;Múltiple;S/D;Colisión;S/D;Faltante
4928;2021;7/7/2021;Miercoles;07:05:00;Autopista Nacional A012;0.0;2;Moto/Ciclomotor,Automóvil; ;2;1;0;1;0;0;Autopista;ROLDÁN;San Lorenzo;Asfalto;Ripio;XVII;Dentro;Rural;Otra Señal;No existe;Intersección;Bueno;S/D;Amanecer;S/D;Múltiple;S/D;Colisión;Agua;Horizontal
4929;2021;7/7/2021;Miercoles;16:30:00;;0.0;1;Moto/Ciclomotor;Genaro Roldan Y Islas Malvinas;3;2;0;1;0;0;Calle;SAN LORENZO;San Lorenzo;Asfalto;No existe;XVII;Dentro;Urbana;Otra Señal;No existe;Intersección;S/D;S/D;Diurna;S/D;Múltiple;S/D;Colisión;S/D;Faltante
4930;2021;7/7/2021;Miercoles;13:00:00;;0.0;2;Moto/Ciclomotor,Pickup/Utilitario;Candioti Y Juan Del Campillo;2;1;0;1;0;0;Calle;SANTA FE;La Capital;Asfalto;No existe;I;Dentro;Urbana;Otra Señal;No existe;Intersección;Bueno;Buena;Diurna;Buen Tiempo;Múltiple;S/D;Colisión;Ninguna;Horizontal
4931;2021;7/7/2021;Miercoles;12:00:00;;0.0;2;Automóvil,Peatón;GIMÉNEZ DE ASUA LUIS Y LAUREANO MARADONA ;2;1;0;0;0;1;Calle;SANTA FE;La Capital;Asfalto;No existe;I;Dentro;Urbana;Otra Señal;No existe;Intersección;Bueno;Buena;Nocturna;Buen Tiempo;Múltiple;Peatón;Colisión;Ninguna;Faltante
4932;2021;7/7/2021;Miercoles;08:05:00;;0.0;2;Automóvil,Bicicleta;Bv C Pellegrini Y Gdor. Cabal;2;1;0;1;0;0;Avenida;SAN JUSTO;San Justo;Hormigón;No existe;XVI;Dentro;Urbana;Otra Señal;No existe;Intersección;Resbaladiza;Reducida;Diurna;Lluvia;Múltiple;Ciclista;Colisión;Agua;Faltante
4933;2021;7/7/2021;Miercoles;16:00:00;;0.0;2;Moto/Ciclomotor,Automóvil;9 de Julio Y Bv Pellegrini;3;1;0;2;0;0;Avenida;SANTA FE;La Capital;Asfalto;No existe;I;Dentro;Urbana;Otra Señal;Funciona;Intersección;Bueno;Buena;Diurna;Buen Tiempo;Múltiple;S/D;Colisión;Ninguna;Vertical
4934;2021;7/7/2021;Miercoles;10:20:00;;0.0;2;Moto/Ciclomotor,Automóvil;Calle 13-Iturraspe Y Calle 28 - San Lorenzo;2;1;0;1;0;0;Calle;RECONQUISTA;General Obligado;Asfalto;No existe;IX;Dentro;Urbana;Otra Señal;No existe;Intersección;Deteriorada;Buena;Diurna;Buen Tiempo;Múltiple;S/D;Colisión;Ninguna;Faltante
4935;2021;7/7/2021;Miercoles;;;0.0;2;Moto/Ciclomotor,Bicicleta;AV MAIPÚ Y ANA M. JANER;2;0;0;0;1;1;Avenida;CERES;Constitución;Asfalto;No existe;XIII;Dentro;Urbana;Otra Señal;No existe;Intersección;Bueno;S/D;S/D;S/D;Múltiple;Ciclista;Colisión;Ninguna;Faltante
4936;2021;7/7/2021;Miercoles;15:30:00;;0.0;1;Automóvil;Bv. Avellaneda Y Larrea;2;1;0;0;0;1;Avenida;ROSARIO;Constitución;S/D;S/D;II;S/D;Urbana;Otra Señal;S/D;Intersección;S/D;S/D;Diurna;S/D;Múltiple;S/D;Colisión;S/D;S/D
4937;2021;7/7/2021;Miercoles;14:00:00;;0.0;2;Automóvil,Moto/Ciclomotor;Laprida Y Estado de Israel;2;1;0;0;0;1;Calle;ROSARIO;Constitución;S/D;S/D;II;S/D;Urbana;Otra Señal;S/D;Intersección;S/D;S/D;Diurna;S/D;Múltiple;S/D;Colisión;S/D;S/D
4938;2021;7/7/2021;Miercoles;06:50:00;Autopista Provincial Brigadier E.LÓPEZ;101.0;2;Automóvil,Camión c / Acoplado; ;4;0;0;1;2;0;Autopista;AROCENA;Constitución;Asfalto;Pavimento;XV;Dentro;Rural;Otra Señal;No existe;Intersección;Bueno;S/D;Nocturna;S/D;Múltiple;S/D;Colisión;Ninguna;Faltante
4939;2021;7/7/2021;Miercoles;15:40:00;;0.0;2;Moto/Ciclomotor,Pickup/Utilitario;Ecuador Y San Lorenzo;2;0;0;1;0;0;Calle;ARMSTRONG;Constitución;Ripio;No existe;III;Dentro;Urbana;Otra Señal;No existe;Intersección;Bueno;Buena;Diurna;Buen Tiempo;Múltiple;S/D;Colisión;Ninguna;Faltante
4940;2021;7/7/2021;Miercoles;17:40:00;;0.0;2;Moto/Ciclomotor,Automóvil;A Castellanos Y Bv 14 de Diciembre;3;1;0;1;0;0;Avenida;ARMSTRONG;Constitución;Asfalto;No existe;III;Dentro;Urbana;Otra Señal;No existe;Intersección;Con baches;Buena;Diurna;Buen Tiempo;Múltiple;S/D;Colisión;Ninguna;Faltante
4941;2021;7/7/2021;Miercoles;;Ruta Provincial 20;179.0;2;Moto/Ciclomotor,Moto/Ciclomotor; ;2;0;0;0;0;0;Ruta;ZENÓN PEREYRA;Castellanos;S/D;Ripio;V;Dentro;Urbana;Otra Señal;S/D;Intersección;S/D;S/D;S/D;S/D;Múltiple;S/D;Colisión;S/D;S/D
4942;2021;8/7/2021;Jueves;14:00:00;;0.0;2;Moto/Ciclomotor,Moto/Ciclomotor;Av. Francia Y Hilarion de la Quintana;2;1;0;0;0;1;Avenida;ROSARIO;Rosario;Asfalto;No existe;II;Dentro;Urbana;Otra Señal;No existe;Intersección;Bueno;Buena;Diurna;Buen Tiempo;Múltiple;S/D;Colisión;Ninguna;Horizontal,Vertical
4943;2021;8/7/2021;Jueves;21:30:00;;0.0;2;Moto/Ciclomotor,Automóvil;Amenábar Y Av. Provincias Unidas;2;1;0;1;0;0;Avenida;ROSARIO;Rosario;Asfalto;No existe;II;Dentro;Urbana;Otra Señal;No existe;Intersección;Bueno;Buena;Diurna;Buen Tiempo;Múltiple;S/D;Colisión;Ninguna;Faltante
4944;2021;8/7/2021;Jueves;17:20:00;;0.0;1;Bicicleta;Entre Ríos 3900;1;1;0;0;0;0;Calle;ROSARIO;Rosario;Asfalto;No existe;II;Dentro;Urbana;Otra Señal;No existe;Intersección;Bueno;Buena;Diurna;Buen Tiempo;Múltiple;S/D;Colisión;Ninguna;Vertical
4945;2021;8/7/2021;Jueves;16:30:00;;0.0;2;Bicicleta,Automóvil;España Y Pte. Quintana;2;1;0;1;0;0;Calle;ROSARIO;Rosario;Asfalto;No existe;II;Dentro;Urbana;Otra Señal;No existe;Intersección;Bueno;Buena;Diurna;Buen Tiempo;Múltiple;Ciclista;Colisión;Ninguna;Faltante
4946;2021;8/7/2021;Jueves;13:40:00;;0.0;2;Automóvil,Bicicleta;Av. Alberti 600;2;1;0;1;0;0;Avenida;ROSARIO;Rosario;Asfalto;No existe;II;Dentro;Urbana;Otra Señal;Funciona;Intersección;Bueno;S/D;Diurna;Buen Tiempo;Múltiple;Ciclista;Colisión;S/D;Horizontal,Vertical
4947;2021;8/7/2021;Jueves;17:15:00;;0.0;2;Peatón,Moto/Ciclomotor;Av. Ovidio Lagos Y Ocampo;2;2;0;0;0;0;Avenida;ROSARIO;Rosario;Asfalto;No existe;II;Dentro;Urbana;Otra Señal;No existe;Intersección;Bueno;Buena;Diurna;Buen Tiempo;Múltiple;Peatón;Colisión;Ninguna;Horizontal
4948;2021;8/7/2021;Jueves;13:00:00;;0.0;2;Moto/Ciclomotor,Automóvil;Montevideo Y Rodríguez;2;1;0;1;0;0;Calle;ROSARIO;Rosario;Asfalto;No existe;II;Dentro;Urbana;Otra Señal;No existe;Intersección;Bueno;Buena;Diurna;Buen Tiempo;Múltiple;S/D;Colisión;Ninguna;Faltante
4949;2021;8/7/2021;Jueves;19:00:00;Ruta Provincial 1;0.0;2;Automóvil,Moto/Ciclomotor;Buenos Aires Y Boulevard General B Mitre;3;2;0;1;0;0;Ruta;HELVECIA;Garay;Asfalto;No existe;VII;Dentro;Urbana;Otra Señal;No existe;Intersección;Bueno;Buena;Diurna;Buen Tiempo;Múltiple;S/D;Colisión;Ninguna;Horizontal
4950;2021;8/7/2021;Jueves;15:30:00;;0.0;2;Moto/Ciclomotor,Peatón;Boulevard Ocampo Y Dalmacio Vélez Sarsfield;2;1;0;1;0;0;Avenida;HELVECIA;Garay;Asfalto;No existe;VII;Dentro;Urbana;Otra Señal;No existe;Intersección;Bueno;Buena;Diurna;Buen Tiempo;Múltiple;Peatón;Colisión;Ninguna;Faltante
4951;2021;8/7/2021;Jueves;19:00:00;Ruta Provincial 22;0.0;3;Moto/Ciclomotor,Automóvil,Automóvil;San Martin ;3;1;0;2;0;0;Ruta;ROSARIO;Rosario;Asfalto;No existe;II;Dentro;Urbana;Otra Señal;Funciona;Intersección;Bueno;Buena;Atardecer;Buen Tiempo;Múltiple;S/D;Colisión;Ninguna;Horizontal,Vertical
4952;2021;8/7/2021;Jueves;11:20:00;;0.0;2;Moto/Ciclomotor,Automóvil;San Martin Y Santa Fe;4;2;0;2;0;0;Calle;CALCHAQUÍ;Vera;Asfalto;No existe;XIX;Dentro;Urbana;Otra Señal;No existe;Intersección;Bueno;Buena;Diurna;Buen Tiempo;Múltiple;S/D;Colisión;Ninguna;Faltante
4953;2021;8/7/2021;Jueves;07:40:00;Ruta Nacional 9;0.0;2;Bicicleta,Automóvil;Catamarca Y Ruta Nacional 9;2;1;0;1;0;0;Ruta;FUNES;Rosario;Asfalto;Ripio;II;Dentro;Urbana;Otra Señal;Funciona;Intersección;Bueno;Reducida;Amanecer,Con luz artificial;Buen Tiempo;Múltiple;Ciclista;Colisión;Ninguna;Horizontal,Vertical
4954;2021;8/7/2021;Jueves;20:30:00;;0.0;2;Moto/Ciclomotor,Automóvil;French Y Solís;2;1;0;1;0;0;Calle;ROSARIO;Rosario;Asfalto;No existe;II;Dentro;Urbana;Otra Señal;No existe;Intersección;Bueno;Reducida;Nocturna;Buen Tiempo;Múltiple;S/D;Colisión;Ninguna;Faltante
4955;2021;8/7/2021;Jueves;;;0.0;2;Automóvil,Camión Chasis;Lamadrid Y Salvador Caputo;2;1;0;1;0;0;Calle;SANTA FE;La Capital;Asfalto;No existe;I;Dentro;Urbana;Otra Señal;No existe;Intersección;Bueno;Buena;Diurna;Buen Tiempo;Múltiple;S/D;Colisión;Ninguna;Faltante
4956;2021;8/7/2021;Jueves;16:00:00;;0.0;2;Moto/Ciclomotor,Peatón;Av. Provincias Unidas Y Derqui;2;1;0;1;0;0;Avenida;ROSARIO;Rosario;Asfalto;No existe;II;Dentro;Urbana;Otra Señal;Funciona;Intersección;Bueno;Buena;Atardecer;Buen Tiempo;Múltiple;Peatón;Colisión;Ninguna;Horizontal,Vertical
4957;2021;8/7/2021;Jueves;18:20:00;;0.0;2;Automóvil,Moto/Ciclomotor;Azcuénaga 3953;2;1;0;1;0;0;Calle;SANTA FE;La Capital;Tierra;No existe;I;Dentro;Urbana;Otra Señal;No existe;Intersección;Bueno;Buena;Atardecer;Buen Tiempo;Múltiple;S/D;Colisión;Ninguna;Horizontal
4958;2021;8/7/2021;Jueves;14:20:00;;0.0;2;Moto/Ciclomotor,Peatón;Av. Blas Parera Y Reg. 12 de Infantería;2;2;0;0;0;0;Avenida;SANTA FE;La Capital;Asfalto;No existe;I;Dentro;Urbana;Otra Señal;No existe;Intersección;Bueno;Buena;Diurna;Buen Tiempo;Múltiple;Peatón;Colisión;Ninguna;Horizontal,Vertical
4959;2021;8/7/2021;Jueves;14:30:00;;0.0;2;Pickup/Utilitario,Bicicleta;Gdor. Candioti Y Pedro de Vega;2;1;0;0;0;1;Calle;SANTA FE;La Capital;Asfalto;No existe;I;Dentro;Urbana;Otra Señal;No existe;Intersección;Bueno;Buena;Diurna;Buen Tiempo;Múltiple;Ciclista;Colisión;Ninguna;Faltante
4960;2021;8/7/2021;Jueves;20:10:00;;0.0;2;Automóvil,Bicicleta;Falucho Y Tte. roca;2;1;0;1;0;0;Calle;SAN LORENZO;San Lorenzo;Asfalto;No existe;XVII;Dentro;Urbana;Otra Señal;No existe;Intersección;Bueno;Buena;Diurna;Buen Tiempo;Múltiple;Ciclista;Colisión;Ninguna;Faltante
4961;2021;8/7/2021;Jueves;07:45:00;Ruta Nacional 11;0.0;2;Moto/Ciclomotor,Pickup/Utilitario;3 de Febrero Y Av. San Martin;3;2;0;1;0;0;Ruta;SAN LORENZO;San Lorenzo;Asfalto;No existe;XVII;Dentro;Urbana;Otra Señal;No existe;Intersección;Bueno;Buena;Diurna;Buen Tiempo;Múltiple;S/D;Colisión;Ninguna;Horizontal
4962;2021;8/7/2021;Jueves;15:40:00;Autopista Nacional Gral. Juan Jose Valle;7.0;2;Automóvil,Camión c / Acoplado; ;3;2;0;1;0;0;Autopista;CAPITÁN BERMÚDEZ;San Lorenzo;Asfalto;Ripio;XVII;Dentro;Urbana;Otra Señal;No existe;Intersección;Bueno;Buena;Diurna;Buen Tiempo;Múltiple;S/D;Colisión;Ninguna;Horizontal
4963;2021;8/7/2021;Jueves;10:30:00;Autopista Nacional A012;42.5;2;Otros,Automóvil; ;3;1;0;2;0;0;Autopista;ROLDÁN;San Lorenzo;Asfalto;Pavimento;XVII;Dentro;Urbana;Otra Señal;No existe;Intersección;S/D;Buena;Diurna;S/D;Múltiple;S/D;Colisión;S/D;Horizontal
4964;2021;8/7/2021;Jueves;12:00:00;;0.0;2;Automóvil,Bicicleta;Av. Los Colonizadores Y Gobernador Pujol;2;1;0;1;0;0;Avenida;ESPERANZA;Las Colonias;Asfalto;No existe;XI;Dentro;Urbana;Otra Señal;No existe;Intersección;Bueno;Buena;Diurna;Buen Tiempo;Múltiple;Ciclista;Colisión;Ninguna;Faltante
4965;2021;8/7/2021;Jueves;16:15:00;;0.0;2;Bicicleta,Automóvil;Iturraspe Y Necochea;2;1;0;1;0;0;Calle;SANTA FE;La Capital;Asfalto;No existe;I;Dentro;Urbana;Otra Señal;No existe;Intersección;Bueno;Buena;Diurna;Buen Tiempo;Múltiple;Ciclista;Colisión;Ninguna;Faltante
4966;2021;8/7/2021;Jueves;16:15:00;;0.0;2;Moto/Ciclomotor,Automóvil;COSTANERA ESTE ;2;1;0;1;0;0;Calle;SANTA FE;La Capital;Asfalto;No existe;I;Dentro;Urbana;Otra Señal;S/D;Intersección;Bueno;Buena;Diurna;S/D;Múltiple;S/D;Colisión;Ninguna;S/D
4967;2021;8/7/2021;Jueves;21:00:00;;0.0;2;Automóvil,Automóvil;Raúl Alberto Tacca 700;3;1;0;2;0;0;Calle;SANTA FE;La Capital;Asfalto;No existe;I;Dentro;Urbana;Otra Señal;No existe;Intersección;Bueno;Buena;Nocturna;Buen Tiempo;Múltiple;S/D;Colisión;Ninguna;Faltante
4968;2021;8/7/2021;Jueves;;;0.0;2;Moto/Ciclomotor,Automóvil; ;2;1;0;1;0;0;S/D;ESPERANZA;Las Colonias;S/D;S/D;XI;S/D;S/D;Otra Señal;S/D;Intersección;S/D;S/D;S/D;S/D;Múltiple;S/D;Colisión;S/D;S/D
4969;2021;8/7/2021;Jueves;10:40:00;;0.0;2;Moto/Ciclomotor,Moto/Ciclomotor;Bv Centeno Y Dr. Paciello;2;1;0;1;0;0;Avenida;CENTENO;San JERÓNIMO;Asfalto;No existe;XV;Dentro;Urbana;Otra Señal;No existe;Intersección;Bueno;Buena;Diurna;Buen Tiempo;Múltiple;S/D;Colisión;Ninguna;Faltante
4970;2021;8/7/2021;Jueves;10:35:00;;0.0;2;Pickup/Utilitario,Moto/Ciclomotor;Justo José de Urquiza Y Ricardo Salvadores;2;1;0;1;0;0;Calle;VENADO TUERTO;General LÓPEZ;Asfalto,Ripio;No existe;VIII;Dentro;Urbana;Otra Señal;No existe;Intersección;Bueno;Buena;Diurna;Buen Tiempo;Múltiple;S/D;Colisión;Ninguna;Faltante
4971;2021;8/7/2021;Jueves;11:55:00;;0.0;2;Automóvil,Moto/Ciclomotor;Hipólito Irigoyen Y Lisandro de la Torre;2;1;0;1;0;0;Calle;VENADO TUERTO;General LÓPEZ;Asfalto;No existe;VIII;Dentro;Urbana;Otra Señal;Funciona;Intersección;Bueno;Buena;Diurna;Buen Tiempo;Múltiple;S/D;Colisión;Ninguna;Vertical
4972;2021;8/7/2021;Jueves;;;0.0;2;Bicicleta,Automóvil;Bv Pte. Roca 1290;2;1;0;1;0;0;Avenida;RAFAELA;Castellanos;Asfalto;No existe;V;Dentro;Urbana;Otra Señal;Funciona;Intersección;Bueno;Buena;Nocturna;Buen Tiempo;Múltiple;Ciclista;Colisión;Ninguna;Horizontal,Vertical
4973;2021;8/7/2021;Jueves;23:15:00;;0.0;2;Moto/Ciclomotor,Moto/Ciclomotor;Bolívar Y Laínez;2;2;0;0;0;0;Calle;SUNCHALES;Castellanos;Asfalto;No existe;V;Dentro;Urbana;Otra Señal;No existe;Intersección;Bueno;Buena;Nocturna;Buen Tiempo;Múltiple;S/D;Colisión;Ninguna;Vertical
4974;2021;8/7/2021;Jueves;08:00:00;Autopista Nacional A008;0.0;2;Automóvil,Automóvil;Av. Belgrano 2000;2;2;0;0;0;0;Autopista;ROSARIO;Rosario;Asfalto;No existe;II;Dentro;Urbana;Otra Señal;No existe;Intersección;Bueno;Buena;Amanecer;Buen Tiempo;Múltiple;S/D;Colisión;Ninguna;Horizontal
4975;2021;8/7/2021;Jueves;15:10:00;Ruta Provincial 1;10.0;2;Pickup/Utilitario,Moto/Ciclomotor; ;2;1;0;1;0;0;Ruta;ARROYO LEYES;Constitución;Asfalto;Ripio;I;Dentro;Urbana;Otra Señal;S/D;Intersección;S/D;S/D;Diurna;S/D;Múltiple;S/D;Colisión;S/D;Horizontal
4976;2021;8/7/2021;Jueves;08:25:00;;0.0;2;Moto/Ciclomotor,Automóvil;Av. Eva Perón 8180;2;0;0;0;0;1;Avenida;ROSARIO;Constitución;Asfalto;No existe;II;Dentro;Urbana;Otra Señal;Funciona;Intersección;Bueno;Buena;Diurna;Buen Tiempo;Múltiple;S/D;Colisión;Ninguna;Horizontal,Vertical
4977;2021;8/7/2021;Jueves;23:30:00;;0.0;2;Pickup/Utilitario,Moto/Ciclomotor;Aaron Castellanos Y San Martin;2;0;0;1;0;0;Calle;ESPERANZA;Constitución;Asfalto;No existe;XI;Dentro;Urbana;Otra Señal;No existe;Intersección;Bueno;Buena;Diurna;Buen Tiempo;Múltiple;S/D;Colisión;Ninguna;Horizontal
4978;2021;8/7/2021;Jueves;15:30:00;Ruta Provincial 92;0.0;2;Moto/Ciclomotor,Pickup/Utilitario;Avenida Mayo Y Moneta;2;0;0;1;0;0;Ruta;AREQUITO;Caseros;Asfalto;Pavimento;IV;Dentro;Urbana;Otra Señal;No existe;Intersección;Bueno;S/D;Diurna;Buen Tiempo;Múltiple;S/D;Colisión;Ninguna;Horizontal
4979;2021;9/7/2021;Viernes;13:30:00;;0.0;2;Peatón,Moto/Ciclomotor;Bv. Seguí 5365;2;1;0;1;0;0;Avenida;ROSARIO;Rosario;Asfalto;No existe;II;Fuera;Urbana;Otra Señal;No existe;Intersección;Bueno;Buena;Diurna;Buen Tiempo;Múltiple;Peatón;Colisión;S/D;Faltante
4980;2021;9/7/2021;Viernes;17:45:00;;0.0;2;Moto/Ciclomotor,Automóvil;Amenábar Y España;2;1;0;1;0;0;Calle;ROSARIO;Rosario;Asfalto;No existe;II;Dentro;Urbana;Otra Señal;No existe;Intersección;Bueno;Buena;Diurna;Buen Tiempo;Múltiple;S/D;Colisión;Ninguna;Vertical
4981;2021;9/7/2021;Viernes;18:50:00;;0.0;2;Automóvil,Peatón;Buenos Aires Y Viamonte;2;1;0;1;0;0;Calle;ROSARIO;Rosario;Asfalto;No existe;II;Dentro;Urbana;Otra Señal;No existe;Intersección;Bueno;Buena;Diurna;Buen Tiempo;Múltiple;Peatón;Colisión;Ninguna;Horizontal
4982;2021;9/7/2021;Viernes;12:35:00;;0.0;2;Pickup/Utilitario,Bicicleta;AV MONGSFELD Y BV AVELLANEDA;2;0;0;1;1;0;Avenida;ROSARIO;Rosario;Asfalto;No existe;II;Dentro;Urbana;Otra Señal;Funciona;Intersección;Bueno;S/D;Diurna;Buen Tiempo;Múltiple;Ciclista;Colisión;Ninguna;Horizontal,Vertical
4983;2021;9/7/2021;Viernes;17:20:00;;0.0;2;Moto/Ciclomotor,Taxi/Remis;Bv. Avellaneda Y 9 De Julio;3;2;0;1;0;0;Avenida;ROSARIO;Rosario;Asfalto;No existe;II;Dentro;Urbana;Otra Señal;Funciona;Intersección;Bueno;Buena;Diurna;Buen Tiempo;Múltiple;S/D;Colisión;Ninguna;Horizontal,Vertical
4984;2021;9/7/2021;Viernes;17:15:00;;0.0;2;Moto/Ciclomotor,Automóvil;Belgrano Y Colon;3;1;0;2;0;0;Calle;VERA;Vera;Asfalto;No existe;XIX;Dentro;Urbana;Otra Señal;No existe;Intersección;Bueno;Buena;Diurna;Buen Tiempo;Múltiple;S/D;Colisión;Ninguna;Faltante
4985;2021;9/7/2021;Viernes;15:30:00;;0.0;2;Pickup/Utilitario,Automóvil;Elorza Y San José;2;1;0;1;0;0;Calle;FUNES;Rosario;Asfalto;No existe;II;Dentro;Urbana;Otra Señal;No existe;Intersección;Bueno;Buena;Diurna;Buen Tiempo;Múltiple;S/D;Colisión;Ninguna;Vertical
4986;2021;9/7/2021;Viernes;15:00:00;;0.0;2;Automóvil,Moto/Ciclomotor;Juan Diaz de Solís Y Salvador Caputo;2;1;0;1;0;0;Calle;SANTA FE;La Capital;Asfalto;No existe;I;Dentro;Urbana;Otra Señal;No existe;Intersección;Bueno;Buena;Diurna;Buen Tiempo;Múltiple;S/D;Colisión;Ninguna;Faltante
4987;2021;9/7/2021;Viernes;14:30:00;;0.0;2;Automóvil,Moto/Ciclomotor;Av. Blas Parera Y Reg. 12 de Infantería;2;2;0;0;0;0;Avenida;SANTA FE;La Capital;Asfalto;No existe;I;Dentro;Urbana;Otra Señal;Funciona;Intersección;Bueno;Buena;Diurna;Buen Tiempo;Múltiple;S/D;Colisión;Ninguna;Horizontal,Vertical
4988;2021;9/7/2021;Viernes;13:20:00;Autopista Nacional A012;0.0;2;Moto/Ciclomotor,Camión c / Acoplado;Gdor. Saavedra - Ruta 12 ;2;1;0;1;0;0;Autopista;SAN LORENZO;San Lorenzo;Asfalto;No existe;XVII;Dentro;Urbana;Otra Señal;No existe;Intersección;Bueno;Buena;Diurna;Buen Tiempo;Múltiple;S/D;Colisión;Ninguna;Horizontal,Vertical
4989;2021;9/7/2021;Viernes;22:45:00;Ruta Secundaria 262-s;0.0;2;Moto/Ciclomotor,Moto/Ciclomotor;Av. San Martin Y Mendoza;2;1;0;1;0;0;Ruta;SAN JORGE;San MARTÍN;Asfalto;Pavimento;XVIII;Dentro;Urbana;Otra Señal;No existe;Intersección;Bueno;Buena;Diurna;Buen Tiempo;Múltiple;S/D;Colisión;Ninguna;Faltante
4990;2021;9/7/2021;Viernes;20:30:00;;0.0;2;Moto/Ciclomotor,Automóvil;ESTÉVEZ BOERO Y GRECA;3;2;0;1;0;0;Calle;SANTA FE;La Capital;Asfalto;No existe;I;Dentro;Urbana;Otra Señal;No existe;Intersección;Bueno;Buena;Atardecer;Lluvia;Múltiple;S/D;Colisión;Agua;Faltante
4991;2021;9/7/2021;Viernes;18:10:00;;0.0;2;Pickup/Utilitario,Moto/Ciclomotor;Calle 6 Y Calle 15;2;1;0;1;0;0;Calle;LAS PAREJAS;Belgrano;Asfalto;No existe;III;Dentro;Urbana;Otra Señal;No existe;Intersección;Bueno;Buena;Atardecer;Buen Tiempo;Múltiple;S/D;Colisión;Ninguna;Faltante
4992;2021;9/7/2021;Viernes;01:30:00;;0.0;2;Moto/Ciclomotor,Automóvil;Av. Urquiza Y Hipólito Yrigoyen;2;1;0;1;0;0;Avenida;SANTA FE;La Capital;Asfalto;No existe;I;Dentro;Urbana;Otra Señal;Funciona;Intersección;Bueno;Buena;Nocturna,Con luz artificial;Buen Tiempo;Múltiple;S/D;Colisión;Ninguna;Horizontal,Vertical
4993;2021;9/7/2021;Viernes;;;0.0;2;Camión,Moto/Ciclomotor;Av. Blas Parera Y Chaco;2;1;0;1;0;0;Avenida;SANTA FE;La Capital;Asfalto;No existe;I;Dentro;Urbana;Otra Señal;Funciona;Intersección;Bueno;Buena;Diurna;Buen Tiempo;Múltiple;S/D;Colisión;Ninguna;Horizontal,Vertical