ID_Accidente;A�o;Fecha;Dia;Hopra;Ruta/Autop;km;Participantes;Tipo;Lugar;Total;Heridos Leves;Heridos Graves;Ilesos;Fallecidos;Sin datos;desc_tipo_via;desc_loc;desc_dpto;|;desc_tipo_banquina;desc_unidad_regional;desc_lugar_calzada;desc_zona;desc_prioridad;desc_estado_semaforo;desc_lugar_via;desc_estado_via;desc_estado_visibilidad;desc_luminosidad;desc_estado_clima;desc_tipo_colision;desc_tipo_atropello;desc_tipo_hecho;desc_pres_calzada;desc_senializacion
4994;2021;9/7/2021;Viernes;23:45:00;;0.0;2;Moto/Ciclomotor,Automóvil;Belgrano 1900;2;1;0;1;0;0;Calle;CORONDA;San JERÓNIMO;Asfalto;No existe;XV;Dentro;Urbana;Otra Señal;Funciona;Intersección;Bueno;Buena;Diurna;Buen Tiempo;Múltiple;S/D;Colisión;Ninguna;Horizontal,Vertical
4995;2021;9/7/2021;Viernes;12:10:00;;0.0;1;Automóvil; ;2;2;0;0;0;0;Calle;VENADO TUERTO;General LÓPEZ;Tierra;No existe;VIII;Dentro;Urbana;Otra Señal;No existe;Intersección;Bueno;Buena;Diurna;Buen Tiempo;Múltiple;S/D;Colisión;Ninguna;Faltante
4996;2021;9/7/2021;Viernes;;;0.0;1;Bicicleta;25 de Mayo 70;1;1;0;0;0;0;Calle;SUNCHALES;Castellanos;Asfalto;No existe;V;Dentro;Urbana;Otra Señal;No existe;Intersección;Bueno;Buena;Diurna;Buen Tiempo;Múltiple;S/D;Colisión;Ninguna;Faltante
4997;2021;9/7/2021;Viernes;10:30:00;Ruta Provincial 21;5.4;2;Automóvil,Automóvil; ;2;2;0;0;0;0;Ruta;ALVEAR;Rosario;Asfalto;Ripio;II;Dentro;Rural;Otra Señal;No existe;Intersección;Bueno;Buena;Diurna;Buen Tiempo;Múltiple;S/D;Colisión;Ninguna;Horizontal
4998;2021;9/7/2021;Viernes;14:00:00;;0.0;2;Taxi/Remis,Moto/Ciclomotor;Gdor. Crespo Y Juan Diaz de Solís;3;2;0;1;0;0;Calle;SANTA FE;La Capital;Asfalto;No existe;I;Dentro;Urbana;Otra Señal;No existe;Intersección;Bueno;Buena;Diurna;Buen Tiempo;Múltiple;S/D;Colisión;Ninguna;Faltante
4999;2021;9/7/2021;Viernes;15:00:00;;0.0;1;Moto/Ciclomotor; ;1;1;0;0;0;0;S/D;ROSARIO;Constitución;S/D;S/D;II;S/D;S/D;Otra Señal;S/D;Intersección;S/D;S/D;Diurna;S/D;Múltiple;S/D;Colisión;S/D;S/D
5000;2021;9/7/2021;Viernes;20:30:00;;0.0;1;Moto/Ciclomotor; ;1;1;0;0;0;0;S/D;ROSARIO;Constitución;S/D;S/D;II;S/D;S/D;Otra Señal;S/D;Intersección;S/D;S/D;Nocturna;S/D;Múltiple;S/D;Colisión;S/D;S/D
5001;2021;9/7/2021;Viernes;12:00:00;;0.0;1;Bicicleta; ;1;1;0;0;0;0;S/D;ROSARIO;Constitución;S/D;S/D;II;S/D;S/D;Otra Señal;S/D;Intersección;S/D;S/D;Diurna;S/D;Múltiple;S/D;Colisión;S/D;S/D
5002;2021;9/7/2021;Viernes;19:25:00;Ruta Nacional 9;0.0;2;Automóvil,Moto/Ciclomotor;Ruta Nacional 9 Y Tucumán;3;0;0;2;0;0;Ruta;FUNES;Constitución;Asfalto;Ripio;II;Dentro;Urbana;Otra Señal;No existe;Intersección;Bueno;Buena;Nocturna,Con luz artificial;Buen Tiempo;Múltiple;S/D;Colisión;Ninguna;Horizontal
5003;2021;9/7/2021;Viernes;18:15:00;;0.0;2;Moto/Ciclomotor,Automóvil;Av. Blas Parera Y Ayacucho;2;0;0;1;0;0;Avenida;SANTA FE;Constitución;Asfalto;No existe;I;Dentro;Urbana;Otra Señal;Funciona;Intersección;Bueno;Buena;Diurna;Buen Tiempo;Múltiple;S/D;Colisión;Ninguna;Horizontal,Vertical
5004;2021;9/7/2021;Viernes;08:00:00;Ruta Provincial 2;0.0;1;Automóvil;DR. ZAVALLA Y RUTA PROVINCIAL 2;1;0;0;0;0;0;Ruta;MONTE VERA;Constitución;Asfalto;Natural;I;Fuera;Rural;Otra Señal;No existe;Intersección;Bueno;Buena;Nocturna;Buen Tiempo;Múltiple;S/D;Colisión;Ninguna;Faltante
5005;2021;10/7/2021;Sabado;01:20:00;Ruta Nacional 11;642.5;2;Automóvil,Bicicleta; ;2;0;0;1;1;0;Ruta;VERA Y PINTADO;San Justo;Asfalto;Natural;XVI;Dentro;Rural;Otra Señal;No existe;Intersección;Bueno;S/D;Nocturna;Buen Tiempo;S/D;Ciclista;Colisión;Ninguna;Horizontal
5006;2021;10/7/2021;Sabado;14:10:00;;0.0;2;Moto/Ciclomotor,Automóvil;Herrera Y Medrano;2;1;0;1;0;0;Calle;ROSARIO;Rosario;Asfalto;No existe;II;Dentro;Urbana;Otra Señal;No existe;Intersección;Bueno;S/D;Diurna;S/D;Múltiple;S/D;Colisión;Ninguna;Faltante
5007;2021;10/7/2021;Sabado;08:50:00;;0.0;2;Automóvil,Automóvil;Av. Corrientes Y La Paz;2;1;0;1;0;0;Avenida;ROSARIO;Rosario;Asfalto;No existe;II;Dentro;Urbana;Otra Señal;Funciona;Intersección;Bueno;Buena;Diurna;Buen Tiempo;Múltiple;S/D;Colisión;Ninguna;Horizontal,Vertical
5008;2021;10/7/2021;Sabado;20:25:00;;0.0;2;Automóvil,Automóvil;La Paz Y San Martin;3;1;0;2;0;0;Calle;ROSARIO;Rosario;Asfalto;No existe;II;Dentro;Urbana;Otra Señal;No existe;Intersección;Bueno;Buena;Diurna;Buen Tiempo;Múltiple;S/D;Colisión;Ninguna;Horizontal,Vertical
5009;2021;10/7/2021;Sabado;18:00:00;Ruta Provincial 2;263.5;1;Automóvil; ;3;3;0;0;0;0;Ruta;ESTEBAN RAMS;9 de Julio;Asfalto;Natural;XII;Dentro;Rural;Otra Señal;No existe;Intersección;Bueno;Buena;Diurna;Buen Tiempo;Múltiple;S/D;Colisión;Ninguna;Horizontal
5010;2021;10/7/2021;Sabado;12:50:00;;0.0;2;Tren,Peatón;J.J.Paso Y Formosa;2;1;0;1;0;0;Calle;ROSARIO;Rosario;Asfalto;No existe;II;Fuera;Urbana;Otra Señal;No existe;Intersección;Bueno;Buena;Diurna;Buen Tiempo;Múltiple;Peatón;Colisión;Ninguna;Horizontal,Vertical
5011;2021;10/7/2021;Sabado;19:00:00;Ruta Secundaria 36-s;0.0;2;Moto/Ciclomotor,Pickup/Utilitario; ;3;1;0;2;0;0;Ruta;SAN CARLOS SUR;Las Colonias;Asfalto;Natural;XI;Dentro;Urbana;Otra Señal;No existe;Intersección;Bueno;Buena;Nocturna;Buen Tiempo;Múltiple;S/D;Colisión;Ninguna;Horizontal
5012;2021;10/7/2021;Sabado;14:30:00;;0.0;2;Moto/Ciclomotor,Moto/Ciclomotor;Mitre B 3400;3;3;0;0;0;0;Calle;VERA;Vera;Ripio;No existe;XIX;Dentro;Urbana;Otra Señal;No existe;Intersección;Resbaladiza;Buena;Diurna;Buen Tiempo;Múltiple;S/D;Colisión;Material Suelto;Faltante
5013;2021;10/7/2021;Sabado;05:00:00;Autopista Nacional A008;0.0;2;Automóvil,Taxi/Remis;Morrison ;2;1;0;1;0;0;Autopista;ROSARIO;Rosario;Asfalto;Ripio;II;Dentro;Urbana;Otra Señal;No existe;Intersección;Bueno;Buena;Nocturna,Con luz artificial;Buen Tiempo;Múltiple;S/D;Colisión;Ninguna;Horizontal
5014;2021;10/7/2021;Sabado;17:15:00;;0.0;2;Automóvil,Moto/Ciclomotor;Av. Rosario Y Candelaria;2;1;0;1;0;0;Avenida;FUNES;Rosario;Asfalto;No existe;II;Dentro;Urbana;Otra Señal;No existe;Intersección;Bueno;Buena;Diurna;Buen Tiempo;Múltiple;S/D;Colisión;Ninguna;Faltante
5015;2021;10/7/2021;Sabado;14:15:00;;0.0;2;Moto/Ciclomotor,Pickup/Utilitario;San Nicolas Y Soldado Aguirre;3;2;0;1;0;0;Calle;VILLA GOBERNADOR GÁLVEZ;Rosario;Asfalto;No existe;II;Dentro;Urbana;Otra Señal;No existe;Intersección;Bueno;Buena;Diurna;Buen Tiempo;Múltiple;S/D;Colisión;Ninguna;Faltante
5016;2021;10/7/2021;Sabado;12:45:00;;0.0;2;Moto/Ciclomotor,Peatón;Av. Peñaloza Y Reg. 12 de Infantería;2;1;0;1;0;0;Avenida;SANTA FE;La Capital;Asfalto;No existe;I;Dentro;Urbana;Otra Señal;Funciona;Intersección;Bueno;Buena;Diurna;Buen Tiempo;Múltiple;Peatón;Colisión;Ninguna;Horizontal,Vertical
5017;2021;10/7/2021;Sabado;15:00:00;;0.0;2;Moto/Ciclomotor,Automóvil;Salvador del Carril Y Sarmiento;2;1;0;1;0;0;Calle;SANTA FE;La Capital;Asfalto;No existe;I;Dentro;Urbana;Otra Señal;No existe;Intersección;Bueno;Buena;Diurna;Buen Tiempo;Múltiple;S/D;Colisión;Ninguna;Faltante
5018;2021;10/7/2021;Sabado;20:40:00;;0.0;2;Moto/Ciclomotor,Taxi/Remis;Piedrabuena Y Rivadavia;3;1;0;2;0;0;Calle;SANTA FE;La Capital;Asfalto;No existe;I;Dentro;Urbana;Otra Señal;No existe;Intersección;Bueno;Buena;Nocturna,Con luz artificial;Buen Tiempo;Múltiple;S/D;Colisión;Ninguna;Faltante
5019;2021;10/7/2021;Sabado;11:55:00;Ruta Nacional 11;0.0;2;Pickup/Utilitario,Automóvil;Colon Cristóbal Y Juan de Garay;2;1;0;1;0;0;Ruta;RECREO;La Capital;Asfalto;Ripio;I;Dentro;Urbana;Otra Señal;No existe;Intersección;Bueno;Buena;Diurna;Buen Tiempo;Múltiple;S/D;Colisión;Ninguna;Horizontal
5020;2021;10/7/2021;Sabado;18:30:00;Ruta Provincial 1;15.0;2;Moto/Ciclomotor,Automóvil; ;3;2;0;1;0;0;Ruta;AP. LEYES;La Capital;Asfalto;Natural;I;Dentro;Urbana;Otra Señal;No existe;Intersección;Bueno;Buena;Diurna;Buen Tiempo;Múltiple;S/D;Colisión;Ninguna;Horizontal
5021;2021;10/7/2021;Sabado;18:50:00;;0.0;1;Moto/Ciclomotor;Chacabuco Y Santa Fe;3;2;0;1;0;0;Calle;LAGUNA PAIVA;La Capital;Asfalto;No existe;I;Dentro;Urbana;Otra Señal;No existe;Intersección;Bueno;Buena;Nocturna,Con luz artificial;Buen Tiempo;Múltiple;S/D;Colisión;Ninguna;Faltante
5022;2021;10/7/2021;Sabado;;Ruta Nacional 11;0.0;2;Moto/Ciclomotor,Automóvil;Av. San Lorenzo Y Pte. Perón;2;1;0;0;0;1;Ruta;CAPITÁN BERMÚDEZ;San Lorenzo;Asfalto;No existe;XVII;Dentro;Urbana;Otra Señal;No existe;Intersección;Bueno;Buena;Diurna;Buen Tiempo;Múltiple;S/D;Colisión;Ninguna;Horizontal
5023;2021;10/7/2021;Sabado;11:30:00;Ruta Nacional 11;0.0;1;Transporte de Pasajeros Urbano (> 8 asientos);Bv Oroño Y Islas Malvinas;2;1;0;1;0;0;Ruta;SAN LORENZO;San Lorenzo;Asfalto;No existe;XVII;Dentro;Urbana;Otra Señal;No existe;Intersección;S/D;S/D;Diurna;S/D;Múltiple;S/D;Colisión;S/D;Horizontal,Vertical
5024;2021;10/7/2021;Sabado;;;0.0;2;Moto/Ciclomotor,Pickup/Utilitario;Boulevard Lisandro de la Torre Y Maipú;3;2;0;1;0;0;Avenida;CASILDA;Caseros;Asfalto;No existe;IV;Dentro;Urbana;Otra Señal;No existe;Intersección;Bueno;Buena;Diurna;Buen Tiempo;Múltiple;S/D;Colisión;Ninguna;Faltante
5025;2021;10/7/2021;Sabado;;;0.0;2;Automóvil,Automóvil;Ayacucho Y Boulevard Villada;4;1;0;3;0;0;Avenida;CASILDA;Caseros;Asfalto;No existe;IV;Dentro;Urbana;Otra Señal;No existe;Intersección;Bueno;Buena;Diurna;Buen Tiempo;Múltiple;S/D;Colisión;Ninguna;Faltante
5026;2021;10/7/2021;Sabado;19:35:00;Ruta Nacional 34;17.0;1;Pickup/Utilitario; ;3;2;0;1;0;0;Ruta;LUIS PALACIOS;San Lorenzo;Asfalto;Natural;XVII;Dentro;Rural;Otra Señal;No existe;Intersección;Bueno;Buena;Diurna;Buen Tiempo;Múltiple;S/D;Colisión;Ninguna;Horizontal
5027;2021;10/7/2021;Sabado;09:50:00;;0.0;2;Automóvil,Moto/Ciclomotor;Alberdi Y López y Planes;2;1;0;1;0;0;Calle;CORONDA;San JERÓNIMO;Ripio;No existe;XV;Dentro;Urbana;Otra Señal;No existe;Intersección;Deteriorada;Buena;Diurna;Buen Tiempo;Múltiple;S/D;Colisión;Ninguna;Faltante
5028;2021;10/7/2021;Sabado;18:10:00;;0.0;1;Moto/Ciclomotor;1ro de Mayo Y San Juan;1;1;0;0;0;0;Calle;GÁLVEZ;San JERÓNIMO;S/D;No existe;XV;Dentro;Urbana;Otra Señal;S/D;Intersección;S/D;Buena;Diurna;Buen Tiempo;Múltiple;S/D;Colisión;Ninguna;S/D
5029;2021;10/7/2021;Sabado;11:00:00;Autopista Provincial Brigadier E.LÓPEZ;62.0;1;Automóvil; ;3;1;0;2;0;0;Autopista;MONJE;San JERÓNIMO;Asfalto;Pavimento;XV;Dentro;Urbana;Otra Señal;No existe;Intersección;Bueno;Buena;Diurna;Buen Tiempo;Múltiple;S/D;Colisión;Ninguna;Horizontal
5030;2021;10/7/2021;Sabado;;Ruta Nacional 34;179.0;1;Automóvil; ;3;3;0;0;0;0;Ruta;SUNCHALES;Castellanos;Asfalto;Ripio;V;Dentro;Urbana;Otra Señal;No existe;Intersección;Bueno;Buena;Diurna;Buen Tiempo;Múltiple;S/D;Colisión;Ninguna;Horizontal
5031;2021;10/7/2021;Sabado;14:00:00;;0.0;1;Moto/Ciclomotor;Av. Francia Y Montevideo;1;1;0;0;0;0;Avenida;ROSARIO;Constitución;S/D;S/D;II;S/D;S/D;Otra Señal;S/D;Intersección;S/D;S/D;Diurna;S/D;Múltiple;S/D;Colisión;S/D;S/D
5032;2021;10/7/2021;Sabado;00:00:00;;0.0;1;Moto/Ciclomotor;Av. Pellegrini Y Tte.Agneta;1;1;0;0;0;0;Avenida;ROSARIO;Constitución;S/D;S/D;II;S/D;Urbana;Otra Señal;S/D;Intersección;S/D;S/D;Nocturna;S/D;Múltiple;S/D;Colisión;S/D;S/D
5033;2021;10/7/2021;Sabado;15:30:00;;0.0;1;Moto/Ciclomotor;Garibaldi Y Bv. Avellaneda;1;1;0;0;0;0;Avenida;ROSARIO;Constitución;S/D;S/D;II;S/D;Urbana;Otra Señal;S/D;Intersección;S/D;S/D;Diurna;S/D;Múltiple;S/D;Colisión;S/D;S/D
5034;2021;10/7/2021;Sabado;18:00:00;;0.0;1;Bicicleta; ;1;1;0;0;0;0;S/D;ROSARIO;Constitución;S/D;S/D;II;S/D;S/D;Otra Señal;S/D;Intersección;S/D;S/D;Diurna;S/D;Múltiple;S/D;Colisión;S/D;S/D
5035;2021;10/7/2021;Sabado;17:00:00;;0.0;1;Moto/Ciclomotor; ;1;1;0;0;0;0;S/D;ROSARIO;Constitución;S/D;S/D;II;S/D;S/D;Otra Señal;S/D;Intersección;S/D;S/D;Diurna;S/D;Múltiple;S/D;Colisión;S/D;S/D
5036;2021;10/7/2021;Sabado;16:00:00;;0.0;1;Moto/Ciclomotor;Bv. Avellaneda 4900;1;1;0;0;0;0;Avenida;ROSARIO;Constitución;S/D;S/D;II;S/D;Urbana;Otra Señal;S/D;Intersección;S/D;S/D;Diurna;S/D;Múltiple;S/D;Colisión;S/D;S/D
5037;2021;10/7/2021;Sabado;00:00:00;;0.0;1;Bicicleta;Pascual Rosas Y La Paz;1;1;0;0;0;0;Calle;ROSARIO;Constitución;S/D;S/D;II;S/D;Urbana;Otra Señal;S/D;Intersección;S/D;S/D;Nocturna;S/D;Múltiple;S/D;Colisión;S/D;S/D
5038;2021;10/7/2021;Sabado;00:00:00;;0.0;1;Bicicleta; ;1;1;0;0;0;0;Calle;ROSARIO;Constitución;S/D;S/D;II;S/D;S/D;Otra Señal;S/D;Intersección;S/D;S/D;Nocturna;S/D;Múltiple;S/D;Colisión;S/D;S/D
5039;2021;10/7/2021;Sabado;01:00:00;;0.0;1;Moto/Ciclomotor; ;1;1;0;0;0;0;S/D;ROSARIO;Constitución;S/D;S/D;II;S/D;S/D;Otra Señal;S/D;Intersección;S/D;S/D;Nocturna;S/D;Múltiple;S/D;Colisión;S/D;S/D
5040;2021;10/7/2021;Sabado;18:00:00;;0.0;2;Automóvil,Moto/Ciclomotor;Biedma Y Camilo Aldao;3;0;0;2;0;0;Calle;ROSARIO;Constitución;Asfalto;No existe;II;Dentro;Urbana;Otra Señal;No existe;Intersección;Bueno;Buena;Diurna;Buen Tiempo;Múltiple;S/D;Colisión;Ninguna;Faltante
5041;2021;10/7/2021;Sabado;23:25:00;;0.0;2;Moto/Ciclomotor,Automóvil;Avenida San Martin Y Santa Fe;4;0;0;3;0;0;Avenida;TOSTADO;Constitución;Asfalto;No existe;XII;Dentro;Urbana;Otra Señal;No existe;Intersección;Bueno;Reducida;Nocturna;Buen Tiempo;Múltiple;S/D;Colisión;Ninguna;Faltante
5042;2021;10/7/2021;Sabado;10:20:00;Ruta Secundaria 62-s;8.0;2;Automóvil,Peatón; ;2;0;0;1;0;0;Ruta;PROVIDENCIA;Constitución;Asfalto;Natural;XI;Dentro;Rural;Otra Señal;No existe;Intersección;Bueno;Buena;Diurna;Buen Tiempo;Múltiple;Peatón;Colisión;Ninguna;Horizontal
5043;2021;10/7/2021;Sabado;20:05:00;Ruta Nacional 11;0.0;2;Moto/Ciclomotor,Automóvil;Juan B Alberdi Y Ruta Nacional 11;3;0;0;2;0;0;Ruta;RECREO;Constitución;Asfalto,Tierra;Ripio;I;Dentro;Urbana;Otra Señal;No existe;Intersección;Bueno;Buena;Nocturna;Buen Tiempo;Múltiple;S/D;Colisión;Ninguna;Horizontal
5044;2021;10/7/2021;Sabado;23:30:00;Autopista Provincial Brigadier E.LÓPEZ;152.0;2;Moto/Ciclomotor,Automóvil; ;2;0;0;1;0;0;Autopista;SANTA FE;Constitución;Asfalto;Natural;I;Dentro;Urbana;Otra Señal;No existe;Intersección;Deteriorada;Buena;Nocturna,Con luz artificial;Buen Tiempo;Múltiple;S/D;Colisión;Ninguna;Faltante
5045;2021;10/7/2021;Sabado;10:00:00;Ruta Provincial 20;0.0;1;Moto/Ciclomotor; ;1;0;0;0;0;0;Ruta;MARÍA SUSANA;Constitución;S/D;S/D;XVIII;Dentro;Rural;Otra Señal;S/D;Intersección;S/D;S/D;Diurna;S/D;Múltiple;S/D;Colisión;S/D;S/D
5046;2021;10/7/2021;Sabado;00:00:00;;0.0;2;Bicicleta,Bicicleta;Av. Jorge Newbery Y Donado;2;1;0;0;0;0;Avenida;ROSARIO;Rosario;Asfalto;No existe;II;Dentro;Urbana;Otra Señal;No existe;Intersección;S/D;S/D;Nocturna;S/D;Múltiple;S/D;Colisión;S/D;Faltante
5047;2021;11/7/2021;Domingo;03:00:00;Ruta Nacional 11;772.0;1;Automóvil;Ruta Nacional 11 ;1;0;0;0;1;0;Ruta;RECONQUISTA;General Obligado;Asfalto;Natural;IX;S/D;Rural;Otra Señal;No existe;Intersección;Bueno;S/D;Nocturna;S/D;Múltiple;S/D;Colisión;Ninguna;Faltante
5048;2021;11/7/2021;Domingo;12:40:00;;0.0;2;Automóvil,Automóvil;Ayolas Y J.M.de Rosas;2;1;0;1;0;0;Calle;ROSARIO;Rosario;Asfalto;No existe;II;Dentro;Urbana;Otra Señal;No existe;Intersección;Bueno;Buena;Diurna;Buen Tiempo;Múltiple;S/D;Colisión;Ninguna;Faltante
5049;2021;11/7/2021;Domingo;17:05:00;;0.0;2;Automóvil,Pickup/Utilitario;Medrano Y Pje. Rivera;7;7;0;0;0;0;Calle;ROSARIO;Rosario;Asfalto;No existe;II;Dentro;Urbana;Otra Señal;No existe;Intersección;Bueno;Buena;Atardecer;Buen Tiempo;Múltiple;S/D;Colisión;Ninguna;Faltante
5050;2021;11/7/2021;Domingo;12:40:00;;0.0;2;Moto/Ciclomotor,Automóvil;Chacabuco Y Dean Funes;2;1;0;1;0;0;Calle;ROSARIO;Rosario;Asfalto;No existe;II;Dentro;Urbana;Otra Señal;No existe;Intersección;Bueno;Buena;Diurna;Buen Tiempo;Múltiple;S/D;Colisión;Ninguna;Faltante
5051;2021;11/7/2021;Domingo;23:30:00;;0.0;2;Moto/Ciclomotor,Moto/Ciclomotor;Av. Pellegrini Y Bv. Oroño;3;1;0;2;0;0;Avenida;ROSARIO;Rosario;Asfalto;No existe;II;Dentro;Urbana;Otra Señal;Funciona;Intersección;Bueno;Buena;Diurna;Buen Tiempo;Múltiple;S/D;Colisión;Ninguna;Horizontal,Vertical
5052;2021;11/7/2021;Domingo;17:00:00;;0.0;2;Automóvil,Transporte de Pasajeros;MONGSFELD Y VENECIA;2;1;0;1;0;0;Avenida;ROSARIO;Rosario;Asfalto;No existe;II;Dentro;Urbana;Otra Señal;No existe;Intersección;Bueno;Buena;Diurna;Buen Tiempo;Múltiple;S/D;Colisión;Ninguna;Horizontal
5053;2021;11/7/2021;Domingo;13:00:00;;0.0;1;Moto/Ciclomotor;Presbítero José Houriet Y San Martin;2;2;0;0;0;0;Calle;VERA;Vera;Asfalto;No existe;XIX;Dentro;Urbana;Otra Señal;No existe;Intersección;Bueno;Buena;Diurna;Buen Tiempo;Múltiple;S/D;Colisión;Ninguna;Faltante
5054;2021;11/7/2021;Domingo;20:45:00;Ruta Nacional 34;11.0;1;Automóvil; ;2;2;0;0;0;0;Ruta;IBARLUCEA;Rosario;Asfalto;No existe;II;Dentro;Urbana;Otra Señal;No existe;Intersección;Bueno;Buena;Nocturna;Buen Tiempo;Múltiple;S/D;Colisión;Ninguna;Horizontal
5055;2021;11/7/2021;Domingo;19:40:00;;0.0;2;Automóvil,Moto/Ciclomotor;Bomberos Voluntarios Y Soldado Aguirre;2;1;0;1;0;0;Calle;VILLA GOBERNADOR GÁLVEZ;Rosario;Asfalto;No existe;II;Dentro;Urbana;Otra Señal;No existe;Intersección;Bueno;Buena;Nocturna,Con luz artificial;Buen Tiempo;Múltiple;S/D;Colisión;Ninguna;Faltante
5056;2021;11/7/2021;Domingo;15:40:00;;0.0;2;Bicicleta,Automóvil;Las Heras Y Ricardo Aldao;2;1;0;1;0;0;Calle;SANTA FE;La Capital;Asfalto;No existe;I;Dentro;Urbana;Otra Señal;No existe;Intersección;Bueno;Buena;Diurna;Buen Tiempo;Múltiple;Ciclista;Colisión;Ninguna;Faltante
5057;2021;11/7/2021;Domingo;16:30:00;;0.0;2;Moto/Ciclomotor,Pickup/Utilitario;Calle 6 Y Calle 19;3;1;0;2;0;0;Calle;LAS TOSCAS;General Obligado;Asfalto;No existe;IX;Dentro;Urbana;Otra Señal;No existe;Intersección;Bueno;Buena;Diurna;Buen Tiempo;Múltiple;S/D;Colisión;Ninguna;Faltante
5058;2021;11/7/2021;Domingo;20:10:00;;0.0;2;Moto/Ciclomotor,Automóvil;Calchines Y Las Heras;2;1;0;1;0;0;Calle;SANTA FE;La Capital;Asfalto;No existe;I;Dentro;Urbana;Otra Señal;No existe;Intersección;Bueno;Buena;Nocturna,Con luz artificial;Buen Tiempo;Múltiple;S/D;Colisión;Ninguna;Horizontal
5059;2021;11/7/2021;Domingo;05:25:00;;0.0;2;Automóvil,Automóvil;9 de Julio Y Gdor. Crespo;2;1;0;1;0;0;Calle;SANTA FE;La Capital;Asfalto;No existe;I;Dentro;Urbana;Otra Señal;No existe;Intersección;Bueno;Buena;Nocturna,Con luz artificial;Buen Tiempo;Múltiple;S/D;Colisión;Ninguna;Faltante
5060;2021;11/7/2021;Domingo;;;0.0;2;Peatón,Moto/Ciclomotor;Boulevard Lisandro de la Torre Y Boulevard Ovidio Lagos;2;1;0;1;0;0;Avenida;CASILDA;Caseros;Asfalto;No existe;IV;Dentro;Urbana;Otra Señal;No existe;Intersección;Bueno;Buena;Diurna;Buen Tiempo;Múltiple;Peatón;Colisión;Ninguna;Horizontal
5061;2021;11/7/2021;Domingo;05:20:00;;0.0;1;Moto/Ciclomotor;Güemes Y Sáenz PEÑA;1;1;0;0;0;0;Calle;CORONDA;San JERÓNIMO;Asfalto;No existe;XV;Dentro;Urbana;Otra Señal;No existe;Intersección;Bueno;Buena;Diurna;Buen Tiempo;Múltiple;S/D;Colisión;Ninguna;Faltante
5062;2021;11/7/2021;Domingo;18:40:00;Autopista Provincial Brigadier E.LÓPEZ;72.0;1;Pickup/Utilitario; ;1;1;0;0;0;0;Autopista;BARRANCAS;San JERÓNIMO;Asfalto;Natural;XV;Dentro;Rural;Otra Señal;No existe;Intersección;Bueno;Buena;Diurna;Buen Tiempo;Múltiple;S/D;Colisión;Ninguna;Horizontal
5063;2021;11/7/2021;Domingo;;;0.0;2;Pickup/Utilitario,Moto/Ciclomotor; ;3;2;0;1;0;0;S/D;ESPERANZA;Las Colonias;S/D;S/D;XI;S/D;S/D;Otra Señal;S/D;Intersección;S/D;S/D;S/D;S/D;Múltiple;S/D;Colisión;S/D;S/D
5064;2021;11/7/2021;Domingo;09:30:00;;0.0;2;Automóvil,Moto/Ciclomotor;Bv. Avellaneda 5400;3;0;0;1;0;1;Avenida;ROSARIO;Constitución;Asfalto;No existe;II;Dentro;Urbana;Otra Señal;No existe;Intersección;Bueno;Buena;Nocturna;Buen Tiempo;Múltiple;S/D;Colisión;Ninguna;Horizontal,Vertical
5065;2021;11/7/2021;Domingo;16:45:00;;0.0;3;Automóvil,Automóvil,Automóvil;Av. Uriburu Y Bv. Avellaneda;5;1;0;3;0;0;Avenida;ROSARIO;Constitución;Asfalto;No existe;II;Dentro;Urbana;Otra Señal;Funciona;Intersección;Bueno;Buena;Diurna;Buen Tiempo;Múltiple;S/D;Colisión;Ninguna;Horizontal,Vertical
5066;2021;11/7/2021;Domingo;00:05:00;;0.0;2;Camión Chasis,Moto/Ciclomotor;Av. Avellaneda B 5400;3;1;0;1;0;0;Avenida;ROSARIO;Constitución;Asfalto;No existe;II;Dentro;Urbana;Otra Señal;Funciona;Intersección;Bueno;Buena;Nocturna,Con luz artificial;Buen Tiempo;Múltiple;S/D;Colisión;Ninguna;Horizontal,Vertical
5067;2021;11/7/2021;Domingo;18:50:00;;0.0;1;Moto/Ciclomotor;Ituzaingó Y Santa Fe;1;0;0;0;0;0;Calle;CALCHAQUÍ;Constitución;Tierra;No existe;XIX;Dentro;Urbana;Otra Señal;No existe;Intersección;Deteriorada;Buena;Nocturna,Con luz artificial;Buen Tiempo;Múltiple;S/D;Colisión;Ninguna;Faltante
5068;2021;11/7/2021;Domingo;20:50:00;;0.0;2;Automóvil,Moto/Ciclomotor;Garay Y Italia;2;0;0;1;0;0;Calle;CORONDA;Constitución;Asfalto;No existe;XV;Dentro;Urbana;Otra Señal;No existe;Intersección;Bueno;Buena;Diurna;Buen Tiempo;Múltiple;S/D;Colisión;Ninguna;Faltante
5069;2021;12/7/2021;Lunes;20:10:00;Autopista Nacional A008;0.0;2;Automóvil,Moto/Ciclomotor;Cervantes Y M Cambeira;3;1;0;2;0;0;Autopista;VILLA GOBERNADOR GÁLVEZ;Rosario;Asfalto;No existe;II;Dentro;Urbana;Otra Señal;No existe;Intersección;Bueno;Buena;Atardecer;Buen Tiempo;De alcance;S/D;Colisión;Ninguna;Vertical