ID_Accidente;A�o;Fecha;Dia;Hopra;Ruta/Autop;km;Participantes;Tipo;Lugar;Total;Heridos Leves;Heridos Graves;Ilesos;Fallecidos;Sin datos;desc_tipo_via;desc_loc;desc_dpto;|;desc_tipo_banquina;desc_unidad_regional;desc_lugar_calzada;desc_zona;desc_prioridad;desc_estado_semaforo;desc_lugar_via;desc_estado_via;desc_estado_visibilidad;desc_luminosidad;desc_estado_clima;desc_tipo_colision;desc_tipo_atropello;desc_tipo_hecho;desc_pres_calzada;desc_senializacion
5070;2021;12/7/2021;Lunes;17:15:00;Ruta Nacional 178;175.0;3;Moto/Ciclomotor,Camión c / Semirremolque,Pickup/Utilitario;Ruta 178 ;3;0;0;2;1;0;Ruta;LAS PAREJAS;Belgrano;Asfalto;Natural;III;S/D;Rural;Otra Señal;No existe;Intersección;Bueno;Buena;Diurna;Buen Tiempo;Múltiple;S/D;Colisión;S/D;Faltante
5071;2021;12/7/2021;Lunes;18:30:00;;0.0;2;Automóvil,Moto/Ciclomotor;Chile Y Pte. Juan D Perón;3;1;0;2;0;0;Calle;TOSTADO;9 de Julio;Hormigón,Ripio;No existe;XII;Dentro;Urbana;Otra Señal;No existe;Intersección;Bueno;Buena;Atardecer;Buen Tiempo;Múltiple;S/D;Colisión;Ninguna;Faltante
5072;2021;12/7/2021;Lunes;09:10:00;;0.0;2;Taxi/Remis,Moto/Ciclomotor;Darragueira Y Washington;3;2;0;1;0;0;Calle;ROSARIO;Rosario;Asfalto;No existe;II;Dentro;Urbana;Otra Señal;No existe;Intersección;Bueno;Buena;Diurna;Buen Tiempo;Múltiple;S/D;Colisión;Ninguna;Horizontal
5073;2021;12/7/2021;Lunes;14:00:00;;0.0;1;Moto/Ciclomotor;Mendoza Y Paraguay;1;1;0;0;0;0;Calle;ROSARIO;Rosario;Asfalto;No existe;II;Dentro;Urbana;Otra Señal;Funciona;Intersección;Bueno;Buena;Diurna;Buen Tiempo;Múltiple;S/D;Colisión;Ninguna;Horizontal,Vertical
5074;2021;12/7/2021;Lunes;18:00:00;;0.0;2;Automóvil,Bicicleta;Mariano Moreno Y Rioja;2;1;0;1;0;0;Calle;ROSARIO;Rosario;Asfalto;No existe;II;Dentro;Urbana;Otra Señal;No existe;Intersección;Bueno;Buena;Diurna;Buen Tiempo;Múltiple;Ciclista;Colisión;Ninguna;Horizontal,Vertical
5075;2021;12/7/2021;Lunes;10:45:00;;0.0;2;Moto/Ciclomotor,Moto/Ciclomotor;Bv. Wilde Y J.J.Paso;2;1;0;1;0;0;Avenida;ROSARIO;Rosario;Asfalto;No existe;II;Dentro;Urbana;Otra Señal;No existe;Intersección;Bueno;Buena;Diurna;Buen Tiempo;Múltiple;S/D;Colisión;Ninguna;Vertical
5076;2021;12/7/2021;Lunes;19:10:00;;0.0;2;Moto/Ciclomotor,Pickup/Utilitario;Candioti Y J Castelli;2;1;0;1;0;0;Calle;SANTA FE;La Capital;Asfalto;No existe;I;Dentro;Urbana;Otra Señal;No existe;Intersección;Bueno;Buena;Nocturna;Buen Tiempo;Múltiple;S/D;Colisión;Ninguna;Faltante
5077;2021;12/7/2021;Lunes;10:30:00;;0.0;2;Pickup/Utilitario,Automóvil;Alberdi Y Risso;3;1;0;2;0;0;Calle;SANTA FE;La Capital;Asfalto;No existe;I;Dentro;Urbana;Otra Señal;No existe;Intersección;Bueno;Buena;Diurna;Buen Tiempo;Múltiple;S/D;Colisión;Ninguna;Faltante
5078;2021;12/7/2021;Lunes;18:50:00;;0.0;2;Moto/Ciclomotor,Automóvil;COLECTORA RUTA PROVINCIAL 1 Y SAN MARTIN;3;2;0;1;0;0;Calle;SAN JOSÉ DEL RINCÓN;La Capital;Asfalto;No existe;I;Dentro;Urbana;Otra Señal;No existe;Intersección;Bueno;Reducida;Atardecer;Buen Tiempo;Múltiple;S/D;Colisión;Ninguna;Horizontal
5079;2021;12/7/2021;Lunes;16:00:00;;0.0;2;Camión Chasis,Moto/Ciclomotor;9 de Julio Y Urquiza;3;1;0;2;0;0;Calle;FRAY LUIS BELTRÁN;San Lorenzo;Tierra;No existe;XVII;Dentro;Urbana;Otra Señal;No existe;Intersección;Con baches;Buena;Diurna;Buen Tiempo;Múltiple;S/D;Colisión;Ninguna;Faltante
5080;2021;12/7/2021;Lunes;19:10:00;Ruta Nacional 11;0.0;2;Moto/Ciclomotor,Moto/Ciclomotor;Av. Brig López Y Ruta Nac 11;3;2;0;1;0;0;Ruta;TIMBÚES;San Lorenzo;Asfalto;Ripio;XVII;Dentro;Urbana;Otra Señal;No existe;Intersección;Bueno;Buena;Nocturna;Buen Tiempo;Múltiple;S/D;Colisión;Ninguna;Faltante
5081;2021;12/7/2021;Lunes;14:00:00;;0.0;2;Moto/Ciclomotor,Pickup/Utilitario;Bv Pellegrini Y San Martin;2;1;0;1;0;0;Avenida;SANTA FE;La Capital;Asfalto;No existe;I;Dentro;Urbana;Otra Señal;Funciona;Intersección;Bueno;Buena;Diurna;Buen Tiempo;Múltiple;S/D;Colisión;Ninguna;Horizontal,Vertical
5082;2021;12/7/2021;Lunes;17:40:00;;0.0;2;Moto/Ciclomotor,Automóvil;9 de Julio Y Salta;2;1;0;1;0;0;Calle;SANTA FE;La Capital;Asfalto;No existe;I;Dentro;Urbana;Otra Señal;No existe;Intersección;Bueno;Buena;Diurna;Buen Tiempo;Múltiple;S/D;Colisión;Ninguna;Faltante
5083;2021;12/7/2021;Lunes;;;0.0;2;Pickup/Utilitario,Moto/Ciclomotor; ;2;1;0;1;0;0;S/D;ESPERANZA;Las Colonias;S/D;S/D;XI;S/D;S/D;Otra Señal;S/D;Intersección;S/D;S/D;S/D;S/D;Múltiple;S/D;Colisión;S/D;S/D
5084;2021;12/7/2021;Lunes;;;0.0;2;Moto/Ciclomotor,Moto/Ciclomotor; ;3;3;0;0;0;0;S/D;ESPERANZA;Las Colonias;S/D;S/D;XI;S/D;S/D;Otra Señal;S/D;Intersección;S/D;S/D;S/D;S/D;Múltiple;S/D;Colisión;S/D;S/D
5085;2021;12/7/2021;Lunes;23:50:00;;0.0;2;Otros,Moto/Ciclomotor;Av. Francia Y Córdoba;2;1;0;1;0;0;Avenida;ROSARIO;Rosario;Asfalto;No existe;II;Dentro;Urbana;Otra Señal;Funciona;Intersección;Bueno;Buena;Nocturna,Con luz artificial;Buen Tiempo;Múltiple;S/D;Colisión;Ninguna;Horizontal,Vertical
5086;2021;12/7/2021;Lunes;14:30:00;;0.0;1;Otros;1 de Mayo Y San Juan;1;1;0;0;0;0;Calle;ROSARIO;Constitución;S/D;S/D;II;S/D;Urbana;Otra Señal;S/D;Intersección;S/D;S/D;Diurna;S/D;Múltiple;S/D;Colisión;S/D;S/D
5087;2021;12/7/2021;Lunes;16:30:00;;0.0;2;Peatón,Bicicleta;San Luis Y Mitre;2;0;0;1;0;0;Calle;ROSARIO;Constitución;Asfalto;No existe;II;Dentro;Urbana;Otra Señal;No existe;Intersección;Bueno;Buena;Diurna;Buen Tiempo;Múltiple;Peatón;Colisión;Ninguna;Horizontal,Vertical
5088;2021;12/7/2021;Lunes;18:55:00;;0.0;2;Moto/Ciclomotor,Automóvil;Rio Cuarto Y Rio Paraná;4;2;0;1;0;0;Calle;ROLDÁN;Constitución;Tierra;No existe;XVII;Dentro;Urbana;Otra Señal;No existe;Intersección;Bueno;S/D;Atardecer;S/D;Múltiple;S/D;Colisión;Ninguna;Faltante
5089;2021;12/7/2021;Lunes;22:10:00;Ruta Nacional 11;0.0;2;Camión c / Acoplado,Camión c / Acoplado;AVENIDA SAN MARTIN Y RUTA NACIONAL 11;2;0;0;1;0;0;Ruta;MARCELINO ESCALADA;Constitución;Asfalto;Ripio;XVI;Dentro;Urbana;Otra Señal;Funciona;Intersección;Bueno;Reducida;Nocturna;Buen Tiempo;Múltiple;S/D;Colisión;Ninguna;Horizontal,Vertical
5090;2021;12/7/2021;Lunes;10:30:00;;0.0;1;Bicicleta;Montevideo Y Perú;1;0;0;0;0;0;Calle;ROSARIO;Rosario;S/D;No existe;II;Dentro;Urbana;Otra Señal;No existe;Intersección;S/D;S/D;Diurna;S/D;Múltiple;S/D;Colisión;S/D;Faltante
5091;2021;13/7/2021;Martes;19:20:00;;0.0;2;Bicicleta,Moto/Ciclomotor;Calle 24 - Olessio ;2;1;0;1;0;0;S/D;RECONQUISTA;General Obligado;Asfalto;No existe;IX;S/D;S/D;Otra Señal;S/D;Intersección;Bueno;S/D;S/D;Buen Tiempo;Múltiple;Ciclista;Colisión;Ninguna;Horizontal,Vertical
5092;2021;13/7/2021;Martes;17:20:00;;0.0;2;Moto/Ciclomotor,Vehículo Oficial;Anderson Y Bertole;4;2;0;2;0;0;Calle;ROSARIO;Rosario;Asfalto;No existe;II;Dentro;Urbana;Otra Señal;No existe;Intersección;Bueno;Buena;Diurna;Buen Tiempo;Múltiple;S/D;Colisión;Ninguna;Faltante
5093;2021;13/7/2021;Martes;18:00:00;;0.0;2;Bicicleta,Automóvil;Garay Y Sarmiento;2;1;0;1;0;0;Calle;ROSARIO;Rosario;Asfalto;No existe;II;Dentro;Urbana;Otra Señal;No existe;Intersección;Bueno;Buena;Atardecer,Con luz artificial;Buen Tiempo;Múltiple;S/D;Colisión;Ninguna;Vertical
5094;2021;13/7/2021;Martes;16:00:00;;0.0;2;Moto/Ciclomotor,Automóvil;San Juan Y Servando Bayo;2;1;0;1;0;0;Calle;ROSARIO;Rosario;Asfalto;No existe;II;Dentro;Urbana;Otra Señal;No existe;Intersección;Bueno;Buena;Diurna;Buen Tiempo;Múltiple;S/D;Colisión;Ninguna;Faltante
5095;2021;13/7/2021;Martes;09:30:00;;0.0;2;Moto/Ciclomotor,Automóvil;E.Zeballos Y Pte. Roca;2;1;0;1;0;0;Calle;ROSARIO;Rosario;Asfalto;No existe;II;Dentro;Urbana;Otra Señal;No existe;Intersección;Bueno;Buena;Diurna;Buen Tiempo;Múltiple;S/D;Colisión;Ninguna;Horizontal
5096;2021;13/7/2021;Martes;14:00:00;;0.0;2;Moto/Ciclomotor,Automóvil;Av. Del Huerto 1087;3;2;0;1;0;0;Avenida;ROSARIO;Rosario;Asfalto;No existe;II;Dentro;Urbana;Otra Señal;No existe;Intersección;Bueno;Buena;Diurna;Buen Tiempo;Múltiple;S/D;Colisión;Ninguna;Faltante
5097;2021;13/7/2021;Martes;18:15:00;;0.0;2;Moto/Ciclomotor,Automóvil;Lavalle Y Roca;2;1;0;1;0;0;Calle;ACEBAL;Rosario;Asfalto;No existe;II;Dentro;Urbana;Otra Señal;No existe;Intersección;Bueno;Buena;Diurna;Buen Tiempo;Múltiple;S/D;Colisión;Ninguna;Faltante
5098;2021;13/7/2021;Martes;20:15:00;Autopista Nacional Rosario -Cordoba;0.0;1;Automóvil;Av. Eva Perón Y Bv. Wilde;3;3;0;0;0;0;Autopista;ROSARIO;Rosario;Asfalto;No existe;II;Dentro;Urbana;Otra Señal;No existe;Intersección;Bueno;Buena;Nocturna,Con luz artificial;Buen Tiempo;Múltiple;S/D;Colisión;Ninguna;Faltante
5099;2021;13/7/2021;Martes;11:30:00;;0.0;2;Otros,Moto/Ciclomotor;Avellaneda Y Salvador del Carril;2;1;0;1;0;0;Calle;SANTA FE;La Capital;Asfalto;No existe;I;Dentro;Urbana;Otra Señal;No existe;Intersección;Bueno;Buena;Diurna;Buen Tiempo;Múltiple;S/D;Colisión;Ninguna;Faltante
5100;2021;13/7/2021;Martes;12:30:00;;0.0;2;Automóvil,Bicicleta;Agustín Delgado Y Av. Gral. Paz;2;1;0;1;0;0;Avenida;SANTA FE;La Capital;Asfalto;No existe;I;Dentro;Urbana;Otra Señal;Funciona;Intersección;Bueno;Buena;Diurna;Buen Tiempo;Múltiple;Ciclista;Colisión;Ninguna;Horizontal,Vertical
5101;2021;13/7/2021;Martes;19:00:00;;0.0;2;Moto/Ciclomotor,Automóvil;25 de Mayo Y Matheu;2;1;0;1;0;0;Calle;SANTA FE;La Capital;Asfalto;No existe;I;Dentro;Urbana;Otra Señal;No existe;Intersección;Bueno;Buena;Atardecer;Buen Tiempo;Múltiple;S/D;Colisión;Ninguna;Faltante
5102;2021;13/7/2021;Martes;15:30:00;;0.0;2;Bicicleta,Pickup/Utilitario;Las Heras Y Ituzaingó;2;1;0;1;0;0;Calle;SANTA FE;La Capital;Asfalto;No existe;I;Dentro;Urbana;Otra Señal;Funciona;Intersección;Bueno;Buena;Diurna;Buen Tiempo;Múltiple;Ciclista;Colisión;Ninguna;Horizontal,Vertical
5103;2021;13/7/2021;Martes;15:25:00;;0.0;2;Bicicleta,Automóvil;Calle 19-Habegger Y Calle 42 - Misiones;2;1;0;1;0;0;Calle;RECONQUISTA;General Obligado;Asfalto;No existe;IX;Dentro;Urbana;Otra Señal;No existe;Intersección;Bueno;Buena;Diurna;Buen Tiempo;Múltiple;Ciclista;Colisión;Ninguna;Faltante
5104;2021;13/7/2021;Martes;;;0.0;2;Pickup/Utilitario,Moto/Ciclomotor; ;2;1;0;1;0;0;S/D;FIRMAT;General LÓPEZ;S/D;S/D;VIII;S/D;S/D;Otra Señal;S/D;Intersección;S/D;S/D;S/D;S/D;Múltiple;S/D;Colisión;S/D;S/D
5105;2021;13/7/2021;Martes;09:00:00;Autopista Provincial Brigadier E.LÓPEZ;141.0;2;Pickup/Utilitario,Automóvil; ;3;2;0;1;0;0;Autopista;SANTA FE;La Capital;Asfalto;No existe;I;Dentro;Rural;Otra Señal;No existe;Intersección;Bueno;S/D;Diurna;S/D;Múltiple;S/D;Colisión;Ninguna;Horizontal
5106;2021;13/7/2021;Martes;17:00:00;;0.0;2;Moto/Ciclomotor,Moto/Ciclomotor;Hugo Steritz Y Pedro Barberis;2;2;0;0;0;0;Calle;VENADO TUERTO;General LÓPEZ;Ripio;No existe;VIII;Dentro;Urbana;Otra Señal;No existe;Intersección;Deteriorada;Buena;Diurna;Buen Tiempo;Múltiple;S/D;Colisión;Ninguna;Faltante
5107;2021;13/7/2021;Martes;15:30:00;;0.0;1;Moto/Ciclomotor;Suipacha Y Córdoba;1;1;0;0;0;0;Calle;ROSARIO;Constitución;S/D;S/D;II;S/D;Urbana;Otra Señal;S/D;Intersección;S/D;S/D;Diurna;S/D;Múltiple;S/D;Colisión;S/D;S/D
5108;2021;13/7/2021;Martes;13:00:00;;0.0;1;Moto/Ciclomotor;Av. Francia Y Uruguay;1;1;0;0;0;0;Avenida;ROSARIO;Constitución;S/D;S/D;II;S/D;Urbana;Otra Señal;S/D;Intersección;S/D;S/D;Diurna;S/D;Múltiple;S/D;Colisión;S/D;S/D
5109;2021;13/7/2021;Martes;19:10:00;;0.0;1;Moto/Ciclomotor;Laprida Y Pje. Ortiz;1;0;0;0;0;0;Calle;ROSARIO;Constitución;Asfalto;No existe;II;Dentro;Urbana;Otra Señal;No existe;Intersección;Bueno;Buena;Atardecer;Buen Tiempo;Múltiple;S/D;Colisión;Ninguna;Faltante
5110;2021;13/7/2021;Martes;09:50:00;;0.0;1;Moto/Ciclomotor;Rivadavia Y Sarmiento;1;0;0;0;0;0;Calle;GÁLVEZ;Constitución;S/D;No existe;XV;Dentro;Urbana;Otra Señal;S/D;Intersección;S/D;S/D;Diurna;S/D;Múltiple;S/D;Colisión;S/D;S/D
5111;2021;13/7/2021;Martes;19:30:00;;0.0;1;Moto/Ciclomotor;Bv. 27 De Febrero Y Dr.G.Colombres;1;0;0;0;0;0;Avenida;ROSARIO;Rosario;Asfalto;No existe;II;Dentro;Urbana;Otra Señal;No existe;Intersección;S/D;S/D;Nocturna;S/D;Múltiple;S/D;Colisión;S/D;Faltante
5112;2021;14/7/2021;Miercoles;14:15:00;;0.0;2;Moto/Ciclomotor,Automóvil;Bv. Seguí Y San Nicolas;2;1;0;1;0;0;Avenida;ROSARIO;Rosario;Asfalto;No existe;II;Dentro;Urbana;Otra Señal;Funciona;Intersección;Bueno;Buena;Diurna;Buen Tiempo;Múltiple;S/D;Colisión;Ninguna;Horizontal,Vertical
5113;2021;14/7/2021;Miercoles;20:20:00;;0.0;2;Moto/Ciclomotor,Automóvil;Ayacucho Y Cabildo;3;1;0;2;0;0;Calle;ROSARIO;Rosario;Asfalto;No existe;II;Dentro;Urbana;Otra Señal;No existe;Intersección;Bueno;Buena;Nocturna;Buen Tiempo;Múltiple;S/D;Colisión;Ninguna;Horizontal
5114;2021;14/7/2021;Miercoles;16:30:00;;0.0;2;Moto/Ciclomotor,Pickup/Utilitario;Saavedra Y Pje. Mazzaglia;3;1;0;2;0;0;Calle;ROSARIO;Rosario;Asfalto;No existe;II;Dentro;Urbana;Otra Señal;No existe;Intersección;Bueno;Buena;Diurna;Buen Tiempo;Múltiple;S/D;Colisión;Ninguna;Faltante
5115;2021;14/7/2021;Miercoles;17:30:00;;0.0;2;Moto/Ciclomotor,Automóvil;Garzón Y Tucumán;3;1;0;2;0;0;Calle;ROSARIO;Rosario;Asfalto;No existe;II;Dentro;Urbana;Otra Señal;No existe;Intersección;Bueno;Buena;Diurna;Buen Tiempo;Múltiple;S/D;Colisión;Ninguna;Faltante
5116;2021;14/7/2021;Miercoles;11:45:00;;0.0;2;Pickup/Utilitario,Taxi/Remis;Av. López y Planes Y Juan Del Campillo;2;1;0;1;0;0;Avenida;SANTA FE;La Capital;Asfalto;No existe;I;Dentro;Urbana;Otra Señal;Funciona;Intersección;Bueno;Buena;Diurna;Buen Tiempo;Múltiple;S/D;Colisión;Ninguna;Horizontal,Vertical
5117;2021;14/7/2021;Miercoles;16:00:00;;0.0;2;Moto/Ciclomotor,Automóvil;Av. López y Planes Y Martin Zapata;2;2;0;0;0;0;Avenida;SANTA FE;La Capital;Asfalto;No existe;I;Dentro;Urbana;Otra Señal;Funciona;Intersección;Bueno;Buena;Diurna;Buen Tiempo;Múltiple;S/D;Colisión;Ninguna;Vertical
5118;2021;14/7/2021;Miercoles;14:40:00;;0.0;2;Moto/Ciclomotor,Automóvil;Colon Y Yapeyu;4;2;0;2;0;0;Calle;CAPITÁN BERMÚDEZ;San Lorenzo;Asfalto;No existe;XVII;Dentro;Urbana;Otra Señal;No existe;Intersección;Bueno;Buena;Diurna;Buen Tiempo;Múltiple;S/D;Colisión;Ninguna;Faltante
5119;2021;14/7/2021;Miercoles;17:20:00;Ruta Nacional 175;0.0;2;Bicicleta,Automóvil;Córdoba Y Sgto. Cabral;2;1;0;1;0;0;Ruta;PUERTO SAN MARTÍN;San Lorenzo;Asfalto;Pavimento;XVII;Dentro;Urbana;Otra Señal;No existe;Intersección;Bueno;Buena;Diurna;Buen Tiempo;Múltiple;Ciclista;Colisión;Ninguna;Horizontal
5120;2021;14/7/2021;Miercoles;07:30:00;;0.0;2;Moto/Ciclomotor,Automóvil;Pte. Hipólito Irigoyen Y Pte. Juan D Perón;2;1;0;1;0;0;Calle;PUERTO SAN MARTÍN;San Lorenzo;Asfalto;No existe;XVII;Dentro;Urbana;Otra Señal;No existe;Intersección;Bueno;Buena;Amanecer;Buen Tiempo;Múltiple;S/D;Colisión;Ninguna;Vertical
5121;2021;14/7/2021;Miercoles;02:20:00;Ruta Nacional 33;754.0;1;Camión c / Acoplado; ;4;4;0;0;0;0;Ruta;PUJATO;San Lorenzo;Asfalto;Ripio;XVII;Dentro;Urbana;Otra Señal;No existe;Intersección;Resbaladiza;Buena;Nocturna;Lluvia;Múltiple;S/D;Colisión;Agua;Horizontal
5122;2021;14/7/2021;Miercoles;08:55:00;;0.0;2;Bicicleta,Automóvil;Calle 27-Gdor Freyre Y Calle 30-Lucas Funes;2;1;0;1;0;0;Calle;RECONQUISTA;General Obligado;Asfalto;No existe;IX;Dentro;Urbana;Otra Señal;No existe;Intersección;Bueno;Buena;Diurna;Buen Tiempo;Múltiple;Ciclista;Colisión;Ninguna;Faltante
5123;2021;14/7/2021;Miercoles;22:10:00;;0.0;2;Bicicleta,Automóvil;Independencia Y Máximo Cameron;2;1;0;1;0;0;Calle;SAN JUSTO;San Justo;Hormigón;No existe;XVI;Dentro;Urbana;Otra Señal;No existe;Intersección;Bueno;Reducida;Nocturna,Con luz artificial;Lluvia;Múltiple;Ciclista;Colisión;Agua;Faltante
5124;2021;14/7/2021;Miercoles;11:30:00;;0.0;2;Moto/Ciclomotor,Automóvil;P Gaggero 2053;2;1;0;1;0;0;Calle;SAN JUSTO;San Justo;Tierra;No existe;XVI;Dentro;Urbana;Otra Señal;No existe;Intersección;Bueno;Buena;Diurna;Buen Tiempo;Múltiple;S/D;Colisión;Ninguna;Faltante
5125;2021;14/7/2021;Miercoles;12:00:00;;0.0;2;Automóvil,Moto/Ciclomotor;Mariano Comas Y San Jerónimo;2;1;0;1;0;0;Calle;SANTA FE;La Capital;Asfalto;No existe;I;Dentro;Urbana;Otra Señal;No existe;Intersección;Bueno;Buena;Diurna;Buen Tiempo;Múltiple;S/D;Colisión;Ninguna;Horizontal
5126;2021;14/7/2021;Miercoles;11:30:00;;0.0;2;Moto/Ciclomotor,Automóvil;Mariano Comas Y San Jerónimo;2;1;0;1;0;0;Calle;SANTA FE;La Capital;Asfalto;No existe;I;Dentro;Urbana;Otra Señal;No existe;Intersección;Bueno;Buena;Diurna;Buen Tiempo;Múltiple;S/D;Colisión;Ninguna;Horizontal
5127;2021;14/7/2021;Miercoles;20:05:00;;0.0;1;Moto/Ciclomotor;José de San Martin Y Rivadavia;1;1;0;0;0;0;Calle;CORONDA;San JERÓNIMO;Asfalto;No existe;XV;Dentro;Urbana;Otra Señal;No existe;Intersección;S/D;S/D;Nocturna;S/D;Múltiple;S/D;Colisión;S/D;Faltante
5128;2021;14/7/2021;Miercoles;10:35:00;Ruta Provincial 64;45.0;1;Transporte de Pasajeros (H/ 8 asientos); ;2;1;0;1;0;0;Ruta;LÓPEZ;San JERÓNIMO;S/D;S/D;XV;Dentro;Rural;Otra Señal;S/D;Intersección;S/D;S/D;Diurna;S/D;Múltiple;S/D;Colisión;S/D;S/D
5129;2021;14/7/2021;Miercoles;19:20:00;Ruta Nacional 11;0.0;1;Moto/Ciclomotor;Teniente Loza ;2;2;0;0;0;0;Ruta;SANTA FE;La Capital;Asfalto;Natural;I;Fuera;Urbana;Otra Señal;No existe;Intersección;Bueno;Buena;Nocturna;Lluvia;Múltiple;S/D;Colisión;Agua;Faltante
5130;2021;14/7/2021;Miercoles;21:45:00;;0.0;2;Moto/Ciclomotor,Automóvil;Av. Carlos Colombres Y Gurruchaga;2;1;0;1;0;0;Avenida;ROSARIO;Rosario;Asfalto;No existe;II;Dentro;Urbana;Otra Señal;Funciona;Intersección;Bueno;Buena;Nocturna,Con luz artificial;Buen Tiempo;Múltiple;Ciclista;Colisión;Ninguna;Horizontal,Vertical
5131;2021;14/7/2021;Miercoles;12:30:00;;0.0;1;Bicicleta;Córdoba Y Sarmiento;1;1;0;0;0;0;Calle;ROSARIO;Constitución;S/D;S/D;II;S/D;Urbana;Otra Señal;S/D;Intersección;S/D;S/D;Diurna;S/D;Múltiple;S/D;Colisión;S/D;S/D
5132;2021;14/7/2021;Miercoles;14:30:00;;0.0;1;Moto/Ciclomotor;Gaboto 5200;1;1;0;0;0;0;Calle;ROSARIO;Constitución;S/D;S/D;II;S/D;Urbana;Otra Señal;S/D;Intersección;S/D;S/D;Diurna;S/D;Múltiple;S/D;Colisión;S/D;S/D
5133;2021;14/7/2021;Miercoles;07:30:00;;0.0;2;Automóvil,Peatón;Castellanos Y Bv. Seguí;2;1;0;0;0;1;Avenida;ROSARIO;Constitución;S/D;S/D;II;S/D;Urbana;Otra Señal;S/D;Intersección;S/D;S/D;Diurna;S/D;Múltiple;Peatón;Colisión;S/D;S/D
5134;2021;14/7/2021;Miercoles;09:30:00;;0.0;1;Moto/Ciclomotor;Bv. Avellaneda Y San Juan;1;1;0;0;0;0;Avenida;ROSARIO;Constitución;S/D;S/D;II;Dentro;Urbana;Otra Señal;S/D;Intersección;S/D;S/D;Diurna;S/D;Múltiple;S/D;Colisión;S/D;S/D
5135;2021;14/7/2021;Miercoles;20:00:00;;0.0;1;Bicicleta;Bv. Avellaneda Y Garibaldi;1;1;0;0;0;0;Avenida;ROSARIO;Constitución;S/D;S/D;II;S/D;Urbana;Otra Señal;S/D;Intersección;S/D;S/D;Nocturna;S/D;Múltiple;S/D;Colisión;S/D;S/D
5136;2021;15/7/2021;Jueves;12:00:00;;0.0;3;Peatón,Automóvil,Pickup/Utilitario;Belgrano Y Junín;3;0;0;2;1;0;Calle;SANTA FE;La Capital;Asfalto;Pavimento;I;Dentro;Urbana;Otra Señal;No existe;Intersección;Bueno;Buena;Diurna;Buen Tiempo;S/D;Peatón;Colisión;Ninguna;Faltante
5137;2021;15/7/2021;Jueves;18:20:00;;0.0;2;Automóvil,Peatón;Av. Battle y Ordoñez Y España;2;1;0;1;0;0;Avenida;ROSARIO;Rosario;Asfalto;No existe;II;Dentro;Urbana;Otra Señal;Funciona;Intersección;Bueno;Buena;Diurna;Buen Tiempo;Múltiple;Peatón;Colisión;Ninguna;Horizontal,Vertical
5138;2021;15/7/2021;Jueves;16:30:00;;0.0;2;Moto/Ciclomotor,Peatón;Biedma Y Roullon;3;2;0;1;0;0;Calle;ROSARIO;Rosario;Asfalto;No existe;II;Dentro;Urbana;Otra Señal;No existe;Intersección;Bueno;Buena;Diurna;Buen Tiempo;Múltiple;Peatón;Colisión;S/D;Faltante
5139;2021;15/7/2021;Jueves;08:55:00;;0.0;2;Automóvil,Moto/Ciclomotor;Ameghino Y L.N.Alem;2;1;0;1;0;0;Calle;ROSARIO;Rosario;Asfalto;No existe;II;Dentro;Urbana;Otra Señal;No existe;Intersección;Bueno;Buena;Diurna;Buen Tiempo;Múltiple;S/D;Colisión;Ninguna;Faltante
5140;2021;15/7/2021;Jueves;13:50:00;;0.0;2;Pickup/Utilitario,Pickup/Utilitario;AV BRIGADIER LÓPEZ Y AV MADRES PLAZA 25 DE MAYO;2;2;0;0;0;0;Avenida;ROSARIO;Rosario;Asfalto;No existe;II;Dentro;Urbana;Otra Señal;Funciona;Intersección;Bueno;S/D;Diurna;Buen Tiempo;Múltiple;S/D;Colisión;Ninguna;Horizontal,Vertical
5141;2021;15/7/2021;Jueves;10:00:00;;0.0;2;Automóvil,Automóvil; ;2;1;0;0;0;1;Calle;SANTA FE;La Capital;Asfalto;No existe;I;Dentro;Urbana;Otra Señal;No existe;Intersección;Bueno;Buena;Diurna;Buen Tiempo;Múltiple;S/D;Colisión;Ninguna;Faltante
5142;2021;15/7/2021;Jueves;07:20:00;;0.0;2;Bicicleta,Moto/Ciclomotor;Chubut Y Juan de Garay;2;1;0;1;0;0;Avenida;RECREO;La Capital;Asfalto;No existe;I;Dentro;Urbana;Otra Señal;No existe;Intersección;Bueno;Buena;Amanecer;Buen Tiempo;Múltiple;Ciclista;Colisión;Ninguna;Horizontal
5143;2021;15/7/2021;Jueves;16:15:00;;0.0;2;Pickup/Utilitario,Moto/Ciclomotor;Hernandarias Y Mariano Candioti;2;1;0;1;0;0;Calle;SANTO TOMÉ;La Capital;Asfalto;No existe;I;Dentro;Urbana;Otra Señal;Intermitente;Intersección;Bueno;Buena;Diurna;Buen Tiempo;Múltiple;S/D;Colisión;Ninguna;Vertical
5144;2021;15/7/2021;Jueves;13:10:00;;0.0;2;Automóvil,Taxi/Remis;Irigoyen 1900;2;1;0;1;0;0;Calle;SAN LORENZO;San Lorenzo;Asfalto;No existe;XVII;Dentro;Urbana;Otra Señal;No existe;Intersección;Bueno;Buena;Diurna;Buen Tiempo;Múltiple;S/D;Colisión;Ninguna;Faltante