ID_Accidente;A�o;Fecha;Dia;Hopra;Ruta/Autop;km;Participantes;Tipo;Lugar;Total;Heridos Leves;Heridos Graves;Ilesos;Fallecidos;Sin datos;desc_tipo_via;desc_loc;desc_dpto;|;desc_tipo_banquina;desc_unidad_regional;desc_lugar_calzada;desc_zona;desc_prioridad;desc_estado_semaforo;desc_lugar_via;desc_estado_via;desc_estado_visibilidad;desc_luminosidad;desc_estado_clima;desc_tipo_colision;desc_tipo_atropello;desc_tipo_hecho;desc_pres_calzada;desc_senializacion
5145;2021;15/7/2021;Jueves;11:15:00;;0.0;2;Bicicleta,Automóvil;General López Y Richieri;2;1;0;1;0;0;Calle;SAN LORENZO;San Lorenzo;Asfalto;No existe;XVII;Dentro;Urbana;Otra Señal;No existe;Intersección;Bueno;Buena;Diurna;Buen Tiempo;Múltiple;Ciclista;Colisión;Ninguna;Faltante
5146;2021;15/7/2021;Jueves;11:40:00;;0.0;2;Pickup/Utilitario,Peatón;Blas Parera Y Las Heras;2;1;0;1;0;0;Calle;FRAY LUIS BELTRÁN;San Lorenzo;Asfalto;No existe;XVII;Dentro;Urbana;Otra Señal;No existe;Intersección;Bueno;Buena;Diurna;Buen Tiempo;Múltiple;Peatón;Colisión;Ninguna;Faltante
5147;2021;15/7/2021;Jueves;10:50:00;;0.0;2;Moto/Ciclomotor,Pickup/Utilitario;G Lehmann Y Nicolas Schneider;2;1;0;1;0;0;Calle;ESPERANZA;Las Colonias;Asfalto;No existe;XI;Dentro;Urbana;Otra Señal;No existe;Intersección;Bueno;Buena;Diurna;Buen Tiempo;Múltiple;S/D;Colisión;Ninguna;Faltante
5148;2021;15/7/2021;Jueves;15:15:00;;0.0;2;Automóvil,Moto/Ciclomotor;Almirante Brown Y G Alvear;2;1;0;1;0;0;Calle;ESPERANZA;Las Colonias;Asfalto;No existe;XI;Dentro;Urbana;Otra Señal;No existe;Intersección;Bueno;Buena;Atardecer;Buen Tiempo;Múltiple;S/D;Colisión;Ninguna;Faltante
5149;2021;15/7/2021;Jueves;12:05:00;;0.0;2;Bicicleta,Automóvil;Güemes Y Ituzaingó;2;1;0;1;0;0;Calle;SANTA FE;La Capital;Asfalto;No existe;I;Dentro;Urbana;Otra Señal;No existe;Intersección;Bueno;Buena;Diurna;Buen Tiempo;Múltiple;Ciclista;Colisión;Ninguna;Horizontal
5150;2021;15/7/2021;Jueves;12:21:00;;0.0;2;Automóvil,Moto/Ciclomotor;Domingo Silva Y Pedro Alejandro Vittori;2;1;0;1;0;0;Calle;SANTA FE;La Capital;Asfalto;No existe;I;Dentro;Urbana;Otra Señal;No existe;Intersección;Bueno;Buena;Diurna;Buen Tiempo;Múltiple;S/D;Colisión;Ninguna;Vertical
5151;2021;15/7/2021;Jueves;16:55:00;;0.0;1;Moto/Ciclomotor;PUJATO 250;3;3;0;0;0;0;Calle;VENADO TUERTO;General LÓPEZ;Asfalto,Ripio;No existe;VIII;Dentro;Rural;Otra Señal;No existe;Intersección;Bueno;Buena;Nocturna;Buen Tiempo;Múltiple;S/D;Colisión;Ninguna;Faltante
5152;2021;15/7/2021;Jueves;16:55:00;;0.0;2;Moto/Ciclomotor,Automóvil;Balcarce Y P Avanthay;2;1;0;1;0;0;Calle;RAFAELA;Castellanos;Asfalto;No existe;V;Dentro;Urbana;Otra Señal;No existe;Intersección;Bueno;Buena;Diurna;Buen Tiempo;Múltiple;S/D;Colisión;Ninguna;Faltante
5153;2021;15/7/2021;Jueves;;;0.0;2;Moto/Ciclomotor,Bicicleta;Carlos Pellegrini Y Perú;2;2;0;0;0;0;Calle;RAFAELA;Castellanos;Asfalto;No existe;VIII;Dentro;Urbana;Otra Señal;Funciona;Intersección;Bueno;Buena;Diurna;Buen Tiempo;Múltiple;Ciclista;Colisión;Ninguna;Horizontal,Vertical
5154;2021;15/7/2021;Jueves;;Ruta Nacional 34;273.0;1;Camión; ;1;1;0;0;0;0;Ruta;TACURAL;Castellanos;Asfalto;Ripio;V;Dentro;Rural;Otra Señal;No existe;Intersección;Bueno;Buena;Nocturna;Buen Tiempo;Múltiple;S/D;Colisión;Ninguna;Horizontal
5155;2021;15/7/2021;Jueves;23:00:00;Ruta Nacional 34;253.0;2;Automóvil,Automóvil; ;4;1;0;2;0;1;Ruta;SUNCHALES;Castellanos;Asfalto;Natural;V;Dentro;Urbana;Otra Señal;No existe;Intersección;Bueno;S/D;Nocturna;Buen Tiempo;Múltiple;S/D;Colisión;Ninguna;Horizontal
5156;2021;15/7/2021;Jueves;18:45:00;;0.0;1;Moto/Ciclomotor;13 de Mayo Y 25 de Mayo;1;1;0;0;0;0;Calle;SAN CARLOS CENTRO;Las Colonias;S/D;S/D;XI;Dentro;Urbana;Otra Señal;S/D;Intersección;S/D;Buena;Atardecer;S/D;Múltiple;S/D;Colisión;S/D;S/D
5157;2021;15/7/2021;Jueves;10:10:00;;0.0;2;Pickup/Utilitario,Moto/Ciclomotor;Estanislao López Y Jorge Sacco;2;1;0;1;0;0;Calle;CHAÑAR LADEADO;Constitución;Asfalto;No existe;IV;Dentro;Urbana;Otra Señal;No existe;Intersección;Bueno;Buena;Diurna;Buen Tiempo;Múltiple;S/D;Colisión;Ninguna;Faltante
5158;2021;15/7/2021;Jueves;00:00:00;;0.0;2;Moto/Ciclomotor,Moto/Ciclomotor;Castellanos Y Mendoza;2;2;0;0;0;0;Calle;ROSARIO;Constitución;S/D;S/D;II;S/D;Urbana;Otra Señal;S/D;Intersección;S/D;S/D;Nocturna;S/D;Múltiple;S/D;Colisión;S/D;S/D
5159;2021;15/7/2021;Jueves;00:00:00;;0.0;1;Bicicleta;Campbell Y Saavedra;1;1;0;0;0;0;Calle;ROSARIO;Constitución;S/D;S/D;II;S/D;Urbana;Otra Señal;S/D;Intersección;S/D;S/D;Nocturna;S/D;Múltiple;S/D;Colisión;S/D;S/D
5160;2021;15/7/2021;Jueves;22:00:00;;0.0;1;Moto/Ciclomotor; ;1;1;0;0;0;0;S/D;ROSARIO;Constitución;S/D;S/D;II;S/D;S/D;Otra Señal;S/D;Intersección;S/D;S/D;Nocturna;S/D;Múltiple;S/D;Colisión;S/D;S/D
5161;2021;15/7/2021;Jueves;17:15:00;;0.0;2;Automóvil,Moto/Ciclomotor;Campbell Y Tucumán;3;0;0;2;0;0;Calle;ROSARIO;Constitución;Asfalto;No existe;II;Dentro;Urbana;Otra Señal;No existe;Intersección;Bueno;Buena;Diurna;Buen Tiempo;Múltiple;Ciclista;Colisión;Agua;Faltante
5162;2021;15/7/2021;Jueves;17:10:00;Ruta Provincial 1;8.0;2;Moto/Ciclomotor,Pickup/Utilitario; ;2;0;0;1;0;0;Ruta;SAN JOSÉ DEL RINCÓN;Constitución;Asfalto;Natural;I;Dentro;Urbana;Otra Señal;No existe;Intersección;Bueno;Buena;Diurna;Buen Tiempo;Múltiple;S/D;Colisión;Ninguna;Horizontal
5163;2021;15/7/2021;Jueves;13:00:00;;0.0;2;Automóvil,Moto/Ciclomotor;Bv Italia Y Bv Pte. Perón;2;0;0;1;0;0;Avenida;SAN JORGE;Constitución;Asfalto;No existe;XVIII;Dentro;Urbana;Otra Señal;No existe;Intersección;Bueno;Buena;Diurna;Buen Tiempo;Múltiple;S/D;Colisión;Ninguna;Faltante
5164;2021;15/7/2021;Jueves;18:10:00;Autopista Nacional A012;0.0;2;Moto/Ciclomotor,Automóvil;Liniers ;3;0;0;0;0;0;Autopista;SAN LORENZO;San Lorenzo;Asfalto;Ripio;XVII;Dentro;Urbana;Ninguna;No existe;Intersección;Bueno;Buena;Diurna;Buen Tiempo;S/D;S/D;Colisión;Ninguna;Faltante
5165;2021;16/7/2021;Viernes;20:45:00;Ruta Nacional 9;273.0;2;Peatón,Camión c / Acoplado; ;2;0;0;1;1;0;Ruta;ALVEAR;Rosario;Asfalto;Natural;II;S/D;Rural;Otra Señal;No existe;Intersección;Bueno;S/D;Nocturna;S/D;Múltiple;Peatón;Colisión;Ninguna;Faltante
5166;2021;16/7/2021;Viernes;20:44:00;;0.0;2;Automóvil,Automóvil;Constitución Y Dr. Rivas;4;1;0;3;0;0;Calle;ROSARIO;Rosario;Asfalto;No existe;II;Dentro;Urbana;Otra Señal;No existe;Intersección;Bueno;Reducida;Nocturna,Con luz artificial;Buen Tiempo;Múltiple;S/D;Colisión;Ninguna;Faltante
5167;2021;16/7/2021;Viernes;12:50:00;;0.0;2;Moto/Ciclomotor,Automóvil;Laprida Y Olegario V.Andrade;2;1;0;1;0;0;Calle;ROSARIO;Rosario;Asfalto;No existe;II;Dentro;Urbana;Otra Señal;No existe;Intersección;Bueno;Buena;Diurna;Buen Tiempo;Múltiple;S/D;Colisión;Ninguna;Faltante
5168;2021;16/7/2021;Viernes;11:40:00;;0.0;2;Vehículo Oficial,Automóvil;Dean Funes Y L.N.Alem;3;2;0;1;0;0;Calle;ROSARIO;Rosario;Asfalto;No existe;II;Dentro;Urbana;Otra Señal;No existe;Intersección;Bueno;Buena;Diurna;Buen Tiempo;Múltiple;S/D;Colisión;Ninguna;Horizontal
5169;2021;16/7/2021;Viernes;16:40:00;;0.0;2;Moto/Ciclomotor,Automóvil;L.N.Alem Y Viamonte;2;1;0;1;0;0;Calle;ROSARIO;Rosario;Asfalto;No existe;II;Dentro;Urbana;Otra Señal;Funciona;Intersección;Bueno;Buena;Diurna;Buen Tiempo;Múltiple;S/D;Colisión;Ninguna;Horizontal,Vertical
5170;2021;16/7/2021;Viernes;16:50:00;;0.0;2;Bicicleta,Automóvil;Dorrego Y Rueda;2;1;0;1;0;0;Calle;ROSARIO;Rosario;Asfalto;No existe;II;Dentro;Urbana;Otra Señal;No existe;Intersección;Bueno;Buena;Diurna;Buen Tiempo;Múltiple;Ciclista;Colisión;Ninguna;Faltante
5171;2021;16/7/2021;Viernes;11:45:00;;0.0;2;Automóvil,Moto/Ciclomotor;Montevideo Y Suipacha;2;1;0;1;0;0;Calle;ROSARIO;Rosario;Asfalto;No existe;II;Dentro;Urbana;Otra Señal;No existe;Intersección;S/D;S/D;Diurna;S/D;Múltiple;S/D;Colisión;S/D;Vertical
5172;2021;16/7/2021;Viernes;15:30:00;;0.0;2;Automóvil,Peatón;Cepeda 3615;3;1;0;2;0;0;Calle;ROSARIO;Rosario;Asfalto;No existe;II;Dentro;Urbana;Otra Señal;No existe;Intersección;Bueno;Buena;Diurna;Buen Tiempo;Múltiple;Peatón;Colisión;Ninguna;Faltante
5173;2021;16/7/2021;Viernes;09:00:00;;0.0;2;Pickup/Utilitario,Moto/Ciclomotor;Aaron Castellanos Y R P A Janssen;2;1;0;1;0;0;Calle;ESPERANZA;Las Colonias;Asfalto;No existe;XI;Dentro;Urbana;Otra Señal;No existe;Intersección;Bueno;Buena;Diurna;Buen Tiempo;Múltiple;S/D;Colisión;Ninguna;Horizontal
5174;2021;16/7/2021;Viernes;08:30:00;;0.0;2;Peatón,Pickup/Utilitario;Albert Sabin Y J.J.Paso;2;1;0;1;0;0;Calle;ROSARIO;Rosario;Asfalto;No existe;II;Dentro;Urbana;Otra Señal;Funciona;Intersección;Bueno;Buena;Diurna;Buen Tiempo;Múltiple;Peatón;Colisión;Ninguna;Horizontal,Vertical
5175;2021;16/7/2021;Viernes;20:10:00;;0.0;1;Moto/Ciclomotor;Azcuénaga Y Gral. Belgrano;1;1;0;0;0;0;Calle;SAN CRISTÓBAL;San CRISTÓBAL;Asfalto;No existe;XIII;Dentro;Urbana;Otra Señal;No existe;Intersección;Bueno;Reducida;Nocturna;Buen Tiempo;Múltiple;S/D;Colisión;Ninguna;Faltante
5176;2021;16/7/2021;Viernes;22:05:00;;0.0;2;Pickup/Utilitario,Moto/Ciclomotor;Belgrano Y Simón de Iriondo;2;1;0;1;0;0;Calle;LAS ROSAS;Belgrano;Asfalto;No existe;II;Dentro;Urbana;Otra Señal;No existe;Intersección;Bueno;Buena;Diurna;Buen Tiempo;Múltiple;S/D;Colisión;Material Suelto;Faltante
5177;2021;16/7/2021;Viernes;17:00:00;;0.0;2;Automóvil,Automóvil;Alberdi Y Juan B Justo;4;1;0;3;0;0;Calle;VILLA GOBERNADOR GÁLVEZ;Rosario;Asfalto;No existe;II;Dentro;Urbana;Otra Señal;No existe;Intersección;Con baches,Deteriorada;Reducida;Diurna;Otro;Múltiple;S/D;Colisión;Ninguna;Faltante
5178;2021;16/7/2021;Viernes;14:45:00;;0.0;2;Moto/Ciclomotor,Moto/Ciclomotor;Av. A del Valle Y Risso;2;2;0;0;0;0;Avenida;SANTA FE;La Capital;Asfalto;No existe;II;Dentro;Urbana;Otra Señal;No existe;Intersección;Bueno;Buena;Diurna;Buen Tiempo;Múltiple;S/D;Colisión;Ninguna;Faltante
5179;2021;16/7/2021;Viernes;17:25:00;;0.0;2;Automóvil,Moto/Ciclomotor;Reg. 12 de Infantería Y Republica de Siria;2;1;0;1;0;0;Calle;SANTA FE;La Capital;Asfalto;No existe;I;Dentro;Urbana;Otra Señal;No existe;Intersección;Bueno;Buena;Diurna;Buen Tiempo;Múltiple;S/D;Colisión;Ninguna;Faltante
5180;2021;16/7/2021;Viernes;07:10:00;Ruta Nacional 11;0.0;2;Moto/Ciclomotor,Bicicleta;Guayanas Y Ruta Nac 11;2;1;0;1;0;0;Ruta;SAUCE VIEJO;La Capital;Asfalto;No existe;I;Dentro;Urbana;Otra Señal;No existe;Intersección;Bueno;Reducida;Diurna;Niebla;Múltiple;Ciclista;Colisión;Ninguna;Horizontal
5181;2021;16/7/2021;Viernes;12:25:00;;0.0;2;Moto/Ciclomotor,Automóvil;Juan M De Rosas Y Urquiza;2;1;0;1;0;0;Calle;SAN LORENZO;San Lorenzo;Asfalto;No existe;XVII;Dentro;Urbana;Otra Señal;No existe;Intersección;Bueno;Buena;Diurna;Buen Tiempo;Múltiple;S/D;Colisión;Ninguna;Horizontal,Vertical
5182;2021;16/7/2021;Viernes;09:45:00;;0.0;2;Peatón,Automóvil;Jujuy Y Rosario;2;1;0;1;0;0;Calle;CAPITÁN BERMÚDEZ;San Lorenzo;Asfalto;No existe;XVII;Dentro;Urbana;Otra Señal;No existe;Intersección;Bueno;Buena;Diurna;Buen Tiempo;Múltiple;Peatón;Colisión;Ninguna;Faltante
5183;2021;16/7/2021;Viernes;13:05:00;;0.0;2;Pickup/Utilitario,Bicicleta;Islas Malvinas Y Sarmiento;2;1;0;1;0;0;Calle;SAN LORENZO;San Lorenzo;Asfalto;No existe;XVII;Dentro;Urbana;Otra Señal;No existe;Intersección;S/D;S/D;Diurna;S/D;Múltiple;Ciclista;Colisión;S/D;Faltante
5184;2021;16/7/2021;Viernes;13:10:00;;0.0;2;Automóvil,Moto/Ciclomotor;Eva Perón Y Uruguay;2;1;0;1;0;0;Calle;SAN LORENZO;San Lorenzo;Asfalto;No existe;XVII;Dentro;Urbana;Otra Señal;No existe;Intersección;S/D;S/D;Diurna;S/D;Múltiple;S/D;Colisión;S/D;Faltante
5185;2021;16/7/2021;Viernes;15:40:00;Ruta Nacional 11;0.0;2;Pickup/Utilitario,Moto/Ciclomotor;Calle 34 1442;2;1;0;1;0;0;Ruta;RECONQUISTA;General Obligado;Asfalto;No existe;IX;Dentro;Urbana;Otra Señal;No existe;Intersección;Bueno;Buena;Diurna;Buen Tiempo;Múltiple;S/D;Colisión;Ninguna;Faltante
5186;2021;16/7/2021;Viernes;17:30:00;Ruta Nacional 168;0.0;2;Automóvil,Pickup/Utilitario;Ruta Nac 168 ;2;1;0;1;0;0;Ruta;SANTA FE;La Capital;Hormigón;No existe;I;Dentro;Urbana;Otra Señal;No existe;Intersección;Bueno;Buena;Diurna;Buen Tiempo;Múltiple;S/D;Colisión;Ninguna;Horizontal,Vertical
5187;2021;16/7/2021;Viernes;11:10:00;;0.0;2;Moto/Ciclomotor,Pickup/Utilitario;Av. Urquiza Y Catamarca;2;1;0;1;0;0;Avenida;SANTA FE;La Capital;Asfalto;No existe;I;Dentro;Urbana;Otra Señal;Funciona;Intersección;Bueno;Buena;Diurna;Buen Tiempo;Múltiple;S/D;Colisión;Ninguna;Horizontal,Vertical
5188;2021;16/7/2021;Viernes;;;0.0;2;Automóvil,Moto/Ciclomotor; ;2;1;0;1;0;0;S/D;ESPERANZA;Las Colonias;S/D;S/D;XI;S/D;S/D;Otra Señal;S/D;Intersección;S/D;S/D;S/D;S/D;Múltiple;S/D;Colisión;S/D;S/D
5189;2021;16/7/2021;Viernes;;;0.0;1;Automóvil;500 Millas Argentinas Y Pbro Emiliano Cerdán;1;1;0;0;0;0;Calle;RAFAELA;Castellanos;Ripio;No existe;V;Dentro;Urbana;Otra Señal;No existe;Intersección;Deteriorada;Buena;Diurna;Buen Tiempo;Múltiple;S/D;Colisión;S/D;Faltante
5190;2021;16/7/2021;Viernes;;Ruta Nacional 34;0.0;2;Camión,Moto/Ciclomotor;Av. Dr. E Salva Y Ruta Nac 34 Gral. Güemes;2;1;0;1;0;0;Ruta;RAFAELA;Castellanos;Asfalto;No existe;V;Dentro;Urbana;Otra Señal;Funciona;Intersección;Bueno;Buena;Amanecer;Buen Tiempo;Múltiple;S/D;Colisión;Ninguna;Horizontal,Vertical
5191;2021;16/7/2021;Viernes;13:00:00;;0.0;2;Moto/Ciclomotor,Moto/Ciclomotor;José Aufranc Y Mariano Moreno;3;3;0;0;0;0;Calle;VENADO TUERTO;General LÓPEZ;Asfalto;No existe;VIII;Dentro;Urbana;Otra Señal;No existe;Intersección;Bueno;Buena;Diurna;Buen Tiempo;Múltiple;S/D;Colisión;Ninguna;Faltante
5192;2021;16/7/2021;Viernes;09:00:00;;0.0;1;Bicicleta;Camilo Aldao Y Saavedra;1;1;0;0;0;0;Calle;ROSARIO;Constitución;S/D;S/D;II;S/D;Urbana;Otra Señal;S/D;Intersección;S/D;S/D;Diurna;S/D;Múltiple;S/D;Colisión;S/D;S/D
5193;2021;16/7/2021;Viernes;11:00:00;;0.0;1;Automóvil; ;1;1;0;0;0;0;S/D;ROSARIO;Constitución;S/D;S/D;II;S/D;S/D;Otra Señal;S/D;Intersección;S/D;S/D;Diurna;S/D;Múltiple;S/D;Colisión;S/D;S/D
5194;2021;16/7/2021;Viernes;11:00:00;;0.0;1;Automóvil; ;1;1;0;0;0;0;S/D;ROSARIO;Constitución;S/D;S/D;II;S/D;S/D;Otra Señal;S/D;Intersección;S/D;S/D;Diurna;S/D;Múltiple;S/D;Colisión;S/D;S/D
5195;2021;16/7/2021;Viernes;13:35:00;;0.0;2;Bicicleta,Moto/Ciclomotor;Bv. Seguí Y Vera Mujica;2;1;0;0;0;0;Avenida;ROSARIO;Constitución;Asfalto;No existe;II;Dentro;Urbana;Otra Señal;No existe;Intersección;Bueno;Buena;Diurna;Buen Tiempo;Múltiple;S/D;Colisión;Ninguna;Horizontal,Vertical
5196;2021;16/7/2021;Viernes;11:00:00;;0.0;3;Moto/Ciclomotor,Moto/Ciclomotor,Automóvil;Av. Battle y Ordoñez 5700;3;0;0;2;0;0;Avenida;ROSARIO;Constitución;Asfalto;No existe;II;Dentro;Urbana;Otra Señal;Funciona;Intersección;Bueno;Buena;Diurna;Buen Tiempo;Múltiple;S/D;Colisión;Ninguna;Horizontal,Vertical
5197;2021;16/7/2021;Viernes;08:50:00;;0.0;1;Moto/Ciclomotor;9 de Julio Y Av. Iriondo;1;0;0;0;0;0;Avenida;SAN JUSTO;Constitución;Asfalto;No existe;XVI;Dentro;Urbana;Otra Señal;Funciona;Intersección;Bueno;Buena;Diurna;Buen Tiempo;Múltiple;S/D;Colisión;Ninguna;Horizontal,Vertical
5198;2021;16/7/2021;Viernes;;Ruta Provincial 18;0.0;2;Camión,Camión;Av. Ovidio Lagos Y Camino Nuevo Soldini;2;0;0;1;0;0;Ruta;ROSARIO;Constitución;Asfalto;No existe;II;Dentro;Urbana;Otra Señal;Funciona;Intersección;S/D;S/D;S/D;Lluvia;Múltiple;S/D;Colisión;Agua;Horizontal,Vertical
5199;2021;17/7/2021;Sabado;06:45:00;Ruta Provincial 1;40.0;1;Automóvil;Ruta Provic 1 ;2;1;0;0;1;0;Ruta;SANTA ROSA DE CALCHINES;Garay;Asfalto;Natural;VII;S/D;Rural;Otra Señal;No existe;Intersección;Bueno;S/D;Nocturna;Buen Tiempo;Múltiple;S/D;Colisión;Ninguna;Faltante
5200;2021;17/7/2021;Sabado;16:15:00;;0.0;2;Moto/Ciclomotor,Automóvil;Bv. Seguí Y Dorrego;2;1;0;1;0;0;Avenida;ROSARIO;Rosario;Asfalto;No existe;II;Dentro;Urbana;Otra Señal;No existe;Intersección;Bueno;Buena;Diurna;Buen Tiempo;Múltiple;S/D;Colisión;Ninguna;Faltante
5201;2021;17/7/2021;Sabado;17:20:00;;0.0;2;Moto/Ciclomotor,Moto/Ciclomotor;La Pampa Y La Rioja;2;2;0;0;0;0;Calle;TOSTADO;9 de Julio;Ripio;No existe;XII;Dentro;Urbana;Otra Señal;No existe;Intersección;Deteriorada;Buena;Diurna;Buen Tiempo;Múltiple;S/D;Colisión;Ninguna;Faltante
5202;2021;17/7/2021;Sabado;09:30:00;;0.0;3;Vehículo Oficial,Automóvil,Automóvil;Mendoza Y Rio De Janeiro;3;2;0;1;0;0;Calle;ROSARIO;Rosario;Asfalto;No existe;II;Dentro;Urbana;Otra Señal;Funciona;Intersección;Bueno;Buena;Diurna;Buen Tiempo;Múltiple;S/D;Colisión;Ninguna;Horizontal,Vertical
5203;2021;17/7/2021;Sabado;19:30:00;Ruta Nacional 98;0.0;3;Bicicleta,Bicicleta,Moto/Ciclomotor; ;3;2;0;1;0;0;Ruta;TOSTADO;9 de Julio;Hormigón;Natural;II;Fuera;Rural;Otra Señal;No existe;Intersección;Bueno;Reducida;Atardecer;Buen Tiempo;Múltiple;Ciclista;Colisión;Ninguna;Faltante
5204;2021;17/7/2021;Sabado;12:50:00;;0.0;2;Moto/Ciclomotor,Moto/Ciclomotor;25 de Mayo Y Estanislao López;2;2;0;0;0;0;Calle;VERA;Vera;Tierra,Ripio;No existe;XIX;Dentro;Urbana;Otra Señal;No existe;Intersección;S/D;Buena;Diurna;Buen Tiempo;Múltiple;S/D;Colisión;Ninguna;Faltante
5205;2021;17/7/2021;Sabado;20:10:00;Ruta Nacional 34;4.0;2;Automóvil,Moto/Ciclomotor; ;2;1;0;1;0;0;Ruta;IBARLUCEA;Rosario;Asfalto;Ripio;II;Dentro;Rural;Otra Señal;Intermitente;Intersección;Bueno;Buena;Nocturna,Con luz artificial;Buen Tiempo;Múltiple;S/D;Colisión;Ninguna;Horizontal
5206;2021;17/7/2021;Sabado;17:40:00;Ruta Secundaria 34-s;0.0;2;Moto/Ciclomotor,Automóvil;Av. 9 de Julio Y Urquiza;2;1;0;1;0;0;Ruta;PEREZ;Rosario;Asfalto;No existe;II;Dentro;Urbana;Otra Señal;No existe;Intersección;Bueno;Buena;Diurna;Buen Tiempo;Múltiple;S/D;Colisión;Ninguna;Faltante
5207;2021;17/7/2021;Sabado;11:20:00;;0.0;2;Automóvil,Bicicleta;Alberdi Y Belgrano;2;1;0;1;0;0;Calle;VILLA GOBERNADOR GÁLVEZ;Rosario;Asfalto;No existe;II;Dentro;Urbana;Otra Señal;No existe;Intersección;Bueno;Buena;Diurna;Buen Tiempo;Múltiple;S/D;Colisión;Ninguna;Faltante
5208;2021;17/7/2021;Sabado;22:40:00;;0.0;2;Automóvil,Moto/Ciclomotor;Av. Freyre Y Hipólito Yrigoyen;2;1;0;1;0;0;Avenida;SANTA FE;La Capital;Asfalto;No existe;I;Dentro;Urbana;Otra Señal;No existe;Intersección;Bueno;Buena;Nocturna,Con luz artificial;Viento Fuerte;Múltiple;S/D;Colisión;Ninguna;Horizontal,Vertical
5209;2021;17/7/2021;Sabado;00:05:00;;0.0;2;Automóvil,Automóvil;Av. Gral. Paz Y Llerena;3;2;0;1;0;0;Avenida;SANTA FE;La Capital;Asfalto;No existe;I;Dentro;Urbana;Otra Señal;Funciona;Intersección;Bueno;Buena;Diurna;Buen Tiempo;Múltiple;S/D;Colisión;Ninguna;Horizontal
5210;2021;17/7/2021;Sabado;19:30:00;;0.0;2;Automóvil,Moto/Ciclomotor;Av. Gral. Paz Y Lavaisse;2;1;0;1;0;0;Avenida;SANTA FE;La Capital;Asfalto;No existe;I;Dentro;Urbana;Otra Señal;No existe;Intersección;Bueno;Buena;Atardecer;Buen Tiempo;Múltiple;S/D;Colisión;Ninguna;Horizontal
5211;2021;17/7/2021;Sabado;08:50:00;;0.0;2;Pickup/Utilitario,Moto/Ciclomotor;Alberdi Y Simón De Iriondo;2;1;0;1;0;0;Calle;SANTA FE;La Capital;Asfalto;No existe;I;Dentro;Urbana;Otra Señal;Intermitente;Intersección;Bueno;Buena;Diurna;Buen Tiempo;Múltiple;S/D;Colisión;Ninguna;Faltante
5212;2021;17/7/2021;Sabado;19:30:00;Ruta Nacional 11;0.0;2;Moto/Ciclomotor,Pickup/Utilitario;Rio Negro Y Ruta Nacional 11;2;1;0;1;0;0;Ruta;RECREO;La Capital;Asfalto;No existe;I;Dentro;Urbana;Otra Señal;No existe;Intersección;Bueno;Buena;Atardecer;Buen Tiempo;Múltiple;S/D;Colisión;Ninguna;Horizontal
5213;2021;17/7/2021;Sabado;18:00:00;;0.0;2;Moto/Ciclomotor,Automóvil;General Paz Y Soler;3;2;0;1;0;0;Calle;ESPERANZA;Las Colonias;Asfalto;No existe;XI;Dentro;Urbana;Otra Señal;No existe;Intersección;Bueno;Buena;Diurna;Buen Tiempo;Múltiple;S/D;Colisión;Ninguna;Faltante
5214;2021;17/7/2021;Sabado;22:30:00;;0.0;2;Moto/Ciclomotor,Automóvil;Calle 10 Y Calle 41;2;1;0;1;0;0;Calle;LAS TOSCAS;General Obligado;Ripio;No existe;IX;Dentro;Urbana;Otra Señal;No existe;Intersección;Bueno;Reducida polvo;Nocturna;Buen Tiempo;Múltiple;S/D;Colisión;Ninguna;Faltante
5215;2021;17/7/2021;Sabado;16:15:00;;0.0;2;Moto/Ciclomotor,Automóvil;Calle 12 San Martin Y Calle 17-Bartolome Mitre;3;2;0;1;0;0;Calle;RECONQUISTA;General Obligado;Asfalto;No existe;IX;Dentro;Urbana;Otra Señal;No existe;Intersección;Bueno;Buena;Diurna;Buen Tiempo;Múltiple;S/D;Colisión;Ninguna;Horizontal
5216;2021;17/7/2021;Sabado;15:35:00;;0.0;2;Moto/Ciclomotor,Moto/Ciclomotor;L.N.Alem Y San Martin;3;2;0;1;0;0;Calle;ROSARIO;Rosario;Asfalto;No existe;II;Dentro;Urbana;Otra Señal;No existe;Intersección;Bueno;Buena;Diurna;Buen Tiempo;Múltiple;S/D;Colisión;Ninguna;Faltante
5217;2021;17/7/2021;Sabado;06:30:00;Ruta Nacional 33;0.0;3;Moto/Ciclomotor,Automóvil,Transporte de Pasajeros (H/ 8 asientos);Boulevard 9 de julio Y Boulevard Cristóbal Colon;3;1;0;2;0;0;Ruta;CASILDA;Caseros;Asfalto;No existe;IV;Dentro;Urbana;Otra Señal;Funciona;Intersección;S/D;S/D;Nocturna;S/D;Múltiple;S/D;Colisión;S/D;Horizontal,Vertical
5218;2021;17/7/2021;Sabado;17:15:00;;0.0;2;Moto/Ciclomotor,Moto/Ciclomotor;Balcarce Y Piacenza;2;2;0;0;0;0;Calle;VENADO TUERTO;General LÓPEZ;Ripio;No existe;VIII;Dentro;Urbana;Otra Señal;No existe;Intersección;Bueno;Buena;Diurna;Buen Tiempo;Múltiple;S/D;Colisión;Ninguna;Faltante