ID_Accidente;A�o;Fecha;Dia;Hopra;Ruta/Autop;km;Participantes;Tipo;Lugar;Total;Heridos Leves;Heridos Graves;Ilesos;Fallecidos;Sin datos;desc_tipo_via;desc_loc;desc_dpto;|;desc_tipo_banquina;desc_unidad_regional;desc_lugar_calzada;desc_zona;desc_prioridad;desc_estado_semaforo;desc_lugar_via;desc_estado_via;desc_estado_visibilidad;desc_luminosidad;desc_estado_clima;desc_tipo_colision;desc_tipo_atropello;desc_tipo_hecho;desc_pres_calzada;desc_senializacion
5219;2021;17/7/2021;Sabado;11:00:00;;0.0;2;Pickup/Utilitario,Moto/Ciclomotor;Calle 30-Lucas Funes Y Calle 47-Islas Malvinas;3;2;0;1;0;0;Calle;RECONQUISTA;General Obligado;Asfalto;No existe;IX;Dentro;Urbana;Otra Señal;No existe;Intersección;Bueno;Buena;Diurna;Buen Tiempo;Múltiple;S/D;Colisión;Ninguna;Faltante
5220;2021;17/7/2021;Sabado;18:15:00;;0.0;2;Moto/Ciclomotor,Camión;9 de Julio Y Bv Urquiza;2;1;0;1;0;0;Avenida;VILLA OCAMPO;General Obligado;Asfalto;No existe;IX;Dentro;Urbana;Otra Señal;S/D;Intersección;Bueno;Buena;Diurna;Buen Tiempo;Múltiple;S/D;Colisión;Ninguna;S/D
5221;2021;17/7/2021;Sabado;08:00:00;;0.0;1;Moto/Ciclomotor; ;1;1;0;0;0;0;Camino Rural;JOSEFINA;Castellanos;Ripio;No existe;V;Dentro;Rural;Otra Señal;No existe;Intersección;Resbaladiza;Buena;Amanecer;Buen Tiempo;Múltiple;S/D;Colisión;Material Suelto;Faltante
5222;2021;17/7/2021;Sabado;21:20:00;Ruta Provincial 30;0.0;1;Moto/Ciclomotor;25 DE MAYO ;1;1;0;0;0;0;Ruta;VILLA GUILLERMINA;Constitución;Asfalto;Natural;IX;Dentro;Urbana;Otra Señal;No existe;Intersección;Bueno;Reducida;Nocturna;Buen Tiempo;Múltiple;S/D;Colisión;Ninguna;Horizontal
5223;2021;17/7/2021;Sabado;17:00:00;;0.0;2;Automóvil,Moto/Ciclomotor;Lamadrid Y Av. Ovidio Lagos;2;1;0;0;0;1;Avenida;ROSARIO;Constitución;S/D;S/D;II;S/D;Urbana;Otra Señal;S/D;Intersección;S/D;S/D;Diurna;S/D;Múltiple;S/D;Colisión;S/D;S/D
5224;2021;17/7/2021;Sabado;15:00:00;;0.0;1;Moto/Ciclomotor;Bv. Seguí Y Dorrego;1;1;0;0;0;0;Avenida;ROSARIO;Constitución;S/D;S/D;II;S/D;S/D;Otra Señal;S/D;Intersección;S/D;S/D;Diurna;S/D;Múltiple;S/D;Colisión;S/D;S/D
5225;2021;17/7/2021;Sabado;18:00:00;;0.0;1;Moto/Ciclomotor; ;1;1;0;0;0;0;S/D;ROSARIO;Constitución;S/D;S/D;II;S/D;Rural;Otra Señal;S/D;Intersección;S/D;S/D;Atardecer;S/D;Múltiple;S/D;Colisión;S/D;S/D
5226;2021;17/7/2021;Sabado;05:30:00;;0.0;1;Automóvil;Av. Saturnino Duffy  1150;2;0;0;0;1;0;Avenida;WHEELWRIGHT;Constitución;Asfalto;S/D;VIII;S/D;Urbana;Otra Señal;S/D;Intersección;Bueno;S/D;Nocturna;Buen Tiempo;Múltiple;S/D;Colisión;S/D;S/D
5227;2021;17/7/2021;Sabado;13:30:00;;0.0;2;Camión Chasis,Moto/Ciclomotor;Av. De Las Palmeras Y Calle 1721;3;1;0;1;0;0;Avenida;ROSARIO;Constitución;Asfalto;S/D;II;Dentro;Urbana;Otra Señal;S/D;Intersección;Bueno;Buena;Diurna;Buen Tiempo;Múltiple;S/D;Colisión;S/D;S/D
5228;2021;18/7/2021;Domingo;16:30:00;;0.0;2;Moto/Ciclomotor,Automóvil;Maipú Y Av. San Martin;2;0;0;1;1;0;Avenida;LAGUNA PAIVA;La Capital;Asfalto;No existe;I;Dentro;Urbana;Otra Señal;No existe;Intersección;Bueno;S/D;Diurna;Buen Tiempo;Lateral;S/D;Colisión;Ninguna;Horizontal
5229;2021;18/7/2021;Domingo;18:40:00;;0.0;2;Moto/Ciclomotor,Automóvil;Mitre 4300;2;1;0;1;0;0;Calle;ROSARIO;Rosario;Asfalto;No existe;II;Dentro;Urbana;Otra Señal;No existe;Intersección;Bueno;Buena;Diurna;Buen Tiempo;Múltiple;S/D;Colisión;Ninguna;Faltante
5230;2021;18/7/2021;Domingo;13:10:00;;0.0;2;Moto/Ciclomotor,Automóvil;Ituzaingó Y Maipú;2;1;0;1;0;0;Calle;SAN CRISTÓBAL;San CRISTÓBAL;Asfalto;No existe;XIII;Dentro;Urbana;Otra Señal;No existe;Intersección;Bueno;Buena;Diurna;Buen Tiempo;Múltiple;S/D;Colisión;Ninguna;Faltante
5231;2021;18/7/2021;Domingo;12:25:00;;0.0;2;Moto/Ciclomotor,Automóvil;Alsina Y San Lorenzo;2;1;0;1;0;0;Calle;ROSARIO;Rosario;Asfalto;No existe;II;Dentro;Urbana;Otra Señal;No existe;Intersección;Bueno;Buena;Diurna;Buen Tiempo;Múltiple;Ciclista;Colisión;Ninguna;Horizontal
5232;2021;18/7/2021;Domingo;09:30:00;Ruta Nacional 178;176.0;1;Pickup/Utilitario; ;1;1;0;0;0;0;Ruta;LAS PAREJAS;Belgrano;Asfalto;No existe;III;Dentro;Rural;Otra Señal;No existe;Intersección;Bueno;Buena;Diurna;Buen Tiempo;Múltiple;S/D;Colisión;Ninguna;Horizontal
5233;2021;18/7/2021;Domingo;18:00:00;;0.0;2;Automóvil,Automóvil;MAESTRO ALMARAZ Y RITA IBARLUCEA;2;1;0;1;0;0;Calle;IBARLUCEA;Rosario;Tierra;No existe;II;Dentro;Urbana;Otra Señal;No existe;Intersección;Bueno;Buena;Atardecer;Buen Tiempo;Múltiple;S/D;Colisión;Ninguna;Faltante
5234;2021;18/7/2021;Domingo;12:30:00;;0.0;2;Bicicleta,Automóvil;PADRE JORGE ALDANI Y TIMBUES;2;1;0;1;0;0;Calle;ROLDÁN;San Lorenzo;Tierra;No existe;XVII;Dentro;Urbana;Otra Señal;No existe;Intersección;S/D;Buena;Diurna;S/D;Múltiple;Ciclista;Colisión;S/D;Faltante
5235;2021;18/7/2021;Domingo;23:45:00;Ruta Nacional 11;0.0;1;Automóvil;Ruta Nacional 11 Y Sarmiento;1;1;0;0;0;0;Ruta;SAN JUSTO;San Justo;Ripio;No existe;XVI;Dentro;Urbana;Otra Señal;No existe;Intersección;Bueno;Reducida;Nocturna,Con luz artificial;Buen Tiempo;Múltiple;S/D;Colisión;Ninguna;Faltante
5236;2021;18/7/2021;Domingo;19:00:00;;0.0;2;Peatón,Automóvil;9 de Julio 3330;2;1;0;1;0;0;Calle;SANTA FE;La Capital;Asfalto;No existe;I;Dentro;Urbana;Otra Señal;No existe;Intersección;Bueno;Buena;Diurna;Buen Tiempo;Múltiple;Peatón;Colisión;Ninguna;Faltante
5237;2021;18/7/2021;Domingo;08:45:00;Ruta Provincial 64;36.2;2;Tren,Camión c / Acoplado; ;3;1;0;2;0;0;Ruta;LÓPEZ;San JERÓNIMO;S/D;S/D;XV;Dentro;Rural;Otra Señal;S/D;Intersección;S/D;S/D;Diurna;S/D;Múltiple;S/D;Colisión;S/D;Horizontal
5238;2021;18/7/2021;Domingo;04:35:00;;0.0;1;Moto/Ciclomotor;Tomas Alva Edison 800;1;1;0;0;0;0;Calle;VENADO TUERTO;General LÓPEZ;Asfalto;No existe;VIII;Dentro;Urbana;Otra Señal;No existe;Intersección;Bueno;Buena;Nocturna;Buen Tiempo;Múltiple;S/D;Colisión;Ninguna;Faltante
5239;2021;18/7/2021;Domingo;19:45:00;;0.0;1;Automóvil; ;3;3;0;0;0;0;Camino Rural;ARROYO CEIBAL;General Obligado;S/D;S/D;IX;Dentro;Rural;Otra Señal;S/D;Intersección;Ahuellamiento;S/D;S/D;S/D;Múltiple;S/D;Colisión;S/D;S/D
5240;2021;18/7/2021;Domingo;00:00:00;;0.0;1;Moto/Ciclomotor;Av. Pte. Perón Y Roullon;1;1;0;0;0;0;Avenida;ROSARIO;Constitución;S/D;S/D;II;S/D;Urbana;Otra Señal;S/D;Intersección;S/D;S/D;Nocturna;S/D;Múltiple;S/D;Colisión;S/D;S/D
5241;2021;18/7/2021;Domingo;00:00:00;;0.0;1;Moto/Ciclomotor; ;1;1;0;0;0;0;S/D;ROSARIO;Constitución;S/D;S/D;II;S/D;S/D;Otra Señal;S/D;Intersección;S/D;S/D;Nocturna;S/D;Múltiple;S/D;Colisión;S/D;S/D
5242;2021;18/7/2021;Domingo;00:00:00;;0.0;1;Moto/Ciclomotor;GUAYACANES 200;1;1;0;0;0;0;S/D;ROSARIO;Constitución;S/D;S/D;II;S/D;S/D;Otra Señal;S/D;Intersección;S/D;S/D;S/D;S/D;Múltiple;S/D;Colisión;S/D;S/D
5243;2021;18/7/2021;Domingo;03:30:00;;0.0;1;Moto/Ciclomotor;Av. Francia Y Av. Uriburu;1;1;0;0;0;0;Avenida;ROSARIO;Constitución;S/D;S/D;II;S/D;Urbana;Otra Señal;S/D;Intersección;S/D;S/D;Nocturna;S/D;Múltiple;S/D;Colisión;S/D;S/D
5244;2021;18/7/2021;Domingo;04:20:00;;0.0;2;Automóvil,Moto/Ciclomotor;Av. Francia Y Bv. Seguí;2;0;0;1;0;0;Avenida;ROSARIO;Constitución;Asfalto;No existe;II;Dentro;Urbana;Otra Señal;Funciona;Intersección;Bueno;Buena;Nocturna,Con luz artificial;Buen Tiempo;Múltiple;S/D;Colisión;Ninguna;Horizontal,Vertical
5245;2021;18/7/2021;Domingo;21:35:00;;0.0;2;Moto/Ciclomotor,Pickup/Utilitario;L de la Torre Y Mitre B;3;0;0;2;0;0;Calle;VERA;Constitución;Asfalto;No existe;XIX;Dentro;Urbana;Otra Señal;No existe;Intersección;Bueno;Buena;Nocturna;Buen Tiempo;Múltiple;S/D;Colisión;Ninguna;Faltante
5246;2021;18/7/2021;Domingo;16:10:00;Autopista Nacional A008;0.0;2;Moto/Ciclomotor,Automóvil;Av. Circunvalación Y Av. Ovidio Lagos;2;0;0;0;0;1;Autopista;ROSARIO;Constitución;Asfalto;Pavimento;II;Dentro;Urbana;Otra Señal;No existe;Intersección;Bueno;Buena;Diurna;Buen Tiempo;Múltiple;S/D;Colisión;Ninguna;Horizontal
5247;2021;18/7/2021;Domingo;22:00:00;;0.0;2;Moto/Ciclomotor,Automóvil;Córdoba Y Donado;3;0;0;2;0;0;Calle;ROSARIO;Constitución;Asfalto;No existe;II;Dentro;Urbana;Otra Señal;Funciona;Intersección;Bueno;Buena;Diurna;Buen Tiempo;Múltiple;S/D;Colisión;Ninguna;Horizontal,Vertical
5248;2021;18/7/2021;Domingo;18:00:00;;0.0;2;Moto/Ciclomotor,Automóvil;9 De Julio Y Alberdi;2;0;0;1;0;0;Calle;ROSARIO;Constitución;Hormigón;No existe;I;Dentro;Urbana;Otra Señal;No existe;Intersección;Deteriorada;Buena;Atardecer,Con luz artificial;Buen Tiempo;Múltiple;S/D;Colisión;Ninguna;Faltante
5249;2021;18/7/2021;Domingo;21:15:00;Ruta Nacional 9;0.0;2;Moto/Ciclomotor,Moto/Ciclomotor;Maíz Y Ruta Nacional 9;3;1;0;0;0;0;Ruta;ROLDÁN;San Lorenzo;Asfalto;Ripio;XVII;Dentro;Urbana;Otra Señal;No existe;Intersección;Bueno;S/D;Nocturna;S/D;Múltiple;S/D;Colisión;Ninguna;Horizontal
5250;2021;19/7/2021;Lunes;19:40:00;;0.0;2;Pickup/Utilitario,Moto/Ciclomotor;Av. Irigoyen Y Darragueira;3;2;0;1;0;0;Avenida;ROSARIO;Rosario;Asfalto;No existe;II;Dentro;Urbana;Otra Señal;No existe;Intersección;Bueno;S/D;Nocturna;S/D;Múltiple;S/D;Colisión;Ninguna;Faltante
5251;2021;19/7/2021;Lunes;21:30:00;;0.0;2;Taxi/Remis,Moto/Ciclomotor;Cochabamba Y Mariano Moreno;2;1;0;1;0;0;Calle;ROSARIO;Rosario;Asfalto;No existe;II;Dentro;Urbana;Otra Señal;No existe;Intersección;Bueno;Buena;Diurna;Buen Tiempo;Múltiple;S/D;Colisión;Ninguna;Horizontal
5252;2021;19/7/2021;Lunes;16:05:00;;0.0;2;Peatón,Bicicleta;Av. Corrientes Y San Luis;2;1;0;1;0;0;Avenida;ROSARIO;Rosario;Asfalto;No existe;II;Dentro;Urbana;Otra Señal;Funciona;Intersección;Bueno;Buena;Diurna;Buen Tiempo;Múltiple;Peatón;Colisión;Ninguna;Horizontal,Vertical
5253;2021;19/7/2021;Lunes;22:20:00;Ruta Provincial 1;85.0;2;Pickup/Utilitario,Bicicleta; ;2;1;0;1;0;0;Ruta;HELVECIA;Garay;Asfalto;Natural;VII;Dentro;Rural;Otra Señal;No existe;Intersección;Bueno;S/D;Nocturna;Buen Tiempo;Múltiple;Ciclista;Colisión;Ninguna;Horizontal
5254;2021;19/7/2021;Lunes;16:00:00;Ruta Provincial 70;0.0;2;Automóvil,Moto/Ciclomotor;A Aufranc Y San Martin;4;2;0;2;0;0;Ruta;ESPERANZA;Las Colonias;Asfalto;No existe;XI;Dentro;Urbana;Otra Señal;Funciona;Intersección;Bueno;Buena;Diurna;Buen Tiempo;Múltiple;S/D;Colisión;Ninguna;Horizontal,Vertical
5255;2021;19/7/2021;Lunes;10:25:00;;0.0;2;Moto/Ciclomotor,Pickup/Utilitario;Juan de Garay Y R S PEÑA;2;1;0;1;0;0;Calle;VERA;Vera;Asfalto;No existe;XIX;Dentro;Urbana;Otra Señal;No existe;Intersección;Bueno;Buena;Diurna;Buen Tiempo;Múltiple;S/D;Colisión;Ninguna;Faltante
5256;2021;19/7/2021;Lunes;19:05:00;Ruta Provincial 21;0.0;2;Moto/Ciclomotor,Automóvil;Av. Gral. San Martin Y Moreno;3;2;0;1;0;0;Ruta;VILLA GOBERNADOR GÁLVEZ;Rosario;Asfalto;No existe;II;Dentro;Urbana;Otra Señal;No existe;Intersección;Bueno;Buena;Atardecer,Con luz artificial;Buen Tiempo;Múltiple;S/D;Colisión;Ninguna;Horizontal
5257;2021;19/7/2021;Lunes;09:50:00;;0.0;2;Moto/Ciclomotor,Pickup/Utilitario;Av. Eva Perón 7800;2;1;0;1;0;0;Avenida;ROSARIO;Rosario;Asfalto;No existe;II;Dentro;Urbana;Otra Señal;Funciona;Intersección;Bueno;Buena;Diurna;Buen Tiempo;Múltiple;S/D;Colisión;Ninguna;Vertical
5258;2021;19/7/2021;Lunes;15:55:00;Ruta Provincial 14;0.0;2;Automóvil,Moto/Ciclomotor;13 Antártida Argentina Y Brig López;2;1;0;1;0;0;Ruta;SOLDINI;Rosario;Asfalto;No existe;II;Dentro;Urbana;Otra Señal;No existe;Intersección;Bueno;Buena;Diurna;Buen Tiempo;Múltiple;S/D;Colisión;Ninguna;Faltante
5259;2021;19/7/2021;Lunes;14:30:00;Ruta Provincial 21;17.0;2;Moto/Ciclomotor,Automóvil; ;2;1;0;1;0;0;Ruta;ARROYO SECO;Rosario;Asfalto;Natural;II;Dentro;Urbana;Otra Señal;No existe;Intersección;Bueno;Buena;Diurna;Buen Tiempo;Múltiple;S/D;Colisión;Ninguna;Horizontal
5260;2021;19/7/2021;Lunes;;;0.0;2;Automóvil,Moto/Ciclomotor;Mendoza Y San Juan;2;1;0;1;0;0;Calle;SANTA FE;La Capital;Asfalto;No existe;I;Dentro;Urbana;Otra Señal;No existe;Intersección;Bueno;Buena;Diurna;Buen Tiempo;Múltiple;S/D;Colisión;Ninguna;Horizontal
5261;2021;19/7/2021;Lunes;;;0.0;2;Automóvil,Moto/Ciclomotor;La Rioja Y Saavedra;2;1;0;1;0;0;Calle;SANTA FE;La Capital;Asfalto;No existe;I;Dentro;Urbana;Otra Señal;No existe;Intersección;Bueno;Buena;Diurna;Buen Tiempo;Múltiple;S/D;Colisión;Ninguna;Faltante
5262;2021;19/7/2021;Lunes;14:10:00;;0.0;2;Automóvil,Automóvil;Pedro Ferre Y San Lorenzo;2;2;0;0;0;0;Calle;SANTA FE;La Capital;Asfalto;No existe;I;Dentro;Urbana;Otra Señal;No existe;Intersección;Bueno;Buena;Diurna;Buen Tiempo;Múltiple;S/D;Colisión;Ninguna;Faltante
5263;2021;19/7/2021;Lunes;20:20:00;Ruta Nacional 11;488.0;2;Camión,Bicicleta;Ruta Nacional 11 ;2;1;0;1;0;0;Ruta;RECREO;La Capital;Asfalto;Natural;I;Dentro;Rural;Otra Señal;No existe;Intersección;Bueno;Reducida;Nocturna;Buen Tiempo;Múltiple;Ciclista;Colisión;Agua;Horizontal
5264;2021;19/7/2021;Lunes;23:50:00;;0.0;2;Peatón,Pickup/Utilitario;La Paz Y Pje Diego de Leiva;2;1;0;1;0;0;Calle;SANTA FE;La Capital;Asfalto;No existe;I;Dentro;Urbana;Otra Señal;Funciona;Intersección;Bueno;Buena;Nocturna,Con luz artificial;Buen Tiempo;Múltiple;Peatón;Colisión;Ninguna;Vertical
5265;2021;19/7/2021;Lunes;14:25:00;;0.0;2;Moto/Ciclomotor,Automóvil;Calle 19-Habegger Y Calle 32 - Amenábar;2;1;0;1;0;0;Calle;RECONQUISTA;General Obligado;Asfalto;No existe;IX;Dentro;Urbana;Otra Señal;No existe;Intersección;Bueno;Buena;Diurna;Otro;Múltiple;S/D;Colisión;Ninguna;Faltante
5266;2021;19/7/2021;Lunes;19:10:00;Ruta Provincial 2;0.0;1;Moto/Ciclomotor;Silvestre Begnis 1550;2;2;0;0;0;0;Ruta;SAN JUSTO;San Justo;Ripio;No existe;XVI;Dentro;Urbana;Otra Señal;No existe;Intersección;Resbaladiza;Reducida;Nocturna;Buen Tiempo;Múltiple;S/D;Colisión;Agua;Faltante
5267;2021;19/7/2021;Lunes;14:40:00;;0.0;2;Moto/Ciclomotor,Taxi/Remis;Belgrano Y Gdor. Crespo;2;1;0;1;0;0;Calle;SANTA FE;La Capital;Asfalto;No existe;I;Dentro;Urbana;Otra Señal;No existe;Intersección;Bueno;Buena;Diurna;Buen Tiempo;Múltiple;S/D;Colisión;Ninguna;Faltante
5268;2021;19/7/2021;Lunes;15:00:00;;0.0;3;Automóvil,Bicicleta,Bicicleta;Ricchieri Y San Luis;3;2;0;1;0;0;Calle;ROSARIO;Rosario;Asfalto;No existe;II;Dentro;Urbana;Otra Señal;No existe;Intersección;S/D;S/D;Diurna;S/D;Múltiple;Ciclista;Colisión;S/D;Horizontal
5269;2021;19/7/2021;Lunes;05:15:00;Autopista Provincial Brigadier E.LÓPEZ;110.0;1;Camión c / Acoplado; ;2;1;0;1;0;0;Autopista;CORONDA;San JERÓNIMO;Asfalto;Pavimento;XV;Dentro;Rural;Otra Señal;No existe;Intersección;Bueno;S/D;Nocturna;S/D;Múltiple;S/D;Colisión;S/D;Horizontal
5270;2021;19/7/2021;Lunes;;Autovía Provincial Brigadier E.LÓPEZ;30.0;1;Automóvil; ;1;0;0;0;0;0;Autovía;ANDINO;Iriondo;Asfalto;Natural;X;Fuera;Rural;Otra Señal;No existe;Intersección;Bueno;S/D;S/D;S/D;Múltiple;S/D;Colisión;Ninguna;Horizontal
5271;2021;19/7/2021;Lunes;;Ruta Nacional 34;242.0;2;Automóvil,Automóvil; ;2;2;0;0;0;0;Ruta;LEHMANN;Castellanos;Asfalto;Natural;V;Dentro;Rural;Otra Señal;No existe;Intersección;Bueno;Buena;Diurna;Buen Tiempo;Múltiple;S/D;Colisión;Ninguna;Faltante
5272;2021;19/7/2021;Lunes;18:00:00;;0.0;2;Automóvil,Moto/Ciclomotor;España Y Piacenza;2;1;0;1;0;0;Calle;VENADO TUERTO;General LÓPEZ;Asfalto;No existe;VIII;Dentro;Urbana;Otra Señal;No existe;Intersección;Bueno;Buena;Diurna;Buen Tiempo;Múltiple;S/D;Colisión;Ninguna;Faltante
5273;2021;19/7/2021;Lunes;11:40:00;;0.0;2;Pickup/Utilitario,Moto/Ciclomotor;Derqui 2300;2;1;0;1;0;0;Calle;CAÑADA DE GÓMEZ;Iriondo;Asfalto;No existe;X;Dentro;Urbana;Otra Señal;No existe;Intersección;Bueno;Buena;Diurna;Buen Tiempo;Múltiple;S/D;Colisión;Ninguna;Faltante
5274;2021;19/7/2021;Lunes;18:15:00;;0.0;1;Moto/Ciclomotor;Colon Y Sarmiento D;3;3;0;0;0;0;Calle;VERA;Vera;Asfalto;No existe;XIX;Dentro;Urbana;Otra Señal;No existe;Intersección;Bueno;Buena;Diurna;Buen Tiempo;Múltiple;S/D;Colisión;Ninguna;Faltante
5275;2021;19/7/2021;Lunes;13:45:00;;0.0;2;Moto/Ciclomotor,Automóvil;Av. San Martin Y Santa Fe;2;1;0;1;0;0;Avenida;BIGAND;Constitución;Asfalto;No existe;IV;Dentro;Urbana;Otra Señal;No existe;Intersección;Bueno;S/D;Diurna;Buen Tiempo;Múltiple;S/D;Colisión;Ninguna;Horizontal
5276;2021;19/7/2021;Lunes;18:00:00;;0.0;2;Moto/Ciclomotor,Automóvil;Av. Uriburu Y Av. Francia;2;1;0;0;0;1;Avenida;ROSARIO;Constitución;S/D;S/D;II;S/D;S/D;Otra Señal;S/D;Intersección;S/D;S/D;Atardecer;S/D;Múltiple;S/D;Colisión;S/D;S/D
5277;2021;19/7/2021;Lunes;12:00:00;;0.0;2;Automóvil,Moto/Ciclomotor;Av. Arijon Y Cereseto;2;0;0;1;0;0;Avenida;ROSARIO;Constitución;Asfalto;No existe;II;Dentro;Urbana;Otra Señal;Funciona;Intersección;Bueno;Buena;Diurna;Buen Tiempo;Múltiple;S/D;Colisión;Ninguna;Horizontal,Vertical
5278;2021;19/7/2021;Lunes;07:30:00;Ruta Provincial 1;85.0;2;Automóvil,Moto/Ciclomotor; ;2;0;0;1;0;0;Ruta;HELVECIA;Constitución;Asfalto;Natural;VII;Dentro;Rural;Otra Señal;No existe;Intersección;Bueno;Buena;Diurna;Buen Tiempo;Múltiple;S/D;Colisión;Ninguna;Horizontal
5279;2021;19/7/2021;Lunes;15:10:00;;0.0;2;Pickup/Utilitario,Moto/Ciclomotor;Crespo Y Biedma;3;0;0;1;0;0;Calle;ROSARIO;Rosario;Asfalto;Pavimento;II;Dentro;Urbana;Otra Señal;No existe;Intersección;Bueno;Buena;Diurna;Buen Tiempo;Múltiple;S/D;Colisión;Ninguna;Faltante
5280;2021;20/7/2021;Martes;15:20:00;;0.0;1;Vehículo Oficial;Montevideo 4800;1;1;0;0;0;0;Calle;ROSARIO;Rosario;Asfalto;No existe;II;Dentro;Urbana;Otra Señal;No existe;Intersección;Bueno;S/D;Diurna;S/D;De alcance,Múltiple;S/D;Colisión;Ninguna;Horizontal
5281;2021;20/7/2021;Martes;19:20:00;Ruta Secundaria 28-s;67.0;2;Peatón,Pickup/Utilitario;Ruta 178 ;3;2;0;0;1;0;Ruta;LAS PAREJAS;Belgrano;Asfalto;Natural;III;Dentro;Urbana;Otra Señal;No existe;Intersección;Bueno;Buena;Nocturna,Con luz artificial;Buen Tiempo;S/D;Peatón;Colisión;Ninguna;Vertical
5282;2021;20/7/2021;Martes;16:55:00;Ruta Provincial 66;98.7;3;Camión c / Acoplado,Camión c / Acoplado,Camión c / Acoplado; ;3;1;0;1;1;0;Ruta;LANDETA;San MARTÍN;Asfalto;Natural;XVIII;S/D;Rural;Otra Señal;No existe;Intersección;Bueno;Buena;Diurna;Buen Tiempo;Frontal,Múltiple;S/D;Colisión;Ninguna;S/D
5283;2021;20/7/2021;Martes;09:00:00;;0.0;2;Bicicleta,Automóvil;Av. Corrientes Y Ituzaingó;2;1;0;1;0;0;Avenida;ROSARIO;Rosario;Asfalto;No existe;II;Dentro;Urbana;Otra Señal;Funciona;Intersección;Bueno;Buena;Diurna;Buen Tiempo;Múltiple;Ciclista;Colisión;Ninguna;Horizontal,Vertical
5284;2021;20/7/2021;Martes;09:35:00;;0.0;1;Transporte de Pasajeros Urbano (> 8 asientos);Cafferata Y San Juan;2;1;0;1;0;0;Calle;ROSARIO;Rosario;Asfalto;No existe;II;Dentro;Urbana;Otra Señal;Funciona;Intersección;Bueno;Buena;Diurna;Buen Tiempo;Múltiple;S/D;Colisión;Ninguna;Horizontal
5285;2021;20/7/2021;Martes;18:20:00;;0.0;2;Moto/Ciclomotor,Automóvil;3 De Febrero Y Ricchieri;3;1;0;2;0;0;Calle;ROSARIO;Rosario;Asfalto;No existe;II;S/D;Urbana;Otra Señal;No existe;Intersección;S/D;S/D;Diurna;S/D;Múltiple;S/D;Colisión;S/D;Faltante
5286;2021;20/7/2021;Martes;07:50:00;;0.0;2;Moto/Ciclomotor,Automóvil;Crespo Y San Juan;3;1;0;2;0;0;Calle;ROSARIO;Rosario;Asfalto;No existe;II;Dentro;Urbana;Otra Señal;No existe;Intersección;S/D;S/D;Diurna;S/D;Múltiple;S/D;Colisión;S/D;Vertical
5287;2021;20/7/2021;Martes;21:10:00;;0.0;2;Automóvil,Moto/Ciclomotor;Mariano Moreno Y 3 De Febrero;3;1;0;2;0;0;Calle;ROSARIO;Rosario;Asfalto;No existe;II;Dentro;Urbana;Otra Señal;No existe;Intersección;Bueno;Buena;Nocturna,Con luz artificial;Buen Tiempo;Múltiple;S/D;Colisión;Ninguna;Horizontal
5288;2021;20/7/2021;Martes;19:20:00;Ruta Nacional 11;730.0;2;Automóvil,Pickup/Utilitario; ;3;2;0;1;0;0;Ruta;VERA;Vera;Asfalto;Natural;XIX;Dentro;Rural;Otra Señal;No existe;Intersección;Bueno;Buena;Nocturna;Buen Tiempo;Múltiple;S/D;Colisión;Ninguna;Horizontal
5289;2021;20/7/2021;Martes;17:00:00;;0.0;1;Moto/Ciclomotor;Bv Belgrano Y Pueyrredón;1;1;0;0;0;0;Avenida;CALCHAQUÍ;Vera;Asfalto;No existe;XIX;Dentro;Urbana;Otra Señal;No existe;Intersección;Bueno;Buena;Diurna;Buen Tiempo;Múltiple;S/D;Colisión;Ninguna;Faltante
5290;2021;20/7/2021;Martes;15:30:00;;0.0;2;Peatón,Automóvil;Ituzaingó Y 1 de Mayo;2;1;0;1;0;0;Calle;ROSARIO;Rosario;Asfalto;No existe;II;Dentro;Urbana;Otra Señal;No existe;Intersección;Bueno;Buena;Diurna;Buen Tiempo;Múltiple;Peatón;Colisión;Ninguna;Faltante
5291;2021;20/7/2021;Martes;15:40:00;;0.0;2;Bicicleta,Automóvil;Av. Dante Alighieri Y Av. Gob.Caesar;2;1;0;1;0;0;Avenida;ROSARIO;Rosario;Asfalto;No existe;II;Dentro;Urbana;Otra Señal;No existe;Intersección;Bueno;Buena;Diurna;Buen Tiempo;Múltiple;S/D;Colisión;Ninguna;Horizontal
5292;2021;20/7/2021;Martes;12:45:00;;0.0;2;Automóvil,Moto/Ciclomotor;Jaures Y P Opicci;2;1;0;1;0;0;Calle;VILLA GOBERNADOR GÁLVEZ;Rosario;Asfalto;No existe;II;Dentro;Urbana;Otra Señal;No existe;Intersección;Deteriorada;Buena;Diurna;Buen Tiempo;Múltiple;S/D;Colisión;Ninguna;Faltante
5293;2021;20/7/2021;Martes;;;0.0;2;Moto/Ciclomotor,Moto/Ciclomotor;Av. Blas Parera Y J M Zuviria;2;1;0;1;0;0;Avenida;SANTA FE;La Capital;Asfalto;No existe;I;Dentro;Urbana;Otra Señal;No existe;Intersección;Bueno;S/D;S/D;Buen Tiempo;Múltiple;S/D;Colisión;Ninguna;Horizontal