ID_Accidente;A�o;Fecha;Dia;Hopra;Ruta/Autop;km;Participantes;Tipo;Lugar;Total;Heridos Leves;Heridos Graves;Ilesos;Fallecidos;Sin datos;desc_tipo_via;desc_loc;desc_dpto;|;desc_tipo_banquina;desc_unidad_regional;desc_lugar_calzada;desc_zona;desc_prioridad;desc_estado_semaforo;desc_lugar_via;desc_estado_via;desc_estado_visibilidad;desc_luminosidad;desc_estado_clima;desc_tipo_colision;desc_tipo_atropello;desc_tipo_hecho;desc_pres_calzada;desc_senializacion
5370;2021;22/7/2021;Jueves;17:30:00;;0.0;2;Moto/Ciclomotor,Automóvil;Calle 6-Ituzaingo Y Calle 19-Habegger;2;1;0;1;0;0;Calle;RECONQUISTA;General Obligado;Asfalto;No existe;IX;Dentro;Urbana;Otra Señal;No existe;Intersección;Bueno;Buena;Diurna;Buen Tiempo;Múltiple;S/D;Colisión;Ninguna;Faltante
5371;2021;22/7/2021;Jueves;06:55:00;;0.0;2;Bicicleta,Automóvil;Calle 12 San Martin Y Calle 17-Bartolome Mitre;2;1;0;1;0;0;Calle;RECONQUISTA;General Obligado;Asfalto;No existe;IX;Dentro;Urbana;Otra Señal;No existe;Intersección;Bueno;Buena;Diurna;Buen Tiempo;Múltiple;Ciclista;Colisión;Ninguna;Horizontal
5372;2021;22/7/2021;Jueves;;;0.0;2;Moto/Ciclomotor,Moto/Ciclomotor;Azcuénaga 3480;2;1;0;1;0;0;Calle;SANTO TOMÉ;La Capital;Asfalto;No existe;I;Dentro;Urbana;Otra Señal;No existe;Intersección;Bueno;Buena;S/D;Buen Tiempo;Múltiple;S/D;Colisión;Ninguna;Faltante
5373;2021;22/7/2021;Jueves;;;0.0;2;Moto/Ciclomotor,Automóvil;Nicolas Avellaneda Y P Avanthay;2;1;0;1;0;0;Calle;RAFAELA;Castellanos;Asfalto;No existe;V;Dentro;Urbana;Otra Señal;No existe;Intersección;Bueno;S/D;S/D;S/D;Múltiple;S/D;Colisión;Ninguna;Faltante
5374;2021;22/7/2021;Jueves;17:50:00;Autopista Provincial Brigadier E.LÓPEZ;153.0;1;Automóvil; ;1;1;0;0;0;0;Autopista;SANTA FE;La Capital;Asfalto;Natural;I;Dentro;Urbana;Otra Señal;No existe;Intersección;Bueno;S/D;Diurna;S/D;Múltiple;S/D;Colisión;Ninguna;Horizontal
5375;2021;22/7/2021;Jueves;18:17:00;;0.0;1;Bicicleta; ;1;1;0;0;0;0;S/D;ROSARIO;Constitución;S/D;S/D;II;S/D;S/D;Otra Señal;S/D;Intersección;S/D;S/D;Atardecer;S/D;Múltiple;S/D;Colisión;S/D;S/D
5376;2021;22/7/2021;Jueves;20:15:00;;0.0;2;Moto/Ciclomotor,Automóvil;Almafuerte Y Av. del Libertador;3;1;0;0;0;1;Avenida;VILLA GOBERNADOR GÁLVEZ;Constitución;Asfalto,Tierra;No existe;II;Dentro;Urbana;Otra Señal;No existe;Intersección;Bueno;Buena;Nocturna,Con luz artificial;Buen Tiempo;Múltiple;S/D;Colisión;Ninguna;Faltante
5377;2021;22/7/2021;Jueves;23:30:00;Autopista Provincial Brigadier E.LÓPEZ;155.0;1;Automóvil; ;1;0;0;0;0;0;Autopista;SANTO TOMÉ;Constitución;Asfalto;No existe;I;Dentro;Rural;Otra Señal;No existe;Intersección;Bueno;Buena;Atardecer;Buen Tiempo;Múltiple;S/D;Colisión;Ninguna;Horizontal
5378;2021;22/7/2021;Jueves;;;0.0;2;Moto/Ciclomotor,Automóvil; ;3;1;0;0;0;1;S/D;ESPERANZA;Constitución;S/D;S/D;XI;S/D;S/D;Otra Señal;S/D;Intersección;S/D;S/D;S/D;S/D;Múltiple;S/D;Colisión;S/D;S/D
5379;2021;23/7/2021;Viernes;19:00:00;;0.0;2;Moto/Ciclomotor,Peatón;Av. Battle y Ordoñez Y Bv. Avellaneda;4;1;0;3;0;0;Avenida;ROSARIO;Rosario;Asfalto;No existe;II;Dentro;Urbana;Otra Señal;No existe;Intersección;Bueno;Buena;Atardecer;Buen Tiempo;Múltiple;Peatón;Colisión;Ninguna;Vertical
5380;2021;23/7/2021;Viernes;07:30:00;;0.0;2;Automóvil,Moto/Ciclomotor;Bv. Oroño Y San Lorenzo;2;1;0;1;0;0;Avenida;ROSARIO;Rosario;Asfalto;No existe;II;Dentro;Urbana;Otra Señal;No existe;Intersección;Bueno;Buena;Diurna;Buen Tiempo;Múltiple;S/D;Colisión;Ninguna;Horizontal,Vertical
5381;2021;23/7/2021;Viernes;20:00:00;;0.0;2;Bicicleta,Automóvil;Corrientes Y Rivadavia;2;1;0;1;0;0;Calle;VERA;Vera;Asfalto;No existe;XIX;Dentro;Urbana;Otra Señal;No existe;Intersección;Bueno;Buena;Nocturna;Buen Tiempo;Múltiple;Ciclista;Colisión;Ninguna;Faltante
5382;2021;23/7/2021;Viernes;10:30:00;;0.0;2;Moto/Ciclomotor,Pickup/Utilitario;Presbítero José Houriet Y San Martin;3;2;0;1;0;0;Calle;VERA;Vera;Asfalto;No existe;XIX;Dentro;Urbana;Otra Señal;No existe;Intersección;Bueno;Buena;Diurna;Buen Tiempo;Múltiple;S/D;Colisión;Ninguna;Faltante
5383;2021;23/7/2021;Viernes;18:00:00;;0.0;2;Moto/Ciclomotor,Pickup/Utilitario;Los Inmigrantes Y Roque Sáenz PEÑA;3;1;0;2;0;0;Calle;CALCHAQUÍ;Vera;Tierra;No existe;XI;Dentro;Urbana;Otra Señal;No existe;Intersección;Bueno;Buena;Atardecer;Buen Tiempo;Múltiple;S/D;Colisión;Ninguna;Faltante
5384;2021;23/7/2021;Viernes;11:50:00;;0.0;2;Moto/Ciclomotor,Automóvil;Entre Ríos Y Ituzaingó;2;1;0;1;0;0;Calle;ROSARIO;Rosario;Asfalto;No existe;II;Dentro;Urbana;Otra Señal;Funciona;Intersección;Bueno;Buena;Diurna;Buen Tiempo;Múltiple;S/D;Colisión;Ninguna;Horizontal,Vertical
5385;2021;23/7/2021;Viernes;18:00:00;;0.0;2;Moto/Ciclomotor,Automóvil;Lavalle Y Roca;2;1;0;1;0;0;Calle;ACEBAL;Rosario;Asfalto;No existe;II;Dentro;Urbana;Otra Señal;No existe;Intersección;Bueno;Buena;Diurna;Buen Tiempo;Múltiple;S/D;Colisión;Ninguna;Faltante
5386;2021;23/7/2021;Viernes;13:50:00;;0.0;2;Automóvil,Moto/Ciclomotor;Bv Pellegrini Y Francia;2;1;0;1;0;0;Avenida;SANTA FE;La Capital;Hormigón;No existe;I;Dentro;Urbana;Otra Señal;Funciona;Intersección;Bueno;Buena;Diurna;Buen Tiempo;Múltiple;S/D;Colisión;Ninguna;Horizontal,Vertical
5387;2021;23/7/2021;Viernes;15:40:00;;0.0;2;Automóvil,Moto/Ciclomotor;Mitre Y Pje Koch;2;1;0;1;0;0;Calle;SANTA FE;La Capital;Asfalto;No existe;I;Dentro;Urbana;Otra Señal;No existe;Intersección;Bueno;Buena;Diurna;Buen Tiempo;Múltiple;S/D;Colisión;Ninguna;Faltante
5388;2021;23/7/2021;Viernes;22:00:00;;0.0;2;Bicicleta,Automóvil;Bernardo de Irigoyen Y Pavón;2;1;0;1;0;0;Calle;SANTA FE;La Capital;Asfalto;No existe;I;Dentro;Urbana;Otra Señal;No existe;Intersección;Bueno;Buena;Nocturna,Con luz artificial;Buen Tiempo;Múltiple;Ciclista;Colisión;Ninguna;Faltante
5389;2021;23/7/2021;Viernes;23:30:00;;0.0;2;Automóvil,Moto/Ciclomotor;Dorrego 5300;2;0;0;0;0;2;Calle;SANTA FE;La Capital;Asfalto;No existe;I;Dentro;Urbana;Otra Señal;No existe;Intersección;Bueno;Buena;Nocturna;Buen Tiempo;Múltiple;S/D;Colisión;Ninguna;Faltante
5390;2021;23/7/2021;Viernes;19:00:00;;0.0;2;Automóvil,Moto/Ciclomotor;Buenos Aires Y Carlos Chapearouge;2;1;0;1;0;0;Calle;SANTO TOMÉ;La Capital;Tierra;No existe;I;Dentro;Urbana;Otra Señal;No existe;Intersección;Bueno;Buena;Diurna;Buen Tiempo;Múltiple;S/D;Colisión;Ninguna;Faltante
5391;2021;23/7/2021;Viernes;;;0.0;2;Automóvil,Bicicleta;Irigoyen Y José Ingenieros;2;1;0;1;0;0;Calle;SAN LORENZO;San Lorenzo;Asfalto;No existe;XVII;Dentro;Urbana;Otra Señal;No existe;Intersección;Bueno;Buena;Diurna;Buen Tiempo;Múltiple;Ciclista;Colisión;Ninguna;Faltante
5392;2021;23/7/2021;Viernes;17:00:00;;0.0;2;Moto/Ciclomotor,Automóvil;Calle 12 San Martin Y Calle 31-Newbery;2;1;0;1;0;0;Calle;RECONQUISTA;General Obligado;Asfalto;No existe;IX;Dentro;Urbana;Otra Señal;No existe;Intersección;Bueno;Buena;Diurna;Buen Tiempo;Múltiple;S/D;Colisión;Ninguna;Faltante
5393;2021;23/7/2021;Viernes;;;0.0;2;Automóvil,Moto/Ciclomotor;French Y Las Heras;2;1;0;1;0;0;Calle;SANTA FE;La Capital;Asfalto,Tierra;No existe;I;Dentro;Urbana;Otra Señal;No existe;Intersección;Bueno;S/D;Diurna;Buen Tiempo;Múltiple;S/D;Colisión;Ninguna;Faltante
5394;2021;23/7/2021;Viernes;;;0.0;2;Automóvil,Bicicleta; ;2;1;0;1;0;0;S/D;ESPERANZA;Las Colonias;S/D;S/D;XI;S/D;S/D;Otra Señal;S/D;Intersección;S/D;S/D;S/D;S/D;Múltiple;Ciclista;Colisión;S/D;S/D
5395;2021;23/7/2021;Viernes;16:30:00;;0.0;1;Automóvil;Batería Libertad Y Gutenberg;1;1;0;0;0;0;Calle;SAN LORENZO;San Lorenzo;Asfalto;No existe;XVII;Dentro;Urbana;Otra Señal;No existe;Intersección;Bueno;S/D;Diurna;S/D;Múltiple;S/D;Colisión;Ninguna;Faltante
5396;2021;23/7/2021;Viernes;17:00:00;;0.0;2;Pickup/Utilitario,Bicicleta; ;2;1;0;1;0;0;S/D;CAÑADA DE GÓMEZ;Iriondo;S/D;S/D;X;S/D;S/D;Otra Señal;S/D;Intersección;S/D;S/D;S/D;S/D;Múltiple;Ciclista;Colisión;S/D;S/D
5397;2021;23/7/2021;Viernes;14:10:00;;0.0;2;Moto/Ciclomotor,Automóvil;Calle 71-Nicaragua Y Roca Pte.;2;1;0;1;0;0;Calle;RECONQUISTA;General Obligado;Asfalto;S/D;IX;Dentro;Urbana;Otra Señal;S/D;Intersección;S/D;S/D;Diurna;S/D;Múltiple;S/D;Colisión;S/D;S/D
5398;2021;23/7/2021;Viernes;19:30:00;;0.0;2;Camión c / Acoplado,Moto/Ciclomotor;Calle 4-Fray Antonio Rossi Y Calle 63-Gral Urquiza;2;1;0;1;0;0;Avenida;RECONQUISTA;General Obligado;Asfalto;No existe;XI;Dentro;Urbana;Otra Señal;No existe;Intersección;Bueno;Buena;Diurna;Buen Tiempo;Múltiple;S/D;Colisión;Ninguna;Faltante
5399;2021;23/7/2021;Viernes;;;0.0;2;Moto/Ciclomotor,Otros;G Mainardi Y Rosario;2;1;0;0;0;1;Calle;RAFAELA;Castellanos;Asfalto;No existe;VIII;Dentro;Urbana;Otra Señal;No existe;Intersección;Bueno;S/D;S/D;S/D;Múltiple;S/D;Colisión;Ninguna;Faltante
5400;2021;23/7/2021;Viernes;;;0.0;2;Moto/Ciclomotor,Moto/Ciclomotor;Dante Alighieri Y Vélez Sarsfield;2;2;0;0;0;0;Calle;RAFAELA;Castellanos;Asfalto;No existe;V;Dentro;Urbana;Otra Señal;No existe;Intersección;Bueno;S/D;S/D;S/D;Múltiple;S/D;Colisión;Ninguna;Horizontal
5401;2021;23/7/2021;Viernes;;;0.0;1;Pickup/Utilitario; ;1;1;0;0;0;0;Camino Rural;HUMBERTO 1°;Castellanos;Tierra;S/D;V;Dentro;Rural;Otra Señal;S/D;Intersección;S/D;S/D;Nocturna;S/D;Múltiple;S/D;Colisión;S/D;S/D
5402;2021;23/7/2021;Viernes;;;0.0;2;Automóvil,Moto/Ciclomotor;Almirante Brown ;2;1;0;1;0;0;Calle;RAFAELA;Castellanos;S/D;S/D;V;Dentro;Urbana;Otra Señal;S/D;Intersección;S/D;S/D;S/D;S/D;Múltiple;S/D;Colisión;S/D;S/D
5403;2021;23/7/2021;Viernes;19:30:00;;0.0;1;Bicicleta;25 de Mayo 2400;1;1;0;0;0;0;Calle;VERA;Vera;Ripio;No existe;XIX;Dentro;Urbana;Otra Señal;No existe;Intersección;Resbaladiza;Buena;Atardecer;Buen Tiempo;Múltiple;S/D;Colisión;Material Suelto;Faltante
5404;2021;23/7/2021;Viernes;00:00:00;;0.0;1;Moto/Ciclomotor; ;1;1;0;0;0;0;S/D;ROSARIO;Constitución;S/D;S/D;II;S/D;S/D;Otra Señal;S/D;Intersección;S/D;S/D;Nocturna;S/D;Múltiple;S/D;Colisión;S/D;S/D
5405;2021;23/7/2021;Viernes;00:00:00;;0.0;1;Moto/Ciclomotor;Castellanos Y Amenábar;1;1;0;0;0;0;Calle;ROSARIO;Constitución;S/D;S/D;II;S/D;Urbana;Otra Señal;S/D;Intersección;S/D;S/D;Nocturna;S/D;Múltiple;S/D;Colisión;S/D;S/D
5406;2021;23/7/2021;Viernes;08:30:00;;0.0;1;Moto/Ciclomotor;Camilo Aldao Y Pasco;1;1;0;0;0;0;Calle;ROSARIO;Constitución;S/D;S/D;II;S/D;Urbana;Otra Señal;S/D;Intersección;S/D;S/D;Diurna;S/D;Múltiple;S/D;Colisión;S/D;S/D
5407;2021;23/7/2021;Viernes;18:30:00;;0.0;2;Bicicleta,Automóvil;Anderson Y Rivarola;4;0;0;3;0;0;Calle;ROSARIO;Constitución;Asfalto;No existe;II;Dentro;Urbana;Otra Señal;No existe;Intersección;Bueno;Buena;Diurna;Buen Tiempo;Múltiple;Ciclista;Colisión;Ninguna;Faltante
5408;2021;23/7/2021;Viernes;03:35:00;Ruta Secundaria 28-s;0.0;1;Transporte de Pasajeros (H/ 8 asientos); ;1;0;0;0;0;0;Ruta;MONTES DE OCA;Constitución;Asfalto;Natural;III;Dentro;Rural;Otra Señal;No existe;Intersección;Bueno;Buena;Nocturna;Buen Tiempo;Múltiple;S/D;Colisión;Ninguna;Horizontal
5409;2021;23/7/2021;Viernes;15:10:00;Ruta Provincial 15;178.0;2;Pickup/Utilitario,Moto/Ciclomotor; ;2;0;0;1;0;0;Ruta;ARMSTRONG;Constitución;Asfalto;No existe;III;Dentro;Rural;Otra Señal;No existe;Intersección;Bueno;Buena;Diurna;Buen Tiempo;Múltiple;S/D;Colisión;Ninguna;Horizontal
5410;2021;23/7/2021;Viernes;;;0.0;2;Moto/Ciclomotor,Moto/Ciclomotor;Dante Alighieri Y Falucho;2;0;0;1;0;0;Calle;RAFAELA;Constitución;Asfalto;No existe;V;Dentro;Urbana;Otra Señal;No existe;Intersección;Bueno;S/D;Diurna;S/D;Múltiple;S/D;Colisión;Ninguna;Horizontal
5411;2021;24/7/2021;Sabado;02:30:00;;0.0;2;Peatón,Tren;Rivadavia ;3;0;0;2;1;0;Calle;SAN LORENZO;San Lorenzo;Asfalto;No existe;XVII;S/D;Urbana;Otra Señal;No existe;Intersección;Bueno;S/D;Nocturna;S/D;S/D;Peatón;Colisión;S/D;S/D
5412;2021;24/7/2021;Sabado;20:30:00;Ruta Nacional 11;792.5;1;Automóvil;Calle 315 Y Ruta Nacional 11;3;0;0;0;3;0;Ruta;AVELLANEDA;General Obligado;Asfalto;Natural;IX;S/D;Urbana;Otra Señal;No existe;Intersección;Bueno;S/D;Nocturna;S/D;Múltiple;S/D;Colisión;Ninguna;Faltante
5413;2021;24/7/2021;Sabado;09:15:00;;0.0;2;Taxi/Remis,Automóvil;Av. Ovidio Lagos 7000;3;1;0;2;0;0;Avenida;ROSARIO;Rosario;Asfalto;No existe;II;Dentro;Urbana;Otra Señal;Funciona;Intersección;Bueno;Buena;Diurna;Buen Tiempo;Múltiple;S/D;Colisión;Ninguna;Horizontal,Vertical
5414;2021;24/7/2021;Sabado;11:20:00;;0.0;2;Pickup/Utilitario,Moto/Ciclomotor;Héctor Estela Y Independencia;4;3;0;1;0;0;Calle;TOSTADO;9 de Julio;Ripio;No existe;XII;Dentro;Urbana;Otra Señal;No existe;Intersección;Bueno;Buena;Diurna;Buen Tiempo;Múltiple;S/D;Colisión;Ninguna;Faltante
5415;2021;24/7/2021;Sabado;18:00:00;Ruta Provincial 1;69.0;1;Automóvil; ;1;1;0;0;0;0;Ruta;CAYASTA;Garay;Asfalto;Natural;VII;Dentro;Rural;Otra Señal;No existe;Intersección;Bueno;Buena;Atardecer;Buen Tiempo;Múltiple;S/D;Colisión;Ninguna;Horizontal
5416;2021;24/7/2021;Sabado;09:15:00;;0.0;2;Moto/Ciclomotor,Moto/Ciclomotor;Av. Eudoro Carrasco Y Formosa;2;1;0;0;0;1;Avenida;ROSARIO;Rosario;Asfalto;No existe;II;Dentro;Urbana;Otra Señal;No existe;Intersección;Bueno;Buena;Diurna;Buen Tiempo;Múltiple;S/D;Colisión;Ninguna;Faltante
5417;2021;24/7/2021;Sabado;11:45:00;;0.0;1;Moto/Ciclomotor;L de la Torre Y Moreno;1;1;0;0;0;0;Calle;VERA;Vera;Asfalto;No existe;XIX;Dentro;Urbana;Otra Señal;No existe;Intersección;Bueno;Buena;Diurna;Buen Tiempo;Múltiple;S/D;Colisión;Ninguna;Faltante
5418;2021;24/7/2021;Sabado;19:50:00;;0.0;2;Moto/Ciclomotor,Automóvil;San Lorenzo Y Soldado Aguirre;2;1;0;1;0;0;Calle;VILLA GOBERNADOR GÁLVEZ;Rosario;Asfalto;No existe;II;Dentro;Urbana;Otra Señal;No existe;Intersección;Con baches;Reducida;Atardecer;Buen Tiempo;Múltiple;S/D;Colisión;Ninguna;Faltante
5419;2021;24/7/2021;Sabado;20:00:00;;0.0;2;Peatón,Moto/Ciclomotor;Dr. Rafael Araya Y Republica de Chile;2;1;0;1;0;0;Calle;SAN LORENZO;San Lorenzo;Asfalto;No existe;XVII;Dentro;Urbana;Otra Señal;No existe;Intersección;Bueno;Buena;Diurna;Buen Tiempo;Múltiple;Peatón;Colisión;Ninguna;Faltante
5420;2021;24/7/2021;Sabado;20:10:00;;0.0;2;Bicicleta,Camión c / Acoplado;Roque Vitola Y Urquiza;2;0;0;1;0;0;Calle;SAN LORENZO;San Lorenzo;Asfalto;No existe;XVII;Dentro;Urbana;Otra Señal;No existe;Intersección;Bueno;Buena;Diurna;Buen Tiempo;Múltiple;Ciclista;Colisión;Ninguna;Horizontal
5421;2021;24/7/2021;Sabado;16:00:00;;0.0;2;Peatón,Moto/Ciclomotor;Colon Y Guatemala;2;1;0;0;0;1;Calle;CAPITÁN BERMÚDEZ;San Lorenzo;Asfalto;No existe;XVII;Dentro;Urbana;Otra Señal;No existe;Intersección;Bueno;Buena;Diurna;Buen Tiempo;Múltiple;Peatón;Colisión;Ninguna;Faltante
5422;2021;24/7/2021;Sabado;;;0.0;2;Moto/Ciclomotor,Automóvil;Cabildo Y La Pampa;2;1;0;1;0;0;Calle;CAPITÁN BERMÚDEZ;San Lorenzo;Ripio;No existe;XVII;Dentro;Urbana;Otra Señal;No existe;Intersección;Bueno;Buena;Diurna;Buen Tiempo;Múltiple;S/D;Colisión;Ninguna;Faltante
5423;2021;24/7/2021;Sabado;;;0.0;2;Bicicleta,Moto/Ciclomotor;Avda. Francia Y Cabildo;2;2;0;0;0;0;Avenida;CAPITÁN BERMÚDEZ;San Lorenzo;Ripio;No existe;XVII;Dentro;Urbana;Otra Señal;No existe;Intersección;Bueno;Buena;Diurna;Buen Tiempo;Múltiple;Ciclista;Colisión;Ninguna;Faltante
5424;2021;24/7/2021;Sabado;12:20:00;Ruta Provincial 2;0.0;2;Bicicleta,Moto/Ciclomotor;AV ARISTÓBULO DEL VALLE Y AV LOS QUINTEROS;2;1;0;1;0;0;Ruta;MONTE VERA;La Capital;Asfalto;Pavimento;I;Dentro;Urbana;Otra Señal;No existe;Intersección;Bueno;Buena;Diurna;Buen Tiempo;Múltiple;Ciclista;Colisión;Ninguna;Horizontal,Vertical
5425;2021;24/7/2021;Sabado;12:00:00;Ruta Nacional 175;0.0;2;Moto/Ciclomotor,Automóvil;Córdoba ;2;1;0;1;0;0;Ruta;PUERTO SAN MARTÍN;San Lorenzo;Asfalto;No existe;XVII;Dentro;Urbana;Otra Señal;No existe;Intersección;Bueno;Buena;Diurna;Buen Tiempo;Múltiple;S/D;Colisión;Ninguna;Horizontal
5426;2021;24/7/2021;Sabado;09:40:00;;0.0;2;Moto/Ciclomotor,Pickup/Utilitario;Balcarce Y Lavalle;2;1;0;1;0;0;Calle;ESPERANZA;Las Colonias;Asfalto;No existe;XI;Dentro;Urbana;Otra Señal;No existe;Intersección;Bueno;Buena;Diurna;Buen Tiempo;Múltiple;S/D;Colisión;Ninguna;Vertical
5427;2021;24/7/2021;Sabado;23:10:00;;0.0;2;Moto/Ciclomotor,Automóvil;Calle 9-Italia Y Calle 34;2;1;0;1;0;0;Calle;RECONQUISTA;General Obligado;Asfalto,Hormigón;No existe;IX;Dentro;Urbana;Otra Señal;Funciona;Intersección;Bueno;Buena;Nocturna;Buen Tiempo;Múltiple;S/D;Colisión;Ninguna;Horizontal,Vertical
5428;2021;24/7/2021;Sabado;07:40:00;;0.0;2;Camión Chasis,Automóvil;Calle 26 - Bolívar Y Calle 27-Gdor Freyre;5;1;0;4;0;0;Calle;RECONQUISTA;General Obligado;Asfalto;No existe;IX;Dentro;Urbana;Otra Señal;No existe;Intersección;Bueno;Buena;Diurna;Buen Tiempo;Múltiple;S/D;Colisión;Ninguna;Faltante
5429;2021;24/7/2021;Sabado;17:00:00;;0.0;2;Moto/Ciclomotor,Pickup/Utilitario;Belgrano Y N Figueredo;2;1;0;1;0;0;Calle;SAN JUSTO;San Justo;Hormigón;No existe;XVI;Dentro;Urbana;Otra Señal;No existe;Intersección;Bueno;Buena;Diurna;Buen Tiempo;Múltiple;S/D;Colisión;Ninguna;Faltante
5430;2021;24/7/2021;Sabado;17:15:00;Ruta Nacional 11;0.0;2;Peatón,Moto/Ciclomotor;Av. San Lorenzo Y Florida;2;2;0;0;0;0;Ruta;CAPITÁN BERMÚDEZ;San Lorenzo;Asfalto;No existe;XVII;Dentro;Urbana;Otra Señal;No existe;Intersección;Bueno;S/D;Diurna;S/D;Múltiple;Peatón;Colisión;Ninguna;Faltante
5431;2021;24/7/2021;Sabado;02:00:00;;0.0;2;Automóvil,Moto/Ciclomotor; ;2;1;0;1;0;0;S/D;SAN GENARO;San JERÓNIMO;Tierra;No existe;XV;S/D;S/D;Otra Señal;No existe;Intersección;S/D;Buena;Nocturna;S/D;Múltiple;S/D;Colisión;Ninguna;Faltante
5432;2021;24/7/2021;Sabado;06:50:00;Ruta Nacional 11;0.0;1;Pickup/Utilitario;Dr. Agote ;7;1;0;6;0;0;Ruta;BARRANCAS;San JERÓNIMO;Asfalto;Ripio;XV;Dentro;Urbana;Otra Señal;No existe;Intersección;Bueno;Buena;Amanecer;Buen Tiempo;Múltiple;S/D;Colisión;Ninguna;Horizontal
5433;2021;24/7/2021;Sabado;;;0.0;2;Moto/Ciclomotor,Moto/Ciclomotor; ;2;2;0;0;0;0;S/D;ESPERANZA;Las Colonias;S/D;S/D;XI;S/D;S/D;Otra Señal;S/D;Intersección;S/D;S/D;S/D;S/D;Múltiple;S/D;Colisión;S/D;S/D
5434;2021;24/7/2021;Sabado;;;0.0;2;Moto/Ciclomotor,Automóvil;Lamadrid Y Primera Junta;3;1;0;1;0;1;Calle;SANTA FE;La Capital;Asfalto;No existe;I;Dentro;Urbana;Otra Señal;No existe;Intersección;Bueno;S/D;S/D;S/D;Múltiple;S/D;Colisión;Ninguna;Faltante
5435;2021;24/7/2021;Sabado;02:00:00;Autopista Nacional Rosario -Cordoba;380.0;2;Camión c / Acoplado,Pickup/Utilitario; ;4;1;0;1;0;2;Autopista;ARMSTRONG;Belgrano;Asfalto;Natural;III;Dentro;Urbana;Otra Señal;No existe;Intersección;Bueno;Buena;Nocturna;Buen Tiempo;Múltiple;S/D;Colisión;Ninguna;Horizontal
5436;2021;24/7/2021;Sabado;;Autopista Nacional A008;0.0;1;Automóvil;Av. Circunvalación Y Mendoza;5;4;0;1;0;0;Autopista;ROSARIO;Rosario;Asfalto;No existe;II;Dentro;Urbana;Otra Señal;No existe;Intersección;S/D;S/D;Diurna;S/D;Múltiple;S/D;Colisión;S/D;Horizontal
5437;2021;24/7/2021;Sabado;;Ruta Provincial 2;144.0;1;Automóvil; ;4;4;0;0;0;0;Ruta;VILLA SARALEGUI;San CRISTÓBAL;Tierra;Natural;XIII;Dentro;Rural;Otra Señal;No existe;Intersección;Bueno;S/D;Atardecer;S/D;Múltiple;S/D;Colisión;Ninguna;Faltante
5438;2021;24/7/2021;Sabado;;Ruta Secundaria 96-s;31.0;1;Automóvil; ;2;2;0;0;0;0;Ruta;LA SARITA;General Obligado;Ripio;S/D;IX;Fuera;Rural;Otra Señal;S/D;Intersección;S/D;S/D;Atardecer;S/D;Múltiple;S/D;Colisión;S/D;S/D
5439;2021;24/7/2021;Sabado;17:15:00;;0.0;2;Pickup/Utilitario,Moto/Ciclomotor;Calle 24 - Olessio Y Calle 71-Nicaragua;2;1;0;1;0;0;Calle;RECONQUISTA;General Obligado;Asfalto,Tierra;No existe;IX;Dentro;Urbana;Otra Señal;No existe;Intersección;Bueno;Buena;Diurna;Buen Tiempo;Múltiple;S/D;Colisión;Ninguna;Faltante
5440;2021;24/7/2021;Sabado;22:30:00;;0.0;1;Moto/Ciclomotor;Agüero Y Coronel Dorrego;1;1;0;0;0;0;Calle;VENADO TUERTO;General LÓPEZ;Tierra;No existe;VII;Dentro;Urbana;Otra Señal;No existe;Intersección;Bueno;S/D;Nocturna;Buen Tiempo;Múltiple;S/D;Colisión;Ninguna;Faltante
5441;2021;24/7/2021;Sabado;18:05:00;;0.0;2;Bicicleta,Bicicleta;Juan Carlos Alberdi Y Ituzaingó;2;2;0;0;0;0;Calle;VENADO TUERTO;General LÓPEZ;Asfalto;No existe;VIII;Dentro;Urbana;Otra Señal;No existe;Intersección;Bueno;Buena;Diurna;Buen Tiempo;Múltiple;Ciclista;Colisión;Ninguna;Faltante
5442;2021;24/7/2021;Sabado;16:20:00;;0.0;2;Moto/Ciclomotor,Moto/Ciclomotor;CORNELIO SAAVEDRA Y MARCONI;3;1;0;2;0;0;Avenida;VENADO TUERTO;General LÓPEZ;Asfalto;No existe;VIII;Dentro;Urbana;Otra Señal;No existe;Intersección;Bueno;Buena;Diurna;Buen Tiempo;Múltiple;S/D;Colisión;Ninguna;Faltante
5443;2021;24/7/2021;Sabado;12:42:00;;0.0;1;Bicicleta;Casey Y Carlos Pellegrini;1;1;0;0;0;0;Calle;VENADO TUERTO;General LÓPEZ;Asfalto;No existe;VIII;Dentro;Urbana;Otra Señal;No existe;Intersección;Bueno;S/D;Diurna;S/D;Múltiple;S/D;Colisión;Ninguna;Faltante
5444;2021;24/7/2021;Sabado;12:20:00;;0.0;2;Camión,Pickup/Utilitario;AV OVIDIO LAGOS Y PTE. PERÓN ;4;1;0;3;0;0;Avenida;VENADO TUERTO;General LÓPEZ;Asfalto;No existe;VII;Dentro;Urbana;Otra Señal;No existe;Intersección;Bueno;Buena;Diurna;Buen Tiempo;Múltiple;S/D;Colisión;Ninguna;Horizontal,Vertical