ID_Accidente;A�o;Fecha;Dia;Hopra;Ruta/Autop;km;Participantes;Tipo;Lugar;Total;Heridos Leves;Heridos Graves;Ilesos;Fallecidos;Sin datos;desc_tipo_via;desc_loc;desc_dpto;|;desc_tipo_banquina;desc_unidad_regional;desc_lugar_calzada;desc_zona;desc_prioridad;desc_estado_semaforo;desc_lugar_via;desc_estado_via;desc_estado_visibilidad;desc_luminosidad;desc_estado_clima;desc_tipo_colision;desc_tipo_atropello;desc_tipo_hecho;desc_pres_calzada;desc_senializacion
5445;2021;24/7/2021;Sabado;04:40:00;;0.0;2;Automóvil,Moto/Ciclomotor;Antártida Argentina Y Güemes;2;2;0;0;0;0;Calle;VENADO TUERTO;General LÓPEZ;Asfalto;No existe;VIII;Dentro;Urbana;Otra Señal;No existe;Intersección;Bueno;S/D;Nocturna;S/D;Múltiple;S/D;Colisión;Ninguna;Faltante
5446;2021;24/7/2021;Sabado;00:00:00;;0.0;1;Peatón;Vera Mujica 1986;1;1;0;0;0;0;Calle;ROSARIO;Constitución;S/D;S/D;II;S/D;Urbana;Otra Señal;S/D;Intersección;S/D;S/D;Nocturna;S/D;Múltiple;S/D;Colisión;S/D;S/D
5447;2021;24/7/2021;Sabado;22:00:00;;0.0;1;Moto/Ciclomotor;Reconquista 2200;1;1;0;0;0;0;Calle;ROSARIO;Constitución;S/D;S/D;II;S/D;Urbana;Otra Señal;S/D;Intersección;S/D;S/D;Nocturna;S/D;Múltiple;S/D;Colisión;S/D;S/D
5448;2021;24/7/2021;Sabado;21:00:00;;0.0;1;Automóvil;Garibaldi Y Vera Mujica;1;1;0;0;0;0;Calle;ROSARIO;Constitución;S/D;S/D;II;S/D;Urbana;Otra Señal;S/D;Intersección;S/D;S/D;S/D;S/D;Múltiple;S/D;Colisión;S/D;S/D
5449;2021;24/7/2021;Sabado;07:50:00;Ruta Nacional 34;91.5;2;Moto/Ciclomotor,Pickup/Utilitario;Ruta Nac 34 ;2;0;0;0;1;0;Ruta;SAN GENARO;Constitución;Asfalto;Natural;XV;S/D;Rural;Otra Señal;No existe;Intersección;Bueno;S/D;Diurna;S/D;Múltiple;S/D;Colisión;Ninguna;Faltante
5450;2021;24/7/2021;Sabado;14:00:00;;0.0;2;Moto/Ciclomotor,Automóvil;Gral. Roca Y N Avellaneda;2;0;0;1;0;0;Avenida;CARLOS PELLEGRINI;Constitución;Asfalto;No existe;XVIII;Dentro;Urbana;Otra Señal;No existe;Intersección;Bueno;Buena;Diurna;S/D;Múltiple;S/D;Colisión;Ninguna;Faltante
5451;2021;24/7/2021;Sabado;19:50:00;;0.0;1;Moto/Ciclomotor; ;1;0;0;0;0;0;Camino Rural;MALABRIGO;Constitución;Tierra;S/D;IX;Fuera;Rural;Otra Señal;S/D;Intersección;S/D;Reducida;Nocturna;S/D;Múltiple;S/D;Colisión;S/D;S/D
5452;2021;24/7/2021;Sabado;23:55:00;;0.0;2;Moto/Ciclomotor,Pickup/Utilitario;Chacabuco Y Dean Funes;3;0;0;1;0;0;Calle;ROSARIO;Rosario;Asfalto;No existe;II;Dentro;Urbana;Otra Señal;No existe;Intersección;Bueno;Buena;Nocturna;Buen Tiempo;Múltiple;S/D;Colisión;Ninguna;Faltante
5453;2021;25/7/2021;Domingo;05:30:00;Ruta Provincial 13;32.0;1;Automóvil;Ruta Prov. Nº 13 ;1;0;0;0;1;0;Ruta;EL TRÉBOL;San MARTÍN;Asfalto;Natural;XVIII;Fuera;Rural;Otra Señal;No existe;Intersección;Bueno;Buena;Nocturna;Buen Tiempo;S/D;S/D;Colisión;Ninguna;S/D
5454;2021;25/7/2021;Domingo;06:20:00;;0.0;2;Moto/Ciclomotor,Automóvil;Bolívar Y América;2;0;0;1;1;0;Calle;RUFINO;General LÓPEZ;S/D;S/D;VIII;S/D;Urbana;Otra Señal;S/D;Intersección;S/D;S/D;Nocturna;S/D;Múltiple;S/D;Colisión;S/D;S/D
5455;2021;25/7/2021;Domingo;14:10:00;;0.0;2;Moto/Ciclomotor,Automóvil;Mariano Moreno Y Padre R. Giaccone;4;1;0;3;0;0;Calle;ROSARIO;Rosario;Asfalto;No existe;II;Dentro;Urbana;Otra Señal;No existe;Intersección;Bueno;Buena;Diurna;Buen Tiempo;Múltiple;S/D;Colisión;Ninguna;Vertical
5456;2021;25/7/2021;Domingo;20:25:00;;0.0;1;Automóvil;L de la Torre ;1;1;0;0;0;0;Calle;VERA;Vera;Tierra;No existe;XIX;Dentro;Urbana;Otra Señal;No existe;Intersección;Con baches;Buena;Nocturna;Buen Tiempo;Múltiple;S/D;Colisión;Material Suelto;Faltante
5457;2021;25/7/2021;Domingo;11:20:00;;0.0;2;Moto/Ciclomotor,Pickup/Utilitario;Agustín Justo 1145;3;2;0;1;0;0;Calle;CALCHAQUÍ;Vera;Asfalto;No existe;XIX;Dentro;Urbana;Otra Señal;No existe;Intersección;Bueno;Buena;Diurna;Buen Tiempo;Múltiple;S/D;Colisión;Ninguna;Faltante
5458;2021;25/7/2021;Domingo;12:30:00;;0.0;2;Automóvil,Moto/Ciclomotor;Bv Simón Iriondo Y Mitre;2;1;0;1;0;0;Avenida;ACEBAL;Rosario;Asfalto;No existe;II;Dentro;Urbana;Otra Señal;No existe;Intersección;Bueno;Buena;Diurna;Buen Tiempo;Múltiple;S/D;Colisión;Ninguna;Faltante
5459;2021;25/7/2021;Domingo;06:00:00;;0.0;2;Automóvil,Moto/Ciclomotor;Av. Pte. Perón Y Cándido Pujato;2;1;0;1;0;0;Avenida;SANTA FE;La Capital;Hormigón;No existe;I;Dentro;Urbana;Otra Señal;No existe;Intersección;Bueno;Buena;Nocturna;Buen Tiempo;Múltiple;S/D;Colisión;Ninguna;Faltante
5460;2021;25/7/2021;Domingo;15:30:00;;0.0;1;Moto/Ciclomotor;Buenos aires Y Sargento Cabral;1;0;0;0;0;1;Calle;SAN LORENZO;San Lorenzo;Asfalto;No existe;XVII;Dentro;Urbana;Otra Señal;No existe;Intersección;Bueno;Buena;Diurna;Buen Tiempo;Múltiple;S/D;Colisión;Ninguna;Faltante
5461;2021;25/7/2021;Domingo;11:55:00;;0.0;2;Moto/Ciclomotor,Moto/Ciclomotor;Calle 6-Ituzaingo Y Calle 29-Alte Brown;3;1;0;2;0;0;Calle;RECONQUISTA;General Obligado;Asfalto;No existe;IX;Dentro;Urbana;Otra Señal;No existe;Intersección;Bueno;Buena;Diurna;Buen Tiempo;Múltiple;S/D;Colisión;Ninguna;Faltante
5462;2021;25/7/2021;Domingo;19:30:00;Ruta Nacional 168;18.0;4;Automóvil,Automóvil,Automóvil,Moto/Ciclomotor; ;8;3;0;5;0;0;Ruta;SANTA FE;La Capital;Asfalto;No existe;I;Dentro;Urbana;Otra Señal;No existe;Intersección;Bueno;Buena;Nocturna;Buen Tiempo;Múltiple;S/D;Colisión;Ninguna;Horizontal
5463;2021;25/7/2021;Domingo;03:30:00;;0.0;1;Pickup/Utilitario; ;1;1;0;0;0;0;Camino Rural;LOS CARDOS;San MARTÍN;Tierra;S/D;XVIII;Fuera;Rural;Otra Señal;S/D;Intersección;S/D;S/D;S/D;S/D;Múltiple;S/D;Colisión;S/D;S/D
5464;2021;25/7/2021;Domingo;04:30:00;Ruta Provincial 65;0.0;2;Camión,Camión c / Acoplado;Ruta Nac 34 ;2;1;0;1;0;0;Ruta;SAN GENARO;San JERÓNIMO;Asfalto;Natural;XV;Dentro;Rural;Otra Señal;No existe;Intersección;Bueno;S/D;Nocturna;Buen Tiempo;Múltiple;S/D;Colisión;Ninguna;Horizontal,Vertical
5465;2021;25/7/2021;Domingo;21:40:00;;0.0;2;Moto/Ciclomotor,Automóvil;Gorriti Y Pje Hermanos Madeo;3;1;0;1;0;1;Calle;SANTA FE;La Capital;Asfalto;No existe;I;Dentro;Urbana;Otra Señal;No existe;Intersección;Bueno;Buena;Nocturna,Con luz artificial;Buen Tiempo;Múltiple;S/D;Colisión;Ninguna;Faltante
5466;2021;25/7/2021;Domingo;;Ruta Nacional 11;0.0;1;Automóvil;Calle 131 Raúl Carussi Y Ruta Nacional 11;7;7;0;0;0;0;Ruta;RECONQUISTA;General Obligado;Asfalto;Pavimento;IX;Dentro;Urbana;Otra Señal;No existe;Intersección;S/D;S/D;Diurna;S/D;Múltiple;S/D;Colisión;S/D;Horizontal
5467;2021;25/7/2021;Domingo;;Ruta Provincial 70;29.0;1;Automóvil; ;3;3;0;0;0;0;Ruta;ESPERANZA;Las Colonias;Asfalto;Natural;XI;Dentro;Rural;Otra Señal;No existe;Intersección;S/D;S/D;S/D;S/D;Múltiple;S/D;Colisión;S/D;Horizontal
5468;2021;25/7/2021;Domingo;20:50:00;;0.0;2;Pickup/Utilitario,Moto/Ciclomotor;Pueyrredón Y San Lorenzo;2;0;0;1;0;0;Calle;ROSARIO;Constitución;Asfalto;No existe;II;Dentro;Urbana;Otra Señal;No existe;Intersección;Bueno;Buena;Nocturna,Con luz artificial;Buen Tiempo;Múltiple;Ciclista;Colisión;Ninguna;Horizontal
5469;2021;25/7/2021;Domingo;22:10:00;;0.0;3;Moto/Ciclomotor,Automóvil,Automóvil;Avenida 21 Y Calle 14;5;0;0;3;0;1;Avenida;LAS PAREJAS;Constitución;Asfalto;No existe;III;Dentro;Urbana;Otra Señal;No existe;Intersección;Bueno;Buena;Nocturna,Con luz artificial;Buen Tiempo;Múltiple;S/D;Colisión;Ninguna;Horizontal
5470;2021;25/7/2021;Domingo;19:30:00;;0.0;2;Pickup/Utilitario,Moto/Ciclomotor;Bv. de las Américas Y E Bordabehere;2;0;0;1;0;0;Avenida;SAN JORGE;Constitución;Ripio;No existe;XVIII;Dentro;Urbana;Otra Señal;No existe;Intersección;Bueno;Buena;Diurna;Buen Tiempo;Múltiple;S/D;Colisión;Ninguna;Faltante
5471;2021;25/7/2021;Domingo;20:57:00;Ruta Nacional 11;433.0;2;Tren,Bicicleta;Avda. 9 de Julio ;2;0;0;1;0;0;Ruta;DESVÍO ARIJÓN;Constitución;Tierra;S/D;XV;S/D;S/D;Otra Señal;S/D;Intersección;S/D;S/D;Nocturna;S/D;Múltiple;Ciclista;Colisión;S/D;S/D
5472;2021;25/7/2021;Domingo;14:00:00;;0.0;2;Pickup/Utilitario,Moto/Ciclomotor;Diaz Vélez Y Vélez Sarsfield;2;0;0;1;0;0;Calle;ROSARIO;Constitución;Asfalto;No existe;II;Dentro;Urbana;Otra Señal;No existe;Intersección;Bueno;Buena;Diurna;Buen Tiempo;Múltiple;S/D;Colisión;Ninguna;Faltante
5473;2021;25/7/2021;Domingo;;;0.0;2;Moto/Ciclomotor,Moto/Ciclomotor;9 De Julio Y General San Martin;2;0;0;1;0;0;Calle;SUSANA;Constitución;S/D;No existe;V;Dentro;Urbana;Otra Señal;S/D;Intersección;S/D;S/D;S/D;S/D;Múltiple;S/D;Colisión;S/D;S/D
5474;2021;25/7/2021;Domingo;18:00:00;Autovía Nacional 19;31.0;1;Automóvil; ;7;4;0;0;1;0;Autovía;SAN JERÓNIMO NORTE;Las Colonias;Asfalto;Natural;XI;S/D;Rural;Otra Señal;No existe;Intersección;Bueno;S/D;Diurna;S/D;Múltiple;S/D;Colisión;Ninguna;Faltante
5475;2021;25/7/2021;Domingo;21:20:00;;0.0;2;Moto/Ciclomotor,Automóvil;Constitución Y Garibaldi;3;0;0;1;0;0;Calle;ROSARIO;Rosario;Asfalto;No existe;II;Dentro;Urbana;Otra Señal;No existe;Intersección;Deteriorada;Buena;Nocturna,Con luz artificial;Buen Tiempo;Múltiple;S/D;Colisión;Ninguna;Faltante
5476;2021;25/7/2021;Domingo;22:00:00;;0.0;2;Moto/Ciclomotor,Automóvil;Flor De Nacar Y Hortensia;4;0;0;1;0;0;Calle;ROSARIO;Rosario;Asfalto;No existe;II;Dentro;Urbana;Ninguna;No existe;Intersección;Deteriorada;Buena;Nocturna;Buen Tiempo;Lateral;S/D;Colisión;Ninguna;Faltante
5477;2021;26/7/2021;Lunes;15:30:00;;0.0;2;Bicicleta,Moto/Ciclomotor;Mitre B Y España;2;0;0;1;1;0;Calle;VERA;Vera;Asfalto;Pavimento;XIX;Dentro;Urbana;Otra Señal;No existe;Intersección;Bueno;Buena;Diurna;Buen Tiempo;S/D;Ciclista;Colisión;Ninguna;Vertical
5478;2021;26/7/2021;Lunes;18:00:00;;0.0;1;Moto/Ciclomotor;Juan Pablo II Y Bv. Oroño;1;0;0;0;1;0;Calle;ROSARIO;Rosario;Asfalto;No existe;II;S/D;Urbana;Otra Señal;No existe;Intersección;Bueno;S/D;Diurna;Buen Tiempo;Múltiple;S/D;Colisión;S/D;Faltante
5479;2021;26/7/2021;Lunes;16:00:00;;0.0;2;Moto/Ciclomotor,Automóvil;Av. Uriburu Y Necochea;2;1;0;1;0;0;Avenida;ROSARIO;Rosario;Asfalto;No existe;II;Dentro;Urbana;Otra Señal;No existe;Intersección;Bueno;Buena;Diurna;Buen Tiempo;Múltiple;S/D;Colisión;Ninguna;Faltante
5480;2021;26/7/2021;Lunes;22:20:00;;0.0;2;Automóvil,Moto/Ciclomotor;Bv. Oroño Y Santa Fe;2;1;0;1;0;0;Avenida;ROSARIO;Rosario;Asfalto;No existe;II;Dentro;Urbana;Otra Señal;Funciona;Intersección;Bueno;Buena;Nocturna,Con luz artificial;Buen Tiempo;Múltiple;S/D;Colisión;Ninguna;Horizontal,Vertical
5481;2021;26/7/2021;Lunes;09:30:00;;0.0;2;Moto/Ciclomotor,Automóvil;Av. Ntra.Sra.del Rosario Y Salva;2;1;0;1;0;0;Avenida;ROSARIO;Rosario;Asfalto;No existe;II;Dentro;Urbana;Otra Señal;No existe;Intersección;Bueno;Buena;Nocturna;Buen Tiempo;Múltiple;S/D;Colisión;Ninguna;Horizontal
5482;2021;26/7/2021;Lunes;11:00:00;;0.0;2;Moto/Ciclomotor,Automóvil;Aaron Castellanos ;2;1;0;1;0;0;Calle;ESPERANZA;Las Colonias;Asfalto;No existe;XI;Dentro;Urbana;Otra Señal;S/D;Intersección;Bueno;S/D;Diurna;Buen Tiempo;Múltiple;S/D;Colisión;Ninguna;Faltante
5483;2021;26/7/2021;Lunes;07:45:00;;0.0;2;Peatón,Automóvil;L.N.Alem 3035;2;1;0;1;0;0;Calle;ROSARIO;Rosario;Asfalto;No existe;II;Fuera;Urbana;Otra Señal;No existe;Intersección;Bueno;Buena;Diurna;Buen Tiempo;Múltiple;Peatón;Colisión;Ninguna;Horizontal
5484;2021;26/7/2021;Lunes;13:45:00;;0.0;2;Automóvil,Moto/Ciclomotor;Azcuénaga Y Pueyrredón;2;1;0;1;0;0;Calle;SAN CRISTÓBAL;San CRISTÓBAL;Hormigón;No existe;XIII;Dentro;Urbana;Otra Señal;No existe;Intersección;Deteriorada;Buena;Diurna;Buen Tiempo;Múltiple;S/D;Colisión;Ninguna;Faltante
5485;2021;26/7/2021;Lunes;22:00:00;;0.0;2;Moto/Ciclomotor,Pickup/Utilitario;Av. Belgrano Y Moreno;2;1;0;1;0;0;Avenida;PILAR;Las Colonias;Asfalto;Pavimento;XI;Dentro;Urbana;Otra Señal;No existe;Intersección;Bueno;Buena;Nocturna;Buen Tiempo;Múltiple;S/D;Colisión;Ninguna;Faltante
5486;2021;26/7/2021;Lunes;15:55:00;;0.0;1;Moto/Ciclomotor;Gabriela Mistral 1800;2;2;0;0;0;0;Calle;VERA;Vera;Ripio;No existe;XIX;Dentro;Urbana;Otra Señal;No existe;Intersección;Con baches;Buena;Diurna;Buen Tiempo;Múltiple;S/D;Colisión;Material Suelto;Faltante
5487;2021;26/7/2021;Lunes;08:50:00;;0.0;2;Moto/Ciclomotor,Automóvil;Calle 11 Y Calle 26;2;1;0;1;0;0;Calle;LAS PAREJAS;Belgrano;Asfalto;No existe;III;Dentro;Urbana;Otra Señal;No existe;Intersección;Bueno;Buena;Diurna;Buen Tiempo;Múltiple;S/D;Colisión;Ninguna;Faltante
5488;2021;26/7/2021;Lunes;11:30:00;Autopista Nacional A008;0.0;1;Automóvil;Av. Circunvalación Y Av. Eva Perón;4;4;0;0;0;0;Autopista;ROSARIO;Rosario;Asfalto;No existe;II;Dentro;Urbana;Otra Señal;Funciona;Intersección;Bueno;Buena;Diurna;Buen Tiempo;Múltiple;S/D;Colisión;Ninguna;Horizontal,Vertical
5489;2021;26/7/2021;Lunes;19:40:00;;0.0;2;Automóvil,Peatón;Av. 9 de Julio Y Yapeyu;2;1;0;1;0;0;Avenida;PEREZ;Rosario;Asfalto;No existe;II;Dentro;Urbana;Otra Señal;No existe;Intersección;Bueno;Buena;Diurna;Buen Tiempo;Múltiple;Peatón;Colisión;Ninguna;Faltante
5490;2021;26/7/2021;Lunes;09:50:00;Ruta Secundaria 34-s;0.0;2;Automóvil,Moto/Ciclomotor;Av. Fuerza Aérea Y Hipólito Irigoyen;2;1;0;1;0;0;Ruta;FUNES;Rosario;Asfalto;Ripio;II;Dentro;Urbana;Otra Señal;No existe;Intersección;Bueno;Buena;Diurna;Buen Tiempo;Múltiple;S/D;Colisión;Ninguna;Horizontal
5491;2021;26/7/2021;Lunes;00:40:00;;0.0;2;Automóvil,Automóvil;Cristóbal Colon Y Gral. José de San Martin;2;1;0;1;0;0;Calle;ARROYO SECO;Rosario;Asfalto;No existe;II;Dentro;Urbana;Otra Señal;No existe;Intersección;Bueno;Buena;Nocturna,Con luz artificial;Buen Tiempo;Múltiple;S/D;Colisión;Ninguna;Faltante
5492;2021;26/7/2021;Lunes;12:00:00;;0.0;2;Automóvil,Moto/Ciclomotor;Chacabuco 2228;3;2;0;1;0;0;Calle;SANTA FE;La Capital;Asfalto;No existe;I;Dentro;Urbana;Otra Señal;No existe;Intersección;Bueno;Buena;Diurna;Buen Tiempo;Múltiple;S/D;Colisión;Ninguna;Faltante
5493;2021;26/7/2021;Lunes;19:10:00;;0.0;2;Bicicleta,Moto/Ciclomotor;Almte. Brown 845;2;1;0;1;0;0;Calle;ROLDÁN;San Lorenzo;Asfalto;No existe;XVII;Dentro;Urbana;Otra Señal;No existe;Intersección;Bueno;S/D;Atardecer;Buen Tiempo;Múltiple;S/D;Colisión;Ninguna;Faltante
5494;2021;26/7/2021;Lunes;20:00:00;;0.0;2;Moto/Ciclomotor,Moto/Ciclomotor;Belgrano Y Rivadavia;2;1;0;1;0;0;Calle;PUERTO SAN MARTÍN;San Lorenzo;Asfalto;No existe;XVII;Dentro;Urbana;Otra Señal;No existe;Intersección;Bueno;Buena;Nocturna;Buen Tiempo;Múltiple;S/D;Colisión;Ninguna;Horizontal
5495;2021;26/7/2021;Lunes;20:05:00;;0.0;2;Pickup/Utilitario,Moto/Ciclomotor;Bv Poeta J Migno Y H Irigoyen;2;1;0;1;0;0;Avenida;SAN JAVIER;San Javier;Asfalto;No existe;XIV;Dentro;Urbana;Otra Señal;No existe;Intersección;Bueno;Buena;Diurna;Buen Tiempo;Múltiple;S/D;Colisión;Ninguna;Faltante
5496;2021;26/7/2021;Lunes;19:05:00;Ruta Nacional 11;0.0;2;Automóvil,Moto/Ciclomotor;Ruta Nacional 11 Y S Martin;2;1;0;1;0;0;Ruta;SAN JUSTO;San Justo;Asfalto;Pavimento;XVI;Dentro;Urbana;Otra Señal;No existe;Intersección;Bueno;Reducida;Nocturna;Buen Tiempo;Múltiple;S/D;Colisión;Ninguna;Horizontal
5497;2021;26/7/2021;Lunes;10:40:00;;0.0;2;Pickup/Utilitario,Moto/Ciclomotor;J J Paso Y Monseñor Zaspe;2;1;0;1;0;0;Avenida;SANTA FE;La Capital;Asfalto;No existe;I;Dentro;Urbana;Otra Señal;Funciona;Intersección;Bueno;Buena;Diurna;Buen Tiempo;Múltiple;S/D;Colisión;Ninguna;Horizontal,Vertical
5498;2021;26/7/2021;Lunes;17:20:00;;0.0;2;Moto/Ciclomotor,Moto/Ciclomotor;Estanislao López Y L de la Torre;3;2;0;1;0;0;Calle;VERA;Vera;Asfalto;S/D;XIX;Dentro;Urbana;Otra Señal;S/D;Intersección;S/D;S/D;Diurna;S/D;Múltiple;S/D;Colisión;S/D;S/D
5499;2021;26/7/2021;Lunes;15:00:00;;0.0;2;Automóvil,Moto/Ciclomotor;Bv. Oroño 2600;2;1;0;1;0;0;Avenida;ROSARIO;Rosario;Asfalto;No existe;II;Dentro;Urbana;Otra Señal;Funciona;Intersección;Bueno;Buena;Diurna;Buen Tiempo;Múltiple;S/D;Colisión;Ninguna;Horizontal,Vertical
5500;2021;26/7/2021;Lunes;;Ruta Nacional 11;582.0;2;Camión c / Acoplado,Moto/Ciclomotor; ;2;1;0;1;0;0;Ruta;RAMAYÓN;San Justo;Asfalto;Natural;XVI;Dentro;Rural;Otra Señal;No existe;Intersección;Bueno;Buena;S/D;Buen Tiempo;Múltiple;S/D;Colisión;Ninguna;Horizontal
5501;2021;26/7/2021;Lunes;;Autopista Nacional Gral. Juan Jose Valle;335.0;1;Camión; ;1;1;0;0;0;0;Autopista;CAÑADA DE GÓMEZ;Iriondo;Asfalto;Natural;X;Dentro;Rural;Otra Señal;No existe;Intersección;S/D;S/D;S/D;S/D;Múltiple;S/D;Colisión;S/D;Horizontal
5502;2021;26/7/2021;Lunes;06:15:00;;0.0;2;Moto/Ciclomotor,Pickup/Utilitario;Calle 44-27 de Abril Y Calle 57-Prof Roberto Roveda;2;1;0;1;0;0;Calle;RECONQUISTA;General Obligado;S/D;No existe;IX;Dentro;Urbana;Otra Señal;S/D;Intersección;S/D;S/D;Nocturna;S/D;Múltiple;S/D;Colisión;S/D;S/D
5503;2021;26/7/2021;Lunes;18:15:00;;0.0;2;Bicicleta,Automóvil;Calle 10-Ludueña Y Calle 17-Bartolome Mitre;2;1;0;1;0;0;Calle;RECONQUISTA;General Obligado;Asfalto;No existe;IX;Dentro;Urbana;Otra Señal;No existe;Intersección;S/D;S/D;Diurna;S/D;Múltiple;Ciclista;Colisión;S/D;Faltante
5504;2021;26/7/2021;Lunes;;;0.0;2;Bicicleta,Camión;Bv Jaime Ferre Y Progreso;2;1;0;1;0;0;Avenida;RAFAELA;Castellanos;Asfalto;No existe;V;Dentro;Urbana;Otra Señal;No existe;Intersección;S/D;S/D;S/D;S/D;Múltiple;Ciclista;Colisión;S/D;Vertical
5505;2021;26/7/2021;Lunes;17:05:00;;0.0;1;Moto/Ciclomotor;G Di Martino Y Falucho;1;1;0;0;0;0;Calle;VENADO TUERTO;General LÓPEZ;Tierra;No existe;VIII;Dentro;Urbana;Otra Señal;No existe;Intersección;S/D;S/D;Diurna;S/D;Múltiple;S/D;Colisión;S/D;Faltante
5506;2021;26/7/2021;Lunes;17:05:00;;0.0;2;Automóvil,Bicicleta;Cristóbal Colon Y Junín;2;1;0;1;0;0;Calle;VENADO TUERTO;General LÓPEZ;Asfalto;No existe;VIII;Dentro;Urbana;Otra Señal;No existe;Intersección;S/D;S/D;Diurna;S/D;Múltiple;Ciclista;Colisión;S/D;Faltante
5507;2021;26/7/2021;Lunes;15:02:00;;0.0;2;Moto/Ciclomotor,Camión;Brett S Y Falucho;4;1;0;3;0;0;Calle;VENADO TUERTO;General LÓPEZ;Asfalto;No existe;VIII;Dentro;Urbana;Otra Señal;No existe;Intersección;S/D;S/D;Diurna;S/D;Múltiple;S/D;Colisión;S/D;Faltante
5508;2021;26/7/2021;Lunes;08:00:00;;0.0;1;Moto/Ciclomotor;Carriego Y Humberto I;1;1;0;0;0;0;Calle;ROSARIO;Constitución;S/D;S/D;II;S/D;Urbana;Otra Señal;S/D;Intersección;S/D;S/D;Diurna;S/D;Múltiple;S/D;Colisión;S/D;S/D
5509;2021;26/7/2021;Lunes;18:00:00;;0.0;2;Automóvil,Moto/Ciclomotor;Comodoro Rivadavia Y Santiago;2;1;0;0;0;1;Calle;ROSARIO;Constitución;S/D;S/D;II;S/D;S/D;Otra Señal;S/D;Intersección;S/D;S/D;Atardecer;S/D;Múltiple;S/D;Colisión;S/D;S/D
5510;2021;26/7/2021;Lunes;12:10:00;;0.0;1;Peatón;Iriondo Y Pte. Quintana;1;1;0;0;0;0;Calle;ROSARIO;Constitución;S/D;S/D;II;S/D;Urbana;Otra Señal;S/D;Intersección;S/D;S/D;Diurna;S/D;Múltiple;S/D;Colisión;S/D;S/D
5511;2021;26/7/2021;Lunes;17:00:00;;0.0;2;Automóvil,Moto/Ciclomotor;Mendoza Y Av. Circunvalación;2;1;0;0;0;1;Avenida;ROSARIO;Constitución;S/D;S/D;II;S/D;Urbana;Otra Señal;S/D;Intersección;S/D;S/D;Diurna;S/D;Múltiple;S/D;Colisión;S/D;S/D
5512;2021;26/7/2021;Lunes;19:30:00;;0.0;1;Bicicleta;Casiano Casas Y Washington;1;0;0;0;0;0;Calle;ROSARIO;Rosario;Asfalto;No existe;II;Dentro;Urbana;Otra Señal;Funciona;Intersección;S/D;S/D;Nocturna;S/D;Múltiple;S/D;Colisión;S/D;Horizontal,Vertical
5513;2021;26/7/2021;Lunes;14:00:00;;0.0;3;Automóvil,Moto/Ciclomotor,Automóvil;Alberdi Y Sarmiento;4;0;0;2;0;0;Calle;SAN CRISTÓBAL;San CRISTÓBAL;Hormigón;No existe;XIII;Dentro;Urbana;Otra Señal;No existe;Intersección;Deteriorada;Buena;Diurna;Buen Tiempo;Múltiple;S/D;Colisión;Ninguna;Faltante
5514;2021;26/7/2021;Lunes;;;0.0;2;Automóvil,Automóvil;Necochea Y Ocampo;3;1;0;0;0;0;Calle;ROSARIO;Rosario;Asfalto;No existe;II;Dentro;Urbana;Otra Señal;No existe;Intersección;S/D;S/D;S/D;S/D;Múltiple;S/D;Colisión;S/D;Horizontal,Vertical
5515;2021;27/7/2021;Martes;10:40:00;;0.0;2;Moto/Ciclomotor,Automóvil;Amenábar Y Ayacucho;2;1;0;1;0;0;Calle;ROSARIO;Rosario;Asfalto;No existe;II;Dentro;Urbana;Otra Señal;No existe;Intersección;Bueno;Buena;Diurna;Buen Tiempo;Múltiple;S/D;Colisión;Ninguna;Faltante
5516;2021;27/7/2021;Martes;09:00:00;;0.0;2;Transporte de Pasajeros Urbano (> 8 asientos),Bicicleta;San Luis Y Pte. Roca;2;1;0;1;0;0;Calle;ROSARIO;Rosario;Asfalto;No existe;II;Dentro;Urbana;Otra Señal;No existe;Intersección;Bueno;Buena;Diurna;Buen Tiempo;Múltiple;Ciclista;Colisión;Ninguna;Horizontal
5517;2021;27/7/2021;Martes;17:20:00;Autopista Nacional A008;0.0;2;Moto/Ciclomotor,Bicicleta;Av. Circunvalación Y San Martin;2;2;0;0;0;0;Autopista;ROSARIO;Rosario;Asfalto;No existe;II;Dentro;Urbana;Otra Señal;Funciona;Intersección;Bueno;Buena;Atardecer;Buen Tiempo;Múltiple;Ciclista;Colisión;Ninguna;Horizontal,Vertical
5518;2021;27/7/2021;Martes;07:40:00;;0.0;2;Automóvil,Moto/Ciclomotor;13 de Mayo Y 25 de Mayo;2;1;0;1;0;0;Calle;SAN CARLOS CENTRO;Las Colonias;Asfalto;No existe;XI;Dentro;Urbana;Otra Señal;No existe;Intersección;Bueno;Buena;Diurna;Buen Tiempo;Múltiple;S/D;Colisión;Ninguna;Faltante
5519;2021;27/7/2021;Martes;16:00:00;;0.0;1;Transporte de Pasajeros Urbano (> 8 asientos);San Martin ;2;1;0;1;0;0;Calle;ROSARIO;Rosario;Asfalto;No existe;II;Dentro;Urbana;Otra Señal;S/D;Intersección;Bueno;S/D;S/D;S/D;Múltiple;S/D;Colisión;Ninguna;S/D