ID_Accidente;A�o;Fecha;Dia;Hopra;Ruta/Autop;km;Participantes;Tipo;Lugar;Total;Heridos Leves;Heridos Graves;Ilesos;Fallecidos;Sin datos;desc_tipo_via;desc_loc;desc_dpto;|;desc_tipo_banquina;desc_unidad_regional;desc_lugar_calzada;desc_zona;desc_prioridad;desc_estado_semaforo;desc_lugar_via;desc_estado_via;desc_estado_visibilidad;desc_luminosidad;desc_estado_clima;desc_tipo_colision;desc_tipo_atropello;desc_tipo_hecho;desc_pres_calzada;desc_senializacion
5520;2021;27/7/2021;Martes;06:15:00;;0.0;2;Moto/Ciclomotor,Pickup/Utilitario;San Juan Y Sarmiento;2;1;0;0;0;1;Calle;ROSARIO;Rosario;Asfalto;No existe;II;Dentro;Urbana;Otra Señal;No existe;Intersección;Bueno;Buena;Amanecer;Buen Tiempo;Múltiple;S/D;Colisión;Ninguna;Horizontal
5521;2021;27/7/2021;Martes;16:35:00;;0.0;2;Pickup/Utilitario,Moto/Ciclomotor;Arenales Y Cerrito;2;1;0;1;0;0;Calle;ÁLVAREZ;Rosario;Asfalto;No existe;II;Dentro;Urbana;Otra Señal;No existe;Intersección;Bueno;Buena;Diurna;Buen Tiempo;Múltiple;S/D;Colisión;Ninguna;Faltante
5522;2021;27/7/2021;Martes;13:15:00;Ruta Provincial 14;2.0;1;Otros; ;1;1;0;0;0;0;Ruta;SOLDINI;Rosario;Asfalto;Natural;II;Dentro;Urbana;Otra Señal;No existe;Intersección;Bueno;Buena;Diurna;Buen Tiempo;Múltiple;S/D;Colisión;Ninguna;Faltante
5523;2021;27/7/2021;Martes;17:15:00;;0.0;2;Moto/Ciclomotor,Moto/Ciclomotor;García del Cossio Bis ;3;2;0;0;1;0;Calle;ROSARIO;Rosario;Asfalto;No existe;II;Dentro;Urbana;Otra Señal;No existe;Intersección;Bueno;Buena;Diurna;Buen Tiempo;Múltiple;S/D;Colisión;Ninguna;Faltante
5524;2021;27/7/2021;Martes;09:45:00;;0.0;2;Moto/Ciclomotor,Automóvil;Av. Freyre Y Bv Pellegrini;2;1;0;1;0;0;Avenida;SANTA FE;La Capital;Asfalto;No existe;I;Dentro;Urbana;Otra Señal;Funciona;Intersección;Bueno;Buena;Diurna;Buen Tiempo;Múltiple;S/D;Colisión;Ninguna;Horizontal
5525;2021;27/7/2021;Martes;15:20:00;;0.0;2;Peatón,Moto/Ciclomotor;Matheu Y San Juan;2;1;0;0;0;1;Calle;SANTA FE;La Capital;Hormigón;No existe;I;Dentro;Urbana;Otra Señal;No existe;Intersección;Bueno;Buena;Diurna;Buen Tiempo;Múltiple;Peatón;Colisión;Ninguna;Faltante
5526;2021;27/7/2021;Martes;14:00:00;;0.0;2;Moto/Ciclomotor,Pickup/Utilitario;Candioti Y Necochea;2;1;0;1;0;0;Calle;SANTA FE;La Capital;Asfalto;No existe;I;Dentro;Urbana;Otra Señal;No existe;Intersección;Bueno;Buena;Diurna;Buen Tiempo;Múltiple;S/D;Colisión;Ninguna;Faltante
5527;2021;27/7/2021;Martes;07:25:00;Ruta Provincial 1;9.0;2;Bicicleta,Pickup/Utilitario; ;3;2;0;1;0;0;Ruta;SAN JOSÉ DEL RINCÓN;La Capital;Asfalto;Natural;I;Dentro;Urbana;Otra Señal;No existe;Intersección;Bueno;Buena;Amanecer;Buen Tiempo;Múltiple;Ciclista;Colisión;Ninguna;Horizontal
5528;2021;27/7/2021;Martes;;;0.0;2;Moto/Ciclomotor,Moto/Ciclomotor;Urquiza 1900;2;2;0;0;0;0;Calle;SAN LORENZO;San Lorenzo;Asfalto;No existe;XVII;Dentro;Urbana;Otra Señal;No existe;Intersección;Bueno;Buena;Diurna;Buen Tiempo;Múltiple;S/D;Colisión;Ninguna;Horizontal,Vertical
5529;2021;27/7/2021;Martes;11:20:00;Ruta Secundaria 33-s;0.0;2;Automóvil,Moto/Ciclomotor;Av. San Martin Y San Juan;2;1;0;1;0;0;Ruta;SAN JORGE;San MARTÍN;Asfalto;No existe;XVIII;Dentro;Urbana;Otra Señal;No existe;Intersección;Bueno;Buena;Diurna;Buen Tiempo;Múltiple;S/D;Colisión;Ninguna;Faltante
5530;2021;27/7/2021;Martes;08:10:00;Ruta Nacional 11;0.0;2;Moto/Ciclomotor,Pickup/Utilitario;H Irigoyen Y Ruta Nacional 11;2;1;0;1;0;0;Ruta;SAN JUSTO;San Justo;Asfalto;Pavimento;XVI;Dentro;Urbana;Otra Señal;No existe;Intersección;Bueno;Buena;Diurna;Buen Tiempo;Múltiple;S/D;Colisión;Ninguna;Horizontal
5531;2021;27/7/2021;Martes;12:30:00;;0.0;2;Pickup/Utilitario,Bicicleta;Alberti Y Sarmiento;2;1;0;1;0;0;Calle;GÁLVEZ;San JERÓNIMO;Asfalto;No existe;XV;Dentro;Urbana;Otra Señal;No existe;Intersección;Bueno;Buena;Diurna;Buen Tiempo;Múltiple;Ciclista;Colisión;Ninguna;Faltante
5532;2021;27/7/2021;Martes;22:00:00;;0.0;2;Automóvil,Moto/Ciclomotor;Av. Gral. López Y Francia;2;1;0;1;0;0;Avenida;SANTA FE;La Capital;Asfalto;No existe;I;Dentro;Urbana;Otra Señal;No existe;Intersección;Bueno;Buena;Nocturna,Con luz artificial;Buen Tiempo;Múltiple;S/D;Colisión;Ninguna;Horizontal
5533;2021;27/7/2021;Martes;;Autopista Nacional A007;9.0;1;Moto/Ciclomotor;Av. Circunvalación Y Entre Ríos;1;1;0;0;0;0;Autopista;SANTA FE;La Capital;Asfalto;Natural;II;Dentro;Urbana;Otra Señal;No existe;Intersección;S/D;S/D;Diurna;S/D;Múltiple;S/D;Colisión;S/D;Horizontal
5534;2021;27/7/2021;Martes;09:00:00;;0.0;1;Moto/Ciclomotor;Calle 12 San Martin Y Calle 13-Iturraspe;1;1;0;0;0;0;Calle;RECONQUISTA;General Obligado;Asfalto;No existe;IX;Dentro;Urbana;Otra Señal;No existe;Intersección;S/D;S/D;Diurna;S/D;Múltiple;S/D;Colisión;S/D;Horizontal
5535;2021;27/7/2021;Martes;;;0.0;2;Moto/Ciclomotor,Automóvil;1ro de Mayo Y General Paz;3;2;0;1;0;0;Calle;RAFAELA;Castellanos;Asfalto;No existe;V;Dentro;Urbana;Otra Señal;No existe;Intersección;S/D;S/D;S/D;S/D;Múltiple;S/D;Colisión;S/D;Horizontal
5536;2021;27/7/2021;Martes;;;0.0;2;Bicicleta,Automóvil;Necochea Y Salta;2;1;0;1;0;0;Calle;RAFAELA;Castellanos;Asfalto;No existe;V;Dentro;Urbana;Otra Señal;No existe;Intersección;S/D;S/D;S/D;S/D;Múltiple;Ciclista;Colisión;S/D;Faltante
5537;2021;27/7/2021;Martes;00:00:00;;0.0;1;Moto/Ciclomotor;Rio De Janeiro Y La Paz;1;1;0;0;0;0;Calle;ROSARIO;Constitución;S/D;S/D;II;S/D;Urbana;Otra Señal;S/D;Intersección;S/D;S/D;Nocturna;S/D;Múltiple;S/D;Colisión;S/D;S/D
5538;2021;27/7/2021;Martes;00:00:00;;0.0;1;Moto/Ciclomotor;Bv. Avellaneda Y Cochabamba;2;2;0;0;0;0;Avenida;ROSARIO;Constitución;S/D;S/D;II;S/D;Urbana;Otra Señal;S/D;Intersección;S/D;S/D;Nocturna;S/D;Múltiple;S/D;Colisión;S/D;S/D
5539;2021;27/7/2021;Martes;00:00:00;;0.0;1;Automóvil;Pje. Aymara 6900;1;1;0;0;0;0;Calle;ROSARIO;Constitución;S/D;S/D;II;S/D;S/D;Otra Señal;S/D;Intersección;S/D;S/D;Nocturna;S/D;Múltiple;S/D;Colisión;S/D;S/D
5540;2021;27/7/2021;Martes;19:00:00;;0.0;1;Bicicleta;Garibaldi ;1;1;0;0;0;0;Calle;ROSARIO;Constitución;S/D;S/D;II;S/D;S/D;Otra Señal;S/D;Intersección;S/D;S/D;Nocturna;S/D;Múltiple;S/D;Colisión;S/D;S/D
5541;2021;27/7/2021;Martes;17:00:00;;0.0;1;Automóvil;Alippi Y Álvarez Condarco;1;1;0;0;0;0;Calle;ROSARIO;Constitución;S/D;S/D;II;S/D;Urbana;Otra Señal;S/D;Intersección;S/D;S/D;S/D;S/D;Múltiple;S/D;Colisión;S/D;S/D
5542;2021;27/7/2021;Martes;16:00:00;;0.0;2;Automóvil,Moto/Ciclomotor;Montevideo Y Balcarce;2;1;0;0;0;1;Calle;ROSARIO;Constitución;S/D;S/D;II;S/D;S/D;Otra Señal;S/D;Intersección;S/D;S/D;Diurna;S/D;Múltiple;S/D;Colisión;S/D;S/D
5543;2021;27/7/2021;Martes;15:50:00;;0.0;1;Moto/Ciclomotor;Calle 22 Y Calle 23;2;1;0;0;0;0;Calle;LAS PAREJAS;Constitución;Asfalto;No existe;III;Dentro;Urbana;Otra Señal;No existe;Intersección;Bueno;Buena;Diurna;Buen Tiempo;Múltiple;S/D;Colisión;Ninguna;Faltante
5544;2021;27/7/2021;Martes;03:10:00;Ruta Nacional 11;0.0;2;Moto/Ciclomotor,Automóvil;Av. San Martin 900;2;0;0;1;0;0;Ruta;SAN LORENZO;Constitución;Asfalto;No existe;XVII;Dentro;Urbana;Otra Señal;Funciona;Intersección;Bueno;Buena;Diurna;Buen Tiempo;Múltiple;S/D;Colisión;Ninguna;Horizontal,Vertical
5545;2021;27/7/2021;Martes;12:15:00;;0.0;2;Moto/Ciclomotor,Automóvil;Dorrego Y Roma;2;0;0;1;0;0;Calle;EL TRÉBOL;Constitución;Asfalto;No existe;XVIII;Dentro;Urbana;Otra Señal;No existe;Intersección;Bueno;Buena;Diurna;Buen Tiempo;Múltiple;S/D;Colisión;Ninguna;Vertical
5546;2021;27/7/2021;Martes;;;0.0;1;Automóvil; ;3;1;0;1;0;0;S/D;ESPERANZA;Constitución;S/D;No existe;XI;S/D;S/D;Otra Señal;No existe;Intersección;S/D;S/D;S/D;S/D;Múltiple;S/D;Colisión;Ninguna;Faltante
5547;2021;27/7/2021;Martes;;;0.0;2;Moto/Ciclomotor,Automóvil;Av. Juan Domingo Perón Y Paraná;2;0;0;1;0;0;Avenida;VILLA GOBERNADOR GÁLVEZ;Constitución;Asfalto;No existe;II;Dentro;Urbana;Otra Señal;No existe;Intersección;S/D;S/D;Diurna;S/D;Múltiple;S/D;Colisión;S/D;Faltante
5548;2021;27/7/2021;Martes;17:35:00;;0.0;2;Transporte de Pasajeros (H/ 8 asientos),Moto/Ciclomotor;Republica del Paraguay Y San José;9;0;0;7;0;0;Calle;SAN LORENZO;San Lorenzo;S/D;No existe;XVII;Dentro;Urbana;Otra Señal;S/D;Intersección;S/D;Buena;Diurna;S/D;Múltiple;S/D;Colisión;S/D;S/D
5549;2021;28/7/2021;Miercoles;12:00:00;Ruta Provincial 13;82.0;3;Automóvil,Automóvil,Automóvil;Ruta 13 ;3;2;0;0;1;0;Ruta;SASTRE;San MARTÍN;Asfalto;Natural;XVIII;Dentro;Rural;Otra Señal;No existe;Intersección;Bueno;Buena;Diurna;Buen Tiempo;Frontal,Múltiple;S/D;Colisión;Ninguna;Vertical
5550;2021;28/7/2021;Miercoles;13:50:00;;0.0;2;Moto/Ciclomotor,Pickup/Utilitario;E Oliber Y Intendente Giménez;2;0;0;1;1;0;Calle;RAFAELA;Castellanos;Asfalto;No existe;V;S/D;Urbana;Otra Señal;No existe;Intersección;Bueno;S/D;Diurna;S/D;Múltiple;S/D;Colisión;Ninguna;Faltante
5551;2021;28/7/2021;Miercoles;16:50:00;;0.0;2;Moto/Ciclomotor,Pickup/Utilitario;Bv. Seguí Y Callao;2;1;0;1;0;0;Avenida;ROSARIO;Rosario;Asfalto;No existe;II;Dentro;Urbana;Otra Señal;No existe;Intersección;Bueno;Buena;Diurna;Buen Tiempo;Múltiple;S/D;Colisión;Ninguna;Horizontal
5552;2021;28/7/2021;Miercoles;15:25:00;;0.0;2;Bicicleta,Automóvil;Av. Ovidio Lagos Y Lamadrid;2;1;0;1;0;0;Avenida;ROSARIO;Rosario;Asfalto;Pavimento;II;Dentro;Urbana;Otra Señal;No existe;Intersección;Bueno;Buena;Diurna;Buen Tiempo;Múltiple;Ciclista;Colisión;Ninguna;Horizontal
5553;2021;28/7/2021;Miercoles;12:20:00;;0.0;2;Moto/Ciclomotor,Automóvil;Grandoli 4100;3;2;0;1;0;0;Avenida;ROSARIO;Rosario;Asfalto;No existe;II;Dentro;Urbana;Otra Señal;No existe;Intersección;Bueno;Buena;Diurna;Buen Tiempo;Múltiple;S/D;Colisión;Ninguna;Horizontal
5554;2021;28/7/2021;Miercoles;15:15:00;;0.0;2;Moto/Ciclomotor,Automóvil;Ayacucho 4300;3;2;0;1;0;0;Calle;ROSARIO;Rosario;Asfalto;No existe;II;Dentro;Urbana;Otra Señal;No existe;Intersección;Bueno;Buena;Diurna;Buen Tiempo;Múltiple;S/D;Colisión;Ninguna;Faltante
5555;2021;28/7/2021;Miercoles;06:40:00;Autopista Provincial Brigadier E.LÓPEZ;1.0;2;Automóvil,Moto/Ciclomotor; ;2;2;0;0;0;0;Autopista;ROSARIO;Rosario;Asfalto;Natural;II;Dentro;Urbana;Otra Señal;No existe;Intersección;Bueno;Reducida;Amanecer;Buen Tiempo;Múltiple;S/D;Colisión;Ninguna;Horizontal
5556;2021;28/7/2021;Miercoles;09:20:00;;0.0;2;Automóvil,Moto/Ciclomotor;Alberdi Y Bv. Avellaneda Bis;2;1;0;1;0;0;Avenida;ROSARIO;Rosario;Asfalto;No existe;II;Dentro;Urbana;Otra Señal;Funciona;Intersección;Bueno;S/D;Diurna;Buen Tiempo;Múltiple;S/D;Colisión;Ninguna;Horizontal,Vertical
5557;2021;28/7/2021;Miercoles;15:10:00;;0.0;2;Taxi/Remis,Moto/Ciclomotor;Amenábar Y Italia;2;1;0;1;0;0;Calle;ROSARIO;Rosario;Asfalto;No existe;II;Dentro;Urbana;Otra Señal;No existe;Intersección;Bueno;Buena;Diurna;Buen Tiempo;Múltiple;S/D;Colisión;Ninguna;Horizontal,Vertical
5558;2021;28/7/2021;Miercoles;;;0.0;2;Moto/Ciclomotor,Automóvil;Av. Freyre Y Salvador Caputo;2;1;0;1;0;0;Avenida;SANTA FE;La Capital;Asfalto;No existe;I;Dentro;Urbana;Otra Señal;Funciona;Intersección;Bueno;Buena;Diurna;Buen Tiempo;Múltiple;S/D;Colisión;Ninguna;Horizontal,Vertical
5559;2021;28/7/2021;Miercoles;11:50:00;;0.0;2;Taxi/Remis,Automóvil;Republica de Siria Y Lavaisse;2;1;0;1;0;0;Calle;SANTA FE;La Capital;Asfalto;No existe;I;Dentro;Urbana;Otra Señal;No existe;Intersección;Bueno;Buena;Diurna;Buen Tiempo;Múltiple;S/D;Colisión;Ninguna;Faltante
5560;2021;28/7/2021;Miercoles;08:30:00;;0.0;2;Moto/Ciclomotor,Automóvil;José Pedroni Y Roverano;2;1;0;1;0;0;Calle;SANTO TOMÉ;La Capital;Tierra;No existe;I;Dentro;Urbana;Otra Señal;No existe;Intersección;Bueno;Buena;Diurna;Buen Tiempo;Múltiple;S/D;Colisión;Ninguna;Faltante
5561;2021;28/7/2021;Miercoles;20:00:00;Ruta Provincial 2;0.0;2;Automóvil,Moto/Ciclomotor;Entre Ríos Y Ruta pcial 2 Av. San Martin;3;1;0;2;0;0;Ruta;MONTE VERA;La Capital;Asfalto;Ripio;I;Dentro;Urbana;Otra Señal;Funciona;Intersección;Bueno;Buena;Nocturna,Con luz artificial;Buen Tiempo;Múltiple;S/D;Colisión;Ninguna;Horizontal,Vertical
5562;2021;28/7/2021;Miercoles;08:50:00;;0.0;2;Bicicleta,Automóvil;Buenos Aires Y Sgto. Cabral;2;1;0;1;0;0;Calle;PUERTO SAN MARTÍN;San Lorenzo;Asfalto;No existe;XVII;Dentro;Urbana;Otra Señal;No existe;Intersección;Bueno;Buena;Diurna;Buen Tiempo;Múltiple;Ciclista;Colisión;Ninguna;Horizontal
5563;2021;28/7/2021;Miercoles;03:00:00;Ruta Nacional 11;893.0;1;Automóvil; ;1;1;0;0;0;0;Ruta;LAS TOSCAS;General Obligado;Asfalto;Natural;IX;Dentro;Rural;Otra Señal;No existe;Intersección;Bueno;Reducida;Nocturna;Buen Tiempo;Múltiple;S/D;Colisión;Ninguna;Horizontal
5564;2021;28/7/2021;Miercoles;13:00:00;;0.0;2;Automóvil,Peatón;Junín Y Formosa;2;1;0;0;0;1;Calle;ROSARIO;Constitución;S/D;S/D;II;S/D;Urbana;Otra Señal;S/D;Intersección;S/D;S/D;Diurna;S/D;Múltiple;Peatón;Colisión;S/D;S/D
5565;2021;28/7/2021;Miercoles;20:00:00;;0.0;1;Moto/Ciclomotor;Bv. Seguí Y Sarmiento;1;1;0;0;0;0;Avenida;ROSARIO;Constitución;S/D;S/D;II;S/D;S/D;Otra Señal;S/D;Intersección;S/D;S/D;Nocturna;S/D;Múltiple;S/D;Colisión;S/D;S/D
5566;2021;28/7/2021;Miercoles;07:00:00;;0.0;2;Automóvil,Automóvil;Brown Y Mariano Moreno;2;1;0;0;0;1;Calle;ROSARIO;Constitución;S/D;S/D;II;S/D;Urbana;Otra Señal;S/D;Intersección;S/D;S/D;Nocturna;S/D;Múltiple;S/D;Colisión;S/D;S/D
5567;2021;28/7/2021;Miercoles;11:00:00;;0.0;1;Automóvil;Av. Ovidio Lagos Y Bv. Seguí;2;1;0;0;0;1;Avenida;ROSARIO;Constitución;S/D;S/D;II;S/D;S/D;Otra Señal;S/D;Intersección;S/D;S/D;Diurna;S/D;Múltiple;S/D;Colisión;S/D;S/D
5568;2021;28/7/2021;Miercoles;10:50:00;;0.0;2;Moto/Ciclomotor,Automóvil;Ameghino Y San Martin;2;0;0;1;0;0;Avenida;ROSARIO;Constitución;Asfalto;No existe;II;Dentro;Urbana;Otra Señal;Funciona;Intersección;Bueno;Buena;Diurna;Buen Tiempo;Múltiple;S/D;Colisión;Ninguna;Vertical
5569;2021;28/7/2021;Miercoles;17:05:00;;0.0;2;Moto/Ciclomotor,Moto/Ciclomotor;Moreno Y Paso de los Andes;2;1;0;0;0;0;Calle;LAS ROSAS;Constitución;Asfalto;No existe;III;Dentro;Urbana;Otra Señal;No existe;Intersección;Bueno;Buena;Diurna;Buen Tiempo;Múltiple;S/D;Colisión;Ninguna;Faltante
5570;2021;28/7/2021;Miercoles;08:30:00;Autopista Nacional A012;64.0;2;Automóvil,Moto/Ciclomotor; ;2;0;0;1;0;0;Autopista;SAN LORENZO;Constitución;Asfalto;No existe;I;Dentro;Urbana;Otra Señal;No existe;Intersección;Bueno;Buena;Diurna;Buen Tiempo;Múltiple;S/D;Colisión;Ninguna;Horizontal
5571;2021;28/7/2021;Miercoles;19:10:00;;0.0;2;Automóvil,Moto/Ciclomotor; ;2;0;0;1;0;0;S/D;ROSARIO;Constitución;S/D;S/D;II;S/D;S/D;Otra Señal;S/D;Intersección;S/D;S/D;S/D;S/D;Múltiple;S/D;Colisión;S/D;S/D
5572;2021;28/7/2021;Miercoles;09:20:00;;0.0;2;Camión Chasis,Camión Chasis; ;2;0;0;1;0;0;S/D;CENTENO;Constitución;Asfalto;Natural;XV;S/D;S/D;Otra Señal;No existe;Intersección;Bueno;Buena;Diurna;S/D;Múltiple;S/D;Colisión;Ninguna;Horizontal
5573;2021;29/7/2021;Jueves;16:35:00;Ruta Nacional 7;429.0;2;Moto/Ciclomotor,Camión c / Semirremolque;Ruta Nacional 7 ;2;0;0;1;1;0;Ruta;RUFINO;General LÓPEZ;Asfalto;S/D;VIII;S/D;Rural;Otra Señal;No existe;Intersección;Bueno;Reducida humo;Diurna;Buen Tiempo;Múltiple;S/D;Colisión;Ninguna;Faltante
5574;2021;29/7/2021;Jueves;21:50:00;;0.0;2;Moto/Ciclomotor,Moto/Ciclomotor;Bv. Avellaneda Bis Y G.Carrasco;2;1;0;1;0;0;Avenida;ROSARIO;Rosario;Asfalto;No existe;II;Dentro;Urbana;Otra Señal;Funciona;Intersección;Bueno;S/D;Nocturna;Buen Tiempo;Múltiple;S/D;Colisión;Ninguna;Horizontal,Vertical
5575;2021;29/7/2021;Jueves;;;0.0;2;Pickup/Utilitario,Moto/Ciclomotor;9 de Julio Y P P Sellares;2;1;0;1;0;0;Calle;HELVECIA;Garay;Asfalto;No existe;VII;Dentro;Urbana;Otra Señal;No existe;Intersección;Bueno;Buena;Diurna;Buen Tiempo;Múltiple;S/D;Colisión;Ninguna;Faltante
5576;2021;29/7/2021;Jueves;13:25:00;;0.0;2;Automóvil,Moto/Ciclomotor;Chile Y Rivadavia;6;1;0;5;0;0;Calle;ARMSTRONG;Belgrano;Asfalto;No existe;III;Dentro;Urbana;Otra Señal;No existe;Intersección;Bueno;Buena;Diurna;Buen Tiempo;Múltiple;S/D;Colisión;Ninguna;Faltante
5577;2021;29/7/2021;Jueves;19:20:00;;0.0;2;Moto/Ciclomotor,Automóvil;Donado Y Morrison;3;2;0;1;0;0;Calle;ROSARIO;Rosario;Asfalto;No existe;II;Dentro;Urbana;Otra Señal;No existe;Intersección;Bueno;Buena;Atardecer;Buen Tiempo;Múltiple;S/D;Colisión;Ninguna;Vertical
5578;2021;29/7/2021;Jueves;13:50:00;;0.0;2;Pickup/Utilitario,Bicicleta;Av. Francia Y Viamonte;4;1;0;3;0;0;Avenida;ROSARIO;Rosario;Asfalto;No existe;II;Dentro;Urbana;Otra Señal;No existe;Intersección;Bueno;Buena;Diurna;Buen Tiempo;Múltiple;Ciclista;Colisión;Ninguna;Horizontal
5579;2021;29/7/2021;Jueves;13:30:00;;0.0;2;Pickup/Utilitario,Automóvil;Alberti Y J M Zuviria;2;0;0;0;0;2;Calle;SANTA FE;La Capital;Asfalto;No existe;I;Dentro;Urbana;Otra Señal;No existe;Intersección;Bueno;Buena;Diurna;Buen Tiempo;Múltiple;S/D;Colisión;Ninguna;Horizontal
5580;2021;29/7/2021;Jueves;08:20:00;;0.0;2;Automóvil,Automóvil;Dorrego Y José Ingenieros;3;2;0;1;0;0;Calle;SAN LORENZO;San Lorenzo;Asfalto;No existe;XVII;Dentro;Urbana;Otra Señal;No existe;Intersección;Bueno;Buena;Diurna;Buen Tiempo;Múltiple;S/D;Colisión;Ninguna;Faltante
5581;2021;29/7/2021;Jueves;14:55:00;;0.0;2;Automóvil,Moto/Ciclomotor;Alvear Y Monteagudo;2;1;0;1;0;0;Calle;FRAY LUIS BELTRÁN;San Lorenzo;Asfalto;No existe;XVII;Dentro;Urbana;Otra Señal;No existe;Intersección;Bueno;Buena;Diurna;Buen Tiempo;Múltiple;S/D;Colisión;Ninguna;Faltante
5582;2021;29/7/2021;Jueves;04:05:00;Ruta Nacional 34;24.0;1;Camión c / Acoplado; ;1;1;0;0;0;0;Ruta;LUIS PALACIOS;San Lorenzo;Asfalto;Natural;XVII;Fuera;Rural;Otra Señal;No existe;Intersección;Bueno;Reducida;Nocturna;Buen Tiempo;Múltiple;S/D;Colisión;Ninguna;Faltante
5583;2021;29/7/2021;Jueves;19:10:00;Ruta Nacional 11;0.0;2;Automóvil,Moto/Ciclomotor;España Y Ruta Nac 11;3;1;0;2;0;0;Ruta;TIMBÚES;San Lorenzo;Asfalto;Ripio;XVII;Dentro;Urbana;Otra Señal;No existe;Intersección;Bueno;Buena;Nocturna;Buen Tiempo;Múltiple;S/D;Colisión;Ninguna;Faltante
5584;2021;29/7/2021;Jueves;19:15:00;Ruta Nacional 11;0.0;2;Automóvil,Moto/Ciclomotor;1ro de Mayo Y Ruta Nacional 11;3;2;0;1;0;0;Ruta;SAN JUSTO;San Justo;Asfalto;Pavimento;XVI;Dentro;Urbana;Otra Señal;No existe;Intersección;Bueno;Buena;Nocturna;Buen Tiempo;Múltiple;S/D;Colisión;Ninguna;Horizontal
5585;2021;29/7/2021;Jueves;11:10:00;;0.0;1;Moto/Ciclomotor;E Zevallos Y Nazareno C Rossi;1;1;0;0;0;0;Calle;GÁLVEZ;San JERÓNIMO;S/D;No existe;XV;Dentro;Urbana;Otra Señal;S/D;Intersección;S/D;S/D;Diurna;S/D;Múltiple;S/D;Colisión;S/D;Faltante
5586;2021;29/7/2021;Jueves;17:20:00;;0.0;2;Moto/Ciclomotor,Automóvil;Calle 11 Y Calle 26;4;1;0;3;0;0;Calle;LAS PAREJAS;Belgrano;Asfalto;No existe;III;Dentro;Urbana;Otra Señal;No existe;Intersección;Bueno;Buena;Diurna;Buen Tiempo;Múltiple;S/D;Colisión;Ninguna;Faltante
5587;2021;29/7/2021;Jueves;17:00:00;;0.0;2;Moto/Ciclomotor,Automóvil;J.Colombres Y Rivarola;2;1;0;1;0;0;Avenida;ROSARIO;Rosario;Asfalto;No existe;II;Dentro;Urbana;Otra Señal;No existe;Intersección;Bueno;Buena;Diurna;Buen Tiempo;Múltiple;S/D;Colisión;Ninguna;Horizontal
5588;2021;29/7/2021;Jueves;17:40:00;;0.0;2;Moto/Ciclomotor,Moto/Ciclomotor; ;3;1;0;2;0;0;S/D;SANTA FE;La Capital;S/D;S/D;I;S/D;S/D;Otra Señal;S/D;Intersección;S/D;S/D;Diurna;S/D;Múltiple;S/D;Colisión;S/D;S/D
5589;2021;29/7/2021;Jueves;09:00:00;;0.0;2;Automóvil,Moto/Ciclomotor;Moreno Y Ocampo;2;1;0;1;0;0;Calle;CAÑADA DE GÓMEZ;Iriondo;Asfalto;No existe;X;Dentro;Urbana;Otra Señal;No existe;Intersección;S/D;S/D;Diurna;S/D;Múltiple;S/D;Colisión;S/D;Faltante
5590;2021;29/7/2021;Jueves;09:00:00;Ruta Nacional 11;0.0;2;Moto/Ciclomotor,Automóvil;BV. HIPÓLITO YRIGOYEN Y IRENEO FACCIOLI;2;1;0;1;0;0;Ruta;RECONQUISTA;General Obligado;Asfalto;No existe;IX;Dentro;Urbana;Otra Señal;No existe;Intersección;S/D;S/D;Diurna;S/D;Múltiple;S/D;Colisión;S/D;Horizontal,Vertical
5591;2021;29/7/2021;Jueves;10:50:00;;0.0;2;Automóvil,Bicicleta;Calle 20 9 de Julio Y Calle 47-Islas Malvinas;2;1;0;1;0;0;Calle;RECONQUISTA;General Obligado;Asfalto;No existe;IX;Dentro;Urbana;Otra Señal;No existe;Intersección;S/D;S/D;Diurna;S/D;Múltiple;Ciclista;Colisión;S/D;Faltante
5592;2021;29/7/2021;Jueves;14:30:00;;0.0;2;Moto/Ciclomotor,Automóvil;Venezuela Y Lito Gonella;4;2;0;2;0;0;Calle;ESPERANZA;Las Colonias;Asfalto;No existe;XI;Dentro;Urbana;Otra Señal;No existe;Intersección;Bueno;Buena;Diurna;Buen Tiempo;Múltiple;S/D;Colisión;Ninguna;Horizontal
5593;2021;29/7/2021;Jueves;22:30:00;;0.0;1;Otros; ;1;0;0;0;1;0;S/D;ROSARIO;Constitución;S/D;S/D;II;S/D;S/D;Otra Señal;S/D;Intersección;S/D;S/D;Nocturna;S/D;Múltiple;S/D;Colisión;S/D;S/D
5594;2021;29/7/2021;Jueves;16:00:00;;0.0;2;Automóvil,Bicicleta;Rivarola Y J.Colombres;2;1;0;0;0;1;Calle;ROSARIO;Constitución;S/D;S/D;II;S/D;Urbana;Otra Señal;S/D;Intersección;S/D;S/D;Diurna;S/D;Múltiple;Ciclista;Colisión;S/D;S/D
5595;2021;29/7/2021;Jueves;17:30:00;;0.0;1;Moto/Ciclomotor;Mendoza Y Pascual Rosas;1;1;0;0;0;0;Calle;ROSARIO;Constitución;S/D;S/D;II;S/D;S/D;Otra Señal;S/D;Intersección;S/D;S/D;Diurna;S/D;Múltiple;S/D;Colisión;S/D;S/D