ID_Accidente;A�o;Fecha;Dia;Hopra;Ruta/Autop;km;Participantes;Tipo;Lugar;Total;Heridos Leves;Heridos Graves;Ilesos;Fallecidos;Sin datos;desc_tipo_via;desc_loc;desc_dpto;|;desc_tipo_banquina;desc_unidad_regional;desc_lugar_calzada;desc_zona;desc_prioridad;desc_estado_semaforo;desc_lugar_via;desc_estado_via;desc_estado_visibilidad;desc_luminosidad;desc_estado_clima;desc_tipo_colision;desc_tipo_atropello;desc_tipo_hecho;desc_pres_calzada;desc_senializacion
5596;2021;29/7/2021;Jueves;10:15:00;;0.0;2;Moto/Ciclomotor,Pickup/Utilitario;Av. Uriburu Y Paraguay;2;0;0;1;0;0;Avenida;ROSARIO;Constitución;Asfalto;No existe;II;Dentro;Urbana;Otra Señal;No existe;Intersección;Bueno;Buena;Diurna;Buen Tiempo;Múltiple;S/D;Colisión;Ninguna;Horizontal
5597;2021;29/7/2021;Jueves;09:00:00;;0.0;1;Moto/Ciclomotor;Crespo Y Montevideo;1;0;0;0;0;0;Calle;ROSARIO;Rosario;Asfalto;No existe;II;Dentro;Urbana;Otra Señal;No existe;Intersección;S/D;S/D;Diurna;S/D;Múltiple;S/D;Colisión;S/D;Vertical
5598;2021;30/7/2021;Viernes;20:30:00;Autovía Nacional 19;4.0;1;Automóvil; ;1;0;0;0;1;0;Autovía;SANTO TOMÉ;La Capital;Asfalto;Pavimento;I;S/D;Rural;Otra Señal;No existe;Intersección;Bueno;Buena;Nocturna;Buen Tiempo;Múltiple;S/D;Colisión;Ninguna;Horizontal
5599;2021;30/7/2021;Viernes;18:20:00;;0.0;2;Moto/Ciclomotor,Bicicleta;25 de Mayo Y Juan José Paso;2;1;0;1;0;0;Calle;HUMBOLDT;Las Colonias;Asfalto;No existe;XI;Dentro;Urbana;Otra Señal;No existe;Intersección;Bueno;Buena;Atardecer;Buen Tiempo;Múltiple;Ciclista;Colisión;Ninguna;Faltante
5600;2021;30/7/2021;Viernes;09:20:00;Ruta Provincial 65;73.0;2;Camión c / Acoplado,Pickup/Utilitario; ;2;1;0;1;0;0;Ruta;LAS ROSAS;Belgrano;Asfalto;Ripio;III;Dentro;Urbana;Otra Señal;No existe;Intersección;Bueno;Buena;Diurna;Buen Tiempo;Múltiple;S/D;Colisión;Ninguna;Horizontal,Vertical
5601;2021;30/7/2021;Viernes;18:45:00;;0.0;2;Automóvil,Moto/Ciclomotor;Av. San Martin Y D Gurel;2;1;0;1;0;0;Avenida;SAN LORENZO;San Lorenzo;Asfalto;No existe;XVII;Dentro;Urbana;Otra Señal;No existe;Intersección;Bueno;Buena;Diurna;Buen Tiempo;Múltiple;S/D;Colisión;Ninguna;Vertical
5602;2021;30/7/2021;Viernes;10:10:00;Ruta Nacional 11;0.0;2;Automóvil,Automóvil;Av. San Martin Y Avda. Roque Sáenz PEÑA;3;1;0;2;0;0;Ruta;FRAY LUIS BELTRÁN;San Lorenzo;Asfalto;No existe;XVII;Dentro;Urbana;Otra Señal;No existe;Intersección;Bueno;Buena;Diurna;Buen Tiempo;Múltiple;S/D;Colisión;Ninguna;Horizontal
5603;2021;30/7/2021;Viernes;21:10:00;;0.0;2;Moto/Ciclomotor,Moto/Ciclomotor;Calle 25-Rivadavia Y Calle 32 - Amenábar;3;1;0;2;0;0;Calle;RECONQUISTA;General Obligado;Asfalto;No existe;IX;Dentro;Urbana;Otra Señal;No existe;Intersección;Bueno;Buena;Nocturna;Buen Tiempo;Múltiple;S/D;Colisión;Ninguna;Faltante
5604;2021;30/7/2021;Viernes;03:15:00;Ruta Nacional 11;562.0;2;Camión,Transporte de Pasajeros Larga Distancia (Doble Piso); ;61;1;0;60;0;0;Ruta;SAN JUSTO;San Justo;Asfalto;Natural;XVI;Dentro;Urbana;Otra Señal;No existe;Intersección;Bueno;Buena;Nocturna;Buen Tiempo;Múltiple;S/D;Colisión;Ninguna;Horizontal
5605;2021;30/7/2021;Viernes;;;0.0;2;Pickup/Utilitario,Moto/Ciclomotor; ;2;1;0;1;0;0;S/D;CALCHAQUÍ;Vera;S/D;S/D;XIX;S/D;S/D;Otra Señal;S/D;Intersección;S/D;S/D;S/D;S/D;Múltiple;S/D;Colisión;S/D;S/D
5606;2021;30/7/2021;Viernes;14:20:00;Ruta Secundaria 40-s;0.0;1;Moto/Ciclomotor; ;1;1;0;0;0;0;Ruta;FORTÍN OLMOS;Vera;Asfalto;S/D;XIX;Dentro;Rural;Otra Señal;S/D;Intersección;S/D;S/D;Diurna;S/D;Múltiple;S/D;Colisión;S/D;S/D
5607;2021;30/7/2021;Viernes;20:40:00;;0.0;2;Automóvil,Moto/Ciclomotor;Buenos Aires Y Independencia;2;1;0;1;0;0;Calle;CAÑADA ROSQUÍN;San MARTÍN;Asfalto;No existe;XVIII;Dentro;Urbana;Otra Señal;No existe;Intersección;Bueno;Buena;Diurna;Buen Tiempo;Múltiple;S/D;Colisión;Ninguna;Faltante
5608;2021;30/7/2021;Viernes;14:20:00;;0.0;2;Automóvil,Moto/Ciclomotor;Luis Borghi Y Irigoyen;3;1;0;2;0;0;Calle;SAN LORENZO;San Lorenzo;Asfalto;No existe;XVII;Dentro;Urbana;Otra Señal;No existe;Intersección;Bueno;S/D;Diurna;Buen Tiempo;Múltiple;S/D;Colisión;Ninguna;Vertical
5609;2021;30/7/2021;Viernes;23:30:00;Ruta Nacional 11;0.0;2;Pickup/Utilitario,Moto/Ciclomotor;Av. L de la Torre-Ruta Nac 11 ;2;1;0;1;0;0;Ruta;CORONDA;San JERÓNIMO;Asfalto;Pavimento;XV;Dentro;Urbana;Otra Señal;No existe;Intersección;Bueno;Buena;Nocturna;Buen Tiempo;Múltiple;S/D;Colisión;Ninguna;Horizontal
5610;2021;30/7/2021;Viernes;17:30:00;;0.0;1;Transporte de Pasajeros Urbano (> 8 asientos);Av. J J Paso Y Saavedra;2;1;0;1;0;0;Avenida;SANTA FE;La Capital;Asfalto;No existe;I;Dentro;Urbana;Otra Señal;No existe;Intersección;Bueno;S/D;Diurna;S/D;Múltiple;S/D;Colisión;Ninguna;Horizontal
5611;2021;30/7/2021;Viernes;09:43:00;;0.0;1;Moto/Ciclomotor;López Y Miguel de Azcuénaga;1;1;0;0;0;0;Calle;VENADO TUERTO;General LÓPEZ;Asfalto;No existe;VIII;Dentro;Urbana;Otra Señal;No existe;Intersección;S/D;S/D;Diurna;S/D;Múltiple;S/D;Colisión;S/D;Faltante
5612;2021;30/7/2021;Viernes;12:31:00;;0.0;1;Otros;Neuquén 700;1;1;0;0;0;0;Calle;VENADO TUERTO;General LÓPEZ;Tierra;No existe;VIII;Dentro;Urbana;Otra Señal;No existe;Intersección;S/D;S/D;Diurna;S/D;Múltiple;S/D;Colisión;S/D;Faltante
5613;2021;30/7/2021;Viernes;19:22:00;;0.0;1;Moto/Ciclomotor;Caparros R Y San Lorenzo;1;1;0;0;0;0;Calle;VENADO TUERTO;General LÓPEZ;Tierra;No existe;VIII;Dentro;Urbana;Otra Señal;No existe;Intersección;S/D;S/D;Nocturna;S/D;Múltiple;S/D;Colisión;S/D;Faltante
5614;2021;30/7/2021;Viernes;21:25:00;;0.0;2;Automóvil,Automóvil;Gral. Manuel Belgrano Y Maipú;2;1;0;1;0;0;Calle;VENADO TUERTO;General LÓPEZ;Asfalto;No existe;VIII;Dentro;Urbana;Otra Señal;No existe;Intersección;S/D;S/D;Nocturna;S/D;Múltiple;S/D;Colisión;S/D;Vertical
5615;2021;30/7/2021;Viernes;07:30:00;;0.0;1;Moto/Ciclomotor;España Y Córdoba;1;1;0;0;0;0;Calle;ROSARIO;Constitución;S/D;S/D;II;S/D;Urbana;Otra Señal;S/D;Intersección;S/D;S/D;Diurna;S/D;Múltiple;S/D;Colisión;S/D;S/D
5616;2021;30/7/2021;Viernes;00:00:00;;0.0;1;Moto/Ciclomotor; ;1;1;0;0;0;0;S/D;ROSARIO;Constitución;S/D;S/D;II;S/D;S/D;Otra Señal;S/D;Intersección;S/D;S/D;Nocturna;S/D;Múltiple;S/D;Colisión;S/D;S/D
5617;2021;30/7/2021;Viernes;18:00:00;;0.0;1;Moto/Ciclomotor;PJE 6 Y RICHERI;1;1;0;0;0;0;Calle;ROSARIO;Constitución;S/D;S/D;II;S/D;Urbana;Otra Señal;S/D;Intersección;S/D;S/D;Atardecer;S/D;Múltiple;S/D;Colisión;S/D;S/D
5618;2021;30/7/2021;Viernes;17:23:00;;0.0;2;Automóvil,Moto/Ciclomotor;Dorrego Y Rueda;2;1;0;0;0;1;Calle;ROSARIO;Constitución;S/D;S/D;II;S/D;Urbana;Otra Señal;S/D;Intersección;S/D;S/D;Diurna;S/D;Múltiple;S/D;Colisión;S/D;S/D
5619;2021;30/7/2021;Viernes;20:30:00;Ruta Provincial 2;14.0;3;Automóvil,Moto/Ciclomotor,Moto/Ciclomotor; ;9;3;0;5;0;0;Ruta;MONTE VERA;Constitución;Asfalto;Ripio;I;Dentro;Rural;Otra Señal;No existe;Intersección;Bueno;Buena;Nocturna;Buen Tiempo;Múltiple;S/D;Colisión;Ninguna;Horizontal
5620;2021;30/7/2021;Viernes;14:45:00;;0.0;2;Moto/Ciclomotor,Automóvil;Santiago del Estero Y Sargento Cabral;2;0;0;1;0;0;Calle;SAN LORENZO;Constitución;Asfalto;No existe;XVII;Dentro;Urbana;Otra Señal;Funciona;Intersección;Bueno;Buena;Diurna;Buen Tiempo;Múltiple;S/D;Colisión;Ninguna;Vertical
5621;2021;30/7/2021;Viernes;;;0.0;2;Moto/Ciclomotor,Pickup/Utilitario; ;2;0;0;1;0;0;S/D;ESPERANZA;Constitución;S/D;S/D;XV;S/D;S/D;Otra Señal;S/D;Intersección;S/D;S/D;S/D;S/D;Múltiple;S/D;Colisión;S/D;S/D
5622;2021;30/7/2021;Viernes;16:30:00;;0.0;2;Automóvil,Moto/Ciclomotor;Hernandarias Y Noceda;3;0;0;1;0;0;Calle;VIDELA;San Justo;Tierra;Natural;XVI;Dentro;Urbana;Otra Señal;No existe;Intersección;Bueno;Buena;Diurna;Buen Tiempo;Múltiple;S/D;Colisión;Ninguna;Faltante
5623;2021;31/7/2021;Sabado;01:40:00;Autopista Nacional Rosario -Cordoba;337.5;1;Moto/Ciclomotor;Ruta Nac 9 ;1;0;0;0;1;0;Autopista;CARCARAÑÁ;San Lorenzo;Asfalto;Pavimento;XVII;S/D;Rural;Otra Señal;No existe;Intersección;Bueno;Reducida;Nocturna;Buen Tiempo;S/D;S/D;Colisión;Ninguna;S/D
5624;2021;31/7/2021;Sabado;17:50:00;;0.0;2;Automóvil,Moto/Ciclomotor;Saavedra ;2;1;0;1;0;0;Calle;TOSTADO;9 de Julio;Asfalto;No existe;XII;Dentro;Urbana;Otra Señal;Funciona;Intersección;Bueno;Buena;Diurna;Buen Tiempo;Múltiple;S/D;Colisión;Ninguna;Vertical
5625;2021;31/7/2021;Sabado;21:00:00;;0.0;2;Moto/Ciclomotor,Moto/Ciclomotor;9 de Julio Y Saavedra;2;1;0;0;0;1;Calle;ESPERANZA;Las Colonias;Asfalto;No existe;XI;Dentro;Urbana;Otra Señal;No existe;Intersección;Bueno;Buena;Nocturna,Con luz artificial;Buen Tiempo;Múltiple;S/D;Colisión;Ninguna;Faltante
5626;2021;31/7/2021;Sabado;22:00:00;;0.0;1;Moto/Ciclomotor;Av. Los Colonizadores Y Dr. Romang;1;0;0;0;0;0;Avenida;ESPERANZA;Las Colonias;Asfalto;No existe;XI;Dentro;Urbana;Otra Señal;No existe;Intersección;Bueno;Buena;Nocturna,Con luz artificial;Buen Tiempo;Múltiple;S/D;Colisión;Ninguna;Faltante
5627;2021;31/7/2021;Sabado;18:30:00;Ruta Provincial 6;0.0;2;Automóvil,Automóvil;Paso Vinal ;7;7;0;0;0;0;Ruta;ESPERANZA;Las Colonias;Asfalto;Ripio;XI;Dentro;Urbana;Otra Señal;No existe;Intersección;Bueno;Buena;Diurna;Buen Tiempo;Múltiple;S/D;Colisión;Ninguna;Horizontal,Vertical
5628;2021;31/7/2021;Sabado;14:00:00;Ruta Provincial 15;0.0;2;Moto/Ciclomotor,Automóvil;Conrado Schaer ;3;1;0;2;0;0;Ruta;ARMSTRONG;Belgrano;Asfalto;No existe;III;Dentro;Urbana;Otra Señal;No existe;Intersección;Bueno;Buena;Atardecer;Buen Tiempo;Múltiple;S/D;Colisión;Ninguna;Horizontal
5629;2021;31/7/2021;Sabado;17:45:00;;0.0;2;Bicicleta,Pickup/Utilitario;Av. Gral. Paz 6000;2;1;0;1;0;0;Avenida;SANTA FE;La Capital;Asfalto;No existe;I;Dentro;Urbana;Otra Señal;No existe;Intersección;Bueno;Buena;Diurna;Buen Tiempo;Múltiple;Ciclista;Colisión;Ninguna;Faltante
5630;2021;31/7/2021;Sabado;;;0.0;2;Pickup/Utilitario,Moto/Ciclomotor;Aromos Y Petunias;3;2;0;1;0;0;Calle;SAUCE VIEJO;La Capital;Ripio;Ripio;I;Dentro;Urbana;Otra Señal;No existe;Intersección;Bueno;Buena;Atardecer;Buen Tiempo;Múltiple;S/D;Colisión;Ninguna;S/D
5631;2021;31/7/2021;Sabado;18:50:00;;0.0;2;Taxi/Remis,Moto/Ciclomotor;B de Astrada Y C Escalada;2;1;0;1;0;0;Calle;SAN LORENZO;San Lorenzo;Asfalto;No existe;XVII;Dentro;Urbana;Otra Señal;No existe;Intersección;Bueno;Buena;Diurna;Buen Tiempo;Múltiple;S/D;Colisión;Ninguna;Faltante
5632;2021;31/7/2021;Sabado;15:15:00;Ruta Nacional 9;0.0;2;Moto/Ciclomotor,Camión c / Acoplado;Buenos Aires Y Catamarca;2;1;0;1;0;0;Ruta;ROLDÁN;San Lorenzo;Asfalto;Ripio;XVII;Dentro;Urbana;Otra Señal;Funciona;Intersección;Bueno;Buena;Diurna;Buen Tiempo;Múltiple;S/D;Colisión;Ninguna;Horizontal,Vertical
5633;2021;31/7/2021;Sabado;16:50:00;Ruta Nacional 33;0.0;2;Automóvil,Moto/Ciclomotor;Av. Las Palmeras Y Ruta Nac 33;2;1;0;1;0;0;Ruta;PEREZ;Rosario;Asfalto;Pavimento;II;Dentro;Urbana;Otra Señal;Funciona;Intersección;Bueno;Buena;Diurna;Buen Tiempo;Múltiple;S/D;Colisión;Ninguna;Vertical
5634;2021;31/7/2021;Sabado;17:45:00;;0.0;2;Bicicleta,Automóvil;Calle 19-Habegger Y Roca Pte.;2;1;0;1;0;0;Calle;RECONQUISTA;General Obligado;Asfalto;No existe;IX;Dentro;Urbana;Otra Señal;No existe;Intersección;Bueno;Buena;Diurna;Buen Tiempo;Múltiple;Ciclista;Colisión;Ninguna;Horizontal
5635;2021;31/7/2021;Sabado;16:00:00;;0.0;1;Transporte de Pasajeros Urbano (> 8 asientos);Av. San José De Calasanz Y Ugarte;2;1;0;1;0;0;Avenida;ROSARIO;Rosario;Asfalto;No existe;II;Dentro;Urbana;Otra Señal;No existe;Intersección;Bueno;Buena;Diurna;Buen Tiempo;Múltiple;S/D;Colisión;Ninguna;Faltante
5636;2021;31/7/2021;Sabado;21:10:00;;0.0;2;Moto/Ciclomotor,Automóvil;Nicaragua Y White;2;1;0;1;0;0;Calle;ROSARIO;Rosario;Asfalto;No existe;II;Dentro;Urbana;Otra Señal;No existe;Intersección;Bueno;Buena;Diurna;Buen Tiempo;Múltiple;S/D;Colisión;Ninguna;Faltante
5637;2021;31/7/2021;Sabado;19:30:00;;0.0;2;Otros,Moto/Ciclomotor; ;2;1;0;1;0;0;S/D;GABOTO;San JERÓNIMO;S/D;S/D;XV;Dentro;Urbana;Otra Señal;S/D;Intersección;S/D;S/D;Nocturna;S/D;Múltiple;S/D;Colisión;S/D;S/D
5638;2021;31/7/2021;Sabado;20:50:00;;0.0;2;Automóvil,Moto/Ciclomotor;Belgrano Y Cnel. Rodríguez;3;1;0;2;0;0;Calle;CORONDA;San JERÓNIMO;Asfalto;No existe;XV;Dentro;Urbana;Otra Señal;No existe;Intersección;Bueno;Buena;Nocturna;S/D;Múltiple;S/D;Colisión;Ninguna;Faltante
5639;2021;31/7/2021;Sabado;21:20:00;;0.0;2;Automóvil,Moto/Ciclomotor;Belgrano Y French y Berutti;2;1;0;1;0;0;Calle;CORONDA;San JERÓNIMO;Asfalto;No existe;XV;Dentro;Urbana;Otra Señal;No existe;Intersección;Bueno;Buena;Nocturna;Buen Tiempo;Múltiple;S/D;Colisión;Ninguna;Faltante
5640;2021;31/7/2021;Sabado;11:50:00;;0.0;2;Moto/Ciclomotor,Automóvil;Calle 16 Gral. Obligado 950;3;1;0;2;0;0;Calle;RECONQUISTA;General Obligado;Asfalto;No existe;IX;Dentro;Urbana;Otra Señal;No existe;Intersección;S/D;S/D;Diurna;S/D;Múltiple;S/D;Colisión;S/D;Faltante
5641;2021;31/7/2021;Sabado;12:00:00;Ruta Provincial 70;0.0;2;Moto/Ciclomotor,Moto/Ciclomotor;Bv Santa Fe Y Gaboto;3;1;0;2;0;0;Ruta;RAFAELA;Castellanos;Asfalto;No existe;V;Dentro;Urbana;Otra Señal;No existe;Intersección;S/D;S/D;Diurna;S/D;Múltiple;S/D;Colisión;S/D;Faltante
5642;2021;31/7/2021;Sabado;16:20:00;;0.0;2;Pickup/Utilitario,Moto/Ciclomotor;AVENIDA EVA PERÓN Y DOMINGO PARDAL ;2;1;0;1;0;0;Avenida;VENADO TUERTO;General LÓPEZ;Asfalto;No existe;VIII;Dentro;Urbana;Otra Señal;No existe;Intersección;S/D;S/D;Diurna;S/D;Múltiple;S/D;Colisión;S/D;Faltante
5643;2021;31/7/2021;Sabado;12:00:00;;0.0;2;Moto/Ciclomotor,Automóvil;E Eterovich Y Falucho;2;1;0;1;0;0;Calle;VENADO TUERTO;General LÓPEZ;Tierra;No existe;VIII;Dentro;Urbana;Otra Señal;No existe;Intersección;S/D;S/D;Diurna;S/D;Múltiple;S/D;Colisión;S/D;Faltante
5644;2021;31/7/2021;Sabado;11:50:00;;0.0;2;Moto/Ciclomotor,Automóvil;Carlos Pellegrini Y España;2;1;0;1;0;0;Calle;VENADO TUERTO;General LÓPEZ;Asfalto;No existe;VIII;Dentro;Urbana;Otra Señal;No existe;Intersección;S/D;S/D;Diurna;S/D;Múltiple;S/D;Colisión;S/D;Faltante
5645;2021;31/7/2021;Sabado;14:20:00;;0.0;2;Moto/Ciclomotor,Pickup/Utilitario;Larrea 900;2;1;0;1;0;0;Calle;SAN JOSÉ DE LA ESQUINA;Constitución;S/D;No existe;IV;Dentro;Urbana;Otra Señal;No existe;Intersección;Bueno;Buena;Diurna;Buen Tiempo;Múltiple;S/D;Colisión;S/D;Faltante
5646;2021;31/7/2021;Sabado;20:30:00;;0.0;2;Automóvil,Bicicleta;Centeno Y Iriondo;2;1;0;0;0;1;Calle;ROSARIO;Constitución;S/D;S/D;II;S/D;Urbana;Otra Señal;S/D;Intersección;S/D;S/D;Nocturna;S/D;Múltiple;Ciclista;Colisión;S/D;S/D
5647;2021;31/7/2021;Sabado;13:40:00;;0.0;1;Moto/Ciclomotor;Uruguay 100;1;1;0;0;0;0;Calle;ROSARIO;Constitución;S/D;S/D;II;S/D;Urbana;Otra Señal;S/D;Intersección;S/D;S/D;Diurna;S/D;Múltiple;S/D;Colisión;S/D;S/D
5648;2021;31/7/2021;Sabado;18:00:00;;0.0;1;Moto/Ciclomotor;Av. Ovidio Lagos Y Tucumán;1;1;0;0;0;0;Avenida;ROSARIO;Constitución;S/D;S/D;II;S/D;Urbana;Otra Señal;S/D;Intersección;S/D;S/D;Nocturna;S/D;Múltiple;S/D;Colisión;S/D;S/D
5649;2021;31/7/2021;Sabado;13:30:00;;0.0;2;Automóvil,Moto/Ciclomotor;Bv. Avellaneda Y Córdoba;2;1;0;0;0;1;Calle;ROSARIO;Constitución;S/D;S/D;II;S/D;Urbana;Otra Señal;S/D;Intersección;S/D;S/D;Diurna;S/D;Múltiple;S/D;Colisión;S/D;S/D
5650;2021;31/7/2021;Sabado;22:00:00;;0.0;1;Moto/Ciclomotor;Bv. Seguí 5400;1;1;0;0;0;0;Avenida;ROSARIO;Constitución;S/D;S/D;II;S/D;Urbana;Otra Señal;S/D;Intersección;S/D;S/D;Nocturna;S/D;Múltiple;S/D;Colisión;S/D;S/D
5651;2021;31/7/2021;Sabado;20:30:00;;0.0;2;Automóvil,Bicicleta;Centeno Y Iriondo;2;1;0;0;0;1;Calle;ROSARIO;Constitución;S/D;S/D;II;S/D;Urbana;Otra Señal;S/D;Intersección;S/D;S/D;Nocturna;S/D;Múltiple;Ciclista;Colisión;S/D;S/D
5652;2021;31/7/2021;Sabado;06:00:00;;0.0;1;Moto/Ciclomotor;Ricchieri Y Centeno;1;1;0;0;0;0;Calle;ROSARIO;Constitución;S/D;S/D;II;S/D;Urbana;Otra Señal;S/D;Intersección;S/D;S/D;Nocturna;S/D;Múltiple;S/D;Colisión;S/D;S/D
5653;2021;31/7/2021;Sabado;15:00:00;;0.0;1;Otros;Bv. Seguí Y Matienzo;1;1;0;0;0;0;Avenida;ROSARIO;Constitución;S/D;S/D;II;S/D;Urbana;Otra Señal;S/D;Intersección;S/D;S/D;Diurna;S/D;Múltiple;S/D;Colisión;S/D;S/D
5654;2021;31/7/2021;Sabado;05:00:00;;0.0;2;Moto/Ciclomotor,Automóvil;Belgrano Y Quintana;5;0;0;3;1;0;Calle;SANTA FE;Constitución;Asfalto;No existe;I;Dentro;Urbana;Otra Señal;No existe;Intersección;Bueno;Buena;Nocturna;S/D;Múltiple;S/D;Colisión;Ninguna;Horizontal,Vertical
5655;2021;31/7/2021;Sabado;;;0.0;1;Moto/Ciclomotor;Simón de Iriondo 5700;1;0;0;0;0;0;Calle;ESPERANZA;Constitución;Asfalto;No existe;XI;Dentro;Urbana;Otra Señal;No existe;Intersección;Bueno;Buena;Diurna;Buen Tiempo;Múltiple;S/D;Colisión;Ninguna;Horizontal
5656;2021;31/7/2021;Sabado;;;0.0;2;Moto/Ciclomotor,Automóvil;E Oliber Y Intendente Giménez;3;1;0;1;0;0;Calle;RAFAELA;Constitución;Asfalto;No existe;V;Dentro;Urbana;Otra Señal;No existe;Intersección;S/D;S/D;Diurna;S/D;Múltiple;S/D;Colisión;S/D;Faltante
5657;2021;31/7/2021;Sabado;19:00:00;;0.0;1;Moto/Ciclomotor;B Mitre Y Estanislao López;2;0;0;1;0;0;Calle;BIGAND;Caseros;Asfalto;No existe;IV;Dentro;Urbana;Otra Señal;No existe;Intersección;Bueno;Buena;Diurna;Buen Tiempo;Múltiple;S/D;Colisión;Ninguna;Faltante
5658;2021;1/8/2021;Domingo;00:30:00;Ruta Provincial 91;6.1;2;Moto/Ciclomotor,Automóvil; ;3;0;0;1;2;0;Ruta;SERODINO;Iriondo;Asfalto;Natural;X;S/D;Urbana;Otra Señal;No existe;Intersección;Bueno;Reducida;Nocturna;S/D;Múltiple;S/D;Colisión;Ninguna;Faltante
5659;2021;1/8/2021;Domingo;08:00:00;Ruta Nacional 11;349.0;1;Automóvil; ;3;2;0;0;1;0;Ruta;OLIVEROS;Iriondo;Asfalto;Natural;X;S/D;Urbana;Otra Señal;S/D;Intersección;S/D;Buena;Diurna;Buen Tiempo;Múltiple;S/D;Colisión;Ninguna;Faltante
5660;2021;1/8/2021;Domingo;06:00:00;Ruta Provincial 2;0.0;1;Automóvil; ;1;1;0;0;0;0;Ruta;MONTE VERA;La Capital;Asfalto;Ripio;I;Fuera;Rural;Otra Señal;No existe;Intersección;Bueno;Buena;Amanecer,Con luz artificial;Buen Tiempo;Múltiple;S/D;Colisión;Ninguna;Horizontal
5661;2021;1/8/2021;Domingo;19:25:00;;0.0;2;Moto/Ciclomotor,Automóvil;Mitre B Y España;3;1;0;2;0;0;S/D;VERA;Vera;Asfalto;No existe;XIX;S/D;Urbana;Otra Señal;No existe;Intersección;Bueno;Buena;Atardecer;Buen Tiempo;Múltiple;S/D;Colisión;Ninguna;Faltante
5662;2021;1/8/2021;Domingo;13:30:00;;0.0;2;Moto/Ciclomotor,Automóvil;Fray C Rodríguez Y Av. López y Planes;2;0;0;0;0;2;Avenida;SANTA FE;La Capital;Asfalto;No existe;I;S/D;Urbana;Otra Señal;Funciona;Intersección;Bueno;Buena;Diurna;Buen Tiempo;Múltiple;S/D;Colisión;Ninguna;Vertical
5663;2021;1/8/2021;Domingo;12:00:00;;0.0;2;Automóvil,Moto/Ciclomotor;Av. Peñaloza Y Martin Zapata;2;0;0;0;0;2;Avenida;SANTA FE;La Capital;Asfalto;No existe;I;S/D;Urbana;Otra Señal;Funciona;Intersección;Bueno;Buena;Diurna;Buen Tiempo;Múltiple;S/D;Colisión;Ninguna;Vertical
5664;2021;1/8/2021;Domingo;15:00:00;;0.0;2;Automóvil,Moto/Ciclomotor;Hipólito Irigoyen Y Laprade;2;1;0;1;0;0;Calle;SANTO TOMÉ;La Capital;Asfalto;No existe;I;Dentro;Urbana;Otra Señal;Funciona;Intersección;Bueno;Buena;Diurna;Buen Tiempo;Múltiple;S/D;Colisión;Ninguna;S/D
5665;2021;1/8/2021;Domingo;00:45:00;;0.0;2;Automóvil,Moto/Ciclomotor;San Martin Y Weihmuller;4;2;0;2;0;0;Calle;SAN CARLOS CENTRO;Las Colonias;Asfalto;No existe;XI;Dentro;Urbana;Otra Señal;No existe;Intersección;Bueno;Buena;Nocturna;Buen Tiempo;Múltiple;S/D;Colisión;Ninguna;Vertical
5666;2021;1/8/2021;Domingo;10:45:00;;0.0;2;Moto/Ciclomotor,Automóvil;Mariano Moreno Y Av. Córdoba;3;1;0;2;0;0;Calle;ESPERANZA;Las Colonias;Asfalto;Pavimento;XI;Dentro;Urbana;Otra Señal;No existe;Intersección;Bueno;Reducida;Amanecer;Buen Tiempo;Múltiple;S/D;Colisión;Ninguna;S/D
5667;2021;1/8/2021;Domingo;17:00:00;;0.0;2;Automóvil,Moto/Ciclomotor;Mitre Y Padre O Madesma;3;1;0;2;0;0;Calle;TIMBÚES;San Lorenzo;Ripio;No existe;XVII;S/D;Urbana;Otra Señal;No existe;Intersección;Bueno;Buena;Diurna;Buen Tiempo;Múltiple;S/D;Colisión;Ninguna;S/D
5668;2021;1/8/2021;Domingo;14:25:00;;0.0;2;Automóvil,Automóvil;Bv Estanislao López Y Avellaneda;3;2;0;1;0;0;Calle;ROLDÁN;San Lorenzo;Asfalto;S/D;XVII;S/D;Urbana;Otra Señal;No existe;Intersección;Bueno;S/D;Diurna;S/D;Múltiple;S/D;Colisión;S/D;S/D
5669;2021;1/8/2021;Domingo;;;0.0;2;Bicicleta,Moto/Ciclomotor; ;2;1;0;0;0;1;S/D;CAPITÁN BERMÚDEZ;San Lorenzo;S/D;S/D;XVII;S/D;S/D;Otra Señal;S/D;Intersección;S/D;S/D;S/D;S/D;Múltiple;Ciclista;Colisión;S/D;S/D
5670;2021;1/8/2021;Domingo;00:20:00;;0.0;2;Automóvil,Moto/Ciclomotor;Las Heras 3552;2;1;0;1;0;0;Calle;SANTA FE;La Capital;Asfalto;No existe;I;Dentro;Urbana;Otra Señal;No existe;Intersección;Bueno;S/D;Nocturna;S/D;Múltiple;S/D;Colisión;S/D;S/D
5671;2021;1/8/2021;Domingo;18:46:00;;0.0;1;Moto/Ciclomotor;Cullen 1300;1;1;0;0;0;0;Calle;ROSARIO;Rosario;S/D;S/D;II;Dentro;Urbana;Otra Señal;S/D;Intersección;S/D;S/D;S/D;S/D;Múltiple;S/D;Colisión;S/D;S/D
5672;2021;1/8/2021;Domingo;11:45:00;;0.0;2;Automóvil,Automóvil;Mendoza Y Liniers;2;2;0;0;0;0;Calle;ROSARIO;Rosario;Asfalto;Pavimento;II;S/D;Urbana;Otra Señal;No existe;Intersección;Bueno;Buena;Diurna;Buen Tiempo;Múltiple;S/D;Colisión;Ninguna;Faltante
5673;2021;1/8/2021;Domingo;14:30:00;;0.0;2;Automóvil,Moto/Ciclomotor;Roullon ;3;2;0;1;0;0;Calle;ROSARIO;Rosario;Asfalto;No existe;II;S/D;Urbana;Otra Señal;No existe;Intersección;Bueno;Buena;Diurna;Buen Tiempo;Múltiple;S/D;Colisión;Ninguna;Faltante