ID_Accidente;A�o;Fecha;Dia;Hopra;Ruta/Autop;km;Participantes;Tipo;Lugar;Total;Heridos Leves;Heridos Graves;Ilesos;Fallecidos;Sin datos;desc_tipo_via;desc_loc;desc_dpto;|;desc_tipo_banquina;desc_unidad_regional;desc_lugar_calzada;desc_zona;desc_prioridad;desc_estado_semaforo;desc_lugar_via;desc_estado_via;desc_estado_visibilidad;desc_luminosidad;desc_estado_clima;desc_tipo_colision;desc_tipo_atropello;desc_tipo_hecho;desc_pres_calzada;desc_senializacion
5674;2021;1/8/2021;Domingo;16:30:00;;0.0;2;Automóvil,Automóvil;Mitre Y Amenábar;2;1;0;1;0;0;Calle;ROSARIO;Rosario;S/D;S/D;II;Dentro;Urbana;Otra Señal;S/D;Intersección;S/D;S/D;S/D;S/D;Múltiple;S/D;Colisión;S/D;S/D
5675;2021;1/8/2021;Domingo;16:45:00;;0.0;2;Moto/Ciclomotor,Automóvil;Bv. Oroño Y Av. F.Solano López;2;1;0;1;0;0;Avenida;ROSARIO;Rosario;S/D;S/D;II;Dentro;Urbana;Otra Señal;S/D;Intersección;S/D;S/D;S/D;S/D;Múltiple;S/D;Colisión;S/D;S/D
5676;2021;1/8/2021;Domingo;17:20:00;;0.0;2;Bicicleta,Automóvil;España Y 9 De Julio;2;1;0;1;0;0;Calle;ROSARIO;Rosario;S/D;S/D;II;Dentro;Urbana;Otra Señal;S/D;Intersección;S/D;S/D;S/D;S/D;Múltiple;Ciclista;Colisión;S/D;S/D
5677;2021;1/8/2021;Domingo;;;0.0;2;Moto/Ciclomotor,Automóvil; ;2;1;0;1;0;0;S/D;ESPERANZA;Las Colonias;S/D;S/D;XI;S/D;S/D;Otra Señal;S/D;Intersección;S/D;S/D;S/D;S/D;Múltiple;S/D;Colisión;S/D;S/D
5678;2021;1/8/2021;Domingo;15:55:00;Autopista Provincial Brigadier E.LÓPEZ;78.0;1;Automóvil; ;2;2;0;0;0;0;Autopista;BARRANCAS;San JERÓNIMO;S/D;S/D;XV;Fuera;Rural;Otra Señal;S/D;Intersección;S/D;S/D;S/D;S/D;Múltiple;S/D;Colisión;S/D;S/D
5679;2021;1/8/2021;Domingo;18:30:00;;0.0;2;Moto/Ciclomotor,Pickup/Utilitario;Bv San Martin Y España;2;1;0;1;0;0;Avenida;TIMBÚES;San Lorenzo;S/D;S/D;XVII;Dentro;Urbana;Otra Señal;S/D;Intersección;S/D;S/D;S/D;S/D;Múltiple;S/D;Colisión;S/D;S/D
5680;2021;1/8/2021;Domingo;17:05:00;;0.0;2;Bicicleta,Automóvil;Av. Fray Luis Beltrán Y Juan de Garay;2;1;0;1;0;0;S/D;FRAY LUIS BELTRÁN;San Lorenzo;S/D;S/D;XVII;S/D;S/D;Otra Señal;S/D;Intersección;S/D;S/D;S/D;S/D;Múltiple;Ciclista;Colisión;S/D;S/D
5681;2021;1/8/2021;Domingo;21:20:00;Ruta Nacional 11;0.0;1;Moto/Ciclomotor; ;1;1;0;0;0;0;Ruta;RECONQUISTA;Constitución;S/D;S/D;IX;Fuera;S/D;Otra Señal;S/D;Intersección;S/D;S/D;S/D;S/D;Múltiple;S/D;Colisión;S/D;S/D
5682;2021;1/8/2021;Domingo;;Ruta Nacional 11;0.0;1;Pickup/Utilitario; ;1;1;0;0;0;0;Ruta;SAN JUSTO;Constitución;S/D;S/D;XVI;S/D;S/D;Otra Señal;S/D;Intersección;S/D;S/D;S/D;S/D;Múltiple;S/D;Colisión;S/D;S/D
5683;2021;1/8/2021;Domingo;21:26:00;;0.0;2;Automóvil,Bicicleta;Av. Pellegrini Y Av. Francia;2;1;0;1;0;0;Avenida;ROSARIO;Constitución;Asfalto;No existe;II;Dentro;Urbana;Otra Señal;Funciona;Intersección;S/D;S/D;Nocturna,Con luz artificial;S/D;Múltiple;Ciclista;Colisión;S/D;Horizontal,Vertical
5684;2021;1/8/2021;Domingo;22:00:00;;0.0;1;Bicicleta;E.Zeballos 3464;1;1;0;0;0;0;Calle;ROSARIO;Constitución;S/D;S/D;II;Dentro;Urbana;Otra Señal;S/D;Intersección;S/D;S/D;S/D;S/D;Múltiple;S/D;Colisión;S/D;S/D
5685;2021;1/8/2021;Domingo;00:00:00;;0.0;1;Moto/Ciclomotor;CABIN 9 ;1;1;0;0;0;0;Calle;ROSARIO;Constitución;S/D;S/D;II;Dentro;Urbana;Otra Señal;S/D;Intersección;S/D;S/D;S/D;S/D;Múltiple;S/D;Colisión;S/D;S/D
5686;2021;1/8/2021;Domingo;00:14:00;;0.0;1;Moto/Ciclomotor;Gálvez Y Valparaíso;1;1;0;0;0;0;Calle;ROSARIO;Constitución;S/D;S/D;II;Dentro;Urbana;Otra Señal;S/D;Intersección;S/D;S/D;S/D;S/D;Múltiple;S/D;Colisión;S/D;S/D
5687;2021;1/8/2021;Domingo;16:00:00;;0.0;1;Moto/Ciclomotor; ;1;1;0;0;0;0;Calle;ROSARIO;Constitución;S/D;S/D;II;Dentro;Rural;Otra Señal;S/D;Intersección;S/D;S/D;S/D;S/D;Múltiple;S/D;Colisión;S/D;S/D
5688;2021;1/8/2021;Domingo;;;0.0;1;Otros; ;1;0;0;0;0;1;Calle;ROSARIO;Constitución;S/D;S/D;II;Dentro;Urbana;Otra Señal;S/D;Intersección;S/D;S/D;S/D;S/D;Múltiple;S/D;Colisión;S/D;S/D
5689;2021;1/8/2021;Domingo;;;0.0;1;Otros; ;1;0;0;0;0;1;Calle;ROSARIO;Constitución;S/D;S/D;II;Dentro;Urbana;Otra Señal;S/D;Intersección;S/D;S/D;S/D;S/D;Múltiple;S/D;Colisión;S/D;S/D
5690;2021;1/8/2021;Domingo;;;0.0;1;Otros; ;1;0;0;0;0;1;Calle;ROSARIO;Constitución;S/D;S/D;II;Dentro;Urbana;Otra Señal;S/D;Intersección;S/D;S/D;S/D;S/D;Múltiple;S/D;Colisión;S/D;S/D
5691;2021;1/8/2021;Domingo;;;0.0;1;Otros; ;1;0;0;0;0;1;S/D;ROSARIO;Constitución;S/D;S/D;II;Dentro;Urbana;Otra Señal;S/D;Intersección;S/D;S/D;S/D;S/D;Múltiple;S/D;Colisión;S/D;S/D
5692;2021;1/8/2021;Domingo;;;0.0;1;Otros; ;1;0;0;0;0;1;Calle;ROSARIO;Constitución;S/D;S/D;II;Dentro;Urbana;Otra Señal;S/D;Intersección;S/D;S/D;S/D;S/D;Múltiple;S/D;Colisión;S/D;S/D
5693;2021;1/8/2021;Domingo;00:00:00;;0.0;1;Moto/Ciclomotor; ;1;1;0;0;0;0;S/D;ROSARIO;Constitución;S/D;S/D;II;S/D;S/D;Otra Señal;S/D;Intersección;S/D;S/D;Nocturna;S/D;Múltiple;S/D;Colisión;S/D;S/D
5694;2021;1/8/2021;Domingo;12:00:00;;0.0;2;Bicicleta,Otros; ;2;1;0;0;0;1;S/D;ROSARIO;Constitución;S/D;S/D;II;S/D;S/D;Otra Señal;S/D;Intersección;S/D;S/D;Diurna;S/D;Múltiple;Ciclista;Colisión;S/D;S/D
5695;2021;1/8/2021;Domingo;;;0.0;1;Bicicleta; ;1;1;0;0;0;0;S/D;ROSARIO;Constitución;S/D;S/D;II;S/D;S/D;Otra Señal;S/D;Intersección;S/D;S/D;S/D;S/D;Múltiple;S/D;Colisión;S/D;S/D
5696;2021;1/8/2021;Domingo;;;0.0;1;Moto/Ciclomotor; ;1;1;0;0;0;0;S/D;ROSARIO;Constitución;S/D;S/D;II;S/D;S/D;Otra Señal;S/D;Intersección;S/D;S/D;S/D;S/D;Múltiple;S/D;Colisión;S/D;S/D
5697;2021;1/8/2021;Domingo;00:50:00;;0.0;2;Moto/Ciclomotor,Automóvil;Bielsa Y Campbell;3;1;0;1;0;0;Calle;ROSARIO;Constitución;Asfalto;No existe;II;Dentro;Urbana;Otra Señal;No existe;Intersección;S/D;Reducida;Nocturna;S/D;Múltiple;S/D;Colisión;S/D;Faltante
5698;2021;1/8/2021;Domingo;13:05:00;;0.0;2;Moto/Ciclomotor,Moto/Ciclomotor;Av. Eduardo Minetti Y Domingo Faustino Sarmiento;2;0;0;0;0;0;Avenida;VILLA MINETTI;9 de Julio;Asfalto;Pavimento;XII;S/D;Urbana;Otra Señal;No existe;Intersección;Deteriorada;Buena;Diurna;Buen Tiempo;Múltiple;S/D;Colisión;Ninguna;Faltante
5699;2021;1/8/2021;Domingo;12:50:00;Ruta Nacional A012;29.0;2;Automóvil,Automóvil;Ruta Nac 33 ;7;0;0;0;3;0;Ruta;ZAVALLA;Rosario;Asfalto;Natural;II;Dentro;Rural;Ninguna;No existe;Intersección;Bueno;Buena;Diurna;Buen Tiempo;Frontal;S/D;Colisión;Ninguna;Faltante
5700;2021;2/8/2021;Lunes;22:45:00;Ruta Secundaria 293-s;0.0;1;Moto/Ciclomotor; ;1;1;0;0;0;0;Ruta;SANTA MARGARITA;9 de Julio;Tierra;Natural;XII;Dentro;Rural;Otra Señal;No existe;Intersección;Otro;Reducida;Nocturna;Otro;Múltiple;S/D;Colisión;Otro;Faltante
5701;2021;2/8/2021;Lunes;08:05:00;;0.0;2;Automóvil,Automóvil;J Castelli Y Las Heras;2;1;0;1;0;0;Calle;SANTA FE;La Capital;Asfalto;No existe;I;S/D;Urbana;Otra Señal;No existe;Intersección;Bueno;Buena;Diurna;Buen Tiempo;Múltiple;S/D;Colisión;Ninguna;S/D
5702;2021;2/8/2021;Lunes;;;0.0;2;Moto/Ciclomotor,Automóvil;Fray C Rodríguez Y Av. López y Planes;2;0;0;0;0;2;Avenida;SANTA FE;La Capital;Asfalto;No existe;I;S/D;Urbana;Otra Señal;Funciona;Intersección;Bueno;Buena;Diurna;Buen Tiempo;Múltiple;S/D;Colisión;Ninguna;Vertical
5703;2021;2/8/2021;Lunes;16:30:00;;0.0;2;Automóvil,Moto/Ciclomotor;Martin Zavalla Y Mariano Candioti;2;1;0;1;0;0;Calle;SANTO TOMÉ;La Capital;Asfalto;No existe;I;Dentro;Urbana;Otra Señal;No existe;Intersección;Bueno;Buena;Diurna;Buen Tiempo;Múltiple;S/D;Colisión;Ninguna;Faltante
5704;2021;2/8/2021;Lunes;12:00:00;;0.0;2;Moto/Ciclomotor,Automóvil;Viamonte ;2;1;0;1;0;0;Calle;ROSARIO;Rosario;Asfalto;S/D;II;Dentro;Urbana;Otra Señal;No existe;Intersección;Bueno;Buena;Diurna;Buen Tiempo;Múltiple;S/D;Colisión;Ninguna;Faltante
5705;2021;2/8/2021;Lunes;19:30:00;;0.0;2;Moto/Ciclomotor,Automóvil;San Martin Y Ocampo;2;1;0;1;0;0;Avenida;ROSARIO;Rosario;Asfalto;No existe;II;Dentro;Urbana;Otra Señal;No existe;Intersección;Bueno;Buena;Diurna;Buen Tiempo;Múltiple;S/D;Colisión;Ninguna;Faltante
5706;2021;2/8/2021;Lunes;15:30:00;;0.0;2;Bicicleta,Automóvil;Dorrego Y Ituzaingó;2;1;0;1;0;0;Calle;ROSARIO;Rosario;Asfalto;No existe;II;Dentro;Urbana;Otra Señal;No existe;Intersección;Bueno;Buena;Diurna;Buen Tiempo;Múltiple;Ciclista;Colisión;Ninguna;Faltante
5707;2021;2/8/2021;Lunes;18:30:00;;0.0;2;Moto/Ciclomotor,Pickup/Utilitario;Colon Y Viamonte;4;3;0;1;0;0;Calle;ROSARIO;Rosario;Asfalto;No existe;II;Dentro;Urbana;Otra Señal;No existe;Intersección;Bueno;Buena;Atardecer;Buen Tiempo;Múltiple;S/D;Colisión;Ninguna;Faltante
5708;2021;2/8/2021;Lunes;09:00:00;;0.0;1;Moto/Ciclomotor;Reconquista ;1;1;0;0;0;0;S/D;PUERTO SAN MARTÍN;San Lorenzo;Asfalto;No existe;XVII;S/D;S/D;Otra Señal;No existe;Intersección;Bueno;Buena;Diurna;Buen Tiempo;Múltiple;S/D;Colisión;Ninguna;Faltante
5709;2021;2/8/2021;Lunes;11:05:00;;0.0;2;Bicicleta,Automóvil;Ituzaingó Y Pellegrini;2;1;0;1;0;0;S/D;FRAY LUIS BELTRÁN;San Lorenzo;Asfalto;No existe;XVII;S/D;S/D;Otra Señal;No existe;Intersección;Deteriorada;Buena;S/D;Otro;Múltiple;Ciclista;Colisión;Ninguna;Faltante
5710;2021;2/8/2021;Lunes;22:00:00;;0.0;2;Peatón,Automóvil;Las Heras Y J J Paso;2;1;0;1;0;0;S/D;FRAY LUIS BELTRÁN;San Lorenzo;Asfalto;No existe;XVII;S/D;S/D;Otra Señal;No existe;Intersección;Bueno;Reducida;S/D;Otro;Múltiple;Peatón;Colisión;Ninguna;Faltante
5711;2021;2/8/2021;Lunes;;;0.0;2;Automóvil,Bicicleta;Av. San Martin Y San Luis;2;1;0;1;0;0;S/D;SAN LORENZO;San Lorenzo;S/D;S/D;XVII;S/D;Urbana;Otra Señal;S/D;Intersección;S/D;S/D;S/D;S/D;Múltiple;Ciclista;Colisión;S/D;S/D
5712;2021;2/8/2021;Lunes;17:25:00;;0.0;2;Bicicleta,Automóvil;Santiago del Estero Y Irigoyen;2;1;0;1;0;0;S/D;SAN LORENZO;San Lorenzo;S/D;S/D;XVII;S/D;S/D;Otra Señal;S/D;Intersección;S/D;S/D;Diurna;S/D;Múltiple;Ciclista;Colisión;S/D;S/D
5713;2021;2/8/2021;Lunes;08:30:00;;0.0;2;Moto/Ciclomotor,Automóvil;Av. Sorrento Y F.Rauch;2;2;0;0;0;0;S/D;ROSARIO;Rosario;S/D;S/D;II;S/D;Urbana;Otra Señal;S/D;Intersección;S/D;S/D;S/D;S/D;Múltiple;S/D;Colisión;S/D;S/D
5714;2021;2/8/2021;Lunes;13:38:00;;0.0;2;Automóvil,Bicicleta;Washington Y Zelaya;2;1;0;1;0;0;S/D;ROSARIO;Rosario;Asfalto;Pavimento;II;S/D;S/D;Otra Señal;No existe;Intersección;Bueno;Buena;Diurna;Buen Tiempo;Múltiple;Ciclista;Colisión;Ninguna;Horizontal
5715;2021;2/8/2021;Lunes;10:30:00;;0.0;2;Moto/Ciclomotor,Automóvil;Colon Y Virasoro;2;1;0;1;0;0;Calle;ROSARIO;Rosario;Asfalto;S/D;II;S/D;Urbana;Otra Señal;S/D;Intersección;S/D;S/D;S/D;S/D;Múltiple;S/D;Colisión;S/D;S/D
5716;2021;2/8/2021;Lunes;20:15:00;;0.0;2;Moto/Ciclomotor,Automóvil;Calle 13-Iturraspe Y Calle 28 - San Lorenzo;2;1;0;1;0;0;Calle;RECONQUISTA;General Obligado;Asfalto;No existe;IX;Dentro;Urbana;Otra Señal;No existe;Intersección;Bueno;Buena;Nocturna;Buen Tiempo;Múltiple;S/D;Colisión;Ninguna;Horizontal
5717;2021;2/8/2021;Lunes;23:30:00;Ruta Nacional 9;0.0;2;Moto/Ciclomotor,Automóvil; ;3;3;0;0;0;0;Ruta;ÁLVAREZ;Rosario;S/D;S/D;II;S/D;S/D;Otra Señal;S/D;Intersección;S/D;S/D;S/D;S/D;Múltiple;S/D;Colisión;S/D;S/D
5718;2021;2/8/2021;Lunes;;;0.0;2;Moto/Ciclomotor,Pickup/Utilitario;San Juan Y Paula Albarracín;2;1;0;1;0;0;Calle;FIRMAT;General LÓPEZ;S/D;S/D;VIII;Dentro;Urbana;Otra Señal;S/D;Intersección;S/D;S/D;S/D;S/D;Múltiple;S/D;Colisión;S/D;S/D
5719;2021;2/8/2021;Lunes;23:00:00;;0.0;2;Moto/Ciclomotor,Moto/Ciclomotor;Gral. López Y Alberdi;3;3;0;0;0;0;Calle;CORONDA;San JERÓNIMO;Asfalto;S/D;XV;Dentro;Urbana;Otra Señal;S/D;Intersección;S/D;S/D;S/D;S/D;Múltiple;S/D;Colisión;S/D;S/D
5720;2021;2/8/2021;Lunes;12:50:00;Autopista Provincial Brigadier E.LÓPEZ;71.0;1;Pickup/Utilitario; ;5;5;0;0;0;0;Autopista;BARRANCAS;San JERÓNIMO;S/D;S/D;XV;Fuera;S/D;Otra Señal;S/D;Intersección;S/D;S/D;S/D;S/D;Múltiple;S/D;Colisión;S/D;S/D
5721;2021;2/8/2021;Lunes;09:00:00;;0.0;2;Automóvil,Moto/Ciclomotor;Moreno Y Ocampo;2;1;0;1;0;0;Calle;CAÑADA DE GÓMEZ;Constitución;S/D;S/D;X;Dentro;Urbana;Otra Señal;S/D;Intersección;S/D;S/D;S/D;S/D;Múltiple;S/D;Colisión;S/D;S/D
5722;2021;2/8/2021;Lunes;07:00:00;;0.0;2;Peatón,Moto/Ciclomotor;Marconi ;2;1;0;0;0;1;Calle;CAÑADA DE GÓMEZ;Constitución;S/D;S/D;X;Dentro;S/D;Otra Señal;S/D;Intersección;S/D;S/D;S/D;S/D;Múltiple;S/D;Colisión;S/D;S/D
5723;2021;2/8/2021;Lunes;09:15:00;;0.0;2;Automóvil,Automóvil;Bernardino Rivadavia Y Cornelio Saavedra;2;2;0;0;0;0;Calle;VENADO TUERTO;Constitución;S/D;S/D;VIII;Dentro;Urbana;Otra Señal;S/D;Intersección;S/D;S/D;S/D;S/D;Múltiple;S/D;Colisión;S/D;S/D
5724;2021;2/8/2021;Lunes;12:45:00;;0.0;2;Automóvil,Automóvil;Junín Y Guillermo Brown;3;3;0;0;0;0;Calle;VENADO TUERTO;Constitución;S/D;S/D;VIII;Dentro;Urbana;Otra Señal;S/D;Intersección;S/D;S/D;S/D;S/D;Múltiple;S/D;Colisión;S/D;S/D
5725;2021;2/8/2021;Lunes;00:00:00;Ruta Provincial 6;0.0;1;Moto/Ciclomotor;Urquiza ;1;1;0;0;0;0;Ruta;PEREZ;Constitución;S/D;S/D;II;Dentro;Urbana;Otra Señal;S/D;Intersección;S/D;S/D;S/D;S/D;Múltiple;S/D;Colisión;S/D;S/D
5726;2021;2/8/2021;Lunes;21:30:00;;0.0;1;Moto/Ciclomotor;Roullon ;1;1;0;0;0;0;Calle;ROSARIO;Constitución;S/D;S/D;II;Dentro;Urbana;Otra Señal;S/D;Intersección;S/D;S/D;S/D;S/D;Múltiple;S/D;Colisión;S/D;S/D
5727;2021;2/8/2021;Lunes;;;0.0;1;Otros; ;1;0;0;0;0;1;Calle;ROSARIO;Constitución;S/D;S/D;II;Dentro;Urbana;Otra Señal;S/D;Intersección;S/D;S/D;S/D;S/D;Múltiple;S/D;Colisión;S/D;S/D
5728;2021;2/8/2021;Lunes;;;0.0;1;Otros; ;1;0;0;0;0;1;S/D;ROSARIO;Constitución;S/D;S/D;II;Dentro;Urbana;Otra Señal;S/D;Intersección;S/D;S/D;S/D;S/D;Múltiple;S/D;Colisión;S/D;S/D
5729;2021;2/8/2021;Lunes;;;0.0;1;Otros; ;1;0;0;0;0;1;S/D;ROSARIO;Constitución;S/D;S/D;II;S/D;S/D;Otra Señal;S/D;Intersección;S/D;S/D;S/D;S/D;Múltiple;S/D;Colisión;S/D;S/D
5730;2021;2/8/2021;Lunes;;;0.0;1;Otros; ;1;0;0;0;0;1;S/D;ROSARIO;Constitución;S/D;S/D;II;Dentro;Urbana;Otra Señal;S/D;Intersección;S/D;S/D;S/D;S/D;Múltiple;S/D;Colisión;S/D;S/D
5731;2021;2/8/2021;Lunes;;;0.0;1;Otros; ;1;0;0;0;0;1;Calle;ROSARIO;Constitución;S/D;S/D;II;Dentro;Urbana;Otra Señal;S/D;Intersección;S/D;S/D;S/D;S/D;Múltiple;S/D;Colisión;S/D;S/D
5732;2021;2/8/2021;Lunes;;;0.0;1;Otros; ;1;0;0;0;0;1;S/D;ROSARIO;Constitución;S/D;S/D;II;Dentro;Urbana;Otra Señal;S/D;Intersección;S/D;S/D;S/D;S/D;Múltiple;S/D;Colisión;S/D;S/D
5733;2021;2/8/2021;Lunes;;;0.0;1;Otros; ;1;0;0;0;0;1;S/D;ROSARIO;Constitución;S/D;S/D;II;Dentro;Urbana;Otra Señal;S/D;Intersección;S/D;S/D;S/D;S/D;Múltiple;S/D;Colisión;S/D;S/D
5734;2021;2/8/2021;Lunes;;;0.0;1;Otros; ;1;0;0;0;0;1;S/D;ROSARIO;Constitución;S/D;S/D;II;Dentro;Urbana;Otra Señal;S/D;Intersección;S/D;S/D;S/D;S/D;Múltiple;S/D;Colisión;S/D;S/D
5735;2021;2/8/2021;Lunes;08:30:00;;0.0;2;Bicicleta,Otros;Pje. Lejarza Y F.More;2;1;0;0;0;1;Calle;ROSARIO;Constitución;Asfalto;S/D;II;Dentro;Urbana;Otra Señal;S/D;Intersección;S/D;S/D;Diurna;S/D;Múltiple;Ciclista;Colisión;S/D;S/D
5736;2021;2/8/2021;Lunes;09:45:00;;0.0;1;Transporte de Pasajeros Urbano (> 8 asientos);San Juan Y Av. Corrientes;1;1;0;0;0;0;Calle;ROSARIO;Constitución;Asfalto;S/D;II;Dentro;Urbana;Otra Señal;S/D;Intersección;S/D;S/D;Diurna;S/D;Múltiple;S/D;Colisión;S/D;S/D
5737;2021;2/8/2021;Lunes;19:00:00;;0.0;1;Moto/Ciclomotor;Pte. Quintana Y Castellanos;1;1;0;0;0;0;Calle;ROSARIO;Constitución;Asfalto;S/D;II;Dentro;Urbana;Otra Señal;S/D;Intersección;S/D;S/D;Atardecer;S/D;Múltiple;S/D;Colisión;S/D;S/D
5738;2021;2/8/2021;Lunes;14:00:00;;0.0;1;Transporte de Pasajeros Urbano (> 8 asientos);Entre Ríos Y Virasoro;1;1;0;0;0;0;Calle;ROSARIO;Constitución;Asfalto;S/D;II;Dentro;Urbana;Otra Señal;S/D;Intersección;S/D;S/D;Diurna;S/D;Múltiple;S/D;Colisión;S/D;S/D
5739;2021;2/8/2021;Lunes;20:00:00;;0.0;2;Moto/Ciclomotor,Moto/Ciclomotor;Av. Génova Y F.More;2;2;0;0;0;0;Avenida;ROSARIO;Constitución;Asfalto;S/D;II;Dentro;Urbana;Otra Señal;S/D;Intersección;S/D;S/D;Nocturna;S/D;Múltiple;S/D;Colisión;S/D;S/D
5740;2021;2/8/2021;Lunes;19:00:00;;0.0;1;Bicicleta; ;1;1;0;0;0;0;S/D;ROSARIO;Constitución;S/D;S/D;II;S/D;S/D;Otra Señal;S/D;Intersección;S/D;S/D;Nocturna;S/D;Múltiple;S/D;Colisión;S/D;S/D
5741;2021;2/8/2021;Lunes;23:00:00;;0.0;1;Bicicleta; ;1;1;0;0;0;0;S/D;ROSARIO;Constitución;S/D;S/D;II;S/D;S/D;Otra Señal;S/D;Intersección;S/D;S/D;Nocturna;S/D;Múltiple;S/D;Colisión;S/D;S/D
5742;2021;2/8/2021;Lunes;18:50:00;;0.0;2;Moto/Ciclomotor,Automóvil;Avenida 13 Y Calle 14;2;0;0;1;0;0;Avenida;LAS PAREJAS;Constitución;Asfalto;No existe;III;Dentro;Urbana;Otra Señal;No existe;Intersección;Bueno;Buena;Diurna;Buen Tiempo;Múltiple;S/D;Colisión;Ninguna;S/D
5743;2021;2/8/2021;Lunes;17:40:00;;0.0;2;Automóvil,Moto/Ciclomotor;San Martin Y 9 de Julio;3;0;0;2;0;0;Calle;SAN JAVIER;Constitución;Hormigón;S/D;XIV;Dentro;Urbana;Otra Señal;No existe;Intersección;Bueno;Buena;Atardecer;Buen Tiempo;Múltiple;S/D;Colisión;Ninguna;S/D
5744;2021;2/8/2021;Lunes;18:30:00;;0.0;2;Peatón,Pickup/Utilitario;J B Alberdi Y Buenos Aires;3;1;0;1;0;0;Calle;PUERTO SAN MARTÍN;Constitución;Asfalto;No existe;XVII;Dentro;Urbana;Otra Señal;No existe;Intersección;Bueno;Buena;Diurna;Buen Tiempo;Múltiple;Peatón;Colisión;Ninguna;Faltante
5745;2021;2/8/2021;Lunes;;;0.0;2;Moto/Ciclomotor,Automóvil;JUAN BAUTISTA JUSTO Y URQUIZA;2;0;0;1;0;0;Calle;SAN VICENTE.;Constitución;S/D;S/D;V;Dentro;Urbana;Otra Señal;S/D;Intersección;S/D;S/D;S/D;S/D;Múltiple;S/D;Colisión;S/D;S/D
5746;2021;2/8/2021;Lunes;00:00:00;;0.0;2;Pickup/Utilitario,Moto/Ciclomotor;C Colon Y Mariano Moreno;2;0;0;0;0;0;Calle;SAN GUILLERMO;San CRISTÓBAL;Asfalto;Pavimento;XIII;Dentro;Urbana;Otra Señal;No existe;Intersección;Bueno;Buena;Nocturna;Buen Tiempo;Múltiple;S/D;Colisión;Ninguna;Faltante
5747;2021;3/8/2021;Martes;20:35:00;;0.0;1;Moto/Ciclomotor; ;1;0;0;0;1;0;Camino Rural;PROVIDENCIA;Las Colonias;Tierra;Natural;XI;Dentro;Rural;Otra Señal;No existe;Intersección;S/D;Reducida polvo;Atardecer;Buen Tiempo;Múltiple;S/D;Colisión;Ninguna;Faltante
5748;2021;3/8/2021;Martes;10:40:00;Autopista Provincial Brigadier E.LÓPEZ;19.0;2;Automóvil,Camión c / Semirremolque; ;2;0;0;1;1;0;Autopista;SAN LORENZO;San Lorenzo;Asfalto;Natural;XVII;S/D;Urbana;Otra Señal;No existe;Intersección;Bueno;Buena;Diurna;Buen Tiempo;Múltiple;S/D;Colisión;Ninguna;Faltante
5749;2021;3/8/2021;Martes;18:00:00;;0.0;2;Pickup/Utilitario,Pickup/Utilitario;Güemes Y Agustín Delgado;2;1;0;1;0;0;Calle;SANTA FE;La Capital;S/D;No existe;I;S/D;Urbana;Otra Señal;No existe;Intersección;Bueno;Buena;Diurna;Buen Tiempo;Múltiple;S/D;Colisión;Ninguna;S/D
5750;2021;3/8/2021;Martes;21:15:00;;0.0;2;Moto/Ciclomotor,Moto/Ciclomotor;Av. Gral. Paz Y Salvador del Carril;2;1;0;1;0;0;Calle;SANTA FE;La Capital;Asfalto;No existe;I;S/D;Urbana;Otra Señal;No existe;Intersección;Bueno;Buena;Nocturna;Buen Tiempo;Múltiple;S/D;Colisión;Ninguna;Vertical
5751;2021;3/8/2021;Martes;08:30:00;;0.0;2;Moto/Ciclomotor,Moto/Ciclomotor;Av. Blas Parera Y M De Polonia;2;0;0;0;0;2;Avenida;SANTA FE;La Capital;Asfalto;No existe;I;S/D;Urbana;Otra Señal;Funciona;Intersección;Bueno;Buena;Diurna;Buen Tiempo;Múltiple;S/D;Colisión;Ninguna;Vertical
5752;2021;3/8/2021;Martes;18:30:00;;0.0;2;Pickup/Utilitario,Moto/Ciclomotor;Castellanos Y Alvear;2;1;0;1;0;0;Calle;SANTA FE;La Capital;Asfalto;No existe;I;Dentro;Urbana;Otra Señal;No existe;Intersección;Bueno;S/D;Diurna;S/D;Múltiple;S/D;Colisión;S/D;S/D
5753;2021;3/8/2021;Martes;16:00:00;;0.0;2;Bicicleta,Otros;Bv Pellegrini Y Rivadavia;2;1;0;1;0;0;Calle;SANTA FE;La Capital;Asfalto;Pavimento;I;Dentro;Urbana;Otra Señal;Funciona;Intersección;Bueno;Buena;Diurna;Buen Tiempo;Múltiple;Ciclista;Colisión;Ninguna;Faltante
5754;2021;3/8/2021;Martes;18:20:00;;0.0;2;Automóvil,Moto/Ciclomotor;Juan Bautista Alberdi Y  Saavedra Miguel de Cervantes;2;1;0;1;0;0;Calle;SANTO TOMÉ;La Capital;Asfalto;No existe;I;Dentro;Urbana;Otra Señal;No existe;Intersección;Bueno;Buena;Atardecer;Buen Tiempo;Múltiple;S/D;Colisión;Ninguna;Faltante
5755;2021;3/8/2021;Martes;13:20:00;;0.0;2;Peatón,Moto/Ciclomotor;Av. A del Valle Y Gutiérrez;2;1;0;1;0;0;Avenida;SANTA FE;La Capital;Asfalto;No existe;I;S/D;Urbana;Otra Señal;No existe;Intersección;Bueno;Buena;Diurna;Buen Tiempo;Múltiple;Peatón;Colisión;Ninguna;Vertical
5756;2021;3/8/2021;Martes;;;0.0;2;Peatón,Bicicleta;PARQUE FEDERAL ;2;1;0;1;0;0;S/D;SANTA FE;La Capital;Asfalto;No existe;I;S/D;S/D;Otra Señal;No existe;Intersección;Bueno;Buena;Diurna;Buen Tiempo;Múltiple;Ciclista;Colisión;Ninguna;Faltante
5757;2021;3/8/2021;Martes;17:00:00;;0.0;2;Moto/Ciclomotor,Automóvil;9 de Julio Y Juan Del Campillo;2;1;0;1;0;0;Calle;SANTA FE;La Capital;Asfalto;No existe;I;Dentro;Urbana;Otra Señal;No existe;Intersección;Bueno;Buena;Diurna;Buen Tiempo;Múltiple;S/D;Colisión;Ninguna;Vertical
5758;2021;3/8/2021;Martes;13:10:00;;0.0;2;Bicicleta,Automóvil;Sarmiento Y Juan de Garay;2;1;0;1;0;0;Calle;SAN CARLOS CENTRO;Las Colonias;Asfalto;No existe;XI;Dentro;Urbana;Otra Señal;No existe;Intersección;Bueno;Buena;Diurna;Buen Tiempo;Múltiple;Ciclista;Colisión;Ninguna;Vertical