ID_Accidente;A�o;Fecha;Dia;Hopra;Ruta/Autop;km;Participantes;Tipo;Lugar;Total;Heridos Leves;Heridos Graves;Ilesos;Fallecidos;Sin datos;desc_tipo_via;desc_loc;desc_dpto;|;desc_tipo_banquina;desc_unidad_regional;desc_lugar_calzada;desc_zona;desc_prioridad;desc_estado_semaforo;desc_lugar_via;desc_estado_via;desc_estado_visibilidad;desc_luminosidad;desc_estado_clima;desc_tipo_colision;desc_tipo_atropello;desc_tipo_hecho;desc_pres_calzada;desc_senializacion
5759;2021;3/8/2021;Martes;16:40:00;;0.0;2;Bicicleta,Automóvil;Rivadavia Y Av. Los Colonizadores;2;1;0;1;0;0;Calle;ESPERANZA;Las Colonias;Asfalto;Pavimento;XI;S/D;Urbana;Otra Señal;No existe;Intersección;Bueno;Buena;Diurna;Buen Tiempo;Múltiple;Ciclista;Colisión;Ninguna;Horizontal
5760;2021;3/8/2021;Martes;07:10:00;Ruta Provincial 1;0.0;1;Automóvil;Ruta Prov. 1 ;2;2;0;0;0;0;Ruta;CAYASTA;Garay;Asfalto;Natural;VII;Dentro;Urbana;Otra Señal;No existe;Intersección;Bueno;Buena;Diurna;Buen Tiempo;Múltiple;S/D;Colisión;Ninguna;Vertical
5761;2021;3/8/2021;Martes;12:00:00;;0.0;2;Moto/Ciclomotor,Automóvil;Salta Y Cafferata;2;1;0;1;0;0;Calle;ROSARIO;Rosario;Asfalto;No existe;II;Dentro;Urbana;Otra Señal;No existe;Intersección;Bueno;Buena;Diurna;Buen Tiempo;Múltiple;S/D;Colisión;Ninguna;Faltante
5762;2021;3/8/2021;Martes;21:00:00;;0.0;2;Automóvil,Taxi/Remis;Cochabamba Y Av. Corrientes;5;2;0;3;0;0;Calle;ROSARIO;Rosario;Asfalto;S/D;II;Dentro;Urbana;Otra Señal;No existe;Intersección;Bueno;Buena;Nocturna,Con luz artificial;Buen Tiempo;Múltiple;S/D;Colisión;Ninguna;Vertical
5763;2021;3/8/2021;Martes;07:50:00;;0.0;2;Moto/Ciclomotor,Automóvil;Ituzaingó Y Paraguay;2;1;0;1;0;0;Calle;ROSARIO;Rosario;Asfalto;No existe;II;Dentro;Urbana;Otra Señal;No existe;Intersección;Bueno;Buena;Nocturna;Buen Tiempo;Múltiple;S/D;Colisión;Ninguna;Faltante
5764;2021;3/8/2021;Martes;06:35:00;;0.0;2;Moto/Ciclomotor,Taxi/Remis;Granadero Baigorria Y Av. San Martin;2;1;0;1;0;0;Avenida;SAN LORENZO;San Lorenzo;Asfalto;S/D;XVII;S/D;Urbana;Otra Señal;S/D;Intersección;S/D;S/D;S/D;S/D;Múltiple;S/D;Colisión;S/D;S/D
5765;2021;3/8/2021;Martes;13:40:00;;0.0;2;Moto/Ciclomotor,Transporte de Pasajeros Urbano (> 8 asientos);Lavalle Y Av. Juan Domingo Perón;2;1;0;1;0;0;Avenida;VILLA GOBERNADOR GÁLVEZ;Rosario;Asfalto;No existe;II;S/D;Urbana;Otra Señal;No existe;Intersección;Deteriorada;Buena;Diurna;Buen Tiempo;Múltiple;S/D;Colisión;Ninguna;Faltante
5766;2021;3/8/2021;Martes;20:00:00;;0.0;2;Moto/Ciclomotor,Automóvil;Richieri ;2;1;0;1;0;0;S/D;VILLA GOBERNADOR GÁLVEZ;Rosario;Asfalto;No existe;II;S/D;S/D;Otra Señal;No existe;Intersección;Deteriorada;Buena;Nocturna;Buen Tiempo;Múltiple;S/D;Colisión;Material Suelto;Faltante
5767;2021;3/8/2021;Martes;14:00:00;;0.0;3;Automóvil,Camión c / Acoplado,Pickup/Utilitario;Av. Monte Flores ;4;1;0;3;0;0;S/D;VILLA GOBERNADOR GÁLVEZ;Rosario;Hormigón;Ripio;II;S/D;S/D;Otra Señal;No existe;Intersección;Deteriorada;Buena;Diurna;Buen Tiempo;Múltiple;S/D;Colisión;Material Suelto;Faltante
5768;2021;3/8/2021;Martes;19:30:00;Ruta Provincial 80;0.0;2;Automóvil,Moto/Ciclomotor; ;4;2;0;2;0;0;Ruta;GÁLVEZ;San JERÓNIMO;S/D;S/D;XV;Fuera;Rural;Otra Señal;S/D;Intersección;S/D;S/D;S/D;S/D;Múltiple;S/D;Colisión;S/D;S/D
5769;2021;3/8/2021;Martes;17:25:00;;0.0;1;Automóvil;25 de Mayo Y Jujuy;1;1;0;0;0;0;Calle;SAN LORENZO;San Lorenzo;S/D;S/D;XVII;Dentro;Urbana;Otra Señal;S/D;Intersección;S/D;S/D;S/D;S/D;Múltiple;S/D;Colisión;S/D;S/D
5770;2021;3/8/2021;Martes;16:00:00;;0.0;2;Moto/Ciclomotor,Automóvil;Calle 13 Y Calle 8;4;2;0;2;0;0;Calle;LAS TOSCAS;General Obligado;Asfalto;Natural;IX;S/D;Urbana;Otra Señal;No existe;Intersección;Bueno;Buena;Diurna;Buen Tiempo;Múltiple;S/D;Colisión;S/D;S/D
5771;2021;3/8/2021;Martes;12:55:00;;0.0;2;Moto/Ciclomotor,Moto/Ciclomotor;Vieytes Y Patricio Boyle;2;2;0;0;0;0;Calle;VENADO TUERTO;Constitución;S/D;S/D;VIII;Dentro;Urbana;Otra Señal;S/D;Intersección;S/D;S/D;S/D;S/D;Múltiple;S/D;Colisión;S/D;S/D
5772;2021;3/8/2021;Martes;;Ruta Nacional 34;0.0;1;Automóvil; ;2;2;0;0;0;0;Ruta;RAFAELA;Constitución;S/D;S/D;V;S/D;S/D;Otra Señal;S/D;Intersección;S/D;S/D;S/D;S/D;Múltiple;S/D;Colisión;S/D;S/D
5773;2021;3/8/2021;Martes;19:45:00;;0.0;2;Moto/Ciclomotor,Bicicleta;Calle 47-Islas Malvinas Y Calle 20 9 de Julio;2;1;0;1;0;0;Calle;RECONQUISTA;Constitución;S/D;S/D;IX;Dentro;Urbana;Otra Señal;S/D;Intersección;S/D;S/D;S/D;S/D;Múltiple;S/D;Colisión;S/D;S/D
5774;2021;3/8/2021;Martes;;;0.0;2;Moto/Ciclomotor,Transporte de Pasajeros Urbano (> 8 asientos);Bv. Seguí Y Roullon;2;1;0;1;0;0;Calle;ROSARIO;Constitución;S/D;S/D;II;Dentro;Urbana;Otra Señal;S/D;Intersección;S/D;S/D;S/D;S/D;Múltiple;S/D;Colisión;S/D;S/D
5775;2021;3/8/2021;Martes;;;0.0;2;Pickup/Utilitario,Moto/Ciclomotor;S Martin Y Fco Angeloni;2;1;0;1;0;0;Calle;SAN JUSTO;Constitución;S/D;S/D;XVI;Dentro;Urbana;Otra Señal;S/D;Intersección;S/D;S/D;S/D;S/D;Múltiple;S/D;Colisión;S/D;S/D
5776;2021;3/8/2021;Martes;02:00:00;;0.0;1;Moto/Ciclomotor;Amenábar Y Valparaíso;1;1;0;0;0;0;Calle;ROSARIO;Constitución;S/D;S/D;II;Dentro;Urbana;Otra Señal;S/D;Intersección;S/D;S/D;S/D;S/D;Múltiple;S/D;Colisión;S/D;S/D
5777;2021;3/8/2021;Martes;11:00:00;;0.0;1;Moto/Ciclomotor;Bv. Seguí Y Santiago;1;1;0;0;0;0;Avenida;ROSARIO;Constitución;Asfalto;S/D;II;Dentro;Urbana;Otra Señal;S/D;Intersección;S/D;S/D;Diurna;S/D;Múltiple;S/D;Colisión;S/D;S/D
5778;2021;3/8/2021;Martes;07:00:00;;0.0;1;Moto/Ciclomotor; ;1;1;0;0;0;0;Calle;VILLA GOBERNADOR GÁLVEZ;Constitución;S/D;S/D;II;Dentro;Urbana;Otra Señal;S/D;Intersección;S/D;S/D;Diurna;S/D;Múltiple;S/D;Colisión;S/D;S/D
5779;2021;3/8/2021;Martes;00:00:00;;0.0;1;Moto/Ciclomotor; ;1;1;0;0;0;0;S/D;ROSARIO;Constitución;S/D;S/D;II;S/D;S/D;Otra Señal;S/D;Intersección;S/D;S/D;Nocturna;S/D;Múltiple;S/D;Colisión;S/D;S/D
5780;2021;3/8/2021;Martes;;;0.0;1;Bicicleta; ;1;1;0;0;0;0;S/D;ROSARIO;Constitución;S/D;S/D;II;S/D;S/D;Otra Señal;S/D;Intersección;S/D;S/D;S/D;S/D;Múltiple;S/D;Colisión;S/D;S/D
5781;2021;3/8/2021;Martes;;;0.0;1;Moto/Ciclomotor; ;1;1;0;0;0;0;S/D;ROSARIO;Constitución;S/D;S/D;II;S/D;S/D;Otra Señal;S/D;Intersección;S/D;S/D;S/D;S/D;Múltiple;S/D;Colisión;S/D;S/D
5782;2021;3/8/2021;Martes;;;0.0;2;Moto/Ciclomotor,Moto/Ciclomotor;Francisco Ramírez ;3;2;0;0;0;0;Calle;RAFAELA;Constitución;S/D;S/D;V;Dentro;Urbana;Otra Señal;S/D;Intersección;S/D;S/D;S/D;S/D;Múltiple;S/D;Colisión;S/D;S/D
5783;2021;4/8/2021;Miercoles;16:00:00;;0.0;2;Moto/Ciclomotor,Automóvil;Moreno Y 25 de Mayo;2;1;0;1;0;0;Calle;LAGUNA PAIVA;La Capital;Asfalto;No existe;I;Dentro;Urbana;Otra Señal;Funciona;Intersección;Bueno;Buena;Diurna;Buen Tiempo;Múltiple;S/D;Colisión;Ninguna;Vertical
5784;2021;4/8/2021;Miercoles;18:00:00;;0.0;2;Moto/Ciclomotor,Automóvil;Salvador del Carril Y Las Heras;2;1;0;1;0;0;S/D;SANTA FE;La Capital;Asfalto;No existe;I;S/D;Urbana;Otra Señal;No existe;Intersección;Bueno;Buena;Diurna;Buen Tiempo;Múltiple;S/D;Colisión;Ninguna;S/D
5785;2021;4/8/2021;Miercoles;14:00:00;Ruta Nacional 11;0.0;2;Moto/Ciclomotor,Pickup/Utilitario; ;2;1;0;1;0;0;Ruta;CALCHAQUÍ;Vera;Ripio;Natural;XIX;S/D;Urbana;Otra Señal;No existe;Intersección;Bueno;Buena;Diurna;Buen Tiempo;Múltiple;S/D;Colisión;Ninguna;Faltante
5786;2021;4/8/2021;Miercoles;;;0.0;2;Moto/Ciclomotor,Automóvil;Juan Del Campillo Y 4 de Enero;2;1;0;1;0;0;Calle;SANTA FE;La Capital;Asfalto;No existe;I;Dentro;Urbana;Otra Señal;No existe;Intersección;Bueno;Buena;Diurna;Buen Tiempo;Múltiple;S/D;Colisión;Ninguna;Vertical
5787;2021;4/8/2021;Miercoles;;;0.0;2;Bicicleta,Automóvil;Ángel Cassanello Y San Martin;2;1;0;1;0;0;Calle;SANTA FE;La Capital;Asfalto;No existe;I;Dentro;Urbana;Otra Señal;No existe;Intersección;Bueno;Buena;Diurna;Buen Tiempo;Múltiple;Ciclista;Colisión;Ninguna;Vertical
5788;2021;4/8/2021;Miercoles;;;0.0;2;Moto/Ciclomotor,Automóvil;Av. Facundo Zuviria 4800;2;1;0;1;0;0;Avenida;SANTA FE;La Capital;Asfalto;No existe;I;Dentro;Urbana;Otra Señal;No existe;Intersección;Bueno;Buena;Diurna;Buen Tiempo;Múltiple;S/D;Colisión;Ninguna;Vertical
5789;2021;4/8/2021;Miercoles;18:30:00;;0.0;2;Camión c / Acoplado,Moto/Ciclomotor;Sarmiento Y I Crespo;2;1;0;1;0;0;Calle;SANTO DOMINGO;Las Colonias;Asfalto;No existe;XI;Fuera;Urbana;Otra Señal;No existe;Intersección;Bueno;Buena;Diurna;Buen Tiempo;Múltiple;S/D;Colisión;Ninguna;Horizontal
5790;2021;4/8/2021;Miercoles;11:00:00;;0.0;2;Automóvil,Moto/Ciclomotor;Bv Villa María Y Moreno;4;1;0;3;0;0;Calle;ARMSTRONG;Belgrano;Asfalto;No existe;III;Dentro;Urbana;Otra Señal;No existe;Intersección;Bueno;S/D;Amanecer;Buen Tiempo;Múltiple;S/D;Colisión;Ninguna;S/D
5791;2021;4/8/2021;Miercoles;07:45:00;Ruta Provincial 1;0.0;2;Camión c / Acoplado,Moto/Ciclomotor; ;3;0;0;2;0;0;Ruta;SAN JAVIER;San Javier;Asfalto;Natural;XIV;Dentro;Urbana;Otra Señal;No existe;Intersección;Bueno;Buena;Diurna;Buen Tiempo;Múltiple;S/D;Colisión;Ninguna;S/D
5792;2021;4/8/2021;Miercoles;;;0.0;2;Moto/Ciclomotor,Automóvil;Tucumán Y Suipacha;2;1;0;1;0;0;Calle;ROSARIO;Rosario;Asfalto;S/D;II;Dentro;Urbana;Otra Señal;S/D;Intersección;S/D;S/D;S/D;S/D;Múltiple;S/D;Colisión;S/D;S/D
5793;2021;4/8/2021;Miercoles;13:15:00;;0.0;2;Peatón,Automóvil;Tucumán Y Av. Corrientes;2;1;0;1;0;0;Calle;ROSARIO;Rosario;Asfalto;No existe;II;Dentro;Urbana;Otra Señal;No existe;Intersección;Bueno;Buena;Diurna;Buen Tiempo;Múltiple;Peatón;Colisión;Ninguna;S/D
5794;2021;4/8/2021;Miercoles;19:50:00;;0.0;2;Automóvil,Moto/Ciclomotor;Pte. Roca Y Tucumán;2;1;0;1;0;0;Calle;ROSARIO;Rosario;Asfalto;No existe;II;Dentro;Urbana;Otra Señal;No existe;Intersección;Bueno;Buena;Diurna;Buen Tiempo;Múltiple;S/D;Colisión;Ninguna;Faltante
5795;2021;4/8/2021;Miercoles;20:20:00;;0.0;2;Moto/Ciclomotor,Moto/Ciclomotor;Cochabamba Y Av. Corrientes;2;1;0;1;0;0;Calle;ROSARIO;Rosario;Asfalto;S/D;II;Dentro;Urbana;Otra Señal;No existe;Intersección;Bueno;Buena;Nocturna,Con luz artificial;Buen Tiempo;Múltiple;S/D;Colisión;Ninguna;Faltante
5796;2021;4/8/2021;Miercoles;13:00:00;;0.0;2;Moto/Ciclomotor,Automóvil;Riobamba Y Beruti;3;2;0;1;0;0;Calle;ROSARIO;Rosario;Asfalto;No existe;II;Dentro;Urbana;Otra Señal;No existe;Intersección;Bueno;Buena;Diurna;Buen Tiempo;Múltiple;S/D;Colisión;Ninguna;Faltante
5797;2021;4/8/2021;Miercoles;12:15:00;;0.0;2;Moto/Ciclomotor,Automóvil;Pje. Aconcagua Y Paysandú;3;1;0;0;0;2;Calle;ROSARIO;Rosario;Asfalto;No existe;II;Dentro;Urbana;Otra Señal;No existe;Intersección;Bueno;Reducida;Diurna;Buen Tiempo;Múltiple;Ciclista;Colisión;Ninguna;Faltante
5798;2021;4/8/2021;Miercoles;05:20:00;;0.0;2;Moto/Ciclomotor,Automóvil;Junín Y Florida;2;1;0;1;0;0;S/D;ROSARIO;Rosario;Asfalto;S/D;II;S/D;Urbana;Otra Señal;S/D;Intersección;Bueno;S/D;S/D;Buen Tiempo;Múltiple;S/D;Colisión;Ninguna;S/D
5799;2021;4/8/2021;Miercoles;22:15:00;;0.0;2;Automóvil,Moto/Ciclomotor;José Ingenieros Y L.M.Drago Bis;2;2;0;0;0;0;S/D;ROSARIO;Rosario;Asfalto;S/D;II;S/D;Urbana;Otra Señal;S/D;Intersección;Bueno;S/D;S/D;Buen Tiempo;Múltiple;S/D;Colisión;Ninguna;S/D
5800;2021;4/8/2021;Miercoles;16:00:00;;0.0;2;Moto/Ciclomotor,Pickup/Utilitario;Roca ;2;1;0;1;0;0;S/D;RICARDONE;San Lorenzo;S/D;S/D;XVII;S/D;S/D;Otra Señal;S/D;Intersección;S/D;S/D;S/D;S/D;Múltiple;S/D;Colisión;S/D;S/D
5801;2021;4/8/2021;Miercoles;07:30:00;;0.0;1;Otros;Uruguay ;1;1;0;0;0;0;Calle;SAN LORENZO;San Lorenzo;S/D;S/D;XVII;S/D;S/D;Otra Señal;S/D;Intersección;S/D;S/D;S/D;S/D;Múltiple;S/D;Colisión;S/D;S/D
5802;2021;4/8/2021;Miercoles;14:44:00;Autopista Nacional Rosario -Cordoba;320.0;2;Camión Chasis,Camión c / Acoplado; ;2;1;0;1;0;0;Autopista;ROLDÁN;San Lorenzo;Asfalto;Natural;XVII;S/D;S/D;Otra Señal;S/D;Intersección;Bueno;S/D;Diurna;S/D;Múltiple;S/D;Colisión;S/D;S/D
5803;2021;4/8/2021;Miercoles;09:00:00;Ruta Nacional 9;0.0;2;Moto/Ciclomotor,Automóvil;Hernández ;2;1;0;1;0;0;Ruta;FUNES;Rosario;Asfalto;Ripio;II;Dentro;Urbana;Otra Señal;No existe;Intersección;Bueno;S/D;S/D;Buen Tiempo;Múltiple;S/D;Colisión;Ninguna;Faltante
5804;2021;4/8/2021;Miercoles;07:55:00;;0.0;2;Bicicleta,Automóvil;Av. Gral. San Martin Y Eva Perón;2;1;0;1;0;0;Calle;VILLA GOBERNADOR GÁLVEZ;Rosario;Asfalto;No existe;II;Dentro;Urbana;Otra Señal;Funciona;Intersección;Bueno;Buena;Diurna;Buen Tiempo;Múltiple;Ciclista;Colisión;Ninguna;Faltante
5805;2021;4/8/2021;Miercoles;15:35:00;Ruta Provincial 80;0.0;3;Automóvil,Automóvil,Pickup/Utilitario;RUTA 50s ;4;2;0;2;0;0;Ruta;GÁLVEZ;San JERÓNIMO;S/D;S/D;II;Fuera;Rural;Otra Señal;S/D;Intersección;S/D;S/D;S/D;S/D;Múltiple;S/D;Colisión;S/D;S/D
5806;2021;4/8/2021;Miercoles;16:40:00;;0.0;1;Moto/Ciclomotor;Bv G L Lehmann Y I Arias;1;1;0;0;0;0;Avenida;RAFAELA;Castellanos;S/D;S/D;V;Dentro;Urbana;Otra Señal;S/D;Intersección;S/D;S/D;S/D;S/D;Múltiple;S/D;Colisión;S/D;S/D
5807;2021;4/8/2021;Miercoles;;Ruta Provincial 1;0.0;1;Otros; ;1;1;0;0;0;0;Ruta;SAN JAVIER;San Javier;S/D;S/D;XIV;Fuera;Urbana;Otra Señal;S/D;Intersección;S/D;S/D;S/D;S/D;Múltiple;S/D;Colisión;S/D;S/D
5808;2021;4/8/2021;Miercoles;00:00:00;;0.0;2;Moto/Ciclomotor,Automóvil;Nicolas Avellaneda Y Cornelio Saavedra;4;2;0;2;0;0;Calle;VENADO TUERTO;Constitución;S/D;S/D;VIII;Dentro;Urbana;Otra Señal;S/D;Intersección;S/D;S/D;S/D;S/D;Múltiple;S/D;Colisión;S/D;S/D
5809;2021;4/8/2021;Miercoles;23:20:00;;0.0;2;Moto/Ciclomotor,Automóvil;Cornelio Saavedra Y Martin de Pueyrredón;2;1;0;1;0;0;Calle;VENADO TUERTO;Constitución;S/D;S/D;VIII;Dentro;Urbana;Otra Señal;S/D;Intersección;S/D;S/D;S/D;S/D;Múltiple;S/D;Colisión;S/D;S/D
5810;2021;4/8/2021;Miercoles;17:42:00;;0.0;2;Bicicleta,Automóvil;Alberdi Juan Bautista Y French;2;1;0;1;0;0;Calle;VENADO TUERTO;Constitución;S/D;S/D;VIII;Dentro;Urbana;Otra Señal;S/D;Intersección;S/D;S/D;S/D;S/D;Múltiple;Ciclista;Colisión;S/D;S/D
5811;2021;4/8/2021;Miercoles;18:40:00;;0.0;2;Moto/Ciclomotor,Automóvil;Maestros Argentinos Y Av. Dr. Luis Chapuis;2;1;0;1;0;0;Calle;VENADO TUERTO;Constitución;S/D;S/D;VIII;Dentro;Urbana;Otra Señal;S/D;Intersección;S/D;S/D;S/D;S/D;Múltiple;S/D;Colisión;S/D;S/D
5812;2021;4/8/2021;Miercoles;12:30:00;;0.0;2;Moto/Ciclomotor,Automóvil;Dean Funes Y Juan José Castelli;2;1;0;1;0;0;Calle;VENADO TUERTO;Constitución;S/D;S/D;VIII;Dentro;Urbana;Otra Señal;S/D;Intersección;S/D;S/D;S/D;S/D;Múltiple;S/D;Colisión;S/D;S/D
5813;2021;4/8/2021;Miercoles;;Ruta Nacional 11;0.0;2;Moto/Ciclomotor,Moto/Ciclomotor;Calle 47-Islas Malvinas ;2;2;0;0;0;0;Ruta;RECONQUISTA;Constitución;S/D;S/D;IX;Dentro;Urbana;Otra Señal;S/D;Intersección;S/D;S/D;S/D;S/D;Múltiple;S/D;Colisión;S/D;S/D
5814;2021;4/8/2021;Miercoles;;;0.0;1;Otros; ;1;1;0;0;0;0;Calle;ROSARIO;Constitución;S/D;S/D;II;Dentro;Urbana;Otra Señal;S/D;Intersección;S/D;S/D;S/D;S/D;Múltiple;S/D;Colisión;S/D;S/D
5815;2021;4/8/2021;Miercoles;;;0.0;1;Otros; ;1;0;0;0;0;1;Calle;ROSARIO;Constitución;S/D;S/D;II;Dentro;Urbana;Otra Señal;S/D;Intersección;S/D;S/D;S/D;S/D;Múltiple;S/D;Colisión;S/D;S/D
5816;2021;4/8/2021;Miercoles;10:30:00;;0.0;1;Moto/Ciclomotor;Crespo 1700;1;1;0;0;0;0;Calle;ROSARIO;Constitución;Asfalto;S/D;II;Dentro;Urbana;Otra Señal;S/D;Intersección;S/D;S/D;Diurna;S/D;Múltiple;S/D;Colisión;S/D;S/D
5817;2021;4/8/2021;Miercoles;10:45:00;;0.0;1;Moto/Ciclomotor;San Luis Y Ricchieri;1;1;0;0;0;0;Calle;ROSARIO;Constitución;Asfalto;S/D;II;Dentro;Urbana;Otra Señal;S/D;Intersección;S/D;S/D;Diurna;S/D;Múltiple;S/D;Colisión;S/D;S/D
5818;2021;4/8/2021;Miercoles;21:05:00;;0.0;1;Moto/Ciclomotor;Francia F Y Pte. Quintana;1;1;0;0;0;0;Calle;ROSARIO;Constitución;Asfalto;S/D;II;Dentro;Urbana;Otra Señal;S/D;Intersección;S/D;S/D;Nocturna;S/D;Múltiple;S/D;Colisión;S/D;S/D
5819;2021;4/8/2021;Miercoles;19:00:00;;0.0;1;Automóvil; ;1;1;0;0;0;0;S/D;ROSARIO;Constitución;S/D;S/D;II;S/D;S/D;Otra Señal;S/D;Intersección;S/D;S/D;Diurna;S/D;Múltiple;S/D;Colisión;S/D;S/D
5820;2021;4/8/2021;Miercoles;19:35:00;;0.0;1;Moto/Ciclomotor;Rivadavia Y Córdoba;1;0;0;0;0;0;Calle;SAN CARLOS CENTRO;Constitución;Ripio;No existe;XI;Dentro;Urbana;Otra Señal;No existe;Intersección;Bueno;Buena;Nocturna;Buen Tiempo;Múltiple;S/D;Colisión;Ninguna;Faltante
5821;2021;4/8/2021;Miercoles;14:40:00;;0.0;2;Automóvil,Peatón;Pueyrredón Y Santa Fe;3;1;0;1;0;0;Calle;ROSARIO;Constitución;Asfalto;No existe;II;Dentro;Urbana;Otra Señal;No existe;Intersección;Bueno;Buena;Diurna;Buen Tiempo;Múltiple;Peatón;Colisión;Ninguna;Faltante
5822;2021;4/8/2021;Miercoles;;;0.0;2;Moto/Ciclomotor,Automóvil;Ing.Laporte Y Pago Largo;2;0;0;0;0;1;Calle;ROSARIO;Constitución;Asfalto;No existe;II;Dentro;Urbana;Otra Señal;No existe;Intersección;Bueno;S/D;Nocturna;Buen Tiempo;Múltiple;S/D;Colisión;Ninguna;Faltante
5823;2021;4/8/2021;Miercoles;10:00:00;;0.0;2;Moto/Ciclomotor,Automóvil;Ayacucho 6300;2;0;0;1;0;0;Calle;ROSARIO;Constitución;Asfalto;No existe;II;Dentro;Urbana;Otra Señal;No existe;Intersección;Bueno;Buena;Diurna;Buen Tiempo;Múltiple;S/D;Colisión;Ninguna;Faltante
5824;2021;4/8/2021;Miercoles;13:00:00;;0.0;2;Tren,Peatón;Ecuador ;2;0;0;1;0;0;Calle;ROSARIO;Constitución;S/D;No existe;II;S/D;Urbana;Otra Señal;No existe;Intersección;S/D;Buena;Diurna;Buen Tiempo;Múltiple;Peatón;Colisión;Ninguna;Faltante
5825;2021;4/8/2021;Miercoles;08:00:00;;0.0;2;Automóvil,Moto/Ciclomotor;Suipacha ;2;0;0;1;0;0;S/D;FUNES;Constitución;Asfalto;Natural;II;S/D;S/D;Otra Señal;No existe;Intersección;Bueno;Buena;Diurna;Buen Tiempo;Múltiple;S/D;Colisión;Ninguna;Faltante
5826;2021;4/8/2021;Miercoles;;;0.0;2;Moto/Ciclomotor,Automóvil;Av. Irigoyen Y Dean Funes;2;0;0;1;0;0;Calle;SUNCHALES;Constitución;S/D;S/D;V;Dentro;Urbana;Otra Señal;S/D;Intersección;S/D;S/D;S/D;S/D;Múltiple;S/D;Colisión;S/D;S/D
5827;2021;5/8/2021;Jueves;13:10:00;;0.0;2;Automóvil,Moto/Ciclomotor;Rivadavia 5600;2;1;0;1;0;0;Calle;MONTE VERA;La Capital;Ripio;No existe;I;Dentro;Urbana;Otra Señal;No existe;Intersección;Con baches;Buena;Diurna;Buen Tiempo;Múltiple;S/D;Colisión;Ninguna;S/D
5828;2021;5/8/2021;Jueves;09:00:00;Ruta Provincial 2;0.0;2;Automóvil,Moto/Ciclomotor; ;2;1;0;1;0;0;Ruta;MONTE VERA;La Capital;Asfalto;Natural;I;Dentro;Urbana;Otra Señal;No existe;Intersección;Bueno;Buena;Amanecer;Niebla;Múltiple;S/D;Colisión;Ninguna;S/D
5829;2021;5/8/2021;Jueves;18:10:00;;0.0;2;Automóvil,Moto/Ciclomotor;Juan B Alberdi Y Florencio Sánchez;2;1;0;1;0;0;Calle;LAGUNA PAIVA;La Capital;Tierra;No existe;I;S/D;Urbana;Otra Señal;No existe;Intersección;Bueno;Buena;Diurna;Buen Tiempo;Múltiple;S/D;Colisión;Ninguna;Faltante
5830;2021;5/8/2021;Jueves;02:00:00;Autopista Nacional Gral. Juan Jose Valle;22.0;1;Camión c / Semirremolque; ;1;0;0;0;1;0;Autopista;SAN LORENZO;San Lorenzo;Asfalto;Natural;XVII;S/D;Rural;Otra Señal;No existe;Intersección;Bueno;S/D;Nocturna;S/D;Múltiple;S/D;Colisión;Ninguna;Faltante
5831;2021;5/8/2021;Jueves;09:30:00;;0.0;2;Moto/Ciclomotor,Automóvil;J Castelli Y Alberdi;2;1;0;1;0;0;Calle;SANTA FE;La Capital;Asfalto;No existe;I;S/D;Urbana;Otra Señal;No existe;Intersección;Bueno;Buena;Diurna;Buen Tiempo;Múltiple;S/D;Colisión;Ninguna;S/D
5832;2021;5/8/2021;Jueves;19:20:00;;0.0;2;Automóvil,Automóvil;Av. Gral. Paz Y Luciano Torrent;2;1;0;1;0;0;Calle;SANTA FE;La Capital;Asfalto;No existe;I;S/D;Urbana;Otra Señal;No existe;Intersección;Bueno;Buena;Diurna;Buen Tiempo;Múltiple;S/D;Colisión;Ninguna;S/D
5833;2021;5/8/2021;Jueves;13:50:00;;0.0;2;Camión Chasis,Moto/Ciclomotor;Colon Y Av. Arronga;3;2;0;1;0;0;Calle;VERA;Vera;Asfalto,Ripio;No existe;XIX;S/D;Urbana;Otra Señal;No existe;Intersección;Bueno;Buena;Diurna;Buen Tiempo;Múltiple;S/D;Colisión;Ninguna;Faltante
5834;2021;5/8/2021;Jueves;13:15:00;;0.0;2;Automóvil,Moto/Ciclomotor;Ituzaingó Y Alvear;2;1;0;1;0;0;Calle;SANTA FE;La Capital;Asfalto;No existe;I;Dentro;Urbana;Otra Señal;No existe;Intersección;Bueno;S/D;S/D;S/D;Múltiple;S/D;Colisión;S/D;S/D
5835;2021;5/8/2021;Jueves;07:40:00;;0.0;2;Moto/Ciclomotor,Automóvil;Av. Leandro Alem Y Belgrano;2;1;0;1;0;0;Calle;SANTA FE;La Capital;Asfalto;Pavimento;I;Dentro;Urbana;Otra Señal;Funciona;Intersección;Bueno;Buena;Diurna;Buen Tiempo;Múltiple;S/D;Colisión;Ninguna;Faltante
5836;2021;5/8/2021;Jueves;19:30:00;;0.0;2;Automóvil,Moto/Ciclomotor;Juan José Castelli Y Lisandro de La Torre;2;1;0;1;0;0;Calle;SANTO TOMÉ;La Capital;Asfalto;No existe;I;Dentro;Urbana;Otra Señal;No existe;Intersección;Bueno;Buena;Nocturna,Con luz artificial;Buen Tiempo;Múltiple;S/D;Colisión;Ninguna;Faltante
5837;2021;5/8/2021;Jueves;10:50:00;;0.0;2;Automóvil,Bicicleta;Juan José Castelli Y Hernandarias;2;1;0;1;0;0;S/D;SANTO TOMÉ;La Capital;Asfalto;No existe;I;Fuera;Urbana;Otra Señal;Intermitente;Intersección;Bueno;Buena;Diurna;Buen Tiempo;Múltiple;S/D;Colisión;Ninguna;Faltante
5838;2021;5/8/2021;Jueves;;;0.0;2;Transporte de Pasajeros Urbano (> 8 asientos),Bicicleta;Av. A del Valle Y Gutiérrez;2;1;0;1;0;0;Avenida;SANTA FE;La Capital;Asfalto;No existe;I;Dentro;Urbana;Otra Señal;Funciona;Intersección;Bueno;Buena;Diurna;Buen Tiempo;Múltiple;Ciclista;Colisión;Ninguna;Vertical
5839;2021;5/8/2021;Jueves;;;0.0;2;Pickup/Utilitario,Moto/Ciclomotor;Quintana Y Pedro Alejandro Vittori;2;1;0;1;0;0;S/D;SANTA FE;La Capital;Asfalto;No existe;I;S/D;S/D;Otra Señal;No existe;Intersección;Bueno;Buena;Diurna;Buen Tiempo;Múltiple;S/D;Colisión;Ninguna;Vertical