ID_Accidente;A�o;Fecha;Dia;Hopra;Ruta/Autop;km;Participantes;Tipo;Lugar;Total;Heridos Leves;Heridos Graves;Ilesos;Fallecidos;Sin datos;desc_tipo_via;desc_loc;desc_dpto;|;desc_tipo_banquina;desc_unidad_regional;desc_lugar_calzada;desc_zona;desc_prioridad;desc_estado_semaforo;desc_lugar_via;desc_estado_via;desc_estado_visibilidad;desc_luminosidad;desc_estado_clima;desc_tipo_colision;desc_tipo_atropello;desc_tipo_hecho;desc_pres_calzada;desc_senializacion
5840;2021;5/8/2021;Jueves;19:40:00;;0.0;2;Bicicleta,Pickup/Utilitario;General Manuel Belgrano Y G Lehmann;2;1;0;1;0;0;Calle;ESPERANZA;Las Colonias;Asfalto;No existe;XI;S/D;Urbana;Otra Señal;No existe;Intersección;Bueno;Buena;Amanecer;Buen Tiempo;Múltiple;Ciclista;Colisión;Ninguna;Horizontal
5841;2021;5/8/2021;Jueves;16:20:00;;0.0;2;Moto/Ciclomotor,Automóvil;Cochabamba Y Av. Corrientes;7;2;0;5;0;0;Calle;ROSARIO;Rosario;Asfalto;No existe;II;Dentro;Urbana;Otra Señal;No existe;Intersección;Bueno;Buena;Diurna;Buen Tiempo;Múltiple;S/D;Colisión;Ninguna;Faltante
5842;2021;5/8/2021;Jueves;16:20:00;;0.0;2;Moto/Ciclomotor,Automóvil;Av. Corrientes Y Cerrito;3;2;0;1;0;0;Calle;ROSARIO;Rosario;Asfalto;No existe;II;Dentro;Urbana;Otra Señal;No existe;Intersección;Bueno;Buena;Diurna;Buen Tiempo;Múltiple;S/D;Colisión;Ninguna;Faltante
5843;2021;5/8/2021;Jueves;14:00:00;;0.0;2;Moto/Ciclomotor,Automóvil;Nicolas Laguna Y Pje. Galileo;2;1;0;1;0;0;Calle;ROSARIO;Rosario;Asfalto;S/D;II;S/D;Urbana;Otra Señal;S/D;Intersección;S/D;S/D;S/D;Buen Tiempo;Múltiple;S/D;Colisión;S/D;S/D
5844;2021;5/8/2021;Jueves;08:45:00;;0.0;1;Automóvil; ;1;1;0;0;0;0;Calle;TIMBÚES;San Lorenzo;Asfalto;Natural;XVII;Fuera;Rural;Otra Señal;No existe;Intersección;Bueno;Buena;Diurna;Buen Tiempo;Múltiple;S/D;Colisión;Ninguna;Vertical
5845;2021;5/8/2021;Jueves;20:40:00;Ruta Nacional 11;0.0;2;Moto/Ciclomotor,Moto/Ciclomotor; ;2;2;0;0;0;0;Ruta;SAN LORENZO;San Lorenzo;S/D;S/D;XVII;S/D;Urbana;Otra Señal;S/D;Intersección;S/D;S/D;S/D;S/D;Múltiple;S/D;Colisión;S/D;S/D
5846;2021;5/8/2021;Jueves;17:15:00;;0.0;2;Moto/Ciclomotor,Moto/Ciclomotor;Dorrego Y 9 de Julio;4;1;0;3;0;0;S/D;SAN LORENZO;San Lorenzo;S/D;S/D;XVII;S/D;S/D;Otra Señal;S/D;Intersección;S/D;S/D;Diurna;S/D;Múltiple;S/D;Colisión;S/D;S/D
5847;2021;5/8/2021;Jueves;18:20:00;;0.0;2;Moto/Ciclomotor,Automóvil;Av. San Martin Y Dr. Ghio;3;1;0;2;0;0;S/D;SAN LORENZO;San Lorenzo;S/D;S/D;XVII;S/D;Urbana;Otra Señal;S/D;Intersección;S/D;S/D;Diurna;S/D;Múltiple;S/D;Colisión;S/D;S/D
5848;2021;5/8/2021;Jueves;18:50:00;;0.0;2;Pickup/Utilitario,Moto/Ciclomotor;Moreno Y Bv San Martin;2;1;0;1;0;0;Avenida;ÁLVAREZ;Rosario;Asfalto;Pavimento;II;S/D;Urbana;Otra Señal;No existe;Intersección;Bueno;Buena;Diurna;Buen Tiempo;Múltiple;S/D;Colisión;Ninguna;Faltante
5849;2021;5/8/2021;Jueves;;;0.0;2;Pickup/Utilitario,Peatón;El Jilguero Y Las Casuarinas;2;1;0;1;0;0;Calle;PEREZ;Rosario;Asfalto;Pavimento;II;Dentro;Urbana;Otra Señal;No existe;Intersección;Deteriorada;Buena;Diurna;Buen Tiempo;Múltiple;Peatón;Colisión;Ninguna;Faltante
5850;2021;5/8/2021;Jueves;07:00:00;Ruta Provincial 21;0.0;1;Pickup/Utilitario;SAN JUAN ;1;1;0;0;0;0;Ruta;PUEBLO ESTHER;Rosario;Asfalto;S/D;II;S/D;Urbana;Otra Señal;No existe;Intersección;Otro;Buena;Diurna;Buen Tiempo;Múltiple;S/D;Colisión;Ninguna;Faltante
5851;2021;5/8/2021;Jueves;14:45:00;Ruta Nacional 11;0.0;1;Bicicleta;Roverano ;1;1;0;0;0;0;Ruta;SANTO TOMÉ;La Capital;Asfalto;No existe;I;S/D;Urbana;Otra Señal;No existe;Intersección;Bueno;Buena;Diurna;Buen Tiempo;Múltiple;Ciclista;Colisión;Ninguna;Faltante
5852;2021;5/8/2021;Jueves;;;0.0;2;Bicicleta,Automóvil; ;2;2;0;0;0;0;S/D;ESPERANZA;Las Colonias;S/D;S/D;XI;S/D;S/D;Otra Señal;S/D;Intersección;S/D;S/D;S/D;S/D;Múltiple;Ciclista;Colisión;S/D;S/D
5853;2021;5/8/2021;Jueves;;;0.0;2;Moto/Ciclomotor,Automóvil;25 de Mayo Y Domingo Faustino Sarmiento;2;1;0;1;0;0;Calle;HUGHES;General LÓPEZ;S/D;S/D;VIII;Dentro;Urbana;Otra Señal;S/D;Intersección;S/D;S/D;S/D;S/D;Múltiple;S/D;Colisión;S/D;S/D
5854;2021;5/8/2021;Jueves;;Ruta Provincial 65;0.0;2;Automóvil,Moto/Ciclomotor;Juan B Justo ;2;1;0;1;0;0;Ruta;SAN GENARO;San JERÓNIMO;S/D;S/D;XV;Fuera;Rural;Otra Señal;S/D;Intersección;S/D;S/D;S/D;S/D;Múltiple;S/D;Colisión;S/D;S/D
5855;2021;5/8/2021;Jueves;17:45:00;;0.0;2;Automóvil,Moto/Ciclomotor;Iturbide Y Cabral;2;1;0;1;0;0;Calle;VENADO TUERTO;Constitución;S/D;S/D;VIII;Dentro;Urbana;Otra Señal;S/D;Intersección;S/D;S/D;S/D;S/D;Múltiple;S/D;Colisión;S/D;S/D
5856;2021;5/8/2021;Jueves;17:40:00;;0.0;1;Moto/Ciclomotor;Calle 19-Habegger ;1;1;0;0;0;0;Calle;RECONQUISTA;Constitución;S/D;S/D;IX;Dentro;Urbana;Otra Señal;S/D;Intersección;S/D;S/D;S/D;S/D;Múltiple;S/D;Colisión;S/D;S/D
5857;2021;5/8/2021;Jueves;09:30:00;;0.0;1;Moto/Ciclomotor;San Juan Y Bv. Avellaneda;1;1;0;0;0;0;Calle;ROSARIO;Constitución;Asfalto;S/D;II;Dentro;Urbana;Otra Señal;S/D;Intersección;S/D;S/D;Diurna;S/D;Múltiple;S/D;Colisión;S/D;S/D
5858;2021;5/8/2021;Jueves;16:00:00;;0.0;1;Moto/Ciclomotor;Francia F Y Bv. Seguí;1;1;0;0;0;0;Calle;ROSARIO;Constitución;Asfalto;S/D;II;Dentro;Urbana;Otra Señal;S/D;Intersección;S/D;S/D;Diurna;S/D;Múltiple;S/D;Colisión;S/D;S/D
5859;2021;5/8/2021;Jueves;11:30:00;;0.0;1;Moto/Ciclomotor;Alsina Y E.Zeballos;1;1;0;0;0;0;Calle;ROSARIO;Constitución;Asfalto;S/D;II;Dentro;Urbana;Otra Señal;S/D;Intersección;S/D;S/D;Diurna;S/D;Múltiple;S/D;Colisión;S/D;S/D
5860;2021;5/8/2021;Jueves;08:05:00;;0.0;2;Bicicleta,Otros;San Juan Y Mariano Moreno;2;1;0;0;0;1;Calle;ROSARIO;Constitución;Asfalto;S/D;II;Dentro;Urbana;Otra Señal;S/D;Intersección;S/D;S/D;Diurna;S/D;Múltiple;Ciclista;Colisión;S/D;S/D
5861;2021;5/8/2021;Jueves;16:00:00;;0.0;1;Moto/Ciclomotor;24 De Setiembre Y Entre Ríos;1;1;0;0;0;0;Calle;ROSARIO;Constitución;Asfalto;S/D;II;Dentro;Urbana;Otra Señal;S/D;Intersección;S/D;S/D;Diurna;S/D;Múltiple;S/D;Colisión;S/D;S/D
5862;2021;5/8/2021;Jueves;21:05:00;;0.0;1;Moto/Ciclomotor;José Ingenieros ;1;1;0;0;0;0;Calle;ROSARIO;Constitución;Asfalto;S/D;II;Dentro;Urbana;Otra Señal;S/D;Intersección;S/D;S/D;Nocturna;S/D;Múltiple;S/D;Colisión;S/D;S/D
5863;2021;5/8/2021;Jueves;06:00:00;;0.0;1;Bicicleta; ;1;1;0;0;0;0;S/D;ROSARIO;Constitución;S/D;S/D;II;S/D;S/D;Otra Señal;S/D;Intersección;S/D;S/D;Amanecer;S/D;Múltiple;S/D;Colisión;S/D;S/D
5864;2021;5/8/2021;Jueves;23:00:00;;0.0;1;Moto/Ciclomotor; ;1;1;0;0;0;0;S/D;ROSARIO;Constitución;S/D;S/D;II;S/D;S/D;Otra Señal;S/D;Intersección;S/D;S/D;Nocturna;S/D;Múltiple;S/D;Colisión;S/D;S/D
5865;2021;5/8/2021;Jueves;05:00:00;;0.0;1;Automóvil; ;1;1;0;0;0;0;S/D;ROSARIO;Constitución;S/D;S/D;II;S/D;S/D;Otra Señal;S/D;Intersección;S/D;S/D;Nocturna;S/D;Múltiple;S/D;Colisión;S/D;S/D
5866;2021;5/8/2021;Jueves;20:00:00;;0.0;1;Moto/Ciclomotor;América ;1;0;0;0;0;0;Calle;PUERTO SAN MARTÍN;Constitución;Ripio;Ripio;XVII;Dentro;Urbana;Otra Señal;S/D;Intersección;Con baches;Buena;Nocturna;Buen Tiempo;Múltiple;S/D;Colisión;Ninguna;Faltante
5867;2021;5/8/2021;Jueves;17:00:00;;0.0;2;Bicicleta,Automóvil;Vuelta De Obligado Y Av. Uriburu;2;0;0;0;0;1;S/D;ROSARIO;Constitución;Asfalto;Pavimento;II;S/D;Urbana;Otra Señal;No existe;Intersección;Bueno;Buena;Diurna;Buen Tiempo;Múltiple;Ciclista;Colisión;Ninguna;Faltante
5868;2021;5/8/2021;Jueves;01:35:00;Ruta Provincial 80;0.0;1;Camión c / Acoplado; ;4;1;0;2;0;0;Ruta;GÁLVEZ;Constitución;S/D;S/D;XV;Fuera;Rural;Otra Señal;S/D;Intersección;S/D;S/D;S/D;S/D;Múltiple;S/D;Colisión;S/D;S/D
5869;2021;6/8/2021;Viernes;13:25:00;;0.0;2;Moto/Ciclomotor,Pickup/Utilitario;VICENTE BENÍTEZ ;3;1;0;2;0;0;Calle;GATO COLORADO;9 de Julio;Ripio;No existe;XII;Dentro;Urbana;Otra Señal;No existe;Intersección;Bueno;Buena;Diurna;Buen Tiempo;Múltiple;S/D;Colisión;Ninguna;Faltante
5870;2021;6/8/2021;Viernes;12:40:00;;0.0;2;Moto/Ciclomotor,Camión c / Semirremolque;Gregoria Matorras Y Pedro B Palacios;2;0;0;1;1;0;Calle;GÁLVEZ;San JERÓNIMO;Tierra;No existe;XV;S/D;Urbana;Otra Señal;No existe;Intersección;S/D;S/D;Diurna;Buen Tiempo;Múltiple;S/D;Colisión;S/D;S/D
5871;2021;6/8/2021;Viernes;10:50:00;Ruta Provincial 1;0.0;2;Moto/Ciclomotor,Automóvil; ;3;1;0;2;0;0;Ruta;COLASTINE;La Capital;Asfalto;Pavimento;I;Dentro;Urbana;Otra Señal;Funciona;Intersección;Bueno;Buena;Diurna;Buen Tiempo;Múltiple;S/D;Colisión;Ninguna;Vertical
5872;2021;6/8/2021;Viernes;15:00:00;;0.0;2;Moto/Ciclomotor,Pickup/Utilitario;Av. A del Valle Y Llerena;2;1;0;1;0;0;Calle;SANTA FE;La Capital;Asfalto;No existe;I;S/D;Urbana;Otra Señal;No existe;Intersección;Bueno;Buena;Diurna;Buen Tiempo;Múltiple;S/D;Colisión;Ninguna;S/D
5873;2021;6/8/2021;Viernes;18:40:00;;0.0;2;Bicicleta,Automóvil;Primera Junta Y 1ro de Mayo;2;1;0;1;0;0;Calle;SANTA FE;La Capital;Asfalto;Pavimento;I;Dentro;Urbana;Otra Señal;Funciona;Intersección;Bueno;Buena;Atardecer;Buen Tiempo;Múltiple;Ciclista;Colisión;Ninguna;Faltante
5874;2021;6/8/2021;Viernes;21:00:00;;0.0;2;Moto/Ciclomotor,Automóvil;Pres Domingo Faustino Sarmiento Y Juan José Paso;2;1;0;1;0;0;S/D;SANTO TOMÉ;La Capital;Asfalto;No existe;I;S/D;Urbana;Otra Señal;No existe;Intersección;Bueno;Buena;Nocturna;Buen Tiempo;Múltiple;S/D;Colisión;Ninguna;Faltante
5875;2021;6/8/2021;Viernes;17:30:00;;0.0;2;Automóvil,Moto/Ciclomotor;Calle 14 Y Calle 57;3;2;0;1;0;0;Calle;SAUCE VIEJO;La Capital;Ripio;S/D;I;Dentro;Urbana;Otra Señal;No existe;Intersección;Bueno;Buena;Diurna;Buen Tiempo;Múltiple;S/D;Colisión;Ninguna;Faltante
5876;2021;6/8/2021;Viernes;23:15:00;;0.0;2;Moto/Ciclomotor,Automóvil;Av. Córdoba Y Gobernador Crespo;6;1;0;5;0;0;Avenida;ESPERANZA;Las Colonias;Asfalto;S/D;XI;Dentro;Urbana;Otra Señal;S/D;Intersección;Bueno;Buena;Con luz artificial;Buen Tiempo;Múltiple;S/D;Colisión;Ninguna;S/D
5877;2021;6/8/2021;Viernes;12:00:00;;0.0;2;Automóvil,Automóvil; ;2;1;0;1;0;0;S/D;ESPERANZA;Las Colonias;Asfalto;S/D;XI;S/D;Urbana;Otra Señal;Funciona;Intersección;S/D;Buena;Diurna;Buen Tiempo;Múltiple;S/D;Colisión;S/D;S/D
5878;2021;6/8/2021;Viernes;03:30:00;Ruta Provincial 1;67.0;1;Camión; ;2;2;0;0;0;0;Ruta;CAYASTA;Garay;Asfalto;Natural;VII;Dentro;S/D;Otra Señal;No existe;Intersección;Ahuellamiento;Reducida;Diurna;Buen Tiempo;Múltiple;S/D;Colisión;Ninguna;Vertical
5879;2021;6/8/2021;Viernes;21:30:00;;0.0;2;Moto/Ciclomotor,Automóvil;Avenida 21 Y Calle 14;2;1;0;1;0;0;Avenida;LAS PAREJAS;Belgrano;Asfalto;No existe;III;Dentro;Urbana;Otra Señal;No existe;Intersección;Bueno;Buena;Nocturna;Buen Tiempo;Múltiple;S/D;Colisión;Ninguna;S/D
5880;2021;6/8/2021;Viernes;17:20:00;Ruta Nacional 178;0.0;2;Moto/Ciclomotor,Automóvil; ;7;3;0;4;0;0;Ruta;LAS ROSAS;Belgrano;Asfalto;Ripio;III;Dentro;Urbana;Otra Señal;No existe;Intersección;Bueno;Buena;Diurna;Buen Tiempo;Múltiple;S/D;Colisión;Ninguna;S/D
5881;2021;6/8/2021;Viernes;17:10:00;;0.0;2;Automóvil,Moto/Ciclomotor;España Y Brown;2;1;0;1;0;0;Calle;ROSARIO;Rosario;Asfalto;No existe;II;Dentro;Urbana;Otra Señal;No existe;Intersección;Bueno;Buena;Diurna;Buen Tiempo;Múltiple;S/D;Colisión;Ninguna;Faltante
5882;2021;6/8/2021;Viernes;08:35:00;;0.0;2;Peatón,Moto/Ciclomotor;Balcarce Y Montevideo;2;1;0;1;0;0;Calle;ROSARIO;Rosario;Asfalto;No existe;II;Dentro;Urbana;Otra Señal;No existe;Intersección;Bueno;Buena;Diurna;Buen Tiempo;Múltiple;Peatón;Colisión;Ninguna;Faltante
5883;2021;6/8/2021;Viernes;17:35:00;;0.0;2;Moto/Ciclomotor,Automóvil;Bv. 27 De Febrero Y Alvear;2;1;0;1;0;0;Avenida;ROSARIO;Rosario;Asfalto;S/D;II;Dentro;Urbana;Otra Señal;No existe;Intersección;Bueno;Buena;Diurna;Buen Tiempo;Múltiple;S/D;Colisión;Ninguna;Faltante
5884;2021;6/8/2021;Viernes;10:30:00;;0.0;1;Moto/Ciclomotor;Sarmiento Y San Juan;1;1;0;0;0;0;Calle;HUMBERTO 1°;Castellanos;Ripio;No existe;V;S/D;Urbana;Otra Señal;No existe;Intersección;Deteriorada;Buena;Diurna;Buen Tiempo;Múltiple;S/D;Colisión;Ninguna;Faltante
5885;2021;6/8/2021;Viernes;15:10:00;;0.0;2;Moto/Ciclomotor,Moto/Ciclomotor;Falucho Y Artigas;2;2;0;0;0;0;S/D;FRAY LUIS BELTRÁN;San Lorenzo;Asfalto;No existe;XVII;S/D;S/D;Otra Señal;No existe;Intersección;Bueno;Buena;S/D;Otro;Múltiple;S/D;Colisión;Ninguna;Faltante
5886;2021;6/8/2021;Viernes;;;0.0;2;Moto/Ciclomotor,Automóvil;2 de Abril Y Formosa;2;1;0;1;0;0;S/D;CAPITÁN BERMÚDEZ;San Lorenzo;S/D;S/D;XVII;S/D;S/D;Otra Señal;S/D;Intersección;S/D;S/D;S/D;S/D;Múltiple;S/D;Colisión;S/D;S/D
5887;2021;6/8/2021;Viernes;;;0.0;2;Moto/Ciclomotor,Automóvil;Eva Perón Y J V González;3;2;0;1;0;0;S/D;CAPITÁN BERMÚDEZ;San Lorenzo;S/D;S/D;XVII;S/D;S/D;Otra Señal;S/D;Intersección;S/D;S/D;S/D;S/D;Múltiple;S/D;Colisión;S/D;S/D
5888;2021;6/8/2021;Viernes;21:30:00;;0.0;2;Automóvil,Moto/Ciclomotor;Av. San Lorenzo Y 9 de Julio;2;1;0;1;0;0;S/D;CAPITÁN BERMÚDEZ;San Lorenzo;S/D;S/D;XVII;S/D;S/D;Otra Señal;S/D;Intersección;S/D;S/D;Nocturna;S/D;Múltiple;S/D;Colisión;S/D;S/D
5889;2021;6/8/2021;Viernes;17:00:00;;0.0;2;Bicicleta,Automóvil;Salta Y Av. San Martin;2;1;0;1;0;0;S/D;SAN LORENZO;San Lorenzo;S/D;S/D;XVII;S/D;Urbana;Otra Señal;S/D;Intersección;S/D;S/D;Diurna;S/D;Múltiple;Ciclista;Colisión;S/D;S/D
5890;2021;6/8/2021;Viernes;20:05:00;;0.0;2;Moto/Ciclomotor,Taxi/Remis;Tte. roca Y Falucho;2;1;0;1;0;0;S/D;SAN LORENZO;San Lorenzo;S/D;S/D;XVII;S/D;Urbana;Otra Señal;S/D;Intersección;S/D;S/D;S/D;S/D;Múltiple;S/D;Colisión;S/D;S/D
5891;2021;6/8/2021;Viernes;22:40:00;;0.0;2;Moto/Ciclomotor,Automóvil;Ameghino Y Entre Ríos;2;2;0;0;0;0;S/D;ROSARIO;Rosario;Asfalto;No existe;II;Dentro;Urbana;Otra Señal;No existe;Intersección;Bueno;Buena;Nocturna;Buen Tiempo;Múltiple;S/D;Colisión;Ninguna;Faltante
5892;2021;6/8/2021;Viernes;19:00:00;;0.0;2;Moto/Ciclomotor,Automóvil;Av. Provincias Unidas Y Viamonte;3;2;0;1;0;0;Calle;ROSARIO;Rosario;Asfalto;S/D;II;S/D;Urbana;Otra Señal;No existe;Intersección;Bueno;S/D;Nocturna;Buen Tiempo;Múltiple;S/D;Colisión;S/D;S/D
5893;2021;6/8/2021;Viernes;11:25:00;;0.0;2;Bicicleta,Automóvil;Av. Pellegrini Y Tte.Agneta;2;1;0;1;0;0;S/D;ROSARIO;Rosario;Asfalto;No existe;II;S/D;Urbana;Otra Señal;S/D;Intersección;Bueno;Buena;Diurna;Buen Tiempo;Múltiple;Ciclista;Colisión;S/D;S/D
5894;2021;6/8/2021;Viernes;21:30:00;Ruta Nacional A012;0.0;2;Camión c / Acoplado,Camión c / Acoplado;RUTA 17s ;2;1;0;1;0;0;Ruta;ZAVALLA;Rosario;Asfalto;Ripio;II;S/D;Urbana;Otra Señal;No existe;Intersección;Bueno;Buena;Nocturna;Buen Tiempo;Múltiple;S/D;Colisión;Ninguna;Horizontal
5895;2021;6/8/2021;Viernes;06:20:00;;0.0;2;Moto/Ciclomotor,Moto/Ciclomotor;Regis Martínez Y Saavedra;2;2;0;0;0;0;S/D;SANTA FE;La Capital;S/D;S/D;I;S/D;S/D;Otra Señal;S/D;Intersección;S/D;S/D;S/D;S/D;Múltiple;S/D;Colisión;S/D;S/D
5896;2021;6/8/2021;Viernes;22:00:00;;0.0;1;Moto/Ciclomotor;España Y Moreno;1;1;0;0;0;0;Calle;GÁLVEZ;San JERÓNIMO;S/D;S/D;XV;Dentro;Urbana;Otra Señal;S/D;Intersección;S/D;S/D;S/D;S/D;Múltiple;S/D;Colisión;S/D;S/D
5897;2021;6/8/2021;Viernes;08:00:00;;0.0;2;Pickup/Utilitario,Bicicleta;Avenida San Martin Y Belgrano;2;1;0;1;0;0;Calle;VILLA OCAMPO;Constitución;S/D;S/D;IX;Dentro;Urbana;Otra Señal;S/D;Intersección;S/D;S/D;S/D;S/D;Múltiple;S/D;Colisión;S/D;S/D
5898;2021;6/8/2021;Viernes;21:14:00;Ruta Provincial 65;0.0;1;Automóvil;Uruguay ;2;2;0;0;0;0;Ruta;LAS ROSAS;Constitución;S/D;S/D;III;Dentro;Urbana;Otra Señal;S/D;Intersección;S/D;S/D;S/D;S/D;Múltiple;S/D;Colisión;S/D;S/D
5899;2021;6/8/2021;Viernes;06:00:00;;0.0;1;Moto/Ciclomotor;Liniers Y Montevideo;1;1;0;0;0;0;Calle;ROSARIO;Constitución;Asfalto;S/D;II;Dentro;Urbana;Otra Señal;S/D;Intersección;S/D;S/D;Amanecer;S/D;Múltiple;S/D;Colisión;S/D;S/D
5900;2021;6/8/2021;Viernes;12:30:00;;0.0;2;Moto/Ciclomotor,Moto/Ciclomotor;Ricchieri Y Urquiza;2;2;0;0;0;0;Calle;ROSARIO;Constitución;Asfalto;No existe;II;Dentro;Urbana;Otra Señal;No existe;Intersección;S/D;S/D;Diurna;S/D;Múltiple;S/D;Colisión;S/D;Faltante
5901;2021;6/8/2021;Viernes;19:30:00;;0.0;1;Moto/Ciclomotor;Alsina Y Dr. Rivas;1;1;0;0;0;0;Calle;ROSARIO;Constitución;Asfalto;No existe;II;Dentro;Urbana;Otra Señal;No existe;Intersección;S/D;S/D;Diurna;S/D;Múltiple;S/D;Colisión;S/D;Faltante
5902;2021;6/8/2021;Viernes;09:30:00;;0.0;2;Moto/Ciclomotor,Pickup/Utilitario;Las Heras Y M Moreno;3;1;0;1;0;0;S/D;CAPITÁN BERMÚDEZ;Constitución;S/D;S/D;XVII;S/D;S/D;Otra Señal;S/D;Intersección;S/D;S/D;S/D;S/D;Múltiple;S/D;Colisión;S/D;S/D
5903;2021;6/8/2021;Viernes;16:25:00;;0.0;2;Moto/Ciclomotor,Automóvil;Cafferata Y Pje. Gordillo;2;0;0;1;0;0;Calle;ROSARIO;Constitución;Asfalto;Pavimento;II;S/D;Urbana;Otra Señal;No existe;Intersección;S/D;Buena;Diurna;Buen Tiempo;Múltiple;S/D;Colisión;Ninguna;Faltante
5904;2021;6/8/2021;Viernes;15:00:00;;0.0;2;Moto/Ciclomotor,Moto/Ciclomotor;Av. Filipini ;2;0;0;0;0;1;Calle;VILLA GOBERNADOR GÁLVEZ;Constitución;S/D;No existe;II;S/D;Urbana;Otra Señal;No existe;Intersección;Bueno;Buena;Diurna;Otro;Múltiple;S/D;Colisión;Ninguna;Faltante
5905;2021;6/8/2021;Viernes;22:05:00;;0.0;2;Pickup/Utilitario,Moto/Ciclomotor;Calle 15 Y Calle 16;2;0;0;1;0;0;Calle;LAS TOSCAS;Constitución;Ripio;Natural;IX;Dentro;Urbana;Otra Señal;No existe;Intersección;Bueno;Buena;Con luz artificial;Buen Tiempo;Múltiple;S/D;Colisión;Ninguna;Faltante
5906;2021;6/8/2021;Viernes;;;0.0;2;Moto/Ciclomotor,Automóvil;Constitución Y J M Estrada;2;0;0;1;0;0;Calle;RAFAELA;Constitución;S/D;S/D;V;Dentro;Urbana;Otra Señal;S/D;Intersección;S/D;S/D;S/D;S/D;Múltiple;S/D;Colisión;S/D;S/D
5907;2021;6/8/2021;Viernes;;;0.0;2;Moto/Ciclomotor,Pickup/Utilitario;Alfonsina Storni ;2;0;0;1;0;0;Calle;RAFAELA;Constitución;S/D;S/D;V;Dentro;Urbana;Otra Señal;S/D;Intersección;S/D;S/D;S/D;S/D;Múltiple;S/D;Colisión;S/D;S/D
5908;2021;6/8/2021;Viernes;17:00:00;;0.0;2;Peatón,Pickup/Utilitario; ;2;0;0;1;0;0;Calle;RAFAELA;Constitución;S/D;S/D;V;Dentro;Urbana;Otra Señal;S/D;Intersección;S/D;S/D;S/D;S/D;Múltiple;Peatón;Colisión;S/D;S/D
5909;2021;7/8/2021;Sabado;17:00:00;;0.0;2;Pickup/Utilitario,Moto/Ciclomotor; ;3;1;0;1;1;0;Camino Rural;MONTE VERA;La Capital;Arena;No existe;I;S/D;Rural;Otra Señal;No existe;Intersección;Otro;Buena;Diurna;Buen Tiempo;Múltiple;S/D;Colisión;Ninguna;Faltante
5910;2021;7/8/2021;Sabado;08:15:00;Ruta Secundaria 81-s;45.0;1;Moto/Ciclomotor;Ruta provincial 81 s ;1;0;0;0;1;0;Ruta;LEHMANN;Castellanos;Tierra;No existe;V;S/D;Rural;Otra Señal;No existe;Intersección;Ahuellamiento;Reducida;Diurna;Buen Tiempo;Múltiple;S/D;Colisión;Ninguna;Faltante
5911;2021;7/8/2021;Sabado;15:35:00;;0.0;1;Moto/Ciclomotor;Santa Rosa de Lima ;2;2;0;0;0;0;Calle;SAN JOSÉ DEL RINCÓN;La Capital;Arena;No existe;I;Dentro;Urbana;Otra Señal;No existe;Intersección;Ahuellamiento;Buena;Diurna;Buen Tiempo;Múltiple;S/D;Colisión;Material Suelto;Faltante
5912;2021;7/8/2021;Sabado;22:25:00;;0.0;1;Moto/Ciclomotor;Alvear 2447;1;1;0;0;0;0;Calle;VERA;Vera;Tierra;No existe;XIX;S/D;Urbana;Otra Señal;No existe;Intersección;Bueno;Reducida;Nocturna;Buen Tiempo;Múltiple;S/D;Colisión;Ninguna;Faltante
5913;2021;7/8/2021;Sabado;10:00:00;;0.0;2;Bicicleta,Pickup/Utilitario;Av. López y Planes Y Quintana;2;0;0;0;0;2;Avenida;SANTA FE;La Capital;Asfalto;No existe;I;S/D;Rural;Otra Señal;Funciona;Intersección;Bueno;Buena;Diurna;Buen Tiempo;Múltiple;Ciclista;Colisión;Ninguna;Vertical
5914;2021;7/8/2021;Sabado;13:30:00;;0.0;2;Bicicleta,Otros;4 de Enero Y Primera Junta;2;1;0;1;0;0;Calle;SANTA FE;La Capital;Asfalto;Pavimento;I;Dentro;Urbana;Otra Señal;No existe;Intersección;Bueno;Buena;Diurna;Buen Tiempo;Múltiple;Ciclista;Colisión;Ninguna;Faltante
5915;2021;7/8/2021;Sabado;11:20:00;;0.0;2;Bicicleta,Automóvil;Av. Leandro Alem Y La Rioja;2;1;0;1;0;0;Calle;SANTA FE;La Capital;Asfalto;Pavimento;I;Dentro;Urbana;Otra Señal;Funciona;Intersección;Bueno;Buena;Diurna;Buen Tiempo;Múltiple;Ciclista;Colisión;Ninguna;Faltante
5916;2021;7/8/2021;Sabado;19:00:00;Ruta Provincial 1;0.0;2;Pickup/Utilitario,Moto/Ciclomotor; ;6;2;0;4;0;0;Ruta;SANTA ROSA DE CALCHINES;Garay;Asfalto;Natural;VII;Dentro;Urbana;Otra Señal;S/D;Intersección;Bueno;S/D;S/D;Buen Tiempo;Múltiple;S/D;Colisión;Ninguna;Faltante
5917;2021;7/8/2021;Sabado;;Ruta Provincial 1;0.0;2;Automóvil,Automóvil; ;5;2;0;3;0;0;Ruta;ALEJANDRA;San Javier;Asfalto;Natural;XIV;S/D;Rural;Otra Señal;No existe;Intersección;Bueno;Buena;Diurna;Buen Tiempo;Múltiple;S/D;Colisión;Ninguna;Vertical
5918;2021;7/8/2021;Sabado;19:30:00;;0.0;2;Automóvil,Bicicleta;Bv. Rondeau Y Av. Puccio;2;1;0;1;0;0;Calle;ROSARIO;Rosario;Asfalto;Pavimento;II;S/D;Urbana;Otra Señal;Funciona;Intersección;Bueno;Buena;Atardecer;Buen Tiempo;Múltiple;Ciclista;Colisión;Ninguna;Horizontal
5919;2021;7/8/2021;Sabado;11:15:00;;0.0;2;Automóvil,Automóvil;San Martin ;2;1;0;1;0;0;Avenida;ROSARIO;Rosario;Asfalto;No existe;II;Dentro;Urbana;Otra Señal;No existe;Intersección;Bueno;Buena;Diurna;Buen Tiempo;Múltiple;S/D;Colisión;Ninguna;Faltante