ID_Accidente;A�o;Fecha;Dia;Hopra;Ruta/Autop;km;Participantes;Tipo;Lugar;Total;Heridos Leves;Heridos Graves;Ilesos;Fallecidos;Sin datos;desc_tipo_via;desc_loc;desc_dpto;|;desc_tipo_banquina;desc_unidad_regional;desc_lugar_calzada;desc_zona;desc_prioridad;desc_estado_semaforo;desc_lugar_via;desc_estado_via;desc_estado_visibilidad;desc_luminosidad;desc_estado_clima;desc_tipo_colision;desc_tipo_atropello;desc_tipo_hecho;desc_pres_calzada;desc_senializacion
5920;2021;7/8/2021;Sabado;13:22:00;;0.0;2;Moto/Ciclomotor,Automóvil;Mendoza Y Colombia;2;1;0;1;0;0;Calle;ROSARIO;Rosario;Asfalto;S/D;II;Dentro;Urbana;Otra Señal;No existe;Intersección;Bueno;Buena;Diurna;Buen Tiempo;Múltiple;S/D;Colisión;Ninguna;Faltante
5921;2021;7/8/2021;Sabado;16:05:00;;0.0;2;Moto/Ciclomotor,Automóvil;Gorriti Y Matienzo;2;1;0;1;0;0;Calle;ROSARIO;Rosario;Asfalto;No existe;II;Dentro;Urbana;Otra Señal;No existe;Intersección;Bueno;Buena;Diurna;S/D;Múltiple;S/D;Colisión;Ninguna;Faltante
5922;2021;7/8/2021;Sabado;21:30:00;;0.0;2;Moto/Ciclomotor,Automóvil;17 de Octubre Y Piazza;2;1;0;1;0;0;Calle;VILLA GOBERNADOR GÁLVEZ;Rosario;Asfalto;S/D;II;Dentro;Urbana;Otra Señal;No existe;Intersección;Bueno;Buena;Nocturna,Con luz artificial;Buen Tiempo;Múltiple;S/D;Colisión;Ninguna;Faltante
5923;2021;7/8/2021;Sabado;11:15:00;;0.0;2;Bicicleta,Automóvil;Calle 33-Pueyrredon ;2;1;0;1;0;0;Calle;RECONQUISTA;General Obligado;Asfalto;No existe;IX;Dentro;Urbana;Otra Señal;No existe;Intersección;Bueno;Buena;Diurna;Buen Tiempo;Múltiple;Ciclista;Colisión;Ninguna;Horizontal,Vertical
5924;2021;7/8/2021;Sabado;19:40:00;;0.0;2;Pickup/Utilitario,Bicicleta;Calle 44-27 de Abril Y Calle 33-Pueyrredon;2;1;0;1;0;0;Calle;RECONQUISTA;General Obligado;Asfalto;No existe;IX;Dentro;Urbana;Otra Señal;No existe;Intersección;Bueno;Buena;Nocturna;Buen Tiempo;Múltiple;Ciclista;Colisión;Ninguna;Horizontal,Vertical
5925;2021;7/8/2021;Sabado;05:00:00;;0.0;1;Moto/Ciclomotor;13 de diciembre Y Roverano;1;1;0;0;0;0;Calle;SANTO TOMÉ;La Capital;Tierra;No existe;I;S/D;Urbana;Otra Señal;No existe;Intersección;Bueno;Reducida;Nocturna;Buen Tiempo;Múltiple;S/D;Colisión;Ninguna;Faltante
5926;2021;7/8/2021;Sabado;;;0.0;2;Automóvil,Automóvil;San Lorenzo Y San Juan;2;1;0;1;0;0;Calle;RUFINO;General LÓPEZ;S/D;S/D;VIII;Dentro;Urbana;Otra Señal;S/D;Intersección;S/D;S/D;S/D;S/D;Múltiple;S/D;Colisión;S/D;S/D
5927;2021;7/8/2021;Sabado;23:00:00;Ruta Nacional 11;0.0;1;Moto/Ciclomotor; ;1;1;0;0;0;0;Ruta;CORONDA;San JERÓNIMO;S/D;S/D;XV;Fuera;Urbana;Otra Señal;S/D;Intersección;S/D;S/D;S/D;S/D;Múltiple;S/D;Colisión;S/D;S/D
5928;2021;7/8/2021;Sabado;22:00:00;Ruta Provincial 1;0.0;3;Pickup/Utilitario,Pickup/Utilitario,Automóvil; ;3;0;0;0;0;3;Ruta;SAN JOSÉ DEL RINCÓN;La Capital;S/D;S/D;I;Fuera;Urbana;Otra Señal;S/D;Intersección;S/D;S/D;S/D;S/D;Múltiple;S/D;Colisión;S/D;S/D
5929;2021;7/8/2021;Sabado;05:00:00;Ruta Nacional 8;0.0;2;Moto/Ciclomotor,Automóvil;25 de Mayo ;2;1;0;1;0;0;Ruta;VENADO TUERTO;Constitución;S/D;S/D;VIII;Dentro;Urbana;Otra Señal;S/D;Intersección;S/D;S/D;S/D;S/D;Múltiple;S/D;Colisión;S/D;S/D
5930;2021;7/8/2021;Sabado;11:47:00;;0.0;2;Bicicleta,Moto/Ciclomotor;Juan José Castelli Y Nora Wade de Basualde;2;1;0;1;0;0;Calle;VENADO TUERTO;Constitución;S/D;S/D;VIII;Dentro;Urbana;Otra Señal;S/D;Intersección;S/D;S/D;S/D;S/D;Múltiple;S/D;Colisión;S/D;S/D
5931;2021;7/8/2021;Sabado;15:30:00;;0.0;2;Moto/Ciclomotor,Automóvil;Gral. José de San Martin Y Marconico;2;1;0;1;0;0;Calle;VENADO TUERTO;Constitución;S/D;S/D;VIII;Dentro;Urbana;Otra Señal;S/D;Intersección;S/D;S/D;S/D;S/D;Múltiple;S/D;Colisión;S/D;S/D
5932;2021;7/8/2021;Sabado;;;0.0;2;Automóvil,Moto/Ciclomotor;Florentino Ameghino Y Ciudad de Esperanza;2;1;0;1;0;0;Calle;RAFAELA;Constitución;S/D;S/D;V;Dentro;Urbana;Otra Señal;S/D;Intersección;S/D;S/D;S/D;S/D;Múltiple;S/D;Colisión;S/D;S/D
5933;2021;7/8/2021;Sabado;;Ruta Nacional 19;0.0;2;Automóvil,Automóvil; ;8;7;0;1;0;0;Ruta;ANGÉLICA;Constitución;S/D;S/D;V;Dentro;Urbana;Otra Señal;S/D;Intersección;S/D;S/D;S/D;S/D;Múltiple;S/D;Colisión;S/D;S/D
5934;2021;7/8/2021;Sabado;;Ruta Nacional 34;0.0;1;Moto/Ciclomotor;Hipólito Vieytes ;1;1;0;0;0;0;Ruta;RAFAELA;Constitución;S/D;S/D;V;Dentro;Urbana;Otra Señal;S/D;Intersección;S/D;S/D;S/D;S/D;Múltiple;S/D;Colisión;S/D;S/D
5935;2021;7/8/2021;Sabado;09:00:00;;0.0;1;Moto/Ciclomotor;Cayetano Silva Y José Ingenieros;2;2;0;0;0;0;Calle;ROSARIO;Constitución;Asfalto;No existe;II;Dentro;Urbana;Otra Señal;No existe;Intersección;S/D;S/D;Diurna;S/D;Múltiple;S/D;Colisión;S/D;Horizontal
5936;2021;7/8/2021;Sabado;19:30:00;;0.0;1;Bicicleta;Riobamba Y Ecuador;1;1;0;0;0;0;Calle;ROSARIO;Constitución;S/D;S/D;II;S/D;Urbana;Otra Señal;S/D;Intersección;S/D;S/D;Nocturna;S/D;Múltiple;S/D;Colisión;S/D;S/D
5937;2021;7/8/2021;Sabado;17:00:00;;0.0;1;Bicicleta;Centeno Y Castellanos;1;1;0;0;0;0;Calle;ROSARIO;Constitución;S/D;S/D;II;S/D;Urbana;Otra Señal;S/D;Intersección;S/D;S/D;Diurna;S/D;Múltiple;S/D;Colisión;S/D;S/D
5938;2021;7/8/2021;Sabado;12:00:00;;0.0;1;Moto/Ciclomotor;Junín Y Formosa;1;1;0;0;0;0;Calle;ROSARIO;Constitución;S/D;S/D;II;S/D;S/D;Otra Señal;S/D;Intersección;S/D;S/D;Diurna;S/D;Múltiple;S/D;Colisión;S/D;S/D
5939;2021;7/8/2021;Sabado;21:00:00;Ruta Provincial 1;0.0;2;Moto/Ciclomotor,Automóvil; ;2;0;0;1;0;0;Ruta;COLASTINE;Constitución;Asfalto;Pavimento;I;Dentro;Urbana;Otra Señal;No existe;Intersección;Bueno;Reducida;Nocturna;Buen Tiempo;Múltiple;S/D;Colisión;Ninguna;Faltante
5940;2021;7/8/2021;Sabado;19:50:00;;0.0;2;Pickup/Utilitario,Moto/Ciclomotor;Mitre Y Solís;2;0;0;1;0;0;Calle;TIMBÚES;Constitución;Hormigón;No existe;XVII;Dentro;Urbana;Otra Señal;No existe;Intersección;Bueno;Buena;Nocturna;Buen Tiempo;Múltiple;S/D;Colisión;Agua;Vertical
5941;2021;7/8/2021;Sabado;15:30:00;;0.0;2;Moto/Ciclomotor,Automóvil;Bv. Oroño Y Av. Battle y Ordoñez;2;0;0;0;0;1;Calle;ROSARIO;Constitución;Asfalto;Pavimento;II;S/D;Urbana;Otra Señal;Funciona;Intersección;Bueno;Buena;Diurna;Buen Tiempo;Múltiple;S/D;Colisión;Ninguna;Horizontal,Vertical
5942;2021;7/8/2021;Sabado;13:20:00;;0.0;2;Moto/Ciclomotor,Automóvil;Bv. Seguí Y Rodríguez;2;0;0;0;0;1;Avenida;ROSARIO;Constitución;Asfalto;Pavimento;II;S/D;Urbana;Otra Señal;No existe;Intersección;Bueno;Buena;Diurna;Buen Tiempo;Múltiple;S/D;Colisión;Ninguna;Horizontal
5943;2021;7/8/2021;Sabado;18:20:00;Autopista Nacional A008;0.0;2;Moto/Ciclomotor,Camión c / Acoplado;Av. Circunvalación Y Bv. Oroño;3;1;0;0;0;1;Autopista;ROSARIO;Constitución;Asfalto;Pavimento;II;S/D;Urbana;Otra Señal;Funciona;Intersección;Deteriorada;Buena;Atardecer;Buen Tiempo;Múltiple;S/D;Colisión;Material Suelto;Horizontal,Vertical
5944;2021;7/8/2021;Sabado;22:10:00;;0.0;2;Automóvil,Moto/Ciclomotor;Alzugaray Y Pago de los Arroyos;2;0;0;1;0;0;S/D;ROSARIO;Constitución;Asfalto;No existe;II;Dentro;Urbana;Otra Señal;No existe;Intersección;Bueno;Buena;Con luz artificial;Buen Tiempo;Múltiple;S/D;Colisión;Ninguna;Faltante
5945;2021;7/8/2021;Sabado;19:30:00;Ruta Provincial 14;0.0;1;Moto/Ciclomotor; ;2;1;0;0;0;0;Ruta;BIGAND;Caseros;Asfalto;No existe;IV;Dentro;Urbana;Otra Señal;No existe;Intersección;Bueno;Buena;Atardecer;Buen Tiempo;Múltiple;S/D;Colisión;Ninguna;Faltante
5946;2021;7/8/2021;Sabado;;;0.0;1;Moto/Ciclomotor; ;1;0;0;0;0;0;S/D;ROSARIO;Rosario;S/D;S/D;II;S/D;S/D;Otra Señal;S/D;Intersección;S/D;S/D;S/D;S/D;Múltiple;S/D;Colisión;S/D;S/D
5947;2021;7/8/2021;Sabado;19:40:00;Ruta Provincial 1;9.0;3;Automóvil,Automóvil,Pickup/Utilitario; ;4;1;0;0;0;0;Ruta;SANTA FE;La Capital;Asfalto;Natural;I;S/D;S/D;Ninguna;No existe;Intersección;Bueno;Buena;Atardecer;Buen Tiempo;Lateral;S/D;Colisión;Ninguna;Faltante
5948;2021;8/8/2021;Domingo;19:15:00;Ruta Secundaria 97-s;0.0;2;Moto/Ciclomotor,Pickup/Utilitario;Ruta Nacional 11 ;7;5;0;0;2;0;Ruta;LAS GARZAS;General Obligado;Asfalto;Pavimento;IX;S/D;Urbana;Otra Señal;No existe;Intersección;Bueno;Reducida;Nocturna;S/D;Múltiple;S/D;Colisión;Ninguna;Faltante
5949;2021;8/8/2021;Domingo;21:30:00;;0.0;2;Moto/Ciclomotor,Automóvil;Chacabuco Y Ciudad de Súnchales;2;0;0;1;1;0;Calle;RAFAELA;Castellanos;Asfalto;No existe;V;S/D;Urbana;Otra Señal;No existe;Intersección;Bueno;S/D;Nocturna;Buen Tiempo;Múltiple;S/D;Colisión;S/D;Faltante
5950;2021;8/8/2021;Domingo;22:20:00;Ruta Nacional 33;677.0;2;Automóvil,Camión c / Acoplado;Avda.9 de Julio-Ruta Nac 33 ;2;0;0;1;1;0;Ruta;FIRMAT;General LÓPEZ;Asfalto;Natural;VIII;S/D;Rural;Otra Señal;No existe;Intersección;Bueno;S/D;Nocturna;S/D;Múltiple;S/D;Colisión;Ninguna;Faltante
5951;2021;8/8/2021;Domingo;08:50:00;Ruta Provincial 2;0.0;2;Automóvil,Moto/Ciclomotor; ;4;2;0;2;0;0;Ruta;MONTE VERA;La Capital;Hormigón;Natural;I;S/D;S/D;Otra Señal;No existe;Intersección;Bueno;Buena;Diurna;Buen Tiempo;Múltiple;S/D;Colisión;Ninguna;S/D
5952;2021;8/8/2021;Domingo;09:00:00;Ruta Provincial 1;0.0;1;Moto/Ciclomotor; ;1;1;0;0;0;0;Ruta;COLASTINE;La Capital;Asfalto;Pavimento;I;Dentro;Urbana;Otra Señal;No existe;Intersección;Bueno;Buena;Diurna;Buen Tiempo;Múltiple;S/D;Colisión;Ninguna;Faltante
5953;2021;8/8/2021;Domingo;20:40:00;;0.0;2;Automóvil,Moto/Ciclomotor;Juan de Garay ;2;1;0;1;0;0;S/D;RECREO;La Capital;Asfalto;Ripio;I;Dentro;Urbana;Otra Señal;No existe;Intersección;Bueno;Buena;Nocturna;Buen Tiempo;Múltiple;S/D;Colisión;Ninguna;Faltante
5954;2021;8/8/2021;Domingo;16:37:00;;0.0;2;Automóvil,Automóvil;Av. Gral. Paz Y Ángel Cassanello;2;1;0;1;0;0;Calle;SANTA FE;La Capital;Asfalto;No existe;I;S/D;Urbana;Otra Señal;No existe;Intersección;Bueno;Buena;S/D;Buen Tiempo;Múltiple;S/D;Colisión;Ninguna;S/D
5955;2021;8/8/2021;Domingo;10:50:00;;0.0;1;Moto/Ciclomotor;Bv Belgrano Y Sgto. Cabral;1;1;0;0;0;0;S/D;CALCHAQUÍ;Vera;Asfalto;No existe;XIX;Dentro;Urbana;Otra Señal;No existe;Intersección;Bueno;Buena;Diurna;Buen Tiempo;Múltiple;S/D;Colisión;Ninguna;Vertical
5956;2021;8/8/2021;Domingo;02:50:00;Autovía Nacional 19;0.0;2;Automóvil,Automóvil; ;8;4;0;4;0;0;Autovía;ANGÉLICA;Castellanos;Hormigón;Pavimento;V;S/D;S/D;Otra Señal;S/D;Intersección;Bueno;S/D;S/D;S/D;Múltiple;S/D;Colisión;S/D;S/D
5957;2021;8/8/2021;Domingo;18:00:00;;0.0;1;Moto/Ciclomotor;Lavalle Y España;1;1;0;0;0;0;S/D;VERA;Vera;Tierra;No existe;XIX;S/D;S/D;Otra Señal;No existe;Intersección;Bueno;Buena;Diurna;Buen Tiempo;Múltiple;S/D;Colisión;Ninguna;Faltante
5958;2021;8/8/2021;Domingo;;;0.0;2;Moto/Ciclomotor,Automóvil;9 de Julio Y Juan Del Campillo;2;1;0;1;0;0;Calle;SANTA FE;La Capital;Asfalto;No existe;I;Dentro;Urbana;Otra Señal;No existe;Intersección;Bueno;Buena;Diurna;Buen Tiempo;Múltiple;S/D;Colisión;Ninguna;Vertical
5959;2021;8/8/2021;Domingo;23:30:00;;0.0;1;Automóvil; ;1;1;0;0;0;0;S/D;ESPERANZA;Las Colonias;Asfalto;Natural;XI;Fuera;Urbana;Otra Señal;No existe;Intersección;S/D;Buena;Nocturna;Buen Tiempo;Múltiple;S/D;Colisión;S/D;S/D
5960;2021;8/8/2021;Domingo;14:55:00;;0.0;2;Pickup/Utilitario,Automóvil;Castellanos Y San Luis;3;1;0;2;0;0;Calle;ROSARIO;Rosario;Asfalto;No existe;II;Dentro;Urbana;Otra Señal;No existe;Intersección;Bueno;Buena;Diurna;Buen Tiempo;Múltiple;S/D;Colisión;Ninguna;Faltante
5961;2021;8/8/2021;Domingo;02:20:00;;0.0;2;Taxi/Remis,Automóvil;Balcarce 1413;5;4;0;1;0;0;Calle;ROSARIO;Rosario;Asfalto;No existe;II;Dentro;Urbana;Otra Señal;No existe;Intersección;Bueno;Buena;Nocturna;Buen Tiempo;Múltiple;S/D;Colisión;Ninguna;Faltante
5962;2021;8/8/2021;Domingo;03:10:00;Ruta Secundaria 18-s;0.0;1;Automóvil; ;2;2;0;0;0;0;Ruta;PUERTO SAN MARTÍN;San Lorenzo;Asfalto;Ripio;XVII;Dentro;Urbana;Otra Señal;No existe;Intersección;Bueno;Buena;Nocturna;Buen Tiempo;Múltiple;S/D;Colisión;Ninguna;Faltante
5963;2021;8/8/2021;Domingo;04:35:00;;0.0;1;Moto/Ciclomotor;Córdoba Y Av. San Martin;2;2;0;0;0;0;Calle;PUERTO SAN MARTÍN;San Lorenzo;Asfalto;No existe;XVII;Dentro;Urbana;Otra Señal;No existe;Intersección;Bueno;Buena;Nocturna;Buen Tiempo;Múltiple;S/D;Colisión;Ninguna;Faltante
5964;2021;8/8/2021;Domingo;19:40:00;;0.0;2;Moto/Ciclomotor,Bicicleta;San Martin Y Bv. Seguí;3;1;0;2;0;0;Avenida;ROSARIO;Rosario;Asfalto;No existe;II;Dentro;Urbana;Otra Señal;Funciona;Intersección;Bueno;Buena;Nocturna,Con luz artificial;Buen Tiempo;Múltiple;Ciclista;Colisión;S/D;Vertical
5965;2021;8/8/2021;Domingo;14:30:00;;0.0;2;Automóvil,Moto/Ciclomotor;Vélez Sarsfield Y Perú;2;1;0;1;0;0;Calle;ROSARIO;Rosario;Asfalto;No existe;II;Dentro;Urbana;Otra Señal;No existe;Intersección;Bueno;Buena;Diurna;S/D;Múltiple;S/D;Colisión;Ninguna;Faltante
5966;2021;8/8/2021;Domingo;01:15:00;;0.0;2;Moto/Ciclomotor,Automóvil;Soldado Aguirre Y San Nicolas;2;1;0;0;0;1;Calle;VILLA GOBERNADOR GÁLVEZ;Rosario;Asfalto;No existe;II;S/D;Urbana;Otra Señal;No existe;Intersección;Bueno;Buena;Nocturna,Con luz artificial;Otro;Múltiple;S/D;Colisión;Ninguna;Faltante
5967;2021;8/8/2021;Domingo;;;0.0;1;Automóvil;Entre Ríos Y Calle de los Inmigrantes;2;1;0;1;0;0;Calle;CAPITÁN BERMÚDEZ;San Lorenzo;S/D;S/D;XVII;Dentro;Urbana;Otra Señal;S/D;Intersección;S/D;S/D;S/D;S/D;Múltiple;S/D;Colisión;S/D;S/D
5968;2021;8/8/2021;Domingo;;;0.0;2;Automóvil,Automóvil;General López Y Sarmiento;4;1;0;2;0;1;Calle;SAN LORENZO;Constitución;Asfalto;No existe;XVII;Dentro;Urbana;Otra Señal;No existe;Intersección;Bueno;S/D;S/D;S/D;Múltiple;S/D;Colisión;Ninguna;Faltante
5969;2021;8/8/2021;Domingo;07:00:00;;0.0;1;Automóvil;Av. 18 de Junio Y Santiago del Estero;2;1;0;1;0;0;Calle;MALABRIGO;Constitución;S/D;S/D;IX;Dentro;Urbana;Otra Señal;S/D;Intersección;S/D;S/D;S/D;S/D;Múltiple;S/D;Colisión;S/D;S/D
5970;2021;8/8/2021;Domingo;22:00:00;;0.0;2;Moto/Ciclomotor,Automóvil;Colon Y Rivadavia;2;2;0;0;0;0;Calle;CAÑADA DE GÓMEZ;Constitución;S/D;S/D;X;Dentro;Urbana;Otra Señal;S/D;Intersección;S/D;S/D;S/D;S/D;Múltiple;S/D;Colisión;S/D;S/D
5971;2021;8/8/2021;Domingo;07:36:00;;0.0;1;Automóvil; ;1;1;0;0;0;0;Calle;LAS ROSAS;Constitución;S/D;S/D;III;Dentro;Rural;Otra Señal;S/D;Intersección;S/D;S/D;S/D;S/D;Múltiple;S/D;Colisión;S/D;S/D
5972;2021;8/8/2021;Domingo;20:10:00;;0.0;2;Moto/Ciclomotor,Moto/Ciclomotor;Calle 63-Gral Urquiza Y Calle 14-16;2;2;0;0;0;0;Calle;RECONQUISTA;Constitución;S/D;S/D;IX;Dentro;Urbana;Otra Señal;S/D;Intersección;S/D;S/D;S/D;S/D;Múltiple;S/D;Colisión;S/D;S/D
5973;2021;8/8/2021;Domingo;00:00:00;;0.0;1;Moto/Ciclomotor;Av. Francia 5800;1;1;0;0;0;0;Avenida;ROSARIO;Constitución;S/D;S/D;II;S/D;Urbana;Otra Señal;S/D;Intersección;S/D;S/D;Nocturna;S/D;Múltiple;S/D;Colisión;S/D;S/D
5974;2021;8/8/2021;Domingo;11:30:00;;0.0;1;Moto/Ciclomotor;Dr. Rivas Y Rodríguez;2;2;0;0;0;0;Calle;ROSARIO;Constitución;S/D;S/D;II;S/D;Urbana;Otra Señal;S/D;Intersección;S/D;S/D;Diurna;S/D;Múltiple;S/D;Colisión;S/D;S/D
5975;2021;8/8/2021;Domingo;22:40:00;;0.0;1;Moto/Ciclomotor;Laurencio Maradona ;2;1;0;0;0;0;Calle;SANTA FE;Constitución;Asfalto;No existe;I;S/D;S/D;Otra Señal;No existe;Intersección;Deteriorada;Reducida;Nocturna;Lluvia;Múltiple;S/D;Colisión;S/D;S/D
5976;2021;8/8/2021;Domingo;07:30:00;;0.0;1;Moto/Ciclomotor;Bv Pte. Perón 1257;2;1;0;0;0;0;Avenida;SAN JORGE;Constitución;Asfalto;S/D;XVIII;Dentro;Urbana;Otra Señal;Intermitente;Intersección;Bueno;Buena;Diurna;Buen Tiempo;Múltiple;S/D;Colisión;Ninguna;Faltante
5977;2021;8/8/2021;Domingo;;;0.0;2;Moto/Ciclomotor,Automóvil;José Ingenieros Y 25 de Mayo;2;1;0;0;0;0;Calle;SANTA ISABEL;Constitución;S/D;S/D;VIII;Dentro;Urbana;Otra Señal;S/D;Intersección;S/D;S/D;S/D;S/D;Múltiple;S/D;Colisión;S/D;S/D
5978;2021;8/8/2021;Domingo;;Ruta Provincial 1;0.0;2;Otros,Otros; ;2;0;0;0;0;0;Ruta;SAN JOSÉ DEL RINCÓN;La Capital;S/D;S/D;I;Fuera;Urbana;Otra Señal;S/D;Intersección;S/D;S/D;S/D;S/D;Múltiple;S/D;Colisión;S/D;S/D
5979;2021;8/8/2021;Domingo;15:15:00;;0.0;2;Moto/Ciclomotor,Camión c / Acoplado;Paraguay Y Santa Fe;3;0;0;1;0;0;Calle;ARTEAGA;Caseros;S/D;S/D;IV;Dentro;Urbana;Otra Señal;S/D;Intersección;S/D;S/D;S/D;S/D;S/D;S/D;Colisión;S/D;S/D
5980;2021;9/8/2021;Lunes;21:50:00;;0.0;2;Automóvil,Moto/Ciclomotor;Arenales Y Millan Medina;2;2;0;0;0;0;Calle;SANTA FE;La Capital;Asfalto;Pavimento;I;Dentro;Urbana;Otra Señal;No existe;Intersección;Bueno;Buena;Con luz artificial;Buen Tiempo;Múltiple;S/D;Colisión;Ninguna;S/D
5981;2021;9/8/2021;Lunes;09:30:00;;0.0;2;Moto/Ciclomotor,Automóvil;Iturraspe Y Av. Urquiza;2;0;0;0;0;2;Avenida;SANTA FE;La Capital;Asfalto;No existe;I;S/D;Urbana;Otra Señal;Funciona;Intersección;Bueno;Buena;Diurna;Buen Tiempo;Múltiple;S/D;Colisión;Ninguna;Vertical
5982;2021;9/8/2021;Lunes;20:00:00;;0.0;2;Moto/Ciclomotor,Automóvil;9 de Julio Y Catamarca;2;1;0;1;0;0;Calle;SANTA FE;La Capital;Asfalto;Pavimento;I;Dentro;Urbana;Otra Señal;No existe;Intersección;Bueno;Buena;Nocturna;Buen Tiempo;Múltiple;S/D;Colisión;Ninguna;Faltante
5983;2021;9/8/2021;Lunes;09:00:00;;0.0;2;Moto/Ciclomotor,Pickup/Utilitario;San Martin Y Obispo Gelabert;2;1;0;1;0;0;Calle;SANTA FE;La Capital;Asfalto;Pavimento;I;Dentro;Urbana;Otra Señal;No existe;Intersección;Bueno;Buena;Diurna;Buen Tiempo;Múltiple;S/D;Colisión;Ninguna;Faltante
5984;2021;9/8/2021;Lunes;20:40:00;;0.0;2;Moto/Ciclomotor,Automóvil;9 de Julio Y Agustín Delgado;2;1;0;1;0;0;Calle;SANTA FE;La Capital;Asfalto;No existe;I;Dentro;Urbana;Otra Señal;No existe;Intersección;Bueno;Buena;Nocturna;Buen Tiempo;Múltiple;S/D;Colisión;Agua;Vertical
5985;2021;9/8/2021;Lunes;18:00:00;;0.0;1;Moto/Ciclomotor;Mendoza Y Rodríguez;2;1;0;1;0;0;Calle;ROSARIO;Rosario;Asfalto;No existe;II;Dentro;Urbana;Otra Señal;No existe;Intersección;Bueno;Buena;Diurna;Buen Tiempo;Múltiple;S/D;Colisión;Ninguna;Faltante
5986;2021;9/8/2021;Lunes;;;0.0;2;Moto/Ciclomotor,Automóvil;José Ingenieros Y Alberdi J B;2;1;0;1;0;0;Calle;SUNCHALES;Castellanos;Asfalto;Pavimento;V;S/D;Urbana;Otra Señal;No existe;Intersección;Bueno;Buena;Nocturna;Buen Tiempo;Múltiple;S/D;Colisión;Ninguna;Faltante
5987;2021;9/8/2021;Lunes;16:40:00;;0.0;2;Automóvil,Automóvil;Granadero Baigorria Y Clemente Albelo;2;1;0;1;0;0;S/D;SAN LORENZO;San Lorenzo;Asfalto;S/D;XVII;S/D;S/D;Otra Señal;S/D;Intersección;S/D;S/D;S/D;S/D;Múltiple;S/D;Colisión;S/D;S/D
5988;2021;9/8/2021;Lunes;17:25:00;;0.0;1;Moto/Ciclomotor;Av. San Martin Y Alvear;1;1;0;0;0;0;S/D;FRAY LUIS BELTRÁN;San Lorenzo;Asfalto;Pavimento;XVII;S/D;S/D;Otra Señal;No existe;Intersección;Bueno;Buena;S/D;Otro;Múltiple;S/D;Colisión;Ninguna;Faltante
5989;2021;9/8/2021;Lunes;;;0.0;2;Automóvil,Moto/Ciclomotor;Quiroga Y Av. Fray Luis Beltrán;4;2;0;2;0;0;S/D;FRAY LUIS BELTRÁN;San Lorenzo;Asfalto;No existe;XVII;S/D;S/D;Otra Señal;No existe;Intersección;Otro;Buena;S/D;Otro;Múltiple;S/D;Colisión;Ninguna;Faltante
5990;2021;9/8/2021;Lunes;10:15:00;;0.0;2;Bicicleta,Automóvil;Saavedra Y Italia;2;1;0;1;0;0;S/D;ROSARIO;Rosario;Asfalto;No existe;II;Dentro;Urbana;Otra Señal;No existe;Intersección;Bueno;Buena;Diurna;Buen Tiempo;Múltiple;Ciclista;Colisión;Ninguna;Faltante
5991;2021;9/8/2021;Lunes;19:00:00;;0.0;3;Moto/Ciclomotor,Automóvil,Automóvil;San Martin Y Gaboto;3;1;0;2;0;0;Avenida;ROSARIO;Rosario;Asfalto;No existe;II;S/D;Urbana;Otra Señal;Funciona;Intersección;Bueno;Buena;Atardecer,Con luz artificial;Buen Tiempo;Múltiple;S/D;Colisión;S/D;Vertical
5992;2021;9/8/2021;Lunes;19:25:00;;0.0;2;Moto/Ciclomotor,Automóvil;JUAN PABLO II ;2;1;0;1;0;0;S/D;ROSARIO;Rosario;Asfalto;Natural;II;S/D;Urbana;Otra Señal;No existe;Intersección;Bueno;Buena;Atardecer;Buen Tiempo;Múltiple;S/D;Colisión;Ninguna;Faltante
5993;2021;9/8/2021;Lunes;18:20:00;;0.0;2;Automóvil,Moto/Ciclomotor;Donado Y Morrison;2;1;0;1;0;0;Calle;ROSARIO;Rosario;Asfalto;S/D;II;S/D;Urbana;Otra Señal;No existe;Intersección;Bueno;Buena;Diurna;Buen Tiempo;Múltiple;S/D;Colisión;S/D;Faltante
5994;2021;9/8/2021;Lunes;23:30:00;;0.0;3;Automóvil,Automóvil,Pickup/Utilitario;J.J.Paso Y Ecuador;3;1;0;2;0;0;Calle;ROSARIO;Rosario;Asfalto;No existe;II;Dentro;Urbana;Otra Señal;No existe;Intersección;S/D;Reducida;Nocturna;S/D;Múltiple;S/D;Colisión;Ninguna;Faltante
5995;2021;9/8/2021;Lunes;22:30:00;;0.0;2;Moto/Ciclomotor,Automóvil;Magallanes Y Av. Cafferata;2;1;0;1;0;0;Calle;VILLA GOBERNADOR GÁLVEZ;Rosario;Asfalto;S/D;II;S/D;Urbana;Otra Señal;No existe;Intersección;Otro;Reducida;Nocturna;Otro;Múltiple;S/D;Colisión;Ninguna;Faltante
5996;2021;9/8/2021;Lunes;;;0.0;2;Automóvil,Moto/Ciclomotor;Mariano Moreno Y Rivadavia;2;1;0;1;0;0;Calle;CORONDA;San JERÓNIMO;S/D;S/D;XV;Dentro;Urbana;Otra Señal;S/D;Intersección;S/D;S/D;S/D;S/D;Múltiple;S/D;Colisión;S/D;S/D
5997;2021;9/8/2021;Lunes;23:55:00;Ruta Provincial 70;0.0;1;Automóvil; ;1;1;0;0;0;0;Ruta;HUMBOLDT;Constitución;S/D;S/D;XI;Dentro;Urbana;Otra Señal;S/D;Intersección;S/D;S/D;S/D;S/D;Múltiple;S/D;Colisión;S/D;S/D
5998;2021;9/8/2021;Lunes;08:48:00;;0.0;2;Pickup/Utilitario,Automóvil;Casey Y Chacabuco;2;1;0;1;0;0;Calle;VENADO TUERTO;Constitución;S/D;S/D;VIII;Dentro;Urbana;Otra Señal;S/D;Intersección;S/D;S/D;S/D;S/D;Múltiple;S/D;Colisión;S/D;S/D
5999;2021;9/8/2021;Lunes;14:08:00;;0.0;2;Automóvil,Moto/Ciclomotor;Av. Estrugamou Y Quintana;2;1;0;1;0;0;Calle;VENADO TUERTO;Constitución;S/D;S/D;VIII;Dentro;Urbana;Otra Señal;S/D;Intersección;S/D;S/D;S/D;S/D;Múltiple;S/D;Colisión;S/D;S/D