ID_Accidente;A�o;Fecha;Dia;Hopra;Ruta/Autop;km;Participantes;Tipo;Lugar;Total;Heridos Leves;Heridos Graves;Ilesos;Fallecidos;Sin datos;desc_tipo_via;desc_loc;desc_dpto;|;desc_tipo_banquina;desc_unidad_regional;desc_lugar_calzada;desc_zona;desc_prioridad;desc_estado_semaforo;desc_lugar_via;desc_estado_via;desc_estado_visibilidad;desc_luminosidad;desc_estado_clima;desc_tipo_colision;desc_tipo_atropello;desc_tipo_hecho;desc_pres_calzada;desc_senializacion
6000;2021;9/8/2021;Lunes;16:15:00;;0.0;2;Automóvil,Moto/Ciclomotor;Guillermo Brown Y Mariano Moreno;2;1;0;1;0;0;Calle;VENADO TUERTO;Constitución;S/D;S/D;VIII;Dentro;Urbana;Otra Señal;S/D;Intersección;S/D;S/D;S/D;S/D;Múltiple;S/D;Colisión;S/D;S/D
6001;2021;9/8/2021;Lunes;16:41:00;;0.0;2;Automóvil,Moto/Ciclomotor;Bartolomé Mitre Y Gral. José de San Martin;2;1;0;1;0;0;Calle;VENADO TUERTO;Constitución;S/D;S/D;VIII;Dentro;Urbana;Otra Señal;S/D;Intersección;S/D;S/D;S/D;S/D;Múltiple;S/D;Colisión;S/D;S/D
6002;2021;9/8/2021;Lunes;17:20:00;;0.0;2;Automóvil,Moto/Ciclomotor;Santa Fe Y Dean Funes;2;1;0;1;0;0;Calle;VENADO TUERTO;Constitución;S/D;S/D;VIII;Dentro;Urbana;Otra Señal;S/D;Intersección;S/D;S/D;S/D;S/D;Múltiple;S/D;Colisión;S/D;S/D
6003;2021;9/8/2021;Lunes;18:15:00;;0.0;2;Automóvil,Camión c / Acoplado;Leandro N Alem Y Fortín El Hinojo;4;2;0;2;0;0;Calle;VENADO TUERTO;Constitución;S/D;S/D;VIII;Dentro;Urbana;Otra Señal;S/D;Intersección;S/D;S/D;S/D;S/D;Múltiple;S/D;Colisión;S/D;S/D
6004;2021;9/8/2021;Lunes;19:45:00;;0.0;1;Moto/Ciclomotor;FRAY ERMETE Y LOS LANCEROS;1;1;0;0;0;0;Calle;SAN ANTONIO DE OBLIGADO;Constitución;Asfalto;Natural;IX;Dentro;Urbana;Otra Señal;No existe;Intersección;Bueno;Buena;Con luz artificial;Buen Tiempo;Múltiple;S/D;Colisión;Ninguna;Faltante
6005;2021;9/8/2021;Lunes;22:30:00;;0.0;1;Bicicleta;Virasoro Y Maipú;1;1;0;0;0;0;Calle;ROSARIO;Constitución;S/D;S/D;II;S/D;Urbana;Otra Señal;S/D;Intersección;S/D;S/D;Nocturna;S/D;Múltiple;S/D;Colisión;S/D;S/D
6006;2021;9/8/2021;Lunes;13:00:00;;0.0;1;Automóvil;Castellanos Y Tucumán;2;2;0;0;0;0;Calle;ROSARIO;Constitución;S/D;S/D;II;S/D;Urbana;Otra Señal;S/D;Intersección;S/D;S/D;Diurna;S/D;Múltiple;S/D;Colisión;S/D;S/D
6007;2021;9/8/2021;Lunes;09:40:00;;0.0;2;Bicicleta,Automóvil;Bv. Avellaneda Y Riobamba;2;0;0;1;0;0;Avenida;ROSARIO;Constitución;Asfalto;No existe;II;S/D;Urbana;Otra Señal;No existe;Intersección;Bueno;Buena;Diurna;Buen Tiempo;Múltiple;Ciclista;Colisión;Ninguna;S/D
6008;2021;9/8/2021;Lunes;;;0.0;1;Automóvil; ;1;0;0;0;0;0;S/D;ROSARIO;Rosario;S/D;S/D;II;S/D;S/D;Otra Señal;S/D;Intersección;S/D;S/D;S/D;S/D;Múltiple;S/D;Colisión;S/D;S/D
6009;2021;10/8/2021;Martes;20:15:00;Autopista Nacional A008;10.0;1;Automóvil;Mendoza Y Av. Eva Perón;1;0;0;0;1;0;Autopista;ROSARIO;Rosario;Asfalto;S/D;II;S/D;Urbana;Otra Señal;No existe;Intersección;Bueno;S/D;Nocturna;S/D;Múltiple;S/D;Colisión;Ninguna;Faltante
6010;2021;10/8/2021;Martes;17:25:00;;0.0;2;Moto/Ciclomotor,Pickup/Utilitario;J J Paso Y Av. Urquiza;2;1;0;1;0;0;Avenida;SANTA FE;La Capital;Asfalto;Pavimento;I;Dentro;Urbana;Otra Señal;Funciona;Intersección;Bueno;Buena;Diurna;Buen Tiempo;Múltiple;S/D;Colisión;Ninguna;Vertical
6011;2021;10/8/2021;Martes;21:00:00;;0.0;2;Moto/Ciclomotor,Automóvil;Mariano Comas Y 4 de Enero;2;1;0;1;0;0;Calle;SANTA FE;La Capital;Asfalto;Pavimento;I;Dentro;Urbana;Otra Señal;No existe;Intersección;Bueno;Buena;Nocturna;Buen Tiempo;Múltiple;S/D;Colisión;Otro;Faltante
6012;2021;10/8/2021;Martes;11:40:00;;0.0;2;Automóvil,Automóvil;Iturraspe Y San Jerónimo;2;1;0;1;0;0;Calle;SANTA FE;La Capital;Asfalto;No existe;I;Dentro;Urbana;Otra Señal;No existe;Intersección;Bueno;Buena;Diurna;Buen Tiempo;Múltiple;S/D;Colisión;Ninguna;Vertical
6013;2021;10/8/2021;Martes;19:30:00;;0.0;2;Pickup/Utilitario,Moto/Ciclomotor;Dr. Gálvez Y R G Videla;2;1;0;1;0;0;Calle;ESPERANZA;Las Colonias;Ripio;Natural;XI;Dentro;Urbana;Otra Señal;S/D;Intersección;Bueno;Buena;Con luz artificial;Buen Tiempo;Múltiple;S/D;Colisión;Ninguna;S/D
6014;2021;10/8/2021;Martes;21:00:00;;0.0;2;Moto/Ciclomotor,Automóvil;A Castellanos Y Bv 14 de Diciembre;2;1;0;1;0;0;Calle;ARMSTRONG;Belgrano;Asfalto;No existe;III;S/D;Urbana;Otra Señal;No existe;Intersección;Bueno;Buena;Nocturna;Buen Tiempo;Múltiple;S/D;Colisión;Ninguna;Vertical
6015;2021;10/8/2021;Martes;08:15:00;;0.0;2;Automóvil,Moto/Ciclomotor;Belgrano Y M S M de Balcarce;3;2;0;1;0;0;Calle;SAN JUSTO;San Justo;Asfalto;No existe;XVI;Dentro;Urbana;Otra Señal;No existe;Intersección;Bueno;Buena;Diurna;Buen Tiempo;Múltiple;S/D;Colisión;Ninguna;Faltante
6016;2021;10/8/2021;Martes;12:30:00;;0.0;2;Moto/Ciclomotor,Automóvil;Entre Ríos Y Ocampo;3;2;0;1;0;0;Calle;ROSARIO;Rosario;Asfalto;No existe;II;Dentro;Urbana;Otra Señal;No existe;Intersección;Bueno;Buena;Diurna;Buen Tiempo;Múltiple;S/D;Colisión;Ninguna;Faltante
6017;2021;10/8/2021;Martes;14:25:00;;0.0;2;Bicicleta,Moto/Ciclomotor;Buenos Aires Y Belgrano;2;1;0;1;0;0;S/D;PUERTO SAN MARTÍN;San Lorenzo;Asfalto;No existe;XVII;Dentro;Urbana;Otra Señal;No existe;Intersección;Bueno;Buena;Diurna;Buen Tiempo;Múltiple;Ciclista;Colisión;Ninguna;Faltante
6018;2021;10/8/2021;Martes;19:40:00;Ruta Secundaria 18-s;0.0;2;Moto/Ciclomotor,Automóvil;Ruta 18 S ;2;1;0;1;0;0;Ruta;PUERTO SAN MARTÍN;San Lorenzo;Asfalto;Ripio;XVII;Dentro;Urbana;Otra Señal;No existe;Intersección;Bueno;Buena;Nocturna;Buen Tiempo;Múltiple;S/D;Colisión;Ninguna;Faltante
6019;2021;10/8/2021;Martes;09:00:00;;0.0;2;Automóvil,Moto/Ciclomotor;Cochabamba ;2;1;0;1;0;0;S/D;SAN LORENZO;San Lorenzo;S/D;S/D;XVII;S/D;Urbana;Otra Señal;S/D;Intersección;S/D;S/D;S/D;S/D;Múltiple;S/D;Colisión;S/D;S/D
6020;2021;10/8/2021;Martes;;;0.0;2;Moto/Ciclomotor,Moto/Ciclomotor;Falucho Y Sargento Cabral;2;1;0;1;0;0;S/D;SAN LORENZO;San Lorenzo;S/D;S/D;XVII;S/D;Urbana;Otra Señal;S/D;Intersección;S/D;S/D;S/D;S/D;Múltiple;S/D;Colisión;S/D;S/D
6021;2021;10/8/2021;Martes;16:35:00;;0.0;2;Automóvil,Moto/Ciclomotor;L.N.Alem Y Dean Funes;2;1;0;1;0;0;S/D;ROSARIO;Rosario;Asfalto;No existe;II;S/D;S/D;Otra Señal;No existe;Intersección;Bueno;Buena;Diurna;Buen Tiempo;Múltiple;S/D;Colisión;Ninguna;Vertical
6022;2021;10/8/2021;Martes;14:05:00;;0.0;2;Automóvil,Automóvil;Buenos Aires Y Rueda;3;3;0;0;0;0;Calle;ROSARIO;Rosario;Asfalto;No existe;II;Dentro;Urbana;Otra Señal;No existe;Intersección;Bueno;Buena;Diurna;Buen Tiempo;Múltiple;S/D;Colisión;Ninguna;Faltante
6023;2021;10/8/2021;Martes;06:30:00;;0.0;2;Moto/Ciclomotor,Automóvil;Tarragona Y Micheletti;2;1;0;1;0;0;S/D;ROSARIO;Rosario;Asfalto;No existe;II;Dentro;Urbana;Otra Señal;S/D;Intersección;Bueno;Buena;Nocturna;Buen Tiempo;Múltiple;S/D;Colisión;Ninguna;S/D
6024;2021;10/8/2021;Martes;05:30:00;;0.0;1;Moto/Ciclomotor;Av. Uriburu Y Av. De Las Palmeras;1;1;0;0;0;0;Avenida;ROSARIO;Rosario;Asfalto;No existe;II;Dentro;Urbana;Otra Señal;Funciona;Intersección;Bueno;Buena;Nocturna;Buen Tiempo;Múltiple;S/D;Colisión;Ninguna;Faltante
6025;2021;10/8/2021;Martes;;;0.0;2;Moto/Ciclomotor,Pickup/Utilitario; ;2;2;0;0;0;0;S/D;CASILDA;Caseros;S/D;S/D;IV;S/D;S/D;Otra Señal;S/D;Intersección;S/D;S/D;S/D;S/D;Múltiple;S/D;Colisión;S/D;S/D
6026;2021;10/8/2021;Martes;12:00:00;;0.0;2;Moto/Ciclomotor,Automóvil;Gorriti ;3;2;0;1;0;0;Avenida;SANTA FE;La Capital;S/D;S/D;I;Dentro;Urbana;Otra Señal;S/D;Intersección;S/D;S/D;S/D;S/D;Múltiple;S/D;Colisión;S/D;S/D
6027;2021;10/8/2021;Martes;20:50:00;;0.0;2;Moto/Ciclomotor,Automóvil;Boulevard Lisandro de la Torre Y Presidente Bernardino Rivadavia;3;2;0;1;0;0;Avenida;CASILDA;Caseros;S/D;S/D;IV;Dentro;Urbana;Otra Señal;S/D;Intersección;S/D;S/D;S/D;S/D;Múltiple;S/D;Colisión;S/D;S/D
6028;2021;10/8/2021;Martes;15:00:00;;0.0;2;Moto/Ciclomotor,Pickup/Utilitario;Av. San Martin Y Pte. Illia -Ex. Entre Ríos;2;1;0;1;0;0;Calle;FRAY LUIS BELTRÁN;San Lorenzo;S/D;S/D;XVII;Fuera;S/D;Otra Señal;S/D;Intersección;S/D;S/D;S/D;S/D;Múltiple;S/D;Colisión;S/D;S/D
6029;2021;10/8/2021;Martes;;;0.0;1;Moto/Ciclomotor;Calle 24 - Olessio Y Calle 67-Enrique Angelelli;1;1;0;0;0;0;Calle;RECONQUISTA;General Obligado;S/D;S/D;IX;Dentro;Urbana;Otra Señal;S/D;Intersección;S/D;S/D;S/D;S/D;Múltiple;S/D;Colisión;S/D;S/D
6030;2021;10/8/2021;Martes;18:10:00;;0.0;2;Moto/Ciclomotor,Pickup/Utilitario; ;2;1;0;1;0;0;Calle;CASILDA;Caseros;S/D;S/D;IV;Dentro;Urbana;Otra Señal;S/D;Intersección;S/D;S/D;S/D;S/D;Múltiple;S/D;Colisión;S/D;S/D
6031;2021;10/8/2021;Martes;20:30:00;;0.0;2;Moto/Ciclomotor,Pickup/Utilitario;Boulevard Villada Y Formosa;3;2;0;1;0;0;Calle;CASILDA;Caseros;S/D;S/D;IV;Dentro;Urbana;Otra Señal;S/D;Intersección;S/D;S/D;S/D;S/D;Múltiple;S/D;Colisión;S/D;S/D
6032;2021;10/8/2021;Martes;11:40:00;Ruta Nacional 8;0.0;2;Automóvil,Camión;Quintana Y Marcos Ciani;2;1;0;1;0;0;Ruta;VENADO TUERTO;Constitución;S/D;S/D;VIII;Dentro;Urbana;Otra Señal;S/D;Intersección;S/D;S/D;S/D;S/D;Múltiple;S/D;Colisión;S/D;S/D
6033;2021;10/8/2021;Martes;;Autopista Nacional A008;0.0;2;Taxi/Remis,Moto/Ciclomotor;J.J.Paso Y Av. Circunvalación;3;2;0;1;0;0;Autopista;ROSARIO;Constitución;S/D;S/D;II;Dentro;Urbana;Otra Señal;S/D;Intersección;S/D;S/D;S/D;S/D;Múltiple;S/D;Colisión;S/D;S/D
6034;2021;10/8/2021;Martes;16:00:00;;0.0;2;Automóvil,Moto/Ciclomotor;Calle 37-Bvard. Lovato Y Calle 12 San Martin;2;1;0;1;0;0;Calle;RECONQUISTA;Constitución;S/D;S/D;IX;Dentro;Urbana;Otra Señal;S/D;Intersección;S/D;S/D;S/D;S/D;Múltiple;S/D;Colisión;S/D;S/D
6035;2021;10/8/2021;Martes;13:00:00;;0.0;2;Automóvil,Moto/Ciclomotor;Marconi 400;2;1;0;1;0;0;Calle;CAÑADA DE GÓMEZ;Constitución;S/D;S/D;X;Dentro;Urbana;Otra Señal;S/D;Intersección;S/D;S/D;S/D;S/D;Múltiple;S/D;Colisión;S/D;S/D
6036;2021;10/8/2021;Martes;;;0.0;2;Moto/Ciclomotor,Pickup/Utilitario;Tucumán Y Lamadrid;2;1;0;1;0;0;Calle;SANTA FE;Constitución;S/D;S/D;I;Dentro;Urbana;Otra Señal;S/D;Intersección;S/D;S/D;S/D;S/D;Múltiple;S/D;Colisión;S/D;S/D
6037;2021;10/8/2021;Martes;08:30:00;;0.0;1;Moto/Ciclomotor;Ricchieri Y E.Zeballos;1;1;0;0;0;0;Calle;ROSARIO;Constitución;S/D;S/D;II;Dentro;Urbana;Otra Señal;S/D;Intersección;S/D;S/D;Diurna;S/D;Múltiple;S/D;Colisión;S/D;S/D
6038;2021;10/8/2021;Martes;15:15:00;Ruta Provincial 68;0.0;2;Moto/Ciclomotor,Pickup/Utilitario;RUTA PROVINCIAL 70 ;2;0;0;1;0;0;Ruta;HUMBOLDT;Constitución;Asfalto;Pavimento;XI;Dentro;S/D;Otra Señal;No existe;Intersección;Bueno;Buena;Diurna;Buen Tiempo;Múltiple;S/D;Colisión;Ninguna;S/D
6039;2021;10/8/2021;Martes;17:00:00;;0.0;2;Moto/Ciclomotor,Automóvil;JUAN PABLO II Y J.J. PASO;3;0;0;1;0;0;Calle;ROSARIO;Rosario;Asfalto;Pavimento;II;Dentro;Urbana;Otra Señal;Funciona;Intersección;S/D;S/D;Diurna;S/D;Múltiple;S/D;Colisión;S/D;Horizontal
6040;2021;11/8/2021;Miercoles;16:00:00;Ruta Nacional 11;444.0;2;Moto/Ciclomotor,Camión Chasis;Salta Y Ruta Nac 11;2;0;0;1;1;0;Ruta;SAUCE VIEJO;La Capital;Asfalto;Pavimento;I;S/D;Urbana;Otra Señal;No existe;Intersección;Bueno;S/D;Diurna;Buen Tiempo;Múltiple;S/D;Colisión;Ninguna;Horizontal
6041;2021;11/8/2021;Miercoles;14:50:00;Ruta Nacional 33;569.0;2;Automóvil,Camión c / Acoplado;Ruta nacional  33 ;3;1;0;0;2;0;Ruta;AMENABAR;General LÓPEZ;Asfalto;Natural;VIII;S/D;Rural;Otra Señal;No existe;Intersección;Bueno;S/D;Diurna;Buen Tiempo;Múltiple;S/D;Colisión;Ninguna,S/D;Faltante
6042;2021;11/8/2021;Miercoles;23:55:00;;0.0;2;Moto/Ciclomotor,Pickup/Utilitario;Salvador del Carril Y Huergo;2;1;0;1;0;0;Calle;SANTA FE;La Capital;Asfalto;No existe;I;S/D;Urbana;Otra Señal;No existe;Intersección;Bueno;Buena;Nocturna;Buen Tiempo;Múltiple;S/D;Colisión;Ninguna;Horizontal
6043;2021;11/8/2021;Miercoles;16:55:00;;0.0;2;Moto/Ciclomotor,Automóvil;Martin Zapata Y Sarmiento;2;1;0;1;0;0;Calle;SANTA FE;La Capital;Asfalto;No existe;I;Dentro;Urbana;Otra Señal;No existe;Intersección;Bueno;Buena;Diurna;Buen Tiempo;Múltiple;S/D;Colisión;Ninguna;S/D
6044;2021;11/8/2021;Miercoles;16:30:00;;0.0;2;Moto/Ciclomotor,Moto/Ciclomotor;Av. Gral. Paz Y Quintana;2;1;0;1;0;0;Calle;SANTA FE;La Capital;Asfalto;No existe;I;S/D;Urbana;Otra Señal;No existe;Intersección;Bueno;Buena;Diurna;Buen Tiempo;Múltiple;S/D;Colisión;Ninguna;S/D
6045;2021;11/8/2021;Miercoles;10:00:00;;0.0;2;Moto/Ciclomotor,Automóvil;Güemes Y Diagonal Martínez;2;1;0;1;0;0;Calle;SANTA FE;La Capital;Asfalto;No existe;I;S/D;Urbana;Otra Señal;No existe;Intersección;Bueno;Buena;Diurna;Buen Tiempo;Múltiple;S/D;Colisión;Ninguna;S/D
6046;2021;11/8/2021;Miercoles;17:00:00;;0.0;2;Moto/Ciclomotor,Automóvil;Av. López y Planes Y Juan Del Campillo;2;0;0;0;0;2;Avenida;SANTA FE;La Capital;Asfalto;No existe;I;S/D;Urbana;Otra Señal;Funciona;Intersección;Bueno;Buena;Diurna;Buen Tiempo;Múltiple;S/D;Colisión;Ninguna;Vertical
6047;2021;11/8/2021;Miercoles;13:30:00;;0.0;2;Moto/Ciclomotor,Automóvil;Av. Urquiza Y Tucumán;2;1;0;1;0;0;Calle;SANTA FE;La Capital;Asfalto;Pavimento;I;Dentro;Urbana;Otra Señal;Funciona;Intersección;Bueno;Buena;Diurna;Buen Tiempo;Múltiple;S/D;Colisión;Ninguna;Faltante
6048;2021;11/8/2021;Miercoles;11:30:00;;0.0;2;Bicicleta,Automóvil;9 de Julio Y Gdor. Crespo;2;1;0;1;0;0;Calle;SANTA FE;La Capital;Asfalto;Pavimento;I;S/D;Urbana;Otra Señal;No existe;Intersección;Bueno;Buena;Diurna;Buen Tiempo;Múltiple;Ciclista;Colisión;Ninguna;Faltante
6049;2021;11/8/2021;Miercoles;10:50:00;Ruta Provincial 70;0.0;2;Pickup/Utilitario,Bicicleta;Maipú ;2;1;0;1;0;0;Ruta;ESPERANZA;Las Colonias;Asfalto;S/D;XI;Dentro;Urbana;Otra Señal;No existe;Intersección;Bueno;Buena;Diurna;Buen Tiempo;Múltiple;Ciclista;Colisión;Ninguna;Horizontal
6050;2021;11/8/2021;Miercoles;12:20:00;;0.0;2;Moto/Ciclomotor,Automóvil;Zeballos Y 25 de Mayo;3;2;0;1;0;0;Calle;GOBERNADOR CRESPO;San Justo;Asfalto;No existe;XVI;Dentro;Urbana;Otra Señal;No existe;Intersección;Bueno;Buena;Diurna;Buen Tiempo;Múltiple;S/D;Colisión;Ninguna;Horizontal
6051;2021;11/8/2021;Miercoles;15:17:00;;0.0;2;Moto/Ciclomotor,Automóvil;Maipú Y Mendoza;2;1;0;1;0;0;Calle;ROSARIO;Rosario;Asfalto;No existe;II;Dentro;Urbana;Otra Señal;No existe;Intersección;Bueno;Buena;Diurna;Buen Tiempo;Múltiple;S/D;Colisión;S/D;S/D
6052;2021;11/8/2021;Miercoles;17:30:00;;0.0;2;Moto/Ciclomotor,Automóvil;Bv. Oroño Y Av. Dante Alighieri;2;1;0;1;0;0;Calle;ROSARIO;Rosario;Asfalto;No existe;II;Dentro;Urbana;Otra Señal;No existe;Intersección;Bueno;Buena;Diurna;Buen Tiempo;Múltiple;S/D;Colisión;Agua;Faltante
6053;2021;11/8/2021;Miercoles;08:15:00;;0.0;2;Moto/Ciclomotor,Moto/Ciclomotor;Independencia Y Libertad;2;1;0;1;0;0;Calle;ROLDÁN;San Lorenzo;Asfalto;S/D;XVII;S/D;Urbana;Otra Señal;S/D;Intersección;Bueno;S/D;Diurna;S/D;Múltiple;S/D;Colisión;S/D;S/D
6054;2021;11/8/2021;Miercoles;19:45:00;;0.0;2;Automóvil,Moto/Ciclomotor;Av. San Lorenzo 2500;2;0;0;1;0;1;S/D;CAPITÁN BERMÚDEZ;San Lorenzo;S/D;S/D;XVII;S/D;S/D;Otra Señal;S/D;Intersección;S/D;S/D;Nocturna;S/D;Múltiple;S/D;Colisión;S/D;S/D
6055;2021;11/8/2021;Miercoles;14:15:00;;0.0;2;Moto/Ciclomotor,Automóvil;Irigoyen Y Santiago del Estero;2;1;0;1;0;0;S/D;SAN LORENZO;San Lorenzo;S/D;S/D;XVII;S/D;Urbana;Otra Señal;S/D;Intersección;S/D;S/D;S/D;S/D;Múltiple;S/D;Colisión;S/D;S/D
6056;2021;11/8/2021;Miercoles;08:00:00;;0.0;2;Bicicleta,Moto/Ciclomotor;Crespo Y Gral.Mosconi;2;0;0;0;0;2;Calle;ROSARIO;Rosario;Asfalto;Pavimento;II;S/D;Urbana;Otra Señal;No existe;Intersección;Bueno;Buena;Diurna;Buen Tiempo;Múltiple;Ciclista;Colisión;Ninguna;Faltante
6057;2021;11/8/2021;Miercoles;17:30:00;;0.0;2;Moto/Ciclomotor,Automóvil;Av. Battle y Ordoñez Y Bv. Oroño;2;1;0;0;0;1;S/D;ROSARIO;Rosario;Asfalto;Pavimento;II;S/D;Urbana;Otra Señal;Funciona;Intersección;Bueno;Buena;Diurna;Buen Tiempo;Múltiple;S/D;Colisión;Ninguna;Horizontal,Vertical
6058;2021;11/8/2021;Miercoles;13:00:00;;0.0;2;Bicicleta,Automóvil;Buenos Aires Y Dr. Rivas;2;1;0;1;0;0;Calle;ROSARIO;Rosario;Asfalto;No existe;II;Dentro;Urbana;Otra Señal;No existe;Intersección;Bueno;Buena;Diurna;Buen Tiempo;Múltiple;Ciclista;Colisión;Ninguna;Faltante
6059;2021;11/8/2021;Miercoles;12:55:00;;0.0;2;Peatón,Otros;Ameghino Y Bv. Oroño;2;1;0;1;0;0;Avenida;ROSARIO;Rosario;Asfalto;No existe;II;Dentro;Urbana;Otra Señal;No existe;Intersección;Bueno;Buena;Diurna;Buen Tiempo;Múltiple;Peatón;Colisión;Ninguna;Faltante
6060;2021;11/8/2021;Miercoles;17:15:00;;0.0;2;Automóvil,Automóvil;Av. Ntra.Sra.del Rosario Y Leiva;3;1;0;2;0;0;Avenida;ROSARIO;Rosario;Asfalto;No existe;II;S/D;Urbana;Otra Señal;Funciona;Intersección;Bueno;Buena;Diurna;Buen Tiempo;Múltiple;S/D;Colisión;Ninguna;Vertical
6061;2021;11/8/2021;Miercoles;16:35:00;Autopista Nacional Rosario -Cordoba;0.0;1;Moto/Ciclomotor;Bv. Wilde ;2;2;0;0;0;0;Autopista;ROSARIO;Rosario;Asfalto;Ripio;II;Dentro;Urbana;Otra Señal;No existe;Intersección;Bueno;Buena;Diurna;Buen Tiempo;Múltiple;S/D;Colisión;Ninguna;Vertical
6062;2021;11/8/2021;Miercoles;19:10:00;;0.0;2;Moto/Ciclomotor,Automóvil;Mitre Y Avellaneda;2;1;0;1;0;0;Calle;VILLA GOBERNADOR GÁLVEZ;Rosario;Asfalto;No existe;II;S/D;Urbana;Otra Señal;No existe;Intersección;Con baches;Buena;Atardecer;Otro;Múltiple;S/D;Colisión;S/D;S/D
6063;2021;11/8/2021;Miercoles;18:15:00;;0.0;2;Moto/Ciclomotor,Automóvil;Soldado Aguirre Y Bomberos Voluntarios;2;1;0;1;0;0;Calle;VILLA GOBERNADOR GÁLVEZ;Rosario;Asfalto;No existe;II;S/D;S/D;Otra Señal;No existe;Intersección;Con baches;Buena;Diurna;Otro;Múltiple;S/D;Colisión;Ninguna;Faltante
6064;2021;11/8/2021;Miercoles;14:15:00;;0.0;2;Moto/Ciclomotor,Automóvil;Calle 17-Bartolome Mitre Y Calle 16 Gral. Obligado;3;2;0;1;0;0;Calle;RECONQUISTA;General Obligado;Asfalto;No existe;IX;Dentro;Urbana;Otra Señal;No existe;Intersección;Bueno;Buena;Diurna;Buen Tiempo;Múltiple;S/D;Colisión;Ninguna;Horizontal,Vertical
6065;2021;11/8/2021;Miercoles;12:00:00;;0.0;2;Peatón,Moto/Ciclomotor;Bartolomé Mitre 1382;2;1;0;1;0;0;Calle;SAN JORGE;San MARTÍN;S/D;S/D;XVIII;Dentro;Urbana;Otra Señal;S/D;Intersección;S/D;S/D;S/D;S/D;Múltiple;Peatón;Colisión;S/D;S/D
6066;2021;11/8/2021;Miercoles;15:45:00;;0.0;1;Moto/Ciclomotor; ;2;2;0;0;0;0;Calle;FORTÍN OLMOS;Vera;S/D;S/D;XIX;Dentro;Urbana;Otra Señal;S/D;Intersección;S/D;S/D;S/D;S/D;Múltiple;S/D;Colisión;S/D;S/D
6067;2021;11/8/2021;Miercoles;15:45:00;;0.0;2;Bicicleta,Moto/Ciclomotor; ;2;1;0;1;0;0;Calle;FORTÍN OLMOS;Vera;S/D;S/D;XIX;Dentro;Urbana;Otra Señal;S/D;Intersección;S/D;S/D;S/D;S/D;Múltiple;Ciclista;Colisión;S/D;S/D
6068;2021;11/8/2021;Miercoles;;;0.0;2;Automóvil,Otros;Alvear Y Sarmiento;2;1;0;1;0;0;Calle;RAFAELA;Constitución;S/D;S/D;V;Dentro;Urbana;Otra Señal;S/D;Intersección;S/D;S/D;S/D;S/D;Múltiple;S/D;Colisión;S/D;S/D
6069;2021;11/8/2021;Miercoles;;;0.0;2;Automóvil,Automóvil;Hernandarias Y San Lorenzo;2;1;0;1;0;0;Calle;SANTA FE;Constitución;S/D;S/D;I;Dentro;Urbana;Otra Señal;S/D;Intersección;S/D;S/D;S/D;S/D;Múltiple;S/D;Colisión;S/D;S/D
6070;2021;11/8/2021;Miercoles;15:45:00;Ruta Nacional 98;3.0;2;Automóvil,Automóvil; ;5;2;0;0;2;0;Ruta;VERA;Constitución;Asfalto;Natural;XIX;S/D;Rural;Otra Señal;No existe;Intersección;Bueno;Buena;Diurna;Buen Tiempo;Múltiple;S/D;Colisión;S/D;S/D
6071;2021;11/8/2021;Miercoles;13:30:00;;0.0;2;Bicicleta,Automóvil;Av. Francia Y Pte. Quintana;2;0;0;0;0;1;Calle;ROSARIO;Constitución;S/D;S/D;II;S/D;Urbana;Otra Señal;S/D;Intersección;Bueno;Buena;S/D;Buen Tiempo;Múltiple;Ciclista;Colisión;Ninguna;Horizontal,Vertical
6072;2021;11/8/2021;Miercoles;15:50:00;;0.0;2;Moto/Ciclomotor,Automóvil;Bv. Oroño Y Benito Juárez;2;0;0;0;0;1;Calle;ROSARIO;Constitución;Asfalto;Pavimento;II;S/D;Urbana;Otra Señal;Funciona;Intersección;Bueno;Buena;Diurna,Con luz artificial;Buen Tiempo;Múltiple;S/D;Colisión;Ninguna;Horizontal,Vertical
6073;2021;12/8/2021;Jueves;12:05:00;;0.0;3;Moto/Ciclomotor,Automóvil,Camión;Av. de los Trabaj. Ferroviario ;3;1;0;2;0;0;Avenida;SAN CRISTÓBAL;San CRISTÓBAL;Asfalto;No existe;XIII;S/D;Urbana;Otra Señal;No existe;Intersección;Bueno;Buena;Diurna;Buen Tiempo;Múltiple;S/D;Colisión;Ninguna;Faltante
6074;2021;12/8/2021;Jueves;17:30:00;;0.0;2;Moto/Ciclomotor,Automóvil;Regis Martínez ;2;0;0;0;0;2;Calle;SANTA FE;La Capital;Asfalto;No existe;I;S/D;Urbana;Otra Señal;Funciona;Intersección;Bueno;Buena;Diurna;Buen Tiempo;Múltiple;S/D;Colisión;Ninguna;Vertical
6075;2021;12/8/2021;Jueves;06:50:00;Ruta Secundaria 81-s;0.0;2;Automóvil,Moto/Ciclomotor; ;2;0;0;1;0;0;Ruta;LEHMANN;Castellanos;Asfalto;Natural;V;Dentro;Rural;Otra Señal;No existe;Intersección;Con baches;Buena;Nocturna;Buen Tiempo;Múltiple;S/D;Colisión;Ninguna;Vertical
6076;2021;12/8/2021;Jueves;18:20:00;;0.0;2;Moto/Ciclomotor,Automóvil;Sarmiento D Y E Alemán;2;1;0;1;0;0;Calle;VERA;Vera;Asfalto;No existe;XIX;Dentro;Urbana;Otra Señal;S/D;Intersección;Bueno;Buena;Atardecer;Buen Tiempo;Múltiple;S/D;Colisión;Ninguna;Faltante
6077;2021;12/8/2021;Jueves;11:05:00;;0.0;2;Moto/Ciclomotor,Automóvil;Intendente Manuel Irigoyen ;2;2;0;0;0;0;S/D;SANTA FE;La Capital;Asfalto;S/D;I;S/D;S/D;Otra Señal;S/D;Intersección;Bueno;S/D;S/D;S/D;Múltiple;S/D;Colisión;S/D;S/D