ID_Accidente;A�o;Fecha;Dia;Hopra;Ruta/Autop;km;Participantes;Tipo;Lugar;Total;Heridos Leves;Heridos Graves;Ilesos;Fallecidos;Sin datos;desc_tipo_via;desc_loc;desc_dpto;|;desc_tipo_banquina;desc_unidad_regional;desc_lugar_calzada;desc_zona;desc_prioridad;desc_estado_semaforo;desc_lugar_via;desc_estado_via;desc_estado_visibilidad;desc_luminosidad;desc_estado_clima;desc_tipo_colision;desc_tipo_atropello;desc_tipo_hecho;desc_pres_calzada;desc_senializacion
6078;2021;12/8/2021;Jueves;14:45:00;;0.0;2;Moto/Ciclomotor,Automóvil;Av. A del Valle Y Martin Zapata;3;1;0;2;0;0;Avenida;SANTA FE;La Capital;Asfalto;No existe;I;Dentro;Urbana;Otra Señal;No existe;Intersección;Bueno;Buena;Diurna;Buen Tiempo;Múltiple;S/D;Colisión;Ninguna;Vertical
6079;2021;12/8/2021;Jueves;09:00:00;;0.0;2;Pickup/Utilitario,Peatón;3 De Febrero Y 1 de Mayo;2;1;0;1;0;0;Calle;ROSARIO;Rosario;Asfalto;No existe;II;Dentro;Urbana;Otra Señal;No existe;Intersección;Bueno;Buena;Diurna;Buen Tiempo;Múltiple;Peatón;Colisión;Ninguna;Faltante
6080;2021;12/8/2021;Jueves;15:30:00;;0.0;2;Moto/Ciclomotor,Automóvil;Laprida Y 3 De Febrero;2;1;0;1;0;0;Calle;ROSARIO;Rosario;S/D;No existe;II;Dentro;Urbana;Otra Señal;No existe;Intersección;Otro;Buena;Diurna;Buen Tiempo;Múltiple;S/D;Colisión;Ninguna;Faltante
6081;2021;12/8/2021;Jueves;14:00:00;;0.0;2;Moto/Ciclomotor,Pickup/Utilitario;F.More Y Virasoro;3;2;0;1;0;0;Calle;ROSARIO;Rosario;Asfalto;No existe;II;Dentro;Urbana;Otra Señal;No existe;Intersección;Bueno;Buena;Diurna;Buen Tiempo;Múltiple;S/D;Colisión;Ninguna;Faltante
6082;2021;12/8/2021;Jueves;09:00:00;;0.0;2;Bicicleta,Automóvil;Pte. Roca Y Riobamba;2;1;0;1;0;0;S/D;ROSARIO;Rosario;Asfalto;No existe;II;S/D;S/D;Otra Señal;No existe;Intersección;Bueno;Buena;Diurna;Buen Tiempo;Múltiple;Ciclista;Colisión;Ninguna;Faltante
6083;2021;12/8/2021;Jueves;15:00:00;;0.0;1;Moto/Ciclomotor;Almte. Brown Y Santa Fe;1;1;0;0;0;0;Calle;ROLDÁN;San Lorenzo;Asfalto;S/D;XVII;S/D;Urbana;Otra Señal;S/D;Intersección;Bueno;S/D;Diurna;S/D;Múltiple;S/D;Colisión;S/D;S/D
6084;2021;12/8/2021;Jueves;14:20:00;;0.0;2;Moto/Ciclomotor,Camión Chasis;Sargento Cabral Y 9 de Julio;2;1;0;1;0;0;S/D;SAN LORENZO;San Lorenzo;S/D;S/D;XVII;S/D;Urbana;Otra Señal;S/D;Intersección;S/D;S/D;S/D;S/D;Múltiple;S/D;Colisión;S/D;S/D
6085;2021;12/8/2021;Jueves;18:25:00;;0.0;2;Bicicleta,Automóvil;Av. Francia Y La Paz;2;1;0;1;0;0;Calle;ROSARIO;Rosario;Asfalto;S/D;II;S/D;Urbana;Otra Señal;Funciona;Intersección;Bueno;Buena;Diurna;Buen Tiempo;Múltiple;Ciclista;Colisión;Ninguna;Horizontal
6086;2021;12/8/2021;Jueves;08:50:00;;0.0;2;Automóvil,Moto/Ciclomotor;San Martin 6500;2;1;0;1;0;0;Avenida;ROSARIO;Rosario;Asfalto;S/D;II;S/D;Urbana;Otra Señal;Funciona;Intersección;Bueno;Buena;Diurna;Buen Tiempo;Múltiple;S/D;Colisión;S/D;S/D
6087;2021;12/8/2021;Jueves;09:50:00;;0.0;2;Bicicleta,Automóvil;Lamadrid Y Sarmiento;2;1;0;1;0;0;Calle;ROSARIO;Rosario;Asfalto;No existe;II;Dentro;Urbana;Otra Señal;No existe;Intersección;Bueno;Buena;Diurna;Buen Tiempo;Múltiple;Ciclista;Colisión;Ninguna;S/D
6088;2021;12/8/2021;Jueves;18:10:00;;0.0;2;Moto/Ciclomotor,Pickup/Utilitario;Av. Pte. Perón 8300;2;1;0;1;0;0;S/D;ROSARIO;Rosario;Asfalto;Pavimento;II;S/D;S/D;Otra Señal;S/D;Intersección;Bueno;Buena;Atardecer;Buen Tiempo;Múltiple;S/D;Colisión;Ninguna;S/D
6089;2021;12/8/2021;Jueves;01:30:00;;0.0;1;Moto/Ciclomotor; ;1;1;0;0;0;0;Calle;SAN GENARO;San JERÓNIMO;S/D;S/D;XV;Dentro;Rural;Otra Señal;S/D;Intersección;S/D;S/D;S/D;S/D;Múltiple;S/D;Colisión;S/D;S/D
6090;2021;12/8/2021;Jueves;19:45:00;;0.0;2;Moto/Ciclomotor,Automóvil;FRAY ERMETE Y PTE. PERÓN;2;1;0;1;0;0;Calle;SAN ANTONIO DE OBLIGADO;Constitución;Asfalto;Natural;IX;Dentro;Urbana;Otra Señal;No existe;Intersección;Bueno;Buena;Con luz artificial;Buen Tiempo;Múltiple;S/D;Colisión;S/D;Vertical
6091;2021;12/8/2021;Jueves;14:00:00;;0.0;2;Moto/Ciclomotor,Otros;Rafaela Y Luis F Leloir;3;0;0;2;0;0;Calle;SUNCHALES;Constitución;Hormigón;No existe;V;Dentro;Urbana;Otra Señal;No existe;Intersección;Bueno;Buena;Diurna;Buen Tiempo;Múltiple;S/D;Colisión;Ninguna;Faltante
6092;2021;12/8/2021;Jueves;08:00:00;;0.0;2;Pickup/Utilitario,Moto/Ciclomotor;C Silva Y Yapeyu;2;1;0;0;0;0;Calle;PUERTO SAN MARTÍN;Constitución;Asfalto;No existe;XVII;Dentro;Urbana;Otra Señal;No existe;Intersección;Bueno;Buena;Diurna;Buen Tiempo;Múltiple;S/D;Colisión;Ninguna;Faltante
6093;2021;12/8/2021;Jueves;16:30:00;;0.0;2;Moto/Ciclomotor,Pickup/Utilitario;Av. Peñaloza Y Pedro de Vega;2;0;0;1;0;0;Calle;SANTA FE;Constitución;S/D;S/D;I;Dentro;Urbana;Otra Señal;S/D;Intersección;S/D;S/D;S/D;S/D;Múltiple;S/D;Colisión;S/D;S/D
6094;2021;12/8/2021;Jueves;21:00:00;;0.0;2;Automóvil,Moto/Ciclomotor;Capitán Bermúdez Y E Zevallos;2;0;0;1;0;0;Calle;GÁLVEZ;Constitución;S/D;S/D;XV;Dentro;Urbana;Otra Señal;S/D;Intersección;S/D;S/D;S/D;S/D;Múltiple;S/D;Colisión;S/D;S/D
6095;2021;12/8/2021;Jueves;15:20:00;Ruta Nacional 34;0.0;2;Automóvil,Moto/Ciclomotor;Ruta provincial 65 ;2;0;0;1;0;0;Ruta;SAN GENARO;Constitución;S/D;S/D;XV;Dentro;Urbana;Otra Señal;S/D;Intersección;S/D;S/D;S/D;S/D;Múltiple;S/D;Colisión;S/D;S/D
6096;2021;12/8/2021;Jueves;16:00:00;Ruta Provincial 91;0.0;2;Camión c / Acoplado,Camión; ;2;0;0;1;0;0;Ruta;SERODINO;Constitución;S/D;S/D;X;Fuera;Rural;Otra Señal;S/D;Intersección;S/D;S/D;S/D;S/D;Múltiple;S/D;Colisión;S/D;S/D
6097;2021;12/8/2021;Jueves;11:00:00;;0.0;2;Pickup/Utilitario,Pickup/Utilitario;Mateo Booz Y Simón de Iriondo;5;3;0;0;0;0;Calle;RECREO;La Capital;S/D;S/D;I;Dentro;Urbana;Otra Señal;S/D;Intersección;S/D;S/D;S/D;S/D;Múltiple;S/D;Colisión;S/D;S/D
6098;2021;13/8/2021;Viernes;12:35:00;Ruta Nacional 11;0.0;2;Automóvil,Otros; ;4;1;0;3;0;0;Ruta;LLAMBI CAMPBELL;La Capital;Asfalto;Natural;I;S/D;Urbana;Otra Señal;No existe;Intersección;Bueno;Buena;Diurna;Buen Tiempo;Múltiple;S/D;Colisión;Ninguna;Horizontal,Vertical
6099;2021;13/8/2021;Viernes;14:40:00;;0.0;2;Peatón,Pickup/Utilitario;Av. Gral. Paz Y Martin Zapata;2;1;0;1;0;0;Avenida;SANTA FE;La Capital;Asfalto;No existe;I;S/D;Urbana;Otra Señal;No existe;Intersección;Bueno;Buena;Diurna;Buen Tiempo;Múltiple;Peatón;Colisión;Ninguna;S/D
6100;2021;13/8/2021;Viernes;10:15:00;Ruta Nacional 168;0.0;1;Bicicleta;FRENTE A LA FACULTAD ;1;1;0;0;0;0;Ruta;SANTA FE;La Capital;Asfalto;Natural;I;S/D;Urbana;Otra Señal;No existe;Intersección;Bueno;Buena;Diurna;Buen Tiempo;Múltiple;Ciclista;Colisión;Ninguna;S/D
6101;2021;13/8/2021;Viernes;13:30:00;;0.0;2;Moto/Ciclomotor,Automóvil;Laurencio Maradona ;2;1;0;0;0;1;Calle;SANTA FE;La Capital;Asfalto;Pavimento;I;Dentro;Urbana;Otra Señal;No existe;Intersección;Bueno;Buena;Nocturna;Buen Tiempo;Múltiple;S/D;Colisión;Ninguna;Faltante
6102;2021;13/8/2021;Viernes;12:30:00;;0.0;2;Moto/Ciclomotor,Pickup/Utilitario;4 de Enero Y Salta;2;1;0;1;0;0;Calle;SANTA FE;La Capital;Asfalto;Pavimento;I;Dentro;Urbana;Otra Señal;No existe;Intersección;Bueno;Buena;Diurna;Buen Tiempo;Múltiple;S/D;Colisión;Ninguna;Faltante
6103;2021;13/8/2021;Viernes;09:00:00;;0.0;2;Moto/Ciclomotor,Automóvil;Av. 27 de Febrero Y Mendoza;2;1;0;1;0;0;Calle;SANTA FE;La Capital;Asfalto;Pavimento;I;Dentro;Urbana;Otra Señal;Funciona;Intersección;Bueno;Buena;Diurna;Buen Tiempo;Múltiple;S/D;Colisión;Ninguna;Faltante
6104;2021;13/8/2021;Viernes;14:15:00;;0.0;2;Automóvil,Moto/Ciclomotor;Balcarce ;2;1;0;1;0;0;Calle;SANTO TOMÉ;La Capital;Asfalto;No existe;I;Dentro;Urbana;Otra Señal;No existe;Intersección;Bueno;Buena;Diurna;Buen Tiempo;Múltiple;S/D;Colisión;Ninguna;Faltante
6105;2021;13/8/2021;Viernes;19:50:00;;0.0;2;Automóvil,Moto/Ciclomotor;Av. Córdoba Y R G Videla;2;1;0;1;0;0;Avenida;ESPERANZA;Las Colonias;Asfalto;S/D;XI;S/D;Urbana;Otra Señal;No existe;Intersección;Bueno;Buena;Nocturna;Buen Tiempo;Múltiple;S/D;Colisión;Ninguna;Vertical
6106;2021;13/8/2021;Viernes;14:00:00;;0.0;2;Moto/Ciclomotor,Automóvil;Berutti Y San Martin;2;1;0;1;0;0;Calle;ESPERANZA;Las Colonias;Asfalto;Ripio;XI;S/D;Urbana;Otra Señal;No existe;Intersección;Bueno;Buena;Diurna;Buen Tiempo;Múltiple;S/D;Colisión;Ninguna;Vertical
6107;2021;13/8/2021;Viernes;13:44:00;;0.0;2;Automóvil,Moto/Ciclomotor;General Manuel Belgrano Y Santiago Denner;2;0;0;1;0;1;Calle;ESPERANZA;Las Colonias;Ripio;S/D;XI;S/D;Urbana;Otra Señal;No existe;Intersección;Bueno;Buena;Diurna;Buen Tiempo;Múltiple;S/D;Colisión;Ninguna;Vertical
6108;2021;13/8/2021;Viernes;;;0.0;2;Taxi/Remis,Automóvil;Rodríguez Y Urquiza;3;1;0;2;0;0;Calle;ROSARIO;Rosario;Asfalto;S/D;II;Dentro;Urbana;Otra Señal;S/D;Intersección;S/D;S/D;S/D;S/D;Múltiple;S/D;Colisión;S/D;S/D
6109;2021;13/8/2021;Viernes;20:00:00;;0.0;2;Automóvil,Vehículo Oficial;Av. Pellegrini Y Buenos Aires;2;1;0;1;0;0;Calle;ROSARIO;Rosario;Asfalto;No existe;II;Dentro;Urbana;Otra Señal;Funciona;Intersección;Bueno;Buena;Nocturna;Buen Tiempo;Múltiple;S/D;Colisión;Ninguna;Faltante
6110;2021;13/8/2021;Viernes;20:35:00;Ruta Nacional 34;0.0;3;Automóvil,Automóvil,Camión c / Semirremolque;Grandoli ;6;2;0;4;0;0;Ruta;ROSARIO;Rosario;Asfalto;Pavimento;II;Dentro;Urbana;Otra Señal;S/D;Intersección;Bueno;Buena;Nocturna;Buen Tiempo;Múltiple;S/D;Colisión;Ninguna;S/D
6111;2021;13/8/2021;Viernes;13:30:00;;0.0;2;Moto/Ciclomotor,Moto/Ciclomotor;Albert Sabin Y J.J.Paso;2;1;0;1;0;0;Avenida;ROSARIO;Rosario;Asfalto;S/D;II;Dentro;Urbana;Otra Señal;Funciona;Intersección;Bueno;S/D;Diurna;S/D;Múltiple;S/D;Colisión;Ninguna;S/D
6112;2021;13/8/2021;Viernes;14:30:00;;0.0;2;Pickup/Utilitario,Moto/Ciclomotor;Beruti Y Centeno;3;2;0;1;0;0;Calle;ROSARIO;Rosario;Asfalto;No existe;II;Dentro;Urbana;Otra Señal;No existe;Intersección;Bueno;Buena;Diurna;Buen Tiempo;Múltiple;S/D;Colisión;Ninguna;Faltante
6113;2021;13/8/2021;Viernes;16:45:00;Autopista Nacional Rosario -Cordoba;0.0;2;Peatón,Automóvil; ;2;1;0;1;0;0;Autopista;ROSARIO;Rosario;Tierra;No existe;II;Dentro;Urbana;Otra Señal;No existe;Intersección;Deteriorada;Buena;Diurna;Buen Tiempo;Múltiple;Peatón;Colisión;Ninguna;S/D
6114;2021;13/8/2021;Viernes;17:30:00;;0.0;2;Pickup/Utilitario,Peatón;Av. Eva Perón Y Sánchez de Loria;2;1;0;1;0;0;Avenida;ROSARIO;Rosario;S/D;S/D;II;Dentro;Urbana;Otra Señal;Funciona;Intersección;S/D;S/D;S/D;Otro;Múltiple;Peatón;Colisión;Otro;S/D
6115;2021;13/8/2021;Viernes;07:30:00;;0.0;2;Bicicleta,Automóvil;Bv. 27 De Febrero Y Bv. Avellaneda;2;1;0;1;0;0;Avenida;ROSARIO;Rosario;Asfalto;No existe;II;S/D;Urbana;Otra Señal;Funciona;Intersección;Bueno;Buena;Diurna;Buen Tiempo;Múltiple;Ciclista;Colisión;Ninguna;S/D
6116;2021;13/8/2021;Viernes;;;0.0;1;Automóvil; ;1;1;0;0;0;0;Camino Rural;CAFFERATA;General LÓPEZ;S/D;S/D;VIII;S/D;Rural;Otra Señal;S/D;Intersección;S/D;S/D;S/D;S/D;Múltiple;S/D;Colisión;S/D;S/D
6117;2021;13/8/2021;Viernes;12:00:00;;0.0;2;Peatón,Moto/Ciclomotor;Mendoza 540;2;1;0;1;0;0;Calle;CENTENO;San JERÓNIMO;S/D;S/D;XV;Dentro;Urbana;Otra Señal;S/D;Intersección;S/D;S/D;S/D;S/D;Múltiple;Peatón;Colisión;S/D;S/D
6118;2021;13/8/2021;Viernes;06:45:00;Ruta Provincial 80;0.0;1;Pickup/Utilitario;RUTA 6 ;2;2;0;0;0;0;Ruta;GÁLVEZ;San JERÓNIMO;S/D;S/D;XV;Fuera;Urbana;Otra Señal;S/D;Intersección;S/D;S/D;S/D;S/D;Múltiple;S/D;Colisión;S/D;S/D
6119;2021;13/8/2021;Viernes;19:20:00;;0.0;1;Camión; ;1;1;0;0;0;0;S/D;ROSARIO;Rosario;S/D;S/D;II;S/D;S/D;Otra Señal;S/D;Intersección;S/D;S/D;S/D;S/D;Múltiple;S/D;Colisión;S/D;S/D
6120;2021;13/8/2021;Viernes;;Ruta Nacional 34;0.0;2;Moto/Ciclomotor,Camión;Av. Luis Fanti ;2;1;0;1;0;0;Ruta;RAFAELA;Constitución;S/D;S/D;V;Dentro;Urbana;Otra Señal;S/D;Intersección;S/D;S/D;S/D;S/D;Múltiple;S/D;Colisión;S/D;S/D
6121;2021;13/8/2021;Viernes;22:30:00;;0.0;1;Moto/Ciclomotor;Av. Circunvalación Y Av. Eva Perón;1;1;0;0;0;0;Avenida;ROSARIO;Constitución;S/D;S/D;II;Dentro;Urbana;Otra Señal;S/D;Intersección;S/D;S/D;Nocturna;S/D;Múltiple;S/D;Colisión;S/D;S/D
6122;2021;13/8/2021;Viernes;21:35:00;;0.0;2;Automóvil,Moto/Ciclomotor;Crespo Y 24 De Setiembre;2;0;0;0;0;1;Calle;ROSARIO;Constitución;Asfalto;Pavimento;II;S/D;Urbana;Otra Señal;No existe;Intersección;Otro;Buena;Nocturna;Buen Tiempo;Múltiple;S/D;Colisión;Otro;Faltante
6123;2021;13/8/2021;Viernes;20:30:00;;0.0;2;Moto/Ciclomotor,Bicicleta;Rivarola Y Méndez;2;0;0;1;0;0;Calle;ROSARIO;Constitución;Asfalto;No existe;II;Dentro;Urbana;Otra Señal;S/D;Intersección;Bueno;Buena;Nocturna;Buen Tiempo;Múltiple;Ciclista;Colisión;Ninguna;S/D
6124;2021;13/8/2021;Viernes;;;0.0;2;Moto/Ciclomotor,Automóvil; ;2;0;0;1;0;0;Calle;FIRMAT;Constitución;S/D;S/D;VIII;Dentro;Urbana;Otra Señal;S/D;Intersección;S/D;S/D;S/D;S/D;Múltiple;S/D;Colisión;S/D;S/D
6125;2021;14/8/2021;Sabado;10:20:00;;0.0;2;Moto/Ciclomotor,Automóvil;Salvador del Carril Y Lavalle;2;1;0;1;0;0;Calle;SANTA FE;La Capital;Asfalto;No existe;I;S/D;Urbana;Otra Señal;No existe;Intersección;Bueno;Buena;Diurna;Buen Tiempo;Múltiple;S/D;Colisión;Ninguna;S/D
6126;2021;14/8/2021;Sabado;13:25:00;;0.0;2;Moto/Ciclomotor,Automóvil;Candioti Y Balcarce;2;1;0;1;0;0;Avenida;SANTA FE;La Capital;Asfalto;No existe;I;Dentro;Urbana;Otra Señal;Funciona;Intersección;Bueno;S/D;Diurna;S/D;Múltiple;S/D;Colisión;S/D;S/D
6127;2021;14/8/2021;Sabado;13:30:00;;0.0;2;Moto/Ciclomotor,Automóvil;Av. Urquiza Y Av. Gral. López;2;1;0;1;0;0;Calle;SANTA FE;La Capital;Asfalto;Pavimento;I;Dentro;Urbana;Otra Señal;Funciona;Intersección;Bueno;Buena;Diurna;Buen Tiempo;Múltiple;S/D;Colisión;Ninguna;Faltante
6128;2021;14/8/2021;Sabado;17:30:00;Autovía Nacional 19;14.0;2;Automóvil,Moto/Ciclomotor; ;2;1;0;1;0;0;Autovía;SAN AGUSTÍN;Las Colonias;Asfalto;Natural;XI;Dentro;Rural;Otra Señal;No existe;Intersección;Bueno;Buena;Diurna;Buen Tiempo;Múltiple;S/D;Colisión;Ninguna;Faltante
6129;2021;14/8/2021;Sabado;23:50:00;Ruta Provincial 70;0.0;1;Moto/Ciclomotor;Rafaela ;1;1;0;0;0;0;Ruta;ESPERANZA;Las Colonias;Asfalto;Pavimento;XI;S/D;Urbana;Otra Señal;No existe;Intersección;Bueno;Buena;Nocturna;Buen Tiempo;Múltiple;S/D;Colisión;Ninguna;Horizontal
6130;2021;14/8/2021;Sabado;12:30:00;;0.0;2;Automóvil,Automóvil;Simón de Iriondo Y French;4;1;0;3;0;0;Calle;ESPERANZA;Las Colonias;Asfalto;No existe;XI;Dentro;Urbana;Otra Señal;No existe;Intersección;Bueno;Buena;Diurna;Buen Tiempo;Múltiple;S/D;Colisión;Ninguna;Horizontal
6131;2021;14/8/2021;Sabado;15:10:00;;0.0;2;Moto/Ciclomotor,Automóvil;Senador Dr. Armando Antille Y Chacabuco;2;1;0;1;0;0;S/D;HELVECIA;Garay;S/D;S/D;VII;S/D;Urbana;Otra Señal;S/D;Intersección;S/D;S/D;S/D;S/D;Múltiple;S/D;Colisión;S/D;S/D
6132;2021;14/8/2021;Sabado;21:30:00;;0.0;2;Moto/Ciclomotor,Automóvil;Maipú Y Moreno;2;1;0;1;0;0;Calle;LAS ROSAS;Belgrano;Hormigón;No existe;III;S/D;Urbana;Otra Señal;No existe;Intersección;Bueno;Buena;Nocturna;Buen Tiempo;Múltiple;S/D;Colisión;Ninguna;S/D
6133;2021;14/8/2021;Sabado;02:30:00;;0.0;1;Moto/Ciclomotor;Bv Libertad ;1;1;0;0;0;0;Calle;EL TRÉBOL;San MARTÍN;Asfalto;No existe;XVIII;S/D;Urbana;Otra Señal;No existe;Intersección;Bueno;Buena;Nocturna;Buen Tiempo;Múltiple;S/D;Colisión;Ninguna;Vertical
6134;2021;14/8/2021;Sabado;06:45:00;;0.0;2;Automóvil,Pickup/Utilitario; ;4;4;0;0;0;0;S/D;SILVA;San Justo;Asfalto;No existe;XVI;S/D;S/D;Otra Señal;No existe;Intersección;Bueno;Reducida;Amanecer;Niebla;Múltiple;S/D;Colisión;Ninguna;Vertical
6135;2021;14/8/2021;Sabado;09:00:00;;0.0;2;Bicicleta,Pickup/Utilitario;San Martin 1600;2;1;0;1;0;0;Calle;ROSARIO;Rosario;Asfalto;No existe;II;Dentro;Urbana;Otra Señal;No existe;Intersección;Bueno;Buena;Diurna;Buen Tiempo;Múltiple;Ciclista;Colisión;Ninguna;Faltante
6136;2021;14/8/2021;Sabado;10:30:00;;0.0;2;Moto/Ciclomotor,Automóvil;Av. Pellegrini Y Bv. Oroño;2;1;0;1;0;0;Calle;ROSARIO;Rosario;Asfalto;No existe;II;Dentro;Urbana;Otra Señal;Funciona;Intersección;Bueno;Buena;Diurna;Buen Tiempo;Múltiple;S/D;Colisión;Ninguna;Faltante
6137;2021;14/8/2021;Sabado;11:00:00;;0.0;2;Peatón,Automóvil;Bv. Oroño Y Bv. 27 De Febrero;2;1;0;1;0;0;Avenida;ROSARIO;Rosario;Asfalto;No existe;I;Dentro;Urbana;Otra Señal;Funciona;Intersección;Bueno;Buena;Diurna;Buen Tiempo;Múltiple;Peatón;Colisión;Ninguna;Vertical
6138;2021;14/8/2021;Sabado;11:00:00;;0.0;1;Moto/Ciclomotor;Av. San Martin Y Tte. roca;1;1;0;0;0;0;Calle;SAN LORENZO;San Lorenzo;Hormigón;Ripio;XVII;Dentro;Urbana;Otra Señal;No existe;Intersección;Bueno;Buena;Diurna;Buen Tiempo;Múltiple;S/D;Colisión;Ninguna;Vertical
6139;2021;14/8/2021;Sabado;02:40:00;Ruta Nacional 9;0.0;1;Moto/Ciclomotor;Urquiza ;1;1;0;0;0;0;Ruta;ROLDÁN;San Lorenzo;Asfalto;S/D;XVII;S/D;S/D;Otra Señal;S/D;Intersección;Bueno;S/D;Nocturna;S/D;Múltiple;S/D;Colisión;S/D;S/D
6140;2021;14/8/2021;Sabado;18:30:00;;0.0;2;Automóvil,Moto/Ciclomotor;Bv. 27 De Febrero 2600;3;2;0;1;0;0;Avenida;ROSARIO;Rosario;Asfalto;No existe;II;S/D;Urbana;Otra Señal;No existe;Intersección;Bueno;Buena;Diurna;Buen Tiempo;Múltiple;S/D;Colisión;Ninguna;Faltante
6141;2021;14/8/2021;Sabado;13:10:00;;0.0;2;Moto/Ciclomotor,Automóvil;Int José Constantine Bis Y Aníbal Maffei;2;1;0;1;0;0;Calle;ARROYO SECO;Rosario;Asfalto;S/D;II;Dentro;Urbana;Otra Señal;S/D;Intersección;Deteriorada;S/D;S/D;Buen Tiempo;Múltiple;S/D;Colisión;Ninguna;Faltante
6142;2021;14/8/2021;Sabado;22:20:00;;0.0;2;Automóvil,Automóvil;Vuelta De Obligado Y J.M.Gutierrez;2;0;0;0;0;2;Calle;ROSARIO;Rosario;Asfalto;Pavimento;II;S/D;Urbana;Otra Señal;No existe;Intersección;Bueno;Buena;Nocturna,Con luz artificial;Buen Tiempo;Múltiple;S/D;Colisión;Ninguna;Faltante
6143;2021;14/8/2021;Sabado;01:45:00;Autopista Nacional 9;0.0;1;Moto/Ciclomotor;Bv. Oroño ;1;1;0;0;0;0;Autopista;ROSARIO;Rosario;Asfalto;Pavimento;II;S/D;Urbana;Otra Señal;No existe;Intersección;Bueno;Buena;Nocturna;Buen Tiempo;Múltiple;S/D;Colisión;Ninguna;Faltante
6144;2021;14/8/2021;Sabado;21:00:00;;0.0;2;Bicicleta,Automóvil;Av. San José De Calasanz Y Pje. Gallegos;2;1;0;1;0;0;Avenida;ROSARIO;Rosario;Asfalto;No existe;II;Dentro;Urbana;Otra Señal;S/D;Intersección;Bueno;Buena;Con luz artificial;Buen Tiempo;Múltiple;Ciclista;Colisión;Ninguna;S/D
6145;2021;14/8/2021;Sabado;20:00:00;Autopista Nacional Rosario -Cordoba;0.0;2;Automóvil,Automóvil;Bv. Wilde ;6;2;0;4;0;0;Autopista;ROSARIO;Rosario;Asfalto;Natural;II;Dentro;Urbana;Otra Señal;No existe;Intersección;Bueno;Buena;Nocturna;Buen Tiempo;Múltiple;S/D;Colisión;Ninguna;Vertical
6146;2021;14/8/2021;Sabado;22:10:00;;0.0;2;Automóvil,Moto/Ciclomotor;J.J.Paso 8200;2;1;0;1;0;0;Calle;ROSARIO;Rosario;Asfalto;S/D;II;S/D;Urbana;Otra Señal;S/D;Intersección;Bueno;S/D;S/D;Otro;Múltiple;S/D;Colisión;Otro;Faltante
6147;2021;14/8/2021;Sabado;10:50:00;Ruta Provincial 14;0.0;2;Moto/Ciclomotor,Automóvil; ;2;1;0;1;0;0;Ruta;PEREZ;Rosario;Asfalto;Ripio;II;Dentro;Rural;Otra Señal;No existe;Intersección;Con baches;Reducida;Nocturna;Buen Tiempo;Múltiple;S/D;Colisión;Ninguna;Faltante
6148;2021;14/8/2021;Sabado;14:45:00;;0.0;2;Automóvil,Moto/Ciclomotor;Av. Roque Sáenz PEÑA Y Rivadavia;2;1;0;1;0;0;Calle;SAN GENARO;San JERÓNIMO;S/D;S/D;XV;Dentro;Urbana;Otra Señal;S/D;Intersección;S/D;S/D;S/D;S/D;Múltiple;S/D;Colisión;S/D;S/D
6149;2021;14/8/2021;Sabado;;;0.0;2;Automóvil,Bicicleta;Boulevard 25 de Mayo Y  General Juan Las Heras;2;1;0;1;0;0;Calle;CASILDA;Caseros;S/D;S/D;IV;Dentro;Urbana;Otra Señal;S/D;Intersección;S/D;S/D;S/D;S/D;Múltiple;Ciclista;Colisión;S/D;S/D
6150;2021;14/8/2021;Sabado;;;0.0;2;Pickup/Utilitario,Moto/Ciclomotor;Gral. Paz Y Eva Perón;2;1;0;1;0;0;Calle;CAPITÁN BERMÚDEZ;San Lorenzo;S/D;S/D;XVII;Dentro;Urbana;Otra Señal;S/D;Intersección;S/D;S/D;S/D;S/D;Múltiple;S/D;Colisión;S/D;S/D
6151;2021;14/8/2021;Sabado;14:00:00;;0.0;2;Moto/Ciclomotor,Automóvil;Roque e Coulin Y Belgrano;4;3;0;1;0;0;Calle;GÁLVEZ;San JERÓNIMO;S/D;S/D;XV;Dentro;Urbana;Otra Señal;S/D;Intersección;S/D;S/D;S/D;S/D;Múltiple;S/D;Colisión;S/D;S/D
6152;2021;14/8/2021;Sabado;16:59:00;;0.0;1;Moto/Ciclomotor;Chacabuco Y Gral. Manuel Belgrano;2;2;0;0;0;0;Calle;VENADO TUERTO;Constitución;S/D;S/D;VIII;Dentro;Urbana;Otra Señal;S/D;Intersección;S/D;S/D;S/D;S/D;Múltiple;S/D;Colisión;S/D;S/D
6153;2021;14/8/2021;Sabado;17:15:00;;0.0;2;Camión,Moto/Ciclomotor;San Lorenzo ;4;1;0;3;0;0;Calle;VENADO TUERTO;Constitución;S/D;S/D;VIII;Dentro;Urbana;Otra Señal;S/D;Intersección;S/D;S/D;S/D;S/D;Múltiple;S/D;Colisión;S/D;S/D
6154;2021;14/8/2021;Sabado;14:00:00;;0.0;2;Automóvil,Automóvil;CORAZÓN RODRÍGUEZ Y CACIQUE GÓMEZ;2;1;0;1;0;0;Calle;SAN ANTONIO DE OBLIGADO;Constitución;S/D;S/D;IX;Dentro;Urbana;Otra Señal;S/D;Intersección;S/D;S/D;S/D;S/D;Múltiple;S/D;Colisión;S/D;S/D
6155;2021;14/8/2021;Sabado;18:10:00;;0.0;2;Moto/Ciclomotor,Bicicleta;Calle 47-Islas Malvinas Y Calle 52;2;2;0;0;0;0;Calle;RECONQUISTA;Constitución;S/D;S/D;IX;Dentro;Urbana;Otra Señal;S/D;Intersección;S/D;S/D;S/D;S/D;Múltiple;Ciclista;Colisión;S/D;S/D
6156;2021;14/8/2021;Sabado;21:30:00;;0.0;1;Moto/Ciclomotor;Scalabrini Ortiz Y 1ro de Mayo;1;1;0;0;0;0;Calle;SAN CARLOS CENTRO;Constitución;S/D;S/D;XI;Dentro;Urbana;Otra Señal;S/D;Intersección;S/D;S/D;S/D;S/D;Múltiple;S/D;Colisión;S/D;S/D