ID_Accidente;A�o;Fecha;Dia;Hopra;Ruta/Autop;km;Participantes;Tipo;Lugar;Total;Heridos Leves;Heridos Graves;Ilesos;Fallecidos;Sin datos;desc_tipo_via;desc_loc;desc_dpto;|;desc_tipo_banquina;desc_unidad_regional;desc_lugar_calzada;desc_zona;desc_prioridad;desc_estado_semaforo;desc_lugar_via;desc_estado_via;desc_estado_visibilidad;desc_luminosidad;desc_estado_clima;desc_tipo_colision;desc_tipo_atropello;desc_tipo_hecho;desc_pres_calzada;desc_senializacion
6157;2021;14/8/2021;Sabado;02:00:00;;0.0;1;Automóvil;Av. A del Valle 9700;1;1;0;0;0;0;Calle;SANTA FE;Constitución;S/D;S/D;I;Dentro;Urbana;Otra Señal;S/D;Intersección;S/D;S/D;S/D;S/D;Múltiple;S/D;Colisión;S/D;S/D
6158;2021;14/8/2021;Sabado;05:00:00;;0.0;1;Moto/Ciclomotor; ;1;1;0;0;0;0;Calle;VILLA GOBERNADOR GÁLVEZ;Constitución;S/D;S/D;II;Dentro;Urbana;Otra Señal;S/D;Intersección;S/D;S/D;S/D;S/D;Múltiple;S/D;Colisión;S/D;S/D
6159;2021;14/8/2021;Sabado;;;0.0;1;Otros; ;1;0;0;0;1;0;S/D;VILLA CONSTITUCIÓN;Constitución;S/D;S/D;VI;S/D;S/D;Otra Señal;S/D;Intersección;S/D;S/D;S/D;S/D;Múltiple;S/D;Colisión;S/D;S/D
6160;2021;14/8/2021;Sabado;14:00:00;;0.0;2;Automóvil,Pickup/Utilitario;CORAZÓN RODRÍGUEZ Y CACIQUE GÓMEZ;2;1;0;1;0;0;Calle;SAN ANTONIO DE OBLIGADO;Constitución;Tierra;No existe;IX;Dentro;Urbana;Otra Señal;No existe;Intersección;Bueno;Buena;Diurna;Buen Tiempo;Múltiple;S/D;Colisión;Ninguna;Faltante
6161;2021;14/8/2021;Sabado;15:15:00;;0.0;2;Moto/Ciclomotor,Moto/Ciclomotor; ;2;1;0;0;0;1;Calle;ROSARIO;Constitución;S/D;S/D;II;S/D;Urbana;Otra Señal;S/D;Intersección;S/D;S/D;Diurna;S/D;Múltiple;S/D;Colisión;S/D;S/D
6162;2021;14/8/2021;Sabado;05:45:00;;0.0;2;Moto/Ciclomotor,Bicicleta;Bv. Seguí Y Bv. Avellaneda;2;1;0;0;0;1;Avenida;ROSARIO;Constitución;S/D;S/D;II;Dentro;Urbana;Otra Señal;S/D;Intersección;S/D;S/D;Nocturna;S/D;Múltiple;Ciclista;Colisión;S/D;S/D
6163;2021;14/8/2021;Sabado;12:00:00;;0.0;1;Peatón; ;1;1;0;0;0;0;S/D;ROSARIO;Constitución;S/D;S/D;II;S/D;S/D;Otra Señal;S/D;Intersección;S/D;S/D;Diurna;S/D;Múltiple;Peatón;Colisión;S/D;S/D
6164;2021;14/8/2021;Sabado;02:15:00;;0.0;1;Bicicleta;Mendoza Y Bv. Avellaneda;1;1;0;0;0;0;Avenida;ROSARIO;Constitución;S/D;S/D;II;S/D;S/D;Otra Señal;S/D;Intersección;S/D;S/D;Diurna;S/D;Múltiple;S/D;Colisión;S/D;S/D
6165;2021;14/8/2021;Sabado;19:39:00;;0.0;2;Moto/Ciclomotor,Automóvil;12 de Octubre Y Balcarce;4;2;0;1;0;0;Calle;TOSTADO;Constitución;Asfalto;No existe;XII;S/D;Urbana;Otra Señal;No existe;Intersección;Bueno;Buena;Atardecer;Buen Tiempo;Múltiple;S/D;Colisión;Ninguna;Faltante
6166;2021;14/8/2021;Sabado;12:30:00;;0.0;2;Automóvil,Moto/Ciclomotor;Dr. Rivas Y Av. Francia;2;0;0;0;0;1;Avenida;ROSARIO;Constitución;Asfalto;Pavimento;II;S/D;Urbana;Otra Señal;No existe;Intersección;Bueno;Buena;Diurna;Buen Tiempo;Múltiple;S/D;Colisión;Ninguna;Faltante
6167;2021;14/8/2021;Sabado;01:00:00;;0.0;2;Moto/Ciclomotor,Automóvil;San Martin Y Biedma;4;0;0;3;0;0;Avenida;ROSARIO;Constitución;Asfalto;No existe;II;S/D;Urbana;Otra Señal;Intermitente;Intersección;Bueno;Buena;Nocturna;Buen Tiempo;Múltiple;S/D;Colisión;Ninguna;Vertical
6168;2021;14/8/2021;Sabado;18:40:00;;0.0;2;Moto/Ciclomotor,Automóvil;Rodríguez Y Av. Ntra.Sra.del Rosario;3;0;0;0;0;1;Avenida;ROSARIO;Rosario;Asfalto;Pavimento;II;S/D;Urbana;Otra Señal;No existe;Intersección;Bueno;Buena;Diurna;Buen Tiempo;Múltiple;S/D;Colisión;Ninguna;Faltante
6169;2021;14/8/2021;Sabado;06:58:00;Ruta Nacional 33;0.0;1;Pickup/Utilitario; ;3;0;0;0;0;0;Ruta;VENADO TUERTO;General LÓPEZ;S/D;S/D;VIII;Dentro;Urbana;S/D;S/D;Intersección;S/D;S/D;S/D;S/D;S/D;S/D;Colisión;S/D;S/D
6170;2021;15/8/2021;Domingo;12:30:00;;0.0;2;Automóvil,Moto/Ciclomotor;Hipólito Irigoyen Y Aristóbulo del Valle;2;1;0;1;0;0;Calle;SANTO TOMÉ;La Capital;Asfalto;No existe;I;S/D;Urbana;Otra Señal;No existe;Intersección;Bueno;Buena;Diurna;Buen Tiempo;Múltiple;S/D;Colisión;Ninguna;Vertical
6171;2021;15/8/2021;Domingo;21:55:00;;0.0;2;Moto/Ciclomotor,Automóvil;San Martin Y M De Polonia;2;1;0;1;0;0;Calle;SANTA FE;La Capital;Asfalto;No existe;I;Dentro;Urbana;Otra Señal;No existe;Intersección;Bueno;S/D;Nocturna;S/D;Múltiple;S/D;Colisión;Ninguna;Vertical
6172;2021;15/8/2021;Domingo;23:30:00;;0.0;2;Moto/Ciclomotor,Automóvil;Av. Facundo Zuviria Y Iturraspe;3;1;0;2;0;0;Calle;SANTA FE;La Capital;Asfalto;No existe;I;Dentro;Urbana;Otra Señal;No existe;Intersección;Bueno;S/D;Nocturna;Buen Tiempo;Múltiple;S/D;Colisión;Ninguna;S/D
6173;2021;15/8/2021;Domingo;10:45:00;;0.0;2;Moto/Ciclomotor,Moto/Ciclomotor;Sarmiento Y 25 de Mayo;3;2;0;1;0;0;S/D;HUMBOLDT;Las Colonias;Asfalto;No existe;XI;S/D;S/D;Otra Señal;No existe;Intersección;Bueno;Buena;Diurna;Buen Tiempo;Múltiple;S/D;Colisión;Ninguna;S/D
6174;2021;15/8/2021;Domingo;14:10:00;;0.0;2;Bicicleta,Automóvil;Güemes Y General Manuel Belgrano;2;1;0;1;0;0;Calle;ESPERANZA;Las Colonias;Asfalto;No existe;XI;Dentro;Urbana;Otra Señal;No existe;Intersección;Bueno;Buena;Diurna;Buen Tiempo;Múltiple;S/D;Colisión;Ninguna;S/D
6175;2021;15/8/2021;Domingo;16:20:00;;0.0;2;Moto/Ciclomotor,Moto/Ciclomotor;Sgto. Cabral Y Jujuy;5;2;0;3;0;0;Calle;PUERTO SAN MARTÍN;San Lorenzo;Asfalto;No existe;XVII;Dentro;Urbana;Otra Señal;No existe;Intersección;Bueno;Buena;Diurna;Buen Tiempo;Múltiple;S/D;Colisión;Ninguna;Faltante
6176;2021;15/8/2021;Domingo;18:10:00;;0.0;2;Moto/Ciclomotor,Automóvil;Av. Avellaneda B Y Av. Battle y Ordoñez;3;0;0;0;0;3;Avenida;ROSARIO;Rosario;Asfalto;Pavimento;II;S/D;Urbana;Otra Señal;No existe;Intersección;Bueno;Buena;Atardecer,Con luz artificial;Buen Tiempo;Múltiple;S/D;Colisión;Ninguna;Faltante
6177;2021;15/8/2021;Domingo;23:25:00;;0.0;2;Bicicleta,Automóvil;Av. Bermúdez Y Marco Polo;2;1;0;1;0;0;Calle;ROSARIO;Rosario;Asfalto;No existe;II;S/D;Urbana;Otra Señal;No existe;Intersección;Bueno;Reducida;S/D;Buen Tiempo;Múltiple;Ciclista;Colisión;Ninguna;S/D
6178;2021;15/8/2021;Domingo;19:00:00;;0.0;2;Moto/Ciclomotor,Automóvil;Av. Provincias Unidas Y José Ingenieros;3;2;0;1;0;0;Calle;ROSARIO;Rosario;Asfalto;No existe;II;Dentro;Urbana;Otra Señal;No existe;Intersección;Bueno;Buena;Con luz artificial;Buen Tiempo;Múltiple;S/D;Colisión;Ninguna;Faltante
6179;2021;15/8/2021;Domingo;17:00:00;;0.0;2;Automóvil,Moto/Ciclomotor;Emilio Zola Y Alberdi;3;2;0;1;0;0;Calle;VILLA GOBERNADOR GÁLVEZ;Rosario;Asfalto;No existe;II;S/D;Urbana;Otra Señal;No existe;Intersección;Con baches;Buena;Diurna;Otro;Múltiple;S/D;Colisión;Ninguna;Faltante
6180;2021;15/8/2021;Domingo;14:40:00;;0.0;2;Moto/Ciclomotor,Automóvil;Ing. Mosconi Y Avellaneda;4;1;0;3;0;0;Calle;VILLA GOBERNADOR GÁLVEZ;Rosario;Asfalto;No existe;II;S/D;Urbana;Otra Señal;No existe;Intersección;Con baches;Buena;Diurna;Otro;Múltiple;S/D;Colisión;Ninguna;Faltante
6181;2021;15/8/2021;Domingo;10:00:00;;0.0;2;Moto/Ciclomotor,Automóvil; ;2;1;0;1;0;0;Calle;SAUCE VIEJO;La Capital;Asfalto;Natural;I;Dentro;Urbana;Otra Señal;No existe;Intersección;Bueno;Buena;Diurna;Buen Tiempo;Múltiple;S/D;Colisión;Ninguna;Faltante
6182;2021;15/8/2021;Domingo;;Ruta Nacional 33;0.0;1;Pickup/Utilitario; ;3;3;0;0;0;0;Ruta;SAN EDUARDO;General LÓPEZ;S/D;S/D;VIII;Dentro;Urbana;Otra Señal;S/D;Intersección;S/D;S/D;S/D;S/D;Múltiple;S/D;Colisión;S/D;S/D
6183;2021;15/8/2021;Domingo;;;0.0;2;Pickup/Utilitario,Automóvil;Donado Y Mendoza;2;1;0;0;0;1;Calle;ROSARIO;Rosario;S/D;S/D;II;Dentro;Urbana;Otra Señal;S/D;Intersección;S/D;S/D;S/D;S/D;Múltiple;S/D;Colisión;S/D;S/D
6184;2021;15/8/2021;Domingo;;;0.0;3;Moto/Ciclomotor,Otros,Otros;Dr. Zavalla Y Uruguay;4;2;0;0;0;2;Calle;SANTA FE;La Capital;S/D;S/D;I;Dentro;Urbana;Otra Señal;S/D;Intersección;S/D;S/D;S/D;S/D;Múltiple;S/D;Colisión;S/D;S/D
6185;2021;15/8/2021;Domingo;03:15:00;;0.0;1;Moto/Ciclomotor;Calle 68-Armada Argentina 700;1;1;0;0;0;0;Calle;RECONQUISTA;General Obligado;S/D;S/D;IX;Dentro;Urbana;Otra Señal;S/D;Intersección;S/D;S/D;S/D;S/D;Múltiple;S/D;Colisión;S/D;S/D
6186;2021;15/8/2021;Domingo;20:05:00;;0.0;3;Automóvil,Automóvil,Automóvil;Bartolomé Mitre Y España;3;3;0;0;0;0;Calle;VENADO TUERTO;General LÓPEZ;S/D;S/D;VIII;Dentro;Urbana;Otra Señal;S/D;Intersección;S/D;S/D;S/D;S/D;Múltiple;S/D;Colisión;S/D;S/D
6187;2021;15/8/2021;Domingo;10:50:00;;0.0;2;Moto/Ciclomotor,Automóvil;Salta Y Caseros;3;2;0;1;0;0;Calle;VENADO TUERTO;General LÓPEZ;S/D;S/D;VIII;Dentro;Urbana;Otra Señal;S/D;Intersección;S/D;S/D;S/D;S/D;Múltiple;S/D;Colisión;S/D;S/D
6188;2021;15/8/2021;Domingo;09:40:00;;0.0;2;Moto/Ciclomotor,Automóvil;Italia Y López;2;1;0;1;0;0;Calle;VENADO TUERTO;General LÓPEZ;S/D;S/D;VIII;Dentro;Urbana;Otra Señal;S/D;Intersección;S/D;S/D;S/D;S/D;Múltiple;S/D;Colisión;S/D;S/D
6189;2021;15/8/2021;Domingo;00:00:00;;0.0;1;Moto/Ciclomotor;Bv. Avellaneda Y Av. Battle y Ordoñez;1;1;0;0;0;0;Avenida;ROSARIO;Constitución;S/D;S/D;II;S/D;Urbana;Otra Señal;S/D;Intersección;S/D;S/D;S/D;S/D;Múltiple;S/D;Colisión;S/D;S/D
6190;2021;15/8/2021;Domingo;00:00:00;;0.0;1;Moto/Ciclomotor; ;1;1;0;0;0;0;S/D;ROSARIO;Constitución;S/D;S/D;II;S/D;S/D;Otra Señal;S/D;Intersección;S/D;S/D;Diurna;S/D;Múltiple;S/D;Colisión;S/D;S/D
6191;2021;15/8/2021;Domingo;07:15:00;;0.0;1;Peatón;F.More Y Pje. Espinillo;1;1;0;0;0;0;Calle;ROSARIO;Constitución;S/D;S/D;II;S/D;Urbana;Otra Señal;S/D;Intersección;S/D;S/D;Diurna;S/D;Múltiple;S/D;Colisión;S/D;S/D
6192;2021;15/8/2021;Domingo;00:00:00;Autopista Nacional A012;0.0;1;Automóvil; ;1;1;0;0;0;0;Autopista;PIÑERO;Constitución;S/D;S/D;II;S/D;S/D;Otra Señal;S/D;Intersección;S/D;S/D;Nocturna;S/D;Múltiple;S/D;Colisión;S/D;S/D
6193;2021;15/8/2021;Domingo;08:00:00;;0.0;1;Moto/Ciclomotor; ;1;1;0;0;0;0;S/D;ROSARIO;Constitución;S/D;S/D;II;S/D;S/D;Otra Señal;S/D;Intersección;S/D;S/D;Diurna;S/D;Múltiple;S/D;Colisión;S/D;S/D
6194;2021;15/8/2021;Domingo;18:20:00;;0.0;1;Automóvil;Av. Libertad ;3;0;0;2;0;0;Calle;SAN JORGE;Constitución;Ripio;No existe;XVII;S/D;Urbana;Otra Señal;No existe;Intersección;S/D;S/D;Atardecer;Buen Tiempo;Múltiple;S/D;Colisión;Ninguna;Faltante
6195;2021;15/8/2021;Domingo;12:15:00;;0.0;2;Automóvil,Moto/Ciclomotor;Bv. Avellaneda Y Gral.Mosconi;4;2;0;0;0;1;S/D;ROSARIO;Constitución;Asfalto;Pavimento;II;S/D;Urbana;Otra Señal;No existe;Intersección;Bueno;Buena;Diurna;Buen Tiempo;Múltiple;S/D;Colisión;Ninguna;Faltante
6196;2021;15/8/2021;Domingo;10:30:00;;0.0;2;Bicicleta,Automóvil;Av. Ovidio Lagos Y Dean Funes;2;0;0;0;0;1;Calle;ROSARIO;Constitución;Asfalto;Pavimento;II;Dentro;Urbana;Otra Señal;No existe;Intersección;Bueno;Buena;Diurna;Buen Tiempo;Múltiple;Ciclista;Colisión;Ninguna;Faltante
6197;2021;15/8/2021;Domingo;23:15:00;;0.0;2;Automóvil,Moto/Ciclomotor;Tarragona Y J.B.Justo;2;0;0;1;0;0;Calle;ROSARIO;Constitución;Asfalto;No existe;II;Dentro;Urbana;Otra Señal;No existe;Intersección;Bueno;Buena;Nocturna;S/D;Múltiple;S/D;Colisión;S/D;Faltante
6198;2021;15/8/2021;Domingo;09:30:00;Ruta Nacional 11;0.0;2;Automóvil,Moto/Ciclomotor;Calle 15 ;5;0;0;4;0;0;Ruta;LAS TOSCAS;Constitución;Asfalto;Pavimento;IX;Dentro;Urbana;Otra Señal;Funciona;Intersección;Bueno;Buena;Diurna;Buen Tiempo;Múltiple;S/D;Colisión;Ninguna;S/D
6199;2021;15/8/2021;Domingo;22:00:00;;0.0;2;Moto/Ciclomotor,Peatón; ;2;0;0;1;0;0;Calle;RECONQUISTA;Constitución;Tierra;No existe;IX;S/D;Urbana;Otra Señal;No existe;Intersección;Deteriorada;Buena;Nocturna;Buen Tiempo;Múltiple;Peatón;Colisión;Otro;Faltante
6200;2021;15/8/2021;Domingo;07:20:00;;0.0;2;Pickup/Utilitario,Moto/Ciclomotor;Av. San Martin Y Santiago del Estero;2;0;0;1;0;0;Calle;SAN LORENZO;Constitución;S/D;S/D;XVII;Dentro;Urbana;Otra Señal;S/D;Intersección;S/D;S/D;S/D;S/D;Múltiple;S/D;Colisión;S/D;S/D
6201;2021;16/8/2021;Lunes;21:40:00;Autopista Nacional Rosario -Cordoba;352.9;1;Automóvil; ;1;0;0;0;1;0;Autopista;CAÑADA DE GÓMEZ;Iriondo;Asfalto;Natural;X;S/D;Rural;Otra Señal;No existe;Intersección;Bueno;S/D;Nocturna;S/D;Múltiple;S/D;Colisión;Ninguna;Faltante
6202;2021;16/8/2021;Lunes;00:55:00;;0.0;1;Moto/Ciclomotor;Av. Fray Luis Beltrán Y Santa Fe;2;0;0;0;2;0;Avenida;FRAY LUIS BELTRÁN;San Lorenzo;Asfalto;No existe;XVII;S/D;Urbana;Otra Señal;No existe;Intersección;Bueno;Reducida;Nocturna;Buen Tiempo;Múltiple;S/D;Colisión;S/D;Faltante
6203;2021;16/8/2021;Lunes;20:10:00;;0.0;2;Moto/Ciclomotor,Automóvil;Maipú Y Moreno;2;1;0;1;0;0;Calle;LAGUNA PAIVA;La Capital;Asfalto;No existe;I;Dentro;Urbana;Otra Señal;No existe;Intersección;Bueno;Buena;Nocturna,Con luz artificial;Buen Tiempo;Múltiple;S/D;Colisión;Ninguna;Faltante
6204;2021;16/8/2021;Lunes;12:20:00;;0.0;2;Automóvil,Automóvil;Av. Urquiza Y Juan de Garay;2;1;0;1;0;0;Avenida;SANTA FE;La Capital;Asfalto;Pavimento;I;Dentro;Urbana;Otra Señal;Funciona;Intersección;Bueno;Buena;Diurna;Buen Tiempo;Múltiple;S/D;Colisión;Ninguna;Faltante
6205;2021;16/8/2021;Lunes;20:30:00;;0.0;2;Vehículo Oficial,Automóvil;Av. A del Valle Y J P López;4;2;0;2;0;0;Avenida;SANTA FE;La Capital;Asfalto;No existe;I;Dentro;Urbana;Otra Señal;No existe;Intersección;Bueno;Buena;Nocturna;Buen Tiempo;Múltiple;S/D;Colisión;Ninguna;Vertical
6206;2021;16/8/2021;Lunes;18:30:00;;0.0;2;Moto/Ciclomotor,Automóvil;Av. A del Valle Y Quintana;2;0;0;1;0;0;Avenida;SANTA FE;La Capital;Asfalto;No existe;I;Dentro;Urbana;Otra Señal;No existe;Intersección;Bueno;Buena;Diurna;Buen Tiempo;Múltiple;S/D;Colisión;Ninguna;Vertical
6207;2021;16/8/2021;Lunes;10:00:00;;0.0;2;Moto/Ciclomotor,Automóvil;San Martin Y Pje. Gral. Savio;2;1;0;1;0;0;Calle;ROSARIO;Rosario;Asfalto;No existe;II;Dentro;Urbana;Otra Señal;No existe;Intersección;Bueno;Buena;S/D;Buen Tiempo;Múltiple;S/D;Colisión;Ninguna;Vertical
6208;2021;16/8/2021;Lunes;21:50:00;;0.0;2;Peatón,Automóvil;Sánchez de Bustamante ;2;1;0;1;0;0;Calle;ROSARIO;Rosario;Asfalto;No existe;II;Dentro;Urbana;Otra Señal;No existe;Intersección;Bueno;Buena;Nocturna;Buen Tiempo;Múltiple;Peatón;Colisión;Ninguna;Faltante
6209;2021;16/8/2021;Lunes;16:00:00;;0.0;2;Moto/Ciclomotor,Automóvil;Bv San diego Y Av. Filipini;2;1;0;1;0;0;Calle;VILLA GOBERNADOR GÁLVEZ;Rosario;Asfalto;No existe;II;S/D;Urbana;Otra Señal;No existe;Intersección;Con baches;Buena;Diurna;Otro;Múltiple;S/D;Colisión;Ninguna;Faltante
6210;2021;16/8/2021;Lunes;14:25:00;;0.0;2;Moto/Ciclomotor,Automóvil;Calle 31-Newbery Y Calle 44-27 de Abril;3;1;0;2;0;0;Calle;RECONQUISTA;General Obligado;Asfalto;No existe;IX;Dentro;Urbana;Otra Señal;No existe;Intersección;Bueno;Buena;Diurna;Buen Tiempo;Múltiple;S/D;Colisión;Ninguna;Horizontal,Vertical
6211;2021;16/8/2021;Lunes;22:35:00;;0.0;1;Pickup/Utilitario;Leopoldo Lugones ;2;2;0;0;0;0;Calle;RAFAELA;Castellanos;Asfalto;S/D;V;Dentro;Rural;Otra Señal;No existe;Intersección;S/D;S/D;Nocturna;S/D;Múltiple;S/D;Colisión;S/D;S/D
6212;2021;16/8/2021;Lunes;20:10:00;;0.0;3;Peatón,Peatón,Pickup/Utilitario;José Ingenieros 1800;3;2;0;1;0;0;Calle;ROSARIO;Rosario;Asfalto;S/D;II;Dentro;Urbana;Otra Señal;S/D;Intersección;S/D;S/D;Nocturna;S/D;Múltiple;Peatón;Colisión;S/D;S/D
6213;2021;16/8/2021;Lunes;14:40:00;;0.0;2;Bicicleta,Otros;Av. Pellegrini ;2;1;0;0;0;1;Avenida;ROSARIO;Constitución;Asfalto;S/D;II;Dentro;Urbana;Otra Señal;S/D;Intersección;S/D;S/D;Diurna;S/D;Múltiple;Ciclista;Colisión;S/D;S/D
6214;2021;16/8/2021;Lunes;21:30:00;;0.0;1;Moto/Ciclomotor;Viamonte Y Tucumán;1;1;0;0;0;0;Calle;ROSARIO;Constitución;Asfalto;S/D;II;Dentro;Urbana;Otra Señal;S/D;Intersección;S/D;S/D;Nocturna;S/D;Múltiple;S/D;Colisión;S/D;S/D
6215;2021;16/8/2021;Lunes;23:00:00;;0.0;1;Moto/Ciclomotor;Bv. Avellaneda Y Viamonte;1;1;0;0;0;0;Calle;ROSARIO;Constitución;Asfalto;S/D;II;Dentro;Urbana;Otra Señal;S/D;Intersección;S/D;S/D;Nocturna;S/D;Múltiple;S/D;Colisión;S/D;S/D
6216;2021;16/8/2021;Lunes;;;0.0;2;Bicicleta,Automóvil;Boulevard Villada Y Presidente Bernardino Rivadavia;2;1;0;1;0;0;Avenida;CASILDA;Constitución;Asfalto;S/D;IV;Dentro;Urbana;Otra Señal;S/D;Intersección;S/D;S/D;S/D;S/D;Múltiple;Ciclista;Colisión;S/D;S/D
6217;2021;16/8/2021;Lunes;;;0.0;2;Automóvil,Automóvil;Cafferata Y Ocampo;5;5;0;0;0;0;Calle;ROSARIO;Constitución;Asfalto;No existe;II;Dentro;Urbana;Otra Señal;No existe;Intersección;Bueno;S/D;S/D;Buen Tiempo;Múltiple;S/D;Colisión;Ninguna;Vertical
6218;2021;17/8/2021;Martes;12:00:00;;0.0;2;Moto/Ciclomotor,Automóvil;Sarmiento Y San Lorenzo;2;1;0;1;0;0;Calle;CALCHAQUÍ;Vera;Ripio;No existe;XIX;S/D;Urbana;Otra Señal;No existe;Intersección;Bueno;Buena;Diurna;Buen Tiempo;Múltiple;S/D;Colisión;Ninguna;Faltante
6219;2021;17/8/2021;Martes;13:20:00;;0.0;2;Moto/Ciclomotor,Camión Chasis;San Martin ;2;1;0;1;0;0;Calle;VERA;Vera;Asfalto;No existe;XIX;Dentro;Urbana;Otra Señal;No existe;Intersección;Bueno;Buena;Diurna;Buen Tiempo;Múltiple;S/D;Colisión;Ninguna;Faltante
6220;2021;17/8/2021;Martes;12:30:00;;0.0;2;Peatón,Camión c / Acoplado;Av. Belgrano ;2;1;0;1;0;0;Calle;CAPITÁN BERMÚDEZ;San Lorenzo;Asfalto;S/D;XVII;Dentro;Urbana;Otra Señal;S/D;Intersección;S/D;S/D;Diurna;S/D;Múltiple;Peatón;Colisión;S/D;S/D
6221;2021;17/8/2021;Martes;20:30:00;Ruta Nacional 11;0.0;2;Moto/Ciclomotor,Automóvil; ;2;2;0;0;0;0;Ruta;SAN LORENZO;San Lorenzo;Asfalto;S/D;XVII;Dentro;Urbana;Otra Señal;S/D;Intersección;S/D;S/D;Nocturna;S/D;Múltiple;S/D;Colisión;S/D;S/D
6222;2021;17/8/2021;Martes;22:40:00;;0.0;2;Automóvil,Camión c / Acoplado;Av. Leandro Alem ;2;1;0;1;0;0;Avenida;SANTA FE;La Capital;Hormigón;S/D;I;Dentro;Urbana;Otra Señal;No existe;Intersección;Bueno;S/D;Nocturna;S/D;Múltiple;S/D;Colisión;Ninguna;S/D
6223;2021;17/8/2021;Martes;17:45:00;;0.0;2;Moto/Ciclomotor,Automóvil;San Martin Y Salta;2;1;0;1;0;0;Calle;SANTA FE;La Capital;Asfalto;Pavimento;I;Dentro;Urbana;Otra Señal;No existe;Intersección;Bueno;Buena;Diurna;Buen Tiempo;Múltiple;S/D;Colisión;Ninguna;Faltante
6224;2021;17/8/2021;Martes;23:15:00;;0.0;2;Moto/Ciclomotor,Automóvil;San Martin Y Bv Pellegrini;2;1;0;1;0;0;Calle;SANTA FE;La Capital;Asfalto;Pavimento;I;Dentro;Urbana;Otra Señal;Funciona;Intersección;Bueno;Buena;Nocturna,Con luz artificial;Buen Tiempo;Múltiple;S/D;Colisión;Ninguna;Faltante
6225;2021;17/8/2021;Martes;19:20:00;Ruta Provincial 6;0.0;2;Moto/Ciclomotor,Automóvil;Justo José de Urquiza Y Carlos Bosch;2;1;0;1;0;0;Ruta;ESPERANZA;Las Colonias;Asfalto;Natural;XI;Dentro;Urbana;Otra Señal;No existe;Intersección;Bueno;Buena;Atardecer;Buen Tiempo;Múltiple;S/D;Colisión;Ninguna;Horizontal
6226;2021;17/8/2021;Martes;;;0.0;2;Automóvil,Automóvil;Domingo Faustino Sarmiento Y Rivadavia;4;3;0;1;0;0;Calle;SAN JERÓNIMO NORTE;Las Colonias;Asfalto;No existe;XI;Dentro;Urbana;Otra Señal;No existe;Intersección;Bueno;Buena;Nocturna;Buen Tiempo;Múltiple;S/D;Colisión;Ninguna;Vertical
6227;2021;17/8/2021;Martes;14:50:00;;0.0;2;Bicicleta,Automóvil;Bv. Oroño Y Brown;2;1;0;1;0;0;Calle;ROSARIO;Rosario;Asfalto;No existe;II;Dentro;Urbana;Otra Señal;No existe;Intersección;Otro;Buena;Diurna;Buen Tiempo;Múltiple;S/D;Colisión;Ninguna;Faltante
6228;2021;17/8/2021;Martes;19:45:00;;0.0;2;Automóvil,Moto/Ciclomotor;España A Y Rioja;2;1;0;1;0;0;Calle;ROSARIO;Rosario;Asfalto;No existe;II;Dentro;Urbana;Otra Señal;No existe;Intersección;Bueno;Buena;Nocturna;Buen Tiempo;Múltiple;S/D;Colisión;Ninguna;Faltante
6229;2021;17/8/2021;Martes;18:10:00;;0.0;2;Moto/Ciclomotor,Automóvil;Av. Arijon Y Buenos Aires;3;3;0;0;0;0;Avenida;ROSARIO;Rosario;Asfalto;No existe;II;Dentro;Urbana;Otra Señal;No existe;Intersección;Bueno;Buena;Diurna;Buen Tiempo;Múltiple;S/D;Colisión;Ninguna;Faltante
6230;2021;17/8/2021;Martes;11:00:00;;0.0;2;Moto/Ciclomotor,Automóvil;Av. Arijon ;2;1;0;1;0;0;Calle;ROSARIO;Rosario;Asfalto;No existe;II;Dentro;Urbana;Otra Señal;No existe;Intersección;S/D;Buena;Diurna;Buen Tiempo;Múltiple;S/D;Colisión;Ninguna;Vertical
6231;2021;17/8/2021;Martes;09:05:00;Ruta Provincial 70;0.0;2;Moto/Ciclomotor,Pickup/Utilitario; ;2;1;0;1;0;0;Ruta;RAFAELA;Castellanos;Asfalto;S/D;V;Dentro;Urbana;Otra Señal;S/D;Intersección;S/D;S/D;Diurna;S/D;Múltiple;S/D;Colisión;S/D;S/D
6232;2021;17/8/2021;Martes;22:35:00;Ruta Nacional 11;0.0;1;Automóvil;Córdoba Y Ruta Nac 11;1;1;0;0;0;0;Ruta;SAUCE VIEJO;La Capital;Asfalto;Pavimento;I;Dentro;Urbana;Otra Señal;No existe;Intersección;S/D;S/D;Nocturna;S/D;Múltiple;S/D;Colisión;S/D;S/D
6233;2021;17/8/2021;Martes;17:35:00;;0.0;2;Moto/Ciclomotor,Taxi/Remis;Bv Santa Fe Y España;3;2;0;1;0;0;Avenida;RAFAELA;Castellanos;Asfalto;S/D;III;Dentro;Urbana;Otra Señal;S/D;Intersección;S/D;S/D;Diurna;S/D;Múltiple;S/D;Colisión;S/D;S/D
6234;2021;17/8/2021;Martes;;;0.0;2;Camión,Pickup/Utilitario; ;3;2;0;1;0;0;Calle;ESPERANZA;Las Colonias;S/D;S/D;XI;Dentro;Urbana;Otra Señal;No existe;Intersección;S/D;S/D;Diurna;S/D;Múltiple;S/D;Colisión;S/D;S/D
6235;2021;17/8/2021;Martes;14:10:00;;0.0;3;Moto/Ciclomotor,Bicicleta,Bicicleta;Calle 45-47 Paraguay Y Calle 22- 25 de Mayo;3;3;0;0;0;0;Calle;RECONQUISTA;General Obligado;Asfalto;S/D;XI;Dentro;Urbana;Otra Señal;S/D;Intersección;S/D;S/D;Diurna;S/D;Múltiple;Ciclista;Colisión;S/D;S/D