ID_Accidente;A�o;Fecha;Dia;Hopra;Ruta/Autop;km;Participantes;Tipo;Lugar;Total;Heridos Leves;Heridos Graves;Ilesos;Fallecidos;Sin datos;desc_tipo_via;desc_loc;desc_dpto;|;desc_tipo_banquina;desc_unidad_regional;desc_lugar_calzada;desc_zona;desc_prioridad;desc_estado_semaforo;desc_lugar_via;desc_estado_via;desc_estado_visibilidad;desc_luminosidad;desc_estado_clima;desc_tipo_colision;desc_tipo_atropello;desc_tipo_hecho;desc_pres_calzada;desc_senializacion
6236;2021;17/8/2021;Martes;;Ruta Nacional 9;0.0;2;Automóvil,Pickup/Utilitario; ;2;2;0;0;0;0;Ruta;CAÑADA DE GÓMEZ;Iriondo;Asfalto;S/D;X;S/D;Rural;Otra Señal;S/D;Intersección;S/D;S/D;Diurna;S/D;Múltiple;S/D;Colisión;S/D;S/D
6237;2021;17/8/2021;Martes;15:15:00;;0.0;1;Moto/Ciclomotor;Av. Battle y Ordoñez Y Leiva;1;1;0;0;0;0;Calle;ROSARIO;Constitución;Asfalto;S/D;II;Dentro;Urbana;Otra Señal;S/D;Intersección;S/D;S/D;Diurna;S/D;Múltiple;S/D;Colisión;S/D;S/D
6238;2021;17/8/2021;Martes;;Ruta Nacional 11;0.0;2;Moto/Ciclomotor,Automóvil;Av. Blas Parera Y Millan Medina;2;1;0;1;0;0;Ruta;SANTA FE;Constitución;Asfalto;S/D;I;Dentro;Urbana;Otra Señal;S/D;Intersección;S/D;S/D;S/D;S/D;Múltiple;S/D;Colisión;S/D;S/D
6239;2021;17/8/2021;Martes;;;0.0;2;Moto/Ciclomotor,Automóvil;Boulevard Villada Y General Justo José De Urquiza;2;1;0;1;0;0;Avenida;CASILDA;Constitución;Asfalto;S/D;IV;Dentro;Urbana;Otra Señal;S/D;Intersección;S/D;S/D;S/D;S/D;Múltiple;S/D;Colisión;S/D;S/D
6240;2021;17/8/2021;Martes;;Ruta Provincial 94;0.0;2;Moto/Ciclomotor,Automóvil; ;2;1;0;1;0;0;Ruta;SANTA ISABEL;Constitución;Asfalto;S/D;VIII;Dentro;Urbana;Otra Señal;S/D;Intersección;S/D;S/D;S/D;S/D;Múltiple;S/D;Colisión;S/D;S/D
6241;2021;17/8/2021;Martes;;;0.0;2;Moto/Ciclomotor,Automóvil; ;2;1;0;1;0;0;S/D;VILLA MINETTI;Constitución;S/D;S/D;XII;Dentro;Urbana;Otra Señal;S/D;Intersección;S/D;S/D;S/D;S/D;Múltiple;S/D;Colisión;S/D;S/D
6242;2021;17/8/2021;Martes;10:10:00;Ruta Provincial 66;73.0;1;Moto/Ciclomotor; ;1;1;0;0;0;0;Ruta;CARLOS PELLEGRINI;Constitución;Asfalto;S/D;XVIII;Dentro;Urbana;Otra Señal;S/D;Intersección;S/D;S/D;Diurna;S/D;Múltiple;S/D;Colisión;S/D;S/D
6243;2021;17/8/2021;Martes;17:30:00;;0.0;1;Automóvil;Rueda 1700;1;1;0;0;0;0;Calle;ROSARIO;Constitución;S/D;S/D;II;S/D;Urbana;Otra Señal;S/D;Intersección;S/D;S/D;Diurna;S/D;Múltiple;S/D;Colisión;S/D;S/D
6244;2021;17/8/2021;Martes;17:20:00;;0.0;1;Moto/Ciclomotor;Av. Ovidio Lagos Y Av. Arijon;1;1;0;0;0;0;Calle;ROSARIO;Constitución;S/D;S/D;II;Dentro;Urbana;Otra Señal;S/D;Intersección;S/D;S/D;Diurna;S/D;Múltiple;S/D;Colisión;S/D;S/D
6245;2021;17/8/2021;Martes;19:00:00;;0.0;2;Moto/Ciclomotor,Moto/Ciclomotor;Italia Y Ituzaingó;4;0;0;3;0;0;Calle;LAS ROSAS;Constitución;Asfalto;No existe;III;Dentro;Urbana;Otra Señal;No existe;Intersección;Bueno;Buena;Atardecer;Buen Tiempo;Múltiple;S/D;Colisión;Ninguna;Faltante
6246;2021;17/8/2021;Martes;19:40:00;Autopista Nacional A008;0.0;1;Moto/Ciclomotor;Av. Circunvalación Y Av. Pellegrini;2;0;0;1;0;0;Autopista;ROSARIO;Constitución;Asfalto;Natural;II;Dentro;Urbana;Otra Señal;No existe;Intersección;Bueno;Buena;Atardecer;Buen Tiempo;Múltiple;S/D;Colisión;Ninguna;S/D
6247;2021;18/8/2021;Miercoles;17:40:00;;0.0;2;Moto/Ciclomotor,Moto/Ciclomotor;Rosario Y Pte. Perón;2;1;0;1;0;0;Calle;VERA;Vera;Asfalto;No existe;XIX;Dentro;Urbana;Otra Señal;No existe;Intersección;Bueno;Buena;Atardecer;Buen Tiempo;Múltiple;S/D;Colisión;Ninguna;Faltante
6248;2021;18/8/2021;Miercoles;19:25:00;;0.0;2;Moto/Ciclomotor,Otros;Urquiza Y Corrientes;2;2;0;0;0;0;Calle;VERA;Vera;Tierra;No existe;XIX;S/D;Urbana;Otra Señal;No existe;Intersección;Bueno;Reducida;Atardecer;Buen Tiempo;Múltiple;S/D;Colisión;Ninguna;Faltante
6249;2021;18/8/2021;Miercoles;18:30:00;Ruta Nacional 11;0.0;2;Pickup/Utilitario,Moto/Ciclomotor;Av. San Martin Y Alvear;2;1;0;1;0;0;Ruta;FRAY LUIS BELTRÁN;San Lorenzo;Asfalto;Pavimento;XVII;Dentro;Urbana;Otra Señal;No existe;Intersección;Bueno;Buena;Atardecer;Otro;Múltiple;S/D;Colisión;Ninguna;Faltante
6250;2021;18/8/2021;Miercoles;13:10:00;;0.0;2;Pickup/Utilitario,Moto/Ciclomotor;B de Astrada Y Dorrego;3;2;0;1;0;0;Calle;SAN LORENZO;San Lorenzo;Asfalto;S/D;XVII;Dentro;Urbana;Otra Señal;S/D;Intersección;S/D;S/D;Diurna;S/D;Múltiple;S/D;Colisión;S/D;S/D
6251;2021;18/8/2021;Miercoles;23:00:00;;0.0;2;Automóvil,Automóvil;Alvear Y Balcarce;2;1;0;1;0;0;Calle;SANTA FE;La Capital;Asfalto;No existe;I;Dentro;Urbana;Otra Señal;S/D;Intersección;Bueno;S/D;Nocturna;S/D;Múltiple;Ciclista;Colisión;S/D;S/D
6252;2021;18/8/2021;Miercoles;21:10:00;;0.0;2;Automóvil,Moto/Ciclomotor;Alberdi ;3;2;0;1;0;0;Calle;SANTA FE;La Capital;Asfalto;No existe;I;Dentro;Urbana;Otra Señal;S/D;Intersección;Bueno;Buena;Nocturna;Buen Tiempo;Múltiple;S/D;Colisión;Ninguna;Faltante
6253;2021;18/8/2021;Miercoles;19:10:00;;0.0;2;Bicicleta,Automóvil;Ayacucho Y Ayolas;2;1;0;1;0;0;Calle;ROSARIO;Rosario;Asfalto;No existe;II;Dentro;Urbana;Otra Señal;No existe;Intersección;Bueno;Buena;Atardecer;Buen Tiempo;Múltiple;Ciclista;Colisión;Ninguna;Faltante
6254;2021;18/8/2021;Miercoles;20:20:00;;0.0;2;Moto/Ciclomotor,Bicicleta;La Paz Y Ecuador;2;2;0;0;0;0;Calle;ROSARIO;Rosario;Asfalto;No existe;II;Dentro;Urbana;Otra Señal;No existe;Intersección;Bueno;Buena;Nocturna;Buen Tiempo;Múltiple;Ciclista;Colisión;Ninguna;Faltante
6255;2021;18/8/2021;Miercoles;21:15:00;Ruta Nacional 9;0.0;2;Automóvil,Moto/Ciclomotor;Ruta Nacional 9 Y Roca;2;1;0;1;0;0;Ruta;FUNES;Rosario;S/D;Ripio;II;Dentro;Urbana;Otra Señal;No existe;Intersección;Bueno;Buena;Nocturna;Buen Tiempo;Múltiple;S/D;Colisión;Ninguna;Faltante
6256;2021;18/8/2021;Miercoles;10:20:00;;0.0;2;Moto/Ciclomotor,Pickup/Utilitario;Balcarce Y Av. Gral. San Martin;3;2;0;1;0;0;Avenida;VILLA GOBERNADOR GÁLVEZ;Rosario;Asfalto;No existe;II;Dentro;Urbana;Otra Señal;No existe;Intersección;Bueno;Buena;Diurna;Buen Tiempo;Múltiple;S/D;Colisión;Ninguna;Faltante
6257;2021;18/8/2021;Miercoles;18:30:00;;0.0;1;Automóvil;Bv Bell Ville 957;2;1;0;1;0;0;Calle;ARMSTRONG;Belgrano;Ripio;Ripio;III;S/D;Urbana;Otra Señal;No existe;Intersección;Bueno;Buena;Atardecer;Buen Tiempo;Múltiple;S/D;Colisión;Ninguna;Faltante
6258;2021;18/8/2021;Miercoles;10:10:00;;0.0;2;Automóvil,Automóvil;Quintana Y Junín;4;2;0;2;0;0;Calle;VENADO TUERTO;General LÓPEZ;Asfalto;S/D;VIII;Dentro;Urbana;Otra Señal;S/D;Intersección;S/D;S/D;Diurna;S/D;Múltiple;S/D;Colisión;S/D;S/D
6259;2021;18/8/2021;Miercoles;12:40:00;;0.0;2;Automóvil,Automóvil;Gral. Manuel Belgrano Y Martin de Pueyrredón;3;3;0;0;0;0;Calle;VENADO TUERTO;General LÓPEZ;S/D;S/D;VIII;Dentro;Urbana;Otra Señal;S/D;Intersección;S/D;S/D;Diurna;S/D;Múltiple;S/D;Colisión;S/D;S/D
6260;2021;18/8/2021;Miercoles;;Ruta Nacional 34;213.0;3;Automóvil,Camión,Automóvil; ;3;1;0;2;0;0;Ruta;SUSANA;Castellanos;Asfalto;S/D;III;Dentro;Rural;Otra Señal;No existe;Intersección;S/D;S/D;Diurna;S/D;Múltiple;S/D;Colisión;S/D;S/D
6261;2021;18/8/2021;Miercoles;20:20:00;;0.0;2;Moto/Ciclomotor,Bicicleta;2 de Abril Y Bartolomé Mitre;2;2;0;0;0;0;Calle;VILLA OCAMPO;General Obligado;S/D;S/D;XI;Dentro;Urbana;Otra Señal;S/D;Intersección;S/D;S/D;Nocturna;S/D;Múltiple;Ciclista;Colisión;S/D;S/D
6262;2021;18/8/2021;Miercoles;10:00:00;;0.0;2;Automóvil,Automóvil;Nicolas Avellaneda Y Gral. José de San Martin;2;2;0;0;0;0;Calle;VENADO TUERTO;General LÓPEZ;Asfalto;S/D;VIII;Dentro;Urbana;Otra Señal;S/D;Intersección;S/D;S/D;Diurna;S/D;Múltiple;S/D;Colisión;S/D;S/D
6263;2021;18/8/2021;Miercoles;;;0.0;2;Moto/Ciclomotor,Automóvil;Bv H Irigoyen Y Las Heras;2;1;0;1;0;0;Calle;RAFAELA;Castellanos;Asfalto;S/D;III;Dentro;Urbana;Otra Señal;S/D;Intersección;S/D;S/D;S/D;S/D;Múltiple;S/D;Colisión;S/D;S/D
6264;2021;18/8/2021;Miercoles;;;0.0;2;Automóvil,Moto/Ciclomotor;Av. Francia Y Pte. Quintana;3;2;0;1;0;0;Calle;ROSARIO;Rosario;Asfalto;S/D;II;Dentro;Urbana;Otra Señal;S/D;Intersección;S/D;S/D;Diurna;S/D;Múltiple;S/D;Colisión;S/D;S/D
6265;2021;18/8/2021;Miercoles;;;0.0;2;Moto/Ciclomotor,Automóvil;Vieytes 2800;2;1;0;1;0;0;Calle;SANTA FE;Constitución;Asfalto;S/D;I;Dentro;Urbana;Otra Señal;S/D;Intersección;S/D;S/D;S/D;S/D;Múltiple;S/D;Colisión;S/D;S/D
6266;2021;18/8/2021;Miercoles;;Ruta Nacional 11;0.0;1;Automóvil;Córdoba Y Ruta Nac 11;1;1;0;0;0;0;Ruta;SAUCE VIEJO;Constitución;Asfalto;Ripio;I;Dentro;Urbana;Otra Señal;S/D;Intersección;S/D;S/D;S/D;S/D;Múltiple;S/D;Colisión;S/D;S/D
6267;2021;18/8/2021;Miercoles;21:05:00;;0.0;1;Moto/Ciclomotor;Rivadavia Y Bv San Martin;3;3;0;0;0;0;Avenida;BARRANCAS;Constitución;Asfalto;S/D;XV;Dentro;Urbana;Otra Señal;S/D;Intersección;S/D;S/D;Nocturna;S/D;Múltiple;S/D;Colisión;S/D;S/D
6268;2021;18/8/2021;Miercoles;16:00:00;;0.0;1;Moto/Ciclomotor;Biedma Y Colon;1;1;0;0;0;0;Calle;ROSARIO;Constitución;S/D;S/D;II;S/D;Urbana;Otra Señal;S/D;Intersección;S/D;S/D;Diurna;S/D;Múltiple;S/D;Colisión;S/D;S/D
6269;2021;18/8/2021;Miercoles;14:00:00;;0.0;2;Automóvil,Moto/Ciclomotor;Santa Fe Y Camilo Aldao;2;1;0;0;0;1;Calle;ROSARIO;Constitución;S/D;S/D;II;S/D;S/D;Otra Señal;S/D;Intersección;S/D;S/D;Diurna;S/D;Múltiple;S/D;Colisión;S/D;S/D
6270;2021;18/8/2021;Miercoles;12:00:00;;0.0;1;Bicicleta; ;1;1;0;0;0;0;S/D;ROSARIO;Constitución;S/D;S/D;II;S/D;S/D;Otra Señal;S/D;Intersección;S/D;S/D;Diurna;S/D;Múltiple;S/D;Colisión;S/D;S/D
6271;2021;18/8/2021;Miercoles;18:00:00;;0.0;1;Bicicleta;Pje. Volta 7046;1;1;0;0;0;0;S/D;ROSARIO;Constitución;S/D;S/D;II;S/D;S/D;Otra Señal;S/D;Intersección;S/D;S/D;Diurna;S/D;Múltiple;S/D;Colisión;S/D;S/D
6272;2021;18/8/2021;Miercoles;17:15:00;;0.0;1;Bicicleta;San Lorenzo Y Italia;1;1;0;0;0;0;Calle;ROSARIO;Constitución;S/D;S/D;II;Dentro;Urbana;Otra Señal;S/D;Intersección;S/D;S/D;Diurna;S/D;Múltiple;S/D;Colisión;S/D;S/D
6273;2021;18/8/2021;Miercoles;22:00:00;;0.0;1;Moto/Ciclomotor;Rivarola 6800;1;1;0;0;0;0;Calle;ROSARIO;Constitución;S/D;S/D;II;S/D;Urbana;Otra Señal;S/D;Intersección;S/D;S/D;Nocturna;S/D;Múltiple;S/D;Colisión;S/D;S/D
6274;2021;18/8/2021;Miercoles;10:00:00;Ruta Nacional 11;513.0;2;Automóvil,Automóvil; ;4;2;0;1;0;0;Ruta;SANTA FE;Constitución;Asfalto;Natural;I;Dentro;Urbana;Otra Señal;No existe;Intersección;Bueno;Buena;Diurna;Buen Tiempo;Múltiple;S/D;Colisión;Ninguna;Horizontal
6275;2021;18/8/2021;Miercoles;02:30:00;Ruta Nacional 11;0.0;2;Moto/Ciclomotor,Automóvil;Calle 11 Y Ruta Nacional 11;2;0;0;1;0;0;Ruta;LAS TOSCAS;Constitución;Asfalto;Natural;IX;Dentro;Urbana;Otra Señal;No existe;Intersección;Bueno;Buena;Diurna;Buen Tiempo;Múltiple;S/D;Colisión;Ninguna;Faltante
6276;2021;18/8/2021;Miercoles;;;0.0;1;Moto/Ciclomotor; ;1;0;0;0;0;0;Calle;ROSARIO;Rosario;S/D;S/D;II;Dentro;Urbana;Otra Señal;S/D;Intersección;S/D;S/D;S/D;S/D;Múltiple;S/D;Colisión;S/D;S/D
6277;2021;18/8/2021;Miercoles;10:30:00;Ruta Nacional 33;0.0;2;Moto/Ciclomotor,Automóvil;Ruta Nac 33 Y Ruta Prov. 14;3;0;0;1;0;0;Ruta;PEREZ;Rosario;Asfalto;Pavimento;II;Dentro;Urbana;Otra Señal;No existe;Intersección;Bueno;Buena;Diurna;Buen Tiempo;Múltiple;S/D;Colisión;S/D;S/D
6278;2021;19/8/2021;Jueves;13:00:00;Ruta Nacional 11;0.0;2;Peatón,Automóvil;Av. San Martin Y San Luis;2;1;0;1;0;0;Ruta;SAN LORENZO;San Lorenzo;Asfalto;S/D;XVII;Dentro;Urbana;Otra Señal;S/D;Intersección;S/D;S/D;Diurna;S/D;Múltiple;S/D;Colisión;S/D;S/D
6279;2021;19/8/2021;Jueves;13:30:00;;0.0;2;Moto/Ciclomotor,Moto/Ciclomotor;9 de Julio Y Thompson;3;3;0;0;0;0;Calle;SAN LORENZO;San Lorenzo;Asfalto;S/D;XVII;Dentro;Urbana;Otra Señal;S/D;Intersección;S/D;S/D;Diurna;S/D;Múltiple;S/D;Colisión;S/D;S/D
6280;2021;19/8/2021;Jueves;18:10:00;Ruta Provincial 6;0.0;2;Moto/Ciclomotor,Pickup/Utilitario;San Martin Y Weihmuller;2;1;0;1;0;0;Ruta;SAN CARLOS CENTRO;Las Colonias;Asfalto;S/D;XI;Dentro;Urbana;Otra Señal;S/D;Intersección;S/D;S/D;Diurna;S/D;Múltiple;S/D;Colisión;S/D;S/D
6281;2021;19/8/2021;Jueves;16:00:00;Ruta Provincial 6;0.0;2;Automóvil,Moto/Ciclomotor;Av. Los Colonizadores ;3;1;0;2;0;0;Ruta;ESPERANZA;Las Colonias;Asfalto;Pavimento;XI;S/D;Urbana;Otra Señal;Funciona;Intersección;Bueno;Buena;Diurna;Buen Tiempo;Múltiple;S/D;Colisión;Ninguna;Horizontal
6282;2021;19/8/2021;Jueves;13:00:00;;0.0;2;Automóvil,Moto/Ciclomotor;Mariano Moreno Y Aristóbulo del Valle;2;1;0;1;0;0;Calle;ESPERANZA;Las Colonias;Asfalto;Pavimento;XI;Dentro;Urbana;Otra Señal;No existe;Intersección;Bueno;Buena;Diurna;Buen Tiempo;Múltiple;S/D;Colisión;Ninguna;S/D
6283;2021;19/8/2021;Jueves;08:45:00;;0.0;2;Moto/Ciclomotor,Automóvil;Montevideo Y Alsina;2;1;0;1;0;0;Calle;ROSARIO;Rosario;Asfalto;S/D;II;Dentro;Urbana;Otra Señal;S/D;Intersección;S/D;S/D;Diurna;S/D;Múltiple;S/D;Colisión;S/D;S/D
6284;2021;19/8/2021;Jueves;16:00:00;;0.0;2;Automóvil,Moto/Ciclomotor;9 De Julio Y Paraguay;2;1;0;1;0;0;Calle;ROSARIO;Rosario;Asfalto;No existe;II;Dentro;Urbana;Otra Señal;No existe;Intersección;Bueno;Buena;Diurna;Buen Tiempo;Múltiple;S/D;Colisión;Ninguna;Faltante
6285;2021;19/8/2021;Jueves;18:30:00;;0.0;2;Bicicleta,Otros;Paraguay Y 3 De Febrero;2;1;0;1;0;0;Calle;ROSARIO;Rosario;Asfalto;No existe;II;Dentro;Urbana;Otra Señal;No existe;Intersección;Bueno;Buena;Diurna;Buen Tiempo;Múltiple;Ciclista;Colisión;Ninguna;Faltante
6286;2021;19/8/2021;Jueves;03:10:00;Ruta Provincial 14;0.0;2;Automóvil,Moto/Ciclomotor;Av. San Martin Y Ruta Prov. 14;2;1;0;1;0;0;Ruta;PEREZ;Rosario;Asfalto;Pavimento;II;S/D;Urbana;Otra Señal;Funciona;Intersección;Bueno;Buena;Diurna;Buen Tiempo;Múltiple;S/D;Colisión;Ninguna;S/D
6287;2021;19/8/2021;Jueves;04:00:00;Autopista Nacional A008;0.0;1;Automóvil; ;1;1;0;0;0;0;Autopista;VILLA GOBERNADOR GÁLVEZ;Rosario;Asfalto;No existe;II;Dentro;Urbana;Otra Señal;No existe;Intersección;Bueno;Buena;Nocturna,Con luz artificial;Buen Tiempo;Múltiple;S/D;Colisión;Ninguna;Faltante
6288;2021;19/8/2021;Jueves;08:20:00;;0.0;2;Automóvil,Pickup/Utilitario;Av. Gral. San Martin Y Esperanza;2;1;0;1;0;0;Calle;VILLA GOBERNADOR GÁLVEZ;Rosario;Asfalto;No existe;II;Dentro;Urbana;Otra Señal;Funciona;Intersección;Bueno;Buena;Diurna;Buen Tiempo;Múltiple;S/D;Colisión;Ninguna;Faltante
6289;2021;19/8/2021;Jueves;12:40:00;;0.0;2;Moto/Ciclomotor,Automóvil;Calle 18 - Gral. Belgrano Y Calle 29-Alte Brown;2;1;0;1;0;0;Calle;RECONQUISTA;General Obligado;Asfalto;No existe;IX;Dentro;Urbana;Otra Señal;No existe;Intersección;Bueno;Buena;Diurna;Buen Tiempo;Múltiple;S/D;Colisión;Ninguna;Horizontal,Vertical
6290;2021;19/8/2021;Jueves;10:30:00;;0.0;1;Moto/Ciclomotor;30 de Julio 287;1;1;0;0;0;0;Calle;BARRANCAS;Constitución;Asfalto;S/D;XV;Dentro;Urbana;Otra Señal;S/D;Intersección;S/D;S/D;Diurna;S/D;Múltiple;S/D;Colisión;S/D;S/D
6291;2021;19/8/2021;Jueves;18:30:00;Ruta Secundaria 50-s;0.0;1;Automóvil; ;1;1;0;0;0;0;Ruta;GÁLVEZ;Constitución;Asfalto;S/D;XV;Fuera;Rural;Otra Señal;S/D;Intersección;S/D;S/D;Atardecer;S/D;Múltiple;S/D;Colisión;S/D;S/D
6292;2021;19/8/2021;Jueves;16:10:00;;0.0;2;Vehículo Oficial,Automóvil;B de Astrada Y Dorrego;2;1;0;1;0;0;Calle;SAN LORENZO;Constitución;Asfalto;S/D;XVII;Dentro;Urbana;Otra Señal;S/D;Intersección;S/D;S/D;Diurna;S/D;Múltiple;S/D;Colisión;S/D;S/D
6293;2021;19/8/2021;Jueves;08:00:00;;0.0;2;Automóvil,Bicicleta;Av. Eva Perón Y Alsina;2;1;0;0;0;1;Avenida;ROSARIO;Constitución;S/D;S/D;II;Dentro;Urbana;Otra Señal;S/D;Intersección;S/D;S/D;Diurna;S/D;Múltiple;Ciclista;Colisión;S/D;S/D
6294;2021;19/8/2021;Jueves;02:00:00;;0.0;1;Moto/Ciclomotor;Av. Francia Y Dean Funes;1;1;0;0;0;0;Avenida;ROSARIO;Constitución;S/D;S/D;II;S/D;Urbana;Otra Señal;S/D;Intersección;S/D;S/D;Nocturna;S/D;Múltiple;S/D;Colisión;S/D;S/D
6295;2021;19/8/2021;Jueves;00:15:00;;0.0;1;Moto/Ciclomotor;Lima Y Av. Pellegrini;1;1;0;0;0;0;Avenida;ROSARIO;Constitución;S/D;S/D;II;Dentro;Urbana;Otra Señal;S/D;Intersección;S/D;S/D;Nocturna;S/D;Múltiple;S/D;Colisión;S/D;S/D
6296;2021;19/8/2021;Jueves;02:00:00;;0.0;2;Moto/Ciclomotor,Moto/Ciclomotor;Av. Francia Y Dean Funes;2;1;0;0;0;1;Avenida;ROSARIO;Constitución;S/D;S/D;II;S/D;S/D;Otra Señal;S/D;Intersección;S/D;S/D;Nocturna;S/D;Múltiple;S/D;Colisión;S/D;S/D
6297;2021;19/8/2021;Jueves;21:45:00;;0.0;2;Moto/Ciclomotor,Pickup/Utilitario;Pastor Barrios Y Güemes;2;0;0;1;0;0;Calle;LAGUNA PAIVA;Constitución;Asfalto;Natural;I;Dentro;Urbana;Otra Señal;No existe;Intersección;Bueno;Buena;Nocturna,Con luz artificial;Buen Tiempo;Múltiple;S/D;Colisión;Ninguna;Faltante
6298;2021;19/8/2021;Jueves;14:00:00;;0.0;2;Automóvil,Moto/Ciclomotor;Santa Fe Y Bv Villa María;2;0;0;1;0;0;Calle;ARMSTRONG;Constitución;Asfalto;No existe;III;Dentro;Urbana;Otra Señal;No existe;Intersección;Bueno;Buena;Diurna;Buen Tiempo;Múltiple;S/D;Colisión;Ninguna;Faltante
6299;2021;20/8/2021;Viernes;03:30:00;;0.0;1;Automóvil;Diagonal 8 ;1;0;0;0;1;0;Calle;SAUCE VIEJO;La Capital;Tierra;No existe;I;S/D;Urbana;Otra Señal;No existe;Intersección;Bueno;S/D;Nocturna;S/D;Múltiple;S/D;Colisión;Ninguna;Faltante
6300;2021;20/8/2021;Viernes;12:00:00;;0.0;2;Moto/Ciclomotor,Pickup/Utilitario;Juan de Garay Y Maipú;5;0;0;4;1;0;Calle;TOSTADO;9 de Julio;S/D;S/D;XII;S/D;Urbana;Otra Señal;S/D;Intersección;S/D;S/D;Diurna;S/D;Múltiple;S/D;Colisión;S/D;S/D
6301;2021;20/8/2021;Viernes;15:15:00;Autovía Nacional 19;117.5;2;Automóvil,Tractor; ;4;4;0;0;0;0;Autovía;ROSARIO;Rosario;Hormigón;Pavimento;II;Dentro;Rural;Otra Señal;No existe;Intersección;Bueno;Buena;Diurna;Buen Tiempo;Múltiple;S/D;Colisión;Ninguna;Vertical
6302;2021;20/8/2021;Viernes;09:40:00;Ruta Nacional 11;0.0;2;Moto/Ciclomotor,Automóvil;Av. San Martin Y Pte. Illia -Ex. Entre Ríos;2;1;0;1;0;0;Ruta;FRAY LUIS BELTRÁN;San Lorenzo;Asfalto;Pavimento;XVII;Dentro;Urbana;Otra Señal;Funciona;Intersección;Bueno;Buena;Diurna;Buen Tiempo;Múltiple;S/D;Colisión;Ninguna;Vertical
6303;2021;20/8/2021;Viernes;13:00:00;Autopista Provincial Brigadier E.LÓPEZ;10.0;1;Camión Chasis; ;1;1;0;0;0;0;Autopista;FRAY LUIS BELTRÁN;San Lorenzo;S/D;No existe;XVII;Dentro;Urbana;Otra Señal;No existe;Intersección;Bueno;Buena;Diurna;Buen Tiempo;Múltiple;S/D;Colisión;Ninguna;Faltante
6304;2021;20/8/2021;Viernes;12:30:00;;0.0;2;Bicicleta,Automóvil;Candioti Y Gdor. Candioti;2;1;0;1;0;0;Calle;SANTA FE;La Capital;Asfalto;No existe;I;Dentro;Urbana;Otra Señal;S/D;Intersección;Bueno;S/D;Diurna;S/D;Múltiple;Ciclista;Colisión;S/D;S/D
6305;2021;20/8/2021;Viernes;20:40:00;;0.0;2;Moto/Ciclomotor,Automóvil;Mendoza Y San Jerónimo;2;1;0;1;0;0;Calle;SANTA FE;La Capital;Asfalto;No existe;I;Dentro;Urbana;Otra Señal;No existe;Intersección;Bueno;Buena;Nocturna,Con luz artificial;Buen Tiempo;Múltiple;S/D;Colisión;Ninguna;Faltante
6306;2021;20/8/2021;Viernes;13:00:00;;0.0;2;Automóvil,Bicicleta;9 de Julio Y J Castelli;2;1;0;1;0;0;Calle;SANTA FE;La Capital;Asfalto;No existe;I;Dentro;Urbana;Otra Señal;No existe;Intersección;Bueno;Buena;Diurna;Buen Tiempo;Múltiple;Ciclista;Colisión;Ninguna;Vertical
6307;2021;20/8/2021;Viernes;14:30:00;;0.0;2;Automóvil,Moto/Ciclomotor;Av. Facundo Zuviria Y Pedro Ferre;2;1;0;1;0;0;Avenida;SANTA FE;La Capital;Asfalto;No existe;I;Dentro;Urbana;Otra Señal;No existe;Intersección;S/D;Buena;Diurna;Buen Tiempo;Múltiple;S/D;Colisión;Ninguna;S/D
6308;2021;20/8/2021;Viernes;07:30:00;Ruta Provincial 6;4.0;2;Moto/Ciclomotor,Bicicleta; ;2;1;0;1;0;0;Ruta;SAN CARLOS SUR;Las Colonias;Asfalto;Natural;XI;Dentro;Rural;Otra Señal;No existe;Intersección;Bueno;Buena;Diurna;Buen Tiempo;Múltiple;Ciclista;Colisión;Ninguna;S/D
6309;2021;20/8/2021;Viernes;16:30:00;;0.0;2;Automóvil,Bicicleta;Italia Y Salta;2;1;0;1;0;0;Calle;ROSARIO;Rosario;Asfalto;No existe;II;Dentro;Urbana;Otra Señal;No existe;Intersección;Bueno;Buena;Diurna;Buen Tiempo;Múltiple;Ciclista;Colisión;Ninguna;Faltante
6310;2021;20/8/2021;Viernes;09:15:00;;0.0;2;Moto/Ciclomotor,Taxi/Remis;San Juan Y Dorrego;2;1;0;1;0;0;Calle;ROSARIO;Rosario;Asfalto;No existe;II;Dentro;Urbana;Otra Señal;No existe;Intersección;Bueno;Buena;Diurna;S/D;Múltiple;S/D;Colisión;Ninguna;Vertical
6311;2021;20/8/2021;Viernes;15:00:00;;0.0;2;Peatón,Moto/Ciclomotor;Av. Génova 2200;2;1;0;0;0;1;Avenida;ROSARIO;Rosario;Asfalto;Pavimento;II;Dentro;Urbana;Otra Señal;No existe;Intersección;Bueno;Buena;Diurna;Buen Tiempo;Múltiple;Peatón;Colisión;Ninguna;S/D
6312;2021;20/8/2021;Viernes;;;0.0;2;Moto/Ciclomotor,Automóvil;San Martin Y Pte. Quintana;3;3;0;0;0;0;Calle;ROSARIO;Rosario;Asfalto;No existe;II;Dentro;Urbana;Otra Señal;Funciona;Intersección;Bueno;Reducida;Diurna;Buen Tiempo;Múltiple;S/D;Colisión;Ninguna;Faltante
6313;2021;20/8/2021;Viernes;08:45:00;;0.0;2;Moto/Ciclomotor,Otros;Laprida Y Centeno;2;1;0;1;0;0;Calle;ROSARIO;Rosario;Asfalto;No existe;II;Dentro;Urbana;Otra Señal;No existe;Intersección;Bueno;Buena;Diurna;Buen Tiempo;Múltiple;S/D;Colisión;Ninguna;Faltante
6314;2021;20/8/2021;Viernes;10:10:00;;0.0;2;Bicicleta,Camión Chasis;Bv. Avellaneda Y La Paz;2;1;0;1;0;0;Calle;ROSARIO;Rosario;Asfalto;No existe;II;Dentro;Urbana;Otra Señal;S/D;Intersección;Bueno;Buena;Diurna;Buen Tiempo;Múltiple;Ciclista;Colisión;S/D;S/D