ID_Accidente;A�o;Fecha;Dia;Hopra;Ruta/Autop;km;Participantes;Tipo;Lugar;Total;Heridos Leves;Heridos Graves;Ilesos;Fallecidos;Sin datos;desc_tipo_via;desc_loc;desc_dpto;|;desc_tipo_banquina;desc_unidad_regional;desc_lugar_calzada;desc_zona;desc_prioridad;desc_estado_semaforo;desc_lugar_via;desc_estado_via;desc_estado_visibilidad;desc_luminosidad;desc_estado_clima;desc_tipo_colision;desc_tipo_atropello;desc_tipo_hecho;desc_pres_calzada;desc_senializacion
6315;2021;20/8/2021;Viernes;19:00:00;;0.0;2;Moto/Ciclomotor,Automóvil;25 de Mayo Y Saavedra;2;1;0;1;0;0;Calle;SAN CARLOS CENTRO;Las Colonias;Asfalto;S/D;XI;Dentro;Urbana;Otra Señal;No existe;Intersección;Bueno;S/D;Diurna;S/D;Múltiple;S/D;Colisión;S/D;S/D
6316;2021;20/8/2021;Viernes;;Ruta Nacional 11;0.0;2;Automóvil,Automóvil;Santiago Derqui ;3;3;0;0;0;0;Ruta;SAUCE VIEJO;Constitución;Asfalto;Ripio;I;Dentro;Urbana;Otra Señal;S/D;Intersección;S/D;S/D;S/D;S/D;Múltiple;S/D;Colisión;S/D;S/D
6317;2021;20/8/2021;Viernes;;Ruta Provincial 2;0.0;2;Automóvil,Moto/Ciclomotor; ;2;1;0;1;0;0;Ruta;TOSTADO;Constitución;Asfalto;S/D;XII;Dentro;Rural;Otra Señal;S/D;Intersección;S/D;S/D;S/D;S/D;Múltiple;S/D;Colisión;S/D;S/D
6318;2021;20/8/2021;Viernes;14:50:00;;0.0;2;Bicicleta,Automóvil;Avda. 25 de Mayo ;2;1;0;1;0;0;Avenida;GÁLVEZ;Constitución;Asfalto;S/D;XV;Dentro;Urbana;Otra Señal;S/D;Intersección;S/D;S/D;Diurna;S/D;Múltiple;Ciclista;Colisión;S/D;S/D
6319;2021;20/8/2021;Viernes;17:00:00;Ruta Provincial 80;0.0;1;Pickup/Utilitario; ;3;1;0;2;0;0;Ruta;GÁLVEZ;Constitución;Asfalto;S/D;XV;Dentro;Rural;Otra Señal;S/D;Intersección;S/D;S/D;Diurna;S/D;Múltiple;S/D;Colisión;S/D;S/D
6320;2021;20/8/2021;Viernes;08:20:00;;0.0;2;Automóvil,Bicicleta;Rivadavia Y Pte. Hipólito Irigoyen;2;1;0;1;0;0;Calle;PUERTO SAN MARTÍN;Constitución;Asfalto;S/D;XVII;Dentro;Urbana;Otra Señal;S/D;Intersección;S/D;S/D;Diurna;S/D;Múltiple;Ciclista;Colisión;S/D;S/D
6321;2021;20/8/2021;Viernes;;;0.0;1;Moto/Ciclomotor; ;1;1;0;0;0;0;S/D;ROSARIO;Constitución;S/D;S/D;II;S/D;S/D;Otra Señal;S/D;Intersección;S/D;S/D;S/D;S/D;Múltiple;S/D;Colisión;S/D;S/D
6322;2021;20/8/2021;Viernes;14:00:00;;0.0;1;Moto/Ciclomotor; ;1;1;0;0;0;0;S/D;ROSARIO;Constitución;S/D;S/D;II;S/D;S/D;Otra Señal;S/D;Intersección;S/D;S/D;Diurna;S/D;Múltiple;S/D;Colisión;S/D;S/D
6323;2021;20/8/2021;Viernes;14:00:00;;0.0;1;Moto/Ciclomotor;Av. Pellegrini Y Italia;2;2;0;0;0;0;Avenida;ROSARIO;Constitución;S/D;S/D;II;Dentro;Urbana;Otra Señal;S/D;Intersección;S/D;S/D;Diurna;S/D;Múltiple;S/D;Colisión;S/D;S/D
6324;2021;20/8/2021;Viernes;17:30:00;;0.0;2;Automóvil,Moto/Ciclomotor;Cullen Y French;2;1;0;0;0;1;Calle;ROSARIO;Constitución;S/D;S/D;II;S/D;Urbana;Otra Señal;S/D;Intersección;S/D;S/D;Diurna;S/D;Múltiple;S/D;Colisión;S/D;S/D
6325;2021;20/8/2021;Viernes;17:00:00;;0.0;2;Moto/Ciclomotor,Pickup/Utilitario; ;2;1;0;0;0;0;Calle;SAN LORENZO;Constitución;S/D;S/D;XVII;S/D;S/D;Otra Señal;S/D;Intersección;S/D;S/D;Diurna;S/D;Múltiple;S/D;Colisión;S/D;S/D
6326;2021;20/8/2021;Viernes;20:00:00;;0.0;2;Moto/Ciclomotor,Automóvil;Montevideo Y Junín;2;0;0;1;0;0;Calle;ROSARIO;Constitución;Asfalto;S/D;II;Dentro;Urbana;Otra Señal;S/D;Intersección;Bueno;S/D;Nocturna;Buen Tiempo;Múltiple;S/D;Colisión;Ninguna;Horizontal
6327;2021;21/8/2021;Sabado;15:00:00;Ruta Nacional 11;0.0;2;Moto/Ciclomotor,Automóvil;Av. San Martin Y Belgrano;3;2;0;1;0;0;Ruta;FRAY LUIS BELTRÁN;San Lorenzo;Asfalto;Pavimento;XVII;Dentro;Urbana;Otra Señal;Funciona;Intersección;Bueno;Buena;Diurna;Otro;Múltiple;S/D;Colisión;Ninguna;Vertical
6328;2021;21/8/2021;Sabado;12:45:00;;0.0;2;Pickup/Utilitario,Moto/Ciclomotor;C Escalada ;2;1;0;1;0;0;Calle;SAN LORENZO;San Lorenzo;Asfalto;S/D;XVII;Dentro;Urbana;Otra Señal;S/D;Intersección;S/D;S/D;Diurna;S/D;Múltiple;S/D;Colisión;S/D;S/D
6329;2021;21/8/2021;Sabado;13:10:00;;0.0;2;Moto/Ciclomotor,Automóvil;9 de Julio Y Reconquista;2;1;0;1;0;0;Calle;TOSTADO;9 de Julio;Asfalto;No existe;XII;S/D;Urbana;Otra Señal;No existe;Intersección;Bueno;Reducida polvo;Diurna;S/D;Múltiple;S/D;Colisión;Ninguna;Faltante
6330;2021;21/8/2021;Sabado;14:30:00;;0.0;2;Automóvil,Automóvil;Pres Domingo Faustino Sarmiento 4150;2;1;0;1;0;0;Calle;SANTO TOMÉ;La Capital;Asfalto;Natural;I;Dentro;Urbana;Otra Señal;No existe;Intersección;Bueno;Buena;Diurna;Buen Tiempo;Múltiple;S/D;Colisión;Ninguna;Faltante
6331;2021;21/8/2021;Sabado;16:00:00;;0.0;2;Moto/Ciclomotor,Automóvil;Aristóbulo del Valle Y Simón de Iriondo;5;3;0;2;0;0;Calle;ESPERANZA;Las Colonias;Asfalto;S/D;XI;Dentro;Urbana;Otra Señal;No existe;Intersección;Bueno;Buena;Diurna;Buen Tiempo;Múltiple;S/D;Colisión;Ninguna;S/D
6332;2021;21/8/2021;Sabado;07:15:00;;0.0;2;Automóvil,Moto/Ciclomotor;San Lorenzo Y Mitre;2;1;0;1;0;0;Calle;ROSARIO;Rosario;Asfalto;No existe;II;Dentro;Urbana;Otra Señal;No existe;Intersección;Bueno;Buena;Diurna;Buen Tiempo;Múltiple;S/D;Colisión;Ninguna;Faltante
6333;2021;21/8/2021;Sabado;23:00:00;;0.0;2;Automóvil,Automóvil;9 de Julio Y Juárez Celman;4;3;0;1;0;0;Calle;ARROYO SECO;Rosario;Asfalto;Natural;II;Dentro;Urbana;Otra Señal;No existe;Intersección;Bueno;Buena;Nocturna,Con luz artificial;Buen Tiempo;Múltiple;S/D;Colisión;Ninguna;Faltante
6334;2021;21/8/2021;Sabado;16:20:00;;0.0;2;Automóvil,Moto/Ciclomotor;Av. Corrientes Y Pte. Quintana;3;2;0;1;0;0;Calle;ROSARIO;Rosario;Asfalto;No existe;II;S/D;Urbana;Otra Señal;No existe;Intersección;Bueno;Buena;Diurna;Buen Tiempo;Múltiple;S/D;Colisión;Ninguna;Faltante
6335;2021;21/8/2021;Sabado;16:50:00;;0.0;2;Automóvil,Moto/Ciclomotor;AV CISNEROS Y PSJ 1886;3;1;0;2;0;0;Calle;ROSARIO;Rosario;Asfalto;Pavimento;II;S/D;Urbana;Otra Señal;S/D;Intersección;Bueno;Buena;Diurna;Buen Tiempo;Múltiple;S/D;Colisión;Ninguna;Faltante
6336;2021;21/8/2021;Sabado;14:00:00;Autopista Nacional A008;0.0;2;Moto/Ciclomotor,Pickup/Utilitario;Bv. 27 De Febrero Y Av. Circunvalación;2;1;0;1;0;0;Autopista;ROSARIO;Rosario;Asfalto;No existe;II;Dentro;Urbana;Otra Señal;Funciona;Intersección;Bueno;Buena;Diurna;Buen Tiempo;Múltiple;S/D;Colisión;Ninguna;S/D
6337;2021;21/8/2021;Sabado;04:30:00;Ruta Provincial 18;7.0;1;Moto/Ciclomotor; ;1;1;0;0;0;0;Ruta;PIÑERO;Rosario;Asfalto;Natural;II;Dentro;Urbana;Otra Señal;No existe;Intersección;Bueno;Buena;Nocturna;Buen Tiempo;Múltiple;S/D;Colisión;Ninguna;Faltante
6338;2021;21/8/2021;Sabado;00:00:00;;0.0;2;Moto/Ciclomotor,Pickup/Utilitario;Caseros Y Gral. Alvear;3;2;0;1;0;0;Calle;SAN CRISTÓBAL;San CRISTÓBAL;Asfalto;No existe;XIII;Dentro;Urbana;Otra Señal;No existe;Intersección;Bueno;Buena;Nocturna;Buen Tiempo;Múltiple;S/D;Colisión;Ninguna;Faltante
6339;2021;21/8/2021;Sabado;;;0.0;2;Moto/Ciclomotor,Otros;Belgrano Y J. M. Estrada;2;1;0;1;0;0;Calle;CAÑADA DE GÓMEZ;Iriondo;Asfalto;S/D;X;Dentro;Urbana;Otra Señal;S/D;Intersección;S/D;S/D;Diurna;S/D;Múltiple;S/D;Colisión;S/D;S/D
6340;2021;21/8/2021;Sabado;07:00:00;Ruta Nacional 11;0.0;2;Moto/Ciclomotor,Automóvil;Storni A Y Ruta Nacional 11;2;2;0;0;0;0;Ruta;RECREO;La Capital;Asfalto;S/D;I;Dentro;Urbana;Otra Señal;S/D;Intersección;S/D;S/D;Amanecer;S/D;Múltiple;S/D;Colisión;S/D;S/D
6341;2021;21/8/2021;Sabado;;;0.0;2;Moto/Ciclomotor,Pickup/Utilitario;Estanislao del Campo ;2;1;0;1;0;0;Calle;RAFAELA;Castellanos;Asfalto;S/D;III;Dentro;Urbana;Otra Señal;S/D;Intersección;S/D;S/D;S/D;S/D;Múltiple;S/D;Colisión;S/D;S/D
6342;2021;21/8/2021;Sabado;;;0.0;2;Pickup/Utilitario,Pickup/Utilitario;Gorriti Y Pje Luis Braille;3;1;0;2;0;0;Avenida;SANTA FE;Constitución;Asfalto;No existe;I;Dentro;Urbana;Otra Señal;S/D;Intersección;S/D;S/D;S/D;S/D;Múltiple;S/D;Colisión;S/D;S/D
6343;2021;21/8/2021;Sabado;;;0.0;2;Peatón,Automóvil;San Martin Y Domingo Silva;2;1;0;1;0;0;Calle;SANTA FE;Constitución;Asfalto;S/D;I;Dentro;Urbana;Otra Señal;S/D;Intersección;S/D;S/D;S/D;S/D;Múltiple;Peatón;Colisión;S/D;S/D
6344;2021;21/8/2021;Sabado;;;0.0;2;Moto/Ciclomotor,Moto/Ciclomotor; ;4;4;0;0;0;0;Calle;ESPERANZA;Constitución;S/D;S/D;XI;S/D;S/D;Otra Señal;S/D;Intersección;S/D;S/D;S/D;S/D;Múltiple;S/D;Colisión;S/D;S/D
6345;2021;21/8/2021;Sabado;15:00:00;;0.0;1;Moto/Ciclomotor;Fraga Y La Paz;1;1;0;0;0;0;Calle;ROSARIO;Constitución;S/D;S/D;II;Dentro;Urbana;Otra Señal;S/D;Intersección;S/D;S/D;Diurna;S/D;Múltiple;S/D;Colisión;S/D;S/D
6346;2021;21/8/2021;Sabado;18:56:00;;0.0;1;Moto/Ciclomotor; ;1;1;0;0;0;0;S/D;ROSARIO;Constitución;S/D;S/D;II;S/D;S/D;Otra Señal;S/D;Intersección;S/D;S/D;Atardecer;S/D;Múltiple;S/D;Colisión;S/D;S/D
6347;2021;21/8/2021;Sabado;19:00:00;;0.0;1;Moto/Ciclomotor; ;1;1;0;0;0;0;S/D;ROSARIO;Constitución;S/D;S/D;II;S/D;S/D;Otra Señal;S/D;Intersección;S/D;S/D;Atardecer;S/D;Múltiple;S/D;Colisión;S/D;S/D
6348;2021;21/8/2021;Sabado;13:30:00;;0.0;2;Bicicleta,Automóvil;Rivadavia ;2;0;0;1;0;0;Calle;PILAR;Constitución;Asfalto;Natural;XI;Dentro;Urbana;Otra Señal;No existe;Intersección;Bueno;Buena;Diurna;Buen Tiempo;Múltiple;Ciclista;Colisión;Ninguna;Vertical
6349;2021;21/8/2021;Sabado;21:30:00;;0.0;2;Moto/Ciclomotor,Automóvil;Bv. Avellaneda Y Pte. Quintana;2;0;0;1;0;0;Avenida;ROSARIO;Constitución;Asfalto;Pavimento;II;Dentro;Urbana;Otra Señal;No existe;Intersección;Otro;Buena;Atardecer,Con luz artificial;Buen Tiempo;Múltiple;S/D;Colisión;Ninguna;Faltante
6350;2021;21/8/2021;Sabado;22:40:00;;0.0;1;Moto/Ciclomotor;Bv. Avellaneda ;2;0;0;1;0;0;Calle;ROSARIO;Constitución;Asfalto;Pavimento;II;Dentro;Urbana;Otra Señal;No existe;Intersección;Bueno;Buena;Nocturna;Buen Tiempo;Múltiple;S/D;Colisión;Ninguna;Horizontal,Vertical
6351;2021;21/8/2021;Sabado;06:30:00;Autopista Nacional Rosario -Cordoba;0.0;1;Automóvil;Bv. Wilde ;2;1;0;0;0;0;Autopista;ROSARIO;Constitución;Asfalto;Natural;II;Dentro;Urbana;Otra Señal;No existe;Intersección;Bueno;Buena;Diurna;Buen Tiempo;Múltiple;S/D;Colisión;S/D;Vertical
6352;2021;21/8/2021;Sabado;00:15:00;Ruta Provincial 23;0.0;2;Automóvil,Moto/Ciclomotor; ;3;1;0;1;0;0;Ruta;SUARDI;Constitución;Hormigón;Natural;XIII;Dentro;Rural;Otra Señal;No existe;Intersección;Bueno;Reducida;Nocturna;Buen Tiempo;Múltiple;S/D;Colisión;Ninguna;Faltante
6353;2021;21/8/2021;Sabado;12:45:00;;0.0;1;Moto/Ciclomotor;Bv Oroño ;1;0;0;0;0;0;Calle;CORONDA;Constitución;S/D;S/D;XV;Dentro;Urbana;Otra Señal;S/D;Intersección;S/D;S/D;Diurna;S/D;Múltiple;S/D;Colisión;S/D;S/D
6354;2021;22/8/2021;Domingo;05:00:00;;0.0;2;Transporte de Pasajeros Larga Distancia (Doble Piso),Automóvil;Av. Provincias Unidas Y Av. Eva Perón;26;2;0;18;3;0;Avenida;ROSARIO;Rosario;Asfalto;No existe;II;Dentro;Urbana;Otra Señal;Funciona;Intersección;Bueno;Buena;Amanecer;Buen Tiempo;Múltiple;S/D;Colisión;Ninguna;S/D
6355;2021;22/8/2021;Domingo;16:05:00;;0.0;2;Automóvil,Moto/Ciclomotor;Bv. Rondeau Y Nansen;2;0;0;1;1;0;Calle;ROSARIO;Rosario;Asfalto;Pavimento;II;S/D;Urbana;Otra Señal;Funciona;Intersección;Bueno;Buena;Diurna;Buen Tiempo;Múltiple;S/D;Colisión;Ninguna;Horizontal
6356;2021;22/8/2021;Domingo;15:45:00;;0.0;2;Pickup/Utilitario,Moto/Ciclomotor;Reconquista Y Alvear;2;1;0;1;0;0;Calle;FRAY LUIS BELTRÁN;San Lorenzo;Asfalto;No existe;XVII;Dentro;Urbana;Otra Señal;No existe;Intersección;Bueno;Buena;Diurna;Buen Tiempo;Múltiple;S/D;Colisión;Ninguna;S/D
6357;2021;22/8/2021;Domingo;20:30:00;;0.0;1;Moto/Ciclomotor; ;2;2;0;0;0;0;Camino Rural;MONTE VERA;La Capital;Ripio;No existe;I;S/D;Rural;Otra Señal;No existe;Intersección;Con baches;Reducida polvo;Nocturna;Buen Tiempo;Múltiple;S/D;Colisión;Otro;Faltante
6358;2021;22/8/2021;Domingo;13:30:00;;0.0;2;Automóvil,Moto/Ciclomotor;Almirante Brown Y Cullen;2;1;0;1;0;0;Calle;ESPERANZA;Las Colonias;Asfalto;S/D;XI;Dentro;Urbana;Otra Señal;No existe;Intersección;Bueno;Buena;Diurna;Buen Tiempo;Múltiple;S/D;Colisión;Ninguna;S/D
6359;2021;22/8/2021;Domingo;;;0.0;2;Pickup/Utilitario,Moto/Ciclomotor;Av. Los Colonizadores 900;3;1;0;2;0;0;Avenida;ESPERANZA;Las Colonias;Hormigón;S/D;XI;Dentro;Urbana;Otra Señal;S/D;Intersección;Bueno;Buena;Nocturna;S/D;Múltiple;S/D;Colisión;Ninguna;S/D
6360;2021;22/8/2021;Domingo;14:45:00;Ruta Nacional 9;0.0;1;Moto/Ciclomotor; ;1;1;0;0;0;0;Ruta;ARMSTRONG;Belgrano;Asfalto;Pavimento;III;Dentro;Rural;Otra Señal;No existe;Intersección;Con baches;Buena;Diurna;Buen Tiempo;Múltiple;S/D;Colisión;Ninguna;Horizontal
6361;2021;22/8/2021;Domingo;19:30:00;;0.0;2;Automóvil,Moto/Ciclomotor;Dr. Ricardo Fischer Y F Quiroga;2;1;0;1;0;0;Calle;ARMSTRONG;Belgrano;Asfalto;No existe;III;Dentro;Urbana;Otra Señal;No existe;Intersección;Bueno;Buena;Amanecer;Buen Tiempo;Múltiple;S/D;Colisión;Ninguna;Vertical
6362;2021;22/8/2021;Domingo;00:30:00;;0.0;2;Automóvil,Moto/Ciclomotor;Rodríguez Y San Luis;2;1;0;1;0;0;Calle;ROSARIO;Rosario;Asfalto;No existe;II;Dentro;Urbana;Otra Señal;No existe;Intersección;Bueno;Buena;Nocturna,Con luz artificial;Buen Tiempo;Múltiple;S/D;Colisión;Ninguna;Vertical
6363;2021;22/8/2021;Domingo;13:45:00;Autopista Nacional A008;0.0;2;Moto/Ciclomotor,Automóvil;Av. Circunvalación Y Av. Uriburu;2;1;0;1;0;0;Autopista;ROSARIO;Rosario;Asfalto;Pavimento;II;Dentro;Urbana;Otra Señal;No existe;Intersección;Bueno;Buena;Diurna;Buen Tiempo;Múltiple;S/D;Colisión;Ninguna;S/D
6364;2021;22/8/2021;Domingo;;;0.0;2;Automóvil,Moto/Ciclomotor;El Jilguero Y Los Cardenales;2;1;0;1;0;0;Calle;PEREZ;Rosario;Asfalto;Pavimento;II;Dentro;Urbana;Otra Señal;No existe;Intersección;Deteriorada;Buena;Diurna;Buen Tiempo;Múltiple;S/D;Colisión;Ninguna;Faltante
6365;2021;22/8/2021;Domingo;20:30:00;Ruta Nacional 33;0.0;1;Moto/Ciclomotor; ;1;1;0;0;0;0;Ruta;ZAVALLA;Rosario;Asfalto;Natural;II;Dentro;Urbana;Otra Señal;No existe;Intersección;Bueno;Buena;Nocturna;Buen Tiempo;Múltiple;S/D;Colisión;Ninguna;S/D
6366;2021;22/8/2021;Domingo;;;0.0;2;Moto/Ciclomotor,Moto/Ciclomotor;Juan José Castelli Y Félix Goumonde;2;2;0;0;0;0;Calle;VENADO TUERTO;General LÓPEZ;Asfalto;S/D;VIII;Dentro;Urbana;Otra Señal;S/D;Intersección;S/D;S/D;S/D;S/D;Múltiple;S/D;Colisión;S/D;S/D
6367;2021;22/8/2021;Domingo;17:30:00;;0.0;2;Moto/Ciclomotor,Automóvil;Cristóbal Colon ;2;1;0;1;0;0;Calle;VENADO TUERTO;Constitución;Asfalto;S/D;VIII;Dentro;Urbana;Otra Señal;S/D;Intersección;S/D;S/D;S/D;S/D;Múltiple;S/D;Colisión;S/D;S/D
6368;2021;22/8/2021;Domingo;;;0.0;2;Vehículo Oficial,Moto/Ciclomotor;Bernardo de Irigoyen Y Chaco;3;1;0;2;0;0;Calle;SANTA FE;Constitución;S/D;S/D;I;Dentro;Urbana;Otra Señal;S/D;Intersección;S/D;S/D;S/D;S/D;Múltiple;S/D;Colisión;S/D;S/D
6369;2021;22/8/2021;Domingo;;;0.0;3;Moto/Ciclomotor,Peatón,Peatón;Av. Peñaloza Y Reg. 12 de Infantería;3;3;0;0;0;0;Avenida;SANTA FE;Constitución;Asfalto;S/D;I;Dentro;Urbana;Otra Señal;S/D;Intersección;S/D;S/D;S/D;S/D;Múltiple;Peatón;Colisión;S/D;S/D
6370;2021;22/8/2021;Domingo;21:15:00;Ruta Nacional 11;419.0;1;Moto/Ciclomotor; ;1;1;0;0;0;0;Ruta;CORONDA;Constitución;Asfalto;S/D;XV;Dentro;Rural;Otra Señal;S/D;Intersección;S/D;S/D;Nocturna;S/D;Múltiple;S/D;Colisión;S/D;S/D
6371;2021;22/8/2021;Domingo;;;0.0;1;Otros; ;1;0;0;0;1;0;S/D;GRANADERO BAIGORRIA;Constitución;S/D;S/D;II;S/D;S/D;Otra Señal;S/D;Intersección;S/D;S/D;S/D;S/D;Múltiple;S/D;Colisión;S/D;S/D
6372;2021;22/8/2021;Domingo;00:00:00;;0.0;1;Pickup/Utilitario;Pascual Rosas Y 3 De Febrero;2;2;0;0;0;0;Calle;ROSARIO;Constitución;S/D;S/D;II;S/D;Urbana;Otra Señal;S/D;Intersección;S/D;S/D;Nocturna;S/D;Múltiple;S/D;Colisión;S/D;S/D
6373;2021;23/8/2021;Lunes;11:20:00;;0.0;2;Peatón,Camión Chasis;Bv. Oroño Y Av. Arijon;2;0;0;1;1;0;Avenida;ROSARIO;Rosario;Asfalto;Pavimento;II;S/D;Urbana;Otra Señal;Funciona;Intersección;Bueno;Buena;Diurna;Buen Tiempo;Múltiple;Peatón;Colisión;Ninguna;Horizontal,Vertical
6374;2021;23/8/2021;Lunes;12:00:00;;0.0;2;Moto/Ciclomotor,Automóvil;Vélez Sarsfield Y Ituzaingó;2;1;0;1;0;0;Calle;SANTA FE;La Capital;Asfalto;No existe;I;Dentro;Urbana;Otra Señal;No existe;Intersección;Bueno;S/D;Diurna;S/D;Múltiple;S/D;Colisión;S/D;S/D
6375;2021;23/8/2021;Lunes;08:45:00;;0.0;2;Bicicleta,Automóvil;Urquiza Y Pueyrredón;2;1;0;1;0;0;Calle;ROSARIO;Rosario;Asfalto;S/D;II;Dentro;Urbana;Otra Señal;S/D;Intersección;S/D;S/D;Diurna;S/D;Múltiple;Ciclista;Colisión;S/D;S/D
6376;2021;23/8/2021;Lunes;;;0.0;2;Moto/Ciclomotor,Automóvil;Av. Jorge Cura Y Santiago;2;1;0;1;0;0;Calle;ROSARIO;Rosario;Asfalto;S/D;II;Dentro;Urbana;Otra Señal;S/D;Intersección;S/D;S/D;S/D;S/D;Múltiple;S/D;Colisión;S/D;S/D
6377;2021;23/8/2021;Lunes;09:30:00;;0.0;2;Moto/Ciclomotor,Pickup/Utilitario;Ocampo Y Buenos Aires;2;1;0;1;0;0;Calle;ROSARIO;Rosario;Asfalto;No existe;II;Dentro;Urbana;Otra Señal;No existe;Intersección;Bueno;Buena;Diurna;Buen Tiempo;Múltiple;S/D;Colisión;Ninguna;Faltante
6378;2021;23/8/2021;Lunes;20:05:00;;0.0;2;Automóvil,Moto/Ciclomotor;Alberdi Y Av. Juan Domingo Perón;2;0;0;1;0;0;Avenida;VILLA GOBERNADOR GÁLVEZ;Rosario;Asfalto;No existe;II;Dentro;Urbana;Otra Señal;No existe;Intersección;Con baches;Reducida;Atardecer;Otro;Múltiple;S/D;Colisión;Ninguna;Faltante
6379;2021;23/8/2021;Lunes;07:15:00;Ruta Nacional 168;0.0;1;Automóvil; ;2;2;0;0;0;0;Ruta;SANTA FE;La Capital;Asfalto;S/D;I;Dentro;Urbana;Otra Señal;No existe;Intersección;S/D;S/D;Amanecer;S/D;Múltiple;S/D;Colisión;S/D;S/D
6380;2021;23/8/2021;Lunes;08:30:00;;0.0;1;Moto/Ciclomotor;Iturraspe ;1;1;0;0;0;0;Calle;VENADO TUERTO;General LÓPEZ;Asfalto;S/D;VIII;Dentro;Urbana;Otra Señal;S/D;Intersección;S/D;S/D;S/D;S/D;Múltiple;S/D;Colisión;S/D;S/D
6381;2021;23/8/2021;Lunes;23:40:00;;0.0;2;Moto/Ciclomotor,Camión;Calle 37-Bvard. Lovato Y Calle 8-Chacabuco;2;1;0;1;0;0;Calle;RECONQUISTA;Constitución;Asfalto;S/D;XI;Dentro;Urbana;Otra Señal;S/D;Intersección;S/D;S/D;Nocturna;S/D;Múltiple;S/D;Colisión;S/D;S/D
6382;2021;23/8/2021;Lunes;;Ruta Provincial 65;0.0;1;Camión; ;1;1;0;0;0;0;Ruta;BOUQUET;Constitución;Asfalto;S/D;III;Dentro;Rural;Otra Señal;No existe;Intersección;S/D;S/D;Diurna;S/D;Múltiple;S/D;Colisión;S/D;S/D
6383;2021;23/8/2021;Lunes;14:15:00;Ruta Nacional 178;196.0;1;Automóvil; ;1;1;0;0;0;0;Ruta;LAS ROSAS;Constitución;Asfalto;S/D;III;Dentro;Rural;Otra Señal;S/D;Intersección;S/D;S/D;Diurna;S/D;Múltiple;S/D;Colisión;S/D;S/D
6384;2021;23/8/2021;Lunes;17:00:00;;0.0;1;Moto/Ciclomotor; ;1;1;0;0;0;0;Calle;FORTÍN OLMOS;Constitución;S/D;S/D;XIX;Dentro;Urbana;Otra Señal;S/D;Intersección;S/D;S/D;Diurna;S/D;Múltiple;S/D;Colisión;S/D;S/D
6385;2021;23/8/2021;Lunes;;;0.0;1;Moto/Ciclomotor;MANUEL BELGRANO ;2;2;0;0;0;0;Calle;GARABATO;Constitución;S/D;S/D;XIX;Dentro;Urbana;Otra Señal;S/D;Intersección;S/D;S/D;S/D;S/D;Múltiple;S/D;Colisión;S/D;S/D
6386;2021;23/8/2021;Lunes;13:30:00;;0.0;1;Moto/Ciclomotor;Pje. Lejarza Y Magallanes;1;1;0;0;0;0;Calle;ROSARIO;Constitución;S/D;S/D;II;S/D;S/D;Otra Señal;S/D;Intersección;S/D;S/D;Diurna;S/D;Múltiple;S/D;Colisión;S/D;S/D
6387;2021;23/8/2021;Lunes;21:50:00;Autopista Provincial Brigadier E.LÓPEZ;145.0;2;Peatón,Automóvil; ;2;0;0;1;0;0;Autopista;SANTO TOMÉ;Constitución;Asfalto;No existe;I;Dentro;Urbana;Otra Señal;No existe;Intersección;Deteriorada;Reducida;Diurna;Buen Tiempo;Múltiple;Peatón;Colisión;Ninguna;Faltante
6388;2021;23/8/2021;Lunes;13:50:00;;0.0;2;Moto/Ciclomotor,Pickup/Utilitario;Alberdi Y Sarmiento;2;0;0;1;0;0;Calle;SAN CRISTÓBAL;Constitución;Ripio;No existe;XIII;Dentro;Urbana;Otra Señal;No existe;Intersección;Bueno;Buena;Diurna;Buen Tiempo;Múltiple;S/D;Colisión;Ninguna;Faltante
6389;2021;23/8/2021;Lunes;;;0.0;1;Moto/Ciclomotor; ;1;0;0;0;0;0;S/D;ROSARIO;Rosario;S/D;S/D;II;S/D;S/D;Otra Señal;S/D;Intersección;S/D;S/D;S/D;S/D;Múltiple;S/D;Colisión;S/D;S/D
6390;2021;23/8/2021;Lunes;;;0.0;1;Moto/Ciclomotor; ;1;0;0;0;0;0;S/D;ROSARIO;Rosario;S/D;S/D;II;S/D;S/D;Otra Señal;S/D;Intersección;S/D;S/D;S/D;S/D;Múltiple;S/D;Colisión;S/D;S/D
6391;2021;24/8/2021;Martes;02:50:00;Ruta Nacional 11;860.0;2;Camión c / Acoplado,Camión c / Acoplado;Ruta Nacional 11 ;3;0;0;2;1;0;Ruta;VILLA OCAMPO;General Obligado;Asfalto;Natural;IX;S/D;Rural;Otra Señal;No existe;Intersección;Bueno;S/D;Nocturna;S/D;Múltiple;S/D;Colisión;Ninguna;Faltante
6392;2021;24/8/2021;Martes;;;0.0;2;Bicicleta,Automóvil;Vélez Sarsfield ;2;1;0;1;0;0;Calle;SAN LORENZO;San Lorenzo;Asfalto;S/D;XVII;S/D;S/D;Otra Señal;S/D;Intersección;S/D;S/D;S/D;S/D;Múltiple;S/D;Colisión;S/D;S/D
6393;2021;24/8/2021;Martes;11:00:00;;0.0;2;Pickup/Utilitario,Moto/Ciclomotor;Av. L de la Torre Y Santa Fe;2;1;0;1;0;0;Calle;LAGUNA PAIVA;La Capital;Asfalto;No existe;I;Dentro;Urbana;Otra Señal;No existe;Intersección;Bueno;Buena;Diurna;Buen Tiempo;Múltiple;S/D;Colisión;Ninguna;Faltante
6394;2021;24/8/2021;Martes;10:30:00;;0.0;2;Moto/Ciclomotor,Automóvil;Mariano Comas ;2;1;0;1;0;0;Calle;SANTA FE;La Capital;Asfalto;Pavimento;I;Dentro;Urbana;Otra Señal;No existe;Intersección;Bueno;Buena;Diurna;Buen Tiempo;Múltiple;S/D;Colisión;Ninguna;Faltante
6395;2021;24/8/2021;Martes;07:15:00;Ruta Nacional 11;0.0;2;Moto/Ciclomotor,Automóvil;9 de julio ;2;1;0;1;0;0;Ruta;LA CRIOLLA;San Justo;Asfalto;Ripio;XVI;Dentro;Urbana;Otra Señal;No existe;Intersección;Bueno;Buena;Diurna;Buen Tiempo;Múltiple;S/D;Colisión;Ninguna;Faltante