ID_Accidente;A�o;Fecha;Dia;Hopra;Ruta/Autop;km;Participantes;Tipo;Lugar;Total;Heridos Leves;Heridos Graves;Ilesos;Fallecidos;Sin datos;desc_tipo_via;desc_loc;desc_dpto;|;desc_tipo_banquina;desc_unidad_regional;desc_lugar_calzada;desc_zona;desc_prioridad;desc_estado_semaforo;desc_lugar_via;desc_estado_via;desc_estado_visibilidad;desc_luminosidad;desc_estado_clima;desc_tipo_colision;desc_tipo_atropello;desc_tipo_hecho;desc_pres_calzada;desc_senializacion
6396;2021;24/8/2021;Martes;14:00:00;;0.0;2;Moto/Ciclomotor,Automóvil;Entre Ríos Y Gálvez;2;1;0;1;0;0;Calle;ROSARIO;Rosario;Asfalto;No existe;II;Dentro;Urbana;Otra Señal;No existe;Intersección;Bueno;Buena;Diurna;Buen Tiempo;Múltiple;S/D;Colisión;Ninguna;Faltante
6397;2021;24/8/2021;Martes;00:00:00;;0.0;2;Moto/Ciclomotor,Automóvil;Bv. Oroño Y Montevideo;2;1;0;1;0;0;Calle;ROSARIO;Rosario;Asfalto;No existe;II;Dentro;Urbana;Otra Señal;No existe;Intersección;Bueno;Buena;Nocturna,Con luz artificial;Buen Tiempo;Múltiple;S/D;Colisión;Ninguna;Faltante
6398;2021;24/8/2021;Martes;16:30:00;;0.0;2;Automóvil,Moto/Ciclomotor;Entre Ríos Y Salta;3;1;0;2;0;0;Calle;ROSARIO;Rosario;Asfalto;No existe;II;Dentro;Urbana;Otra Señal;No existe;Intersección;Bueno;Buena;Diurna;Buen Tiempo;Múltiple;S/D;Colisión;Ninguna;Faltante
6399;2021;24/8/2021;Martes;12:15:00;;0.0;2;Moto/Ciclomotor,Pickup/Utilitario;Moreno Y Belgrano;2;1;0;1;0;0;Calle;VILLA TRINIDAD;San CRISTÓBAL;Hormigón;No existe;XIII;Dentro;Urbana;Otra Señal;No existe;Intersección;Bueno;Buena;Diurna;Buen Tiempo;Múltiple;S/D;Colisión;Ninguna;Vertical
6400;2021;24/8/2021;Martes;15:30:00;;0.0;2;Moto/Ciclomotor,Moto/Ciclomotor;Avenida Irigoyen Y Avenida Mitre;2;2;0;0;0;0;Avenida;CERES;San CRISTÓBAL;Asfalto;No existe;XIII;Dentro;Urbana;Otra Señal;No existe;Intersección;Bueno;Buena;Diurna;Buen Tiempo;Múltiple;S/D;Colisión;Ninguna;Faltante
6401;2021;24/8/2021;Martes;10:50:00;;0.0;2;Automóvil,Pickup/Utilitario;Vélez Sarsfield Y Mariano Moreno;4;4;0;0;0;0;Calle;VENADO TUERTO;Constitución;Asfalto;S/D;VIII;Dentro;Urbana;Otra Señal;S/D;Intersección;S/D;S/D;Diurna;S/D;Múltiple;S/D;Colisión;S/D;S/D
6402;2021;24/8/2021;Martes;12:00:00;;0.0;2;Moto/Ciclomotor,Automóvil;Alberdi Juan Bautista ;2;1;0;1;0;0;Calle;VENADO TUERTO;Constitución;Asfalto;S/D;VIII;Dentro;Urbana;Otra Señal;S/D;Intersección;S/D;S/D;Diurna;S/D;Múltiple;S/D;Colisión;S/D;S/D
6403;2021;24/8/2021;Martes;;;0.0;2;Bicicleta,Automóvil; ;2;1;0;1;0;0;S/D;CARRERAS;Constitución;S/D;S/D;VIII;S/D;S/D;Otra Señal;S/D;Intersección;S/D;S/D;S/D;S/D;Múltiple;Ciclista;Colisión;S/D;S/D
6404;2021;24/8/2021;Martes;10:30:00;;0.0;2;Automóvil,Moto/Ciclomotor;Gurruchaga Y A.Maza;2;1;0;0;0;1;Calle;ROSARIO;Constitución;S/D;S/D;II;S/D;S/D;Otra Señal;S/D;Intersección;S/D;S/D;Diurna;S/D;Múltiple;S/D;Colisión;S/D;S/D
6405;2021;24/8/2021;Martes;23:00:00;;0.0;1;Moto/Ciclomotor;Córdoba Y Dorrego;1;1;0;0;0;0;Calle;ROSARIO;Constitución;S/D;S/D;II;S/D;Urbana;Otra Señal;S/D;Intersección;S/D;S/D;Nocturna;S/D;Múltiple;S/D;Colisión;S/D;S/D
6406;2021;24/8/2021;Martes;14:00:00;;0.0;1;Peatón;Gálvez 2800;1;1;0;0;0;0;Calle;ROSARIO;Constitución;S/D;S/D;II;S/D;Urbana;Otra Señal;S/D;Intersección;S/D;S/D;Diurna;S/D;Múltiple;S/D;Colisión;S/D;S/D
6407;2021;24/8/2021;Martes;20:30:00;;0.0;2;Moto/Ciclomotor,Pickup/Utilitario;Azcuénaga Y Caseros;3;1;0;1;0;0;Calle;SAN CRISTÓBAL;Constitución;Asfalto;No existe;XIII;Dentro;Urbana;Otra Señal;No existe;Intersección;Bueno;Buena;Nocturna,Con luz artificial;Buen Tiempo;Múltiple;S/D;Colisión;Ninguna;Faltante
6408;2021;24/8/2021;Martes;;;0.0;2;Moto/Ciclomotor,Automóvil;Nicolas Avellaneda Y Maipú;2;0;0;1;0;0;Calle;CAÑADA DE GÓMEZ;Constitución;S/D;S/D;X;Dentro;Urbana;Otra Señal;S/D;Intersección;S/D;S/D;Diurna;S/D;Múltiple;S/D;Colisión;S/D;S/D
6409;2021;25/8/2021;Miercoles;20:00:00;Ruta Provincial 14;137.0;2;Moto/Ciclomotor,Pickup/Utilitario; ;2;1;0;0;1;0;Ruta;CHAPUY;General LÓPEZ;Asfalto;Pavimento;VIII;S/D;Rural;Otra Señal;No existe;Intersección;Bueno;S/D;Nocturna;S/D;Múltiple;S/D;Colisión;Ninguna;Faltante
6410;2021;25/8/2021;Miercoles;15:00:00;Ruta Nacional A012;0.0;2;Moto/Ciclomotor,Pickup/Utilitario;Vélez Sarsfield ;2;1;0;1;0;0;Ruta;SAN LORENZO;San Lorenzo;Asfalto;S/D;XVII;Dentro;Urbana;Otra Señal;S/D;Intersección;S/D;S/D;Diurna;S/D;Múltiple;S/D;Colisión;S/D;S/D
6411;2021;25/8/2021;Miercoles;18:25:00;;0.0;2;Moto/Ciclomotor,Otros;HILARIO SABRINO 1300;3;2;0;1;0;0;Calle;SANTO TOMÉ;La Capital;Ripio;No existe;I;Dentro;Urbana;Otra Señal;No existe;Intersección;Bueno;Buena;Atardecer;Buen Tiempo;Múltiple;S/D;Colisión;Ninguna;Faltante
6412;2021;25/8/2021;Miercoles;17:00:00;;0.0;2;Automóvil,Automóvil;Saavedra Y Maipú;2;1;0;1;0;0;Calle;ROSARIO;Rosario;Asfalto;No existe;II;Dentro;Urbana;Otra Señal;No existe;Intersección;Bueno;Buena;Diurna;Buen Tiempo;Múltiple;S/D;Colisión;Ninguna;Vertical
6413;2021;25/8/2021;Miercoles;08:05:00;;0.0;2;Moto/Ciclomotor,Automóvil;Bv. Seguí Y Mariano Moreno;2;1;0;1;0;0;Avenida;ROSARIO;Rosario;Asfalto;No existe;II;Dentro;Urbana;Otra Señal;No existe;Intersección;Bueno;Buena;Diurna;Buen Tiempo;Múltiple;S/D;Colisión;Ninguna;Faltante
6414;2021;25/8/2021;Miercoles;17:15:00;;0.0;2;Taxi/Remis,Moto/Ciclomotor;Ayacucho 6500;3;2;0;1;0;0;Calle;ROSARIO;Rosario;Asfalto;No existe;II;Dentro;Urbana;Otra Señal;No existe;Intersección;Bueno;Buena;Diurna;Buen Tiempo;Múltiple;S/D;Colisión;Ninguna;Faltante
6415;2021;25/8/2021;Miercoles;07:50:00;Ruta Secundaria 22-s;0.0;2;Transporte de Pasajeros Urbano (> 8 asientos),Bicicleta;Ruta Prov. 22 S ;2;1;0;1;0;0;Ruta;VILLA GOBERNADOR GÁLVEZ;Rosario;Asfalto;Ripio;II;Dentro;Rural;Otra Señal;No existe;Intersección;Bueno;Buena;Diurna;Buen Tiempo;Múltiple;Ciclista;Colisión;Material Suelto;Faltante
6416;2021;25/8/2021;Miercoles;;;0.0;1;Moto/Ciclomotor;Mendoza Y Gral. Obligado;2;2;0;0;0;0;Calle;VILLA GUILLERMINA;Constitución;Asfalto;S/D;IX;Dentro;Urbana;Otra Señal;S/D;Intersección;S/D;S/D;S/D;S/D;Múltiple;S/D;Colisión;S/D;S/D
6417;2021;25/8/2021;Miercoles;;;0.0;1;Moto/Ciclomotor; ;1;1;0;0;0;0;Calle;ALTO VERDE;Constitución;S/D;S/D;I;Dentro;Urbana;Otra Señal;S/D;Intersección;S/D;S/D;S/D;S/D;Múltiple;S/D;Colisión;S/D;S/D
6418;2021;25/8/2021;Miercoles;;;0.0;2;Bicicleta,Pickup/Utilitario;Necochea Y Ángel Cassanello;2;1;0;1;0;0;Calle;SANTA FE;Constitución;Asfalto;S/D;I;Dentro;Urbana;Otra Señal;S/D;Intersección;S/D;S/D;S/D;S/D;Múltiple;Ciclista;Colisión;S/D;S/D
6419;2021;25/8/2021;Miercoles;20:00:00;;0.0;1;Moto/Ciclomotor; ;1;1;0;0;0;0;S/D;ROSARIO;Constitución;S/D;S/D;II;S/D;S/D;Otra Señal;S/D;Intersección;S/D;S/D;Nocturna;S/D;Múltiple;S/D;Colisión;S/D;S/D
6420;2021;25/8/2021;Miercoles;20:00:00;;0.0;1;Moto/Ciclomotor;Liniers Y Rueda;1;1;0;0;0;0;Calle;ROSARIO;Constitución;S/D;S/D;II;S/D;Urbana;Otra Señal;S/D;Intersección;S/D;S/D;Nocturna;S/D;Múltiple;S/D;Colisión;S/D;S/D
6421;2021;25/8/2021;Miercoles;;;0.0;1;Moto/Ciclomotor; ;1;0;0;0;0;0;S/D;ROSARIO;Rosario;S/D;S/D;II;S/D;S/D;Otra Señal;S/D;Intersección;S/D;S/D;S/D;S/D;Múltiple;S/D;Colisión;S/D;S/D
6422;2021;26/8/2021;Jueves;11:05:00;Ruta Nacional 11;0.0;2;Moto/Ciclomotor,Automóvil;Av. San Martin Y Rivadavia;2;1;0;1;0;0;Ruta;SAN LORENZO;San Lorenzo;Asfalto;No existe;XVII;Dentro;Urbana;Otra Señal;No existe;Intersección;Bueno;S/D;Diurna;S/D;De alcance,Múltiple;S/D;Colisión;Ninguna;Horizontal
6423;2021;26/8/2021;Jueves;15:00:00;Autopista Provincial Brigadier E.LÓPEZ;15.0;2;Automóvil,Pickup/Utilitario; ;3;1;0;0;2;0;Autopista;SAN LORENZO;San Lorenzo;Asfalto;Pavimento;XVII;S/D;Rural;Otra Señal;No existe;Intersección;Bueno;Reducida humo;Diurna;S/D;Múltiple;S/D;Colisión;Ninguna;Faltante
6424;2021;26/8/2021;Jueves;16:00:00;;0.0;2;Camión Chasis,Moto/Ciclomotor;Corrientes Y Rivadavia;2;1;0;1;0;0;Calle;VERA;Vera;Asfalto;No existe;XIX;S/D;Urbana;Otra Señal;No existe;Intersección;Bueno;Buena;Diurna;Buen Tiempo;Múltiple;S/D;Colisión;Ninguna;Faltante
6425;2021;26/8/2021;Jueves;16:45:00;;0.0;2;Bicicleta,Moto/Ciclomotor;E Alemán ;3;2;0;1;0;0;Calle;VERA;Vera;Asfalto;No existe;XIX;Dentro;Urbana;Otra Señal;No existe;Intersección;Bueno;Buena;Diurna;Buen Tiempo;Múltiple;S/D;Colisión;Ninguna;Faltante
6426;2021;26/8/2021;Jueves;14:50:00;;0.0;2;Peatón,Moto/Ciclomotor;Av. Uriburu 1162;2;2;0;0;0;0;Avenida;ROSARIO;Rosario;Asfalto;No existe;II;Dentro;Urbana;Otra Señal;No existe;Intersección;Bueno;Buena;Diurna;Buen Tiempo;Múltiple;Peatón;Colisión;Ninguna;Faltante
6427;2021;26/8/2021;Jueves;09:05:00;Autopista Nacional Rosario -Cordoba;301.0;4;Automóvil,Pickup/Utilitario,Automóvil,Automóvil; ;8;4;0;4;0;0;Autopista;ROSARIO;Rosario;Asfalto;Natural;II;Dentro;Rural;Otra Señal;No existe;Intersección;Bueno;Buena;Diurna;Buen Tiempo;Múltiple;S/D;Colisión;Ninguna;S/D
6428;2021;26/8/2021;Jueves;16:40:00;Autopista Nacional A008;0.0;4;Peatón,Moto/Ciclomotor,Camión,Automóvil;Av. Circunvalación Y Av. Pellegrini;4;2;0;2;0;0;Autopista;ROSARIO;Rosario;Asfalto;No existe;II;Dentro;Urbana;Otra Señal;No existe;Intersección;S/D;Buena;Diurna;Buen Tiempo;Múltiple;Peatón;Colisión;Ninguna;Faltante
6429;2021;26/8/2021;Jueves;11:30:00;Ruta Secundaria 20-s;0.0;1;Automóvil; ;1;1;0;0;0;0;Ruta;ACEBAL;Rosario;Asfalto;Natural;II;Dentro;Rural;Otra Señal;No existe;Intersección;Deteriorada;Buena;Diurna;Buen Tiempo;Múltiple;S/D;Colisión;Ninguna;Faltante
6430;2021;26/8/2021;Jueves;12:45:00;Ruta Nacional 8;0.0;2;Pickup/Utilitario,Camión; ;2;1;0;1;0;0;Ruta;VENADO TUERTO;Constitución;Asfalto;S/D;VIII;Dentro;Rural;Otra Señal;No existe;Intersección;S/D;S/D;Diurna;S/D;Múltiple;S/D;Colisión;S/D;S/D
6431;2021;26/8/2021;Jueves;;;0.0;2;Automóvil,Moto/Ciclomotor;Av. Luis Fanti Y M Oliber;2;1;0;1;0;0;Calle;RAFAELA;Constitución;Asfalto;S/D;V;Dentro;Urbana;Otra Señal;S/D;Intersección;S/D;S/D;S/D;S/D;Múltiple;S/D;Colisión;S/D;S/D
6432;2021;26/8/2021;Jueves;;;0.0;2;Moto/Ciclomotor,Automóvil;9 de julio Y J Macia;2;1;0;1;0;0;Calle;SANTO TOMÉ;Constitución;Asfalto;S/D;I;Dentro;Urbana;Otra Señal;S/D;Intersección;S/D;S/D;S/D;S/D;Múltiple;S/D;Colisión;S/D;S/D
6433;2021;26/8/2021;Jueves;17:00:00;;0.0;2;Moto/Ciclomotor,Automóvil;Buenos Aires Y Chile;2;1;0;1;0;0;Calle;CASILDA;Constitución;S/D;S/D;IV;Dentro;Urbana;Otra Señal;S/D;Intersección;S/D;S/D;Diurna;S/D;Múltiple;S/D;Colisión;S/D;S/D
6434;2021;26/8/2021;Jueves;10:00:00;;0.0;1;Bicicleta;Córdoba Y Bv. Wilde;1;1;0;0;0;0;Avenida;ROSARIO;Constitución;S/D;S/D;II;S/D;S/D;Otra Señal;S/D;Intersección;S/D;S/D;Diurna;S/D;Múltiple;S/D;Colisión;S/D;S/D
6435;2021;26/8/2021;Jueves;20:30:00;;0.0;1;Peatón;Gaboto Y P.L.Funes;1;1;0;0;0;0;Calle;ROSARIO;Constitución;S/D;S/D;II;S/D;S/D;Otra Señal;S/D;Intersección;S/D;S/D;Nocturna;S/D;Múltiple;S/D;Colisión;S/D;S/D
6436;2021;26/8/2021;Jueves;19:00:00;;0.0;2;Moto/Ciclomotor,Moto/Ciclomotor;Vélez Sarsfield Y P.L.Funes;2;2;0;0;0;0;Calle;ROSARIO;Constitución;S/D;S/D;II;S/D;S/D;Otra Señal;S/D;Intersección;S/D;S/D;Nocturna;S/D;Múltiple;S/D;Colisión;S/D;S/D
6437;2021;26/8/2021;Jueves;14:30:00;;0.0;2;Moto/Ciclomotor,Automóvil;Av. Arijon Y España;2;0;0;1;0;0;Avenida;ROSARIO;Constitución;Asfalto;Pavimento;II;Dentro;Urbana;Otra Señal;Funciona;Intersección;Bueno;Buena;Diurna;Buen Tiempo;Múltiple;S/D;Colisión;Ninguna;Horizontal,Vertical
6438;2021;26/8/2021;Jueves;;Ruta Nacional A012;0.0;2;Automóvil,Camión c / Acoplado; ;2;0;0;1;0;0;Ruta;RICARDONE;Constitución;Asfalto;S/D;XVII;Dentro;Rural;Otra Señal;No existe;Intersección;S/D;S/D;Nocturna;S/D;Múltiple;S/D;Colisión;S/D;S/D
6439;2021;27/8/2021;Viernes;18:00:00;;0.0;2;Moto/Ciclomotor,Moto/Ciclomotor;Caseros Y Gral. Paz;2;2;0;0;0;0;Calle;SAN CRISTÓBAL;San CRISTÓBAL;Asfalto;No existe;XIII;Dentro;Urbana;Otra Señal;No existe;Intersección;Bueno;Buena;Diurna;Buen Tiempo;Múltiple;S/D;Colisión;Ninguna;Vertical
6440;2021;27/8/2021;Viernes;17:15:00;;0.0;2;Moto/Ciclomotor,Otros;Las Heras Y San José;3;3;0;0;0;0;Calle;LAGUNA PAIVA;La Capital;Tierra;No existe;I;Dentro;Urbana;Otra Señal;No existe;Intersección;Bueno;Buena;Diurna;Buen Tiempo;Múltiple;S/D;Colisión;Ninguna;Faltante
6441;2021;27/8/2021;Viernes;17:30:00;;0.0;2;Moto/Ciclomotor,Automóvil;Alvear Y Maipú;2;1;0;1;0;0;Calle;SANTA FE;La Capital;Asfalto;No existe;I;Dentro;Urbana;Otra Señal;No existe;Intersección;Bueno;S/D;Diurna;S/D;Múltiple;S/D;Colisión;S/D;S/D
6442;2021;27/8/2021;Viernes;15:30:00;;0.0;2;Transporte de Pasajeros (H/ 8 asientos),Moto/Ciclomotor;General Manuel Belgrano 3100;2;1;0;1;0;0;Calle;SANTO TOMÉ;La Capital;Asfalto;No existe;I;Dentro;Urbana;Otra Señal;No existe;Intersección;Bueno;Buena;Diurna;Buen Tiempo;Múltiple;S/D;Colisión;Ninguna;Horizontal
6443;2021;27/8/2021;Viernes;15:35:00;;0.0;2;Automóvil,Moto/Ciclomotor;Saavedra Y Bernardino Rivadavia;2;1;0;1;0;0;Calle;FRANCK;Las Colonias;Asfalto;No existe;XI;Dentro;Urbana;Otra Señal;No existe;Intersección;Bueno;Buena;Diurna;Buen Tiempo;Múltiple;S/D;Colisión;Ninguna;Vertical
6444;2021;27/8/2021;Viernes;14:00:00;;0.0;2;Moto/Ciclomotor,Moto/Ciclomotor; ;2;2;0;0;0;0;Calle;ESPERANZA;Las Colonias;Asfalto;Pavimento;XI;Dentro;Urbana;Otra Señal;No existe;Intersección;Bueno;Buena;Diurna;Buen Tiempo;Múltiple;S/D;Colisión;Ninguna;Horizontal
6445;2021;27/8/2021;Viernes;22:10:00;;0.0;2;Peatón,Taxi/Remis;3 De Febrero Y Dorrego;2;1;0;1;0;0;Calle;ROSARIO;Rosario;Asfalto;No existe;II;Dentro;Urbana;Otra Señal;No existe;Intersección;Bueno;Buena;Nocturna,Con luz artificial;Buen Tiempo;Múltiple;Peatón;Colisión;Ninguna;Faltante
6446;2021;27/8/2021;Viernes;17:50:00;;0.0;2;Moto/Ciclomotor,Automóvil;J.J.Paso Y Rep. Dominicana;2;1;0;1;0;0;Calle;ROSARIO;Rosario;Asfalto;S/D;II;Dentro;Urbana;Otra Señal;Funciona;Intersección;Bueno;Buena;Atardecer;Buen Tiempo;Múltiple;S/D;Colisión;Ninguna;S/D
6447;2021;27/8/2021;Viernes;21:05:00;;0.0;2;Moto/Ciclomotor,Automóvil;Mitre Y Bv. Seguí;2;1;0;1;0;0;Avenida;ROSARIO;Rosario;Asfalto;No existe;II;Dentro;Urbana;Otra Señal;No existe;Intersección;Bueno;S/D;Nocturna;Buen Tiempo;Múltiple;S/D;Colisión;Ninguna;Vertical
6448;2021;27/8/2021;Viernes;19:20:00;;0.0;2;Automóvil,Automóvil;Entre Ríos Y Dean Funes;4;2;0;2;0;0;Calle;ROSARIO;Rosario;Asfalto;No existe;II;Dentro;Urbana;Otra Señal;No existe;Intersección;Bueno;Buena;Atardecer;Buen Tiempo;Múltiple;S/D;Colisión;Ninguna;Faltante
6449;2021;27/8/2021;Viernes;08:05:00;Ruta Nacional 9;0.0;2;Moto/Ciclomotor,Automóvil;Perón Y Ruta Nacional 9;2;1;0;1;0;0;Ruta;FUNES;Rosario;Asfalto;Pavimento;II;Dentro;Urbana;Otra Señal;No existe;Intersección;Bueno;Buena;Diurna;Buen Tiempo;Múltiple;S/D;Colisión;Ninguna;Faltante
6450;2021;27/8/2021;Viernes;09:45:00;;0.0;2;Moto/Ciclomotor,Peatón;Ing. Mosconi Y Falucho;2;0;0;1;0;0;Calle;VILLA GOBERNADOR GÁLVEZ;Rosario;Asfalto;No existe;II;S/D;Urbana;Otra Señal;No existe;Intersección;Con baches;Buena;Diurna;Otro;Múltiple;Peatón;Colisión;Ninguna;Faltante
6451;2021;27/8/2021;Viernes;15:30:00;;0.0;2;Moto/Ciclomotor,Moto/Ciclomotor;Av. Filipini Y Sáenz PEÑA;3;2;0;1;0;0;Avenida;VILLA GOBERNADOR GÁLVEZ;Rosario;Asfalto;No existe;II;Dentro;Urbana;Otra Señal;No existe;Intersección;Con baches;Buena;Diurna;Otro;Múltiple;S/D;Colisión;Ninguna;Faltante
6452;2021;27/8/2021;Viernes;21:55:00;;0.0;2;Automóvil,Moto/Ciclomotor;Calle 18-Belgrano 659;2;1;0;1;0;0;Calle;RECONQUISTA;General Obligado;Asfalto;No existe;IX;S/D;Urbana;Otra Señal;No existe;Intersección;Bueno;Buena;Nocturna;Buen Tiempo;Múltiple;S/D;Colisión;Ninguna;Horizontal,Vertical
6453;2021;27/8/2021;Viernes;14:15:00;Ruta Provincial 1;0.5;2;Moto/Ciclomotor,Automóvil; ;2;1;0;1;0;0;Ruta;COLASTINE;La Capital;Asfalto;Pavimento;I;Dentro;Rural;Otra Señal;S/D;Intersección;S/D;S/D;Diurna;S/D;Múltiple;S/D;Colisión;S/D;S/D
6454;2021;27/8/2021;Viernes;07:30:00;;0.0;2;Moto/Ciclomotor,Automóvil;Quintana Y Junín;2;1;0;1;0;0;Calle;VENADO TUERTO;Constitución;Asfalto;S/D;VIII;Dentro;Urbana;Otra Señal;S/D;Intersección;S/D;S/D;Diurna;S/D;Múltiple;S/D;Colisión;S/D;S/D
6455;2021;27/8/2021;Viernes;19:30:00;;0.0;2;Automóvil,Pickup/Utilitario;Av. Peñaloza Y J Castelli;4;2;0;2;0;0;Avenida;SANTA FE;Constitución;Asfalto;S/D;I;Dentro;Urbana;Otra Señal;S/D;Intersección;S/D;S/D;Atardecer;S/D;Múltiple;S/D;Colisión;S/D;S/D
6456;2021;27/8/2021;Viernes;00:00:00;;0.0;1;Moto/Ciclomotor;Bv. Avellaneda Y San Juan;1;1;0;0;0;0;Calle;ROSARIO;Constitución;S/D;S/D;II;S/D;Urbana;Otra Señal;S/D;Intersección;S/D;S/D;Nocturna;S/D;Múltiple;S/D;Colisión;S/D;S/D
6457;2021;27/8/2021;Viernes;17:00:00;;0.0;1;Moto/Ciclomotor;Bv. Avellaneda Y Gaboto;1;1;0;0;0;0;Avenida;ROSARIO;Constitución;S/D;S/D;II;S/D;Urbana;Otra Señal;S/D;Intersección;S/D;S/D;Diurna;S/D;Múltiple;S/D;Colisión;S/D;S/D
6458;2021;27/8/2021;Viernes;18:00:00;;0.0;2;Automóvil,Automóvil;Av. Corrientes Y Gaboto;2;1;0;0;0;1;Avenida;ROSARIO;Constitución;S/D;S/D;II;Dentro;S/D;Otra Señal;S/D;Intersección;S/D;S/D;Diurna;S/D;Múltiple;S/D;Colisión;S/D;S/D
6459;2021;27/8/2021;Viernes;;;0.0;1;Moto/Ciclomotor; ;1;0;0;0;0;0;S/D;ROSARIO;Rosario;S/D;S/D;II;S/D;S/D;Otra Señal;S/D;Intersección;S/D;S/D;S/D;S/D;Múltiple;S/D;Colisión;S/D;S/D
6460;2021;28/8/2021;Sabado;16:28:00;Ruta Nacional 34;188.0;1;Pickup/Utilitario; ;2;1;0;0;1;0;Ruta;ANGÉLICA;Castellanos;Tierra;No existe;V;S/D;Rural;Otra Señal;No existe;Intersección;Bueno;Buena;Diurna;Buen Tiempo;Múltiple;S/D;Colisión;S/D;Faltante
6461;2021;28/8/2021;Sabado;03:00:00;Ruta Provincial 23;22.0;1;Automóvil; ;3;2;0;0;1;0;Ruta;SAN GUILLERMO;San CRISTÓBAL;Asfalto;Natural;XIII;Fuera;Rural;Otra Señal;No existe;Intersección;Bueno;S/D;Nocturna;Buen Tiempo;Múltiple;S/D;Colisión;Ninguna;Faltante
6462;2021;28/8/2021;Sabado;05:10:00;Ruta Secundaria 292-s;9.0;1;Moto/Ciclomotor;12 de Octubre Y Av. Eduardo Minetti;2;0;0;0;2;0;Ruta;VILLA MINETTI;9 de Julio;Asfalto;S/D;XII;S/D;Urbana;Otra Señal;S/D;Intersección;S/D;S/D;Nocturna;S/D;Múltiple;S/D;Colisión;S/D;S/D
6463;2021;28/8/2021;Sabado;17:10:00;Ruta Nacional 11;0.0;1;Automóvil; ;2;1;0;1;0;0;Ruta;VERA;Vera;Asfalto;Natural;XIX;Dentro;Rural;Otra Señal;No existe;Intersección;Bueno;Buena;Diurna;Buen Tiempo;Múltiple;S/D;Colisión;Ninguna;Faltante
6464;2021;28/8/2021;Sabado;16:30:00;;0.0;1;Moto/Ciclomotor;Soldado Gómez 1362;1;1;0;0;0;0;Calle;VERA;Vera;Tierra;No existe;XIX;Dentro;Urbana;Otra Señal;No existe;Intersección;Bueno;Buena;Diurna;Buen Tiempo;Múltiple;S/D;Colisión;Ninguna;Faltante
6465;2021;28/8/2021;Sabado;10:50:00;;0.0;2;Peatón,Moto/Ciclomotor;Rivadavia Y Corrientes;2;1;0;0;0;1;Calle;VERA;Vera;Asfalto;No existe;XIX;S/D;Urbana;Otra Señal;No existe;Intersección;Con baches;Buena;Nocturna;Buen Tiempo;Múltiple;Ciclista;Colisión;Ninguna;Faltante
6466;2021;28/8/2021;Sabado;13:25:00;Autopista Provincial Brigadier E.LÓPEZ;11.0;2;Automóvil,Automóvil; ;3;3;0;0;0;0;Autopista;FRAY LUIS BELTRÁN;San Lorenzo;Asfalto;No existe;XVII;Dentro;Rural;Otra Señal;No existe;Intersección;Bueno;S/D;Diurna;Buen Tiempo;Múltiple;S/D;Colisión;Ninguna;Faltante
6467;2021;28/8/2021;Sabado;08:45:00;;0.0;1;Moto/Ciclomotor; ;1;1;0;0;0;0;Calle;SAN LORENZO;San Lorenzo;Asfalto;S/D;XVII;Dentro;Urbana;Otra Señal;S/D;Intersección;S/D;S/D;Diurna;S/D;Múltiple;S/D;Colisión;S/D;S/D
6468;2021;28/8/2021;Sabado;17:20:00;;0.0;2;Automóvil,Automóvil;Alvear Y Pje Grilli;2;2;0;0;0;0;Calle;SANTA FE;La Capital;Asfalto;No existe;I;Dentro;Urbana;Otra Señal;No existe;Intersección;Bueno;S/D;Diurna;S/D;Múltiple;S/D;Colisión;S/D;S/D
6469;2021;28/8/2021;Sabado;18:45:00;;0.0;2;Moto/Ciclomotor,Automóvil;Av. A del Valle Y Quintana;2;1;0;1;0;0;Calle;SANTA FE;La Capital;Asfalto;No existe;I;Dentro;Urbana;Otra Señal;No existe;Intersección;Bueno;Buena;Diurna;Buen Tiempo;Múltiple;S/D;Colisión;Ninguna;Vertical
6470;2021;28/8/2021;Sabado;11:20:00;;0.0;2;Automóvil,Moto/Ciclomotor;Domingo Faustino Sarmiento Y Marcos Avellaneda;2;1;0;1;0;0;Calle;ESPERANZA;Las Colonias;Asfalto;S/D;XI;Dentro;Urbana;Otra Señal;No existe;Intersección;Bueno;Buena;Diurna;Buen Tiempo;Múltiple;S/D;Colisión;Ninguna;Vertical
6471;2021;28/8/2021;Sabado;01:20:00;;0.0;2;Peatón,Taxi/Remis;9 De Julio Y Bv. Oroño;2;1;0;1;0;0;Avenida;ROSARIO;Rosario;S/D;No existe;II;Dentro;Urbana;Otra Señal;No existe;Intersección;Bueno;Buena;Nocturna,Con luz artificial;Buen Tiempo;Múltiple;Peatón;Colisión;Ninguna;S/D
6472;2021;28/8/2021;Sabado;14:45:00;;0.0;2;Moto/Ciclomotor,Automóvil;Bv. Seguí Y Mariano Moreno;3;2;0;1;0;0;Calle;ROSARIO;Rosario;Asfalto;No existe;II;Dentro;Urbana;Otra Señal;No existe;Intersección;Bueno;Buena;Diurna;Buen Tiempo;Múltiple;S/D;Colisión;Ninguna;Faltante
6473;2021;28/8/2021;Sabado;13:10:00;Autopista Nacional A008;11.0;2;Automóvil,Automóvil;Av. Circunvalación ;2;2;0;0;0;0;Autopista;ROSARIO;Rosario;Asfalto;S/D;II;Dentro;Rural;Otra Señal;No existe;Intersección;Bueno;Buena;Diurna;Buen Tiempo;Múltiple;S/D;Colisión;Ninguna;S/D
6474;2021;28/8/2021;Sabado;10:00:00;Autopista Nacional Rosario -Cordoba;310.0;1;Pickup/Utilitario; ;2;1;0;1;0;0;Autopista;FUNES;Rosario;Asfalto;Natural;II;Dentro;Rural;Otra Señal;No existe;Intersección;Bueno;Buena;Diurna;Buen Tiempo;Múltiple;S/D;Colisión;Ninguna;Faltante