ID_Accidente;A�o;Fecha;Dia;Hopra;Ruta/Autop;km;Participantes;Tipo;Lugar;Total;Heridos Leves;Heridos Graves;Ilesos;Fallecidos;Sin datos;desc_tipo_via;desc_loc;desc_dpto;|;desc_tipo_banquina;desc_unidad_regional;desc_lugar_calzada;desc_zona;desc_prioridad;desc_estado_semaforo;desc_lugar_via;desc_estado_via;desc_estado_visibilidad;desc_luminosidad;desc_estado_clima;desc_tipo_colision;desc_tipo_atropello;desc_tipo_hecho;desc_pres_calzada;desc_senializacion
6475;2021;28/8/2021;Sabado;23:55:00;Ruta Secundaria 22-s;0.0;2;Moto/Ciclomotor,Automóvil;Pellegrini Y Ruta Prov. 22 S;2;1;0;1;0;0;Ruta;VILLA GOBERNADOR GÁLVEZ;Rosario;Hormigón;No existe;II;Dentro;Urbana;Otra Señal;No existe;Intersección;Bueno;Buena;Nocturna;Buen Tiempo;Múltiple;S/D;Colisión;Material Suelto;Faltante
6476;2021;28/8/2021;Sabado;20:50:00;Ruta Nacional 33;0.0;1;Pickup/Utilitario;Alberdi Juan Bautista Y Ruta Nacional 33;1;1;0;0;0;0;Ruta;VENADO TUERTO;Constitución;Asfalto;S/D;VIII;Dentro;Rural;Otra Señal;S/D;Intersección;S/D;S/D;Nocturna;S/D;Múltiple;S/D;Colisión;S/D;S/D
6477;2021;28/8/2021;Sabado;;;0.0;2;Moto/Ciclomotor,Automóvil;1ro de Mayo Y E Zeballos;2;1;0;1;0;0;Calle;SUNCHALES;Constitución;Asfalto;S/D;V;Dentro;Urbana;Otra Señal;S/D;Intersección;S/D;S/D;S/D;S/D;Múltiple;S/D;Colisión;S/D;S/D
6478;2021;28/8/2021;Sabado;20:10:00;;0.0;2;Automóvil,Moto/Ciclomotor;1 de Mayo Y Moreno;2;1;0;1;0;0;Calle;SAN CARLOS SUR;Constitución;Asfalto;S/D;XI;Dentro;Urbana;Otra Señal;S/D;Intersección;S/D;S/D;Nocturna;S/D;Múltiple;S/D;Colisión;S/D;S/D
6479;2021;28/8/2021;Sabado;20:30:00;;0.0;2;Automóvil,Moto/Ciclomotor;Av. Santa Fe Y Maipú;2;1;0;1;0;0;Calle;CAÑADA DE GÓMEZ;Constitución;Asfalto;S/D;X;Dentro;Urbana;Otra Señal;S/D;Intersección;S/D;S/D;Nocturna;S/D;Múltiple;S/D;Colisión;S/D;S/D
6480;2021;28/8/2021;Sabado;19:30:00;;0.0;2;Automóvil,Automóvil;Concepcion Y Callao;3;1;0;2;0;0;Calle;CAÑADA DE GÓMEZ;Constitución;Asfalto;S/D;X;Dentro;Urbana;Otra Señal;S/D;Intersección;S/D;S/D;Atardecer;S/D;Múltiple;S/D;Colisión;S/D;S/D
6481;2021;28/8/2021;Sabado;;;0.0;2;Moto/Ciclomotor,Automóvil;Rivadavia Y Santiago del Estero;2;1;0;1;0;0;Calle;SANTA FE;Constitución;Asfalto;S/D;I;Dentro;Urbana;Otra Señal;Funciona;Intersección;S/D;S/D;Diurna;S/D;Múltiple;S/D;Colisión;S/D;S/D
6482;2021;28/8/2021;Sabado;;;0.0;1;Automóvil; ;2;2;0;0;0;0;S/D;ESPERANZA;Constitución;S/D;S/D;XI;S/D;S/D;Otra Señal;S/D;Intersección;S/D;S/D;S/D;S/D;Múltiple;S/D;Colisión;S/D;S/D
6483;2021;28/8/2021;Sabado;13:50:00;Autopista Provincial Brigadier E.LÓPEZ;100.0;1;Automóvil; ;3;3;0;0;0;0;Autopista;AROCENA;Constitución;Asfalto;S/D;XV;Dentro;Rural;Otra Señal;S/D;Intersección;S/D;S/D;Diurna;S/D;Múltiple;S/D;Colisión;S/D;S/D
6484;2021;28/8/2021;Sabado;08:00:00;;0.0;1;Moto/Ciclomotor; ;1;1;0;0;0;0;S/D;ROSARIO;Constitución;S/D;S/D;II;S/D;S/D;Otra Señal;S/D;Intersección;S/D;S/D;Diurna;S/D;Múltiple;S/D;Colisión;S/D;S/D
6485;2021;28/8/2021;Sabado;08:40:00;;0.0;1;Moto/Ciclomotor;Av. Pellegrini Y Balcarce;1;1;0;0;0;0;Avenida;ROSARIO;Constitución;S/D;S/D;II;S/D;Urbana;Otra Señal;S/D;Intersección;S/D;S/D;Diurna;S/D;Múltiple;S/D;Colisión;S/D;S/D
6486;2021;28/8/2021;Sabado;14:30:00;;0.0;2;Moto/Ciclomotor,Automóvil;Rivadavia Y Buenos Aires;2;0;0;1;0;0;Calle;VERA;Constitución;Asfalto;No existe;XIX;Dentro;Urbana;Otra Señal;No existe;Intersección;Bueno;Buena;Nocturna;Buen Tiempo;Múltiple;S/D;Colisión;Ninguna;Faltante
6487;2021;28/8/2021;Sabado;;;0.0;2;Moto/Ciclomotor,Camión;Luis Maggi Y Lisandro de la Torre;2;0;0;1;0;0;Calle;RAFAELA;Constitución;Asfalto;S/D;V;Dentro;Urbana;Otra Señal;S/D;Intersección;S/D;S/D;S/D;S/D;Múltiple;S/D;Colisión;S/D;S/D
6488;2021;28/8/2021;Sabado;;;0.0;2;Peatón,Otros; ;2;0;0;0;0;1;S/D;ROSARIO;Rosario;S/D;S/D;II;S/D;S/D;Otra Señal;S/D;Intersección;S/D;S/D;S/D;S/D;Múltiple;Peatón;Colisión;S/D;S/D
6489;2021;28/8/2021;Sabado;;;0.0;1;Moto/Ciclomotor; ;1;0;0;0;0;0;S/D;ROSARIO;Rosario;S/D;S/D;II;S/D;S/D;Otra Señal;S/D;Intersección;S/D;S/D;S/D;S/D;Múltiple;S/D;Colisión;S/D;S/D
6490;2021;28/8/2021;Sabado;;;0.0;1;Moto/Ciclomotor; ;1;0;0;0;0;0;S/D;ROSARIO;Rosario;S/D;S/D;II;S/D;S/D;Otra Señal;S/D;Intersección;S/D;S/D;S/D;S/D;Múltiple;S/D;Colisión;S/D;S/D
6491;2021;29/8/2021;Domingo;07:30:00;;0.0;1;Moto/Ciclomotor;Bv. Avellaneda Y Del Valle Iberlucea;2;1;0;0;1;0;Calle;ROSARIO;Rosario;Asfalto;No existe;II;S/D;Urbana;Otra Señal;Funciona;Intersección;Bueno;Buena;Diurna;Buen Tiempo;Múltiple;S/D;Colisión;Ninguna;Horizontal,Vertical
6492;2021;29/8/2021;Domingo;23:45:00;;0.0;1;Moto/Ciclomotor;Calle 1706 Y Calle 1709;1;0;0;0;1;0;Calle;ROSARIO;Rosario;Asfalto,Tierra;No existe;II;S/D;Urbana;Otra Señal;No existe;Intersección;Bueno;S/D;Nocturna;S/D;Múltiple;S/D;Colisión;Ninguna;Faltante
6493;2021;29/8/2021;Domingo;19:20:00;;0.0;2;Moto/Ciclomotor,Moto/Ciclomotor;América Y Rosario;3;2;0;1;0;0;Calle;PUERTO SAN MARTÍN;San Lorenzo;Asfalto;No existe;XVII;Dentro;Urbana;Otra Señal;No existe;Intersección;Bueno;Buena;Atardecer;Buen Tiempo;Múltiple;S/D;Colisión;Ninguna;Horizontal
6494;2021;29/8/2021;Domingo;18:10:00;;0.0;2;Automóvil,Moto/Ciclomotor;Saavedra ;4;1;0;3;0;0;Calle;FRAY LUIS BELTRÁN;San Lorenzo;Tierra;No existe;XVII;Dentro;Urbana;Otra Señal;No existe;Intersección;Con baches;Buena;Atardecer;Otro;Múltiple;S/D;Colisión;Ninguna;Faltante
6495;2021;29/8/2021;Domingo;23:30:00;;0.0;2;Moto/Ciclomotor,Automóvil;Castellanos 1800;2;1;0;1;0;0;Calle;SANTA FE;La Capital;Asfalto;No existe;I;Dentro;Urbana;Otra Señal;No existe;Intersección;Bueno;S/D;Nocturna;S/D;Múltiple;S/D;Colisión;S/D;S/D
6496;2021;29/8/2021;Domingo;14:30:00;;0.0;2;Pickup/Utilitario,Moto/Ciclomotor;9 de Julio Y Mariano Moreno;2;1;0;1;0;0;Calle;FRANCK;Las Colonias;Asfalto;Pavimento;XI;Dentro;Urbana;Otra Señal;No existe;Intersección;Bueno;Buena;Diurna;Buen Tiempo;Múltiple;S/D;Colisión;Ninguna;Faltante
6497;2021;29/8/2021;Domingo;19:00:00;;0.0;2;Automóvil,Bicicleta;Mariano Moreno Y 27 de Febrero;2;1;0;1;0;0;Calle;ESPERANZA;Las Colonias;Asfalto;S/D;XI;Dentro;Urbana;Otra Señal;No existe;Intersección;Bueno;Buena;Nocturna,Con luz artificial;Buen Tiempo;Múltiple;S/D;Colisión;Ninguna;Horizontal
6498;2021;29/8/2021;Domingo;;;0.0;1;Moto/Ciclomotor;Rafaela Y Chacabuco;1;1;0;0;0;0;Calle;ESPERANZA;Las Colonias;Asfalto;S/D;XI;S/D;Urbana;Otra Señal;S/D;Intersección;Bueno;S/D;Nocturna;S/D;Múltiple;S/D;Colisión;S/D;S/D
6499;2021;29/8/2021;Domingo;07:30:00;Ruta Provincial 1;75.0;2;Automóvil,Moto/Ciclomotor; ;2;1;0;1;0;0;Ruta;CAYASTA;Garay;Asfalto;Natural;VII;S/D;Urbana;Otra Señal;No existe;Intersección;Bueno;Buena;Amanecer;Buen Tiempo;Múltiple;S/D;Colisión;Ninguna;S/D
6500;2021;29/8/2021;Domingo;15:00:00;;0.0;2;Peatón,Bicicleta;1 de Mayo 1000;2;1;0;1;0;0;Calle;ROSARIO;Rosario;Asfalto;No existe;II;Dentro;Urbana;Otra Señal;No existe;Intersección;Bueno;S/D;Diurna;Buen Tiempo;Múltiple;Peatón;Colisión;S/D;S/D
6501;2021;29/8/2021;Domingo;17:40:00;;0.0;2;Bicicleta,Pickup/Utilitario;Rioja ;2;1;0;1;0;0;Avenida;ROSARIO;Rosario;Asfalto;No existe;II;Dentro;Urbana;Otra Señal;No existe;Intersección;Bueno;Buena;Diurna;Buen Tiempo;Múltiple;Ciclista;Colisión;Ninguna;Faltante
6502;2021;29/8/2021;Domingo;16:10:00;;0.0;2;Moto/Ciclomotor,Automóvil;Av. Uriburu Y España;2;1;0;1;0;0;Avenida;ROSARIO;Rosario;Asfalto;No existe;II;Dentro;Urbana;Otra Señal;No existe;Intersección;Bueno;Buena;Diurna;Buen Tiempo;Múltiple;S/D;Colisión;Ninguna;Faltante
6503;2021;29/8/2021;Domingo;;Ruta Provincial 70;0.0;1;Pickup/Utilitario; ;1;1;0;0;0;0;Ruta;PRESIDENTE ROCA;Constitución;Asfalto;S/D;V;Dentro;Rural;Otra Señal;No existe;Intersección;S/D;S/D;S/D;S/D;Múltiple;S/D;Colisión;S/D;S/D
6504;2021;29/8/2021;Domingo;21:30:00;Ruta Nacional A012;0.0;2;Automóvil,Automóvil; ;2;1;0;1;0;0;Ruta;ROLDÁN;Constitución;Asfalto;S/D;XVII;Dentro;Rural;Otra Señal;S/D;Intersección;S/D;S/D;Nocturna;S/D;Múltiple;S/D;Colisión;S/D;S/D
6505;2021;29/8/2021;Domingo;11:00:00;;0.0;2;Automóvil,Moto/Ciclomotor;Belgrano Y Córdoba;2;1;0;1;0;0;Calle;PUERTO SAN MARTÍN;Constitución;S/D;S/D;XVII;Dentro;Urbana;Otra Señal;S/D;Intersección;S/D;S/D;Diurna;S/D;Múltiple;S/D;Colisión;S/D;S/D
6506;2021;29/8/2021;Domingo;;;0.0;2;Moto/Ciclomotor,Bicicleta;Avenida Nuestra Señora del Luj Y Frutos;3;3;0;0;0;0;Avenida;SANTO TOMÉ;Constitución;Asfalto;S/D;I;Dentro;Urbana;Otra Señal;Funciona;Intersección;S/D;S/D;S/D;S/D;Múltiple;Ciclista;Colisión;S/D;S/D
6507;2021;29/8/2021;Domingo;;Ruta Nacional 11;0.0;1;Moto/Ciclomotor;Ruta 11 Avenida Richieri Y Avenida Nuestra Señora del Luj;1;0;0;0;0;0;Ruta;SANTO TOMÉ;Constitución;Asfalto;S/D;I;Dentro;Urbana;Otra Señal;S/D;Intersección;S/D;S/D;S/D;S/D;Múltiple;S/D;Colisión;S/D;S/D
6508;2021;29/8/2021;Domingo;06:30:00;;0.0;1;Moto/Ciclomotor;Bv San Martin Y Avenida Alberdi;2;1;0;0;0;0;Avenida;ROLDÁN;Constitución;Asfalto;S/D;XVII;Dentro;Urbana;Otra Señal;S/D;Intersección;S/D;S/D;Amanecer;S/D;Múltiple;S/D;Colisión;S/D;S/D
6509;2021;29/8/2021;Domingo;;;0.0;1;Moto/Ciclomotor; ;1;0;0;0;0;0;S/D;ROSARIO;Rosario;S/D;S/D;II;S/D;S/D;Otra Señal;S/D;Intersección;S/D;S/D;S/D;S/D;Múltiple;S/D;Colisión;S/D;S/D
6510;2021;30/8/2021;Lunes;17:35:00;;0.0;3;Moto/Ciclomotor,Automóvil,Automóvil;Córdoba Y 9 de Julio;3;1;0;2;0;0;Calle;PUERTO SAN MARTÍN;San Lorenzo;Asfalto;No existe;XVII;Dentro;Urbana;Otra Señal;No existe;Intersección;Bueno;Buena;Diurna;Buen Tiempo;Múltiple;S/D;Colisión;Ninguna;Horizontal
6511;2021;30/8/2021;Lunes;15:30:00;;0.0;2;Moto/Ciclomotor,Automóvil;Alvear Y Juan Del Campillo;2;1;0;1;0;0;Calle;SANTA FE;La Capital;Asfalto;No existe;I;Dentro;Urbana;Otra Señal;No existe;Intersección;Bueno;S/D;Diurna;S/D;Múltiple;S/D;Colisión;S/D;S/D
6512;2021;30/8/2021;Lunes;12:30:00;Ruta Provincial 6;0.0;2;Moto/Ciclomotor,Automóvil;Perú ;2;1;0;1;0;0;Ruta;ESPERANZA;Las Colonias;Asfalto;Natural;XI;Dentro;Urbana;Otra Señal;No existe;Intersección;Bueno;Buena;Diurna;Buen Tiempo;Múltiple;S/D;Colisión;Ninguna;S/D
6513;2021;30/8/2021;Lunes;20:00:00;;0.0;2;Automóvil,Peatón;Sarmiento 040;2;1;0;1;0;0;Calle;ACEBAL;Rosario;Asfalto;No existe;II;Dentro;Urbana;Otra Señal;No existe;Intersección;Deteriorada;Buena;Atardecer;Buen Tiempo;Múltiple;Peatón;Colisión;Ninguna;Faltante
6514;2021;30/8/2021;Lunes;16:00:00;;0.0;2;Moto/Ciclomotor,Moto/Ciclomotor;Calle 12 San Martin Y Calle 23-Gral López;5;3;0;2;0;0;Calle;RECONQUISTA;General Obligado;Asfalto;No existe;IX;Dentro;Urbana;Otra Señal;No existe;Intersección;Bueno;S/D;Diurna;Buen Tiempo;Múltiple;S/D;Colisión;Ninguna;Horizontal,Vertical
6515;2021;30/8/2021;Lunes;09:45:00;;0.0;2;Moto/Ciclomotor,Automóvil;Calle 22- 25 de Mayo 1088;2;1;0;1;0;0;Calle;RECONQUISTA;General Obligado;Asfalto;S/D;IX;Dentro;Urbana;Otra Señal;No existe;Intersección;Bueno;Buena;Diurna;Buen Tiempo;Múltiple;S/D;Colisión;Ninguna;Horizontal,Vertical
6516;2021;30/8/2021;Lunes;16:00:00;;0.0;2;Moto/Ciclomotor,Automóvil;Calle 23-Gral López Y Calle 30-Lucas Funes;2;1;0;1;0;0;Calle;RECONQUISTA;General Obligado;Asfalto;No existe;IX;Dentro;Urbana;Otra Señal;No existe;Intersección;Bueno;Buena;Diurna;Otro;Múltiple;S/D;Colisión;Ninguna;Horizontal,Vertical
6517;2021;30/8/2021;Lunes;;;0.0;2;Moto/Ciclomotor,Automóvil;San Martin A Y Bv. 27 De Febrero;2;1;0;1;0;0;Avenida;ROSARIO;Rosario;Asfalto;No existe;II;Dentro;Urbana;Otra Señal;No existe;Intersección;Bueno;Buena;S/D;S/D;Múltiple;S/D;Colisión;Ninguna;S/D
6518;2021;30/8/2021;Lunes;14:30:00;;0.0;2;Bicicleta,Automóvil;Laprida Y Viamonte;2;1;0;1;0;0;Calle;ROSARIO;Rosario;Asfalto;No existe;II;Dentro;Urbana;Otra Señal;S/D;Intersección;Bueno;S/D;Diurna;S/D;Múltiple;Ciclista;Colisión;S/D;S/D
6519;2021;30/8/2021;Lunes;06:30:00;;0.0;1;Automóvil;Av. Almte. Brown ;1;1;0;0;0;0;Avenida;SANTA FE;Constitución;Asfalto;S/D;I;Dentro;Urbana;Otra Señal;S/D;Intersección;S/D;S/D;Amanecer;S/D;Múltiple;S/D;Colisión;S/D;S/D
6520;2021;30/8/2021;Lunes;15:45:00;;0.0;1;Moto/Ciclomotor;Jorge Newbery Y Marconi;1;1;0;0;0;0;Calle;CAÑADA DE GÓMEZ;Constitución;Asfalto;S/D;X;Dentro;Urbana;Otra Señal;S/D;Intersección;S/D;S/D;Diurna;S/D;Múltiple;S/D;Colisión;S/D;S/D
6521;2021;30/8/2021;Lunes;22:35:00;Ruta Nacional 11;0.0;2;Moto/Ciclomotor,Automóvil;Gral. Obligado ;3;2;0;1;0;0;Ruta;VILLA GUILLERMINA;Constitución;Asfalto;S/D;IX;Dentro;Urbana;Otra Señal;S/D;Intersección;S/D;S/D;Nocturna;S/D;Múltiple;S/D;Colisión;S/D;S/D
6522;2021;30/8/2021;Lunes;22:30:00;;0.0;1;Moto/Ciclomotor;Av. Francia Bis 50;1;1;0;0;0;0;Avenida;ROSARIO;Constitución;S/D;S/D;II;S/D;S/D;Otra Señal;S/D;Intersección;S/D;S/D;Nocturna;S/D;Múltiple;S/D;Colisión;S/D;S/D
6523;2021;30/8/2021;Lunes;23:00:00;;0.0;1;Moto/Ciclomotor; ;1;1;0;0;0;0;S/D;ROSARIO;Constitución;S/D;S/D;II;S/D;S/D;Otra Señal;S/D;Intersección;S/D;S/D;Nocturna;S/D;Múltiple;S/D;Colisión;S/D;S/D
6524;2021;30/8/2021;Lunes;13:00:00;;0.0;1;Moto/Ciclomotor;Av. Arijon Y Bv. Oroño;2;2;0;0;0;0;Avenida;ROSARIO;Constitución;S/D;S/D;II;S/D;Urbana;Otra Señal;S/D;Intersección;S/D;S/D;Diurna;S/D;Múltiple;S/D;Colisión;S/D;S/D
6525;2021;30/8/2021;Lunes;19:30:00;;0.0;1;Moto/Ciclomotor;Av. Ntra.Sra.del Rosario Y Av. Circunvalación;1;1;0;0;0;0;Avenida;ROSARIO;Constitución;S/D;S/D;II;S/D;Urbana;Otra Señal;S/D;Intersección;S/D;S/D;Atardecer;S/D;Múltiple;S/D;Colisión;S/D;S/D
6526;2021;30/8/2021;Lunes;19:00:00;;0.0;1;Automóvil;Bv. Bouchard Y Av. J.Suarez;1;1;0;0;0;0;Avenida;ROSARIO;Constitución;S/D;S/D;II;S/D;S/D;Otra Señal;S/D;Intersección;S/D;S/D;Diurna;S/D;Múltiple;S/D;Colisión;S/D;S/D
6527;2021;30/8/2021;Lunes;17:00:00;;0.0;2;Automóvil,Moto/Ciclomotor;Güemes Y General Paz;2;1;0;0;0;0;Calle;ESPERANZA;Constitución;Asfalto;No existe;XI;S/D;Urbana;Otra Señal;No existe;Intersección;Bueno;Buena;Diurna;Buen Tiempo;Múltiple;S/D;Colisión;Ninguna;S/D
6528;2021;30/8/2021;Lunes;19:30:00;;0.0;2;Automóvil,Bicicleta;Bv C Pellegrini Y Gdor. Cabal;2;0;0;1;0;0;Avenida;SAN JUSTO;Constitución;Asfalto;No existe;XVI;Dentro;Urbana;Otra Señal;No existe;Intersección;Bueno;Buena;Atardecer;Buen Tiempo;Múltiple;S/D;Colisión;Ninguna;Faltante
6529;2021;30/8/2021;Lunes;19:30:00;;0.0;2;Peatón,Moto/Ciclomotor;Mendoza Y Alvarado;2;0;0;1;0;0;Calle;ROSARIO;Constitución;Asfalto;S/D;II;Dentro;Urbana;Otra Señal;Funciona;Intersección;Bueno;Buena;Atardecer;Buen Tiempo;Múltiple;Peatón;Colisión;Ninguna;Horizontal,Vertical
6530;2021;31/8/2021;Martes;;;0.0;2;Pickup/Utilitario,Bicicleta;Richieri Y Dorrego;2;1;0;1;0;0;Calle;SAN LORENZO;San Lorenzo;Asfalto;S/D;XVII;S/D;S/D;Otra Señal;S/D;Intersección;S/D;S/D;S/D;S/D;Múltiple;S/D;Colisión;S/D;S/D
6531;2021;31/8/2021;Martes;21:40:00;;0.0;2;Automóvil,Automóvil;Irigoyen Y Santiago del Estero;5;4;0;1;0;0;Calle;SAN LORENZO;San Lorenzo;Asfalto;S/D;XVII;Dentro;Urbana;Otra Señal;S/D;Intersección;S/D;S/D;Nocturna;S/D;Múltiple;S/D;Colisión;S/D;S/D
6532;2021;31/8/2021;Martes;12:30:00;;0.0;1;Moto/Ciclomotor;José Félix Y Brig Juan Manuel de Rosas;2;2;0;0;0;0;Calle;TOSTADO;9 de Julio;Ripio;No existe;XII;Dentro;Urbana;Otra Señal;No existe;Intersección;S/D;Buena;Diurna;Buen Tiempo;Múltiple;S/D;Colisión;Ninguna;Faltante
6533;2021;31/8/2021;Martes;12:30:00;;0.0;2;Bicicleta,Automóvil;Rivadavia 2100;2;1;0;1;0;0;Calle;LAGUNA PAIVA;La Capital;Asfalto;No existe;I;Dentro;Urbana;Otra Señal;No existe;Intersección;Bueno;Buena;Diurna;Buen Tiempo;Múltiple;S/D;Colisión;Ninguna;Faltante
6534;2021;31/8/2021;Martes;12:30:00;;0.0;2;Moto/Ciclomotor,Automóvil;13 de Mayo Y T Lubary;3;2;0;1;0;0;Calle;SAN CARLOS CENTRO;Las Colonias;Asfalto;No existe;XI;Dentro;Urbana;Otra Señal;No existe;Intersección;Bueno;Buena;Diurna;Buen Tiempo;Múltiple;S/D;Colisión;Ninguna;Faltante
6535;2021;31/8/2021;Martes;14:10:00;Ruta Nacional 11;647.0;3;Camión,Moto/Ciclomotor,Automóvil; ;3;2;0;1;0;0;Ruta;VERA Y PINTADO;San Justo;Asfalto;Natural;XVI;Dentro;Rural;Otra Señal;No existe;Intersección;Bueno;Reducida humo;Diurna;Buen Tiempo;Múltiple;S/D;Colisión;Otro;Vertical
6536;2021;31/8/2021;Martes;15:30:00;;0.0;2;Transporte de Pasajeros Urbano (> 8 asientos),Automóvil;Av. Corrientes Y E.Zeballos;2;1;0;1;0;0;Avenida;ROSARIO;Constitución;Asfalto;S/D;II;Dentro;Urbana;Otra Señal;S/D;Intersección;S/D;S/D;Diurna;S/D;Múltiple;S/D;Colisión;S/D;S/D
6537;2021;31/8/2021;Martes;;;0.0;2;Automóvil,Bicicleta; ;2;1;0;1;0;0;S/D;CASILDA;Constitución;S/D;S/D;IV;S/D;S/D;Otra Señal;S/D;Intersección;S/D;S/D;S/D;S/D;Múltiple;Ciclista;Colisión;S/D;S/D
6538;2021;31/8/2021;Martes;14:30:00;;0.0;2;Moto/Ciclomotor,Automóvil;Av. Carlos A Poucel Y José Ingenieros;2;1;0;1;0;0;Avenida;SAN LORENZO;Constitución;S/D;S/D;XVII;Dentro;Urbana;Otra Señal;S/D;Intersección;S/D;S/D;S/D;S/D;Múltiple;S/D;Colisión;S/D;S/D
6539;2021;31/8/2021;Martes;18:30:00;;0.0;1;Moto/Ciclomotor;Bv. Seguí Y Bv. Avellaneda;1;1;0;0;0;0;Avenida;ROSARIO;Constitución;S/D;S/D;II;Dentro;Urbana;Otra Señal;S/D;Intersección;S/D;S/D;Diurna;S/D;Múltiple;S/D;Colisión;S/D;S/D
6540;2021;31/8/2021;Martes;15:30:00;;0.0;1;Moto/Ciclomotor;Av. Ovidio Lagos Y Mendoza;1;1;0;0;0;0;Avenida;ROSARIO;Constitución;S/D;S/D;II;S/D;Urbana;Otra Señal;S/D;Intersección;S/D;S/D;Diurna;S/D;Múltiple;S/D;Colisión;S/D;S/D
6541;2021;31/8/2021;Martes;15:30:00;;0.0;1;Moto/Ciclomotor;Av. Gral. San Martin Y Sáenz PEÑA;1;1;0;0;0;0;Avenida;VILLA GOBERNADOR GÁLVEZ;Constitución;S/D;S/D;II;Fuera;Urbana;Otra Señal;S/D;Intersección;S/D;S/D;Diurna;S/D;Múltiple;S/D;Colisión;S/D;S/D
6542;2021;31/8/2021;Martes;19:00:00;;0.0;1;Bicicleta;Garay Y España;1;1;0;0;0;0;Calle;ROSARIO;Constitución;S/D;S/D;II;S/D;S/D;Otra Señal;S/D;Intersección;S/D;S/D;Atardecer;S/D;Múltiple;S/D;Colisión;S/D;S/D
6543;2021;31/8/2021;Martes;08:00:00;;0.0;1;Moto/Ciclomotor; ;1;1;0;0;0;0;S/D;ROSARIO;Constitución;S/D;S/D;II;S/D;S/D;Otra Señal;S/D;Intersección;S/D;S/D;Diurna;S/D;Múltiple;S/D;Colisión;S/D;S/D
6544;2021;31/8/2021;Martes;20:30:00;;0.0;2;Moto/Ciclomotor,Peatón;av. presidente Perón ;3;0;0;2;0;0;Avenida;GARABATO;Constitución;S/D;S/D;XIX;Dentro;Urbana;Otra Señal;S/D;Intersección;S/D;S/D;Nocturna;S/D;Múltiple;Peatón;Colisión;S/D;S/D
6545;2021;1/9/2021;Miercoles;16:00:00;;0.0;2;Automóvil,Automóvil;Alvear Y Gutiérrez;2;1;0;1;0;0;Calle;SANTA FE;La Capital;Asfalto;No existe;I;Dentro;Urbana;Otra Señal;No existe;Intersección;Bueno;S/D;Diurna;Buen Tiempo;Múltiple;S/D;Colisión;Ninguna;Faltante
6546;2021;1/9/2021;Miercoles;09:00:00;;0.0;2;Moto/Ciclomotor,Automóvil;Güemes Y Salvador del Carril;2;1;0;1;0;0;Calle;SANTA FE;La Capital;Asfalto;No existe;I;Dentro;Urbana;Otra Señal;No existe;Intersección;Bueno;Buena;Diurna;Buen Tiempo;Múltiple;S/D;Colisión;Ninguna;Faltante
6547;2021;1/9/2021;Miercoles;12:00:00;Ruta Secundaria 50-s;78.2;1;Automóvil;General San Martin Ruta S 50 ;2;1;0;0;1;0;Ruta;LAS TUNAS;Las Colonias;Asfalto;Natural;XI;Fuera;Rural;Otra Señal;No existe;Intersección;Bueno;Buena;Diurna;Buen Tiempo;Múltiple;S/D;Colisión;Ninguna;Horizontal,Vertical
6548;2021;1/9/2021;Miercoles;12:15:00;;0.0;2;Automóvil,Moto/Ciclomotor;MARIANO MORENO Y LEY 1420;3;2;0;1;0;0;Calle;RECONQUISTA;General Obligado;Asfalto;No existe;IX;Dentro;Urbana;Otra Señal;No existe;Intersección;Bueno;Buena;Diurna;Buen Tiempo;Múltiple;S/D;Colisión;Ninguna;Faltante
6549;2021;1/9/2021;Miercoles;15:00:00;;0.0;2;Moto/Ciclomotor,Moto/Ciclomotor;Calle 17-Bartolome Mitre Y Calle 24 - Olessio;2;1;0;1;0;0;Calle;RECONQUISTA;General Obligado;Asfalto;No existe;IX;Dentro;Urbana;Otra Señal;No existe;Intersección;Bueno;Buena;Diurna;Buen Tiempo;Múltiple;S/D;Colisión;Ninguna;Faltante
6550;2021;1/9/2021;Miercoles;18:00:00;;0.0;2;Automóvil,Moto/Ciclomotor;Gobernador Crespo Y Güemes;2;1;0;1;0;0;Calle;ESPERANZA;Las Colonias;Asfalto;No existe;XI;Dentro;Urbana;Otra Señal;No existe;Intersección;Bueno;Buena;Diurna;Buen Tiempo;Múltiple;S/D;Colisión;Ninguna;Faltante
6551;2021;1/9/2021;Miercoles;19:20:00;;0.0;2;Automóvil,Moto/Ciclomotor;San Martin Y Soler;3;2;0;1;0;0;Calle;ESPERANZA;Las Colonias;Hormigón;No existe;XI;Dentro;Urbana;Otra Señal;No existe;Intersección;Bueno;Reducida;Atardecer;Buen Tiempo;Múltiple;S/D;Colisión;Ninguna;Faltante
6552;2021;1/9/2021;Miercoles;19:10:00;Ruta Nacional 9;0.0;3;Automóvil,Automóvil,Pickup/Utilitario;Gral. López Y Ruta Nacional 9;3;1;0;2;0;0;Ruta;FUNES;Rosario;Asfalto;Ripio;II;Dentro;Urbana;Otra Señal;No existe;Intersección;Resbaladiza;Reducida;Nocturna;Lluvia;Múltiple;S/D;Colisión;Agua;Horizontal
6553;2021;1/9/2021;Miercoles;16:00:00;;0.0;2;Automóvil,Automóvil;Av. López y Planes Y Juan Del Campillo;2;2;0;0;0;0;Avenida;SANTA FE;La Capital;Asfalto;No existe;I;Dentro;Urbana;Otra Señal;No existe;Intersección;Bueno;Buena;Diurna;Buen Tiempo;Múltiple;S/D;Colisión;Ninguna;Horizontal,Vertical
6554;2021;1/9/2021;Miercoles;04:20:00;;0.0;2;Moto/Ciclomotor,Moto/Ciclomotor;Avenida 17 Y Calle 28;2;1;0;1;0;0;Avenida;LAS PAREJAS;Belgrano;Hormigón;No existe;III;Dentro;Urbana;Otra Señal;No existe;Intersección;Deteriorada;Reducida;Nocturna,Con luz artificial;Buen Tiempo;Múltiple;S/D;Colisión;Ninguna;Faltante