ID_Accidente;A�o;Fecha;Dia;Hopra;Ruta/Autop;km;Participantes;Tipo;Lugar;Total;Heridos Leves;Heridos Graves;Ilesos;Fallecidos;Sin datos;desc_tipo_via;desc_loc;desc_dpto;|;desc_tipo_banquina;desc_unidad_regional;desc_lugar_calzada;desc_zona;desc_prioridad;desc_estado_semaforo;desc_lugar_via;desc_estado_via;desc_estado_visibilidad;desc_luminosidad;desc_estado_clima;desc_tipo_colision;desc_tipo_atropello;desc_tipo_hecho;desc_pres_calzada;desc_senializacion
6555;2021;1/9/2021;Miercoles;12:25:00;;0.0;2;Automóvil,Moto/Ciclomotor;Bv. Seguí Y Paraguay;3;1;0;2;0;0;Avenida;ROSARIO;Rosario;Asfalto;No existe;II;Dentro;Urbana;Otra Señal;No existe;Intersección;Bueno;Buena;Diurna;Buen Tiempo;Múltiple;S/D;Colisión;Ninguna;Faltante
6556;2021;1/9/2021;Miercoles;15:50:00;;0.0;2;Moto/Ciclomotor,Automóvil;Av. Corrientes Y Dean Funes;2;1;0;1;0;0;Avenida;ROSARIO;Rosario;Asfalto;No existe;II;Dentro;Urbana;Otra Señal;No existe;Intersección;Bueno;Buena;Diurna;Buen Tiempo;Múltiple;S/D;Colisión;Ninguna;Vertical
6557;2021;1/9/2021;Miercoles;11:50:00;;0.0;2;Automóvil,Moto/Ciclomotor;Ameghino Y Entre Ríos;2;1;0;1;0;0;Calle;ROSARIO;Rosario;Asfalto;No existe;II;Dentro;Urbana;Otra Señal;No existe;Intersección;Bueno;Buena;Diurna;Buen Tiempo;Múltiple;S/D;Colisión;Ninguna;Vertical
6558;2021;1/9/2021;Miercoles;07:21:00;;0.0;2;Taxi/Remis,Moto/Ciclomotor;Acevedo Bis Y Morrison;2;1;0;1;0;0;Calle;ROSARIO;Rosario;Asfalto;No existe;II;Dentro;Urbana;Otra Señal;No existe;Intersección;Bueno;Buena;Diurna;Buen Tiempo;Múltiple;S/D;Colisión;Ninguna;Vertical
6559;2021;1/9/2021;Miercoles;11:50:00;;0.0;2;Pickup/Utilitario,Moto/Ciclomotor;Derqui Y J.Colombres;2;1;0;1;0;0;Calle;ROSARIO;Rosario;Asfalto;No existe;II;Dentro;Urbana;Otra Señal;No existe;Intersección;Bueno;Buena;Diurna;Buen Tiempo;Múltiple;S/D;Colisión;Ninguna;Faltante
6560;2021;1/9/2021;Miercoles;12:00:00;Ruta Nacional 11;0.0;2;Automóvil,Moto/Ciclomotor;Rivadavia Y Ruta Nacional 11;3;2;0;1;0;0;Ruta;CALCHAQUÍ;Vera;Asfalto;Ripio;XIX;Dentro;Urbana;Otra Señal;No existe;Intersección;Bueno;Buena;Diurna;Buen Tiempo;Múltiple;S/D;Colisión;Ninguna;Horizontal
6561;2021;1/9/2021;Miercoles;09:00:00;;0.0;2;Automóvil,Moto/Ciclomotor;Azcuénaga Y Cochabamba;2;1;0;1;0;0;Calle;SAN CRISTÓBAL;San CRISTÓBAL;Tierra;No existe;XIII;Dentro;Urbana;Otra Señal;No existe;Intersección;Bueno;Buena;Diurna;Buen Tiempo;Múltiple;S/D;Colisión;Ninguna;Faltante
6562;2021;1/9/2021;Miercoles;21:30:00;Ruta Provincial 2;0.0;2;Moto/Ciclomotor,Pickup/Utilitario;Ruta 2 Y Tito Cetera;9;2;0;7;0;0;Ruta;SAN CRISTÓBAL;San CRISTÓBAL;Asfalto;Ripio;XIII;Dentro;Urbana;Otra Señal;No existe;Intersección;Bueno;Buena;Diurna;Buen Tiempo;Múltiple;S/D;Colisión;Ninguna;Horizontal
6563;2021;1/9/2021;Miercoles;13:15:00;;0.0;1;Transporte de Pasajeros Urbano (> 8 asientos);Bv. Oroño Y Córdoba;2;1;0;1;0;0;Calle;ROSARIO;Rosario;Asfalto;No existe;II;Dentro;Urbana;Otra Señal;Funciona;Intersección;Bueno;Buena;Diurna;Buen Tiempo;Múltiple;S/D;Colisión;Ninguna;Horizontal,Vertical
6564;2021;1/9/2021;Miercoles;22:30:00;Autopista Provincial Brigadier E.LÓPEZ;7.0;1;Automóvil; ;2;1;0;0;1;0;Autopista;CAPITÁN BERMÚDEZ;San Lorenzo;Asfalto;No existe;XVII;Dentro;Rural;Otra Señal;No existe;Intersección;Resbaladiza;Reducida;Nocturna;Lluvia;Múltiple;S/D;Colisión;Agua;Horizontal
6565;2021;1/9/2021;Miercoles;;;0.0;2;Moto/Ciclomotor,Pickup/Utilitario; ;3;2;0;1;0;0;S/D;SANTA FE;La Capital;S/D;S/D;I;S/D;S/D;Otra Señal;S/D;Intersección;S/D;S/D;S/D;S/D;Múltiple;S/D;Colisión;S/D;S/D
6566;2021;1/9/2021;Miercoles;;;0.0;1;Otros; ;1;1;0;0;0;0;S/D;SANTA FE;La Capital;S/D;S/D;I;S/D;S/D;Otra Señal;S/D;Intersección;S/D;S/D;S/D;S/D;Múltiple;S/D;Colisión;S/D;S/D
6567;2021;1/9/2021;Miercoles;;;0.0;2;Pickup/Utilitario,Moto/Ciclomotor; ;2;1;0;1;0;0;S/D;ARMSTRONG;Belgrano;S/D;S/D;III;S/D;S/D;Otra Señal;S/D;Intersección;S/D;S/D;S/D;S/D;Múltiple;S/D;Colisión;S/D;S/D
6568;2021;1/9/2021;Miercoles;;;0.0;2;Pickup/Utilitario,Moto/Ciclomotor;Hipólito Yrigoyen Y San Lorenzo;2;1;0;1;0;0;Calle;CASILDA;Caseros;Asfalto;No existe;IV;Dentro;Urbana;Otra Señal;No existe;Intersección;Bueno;Buena;S/D;Buen Tiempo;Múltiple;S/D;Colisión;Ninguna;Faltante
6569;2021;1/9/2021;Miercoles;12:00:00;Ruta Secundaria 2-s;0.0;2;Moto/Ciclomotor,Automóvil;Alvear Y Balcarce;2;1;0;1;0;0;Ruta;MARÍA TERESA;General LÓPEZ;Asfalto;No existe;VIII;Dentro;Urbana;Otra Señal;No existe;Intersección;Bueno;Buena;Diurna;Buen Tiempo;Múltiple;S/D;Colisión;Ninguna;Faltante
6570;2021;1/9/2021;Miercoles;15:00:00;;0.0;2;Automóvil,Moto/Ciclomotor;9 de Julio Y Rioja;3;1;0;2;0;0;Calle;ROLDÁN;San Lorenzo;Asfalto;No existe;XVII;Dentro;Urbana;Otra Señal;No existe;Intersección;Bueno;Buena;Diurna;Buen Tiempo;Múltiple;S/D;Colisión;Ninguna;Faltante
6571;2021;1/9/2021;Miercoles;14:00:00;Autopista Nacional A008;0.0;1;Moto/Ciclomotor;Av. Circunvalación Y Av. Sorrento;1;1;0;0;0;0;Autopista;ROSARIO;Rosario;Asfalto;No existe;II;Dentro;Urbana;Otra Señal;No existe;Intersección;Bueno;Buena;Diurna;Buen Tiempo;Múltiple;S/D;Colisión;Ninguna;Horizontal
6572;2021;1/9/2021;Miercoles;11:00:00;;0.0;2;Moto/Ciclomotor,Automóvil; ;2;1;0;1;0;0;Avenida;VENADO TUERTO;General LÓPEZ;Asfalto;No existe;VIII;Dentro;Urbana;Otra Señal;No existe;Intersección;Bueno;Buena;Diurna;Buen Tiempo;Múltiple;S/D;Colisión;Ninguna;Faltante
6573;2021;1/9/2021;Miercoles;14:55:00;;0.0;2;Pickup/Utilitario,Automóvil;Calle 25-Rivadavia 440;3;1;0;2;0;0;Calle;RECONQUISTA;General Obligado;Asfalto;No existe;IX;Dentro;Urbana;Otra Señal;No existe;Intersección;Bueno;Buena;Diurna;Buen Tiempo;Múltiple;S/D;Colisión;Ninguna;Faltante
6574;2021;1/9/2021;Miercoles;;Ruta Nacional 11;0.0;1;Moto/Ciclomotor;Av. San Martin Y Salta;2;2;0;0;0;0;Ruta;SAN LORENZO;San Lorenzo;Asfalto;No existe;XVII;Dentro;Urbana;Otra Señal;Funciona;Intersección;Bueno;Buena;Diurna;Lluvia;Múltiple;S/D;Colisión;Agua;Horizontal,Vertical
6575;2021;1/9/2021;Miercoles;;;0.0;2;Automóvil,Moto/Ciclomotor;Av. A del Valle Y Matheu;2;1;0;1;0;0;Avenida;SANTA FE;La Capital;Asfalto;No existe;I;Dentro;Urbana;Otra Señal;No existe;Intersección;Bueno;Buena;Diurna;Buen Tiempo;Múltiple;S/D;Colisión;Ninguna;Faltante
6576;2021;1/9/2021;Miercoles;19:10:00;Ruta Nacional 11;0.0;2;Automóvil,Moto/Ciclomotor;Lehman ;2;1;0;1;0;0;Ruta;RECREO;La Capital;Asfalto;Ripio;I;Dentro;Urbana;Otra Señal;No existe;Intersección;Bueno;Buena;Diurna;Buen Tiempo;Múltiple;S/D;Colisión;Ninguna;Horizontal
6577;2021;1/9/2021;Miercoles;17:30:00;Ruta Nacional 11;0.0;2;Moto/Ciclomotor,Automóvil;Av. San Martin Y Pellegrini;2;1;0;1;0;0;Ruta;FRAY LUIS BELTRÁN;San Lorenzo;Asfalto;Pavimento;XVII;Dentro;Urbana;Otra Señal;No existe;Intersección;Bueno;Buena;Diurna;Otro;Múltiple;S/D;Colisión;Ninguna;Horizontal
6578;2021;1/9/2021;Miercoles;13:30:00;;0.0;1;Moto/Ciclomotor; ;1;1;0;0;0;0;Calle;ROSARIO;Constitución;S/D;S/D;II;Dentro;Urbana;Otra Señal;S/D;Intersección;S/D;S/D;Diurna;S/D;Múltiple;S/D;Colisión;S/D;S/D
6579;2021;1/9/2021;Miercoles;12:30:00;;0.0;1;Moto/Ciclomotor; ;1;1;0;0;0;0;S/D;ROSARIO;Constitución;S/D;S/D;II;S/D;S/D;Otra Señal;S/D;Intersección;S/D;S/D;Diurna;S/D;Múltiple;S/D;Colisión;S/D;S/D
6580;2021;1/9/2021;Miercoles;00:05:00;;0.0;1;Moto/Ciclomotor; ;1;1;0;0;0;0;S/D;ROSARIO;Constitución;S/D;S/D;II;S/D;S/D;Otra Señal;S/D;Intersección;S/D;S/D;Nocturna;S/D;Múltiple;S/D;Colisión;S/D;S/D
6581;2021;1/9/2021;Miercoles;14:00:00;;0.0;1;Moto/Ciclomotor;Av. Génova Y Barra;1;1;0;0;0;0;Avenida;ROSARIO;Constitución;Asfalto;No existe;II;Dentro;Urbana;Otra Señal;No existe;Intersección;S/D;S/D;Diurna;S/D;Múltiple;S/D;Colisión;S/D;Faltante
6582;2021;1/9/2021;Miercoles;19:40:00;;0.0;2;Automóvil,Automóvil;Mendoza Y Roullon;3;2;0;0;0;1;Calle;ROSARIO;Constitución;Asfalto;No existe;II;Dentro;Urbana;Otra Señal;Funciona;Intersección;S/D;S/D;Nocturna;S/D;Múltiple;S/D;Colisión;S/D;Horizontal,Vertical
6583;2021;1/9/2021;Miercoles;18:00:00;;0.0;1;Moto/Ciclomotor; ;1;1;0;0;0;0;S/D;ROSARIO;Constitución;S/D;S/D;II;S/D;S/D;Otra Señal;S/D;Intersección;S/D;S/D;Diurna;S/D;Múltiple;S/D;Colisión;S/D;S/D
6584;2021;1/9/2021;Miercoles;20:45:00;Ruta Secundaria 294-s;0.0;2;Automóvil,Moto/Ciclomotor;Av. Gral. San Martin ;3;1;0;1;0;0;Ruta;GREGORIA P. DE DENIS;Constitución;Ripio;No existe;XII;Dentro;Urbana;Otra Señal;No existe;Intersección;Bueno;Reducida;Nocturna;Buen Tiempo;Múltiple;S/D;Colisión;Ninguna;Faltante
6585;2021;1/9/2021;Miercoles;;Ruta Nacional 34;240.0;1;Camión; ;1;0;0;0;0;0;Ruta;LEHMANN;Constitución;Asfalto;Natural;V;Dentro;Urbana;Otra Señal;No existe;Intersección;Bueno;Buena;S/D;Buen Tiempo;Múltiple;S/D;Colisión;Ninguna;Horizontal
6586;2021;1/9/2021;Miercoles;13:45:00;;0.0;1;Moto/Ciclomotor;J B Justo Y Perú;2;0;0;1;0;0;Calle;SUNCHALES;Constitución;Asfalto;No existe;V;Dentro;Urbana;Otra Señal;No existe;Intersección;Bueno;Buena;Diurna;Buen Tiempo;Múltiple;S/D;Colisión;Ninguna;Faltante
6587;2021;2/9/2021;Jueves;21:00:00;;0.0;2;Automóvil,Moto/Ciclomotor;Juan Bautista Alberdi Y Libertad;2;1;0;1;0;0;Calle;SANTO TOMÉ;La Capital;Asfalto;No existe;I;Dentro;Urbana;Otra Señal;No existe;Intersección;Bueno;Buena;Nocturna,Con luz artificial;Buen Tiempo;Múltiple;S/D;Colisión;Ninguna;Faltante
6588;2021;2/9/2021;Jueves;13:00:00;;0.0;1;Bicicleta;Calle 23-Gral López 765;1;1;0;0;0;0;Calle;RECONQUISTA;General Obligado;Asfalto;No existe;IX;Dentro;Urbana;Otra Señal;No existe;Intersección;Bueno;Buena;Diurna;Buen Tiempo;Múltiple;S/D;Colisión;Ninguna;Faltante
6589;2021;2/9/2021;Jueves;04:20:00;Ruta Provincial 70;38.0;1;Pickup/Utilitario; ;3;3;0;0;0;0;Ruta;HUMBOLDT;Las Colonias;Asfalto;Natural;XI;Fuera;Rural;Otra Señal;No existe;Intersección;Bueno;Reducida;Nocturna;Buen Tiempo;Múltiple;S/D;Colisión;Agua;Faltante
6590;2021;2/9/2021;Jueves;03:30:00;;0.0;2;Moto/Ciclomotor,Automóvil; ;3;2;0;1;0;0;Camino Rural;HELVECIA;Garay;Tierra;S/D;VII;Dentro;Rural;Otra Señal;S/D;Intersección;S/D;S/D;S/D;S/D;Múltiple;S/D;Colisión;S/D;S/D
6591;2021;2/9/2021;Jueves;;;0.0;2;Moto/Ciclomotor,Automóvil;Iturraspe Y Saavedra;2;1;0;0;0;1;Calle;SANTA FE;La Capital;Asfalto;No existe;I;Dentro;Urbana;Otra Señal;Funciona;Intersección;Bueno;Buena;Diurna;Buen Tiempo;Múltiple;S/D;Colisión;Ninguna;Vertical
6592;2021;2/9/2021;Jueves;10:20:00;;0.0;2;Automóvil,Moto/Ciclomotor;Av. Gral. López Y Rivadavia;2;1;0;1;0;0;Calle;SAN JAVIER;San Javier;Asfalto;No existe;XIV;Dentro;Urbana;Otra Señal;No existe;Intersección;Bueno;S/D;Diurna;Buen Tiempo;Múltiple;S/D;Colisión;Ninguna;Horizontal
6593;2021;2/9/2021;Jueves;14:30:00;;0.0;2;Moto/Ciclomotor,Automóvil;1ro de Mayo Y Cándido Pujato;2;1;0;1;0;0;Calle;SANTA FE;La Capital;Asfalto;No existe;I;Dentro;Urbana;Otra Señal;No existe;Intersección;Bueno;Buena;Diurna;Buen Tiempo;Múltiple;S/D;Colisión;Ninguna;Faltante
6594;2021;2/9/2021;Jueves;01:10:00;Ruta Nacional 11;0.0;2;Taxi/Remis,Pickup/Utilitario;Av. Eva Perón Y González del Solar;2;1;0;1;0;0;Ruta;ROSARIO;Rosario;Asfalto;No existe;II;Dentro;Urbana;Otra Señal;Funciona;Intersección;Bueno;Reducida;Nocturna;Lluvia;Múltiple;S/D;Colisión;Agua;Horizontal,Vertical
6595;2021;2/9/2021;Jueves;05:30:00;;0.0;2;Automóvil,Bicicleta;Donado Y Mendoza;2;1;0;1;0;0;Calle;ROSARIO;Rosario;Asfalto;No existe;II;Dentro;Urbana;Otra Señal;Funciona;Intersección;Bueno;Buena;Nocturna,Con luz artificial;Buen Tiempo;Múltiple;Ciclista;Colisión;Ninguna;Vertical
6596;2021;2/9/2021;Jueves;06:50:00;;0.0;2;Moto/Ciclomotor,Automóvil;Soldado Aguirre Y 9 de Julio;2;1;0;1;0;0;Avenida;VILLA GOBERNADOR GÁLVEZ;Rosario;Asfalto,Tierra;No existe;II;Dentro;Urbana;Otra Señal;No existe;Intersección;Bueno;Buena;Diurna;Buen Tiempo;Múltiple;S/D;Colisión;Ninguna;Faltante
6597;2021;2/9/2021;Jueves;15:20:00;;0.0;4;Automóvil,Automóvil,Automóvil,Pickup/Utilitario;Av. Pellegrini Y Maipú;9;2;0;7;0;0;Avenida;ROSARIO;Rosario;Asfalto;No existe;II;Dentro;Urbana;Otra Señal;Funciona;Intersección;Bueno;Buena;Diurna;Lluvia;Múltiple;S/D;Colisión;Agua;Horizontal,Vertical
6598;2021;2/9/2021;Jueves;09:25:00;;0.0;2;Automóvil,Peatón;Paraguay Y San Luis;2;1;0;1;0;0;Calle;ROSARIO;Rosario;Asfalto;No existe;II;Dentro;Urbana;Otra Señal;Funciona;Intersección;Bueno;Buena;Diurna;Buen Tiempo;Múltiple;Peatón;Colisión;Ninguna;Horizontal,Vertical
6599;2021;2/9/2021;Jueves;13:30:00;;0.0;3;Automóvil,Automóvil,Automóvil;Montevideo Y Pte. Roca;5;1;0;4;0;0;Calle;ROSARIO;Rosario;Asfalto;No existe;II;Dentro;Urbana;Otra Señal;No existe;Intersección;Bueno;Buena;Diurna;Buen Tiempo;Múltiple;S/D;Colisión;Ninguna;Horizontal,Vertical
6600;2021;2/9/2021;Jueves;09:05:00;;0.0;2;Automóvil,Bicicleta;Boulevard Lisandro de la Torre Y San Lorenzo;2;1;0;1;0;0;Calle;CASILDA;Caseros;Asfalto;No existe;IV;Dentro;Urbana;Otra Señal;No existe;Intersección;Bueno;Buena;Diurna;Buen Tiempo;Múltiple;Ciclista;Colisión;Ninguna;Horizontal
6601;2021;2/9/2021;Jueves;22:05:00;;0.0;2;Automóvil,Pickup/Utilitario;Boulevard Lisandro de la Torre Y Boulevard Ovidio Lagos;3;3;0;0;0;0;Avenida;CASILDA;Caseros;Asfalto;No existe;IV;Dentro;Urbana;Otra Señal;No existe;Intersección;Bueno;Buena;Diurna;Buen Tiempo;Múltiple;S/D;Colisión;Ninguna;Horizontal
6602;2021;2/9/2021;Jueves;19:30:00;Ruta Nacional 11;431.0;1;Moto/Ciclomotor; ;2;2;0;0;0;0;Ruta;DESVÍO ARIJÓN;San JERÓNIMO;Asfalto;No existe;XV;Dentro;Urbana;Otra Señal;No existe;Intersección;Bueno;Buena;Diurna;Buen Tiempo;Múltiple;S/D;Colisión;Ninguna;Horizontal
6603;2021;2/9/2021;Jueves;20:20:00;;0.0;2;Moto/Ciclomotor,Automóvil;Falucho Y Franciscanos;2;1;0;1;0;0;Calle;SAN LORENZO;San Lorenzo;Asfalto;No existe;XVII;Dentro;Urbana;Otra Señal;No existe;Intersección;Bueno;Buena;Diurna;Buen Tiempo;Múltiple;S/D;Colisión;Ninguna;Faltante
6604;2021;2/9/2021;Jueves;14:30:00;Ruta Nacional 9;0.0;2;Automóvil,Bicicleta;1 de Mayo Y Ruta Nacional 9;3;1;0;1;0;1;Ruta;ROLDÁN;San Lorenzo;Asfalto;No existe;XVII;Dentro;Urbana;Otra Señal;No existe;Intersección;Bueno;Buena;Diurna;Buen Tiempo;Múltiple;Ciclista;Colisión;Ninguna;Horizontal
6605;2021;2/9/2021;Jueves;09:00:00;Ruta Nacional 33;696.0;1;Automóvil; ;1;1;0;0;0;0;Ruta;FIRMAT;General LÓPEZ;Asfalto;Natural;VIII;Dentro;Urbana;Otra Señal;No existe;Intersección;Bueno;Buena;Diurna;Buen Tiempo;Múltiple;S/D;Colisión;Ninguna;Horizontal
6606;2021;2/9/2021;Jueves;;;0.0;2;Automóvil,Automóvil;Av. Jorge Newbery Y Bv. Wilde;3;2;0;1;0;0;Avenida;ROSARIO;Rosario;Asfalto;No existe;II;Dentro;Urbana;Otra Señal;No existe;Intersección;Bueno;Buena;Diurna;Buen Tiempo;Múltiple;S/D;Colisión;Ninguna;Vertical
6607;2021;2/9/2021;Jueves;02:30:00;Ruta Nacional 33;0.0;2;Taxi/Remis,Transporte de Pasajeros Larga Distancia (> 8 asientos);Av. Dr. E Salva Y Conscripto Elías Zurbriggen;2;1;0;1;0;0;Ruta;RAFAELA;Castellanos;Asfalto;Pavimento;V;Dentro;Urbana;Otra Señal;Funciona;Intersección;Bueno;Buena;Nocturna,Con luz artificial;Buen Tiempo;Múltiple;S/D;Colisión;Ninguna;Horizontal,Vertical
6608;2021;2/9/2021;Jueves;06:50:00;;0.0;2;Moto/Ciclomotor,Automóvil;Calle 25-Rivadavia Y Calle 9-Mariano Moreno;2;1;0;1;0;0;Calle;RECONQUISTA;General Obligado;S/D;S/D;IX;Dentro;Urbana;Otra Señal;S/D;Intersección;S/D;S/D;S/D;S/D;Múltiple;S/D;Colisión;S/D;S/D
6609;2021;2/9/2021;Jueves;08:20:00;Ruta Provincial 13;0.0;2;Moto/Ciclomotor,Automóvil;Laínez Y Santa Fe;2;1;0;1;0;0;Ruta;SUNCHALES;Castellanos;Hormigón;No existe;V;Dentro;Urbana;Otra Señal;No existe;Intersección;Bueno;Buena;Diurna;Buen Tiempo;Múltiple;S/D;Colisión;Ninguna;Faltante
6610;2021;2/9/2021;Jueves;19:15:00;;0.0;2;Moto/Ciclomotor,Moto/Ciclomotor;Av. Ovidio Lagos Y La Paz;2;1;0;0;0;1;Avenida;ROSARIO;Constitución;Asfalto;No existe;II;Dentro;Urbana;Otra Señal;Funciona;Intersección;S/D;S/D;Nocturna;S/D;Múltiple;S/D;Colisión;S/D;Horizontal
6611;2021;2/9/2021;Jueves;19:50:00;;0.0;1;Moto/Ciclomotor;Av. Pellegrini Y Iriondo;1;1;0;0;0;0;Avenida;ROSARIO;Constitución;Asfalto;No existe;II;Dentro;Urbana;Otra Señal;Funciona;Intersección;S/D;S/D;Nocturna;S/D;Múltiple;S/D;Colisión;S/D;Horizontal,Vertical
6612;2021;2/9/2021;Jueves;20:50:00;;0.0;1;Moto/Ciclomotor;Av. Génova Y Tarragona;1;1;0;0;0;0;Avenida;ROSARIO;Constitución;Asfalto;No existe;II;Dentro;Urbana;Otra Señal;No existe;Intersección;S/D;S/D;Nocturna;S/D;Múltiple;S/D;Colisión;S/D;Faltante
6613;2021;2/9/2021;Jueves;17:30:00;;0.0;1;Moto/Ciclomotor;3 De Febrero Y Rio De Janeiro;1;1;0;0;0;0;Calle;ROSARIO;Constitución;Asfalto;No existe;II;Dentro;Urbana;Otra Señal;No existe;Intersección;S/D;S/D;Diurna;S/D;Múltiple;S/D;Colisión;S/D;Faltante
6614;2021;2/9/2021;Jueves;20:00:00;;0.0;1;Moto/Ciclomotor;Junín Y Matienzo;1;1;0;0;0;0;Calle;ROSARIO;Constitución;Asfalto;No existe;II;Dentro;Urbana;Otra Señal;No existe;Intersección;S/D;S/D;Nocturna;S/D;Múltiple;S/D;Colisión;S/D;Faltante
6615;2021;2/9/2021;Jueves;19:05:00;;0.0;2;Bicicleta,Automóvil;Domingo Faustino Sarmiento Y Sargento Cabral;2;0;0;1;0;0;Calle;SAN JERÓNIMO NORTE;Constitución;Asfalto;Pavimento;XI;Dentro;Urbana;Otra Señal;No existe;Intersección;Resbaladiza;Reducida;Diurna;Lluvia;Múltiple;Ciclista;Colisión;Agua;Faltante
6616;2021;2/9/2021;Jueves;;;0.0;2;Moto/Ciclomotor,Automóvil;Becker Y Bv Pte. Roca;2;0;0;1;0;0;Avenida;RAFAELA;Constitución;Asfalto;No existe;V;Dentro;Urbana;Otra Señal;No existe;Intersección;Bueno;Buena;Diurna;Buen Tiempo;Múltiple;S/D;Colisión;Ninguna;Horizontal
6617;2021;2/9/2021;Jueves;16:30:00;;0.0;2;Transporte de Pasajeros Urbano (> 8 asientos),Moto/Ciclomotor;Laurencio Maradona 127;3;0;0;1;0;0;Calle;SANTA FE;La Capital;Asfalto;No existe;I;Dentro;Urbana;Otra Señal;No existe;Intersección;Bueno;Buena;Diurna;Buen Tiempo;Múltiple;S/D;Colisión;Ninguna;Faltante
6618;2021;3/9/2021;Viernes;16:50:00;;0.0;2;Bicicleta,Automóvil;Dalmacio Vélez Sarsfield Y Roque Sáenz PEÑA;3;2;0;1;0;0;Calle;SANTO TOMÉ;La Capital;Tierra;No existe;I;Dentro;Urbana;Otra Señal;No existe;Intersección;Con baches;Buena;Diurna;Buen Tiempo;Múltiple;Ciclista;Colisión;Ninguna;Faltante
6619;2021;3/9/2021;Viernes;10:00:00;;0.0;2;Moto/Ciclomotor,Automóvil;Laprida 5000;2;1;0;1;0;0;Calle;SANTA FE;La Capital;Asfalto;No existe;I;Dentro;Urbana;Otra Señal;No existe;Intersección;Bueno;Buena;Diurna;Buen Tiempo;Múltiple;S/D;Colisión;Ninguna;Horizontal
6620;2021;3/9/2021;Viernes;14:00:00;Ruta Provincial 1;1.0;2;Moto/Ciclomotor,Automóvil; ;2;1;0;1;0;0;Ruta;COLASTINE;La Capital;Asfalto;Pavimento;I;Dentro;Urbana;Otra Señal;No existe;Intersección;Bueno;Buena;Diurna;Buen Tiempo;Múltiple;S/D;Colisión;Ninguna;Faltante
6621;2021;3/9/2021;Viernes;13:20:00;;0.0;2;Moto/Ciclomotor,Automóvil;ALVEAR  Y LEY 1420;2;1;0;1;0;0;Calle;RECONQUISTA;General Obligado;Asfalto;No existe;IX;Dentro;Urbana;Otra Señal;No existe;Intersección;Bueno;Buena;Diurna;Buen Tiempo;Múltiple;S/D;Colisión;Ninguna;Faltante
6622;2021;3/9/2021;Viernes;07:00:00;;0.0;2;Automóvil,Automóvil;Mitre Y Pedro Ríos;3;1;0;2;0;0;Avenida;FUNES;Rosario;Asfalto;No existe;II;Dentro;Urbana;Otra Señal;No existe;Intersección;Bueno;Buena;Diurna;Buen Tiempo;Múltiple;S/D;Colisión;Ninguna;Faltante
6623;2021;3/9/2021;Viernes;17:30:00;Ruta Nacional 9;0.0;3;Automóvil,Automóvil,Pickup/Utilitario;Los Tizones Y Ruta Nacional 9;5;3;0;2;0;0;Ruta;FUNES;Rosario;Asfalto;Ripio;II;Dentro;Urbana;Otra Señal;No existe;Intersección;Bueno;Buena;Diurna;Buen Tiempo;Múltiple;S/D;Colisión;Ninguna;Horizontal
6624;2021;3/9/2021;Viernes;18:30:00;;0.0;2;Moto/Ciclomotor,Automóvil;Av. Provincias Unidas Y Ituzaingó;2;1;0;1;0;0;Avenida;ROSARIO;Rosario;Asfalto;No existe;II;Dentro;Urbana;Otra Señal;Funciona;Intersección;Bueno;Buena;Diurna;Buen Tiempo;Múltiple;S/D;Colisión;Ninguna;Horizontal,Vertical
6625;2021;3/9/2021;Viernes;07:50:00;;0.0;2;Moto/Ciclomotor,Automóvil;BERNARDO DE YRIGOYEN  Y SAN MARTIN;2;1;0;1;0;0;Calle;VERA;Vera;Asfalto;No existe;XIX;Dentro;Urbana;Otra Señal;No existe;Intersección;Bueno;Buena;Diurna;Buen Tiempo;Múltiple;S/D;Colisión;Ninguna;Faltante
6626;2021;3/9/2021;Viernes;00:30:00;;0.0;2;Moto/Ciclomotor,Moto/Ciclomotor;9 de Julio Y Belgrano;3;3;0;0;0;0;Calle;VERA;Vera;Asfalto;No existe;XIX;Dentro;Urbana;Otra Señal;No existe;Intersección;Bueno;Buena;Diurna;Buen Tiempo;Múltiple;S/D;Colisión;Ninguna;Faltante
6627;2021;3/9/2021;Viernes;23:00:00;;0.0;2;Moto/Ciclomotor,Moto/Ciclomotor; ;3;1;0;2;0;0;Camino Rural;VERA;Vera;Tierra;No existe;XIX;Dentro;Rural;Otra Señal;No existe;Intersección;Deteriorada;Reducida;Nocturna;Buen Tiempo;Múltiple;S/D;Colisión;Ninguna;Faltante
6628;2021;3/9/2021;Viernes;15:45:00;;0.0;2;Automóvil,Moto/Ciclomotor;España Y Gálvez;2;1;0;1;0;0;Calle;ROSARIO;Rosario;Asfalto;No existe;II;Dentro;Urbana;Otra Señal;No existe;Intersección;Resbaladiza;Buena;Diurna;Buen Tiempo;Múltiple;S/D;Colisión;Agua;Vertical