ID_Accidente;A�o;Fecha;Dia;Hopra;Ruta/Autop;km;Participantes;Tipo;Lugar;Total;Heridos Leves;Heridos Graves;Ilesos;Fallecidos;Sin datos;desc_tipo_via;desc_loc;desc_dpto;|;desc_tipo_banquina;desc_unidad_regional;desc_lugar_calzada;desc_zona;desc_prioridad;desc_estado_semaforo;desc_lugar_via;desc_estado_via;desc_estado_visibilidad;desc_luminosidad;desc_estado_clima;desc_tipo_colision;desc_tipo_atropello;desc_tipo_hecho;desc_pres_calzada;desc_senializacion
6629;2021;3/9/2021;Viernes;16:00:00;;0.0;2;Automóvil,Peatón;3 De Febrero Y Pte. Roca;2;1;0;1;0;0;Calle;ROSARIO;Rosario;Asfalto;No existe;II;Dentro;Urbana;Otra Señal;No existe;Intersección;Bueno;Buena;Diurna;Buen Tiempo;Múltiple;Peatón;Colisión;Ninguna;Horizontal
6630;2021;3/9/2021;Viernes;;;0.0;2;Automóvil,Moto/Ciclomotor;Boulevard Ovidio Lagos Y Dante Alighieri;2;1;0;1;0;0;Calle;CASILDA;Caseros;Asfalto;No existe;IV;Dentro;Urbana;Otra Señal;No existe;Intersección;Bueno;Buena;Diurna;Buen Tiempo;Múltiple;S/D;Colisión;Ninguna;Vertical
6631;2021;3/9/2021;Viernes;10:15:00;;0.0;2;Automóvil,Bicicleta;Boulevard Lisandro de la Torre Y Boulevard Ovidio Lagos;2;1;0;1;0;0;Avenida;CASILDA;Caseros;Asfalto;No existe;IV;Dentro;Urbana;Otra Señal;No existe;Intersección;Bueno;Buena;Diurna;Buen Tiempo;Múltiple;Ciclista;Colisión;Ninguna;Horizontal
6632;2021;3/9/2021;Viernes;10:32:00;;0.0;2;Moto/Ciclomotor,Moto/Ciclomotor;Av. Dr. Luis Chapuis Y Fernando Azcoaga;2;2;0;0;0;0;Avenida;VENADO TUERTO;General LÓPEZ;Asfalto;No existe;VIII;Dentro;Urbana;Otra Señal;No existe;Intersección;Bueno;Buena;Diurna;Buen Tiempo;Múltiple;S/D;Colisión;Ninguna;Faltante
6633;2021;3/9/2021;Viernes;05:00:00;;0.0;1;Pickup/Utilitario; ;1;1;0;0;0;0;Camino Rural;RECONQUISTA;General Obligado;Asfalto;No existe;IX;Dentro;Rural;Otra Señal;No existe;Intersección;Bueno;Buena;Diurna;Buen Tiempo;Múltiple;S/D;Colisión;Ninguna;Faltante
6634;2021;3/9/2021;Viernes;;Ruta Nacional 11;0.0;2;Pickup/Utilitario,Moto/Ciclomotor;Calle 8 Y Ruta Nacional 11;5;1;0;4;0;0;Ruta;GUADALUPE NORTE;General Obligado;Asfalto;Ripio;IX;Dentro;Urbana;Otra Señal;No existe;Intersección;Bueno;Buena;Diurna;Buen Tiempo;Múltiple;S/D;Colisión;Ninguna;Horizontal
6635;2021;3/9/2021;Viernes;;Ruta Provincial 32;56.0;1;Automóvil; ;2;2;0;0;0;0;Ruta;VILLA ANA;General Obligado;S/D;Ripio;IX;Dentro;Urbana;Otra Señal;No existe;Intersección;S/D;S/D;S/D;S/D;Múltiple;S/D;Colisión;S/D;S/D
6636;2021;3/9/2021;Viernes;21:00:00;;0.0;2;Moto/Ciclomotor,Automóvil;9 de Julio Y Sarmiento;2;2;0;0;0;0;Calle;CAÑADA DE GÓMEZ;Iriondo;Asfalto;No existe;X;Dentro;Urbana;Otra Señal;No existe;Intersección;Bueno;Buena;Diurna;Buen Tiempo;Múltiple;S/D;Colisión;Ninguna;Faltante
6637;2021;3/9/2021;Viernes;;;0.0;1;Automóvil;España Y Tucumán;1;1;0;0;0;0;Calle;ROSARIO;Rosario;Asfalto;No existe;II;Dentro;Urbana;Otra Señal;No existe;Intersección;Bueno;Buena;Nocturna;Buen Tiempo;Múltiple;S/D;Colisión;Ninguna;Horizontal
6638;2021;3/9/2021;Viernes;08:30:00;;0.0;1;Moto/Ciclomotor;Genaro Roldan 1051;2;1;0;0;0;1;Calle;SAN LORENZO;San Lorenzo;Asfalto;No existe;XVII;Dentro;Urbana;Otra Señal;No existe;Intersección;Bueno;S/D;Diurna;S/D;Múltiple;S/D;Colisión;Ninguna;Faltante
6639;2021;3/9/2021;Viernes;17:30:00;;0.0;2;Bicicleta,Automóvil;Mendoza Y Santa Fe;3;2;0;1;0;0;Calle;AREQUITO;Constitución;Asfalto;No existe;IV;Dentro;Urbana;Otra Señal;No existe;Intersección;Bueno;Buena;Diurna;Buen Tiempo;Múltiple;Ciclista;Colisión;Ninguna;Faltante
6640;2021;3/9/2021;Viernes;14:00:00;;0.0;2;Automóvil,Moto/Ciclomotor;Gálvez Y Rio De Janeiro;3;2;0;0;0;1;Calle;ROSARIO;Constitución;Asfalto;No existe;II;Dentro;Urbana;Otra Señal;No existe;Intersección;S/D;S/D;Diurna;S/D;Múltiple;S/D;Colisión;S/D;Faltante
6641;2021;3/9/2021;Viernes;16:30:00;;0.0;1;Moto/Ciclomotor;Av. Ovidio Lagos Y Rioja;1;1;0;0;0;0;Avenida;ROSARIO;Constitución;Asfalto;No existe;II;Dentro;Urbana;Otra Señal;Funciona;Intersección;S/D;S/D;Diurna;S/D;Múltiple;S/D;Colisión;S/D;Horizontal,Vertical
6642;2021;3/9/2021;Viernes;10:00:00;;0.0;2;Automóvil,Moto/Ciclomotor;Vera Mujica 600;2;0;0;0;0;1;Calle;SANTA FE;Constitución;Asfalto;No existe;I;Dentro;Urbana;Otra Señal;No existe;Intersección;Bueno;Buena;Diurna;Buen Tiempo;Múltiple;S/D;Colisión;Ninguna;Vertical
6643;2021;3/9/2021;Viernes;13:00:00;;0.0;1;Bicicleta;Av. Iriondo 2800;1;0;0;0;0;0;Avenida;SAN JUSTO;Constitución;Asfalto;No existe;XVI;Dentro;Urbana;Otra Señal;No existe;Intersección;Bueno;Buena;Diurna;Buen Tiempo;Múltiple;S/D;Colisión;Ninguna;Horizontal
6644;2021;3/9/2021;Viernes;11:20:00;Ruta Nacional 11;0.0;2;Automóvil,Peatón;Bv San Martin Y Mitre;2;0;0;1;0;0;Ruta;TIMBÚES;Constitución;Asfalto;Ripio;XVII;Dentro;Urbana;Otra Señal;No existe;Intersección;Bueno;Buena;Diurna;Buen Tiempo;Múltiple;Peatón;Colisión;Ninguna;Faltante
6645;2021;3/9/2021;Viernes;19:30:00;;0.0;2;Automóvil,Moto/Ciclomotor;Ivanowski Y Necochea;2;0;0;0;0;1;Calle;ROSARIO;Rosario;Asfalto;No existe;II;Dentro;Urbana;Otra Señal;No existe;Intersección;S/D;S/D;Nocturna;S/D;Múltiple;S/D;Colisión;S/D;Faltante
6646;2021;4/9/2021;Sabado;19:45:00;Ruta Provincial 1;1.0;2;Moto/Ciclomotor,Pickup/Utilitario; ;2;1;0;1;0;0;Ruta;COLASTINE;La Capital;Asfalto;Pavimento;I;Dentro;Urbana;Otra Señal;No existe;Intersección;Bueno;Buena;Nocturna;Buen Tiempo;Múltiple;S/D;Colisión;Ninguna;Horizontal,Vertical
6647;2021;4/9/2021;Sabado;21:50:00;;0.0;2;Moto/Ciclomotor,Bicicleta;Libertad Y Rca Oriental del Uruguay;2;1;0;1;0;0;Calle;SANTO TOMÉ;La Capital;Asfalto;No existe;I;Dentro;Urbana;Otra Señal;No existe;Intersección;Bueno;Buena;Nocturna,Con luz artificial;Buen Tiempo;Múltiple;Ciclista;Colisión;Ninguna;Faltante
6648;2021;4/9/2021;Sabado;17:10:00;;0.0;2;Moto/Ciclomotor,Automóvil;Calle 35-España Y Calle 44-27 de Abril;2;1;0;1;0;0;Calle;RECONQUISTA;General Obligado;Asfalto,Tierra;No existe;IX;Dentro;Urbana;Otra Señal;No existe;Intersección;Bueno;Buena;Diurna;Buen Tiempo;Múltiple;S/D;Colisión;Ninguna;Horizontal,Vertical
6649;2021;4/9/2021;Sabado;01:10:00;;0.0;2;Moto/Ciclomotor,Automóvil;Calle 28 - San Lorenzo Y Calle 7-Sarmiento;2;1;0;1;0;0;Calle;RECONQUISTA;General Obligado;Asfalto;No existe;IX;Dentro;Urbana;Otra Señal;No existe;Intersección;Bueno;Buena;Diurna;Buen Tiempo;Múltiple;S/D;Colisión;Ninguna;Vertical
6650;2021;4/9/2021;Sabado;09:30:00;Ruta Provincial 70;0.0;2;Automóvil,Moto/Ciclomotor;A Aufranc Y Nicolas Schneider;2;1;0;1;0;0;Ruta;ESPERANZA;Las Colonias;Asfalto;No existe;XI;Dentro;Urbana;Otra Señal;Funciona;Intersección;Bueno;Buena;Diurna;Buen Tiempo;Múltiple;S/D;Colisión;Ninguna;Vertical
6651;2021;4/9/2021;Sabado;22:00:00;;0.0;2;Peatón,Moto/Ciclomotor;Av. Belgrano ;4;0;0;3;0;0;Avenida;PEREZ;Rosario;Asfalto;No existe;II;Dentro;Urbana;Otra Señal;No existe;Intersección;Bueno;Reducida;Nocturna;Buen Tiempo;Múltiple;Peatón;Colisión;Ninguna;Faltante
6652;2021;4/9/2021;Sabado;09:10:00;Ruta Nacional 11;0.0;2;Pickup/Utilitario,Moto/Ciclomotor;Combate de San Lorenzo ;2;1;0;1;0;0;Ruta;GOBERNADOR CRESPO;San Justo;Asfalto;No existe;II;Dentro;Urbana;Otra Señal;No existe;Intersección;Bueno;Buena;Diurna;Buen Tiempo;Múltiple;S/D;Colisión;Ninguna;Horizontal
6653;2021;4/9/2021;Sabado;21:00:00;;0.0;2;Bicicleta,Pickup/Utilitario;Bv 14 de Diciembre 1600;3;1;0;2;0;0;Calle;ARMSTRONG;Belgrano;Asfalto;No existe;III;Dentro;Urbana;Otra Señal;No existe;Intersección;Bueno;Buena;Nocturna,Con luz artificial;Buen Tiempo;Múltiple;Ciclista;Colisión;Ninguna;Faltante
6654;2021;4/9/2021;Sabado;17:00:00;Autopista Nacional Rosario -Cordoba;374.0;1;Camión c / Acoplado; ;1;1;0;0;0;0;Autopista;ARMSTRONG;Belgrano;Asfalto;Natural;III;Dentro;Rural;Otra Señal;No existe;Intersección;Bueno;Buena;Diurna;Lluvia;Múltiple;S/D;Colisión;Agua;Horizontal
6655;2021;4/9/2021;Sabado;04:25:00;;0.0;2;Automóvil,Pickup/Utilitario;Bv Bell Ville Y Dr. Ricardo Fischer;7;4;0;3;0;0;Calle;ARMSTRONG;Belgrano;Asfalto;No existe;III;Dentro;Urbana;Otra Señal;No existe;Intersección;Bueno;Buena;Nocturna;Buen Tiempo;Múltiple;S/D;Colisión;Ninguna;Faltante
6656;2021;4/9/2021;Sabado;10:55:00;;0.0;2;Peatón,Moto/Ciclomotor;El Algarrobo Y El Jilguero;3;3;0;0;0;0;Calle;PEREZ;Rosario;Asfalto;No existe;II;Dentro;Urbana;Otra Señal;No existe;Intersección;Bueno;Buena;Diurna;Buen Tiempo;Múltiple;Peatón;Colisión;Ninguna;Faltante
6657;2021;4/9/2021;Sabado;19:40:00;;0.0;2;Automóvil,Moto/Ciclomotor;LIBERTAD  Y PUEBLO MOCOVÍ;3;1;0;2;0;0;Avenida;SAN JAVIER;San Javier;Asfalto;No existe;XIV;Dentro;Urbana;Otra Señal;No existe;Intersección;Bueno;Buena;Nocturna;Buen Tiempo;Múltiple;S/D;Colisión;Ninguna;Faltante
6658;2021;4/9/2021;Sabado;10:25:00;;0.0;2;Moto/Ciclomotor,Automóvil;Andreu Y Bv San diego;2;1;0;1;0;0;Avenida;VILLA GOBERNADOR GÁLVEZ;Rosario;Asfalto;No existe;II;Dentro;Urbana;Otra Señal;No existe;Intersección;Bueno;Buena;Diurna;Buen Tiempo;Múltiple;S/D;Colisión;Ninguna;Faltante
6659;2021;4/9/2021;Sabado;20:10:00;;0.0;2;Automóvil,Moto/Ciclomotor;Bv. Wilde Y J.B.Justo;2;1;0;1;0;0;Avenida;ROSARIO;Rosario;Asfalto;No existe;II;Dentro;Urbana;Otra Señal;No existe;Intersección;Resbaladiza;Buena;Diurna;Lluvia;Múltiple;S/D;Colisión;Agua;Faltante
6660;2021;4/9/2021;Sabado;18:50:00;;0.0;2;Automóvil,Bicicleta;Chubut Y Cno San Roque;2;1;0;0;0;1;Calle;SAN JUSTO;San Justo;Asfalto;No existe;XVI;Dentro;Urbana;Otra Señal;No existe;Intersección;Bueno;Buena;Diurna;Buen Tiempo;Múltiple;Ciclista;Colisión;Ninguna;Faltante
6661;2021;4/9/2021;Sabado;13:10:00;;0.0;2;Moto/Ciclomotor,Automóvil;Cochabamba Y L.N.Alem;2;1;0;1;0;0;Calle;ROSARIO;Rosario;Asfalto;No existe;II;Dentro;Urbana;Otra Señal;No existe;Intersección;Bueno;Buena;Diurna;Buen Tiempo;Múltiple;S/D;Colisión;Ninguna;Horizontal,Vertical
6662;2021;4/9/2021;Sabado;12:15:00;;0.0;2;Automóvil,Moto/Ciclomotor;Dorrego Y Gálvez;2;1;0;1;0;0;Calle;ROSARIO;Rosario;Asfalto;No existe;II;Dentro;Urbana;Otra Señal;No existe;Intersección;Bueno;Buena;Diurna;Buen Tiempo;Múltiple;S/D;Colisión;Ninguna;Faltante
6663;2021;4/9/2021;Sabado;04:45:00;;0.0;2;Moto/Ciclomotor,Moto/Ciclomotor;Córdoba Y Mariano Moreno;2;1;0;1;0;0;Calle;ROSARIO;Rosario;Asfalto;No existe;II;Dentro;Urbana;Otra Señal;No existe;Intersección;Bueno;Buena;Nocturna,Con luz artificial;Buen Tiempo;Múltiple;S/D;Colisión;Ninguna;Horizontal,Vertical
6664;2021;4/9/2021;Sabado;13:30:00;;0.0;2;Automóvil,Moto/Ciclomotor;Melincue Y Rui Barbosa;3;1;0;2;0;0;Calle;ROSARIO;Rosario;Asfalto;No existe;II;Dentro;Urbana;Otra Señal;No existe;Intersección;Bueno;Buena;Diurna;Otro;Múltiple;S/D;Colisión;Ninguna;Faltante
6665;2021;4/9/2021;Sabado;;;0.0;2;Automóvil,Automóvil;Juan José Castelli Y Republica de Chile;2;1;0;1;0;0;Calle;SANTO TOMÉ;La Capital;Ripio;No existe;I;Dentro;Urbana;Otra Señal;No existe;Intersección;Con baches,Deteriorada;Buena;Diurna;Buen Tiempo;Múltiple;S/D;Colisión;Ninguna;Faltante
6666;2021;4/9/2021;Sabado;;;0.0;2;Pickup/Utilitario,Automóvil;Lisandro de la Torre Y San Jerónimo;3;1;0;2;0;0;Calle;SANTA FE;La Capital;Asfalto;No existe;I;Dentro;Urbana;Otra Señal;No existe;Intersección;Bueno;Buena;S/D;Buen Tiempo;Múltiple;S/D;Colisión;Ninguna;Horizontal
6667;2021;4/9/2021;Sabado;05:50:00;Ruta Nacional 11;412.0;1;Automóvil; ;1;1;0;0;0;0;Ruta;AROCENA;San JERÓNIMO;Asfalto;No existe;XV;Dentro;Rural;Otra Señal;No existe;Intersección;Bueno;Buena;Diurna;Buen Tiempo;Múltiple;S/D;Colisión;Ninguna;Faltante
6668;2021;4/9/2021;Sabado;15:10:00;;0.0;2;Automóvil,Moto/Ciclomotor;Av. Carlos A Poucel Y José Ingenieros;4;1;0;3;0;0;Avenida;SAN LORENZO;San Lorenzo;Asfalto;No existe;XVII;Dentro;Urbana;Otra Señal;No existe;Intersección;Bueno;Buena;Diurna;Buen Tiempo;Múltiple;S/D;Colisión;Ninguna;Faltante
6669;2021;4/9/2021;Sabado;16:15:00;Ruta Nacional 11;0.0;2;Moto/Ciclomotor,Automóvil;Av. San Martin Y Santiago del Estero;2;1;0;1;0;0;Ruta;SAN LORENZO;San Lorenzo;Asfalto;No existe;XVII;Dentro;Urbana;Otra Señal;No existe;Intersección;Bueno;Buena;Diurna;Buen Tiempo;Múltiple;S/D;Colisión;Ninguna;Horizontal
6670;2021;4/9/2021;Sabado;21:50:00;;0.0;2;Automóvil,Moto/Ciclomotor;Santa Fe ;2;1;0;1;0;0;Calle;VILLA ANA;General Obligado;S/D;No existe;XI;Dentro;Urbana;Otra Señal;S/D;Intersección;S/D;S/D;Nocturna;S/D;Múltiple;S/D;Colisión;S/D;S/D
6671;2021;4/9/2021;Sabado;12:00:00;;0.0;1;Moto/Ciclomotor;Bv. Avellaneda Y Bv. Seguí;2;2;0;0;0;0;Avenida;ROSARIO;Constitución;Asfalto;No existe;II;Dentro;Urbana;Otra Señal;Funciona;Intersección;S/D;S/D;Diurna;S/D;Múltiple;S/D;Colisión;S/D;Horizontal,Vertical
6672;2021;4/9/2021;Sabado;17:30:00;Autopista Nacional A008;0.0;1;Moto/Ciclomotor;Av. Circunvalación Y Av. Pellegrini;1;1;0;0;0;0;Autopista;ROSARIO;Constitución;Asfalto;Pavimento;II;Dentro;Urbana;Otra Señal;Funciona;Intersección;S/D;S/D;Diurna;S/D;Múltiple;S/D;Colisión;S/D;Horizontal,Vertical
6673;2021;4/9/2021;Sabado;01:00:00;;0.0;1;Moto/Ciclomotor; ;1;1;0;0;0;0;S/D;ROSARIO;Constitución;S/D;S/D;II;S/D;S/D;Otra Señal;S/D;Intersección;S/D;S/D;Nocturna;S/D;Múltiple;S/D;Colisión;S/D;S/D
6674;2021;4/9/2021;Sabado;19:50:00;;0.0;2;Moto/Ciclomotor,Automóvil;Avenida 13 400;2;0;0;1;0;0;Avenida;LAS PAREJAS;Constitución;Asfalto;No existe;III;Dentro;Urbana;Otra Señal;No existe;Intersección;Bueno;Buena;Nocturna,Con luz artificial;Buen Tiempo;Múltiple;S/D;Colisión;Ninguna;Faltante
6675;2021;4/9/2021;Sabado;21:15:00;;0.0;2;Automóvil,Moto/Ciclomotor;Av. Ovidio Lagos Y Fragata Sarmiento;3;0;0;2;0;0;Avenida;ROSARIO;Constitución;Asfalto;No existe;II;Dentro;Urbana;Otra Señal;Funciona;Intersección;Bueno;Buena;Nocturna,Con luz artificial;Buen Tiempo;Múltiple;S/D;Colisión;Ninguna;Horizontal,Vertical
6676;2021;4/9/2021;Sabado;20:50:00;;0.0;2;Automóvil,Pickup/Utilitario;Matheu Y Polledo;2;0;0;1;0;0;Calle;ROSARIO;Constitución;Asfalto;No existe;II;Dentro;Urbana;Otra Señal;No existe;Intersección;Bueno;Buena;Nocturna;Buen Tiempo;Múltiple;S/D;Colisión;Ninguna;Faltante
6677;2021;4/9/2021;Sabado;07:55:00;Ruta Nacional 34;34.0;2;Camión c / Acoplado,Camión c / Semirremolque; ;2;0;0;0;0;0;Ruta;LUIS PALACIOS;Constitución;Asfalto;No existe;XVII;Dentro;Rural;Otra Señal;No existe;Intersección;Bueno;Buena;Diurna;Buen Tiempo;Múltiple;S/D;Colisión;Ninguna;Horizontal
6678;2021;4/9/2021;Sabado;20:00:00;;0.0;2;Automóvil,Bicicleta; ;2;0;0;0;0;1;S/D;ROSARIO;Rosario;S/D;S/D;II;S/D;S/D;Otra Señal;S/D;Intersección;S/D;S/D;Nocturna;S/D;Múltiple;Ciclista;Colisión;S/D;S/D
6679;2021;5/9/2021;Domingo;22:50:00;;0.0;2;Pickup/Utilitario,Moto/Ciclomotor;Domingo Silva Y San Jerónimo;2;1;0;1;0;0;Calle;SANTA FE;La Capital;Asfalto;No existe;I;Dentro;Urbana;Otra Señal;No existe;Intersección;Bueno;Buena;Nocturna;Buen Tiempo;Múltiple;S/D;Colisión;Ninguna;Faltante
6680;2021;5/9/2021;Domingo;00:05:00;Ruta Nacional 11;454.0;2;Automóvil,Automóvil; ;2;2;0;0;0;0;Ruta;SAUCE VIEJO;La Capital;Asfalto;Pavimento;I;Dentro;Urbana;Otra Señal;No existe;Intersección;Bueno;Buena;Diurna;Buen Tiempo;Múltiple;S/D;Colisión;Ninguna;Horizontal,Vertical
6681;2021;5/9/2021;Domingo;16:55:00;;0.0;2;Moto/Ciclomotor,Moto/Ciclomotor;Av. Blas Parera Y Millan Medina;2;1;0;1;0;0;Avenida;SANTA FE;La Capital;Asfalto;No existe;I;Dentro;Urbana;Otra Señal;Funciona;Intersección;Bueno;Buena;Diurna;Buen Tiempo;Múltiple;S/D;Colisión;Ninguna;Horizontal,Vertical
6682;2021;5/9/2021;Domingo;03:00:00;;0.0;1;Automóvil;Av. Luis Carballo Y Bv. Avellaneda;4;2;0;0;1;1;Avenida;ROSARIO;Rosario;Asfalto;No existe;II;S/D;Urbana;Otra Señal;Funciona;Intersección;Bueno;Buena;Nocturna;S/D;Múltiple;S/D;Colisión;Ninguna;Horizontal,Vertical
6683;2021;5/9/2021;Domingo;19:35:00;Ruta Provincial 2;20.0;3;Automóvil,Automóvil,Pickup/Utilitario; ;6;1;0;5;0;0;Ruta;CONSTITUYENTE;La Capital;Asfalto;Natural;I;Dentro;Rural;Otra Señal;No existe;Intersección;Bueno;Buena;Atardecer;Buen Tiempo;Múltiple;S/D;Colisión;Ninguna;Horizontal
6684;2021;5/9/2021;Domingo;;;0.0;2;Bicicleta,Automóvil;Av. Peñaloza Y Diagonal Goyena;2;1;0;1;0;0;Avenida;SANTA FE;La Capital;Asfalto;No existe;I;Dentro;Urbana;Otra Señal;Funciona;Intersección;Bueno;Buena;Diurna;Buen Tiempo;Múltiple;Ciclista;Colisión;Ninguna;Horizontal,Vertical
6685;2021;5/9/2021;Domingo;21:20:00;;0.0;1;Moto/Ciclomotor; ;2;1;0;1;0;0;Camino Rural;CAMPO DEL MEDIO;Garay;Tierra;S/D;VII;Dentro;Rural;Otra Señal;No existe;Intersección;Otro;Reducida;Nocturna;Buen Tiempo;Múltiple;S/D;Colisión;Ninguna;Faltante
6686;2021;5/9/2021;Domingo;18:15:00;;0.0;2;Moto/Ciclomotor,Automóvil;Sánchez de Bustamante Y Salva;2;1;0;0;0;1;Calle;ROSARIO;Rosario;Asfalto;No existe;II;Dentro;Urbana;Otra Señal;No existe;Intersección;Bueno;Buena;Diurna;Buen Tiempo;Múltiple;S/D;Colisión;Ninguna;Faltante
6687;2021;5/9/2021;Domingo;05:50:00;Ruta Nacional 11;462.0;2;Moto/Ciclomotor,Automóvil;PUENTE CARRETERO SANTA FE - SANTO TOME ;2;1;0;1;0;0;Ruta;SANTA FE;La Capital;Asfalto;No existe;I;Dentro;Urbana;Otra Señal;No existe;Intersección;Bueno;Reducida;Nocturna;Buen Tiempo;Múltiple;S/D;Colisión;Ninguna;Horizontal
6688;2021;5/9/2021;Domingo;12:30:00;;0.0;2;Automóvil,Automóvil;Francia Y Juan de Garay;4;1;0;2;0;1;Calle;SANTA FE;La Capital;Asfalto;No existe;I;Dentro;Urbana;Otra Señal;No existe;Intersección;Bueno;Buena;Diurna;Buen Tiempo;Múltiple;S/D;Colisión;Ninguna;Faltante
6689;2021;5/9/2021;Domingo;12:50:00;;0.0;1;Moto/Ciclomotor;Fraga Y Montevideo;2;1;0;1;0;0;Calle;ROSARIO;Rosario;Asfalto;No existe;II;Dentro;Urbana;Otra Señal;No existe;Intersección;Bueno;Buena;Diurna;Buen Tiempo;Múltiple;S/D;Colisión;Ninguna;Faltante
6690;2021;5/9/2021;Domingo;00:05:00;Ruta Nacional 11;0.0;2;Peatón,Pickup/Utilitario;JOSÉ JOZAMI ;2;1;0;1;0;0;Ruta;RAMAYÓN;San Justo;Asfalto;No existe;XVI;Dentro;Urbana;Otra Señal;No existe;Intersección;Bueno;Buena;Nocturna;Buen Tiempo;Múltiple;Peatón;Colisión;Ninguna;Horizontal
6691;2021;5/9/2021;Domingo;20:30:00;;0.0;2;Automóvil,Automóvil;Entre Ríos Y Virasoro;3;1;0;2;0;0;Calle;ROSARIO;Rosario;Asfalto;No existe;II;Dentro;Urbana;Otra Señal;Funciona;Intersección;Bueno;Buena;Diurna;Buen Tiempo;Múltiple;S/D;Colisión;Ninguna;Horizontal,Vertical
6692;2021;5/9/2021;Domingo;06:00:00;;0.0;2;Bicicleta,Automóvil;Mendoza Y Sarmiento;2;1;0;1;0;0;Calle;ROSARIO;Rosario;Asfalto;No existe;II;Dentro;Urbana;Otra Señal;No existe;Intersección;Bueno;Buena;Nocturna;Buen Tiempo;Múltiple;Ciclista;Colisión;Ninguna;Horizontal
6693;2021;5/9/2021;Domingo;20:00:00;;0.0;2;Moto/Ciclomotor,Automóvil;España Y Khantuta;3;2;0;1;0;0;Calle;ROSARIO;Rosario;Asfalto;No existe;II;Dentro;Urbana;Otra Señal;No existe;Intersección;Bueno;Buena;Nocturna,Con luz artificial;Buen Tiempo;Múltiple;S/D;Colisión;Ninguna;Vertical
6694;2021;5/9/2021;Domingo;;;0.0;1;Moto/Ciclomotor;Arturo Illia Y San Jerónimo;1;1;0;0;0;0;Calle;SANTA FE;La Capital;Asfalto;No existe;I;Dentro;Urbana;Otra Señal;No existe;Intersección;Bueno;Buena;Diurna;Buen Tiempo;Múltiple;S/D;Colisión;Ninguna;Horizontal
6695;2021;5/9/2021;Domingo;;Autopista Nacional A007;0.0;1;Automóvil; ;1;1;0;0;0;0;Autopista;SANTA FE;La Capital;Asfalto;Pavimento;I;Dentro;Rural;Otra Señal;No existe;Intersección;Bueno;Buena;S/D;Buen Tiempo;Múltiple;S/D;Colisión;Ninguna;Horizontal
6696;2021;5/9/2021;Domingo;12:30:00;;0.0;2;Moto/Ciclomotor,Automóvil; ;2;1;0;1;0;0;S/D;VENADO TUERTO;General LÓPEZ;S/D;S/D;VIII;S/D;S/D;Otra Señal;S/D;Intersección;S/D;S/D;S/D;S/D;Múltiple;S/D;Colisión;S/D;S/D
6697;2021;5/9/2021;Domingo;07:00:00;;0.0;1;Automóvil;Joaquín Argosnz Y Neuquén;2;2;0;0;0;0;Calle;VENADO TUERTO;General LÓPEZ;Tierra;No existe;VIII;Dentro;Urbana;Otra Señal;No existe;Intersección;Bueno;Buena;Amanecer;Buen Tiempo;Múltiple;S/D;Colisión;Ninguna;Faltante
6698;2021;5/9/2021;Domingo;21:30:00;;0.0;2;Moto/Ciclomotor,Automóvil;Av. Dr. Luis Chapuis Y Manuel Vicente Manzano;2;1;0;1;0;0;Calle;VENADO TUERTO;General LÓPEZ;Asfalto;No existe;VIII;Dentro;Urbana;Otra Señal;No existe;Intersección;Bueno;Buena;Diurna;Buen Tiempo;Múltiple;S/D;Colisión;Ninguna;Faltante
6699;2021;5/9/2021;Domingo;03:00:00;Ruta Nacional 11;736.0;1;Moto/Ciclomotor; ;2;2;0;0;0;0;Ruta;MALABRIGO;General Obligado;Asfalto;No existe;IX;Dentro;Urbana;Otra Señal;No existe;Intersección;Bueno;Buena;Diurna;Buen Tiempo;Múltiple;S/D;Colisión;Ninguna;Horizontal
6700;2021;5/9/2021;Domingo;00:10:00;Ruta Nacional 11;882.0;1;Moto/Ciclomotor; ;1;1;0;0;0;0;Ruta;TACUARENDÍ;General Obligado;Asfalto;Natural;IX;Dentro;Urbana;Otra Señal;No existe;Intersección;Bueno;Buena;Nocturna;Buen Tiempo;Múltiple;S/D;Colisión;Ninguna;Horizontal
6701;2021;5/9/2021;Domingo;;;0.0;2;Moto/Ciclomotor,Automóvil;Calle 18 - Gral. Belgrano Y Calle 19-Habegger;2;2;0;0;0;0;Calle;RECONQUISTA;General Obligado;Asfalto;No existe;IX;Dentro;Urbana;Otra Señal;No existe;Intersección;Bueno;Buena;Diurna;Buen Tiempo;Múltiple;S/D;Colisión;Ninguna;Horizontal
6702;2021;5/9/2021;Domingo;;;0.0;2;Moto/Ciclomotor,Moto/Ciclomotor;Calle 10-Ludueña Y Calle 17-Bartolome Mitre;3;3;0;0;0;0;Calle;RECONQUISTA;General Obligado;Asfalto;No existe;IX;Dentro;Urbana;Otra Señal;No existe;Intersección;Bueno;Buena;Diurna;Buen Tiempo;Múltiple;S/D;Colisión;Ninguna;Faltante