ID_Accidente;A�o;Fecha;Dia;Hopra;Ruta/Autop;km;Participantes;Tipo;Lugar;Total;Heridos Leves;Heridos Graves;Ilesos;Fallecidos;Sin datos;desc_tipo_via;desc_loc;desc_dpto;|;desc_tipo_banquina;desc_unidad_regional;desc_lugar_calzada;desc_zona;desc_prioridad;desc_estado_semaforo;desc_lugar_via;desc_estado_via;desc_estado_visibilidad;desc_luminosidad;desc_estado_clima;desc_tipo_colision;desc_tipo_atropello;desc_tipo_hecho;desc_pres_calzada;desc_senializacion
6703;2021;5/9/2021;Domingo;08:00:00;;0.0;1;Moto/Ciclomotor;Ayacucho Y Marco Polo;1;1;0;0;0;0;Calle;ROSARIO;Constitución;Asfalto;No existe;II;Dentro;Urbana;Otra Señal;No existe;Intersección;S/D;S/D;Diurna;S/D;Múltiple;S/D;Colisión;S/D;Horizontal
6704;2021;5/9/2021;Domingo;00:05:00;;0.0;1;Automóvil;J.J.Paso Y Solís;1;1;0;0;0;0;Calle;ROSARIO;Constitución;Asfalto;No existe;II;Dentro;Urbana;Otra Señal;Funciona;Intersección;S/D;S/D;Nocturna;S/D;Múltiple;S/D;Colisión;S/D;Horizontal,Vertical
6705;2021;5/9/2021;Domingo;06:00:00;;0.0;1;Moto/Ciclomotor;Riobamba Y Roullon;1;1;0;0;0;0;Calle;ROSARIO;Constitución;Asfalto;No existe;II;Dentro;Urbana;Otra Señal;No existe;Intersección;S/D;S/D;Nocturna;S/D;Múltiple;S/D;Colisión;S/D;Faltante
6706;2021;5/9/2021;Domingo;18:00:00;;0.0;2;Automóvil,Automóvil;Av. Pte. Perón Y Lavalle;2;1;0;0;0;1;Avenida;ROSARIO;Constitución;Asfalto;No existe;II;Dentro;Urbana;Otra Señal;Funciona;Intersección;S/D;S/D;Diurna;S/D;Múltiple;S/D;Colisión;S/D;Horizontal,Vertical
6707;2021;5/9/2021;Domingo;02:00:00;;0.0;2;Otros,Peatón;Av. Génova Y Tarragona;2;1;0;0;0;1;Avenida;ROSARIO;Constitución;Asfalto;No existe;II;Dentro;Urbana;Otra Señal;No existe;Intersección;S/D;S/D;Nocturna;S/D;Múltiple;Peatón;Colisión;S/D;Faltante
6708;2021;5/9/2021;Domingo;14:00:00;;0.0;1;Automóvil;Av. J.Bernhein Y Bv. Wilde;2;2;0;0;0;0;Avenida;ROSARIO;Constitución;Asfalto;No existe;II;Dentro;Urbana;Otra Señal;No existe;Intersección;S/D;S/D;Diurna;S/D;Múltiple;S/D;Colisión;S/D;Horizontal,Vertical
6709;2021;5/9/2021;Domingo;16:00:00;;0.0;1;Moto/Ciclomotor; ;1;1;0;0;0;0;S/D;ROSARIO;Constitución;S/D;S/D;II;S/D;S/D;Otra Señal;S/D;Intersección;S/D;S/D;Diurna;S/D;Múltiple;S/D;Colisión;S/D;S/D
6710;2021;5/9/2021;Domingo;04:30:00;;0.0;2;Moto/Ciclomotor,Automóvil;Bv. Avellaneda Y Gaboto;4;0;0;2;0;0;Avenida;ROSARIO;Rosario;Asfalto;No existe;II;Dentro;Urbana;Otra Señal;No existe;Intersección;Bueno;Buena;Nocturna,Con luz artificial;Buen Tiempo;Múltiple;S/D;Colisión;Ninguna;Horizontal
6711;2021;6/9/2021;Lunes;21:30:00;;0.0;2;Automóvil,Moto/Ciclomotor;Av. A del Valle Y Padilla;2;1;0;1;0;0;Avenida;SANTA FE;La Capital;Asfalto;No existe;I;Dentro;Urbana;Otra Señal;No existe;Intersección;Bueno;Buena;Nocturna;Buen Tiempo;Múltiple;S/D;Colisión;Ninguna;Faltante
6712;2021;6/9/2021;Lunes;16:30:00;;0.0;2;Automóvil,Automóvil;Pedro Diaz Colodrero Y 9 de Julio;2;1;0;1;0;0;Calle;SANTA FE;La Capital;Asfalto;No existe;I;Dentro;Urbana;Otra Señal;No existe;Intersección;Bueno;Buena;Diurna;Buen Tiempo;Múltiple;S/D;Colisión;Ninguna;Faltante
6713;2021;6/9/2021;Lunes;20:00:00;;0.0;2;Moto/Ciclomotor,Peatón;Libertad 1900;2;1;0;1;0;0;Camino Rural;LAGUNA PAIVA;La Capital;Tierra;No existe;I;Dentro;Urbana;Otra Señal;No existe;Intersección;Bueno;Buena;Atardecer;Buen Tiempo;Múltiple;Peatón;Colisión;Ninguna;Faltante
6714;2021;6/9/2021;Lunes;12:50:00;;0.0;2;Automóvil,Moto/Ciclomotor;Calle 29-Alte Brown Y Calle 40 - Formosa;2;1;0;1;0;0;Calle;RECONQUISTA;General Obligado;Asfalto;No existe;IX;Dentro;Urbana;Otra Señal;No existe;Intersección;Bueno;Buena;Diurna;Buen Tiempo;Múltiple;S/D;Colisión;Ninguna;Faltante
6715;2021;6/9/2021;Lunes;09:35:00;;0.0;2;Moto/Ciclomotor,Automóvil;Domingo Faustino Sarmiento Y Gregorio Donnet;2;1;0;1;0;0;Calle;ESPERANZA;Las Colonias;Asfalto;No existe;XI;Dentro;Urbana;Otra Señal;No existe;Intersección;Bueno;Buena;Diurna;Buen Tiempo;Múltiple;S/D;Colisión;Ninguna;Horizontal,Vertical
6716;2021;6/9/2021;Lunes;14:30:00;;0.0;2;Automóvil,Moto/Ciclomotor;Cullen Y Domingo Faustino Sarmiento;2;1;0;1;0;0;Calle;ESPERANZA;Las Colonias;Hormigón;No existe;XI;Dentro;Urbana;Otra Señal;No existe;Intersección;Bueno;Buena;Diurna;Buen Tiempo;Múltiple;S/D;Colisión;Ninguna;Faltante
6717;2021;6/9/2021;Lunes;21:50:00;;0.0;1;Moto/Ciclomotor;Elorza Y Pedro Ríos;1;1;0;0;0;0;Calle;FUNES;Rosario;Asfalto;No existe;II;Dentro;Urbana;Otra Señal;No existe;Intersección;Con baches;Buena;Nocturna;Buen Tiempo;Múltiple;S/D;Colisión;Ninguna;Horizontal,Vertical
6718;2021;6/9/2021;Lunes;;;0.0;1;Automóvil;Vera Mujica 600;1;1;0;0;0;0;Calle;SANTA FE;La Capital;Asfalto;No existe;I;Dentro;Urbana;Otra Señal;No existe;Intersección;Bueno;Buena;Diurna;Buen Tiempo;Múltiple;S/D;Colisión;Ninguna;Faltante
6719;2021;6/9/2021;Lunes;20:00:00;;0.0;2;Moto/Ciclomotor,Automóvil;Av. Pte. Perón Y Bolivia;2;1;0;0;0;1;Avenida;SANTA FE;La Capital;Asfalto;No existe;I;Dentro;Urbana;Otra Señal;Funciona;Intersección;Bueno;Buena;Nocturna,Con luz artificial;Buen Tiempo;Múltiple;S/D;Colisión;Ninguna;Horizontal,Vertical
6720;2021;6/9/2021;Lunes;07:00:00;;0.0;2;Moto/Ciclomotor,Automóvil;Mitre 4010;3;1;0;2;0;0;Calle;ROSARIO;Rosario;Asfalto;No existe;II;Dentro;Urbana;Otra Señal;No existe;Intersección;Bueno;Buena;Diurna;Buen Tiempo;Múltiple;S/D;Colisión;Ninguna;Faltante
6721;2021;6/9/2021;Lunes;13:00:00;;0.0;2;Moto/Ciclomotor,Automóvil;Av. Corrientes Y Hilarion de la Quintana;2;1;0;1;0;0;Calle;ROSARIO;Rosario;Asfalto;No existe;II;Dentro;Urbana;Otra Señal;No existe;Intersección;Bueno;Buena;Diurna;Buen Tiempo;Múltiple;S/D;Colisión;Ninguna;Faltante
6722;2021;6/9/2021;Lunes;06:50:00;Ruta Provincial 21;0.0;1;Moto/Ciclomotor;Av. Gral. San Martin Y Moreno;1;1;0;0;0;0;Ruta;VILLA GOBERNADOR GÁLVEZ;Rosario;Asfalto;No existe;II;Dentro;Urbana;Otra Señal;No existe;Intersección;Bueno;Buena;Diurna;Buen Tiempo;Múltiple;S/D;Colisión;Ninguna;Horizontal
6723;2021;6/9/2021;Lunes;12:00:00;Autopista Nacional A008;0.0;2;Moto/Ciclomotor,Automóvil;Av. Circunvalación Y Av. Pellegrini;2;1;0;1;0;0;Autopista;ROSARIO;Rosario;Asfalto;No existe;II;Dentro;Urbana;Otra Señal;No existe;Intersección;Bueno;Buena;Diurna;Buen Tiempo;Múltiple;S/D;Colisión;Ninguna;Horizontal
6724;2021;6/9/2021;Lunes;20:30:00;;0.0;2;Moto/Ciclomotor,Automóvil;Ituzaingó Y Mitre;2;1;0;1;0;0;Calle;ROSARIO;Rosario;Asfalto;No existe;II;Dentro;Urbana;Otra Señal;No existe;Intersección;Bueno;Buena;Nocturna,Con luz artificial;Buen Tiempo;Múltiple;S/D;Colisión;Ninguna;Horizontal
6725;2021;6/9/2021;Lunes;12:10:00;;0.0;2;Automóvil,Automóvil;La Paz Y Laprida;2;1;0;1;0;0;Calle;ROSARIO;Rosario;Asfalto;No existe;II;Dentro;Urbana;Otra Señal;No existe;Intersección;Bueno;Buena;Diurna;Buen Tiempo;Múltiple;S/D;Colisión;Ninguna;Faltante
6726;2021;6/9/2021;Lunes;12:10:00;Ruta Nacional 11;676.0;1;Camión c / Acoplado; ;1;1;0;0;0;0;Ruta;CALCHAQUÍ;Vera;Asfalto;Natural;XIX;Dentro;Urbana;Otra Señal;No existe;Intersección;Bueno;Buena;Diurna;Buen Tiempo;Múltiple;S/D;Colisión;Ninguna;Faltante
6727;2021;6/9/2021;Lunes;01:30:00;Ruta Secundaria 40-s;0.0;2;Moto/Ciclomotor,Moto/Ciclomotor; ;4;4;0;0;0;0;Ruta;EL TRÉBOL;San MARTÍN;Asfalto;Natural;XVIII;Dentro;Rural;Otra Señal;No existe;Intersección;Bueno;Reducida;Nocturna;Buen Tiempo;Múltiple;S/D;Colisión;Ninguna;Horizontal
6728;2021;6/9/2021;Lunes;15:35:00;;0.0;2;Automóvil,Automóvil;Bartolomé Mitre Y Italia;6;6;0;0;0;0;Calle;VENADO TUERTO;General LÓPEZ;Asfalto;No existe;VIII;Dentro;Urbana;Otra Señal;No existe;Intersección;Bueno;Buena;Diurna;Buen Tiempo;Múltiple;S/D;Colisión;Ninguna;Faltante
6729;2021;6/9/2021;Lunes;06:00:00;;0.0;1;Automóvil;Iriondo Y Rawson;1;1;0;0;0;0;Calle;CAÑADA DE GÓMEZ;Iriondo;Asfalto;No existe;X;Dentro;Urbana;Otra Señal;No existe;Intersección;Bueno;Buena;Amanecer;Buen Tiempo;Múltiple;S/D;Colisión;Ninguna;Faltante
6730;2021;6/9/2021;Lunes;15:30:00;Autopista Nacional Rosario -Cordoba;362.0;2;Automóvil,Automóvil; ;2;2;0;0;0;0;Autopista;CAÑADA DE GÓMEZ;Iriondo;Asfalto;Pavimento;X;Dentro;Urbana;Otra Señal;No existe;Intersección;Bueno;Buena;Diurna;Buen Tiempo;Múltiple;S/D;Colisión;Ninguna;Horizontal
6731;2021;6/9/2021;Lunes;13:50:00;Ruta Nacional 11;0.0;1;Automóvil;CAMINO RURAL 33;1;1;0;0;0;0;Ruta;VILLA OCAMPO;General Obligado;Asfalto;No existe;IX;Dentro;Rural;Otra Señal;No existe;Intersección;Bueno;Buena;Diurna;Buen Tiempo;Múltiple;S/D;Colisión;Ninguna;Horizontal
6732;2021;6/9/2021;Lunes;23:50:00;;0.0;1;Moto/Ciclomotor;Alberdi Y Independencia;2;2;0;0;0;0;Calle;CHAÑAR LADEADO;Constitución;Asfalto;No existe;IV;Dentro;Urbana;Otra Señal;No existe;Intersección;Bueno;S/D;Nocturna;Buen Tiempo;Múltiple;S/D;Colisión;S/D;Faltante
6733;2021;6/9/2021;Lunes;15:00:00;;0.0;1;Bicicleta; ;1;1;0;0;0;0;S/D;ROSARIO;Constitución;S/D;S/D;II;S/D;S/D;Otra Señal;S/D;Intersección;S/D;S/D;Diurna;S/D;Múltiple;S/D;Colisión;S/D;S/D
6734;2021;6/9/2021;Lunes;18:00:00;;0.0;1;Otros; ;1;1;0;0;0;0;S/D;ROSARIO;Constitución;S/D;S/D;II;S/D;S/D;Otra Señal;S/D;Intersección;S/D;S/D;Diurna;S/D;Múltiple;S/D;Colisión;S/D;S/D
6735;2021;6/9/2021;Lunes;20:30:00;Autopista Nacional A008;0.0;1;Automóvil;Av. Circunvalación Y Av. Eva Perón;1;1;0;0;0;0;Autopista;ROSARIO;Constitución;Asfalto;No existe;II;Dentro;Urbana;Otra Señal;Funciona;Intersección;S/D;S/D;Nocturna,Con luz artificial;S/D;Múltiple;S/D;Colisión;S/D;Horizontal,Vertical
6736;2021;6/9/2021;Lunes;08:00:00;;0.0;1;Moto/Ciclomotor; ;1;1;0;0;0;0;S/D;ROSARIO;Constitución;S/D;S/D;II;S/D;S/D;Otra Señal;S/D;Intersección;S/D;S/D;Diurna;S/D;Múltiple;S/D;Colisión;S/D;S/D
6737;2021;6/9/2021;Lunes;19:50:00;;0.0;2;Moto/Ciclomotor,Moto/Ciclomotor;Weihmuller ;2;1;0;0;0;0;Camino Rural;SAN CARLOS CENTRO;Constitución;Ripio;No existe;XI;Dentro;Rural;Otra Señal;No existe;Intersección;Resbaladiza;Buena;Nocturna;Otro;Múltiple;S/D;Colisión;Ninguna;Faltante
6738;2021;6/9/2021;Lunes;16:45:00;;0.0;2;Automóvil,Moto/Ciclomotor;Moreno Y San José;2;0;0;1;0;0;Calle;FUNES;Constitución;Asfalto;No existe;II;Dentro;Urbana;Otra Señal;No existe;Intersección;Bueno;Buena;Diurna;Buen Tiempo;Múltiple;S/D;Colisión;Ninguna;Horizontal
6739;2021;6/9/2021;Lunes;18:45:00;;0.0;2;Moto/Ciclomotor,Automóvil;Esperanza Y General Manuel Belgrano;4;0;0;3;0;0;Calle;ANGÉLICA;Constitución;Asfalto;No existe;V;Dentro;Urbana;Otra Señal;No existe;Intersección;Bueno;Buena;Diurna;Buen Tiempo;Múltiple;S/D;Colisión;Ninguna;Faltante
6740;2021;6/9/2021;Lunes;;Ruta Provincial 92;30.0;1;Automóvil; ;1;0;0;0;0;0;Ruta;AREQUITO;Constitución;Asfalto;Natural;V;Dentro;Urbana;Otra Señal;No existe;Intersección;Bueno;Buena;S/D;Buen Tiempo;Múltiple;S/D;Colisión;Ninguna;Horizontal
6741;2021;7/9/2021;Martes;15:30:00;;0.0;2;Moto/Ciclomotor,Moto/Ciclomotor;Av. Facundo Zuviria Y Quintana;3;2;0;1;0;0;Avenida;SANTA FE;La Capital;Asfalto;No existe;I;Dentro;Urbana;Otra Señal;Funciona;Intersección;Bueno;Buena;Diurna;Buen Tiempo;Múltiple;S/D;Colisión;Ninguna;Horizontal,Vertical
6742;2021;7/9/2021;Martes;15:30:00;;0.0;2;Automóvil,Moto/Ciclomotor;Gurruchaga Y A.Maza;4;2;0;1;1;0;Calle;ROSARIO;Rosario;Asfalto;No existe;II;Dentro;Urbana;Otra Señal;No existe;Intersección;S/D;Buena;Diurna;Buen Tiempo;Múltiple;S/D;Colisión;Ninguna;Faltante
6743;2021;7/9/2021;Martes;20:00:00;Ruta Provincial 2;14.0;3;Automóvil,Automóvil,Automóvil; ;5;4;0;1;0;0;Ruta;SANTA FE;La Capital;Asfalto;No existe;I;Dentro;Urbana;Otra Señal;No existe;Intersección;Bueno;Buena;Atardecer;Buen Tiempo;Múltiple;S/D;Colisión;Ninguna;Horizontal
6744;2021;7/9/2021;Martes;12:05:00;;0.0;2;Moto/Ciclomotor,Pickup/Utilitario;LEY 1420 Y SARMIENTO;2;1;0;1;0;0;Calle;RECONQUISTA;General Obligado;Asfalto;No existe;IX;Dentro;Urbana;Otra Señal;No existe;Intersección;Bueno;Buena;Diurna;Buen Tiempo;Múltiple;S/D;Colisión;Ninguna;Faltante
6745;2021;7/9/2021;Martes;09:15:00;;0.0;2;Moto/Ciclomotor,Automóvil;Calle 33-Pueyrredon 1585;2;1;0;1;0;0;Calle;RECONQUISTA;General Obligado;Asfalto;No existe;IX;Dentro;Urbana;Otra Señal;Funciona;Intersección;Bueno;Buena;Diurna;Buen Tiempo;Múltiple;S/D;Colisión;Ninguna;Vertical
6746;2021;7/9/2021;Martes;11:40:00;;0.0;2;Moto/Ciclomotor,Pickup/Utilitario;Calle 19-Habegger Y Calle 28 - San Lorenzo;2;1;0;1;0;0;Calle;RECONQUISTA;General Obligado;Asfalto;No existe;IX;Dentro;Urbana;Otra Señal;No existe;Intersección;Bueno;Buena;Diurna;Buen Tiempo;Múltiple;S/D;Colisión;Ninguna;Horizontal
6747;2021;7/9/2021;Martes;18:40:00;;0.0;2;Automóvil,Bicicleta;Marcos Avellaneda Y Mariano Moreno;4;2;0;2;0;0;Calle;ESPERANZA;Las Colonias;Hormigón;No existe;XI;Dentro;Urbana;Otra Señal;No existe;Intersección;Resbaladiza;Buena;Atardecer;Lluvia;Múltiple;Ciclista;Colisión;Agua;Horizontal
6748;2021;7/9/2021;Martes;16:30:00;;0.0;2;Moto/Ciclomotor,Camión c / Acoplado;Ayacucho Y 27 de setiembre;2;0;0;1;1;0;Calle;RAFAELA;Castellanos;Asfalto;No existe;V;S/D;Urbana;Otra Señal;No existe;Intersección;Bueno;S/D;Diurna;S/D;Múltiple;S/D;Colisión;Ninguna;Faltante
6749;2021;7/9/2021;Martes;06:30:00;Ruta Provincial 1;73.0;1;Automóvil; ;7;1;0;6;0;0;Ruta;CAYASTA;Garay;Asfalto;Natural;VII;Fuera;Urbana;Otra Señal;No existe;Intersección;Ahuellamiento;Buena;Nocturna;Buen Tiempo;Múltiple;S/D;Colisión;Material Suelto;Vertical
6750;2021;7/9/2021;Martes;19:10:00;;0.0;2;Moto/Ciclomotor,Otros;Juan de Garay Y San Jerónimo;2;1;0;1;0;0;Calle;SANTA FE;La Capital;Asfalto;No existe;I;Dentro;Urbana;Otra Señal;No existe;Intersección;Bueno;Buena;Nocturna,Con luz artificial;Buen Tiempo;Múltiple;S/D;Colisión;Ninguna;Horizontal
6751;2021;7/9/2021;Martes;19:00:00;;0.0;2;Moto/Ciclomotor,Automóvil;4 de Enero Y Junín;2;1;0;1;0;0;Calle;SANTA FE;La Capital;Asfalto;No existe;I;Dentro;Urbana;Otra Señal;Funciona;Intersección;Bueno;Buena;Diurna;Buen Tiempo;Múltiple;S/D;Colisión;Ninguna;Horizontal,Vertical
6752;2021;7/9/2021;Martes;01:00:00;;0.0;2;Bicicleta,Automóvil;San Martin Y Pje. Gral. Savio;2;1;0;0;0;1;Avenida;ROSARIO;Rosario;Asfalto;No existe;II;Dentro;Urbana;Otra Señal;No existe;Intersección;Bueno;Buena;Nocturna,Con luz artificial;Buen Tiempo;Múltiple;Ciclista;Colisión;Ninguna;Faltante
6753;2021;7/9/2021;Martes;20:20:00;;0.0;2;Moto/Ciclomotor,Pickup/Utilitario;Buenos Aires Y Centeno;3;2;0;1;0;0;Calle;ROSARIO;Rosario;Asfalto;No existe;II;Dentro;Urbana;Otra Señal;No existe;Intersección;Bueno;Reducida;Diurna;Buen Tiempo;Múltiple;S/D;Colisión;Ninguna;Faltante
6754;2021;7/9/2021;Martes;12:30:00;;0.0;2;Moto/Ciclomotor,Automóvil;Esteban de Luca Y Sarmiento;2;1;0;1;0;0;Calle;ROSARIO;Rosario;Asfalto;No existe;II;Dentro;Urbana;Otra Señal;No existe;Intersección;Bueno;Buena;Diurna;Buen Tiempo;Múltiple;S/D;Colisión;Ninguna;Faltante
6755;2021;7/9/2021;Martes;16:30:00;;0.0;2;Automóvil,Moto/Ciclomotor;Juan de Garay Y Saavedra;2;1;0;1;0;0;Calle;SANTA FE;La Capital;Asfalto;No existe;I;Dentro;Urbana;Otra Señal;No existe;Intersección;Bueno;Buena;Diurna;Buen Tiempo;Múltiple;S/D;Colisión;Ninguna;Faltante
6756;2021;7/9/2021;Martes;08:00:00;;0.0;2;Taxi/Remis,Moto/Ciclomotor;Amenábar Y P.L.Funes;3;2;0;1;0;0;Calle;ROSARIO;Rosario;Asfalto;No existe;II;Dentro;Urbana;Otra Señal;No existe;Intersección;Bueno;Buena;Diurna;Buen Tiempo;Múltiple;S/D;Colisión;Ninguna;Faltante
6757;2021;7/9/2021;Martes;16:30:00;Ruta Nacional 9;0.0;2;Moto/Ciclomotor,Taxi/Remis;Av. Eva Perón 7700;2;1;0;1;0;0;Ruta;ROSARIO;Rosario;Asfalto;No existe;II;Dentro;Urbana;Otra Señal;Funciona;Intersección;Resbaladiza;Buena;Diurna;Lluvia;Múltiple;S/D;Colisión;Agua;Horizontal,Vertical
6758;2021;7/9/2021;Martes;12:40:00;Ruta Provincial 21;0.0;1;Moto/Ciclomotor; ;2;2;0;0;0;0;Ruta;VILLA GOBERNADOR GÁLVEZ;Rosario;Asfalto;Pavimento;II;Dentro;Urbana;Otra Señal;No existe;Intersección;Bueno;Buena;Diurna;Buen Tiempo;Múltiple;S/D;Colisión;Ninguna;Horizontal
6759;2021;7/9/2021;Martes;17:05:00;;0.0;2;Peatón,Moto/Ciclomotor;Soldado Gómez ;2;1;0;1;0;0;Calle;VERA;Vera;Asfalto;No existe;XIX;Dentro;Urbana;Otra Señal;No existe;Intersección;Bueno;Buena;Diurna;Buen Tiempo;Múltiple;Peatón;Colisión;Ninguna;Faltante
6760;2021;7/9/2021;Martes;13:20:00;;0.0;2;Moto/Ciclomotor,Automóvil;Albert Sabin Y Av. Génova;2;1;0;1;0;0;Calle;ROSARIO;Rosario;Asfalto;No existe;II;Dentro;Urbana;Otra Señal;No existe;Intersección;Bueno;Buena;Diurna;Buen Tiempo;Múltiple;S/D;Colisión;Ninguna;Horizontal,Vertical
6761;2021;7/9/2021;Martes;19:20:00;;0.0;2;Moto/Ciclomotor,Camión Chasis;Bv. Bouchard Y Av. J.Suarez;2;1;0;1;0;0;Avenida;ROSARIO;Rosario;Asfalto;No existe;II;Dentro;Urbana;Otra Señal;No existe;Intersección;Resbaladiza;Buena;Atardecer;Buen Tiempo;Múltiple;S/D;Colisión;Agua;Faltante
6762;2021;7/9/2021;Martes;19:20:00;;0.0;2;Automóvil,Bicicleta;Urquiza 1900;2;1;0;1;0;0;Calle;SAN LORENZO;San Lorenzo;Asfalto;No existe;XVII;Dentro;Urbana;Otra Señal;No existe;Intersección;Bueno;Buena;Atardecer;Buen Tiempo;Múltiple;Ciclista;Colisión;Ninguna;Vertical
6763;2021;7/9/2021;Martes;18:00:00;;0.0;2;Automóvil,Automóvil;Paraná Y Rivadavia;3;2;0;1;0;0;Calle;CARCARAÑÁ;San Lorenzo;Asfalto;No existe;XVII;Dentro;Urbana;Otra Señal;No existe;Intersección;Bueno;Buena;Diurna;Buen Tiempo;Múltiple;S/D;Colisión;Ninguna;Faltante
6764;2021;7/9/2021;Martes;15:15:00;;0.0;2;Automóvil,Automóvil;Guillermo Dimmer Y Miguel de Azcuénaga;2;2;0;0;0;0;Calle;VENADO TUERTO;General LÓPEZ;S/D;S/D;IX;Dentro;Urbana;Otra Señal;S/D;Intersección;S/D;Buena;Diurna;Buen Tiempo;Múltiple;S/D;Colisión;S/D;Vertical
6765;2021;7/9/2021;Martes;19:30:00;Autopista Nacional Rosario -Cordoba;0.0;1;Automóvil; ;1;1;0;0;0;0;Autopista;ROLDÁN;San Lorenzo;Asfalto;Natural;XVII;Fuera;Rural;Otra Señal;No existe;Intersección;S/D;S/D;Nocturna;S/D;Múltiple;S/D;Colisión;S/D;Horizontal
6766;2021;7/9/2021;Martes;15:30:00;;0.0;2;Bicicleta,Moto/Ciclomotor;Córdoba Y Gálvez;2;1;0;1;0;0;Calle;ROLDÁN;San Lorenzo;Asfalto,Tierra;S/D;XVII;Dentro;Urbana;Otra Señal;No existe;Intersección;Bueno;S/D;Diurna;Buen Tiempo;Múltiple;Ciclista;Colisión;S/D;S/D
6767;2021;7/9/2021;Martes;17:30:00;;0.0;2;Bicicleta,Automóvil;Dr. Ghio Y General López;2;1;0;1;0;0;Calle;SAN LORENZO;San Lorenzo;Asfalto;No existe;XVII;Dentro;Urbana;Otra Señal;No existe;Intersección;Bueno;Buena;Diurna;S/D;Múltiple;Ciclista;Colisión;Ninguna;S/D
6768;2021;7/9/2021;Martes;13:30:00;;0.0;1;Moto/Ciclomotor; ;1;1;0;0;0;0;S/D;ROSARIO;Constitución;S/D;S/D;II;S/D;S/D;Otra Señal;S/D;Intersección;S/D;S/D;Diurna;S/D;Múltiple;S/D;Colisión;S/D;S/D
6769;2021;7/9/2021;Martes;17:00:00;;0.0;1;Bicicleta; ;1;1;0;0;0;0;S/D;ROSARIO;Constitución;S/D;S/D;II;S/D;S/D;Otra Señal;S/D;Intersección;S/D;S/D;Diurna;S/D;Múltiple;S/D;Colisión;S/D;S/D
6770;2021;7/9/2021;Martes;07:40:00;;0.0;2;Peatón,Otros;Av. Uriburu Y San Martin;2;1;0;0;0;1;Avenida;ROSARIO;Constitución;Asfalto;No existe;II;Dentro;Urbana;Otra Señal;Funciona;Intersección;S/D;Buena;Diurna;S/D;Múltiple;Peatón;Colisión;S/D;Horizontal,Vertical
6771;2021;7/9/2021;Martes;07:40:00;;0.0;1;Automóvil;Bv. 27 De Febrero Y Dorrego;1;1;0;0;0;0;Avenida;ROSARIO;Constitución;Asfalto;No existe;II;Dentro;Urbana;Otra Señal;Funciona;Intersección;S/D;S/D;Diurna;S/D;Múltiple;S/D;Colisión;S/D;Horizontal,Vertical
6772;2021;7/9/2021;Martes;12:30:00;;0.0;1;Moto/Ciclomotor;Gaboto Y Matienzo;1;1;0;0;0;0;Calle;ROSARIO;Constitución;Asfalto;No existe;II;Dentro;Urbana;Otra Señal;No existe;Intersección;S/D;S/D;Diurna;S/D;Múltiple;S/D;Colisión;S/D;Faltante
6773;2021;7/9/2021;Martes;14:00:00;;0.0;1;Bicicleta;Junín Y Solís;1;1;0;0;0;0;Calle;ROSARIO;Constitución;Asfalto;No existe;II;Dentro;Urbana;Otra Señal;Funciona;Intersección;S/D;S/D;Diurna;S/D;Múltiple;S/D;Colisión;S/D;Horizontal,Vertical
6774;2021;7/9/2021;Martes;09:00:00;;0.0;1;Moto/Ciclomotor;Cullen Y Montevideo;1;1;0;0;0;0;Calle;ROSARIO;Constitución;Asfalto;No existe;II;Dentro;Urbana;Otra Señal;No existe;Intersección;S/D;S/D;Diurna;S/D;Múltiple;S/D;Colisión;S/D;Vertical
6775;2021;7/9/2021;Martes;12:00:00;;0.0;2;Automóvil,Automóvil;Belgrano Y San Martin;2;0;0;1;0;0;Calle;VILLA CONSTITUCIÓN;Constitución;Asfalto;Pavimento;VI;Dentro;Urbana;Otra Señal;No existe;Intersección;Bueno;Buena;Diurna;Buen Tiempo;Múltiple;S/D;Colisión;Ninguna;Faltante
6776;2021;7/9/2021;Martes;12:00:00;;0.0;2;Moto/Ciclomotor,Peatón;15 DE MAYO Y DEMETRIO GÓMEZ;3;1;0;0;0;0;Avenida;ALTO VERDE;La Capital;Asfalto;No existe;I;Dentro;Urbana;Otra Señal;Funciona;Intersección;Bueno;Buena;Diurna;Buen Tiempo;Múltiple;Peatón;Colisión;Ninguna;Horizontal
6777;2021;8/9/2021;Miercoles;20:00:00;;0.0;2;Peatón,Moto/Ciclomotor;Av. A del Valle Y Luciano Torrent;2;1;0;1;0;0;Avenida;SANTA FE;La Capital;Asfalto;No existe;I;Dentro;Urbana;Otra Señal;No existe;Intersección;Bueno;Buena;Nocturna;Buen Tiempo;Múltiple;Peatón;Colisión;Ninguna;Horizontal
6778;2021;8/9/2021;Miercoles;13:30:00;;0.0;2;Moto/Ciclomotor,Automóvil;Arenales Y Larrea;2;1;0;1;0;0;Calle;SANTA FE;La Capital;Asfalto,Tierra;No existe;I;Dentro;Urbana;Otra Señal;No existe;Intersección;Bueno;Buena;Diurna;Buen Tiempo;Múltiple;S/D;Colisión;Ninguna;Horizontal