ID_Accidente;A�o;Fecha;Dia;Hopra;Ruta/Autop;km;Participantes;Tipo;Lugar;Total;Heridos Leves;Heridos Graves;Ilesos;Fallecidos;Sin datos;desc_tipo_via;desc_loc;desc_dpto;|;desc_tipo_banquina;desc_unidad_regional;desc_lugar_calzada;desc_zona;desc_prioridad;desc_estado_semaforo;desc_lugar_via;desc_estado_via;desc_estado_visibilidad;desc_luminosidad;desc_estado_clima;desc_tipo_colision;desc_tipo_atropello;desc_tipo_hecho;desc_pres_calzada;desc_senializacion
6779;2021;8/9/2021;Miercoles;21:00:00;;0.0;2;Moto/Ciclomotor,Automóvil;Av. Almte. Brown Y Pje Calcena;2;1;0;1;0;0;Avenida;SANTA FE;La Capital;Asfalto;No existe;I;Dentro;Urbana;Otra Señal;No existe;Intersección;Bueno;Buena;Nocturna;Buen Tiempo;Múltiple;S/D;Colisión;Ninguna;Horizontal
6780;2021;8/9/2021;Miercoles;00:30:00;Ruta Provincial 2;22.0;2;Moto/Ciclomotor,Automóvil; ;2;1;0;1;0;0;Ruta;CONSTITUYENTE;La Capital;Asfalto;Natural;I;Dentro;Rural;Otra Señal;No existe;Intersección;Resbaladiza;Reducida;Nocturna;Lluvia;Múltiple;S/D;Colisión;Agua;Horizontal
6781;2021;8/9/2021;Miercoles;15:20:00;;0.0;2;Automóvil,Moto/Ciclomotor;Florencio Sánchez Y Obrero;3;2;0;1;0;0;Calle;LAGUNA PAIVA;La Capital;Ripio;No existe;I;Dentro;Urbana;Otra Señal;No existe;Intersección;Bueno;Buena;Diurna;Buen Tiempo;Múltiple;S/D;Colisión;Ninguna;Faltante
6782;2021;8/9/2021;Miercoles;14:30:00;;0.0;2;Moto/Ciclomotor,Automóvil;Av. Los Colonizadores Y Maipú;2;1;0;1;0;0;Avenida;ESPERANZA;Las Colonias;Asfalto;No existe;XI;Dentro;Urbana;Otra Señal;No existe;Intersección;Bueno;Buena;Diurna;Buen Tiempo;Múltiple;S/D;Colisión;Ninguna;Faltante
6783;2021;8/9/2021;Miercoles;08:30:00;;0.0;2;Moto/Ciclomotor,Pickup/Utilitario;Belgrano Y Saavedra;3;1;0;2;0;0;Calle;TOSTADO;9 de Julio;Asfalto;No existe;XII;Dentro;Urbana;Otra Señal;No existe;Intersección;Bueno;Buena;Diurna;Buen Tiempo;Múltiple;S/D;Colisión;Ninguna;Faltante
6784;2021;8/9/2021;Miercoles;08:57:00;;0.0;2;Moto/Ciclomotor,Moto/Ciclomotor;Avenida Rivadavia Y San Lorenzo;2;1;0;1;0;0;Avenida;TOSTADO;9 de Julio;Asfalto;No existe;XII;Dentro;Urbana;Otra Señal;No existe;Intersección;Bueno;Buena;Diurna;Buen Tiempo;Múltiple;S/D;Colisión;Ninguna;Faltante
6785;2021;8/9/2021;Miercoles;13:40:00;;0.0;2;Moto/Ciclomotor,Automóvil;Güemes Y Ituzaingó;2;1;0;1;0;0;Calle;SANTA FE;La Capital;Asfalto;No existe;I;Dentro;Urbana;Otra Señal;No existe;Intersección;Bueno;S/D;Diurna;S/D;Múltiple;S/D;Colisión;Ninguna;Horizontal
6786;2021;8/9/2021;Miercoles;14:30:00;;0.0;2;Peatón,Moto/Ciclomotor;ROSARIO VERA PEÑALOZA 3900;2;1;0;1;0;0;Calle;SANTA FE;La Capital;Asfalto;No existe;I;Dentro;Urbana;Otra Señal;No existe;Intersección;S/D;S/D;Diurna;S/D;Múltiple;Peatón;Colisión;S/D;Faltante
6787;2021;8/9/2021;Miercoles;17:15:00;;0.0;2;Bicicleta,Moto/Ciclomotor;Av. Eva Perón Y Av. Provincias Unidas;2;1;0;1;0;0;Avenida;ROSARIO;Rosario;Asfalto;No existe;II;Dentro;Urbana;Otra Señal;Funciona;Intersección;Bueno;Buena;Diurna;Buen Tiempo;Múltiple;Ciclista;Colisión;Ninguna;Horizontal,Vertical
6788;2021;8/9/2021;Miercoles;10:10:00;;0.0;2;Automóvil,Moto/Ciclomotor;Entre Ríos 400;3;1;0;2;0;0;Calle;ROSARIO;Rosario;Asfalto;No existe;II;Dentro;Urbana;Otra Señal;No existe;Intersección;Bueno;Buena;Diurna;Buen Tiempo;Múltiple;S/D;Colisión;Ninguna;Faltante
6789;2021;8/9/2021;Miercoles;01:40:00;;0.0;2;Automóvil,Automóvil;Av. Pellegrini Y Entre Ríos;3;1;0;2;0;0;Avenida;ROSARIO;Rosario;Asfalto;No existe;II;Dentro;Urbana;Otra Señal;No existe;Intersección;Bueno;Buena;Nocturna,Con luz artificial;Buen Tiempo;Múltiple;S/D;Colisión;Ninguna;Horizontal,Vertical
6790;2021;8/9/2021;Miercoles;19:40:00;Ruta Provincial Brigadier E.LÓPEZ;0.0;2;Moto/Ciclomotor,Automóvil; ;3;1;0;2;0;0;Ruta;SANTA FE;La Capital;Asfalto;Natural;I;S/D;Rural;Otra Señal;No existe;Intersección;Bueno;Buena;Atardecer;Buen Tiempo;Múltiple;S/D;Colisión;Ninguna;S/D
6791;2021;8/9/2021;Miercoles;;Ruta Provincial 1;73.0;1;Automóvil; ;1;0;0;0;1;0;Ruta;CAYASTA;Garay;Asfalto;Natural;VII;Dentro;Rural;Otra Señal;No existe;Intersección;Bueno;Buena;Diurna;Buen Tiempo;Múltiple;S/D;Colisión;Ninguna;Horizontal
6792;2021;8/9/2021;Miercoles;;Ruta Nacional 33;685.0;3;Automóvil,Automóvil,Camión; ;3;2;0;1;0;0;Ruta;FIRMAT;General LÓPEZ;Asfalto;Natural;VIII;S/D;S/D;Otra Señal;No existe;Intersección;Bueno;Buena;S/D;Buen Tiempo;Múltiple;S/D;Colisión;Ninguna;Horizontal
6793;2021;8/9/2021;Miercoles;;Ruta Provincial 2;0.0;2;Moto/Ciclomotor,Bicicleta;6 de Caballería Y Ruta Prov. 2;2;1;0;1;0;0;Ruta;TOSTADO;9 de Julio;Asfalto;No existe;XII;Dentro;Urbana;Otra Señal;No existe;Intersección;Bueno;Buena;Diurna;Buen Tiempo;Múltiple;S/D;Colisión;Ninguna;Horizontal
6794;2021;8/9/2021;Miercoles;22:15:00;;0.0;2;Moto/Ciclomotor,Moto/Ciclomotor;B Irigoyen Y San Martin;2;1;0;1;0;0;Calle;VERA;Vera;S/D;No existe;XIX;Dentro;Urbana;Otra Señal;No existe;Intersección;S/D;S/D;Nocturna;Buen Tiempo;Múltiple;S/D;Colisión;S/D;S/D
6795;2021;8/9/2021;Miercoles;15:05:00;Ruta Nacional 8;0.0;2;Automóvil,Automóvil;Martin de Pueyrredón Y Ruta Nac 8;3;2;0;0;0;1;Ruta;VENADO TUERTO;General LÓPEZ;Asfalto;Pavimento;VIII;Dentro;Urbana;Otra Señal;Funciona;Intersección;Bueno;Buena;Diurna;Buen Tiempo;Múltiple;S/D;Colisión;Ninguna;Horizontal,Vertical
6796;2021;8/9/2021;Miercoles;14:15:00;Autopista Provincial Brigadier E.LÓPEZ;17.0;2;Camión c / Acoplado,Bicicleta; ;2;0;0;1;0;0;Autopista;SAN LORENZO;San Lorenzo;Asfalto;Pavimento;XVII;Dentro;Urbana;Otra Señal;No existe;Intersección;Bueno;Buena;Diurna;Buen Tiempo;Múltiple;Ciclista;Colisión;Ninguna;Horizontal
6797;2021;8/9/2021;Miercoles;;Ruta Nacional 34;0.0;1;Pickup/Utilitario;Eduardo D'Agostino Y Ruta Nac 34 Gral. Güemes;1;1;0;0;0;0;Ruta;RAFAELA;Castellanos;Asfalto;Natural;V;Dentro;Urbana;Otra Señal;No existe;Intersección;Bueno;Buena;Diurna;Buen Tiempo;Múltiple;S/D;Colisión;Ninguna;S/D
6798;2021;8/9/2021;Miercoles;;Ruta Nacional 34;0.0;2;Camión,Camión; ;2;2;0;0;0;0;Ruta;TOTORAS;Iriondo;Asfalto;Natural;X;Dentro;Urbana;Otra Señal;No existe;Intersección;Bueno;Buena;Nocturna;Buen Tiempo;Múltiple;S/D;Colisión;Ninguna;Horizontal
6799;2021;8/9/2021;Miercoles;20:30:00;;0.0;2;Pickup/Utilitario,Moto/Ciclomotor;Calle 12 Y Calle 21;3;2;0;1;0;0;Calle;AVELLANEDA;General Obligado;Asfalto;No existe;IX;Dentro;Urbana;Otra Señal;No existe;Intersección;Bueno;Buena;Nocturna;Buen Tiempo;Múltiple;S/D;Colisión;Ninguna;Faltante
6800;2021;8/9/2021;Miercoles;17:20:00;;0.0;2;Pickup/Utilitario,Moto/Ciclomotor;Paraguay Y Santa Fe;3;1;0;1;0;1;Calle;VILLA ANA;General Obligado;S/D;No existe;IX;Dentro;Urbana;Otra Señal;S/D;Intersección;S/D;Buena;Diurna;S/D;Múltiple;S/D;Colisión;S/D;S/D
6801;2021;8/9/2021;Miercoles;00:30:00;Ruta Provincial 66;47.0;2;Camión c / Acoplado,Camión c / Acoplado; ;2;1;0;1;0;0;Ruta;CAÑADA ROSQUÍN;San MARTÍN;Asfalto;Ripio;XVIII;Dentro;Rural;Otra Señal;No existe;Intersección;Deteriorada;Buena;Nocturna;Buen Tiempo;Múltiple;S/D;Colisión;Ninguna;Horizontal,Vertical
6802;2021;8/9/2021;Miercoles;14:00:00;Ruta Nacional 11;0.0;1;Moto/Ciclomotor;Av. San Martin Y Avellaneda;1;1;0;0;0;0;Ruta;FRAY LUIS BELTRÁN;San Lorenzo;Asfalto;Ripio;XVII;Dentro;Urbana;Otra Señal;No existe;Intersección;Bueno;S/D;Diurna;Otro;Múltiple;S/D;Colisión;Ninguna;Faltante
6803;2021;8/9/2021;Miercoles;16:35:00;Ruta Nacional 11;0.0;2;Moto/Ciclomotor,Automóvil;Congreso Y Ruta Nac 11;4;2;0;2;0;0;Ruta;SAN LORENZO;San Lorenzo;Asfalto;No existe;XVII;Dentro;Urbana;Otra Señal;No existe;Intersección;Bueno;Buena;Diurna;Buen Tiempo;Múltiple;S/D;Colisión;Ninguna;Faltante
6804;2021;8/9/2021;Miercoles;10:30:00;;0.0;1;Peatón;Pje. Independencia ;1;1;0;0;0;0;Calle;ROSARIO;Constitución;Asfalto;S/D;II;Dentro;Urbana;Otra Señal;S/D;Intersección;S/D;S/D;Diurna;S/D;Múltiple;S/D;Colisión;S/D;S/D
6805;2021;8/9/2021;Miercoles;13:30:00;;0.0;2;Moto/Ciclomotor,Moto/Ciclomotor;Laprida Y Pte. Quintana;2;2;0;0;0;0;Calle;ROSARIO;Constitución;Asfalto;No existe;II;Dentro;Urbana;Otra Señal;No existe;Intersección;S/D;S/D;Diurna;S/D;Múltiple;S/D;Colisión;S/D;Faltante
6806;2021;8/9/2021;Miercoles;17:45:00;;0.0;1;Moto/Ciclomotor;Bv. Avellaneda Y L.del Desierto;1;1;0;0;0;0;Avenida;ROSARIO;Constitución;Asfalto;No existe;II;Dentro;Urbana;Otra Señal;No existe;Intersección;S/D;S/D;Diurna;S/D;Múltiple;S/D;Colisión;S/D;Vertical
6807;2021;8/9/2021;Miercoles;12:00:00;;0.0;1;Moto/Ciclomotor;Marco Polo Y Salva;1;1;0;0;0;0;Calle;ROSARIO;Constitución;Asfalto;No existe;II;Dentro;Urbana;Otra Señal;No existe;Intersección;S/D;S/D;Diurna;S/D;Múltiple;S/D;Colisión;S/D;Faltante
6808;2021;8/9/2021;Miercoles;19:00:00;;0.0;1;Moto/Ciclomotor;Camilo Aldao Y San Juan;1;1;0;0;0;0;Calle;ROSARIO;Constitución;Asfalto;No existe;II;Dentro;Urbana;Otra Señal;No existe;Intersección;S/D;S/D;Nocturna;S/D;Múltiple;S/D;Colisión;S/D;Faltante
6809;2021;8/9/2021;Miercoles;01:00:00;Ruta Provincial 2;22.0;2;Automóvil,Transporte de Pasajeros Larga Distancia (> 8 asientos); ;2;0;0;1;0;0;Ruta;CONSTITUYENTE;Constitución;Asfalto;No existe;I;Dentro;Rural;Otra Señal;No existe;Intersección;Resbaladiza;Buena;Nocturna;Lluvia;Múltiple;S/D;Colisión;Ninguna;Horizontal
6810;2021;8/9/2021;Miercoles;06:00:00;;0.0;1;Moto/Ciclomotor;Avenida 21 Y Calle 20;1;0;0;0;0;0;Avenida;LAS PAREJAS;Constitución;Hormigón;No existe;III;Dentro;Urbana;Otra Señal;No existe;Intersección;Resbaladiza;Buena;Diurna;Buen Tiempo;Múltiple;S/D;Colisión;Agua;Faltante
6811;2021;9/9/2021;Jueves;17:35:00;Ruta Nacional 11;452.0;1;Moto/Ciclomotor; ;1;1;0;0;0;0;Ruta;SAUCE VIEJO;La Capital;Asfalto;No existe;I;Dentro;Rural;Otra Señal;No existe;Intersección;Bueno;Buena;Diurna;Buen Tiempo;Múltiple;S/D;Colisión;Ninguna;Horizontal
6812;2021;9/9/2021;Jueves;10:20:00;Ruta Provincial 5;0.0;2;Pickup/Utilitario,Camión Chasis;Martin de Pueyrredón Y Pres Domingo Faustino Sarmiento;3;2;0;1;0;0;Ruta;SANTO TOMÉ;La Capital;Asfalto;Natural;I;Dentro;Urbana;Otra Señal;No existe;Intersección;Bueno;Buena;Diurna;Buen Tiempo;Múltiple;S/D;Colisión;Ninguna;Faltante
6813;2021;9/9/2021;Jueves;18:00:00;Ruta Nacional 11;0.0;2;Moto/Ciclomotor,Automóvil;Calle 13-Iturraspe Y Ruta Nacional 11;3;2;0;0;0;1;Ruta;RECONQUISTA;General Obligado;Asfalto;No existe;IX;Dentro;Urbana;Otra Señal;No existe;Intersección;Bueno;Buena;Diurna;Buen Tiempo;Múltiple;S/D;Colisión;Ninguna;Horizontal,Vertical
6814;2021;9/9/2021;Jueves;17:50:00;;0.0;2;Automóvil,Automóvil;Buenos Aires Y Ing. Mosconi;3;1;0;2;0;0;Calle;VILLA GOBERNADOR GÁLVEZ;Rosario;Asfalto;No existe;II;Dentro;Urbana;Otra Señal;No existe;Intersección;Bueno;Buena;Atardecer;Buen Tiempo;Múltiple;S/D;Colisión;Ninguna;Vertical
6815;2021;9/9/2021;Jueves;21:35:00;;0.0;2;Moto/Ciclomotor,Automóvil;3 de Febrero Y Justo Juan Bautista;2;1;0;1;0;0;Calle;ARROYO SECO;Rosario;Asfalto;No existe;II;Dentro;Urbana;Otra Señal;No existe;Intersección;Resbaladiza;Buena;Nocturna;Lluvia;Múltiple;S/D;Colisión;Agua;Horizontal
6816;2021;9/9/2021;Jueves;20:30:00;;0.0;2;Moto/Ciclomotor,Moto/Ciclomotor;ADOLFO MEDINA Y SIN OGDI;3;1;0;2;0;0;Calle;GATO COLORADO;9 de Julio;Ripio;No existe;XII;Dentro;Urbana;Otra Señal;No existe;Intersección;Bueno;Reducida;Nocturna;Buen Tiempo;Múltiple;S/D;Colisión;Ninguna;Faltante
6817;2021;9/9/2021;Jueves;13:20:00;Ruta Nacional 178;0.0;2;Automóvil,Automóvil;Calle 31 Y Ruta 178;4;1;0;3;0;0;Ruta;LAS PAREJAS;Belgrano;Asfalto;No existe;III;Dentro;Urbana;Otra Señal;No existe;Intersección;Bueno;Buena;Diurna;Buen Tiempo;Múltiple;S/D;Colisión;Ninguna;Horizontal
6818;2021;9/9/2021;Jueves;17:30:00;;0.0;2;Moto/Ciclomotor,Pickup/Utilitario;9 de Julio Y Hipólito Yrigoyen;2;1;0;1;0;0;Calle;SANTA FE;La Capital;Asfalto;No existe;I;Dentro;Urbana;Otra Señal;No existe;Intersección;Bueno;Buena;Diurna;Buen Tiempo;Múltiple;S/D;Colisión;Ninguna;Horizontal
6819;2021;9/9/2021;Jueves;17:10:00;;0.0;2;Moto/Ciclomotor,Automóvil;9 de Julio Y Moreno;2;1;0;1;0;0;Calle;SANTA FE;La Capital;Asfalto;No existe;I;Dentro;Urbana;Otra Señal;No existe;Intersección;Bueno;Buena;Diurna;Buen Tiempo;Múltiple;S/D;Colisión;Ninguna;Faltante
6820;2021;9/9/2021;Jueves;12:45:00;;0.0;2;Moto/Ciclomotor,Automóvil;9 de Julio Y Moreno;2;1;0;1;0;0;Calle;SANTA FE;La Capital;Asfalto;No existe;I;Dentro;Urbana;Otra Señal;No existe;Intersección;Bueno;Buena;Diurna;Buen Tiempo;Múltiple;S/D;Colisión;Ninguna;Faltante
6821;2021;9/9/2021;Jueves;21:30:00;;0.0;2;Transporte de Pasajeros Urbano (> 8 asientos),Moto/Ciclomotor;Av. De Las Palmeras Y Bv. Seguí;3;1;0;2;0;0;Avenida;ROSARIO;Rosario;Asfalto;No existe;II;Dentro;Urbana;Otra Señal;No existe;Intersección;Bueno;Buena;Diurna;Buen Tiempo;Múltiple;S/D;Colisión;Ninguna;Faltante
6822;2021;9/9/2021;Jueves;08:00:00;Autopista Nacional A008;0.0;2;Automóvil,Automóvil;Av. Circunvalación Y Av. Uriburu;4;2;0;2;0;0;Autopista;ROSARIO;Rosario;Asfalto;Natural;II;Dentro;Urbana;Otra Señal;No existe;Intersección;Bueno;Buena;Diurna;Buen Tiempo;Múltiple;S/D;Colisión;Ninguna;Horizontal
6823;2021;9/9/2021;Jueves;14:55:00;Autopista Nacional Rosario -Cordoba;300.0;1;Automóvil; ;3;3;0;0;0;0;Autopista;ROLDÁN;San Lorenzo;Asfalto;Natural;XVII;Dentro;Rural;Otra Señal;No existe;Intersección;Bueno;Buena;Diurna;Viento Fuerte;Múltiple;S/D;Colisión;Ninguna;Horizontal
6824;2021;9/9/2021;Jueves;04:50:00;;0.0;2;Pickup/Utilitario,Automóvil;Laprida Y Rioja;5;3;0;2;0;0;Calle;ROSARIO;Rosario;Asfalto;No existe;II;Dentro;Urbana;Otra Señal;No existe;Intersección;Bueno;Buena;Nocturna,Con luz artificial;Buen Tiempo;Múltiple;S/D;Colisión;Ninguna;Horizontal
6825;2021;9/9/2021;Jueves;14:00:00;;0.0;2;Pickup/Utilitario,Moto/Ciclomotor;Av. Belgrano Y Rioja;2;1;0;1;0;0;Avenida;ROSARIO;Rosario;Asfalto;No existe;II;Dentro;Urbana;Otra Señal;Funciona;Intersección;Bueno;Buena;Diurna;Buen Tiempo;Múltiple;S/D;Colisión;Ninguna;Horizontal,Vertical
6826;2021;9/9/2021;Jueves;14:40:00;;0.0;2;Automóvil,Automóvil;Palestina Y Unión;4;3;0;1;0;0;Calle;ROSARIO;Rosario;Asfalto;No existe;II;Dentro;Urbana;Otra Señal;No existe;Intersección;Bueno;Buena;Diurna;Buen Tiempo;Múltiple;S/D;Colisión;Ninguna;Faltante
6827;2021;9/9/2021;Jueves;23:45:00;Ruta Provincial 70;0.0;2;Pickup/Utilitario,Automóvil;Bv Santa Fe Y Víctor Manuel;2;1;0;1;0;0;Ruta;RAFAELA;Castellanos;Asfalto;No existe;V;Dentro;Urbana;Otra Señal;No existe;Intersección;Bueno;Buena;Nocturna;Buen Tiempo;Múltiple;S/D;Colisión;Ninguna;Horizontal,Vertical
6828;2021;9/9/2021;Jueves;21:50:00;;0.0;1;Moto/Ciclomotor;General López Y Suiza;1;1;0;0;0;0;Calle;SAN LORENZO;San Lorenzo;Asfalto;No existe;XVII;Dentro;Urbana;Otra Señal;No existe;Intersección;Bueno;S/D;Nocturna;S/D;Múltiple;S/D;Colisión;Ninguna;Faltante
6829;2021;9/9/2021;Jueves;12:00:00;;0.0;2;Otros,Peatón;Arévalo Y Fraga;2;1;0;0;0;1;Calle;ROSARIO;Constitución;Asfalto;No existe;II;Dentro;Urbana;Otra Señal;No existe;Intersección;S/D;S/D;Diurna;S/D;Múltiple;Peatón;Colisión;S/D;Faltante
6830;2021;9/9/2021;Jueves;19:00:00;;0.0;1;Moto/Ciclomotor;Pje. Patagones Y Centeno;1;1;0;0;0;0;Calle;ROSARIO;Constitución;S/D;S/D;II;S/D;S/D;Otra Señal;S/D;Intersección;S/D;S/D;Atardecer;S/D;Múltiple;S/D;Colisión;S/D;S/D
6831;2021;9/9/2021;Jueves;16:00:00;;0.0;1;Bicicleta;Méjico Y Arévalo;1;1;0;0;0;0;Calle;ROSARIO;Constitución;S/D;S/D;II;S/D;S/D;Otra Señal;S/D;Intersección;S/D;S/D;Diurna;S/D;Múltiple;S/D;Colisión;S/D;S/D
6832;2021;9/9/2021;Jueves;15:00:00;;0.0;1;Automóvil;Urquiza Y Crespo;1;1;0;0;0;0;Calle;ROSARIO;Constitución;S/D;S/D;II;S/D;Urbana;Otra Señal;S/D;Intersección;S/D;S/D;Diurna;S/D;Múltiple;S/D;Colisión;S/D;S/D
6833;2021;9/9/2021;Jueves;14:00:00;;0.0;1;Moto/Ciclomotor;Mitre Y Pte. Quintana;1;1;0;0;0;0;Calle;ROSARIO;Constitución;S/D;S/D;II;S/D;Urbana;Otra Señal;S/D;Intersección;S/D;S/D;Diurna;S/D;Múltiple;S/D;Colisión;S/D;S/D
6834;2021;9/9/2021;Jueves;21:30:00;;0.0;1;Moto/Ciclomotor; ;1;1;0;0;0;0;S/D;ROSARIO;Constitución;S/D;S/D;II;S/D;S/D;Otra Señal;S/D;Intersección;S/D;S/D;Nocturna;S/D;Múltiple;S/D;Colisión;S/D;S/D
6835;2021;9/9/2021;Jueves;21:10:00;;0.0;1;Moto/Ciclomotor;Gálvez Y J F Kennedy;1;0;0;0;0;0;Calle;ARROYO SECO;Constitución;Ripio;No existe;II;Dentro;Urbana;Otra Señal;No existe;Intersección;Bueno;S/D;Atardecer;Lluvia;Múltiple;S/D;Colisión;Agua;Faltante
6836;2021;9/9/2021;Jueves;21:35:00;Ruta Provincial 21;0.0;2;Moto/Ciclomotor,Pickup/Utilitario;Lisandro de la Torre Y Vito Dumas;2;0;0;1;0;0;Ruta;ARROYO SECO;Constitución;Asfalto;Ripio;II;Dentro;Urbana;Otra Señal;No existe;Intersección;Resbaladiza;Buena;Nocturna;Lluvia;Múltiple;S/D;Colisión;Agua;Horizontal
6837;2021;9/9/2021;Jueves;17:25:00;;0.0;2;Pickup/Utilitario,Moto/Ciclomotor;Azcuénaga Y Salta;2;0;0;1;0;0;Calle;SAN CRISTÓBAL;Constitución;Tierra;No existe;XIII;Dentro;Urbana;Otra Señal;No existe;Intersección;Bueno;Buena;Diurna;Buen Tiempo;Múltiple;S/D;Colisión;Ninguna;Faltante
6838;2021;10/9/2021;Viernes;17:00:00;;0.0;2;Moto/Ciclomotor,Automóvil;Juan Del Campillo Y San Jerónimo;2;1;0;1;0;0;Calle;SANTA FE;La Capital;Asfalto;No existe;I;Dentro;Urbana;Otra Señal;No existe;Intersección;Bueno;Buena;Diurna;Buen Tiempo;Múltiple;S/D;Colisión;Ninguna;Horizontal
6839;2021;10/9/2021;Viernes;12:50:00;Autovía Nacional 168;5.0;1;Moto/Ciclomotor; ;1;1;0;0;0;0;Autovía;LA GUARDIA;La Capital;Asfalto;No existe;I;Dentro;Urbana;Otra Señal;No existe;Intersección;Bueno;Buena;Diurna;Buen Tiempo;Múltiple;S/D;Colisión;Ninguna;Horizontal
6840;2021;10/9/2021;Viernes;21:05:00;;0.0;2;Moto/Ciclomotor,Automóvil;Calle 10-Ludueña Y Calle 25-Rivadavia;3;2;0;1;0;0;Calle;RECONQUISTA;General Obligado;Asfalto;No existe;IX;Dentro;Urbana;Otra Señal;No existe;Intersección;Bueno;Buena;Nocturna;Buen Tiempo;Múltiple;S/D;Colisión;Ninguna;Faltante
6841;2021;10/9/2021;Viernes;20:30:00;;0.0;2;Automóvil,Moto/Ciclomotor;Pellegrini Y San Nicolas;2;1;0;1;0;0;Calle;VILLA GOBERNADOR GÁLVEZ;Rosario;Asfalto;No existe;II;Dentro;Urbana;Otra Señal;No existe;Intersección;Bueno;Buena;Nocturna;Buen Tiempo;Múltiple;S/D;Colisión;Ninguna;Faltante
6842;2021;10/9/2021;Viernes;03:50:00;;0.0;2;Automóvil,Moto/Ciclomotor;Av. Filipini Y Bv San diego;2;1;0;1;0;0;Calle;VILLA GOBERNADOR GÁLVEZ;Rosario;Asfalto;No existe;II;Dentro;Urbana;Otra Señal;Funciona;Intersección;Bueno;Buena;Diurna;Buen Tiempo;Múltiple;S/D;Colisión;Ninguna;Vertical
6843;2021;10/9/2021;Viernes;18:30:00;;0.0;2;Moto/Ciclomotor,Moto/Ciclomotor;Avenida 17 Y Calle 13;4;2;0;2;0;0;Avenida;LAS PAREJAS;Belgrano;Asfalto;No existe;III;Dentro;Urbana;Otra Señal;No existe;Intersección;Bueno;Buena;Diurna;Buen Tiempo;Múltiple;S/D;Colisión;Ninguna;Horizontal
6844;2021;10/9/2021;Viernes;09:00:00;;0.0;2;Moto/Ciclomotor,Automóvil;Hipólito Yrigoyen Y Iturraspe;3;2;0;0;0;1;Calle;SANTA FE;La Capital;Asfalto;No existe;I;Dentro;Urbana;Otra Señal;No existe;Intersección;Bueno;Buena;Diurna;Buen Tiempo;Múltiple;S/D;Colisión;Ninguna;Faltante
6845;2021;10/9/2021;Viernes;16:00:00;;0.0;1;Moto/Ciclomotor;Av. Blas Parera Y J M Zuviria;1;1;0;0;0;0;Calle;SANTA FE;La Capital;Asfalto;No existe;I;Dentro;Urbana;Otra Señal;Funciona;Intersección;Bueno;Buena;Diurna;Buen Tiempo;Múltiple;S/D;Colisión;Ninguna;Horizontal,Vertical
6846;2021;10/9/2021;Viernes;12:20:00;;0.0;2;Moto/Ciclomotor,Automóvil;Bv Poeta J Migno ;3;1;0;2;0;0;Avenida;SAN JAVIER;San Javier;Asfalto;No existe;XIV;Dentro;Urbana;Otra Señal;No existe;Intersección;Bueno;Buena;Diurna;Buen Tiempo;Múltiple;S/D;Colisión;Ninguna;Horizontal
6847;2021;10/9/2021;Viernes;20:50:00;;0.0;2;Moto/Ciclomotor,Automóvil;Abanderado Grandoli Y Pje. Rufino Ortega Bis;2;1;0;1;0;0;Avenida;ROSARIO;Rosario;Asfalto;No existe;II;Dentro;Urbana;Otra Señal;No existe;Intersección;Bueno;Buena;Nocturna,Con luz artificial;Buen Tiempo;Múltiple;S/D;Colisión;Ninguna;Faltante
6848;2021;10/9/2021;Viernes;21:25:00;;0.0;2;Moto/Ciclomotor,Automóvil;Grandoli Y Isola Bis;3;1;0;2;0;0;Avenida;ROSARIO;Rosario;Asfalto;No existe;II;Dentro;Urbana;Otra Señal;No existe;Intersección;Bueno;Buena;Nocturna;Buen Tiempo;Múltiple;S/D;Colisión;Ninguna;Horizontal
6849;2021;10/9/2021;Viernes;13:15:00;;0.0;2;Automóvil,Moto/Ciclomotor;Donado Y J.B.Justo;2;2;0;0;0;0;Calle;ROSARIO;Rosario;Asfalto;No existe;II;Dentro;Urbana;Otra Señal;No existe;Intersección;Bueno;Buena;Diurna;Buen Tiempo;Múltiple;S/D;Colisión;Ninguna;Faltante
6850;2021;10/9/2021;Viernes;17:40:00;;0.0;2;Peatón,Moto/Ciclomotor;Av. Eva Perón Y Méjico;2;1;0;1;0;0;Avenida;ROSARIO;Rosario;Asfalto;No existe;II;Dentro;Urbana;Otra Señal;Funciona;Intersección;Bueno;Buena;Diurna;Buen Tiempo;Múltiple;Peatón;Colisión;Ninguna;Horizontal,Vertical
6851;2021;10/9/2021;Viernes;10:40:00;;0.0;2;Moto/Ciclomotor,Pickup/Utilitario;URQUIZA  Y ROBERTO MURDY;2;1;0;1;0;0;Calle;VERA;Vera;Ripio;No existe;XIX;Dentro;Urbana;Otra Señal;No existe;Intersección;Bueno;Buena;Diurna;Buen Tiempo;Múltiple;S/D;Colisión;Ninguna;Faltante