ID_Accidente;A�o;Fecha;Dia;Hopra;Ruta/Autop;km;Participantes;Tipo;Lugar;Total;Heridos Leves;Heridos Graves;Ilesos;Fallecidos;Sin datos;desc_tipo_via;desc_loc;desc_dpto;|;desc_tipo_banquina;desc_unidad_regional;desc_lugar_calzada;desc_zona;desc_prioridad;desc_estado_semaforo;desc_lugar_via;desc_estado_via;desc_estado_visibilidad;desc_luminosidad;desc_estado_clima;desc_tipo_colision;desc_tipo_atropello;desc_tipo_hecho;desc_pres_calzada;desc_senializacion
6852;2021;10/9/2021;Viernes;17:00:00;;0.0;2;Moto/Ciclomotor,Pickup/Utilitario;Ejercito Argentino Y Gral. Obligado;2;1;0;1;0;0;Calle;CALCHAQUÍ;Vera;Ripio;No existe;XIX;Dentro;Urbana;Otra Señal;No existe;Intersección;Bueno;Buena;Diurna;Buen Tiempo;Múltiple;S/D;Colisión;Ninguna;Faltante
6853;2021;10/9/2021;Viernes;12:35:00;;0.0;2;Moto/Ciclomotor,Pickup/Utilitario;Laprida Y Muñoz;3;1;0;2;0;0;Calle;ROSARIO;Rosario;Asfalto;No existe;II;Dentro;Urbana;Otra Señal;No existe;Intersección;Bueno;Buena;Diurna;Otro;Múltiple;S/D;Colisión;Ninguna;Faltante
6854;2021;10/9/2021;Viernes;12:00:00;Ruta Provincial 93;44.0;1;Automóvil;Ruta Prov. 93 ;2;0;0;1;1;0;Ruta;FIRMAT;General LÓPEZ;Asfalto;Natural;VIII;S/D;Rural;Otra Señal;No existe;Intersección;Bueno;S/D;Diurna;S/D;Múltiple;S/D;Colisión;Ninguna;Faltante
6855;2021;10/9/2021;Viernes;07:20:00;Ruta Nacional 168;1.0;2;Automóvil,Automóvil; ;3;3;0;0;0;0;Ruta;SANTA FE;La Capital;Asfalto;Ripio;I;Dentro;Urbana;Otra Señal;No existe;Intersección;Bueno;Buena;Diurna;Buen Tiempo;Múltiple;S/D;Colisión;Ninguna;Horizontal
6856;2021;10/9/2021;Viernes;07:20:00;Ruta Nacional 168;1.0;2;Automóvil,Moto/Ciclomotor; ;3;1;0;2;0;0;Ruta;SANTA FE;La Capital;Asfalto;No existe;I;Dentro;Urbana;Otra Señal;No existe;Intersección;Bueno;Buena;Diurna;Buen Tiempo;Múltiple;S/D;Colisión;Ninguna;Horizontal
6857;2021;10/9/2021;Viernes;09:30:00;;0.0;1;Moto/Ciclomotor; ;1;1;0;0;0;0;S/D;CORONDA;San JERÓNIMO;S/D;S/D;XV;S/D;S/D;Otra Señal;S/D;Intersección;S/D;S/D;S/D;S/D;Múltiple;S/D;Colisión;S/D;S/D
6858;2021;10/9/2021;Viernes;21:25:00;;0.0;2;Camión c / Acoplado,Automóvil; ;2;1;0;1;0;0;S/D;MACIEL;San JERÓNIMO;S/D;S/D;XV;S/D;S/D;Otra Señal;S/D;Intersección;S/D;S/D;S/D;S/D;Múltiple;S/D;Colisión;S/D;S/D
6859;2021;10/9/2021;Viernes;20:30:00;;0.0;2;Automóvil,Moto/Ciclomotor; ;2;1;0;1;0;0;S/D;MACIEL;San JERÓNIMO;S/D;S/D;XV;S/D;S/D;Otra Señal;S/D;Intersección;S/D;S/D;S/D;S/D;Múltiple;S/D;Colisión;S/D;S/D
6860;2021;10/9/2021;Viernes;17:30:00;Ruta Provincial 40;0.0;1;Moto/Ciclomotor;Calle 44-27 de Abril ;2;2;0;0;0;0;Ruta;RECONQUISTA;General Obligado;Asfalto;Ripio;IX;Dentro;Urbana;Otra Señal;No existe;Intersección;Bueno;Buena;Diurna;Buen Tiempo;Múltiple;S/D;Colisión;Ninguna;Vertical
6861;2021;10/9/2021;Viernes;17:00:00;;0.0;2;Automóvil,Moto/Ciclomotor;Ocampo Y Pellegrini;2;1;0;1;0;0;Calle;CAÑADA DE GÓMEZ;Iriondo;Asfalto;No existe;X;Dentro;Urbana;Otra Señal;No existe;Intersección;Bueno;Buena;Diurna;Buen Tiempo;Múltiple;S/D;Colisión;Ninguna;Faltante
6862;2021;10/9/2021;Viernes;;;0.0;2;Moto/Ciclomotor,Automóvil;San Luis Y Santiago;2;1;0;1;0;0;Calle;ROSARIO;Rosario;Asfalto;No existe;II;Dentro;Urbana;Otra Señal;No existe;Intersección;S/D;S/D;Diurna;S/D;Múltiple;S/D;Colisión;S/D;Vertical
6863;2021;10/9/2021;Viernes;;Autopista Nacional A008;0.0;1;Automóvil;Av. Circunvalación Y Av. Jorge Newbery;1;1;0;0;0;0;Autopista;ROSARIO;Rosario;Asfalto;Pavimento;II;Dentro;Urbana;Otra Señal;No existe;Intersección;S/D;S/D;Diurna;S/D;Múltiple;S/D;Colisión;S/D;Horizontal
6864;2021;10/9/2021;Viernes;19:30:00;;0.0;3;Automóvil,Automóvil,Moto/Ciclomotor;Belgrano Y Brown;3;1;0;2;0;0;Calle;VILLA GOBERNADOR GÁLVEZ;Rosario;Asfalto;No existe;II;Dentro;Urbana;Otra Señal;No existe;Intersección;S/D;S/D;Diurna;S/D;Múltiple;S/D;Colisión;S/D;Faltante
6865;2021;10/9/2021;Viernes;09:30:00;;0.0;2;Automóvil,Automóvil;9 de Julio Y Buenos Aires;5;1;0;4;0;0;Calle;CAPITÁN BERMÚDEZ;San Lorenzo;Asfalto;No existe;XVII;Dentro;Urbana;Otra Señal;No existe;Intersección;Bueno;Buena;Diurna;Buen Tiempo;Múltiple;S/D;Colisión;Ninguna;Faltante
6866;2021;10/9/2021;Viernes;20:00:00;Ruta Nacional 11;0.0;2;Pickup/Utilitario,Moto/Ciclomotor;Pje De La Torre Y Ruta Nac 11;2;1;0;1;0;0;Ruta;TIMBÚES;San Lorenzo;Hormigón;Ripio;XVII;Dentro;Urbana;Otra Señal;No existe;Intersección;Bueno;Buena;Nocturna;Buen Tiempo;Múltiple;S/D;Colisión;Ninguna;Horizontal
6867;2021;10/9/2021;Viernes;19:00:00;;0.0;1;Moto/Ciclomotor;Biedma Y Magallanes;1;1;0;0;0;0;Calle;ROSARIO;Constitución;S/D;S/D;II;S/D;S/D;Otra Señal;S/D;Intersección;S/D;S/D;Atardecer;S/D;Múltiple;S/D;Colisión;S/D;S/D
6868;2021;10/9/2021;Viernes;15:20:00;;0.0;1;Automóvil;Molina Y Superi;1;1;0;0;0;0;Calle;ROSARIO;Constitución;S/D;S/D;II;S/D;S/D;Otra Señal;S/D;Intersección;S/D;S/D;Diurna;S/D;Múltiple;S/D;Colisión;S/D;S/D
6869;2021;10/9/2021;Viernes;16:00:00;;0.0;1;Moto/Ciclomotor;Santiago Y San Juan;1;1;0;0;0;0;Calle;ROSARIO;Constitución;S/D;S/D;II;Dentro;Urbana;Otra Señal;S/D;Intersección;S/D;S/D;Diurna;S/D;Múltiple;S/D;Colisión;S/D;S/D
6870;2021;10/9/2021;Viernes;13:00:00;;0.0;1;Bicicleta;Av. Pellegrini Y Fraga;1;1;0;0;0;0;Avenida;ROSARIO;Constitución;S/D;S/D;II;Dentro;Urbana;Otra Señal;S/D;Intersección;S/D;S/D;Diurna;S/D;Múltiple;S/D;Colisión;S/D;S/D
6871;2021;10/9/2021;Viernes;19:00:00;;0.0;1;Bicicleta;Av. Caseros Bis Y Pje. Esperanza;1;1;0;0;0;0;Avenida;ROSARIO;Constitución;S/D;S/D;II;S/D;S/D;Otra Señal;S/D;Intersección;S/D;S/D;Atardecer;S/D;Múltiple;S/D;Colisión;S/D;S/D
6872;2021;10/9/2021;Viernes;12:55:00;Ruta Nacional 11;0.0;2;Camión,Moto/Ciclomotor;IRENEO FACCIOLI Y RUTA 11;2;0;0;1;0;0;Ruta;RECONQUISTA;Constitución;Asfalto;No existe;IX;Dentro;Urbana;Otra Señal;Funciona;Intersección;Bueno;Buena;Diurna;Buen Tiempo;Múltiple;S/D;Colisión;Ninguna;Horizontal,Vertical
6873;2021;10/9/2021;Viernes;14:30:00;Ruta Provincial 4;118.0;3;Camión c / Acoplado,Camión c / Acoplado,Camión; ;3;0;0;2;0;0;Ruta;ROSARIO;Constitución;Asfalto;No existe;II;Dentro;Rural;Otra Señal;No existe;Intersección;Bueno;Buena;Diurna;Buen Tiempo;Múltiple;S/D;Colisión;Ninguna;Horizontal
6874;2021;10/9/2021;Viernes;;Ruta Nacional 8;0.0;2;Pickup/Utilitario,Automóvil;Calle nro. 125 Y Ruta Nac 8;3;1;0;1;0;0;Ruta;VENADO TUERTO;Constitución;Asfalto;Ripio;VIII;Dentro;Urbana;Otra Señal;No existe;Intersección;Bueno;Buena;Diurna;Buen Tiempo;Múltiple;S/D;Colisión;Ninguna;Horizontal
6875;2021;10/9/2021;Viernes;;S/D Provincial 70;37.0;2;Vehículo Oficial,Automóvil; ;2;1;0;0;0;0;S/D;HUMBOLDT;Constitución;Asfalto;Natural;XI;S/D;S/D;Otra Señal;No existe;Intersección;Bueno;Buena;Diurna;Buen Tiempo;Múltiple;S/D;Colisión;Ninguna;Horizontal
6876;2021;11/9/2021;Sabado;17:00:00;;0.0;2;Moto/Ciclomotor,Automóvil;Hernandarias Y Pje Ingenieros;2;1;0;1;0;0;Calle;SANTA FE;La Capital;Asfalto;No existe;I;Dentro;Urbana;Otra Señal;No existe;Intersección;Bueno;Buena;Diurna;Buen Tiempo;Múltiple;S/D;Colisión;Ninguna;Faltante
6877;2021;11/9/2021;Sabado;12:45:00;;0.0;2;Moto/Ciclomotor,Pickup/Utilitario;Ángel Cassanello Y Av. A del Valle;2;1;0;1;0;0;Avenida;SANTA FE;La Capital;Asfalto;No existe;I;Dentro;Urbana;Otra Señal;Funciona;Intersección;Bueno;Buena;Diurna;Buen Tiempo;Múltiple;S/D;Colisión;Ninguna;Horizontal,Vertical
6878;2021;11/9/2021;Sabado;22:00:00;Ruta Provincial 1;1.0;2;Moto/Ciclomotor,Transporte de Pasajeros Urbano (> 8 asientos); ;2;1;0;1;0;0;Ruta;COLASTINE;La Capital;Asfalto;No existe;I;Dentro;Urbana;Otra Señal;Funciona;Intersección;Bueno;Buena;Diurna;Buen Tiempo;Múltiple;S/D;Colisión;Ninguna;Horizontal,Vertical
6879;2021;11/9/2021;Sabado;21:45:00;;0.0;2;Moto/Ciclomotor,Automóvil;Av. Almte. Brown Y Salvador del Carril;2;1;0;1;0;0;Avenida;SANTA FE;La Capital;Asfalto;No existe;I;Dentro;Urbana;Otra Señal;Funciona;Intersección;Bueno;Buena;Diurna;Buen Tiempo;Múltiple;S/D;Colisión;Ninguna;Horizontal,Vertical
6880;2021;11/9/2021;Sabado;20:30:00;Ruta Nacional 11;0.0;2;Bicicleta,Automóvil;J.J Paso Y Ruta Nacional 11;2;1;0;1;0;0;Ruta;CANDIOTI;La Capital;Asfalto;Ripio;I;Dentro;Urbana;Otra Señal;No existe;Intersección;Bueno;Buena;Nocturna;Buen Tiempo;Múltiple;S/D;Colisión;Ninguna;Horizontal
6881;2021;11/9/2021;Sabado;16:10:00;;0.0;2;Pickup/Utilitario,Moto/Ciclomotor;Calle 10-Ludueña Y Calle 13-Iturraspe;3;2;0;1;0;0;Calle;RECONQUISTA;General Obligado;Asfalto;No existe;IX;Dentro;Urbana;Otra Señal;No existe;Intersección;Bueno;Buena;Diurna;Buen Tiempo;Múltiple;S/D;Colisión;Ninguna;Faltante
6882;2021;11/9/2021;Sabado;20:10:00;;0.0;1;Moto/Ciclomotor;Av. San Martin 800;2;1;0;0;0;1;Avenida;ALEJANDRA;San Javier;Tierra;No existe;XIV;Dentro;Urbana;Otra Señal;No existe;Intersección;Bueno;Buena;Nocturna;Buen Tiempo;Múltiple;S/D;Colisión;Ninguna;Faltante
6883;2021;11/9/2021;Sabado;16:00:00;;0.0;2;Automóvil,Automóvil;Av. Córdoba Y General Paz;3;1;0;2;0;0;Avenida;ESPERANZA;Las Colonias;Asfalto;No existe;XI;Dentro;Urbana;Otra Señal;No existe;Intersección;Bueno;Buena;Diurna;Buen Tiempo;Múltiple;S/D;Colisión;Ninguna;Faltante
6884;2021;11/9/2021;Sabado;23:30:00;;0.0;2;Moto/Ciclomotor,Pickup/Utilitario;Boulevard Ocampo Y Presidente B Rivadavia;3;2;0;1;0;0;Avenida;HELVECIA;Garay;Asfalto;No existe;VII;Dentro;Urbana;Otra Señal;No existe;Intersección;Bueno;Buena;Nocturna;Buen Tiempo;Múltiple;S/D;Colisión;Ninguna;Faltante
6885;2021;11/9/2021;Sabado;02:15:00;;0.0;2;Moto/Ciclomotor,Moto/Ciclomotor;Calle 7 Y Calle 96;2;0;0;1;1;0;Calle;FRONTERA;Castellanos;Asfalto;S/D;V;S/D;Urbana;Otra Señal;S/D;Intersección;Bueno;S/D;Nocturna;S/D;Múltiple;S/D;Colisión;S/D;Faltante
6886;2021;11/9/2021;Sabado;15:35:00;Ruta Nacional 95;804.0;1;Camión c / Acoplado; ;2;2;0;0;0;0;Ruta;POZO BORRADO;9 de Julio;Asfalto;Natural;XII;Fuera;Urbana;Otra Señal;No existe;Intersección;Bueno;Buena;Diurna;Buen Tiempo;Múltiple;S/D;Colisión;Ninguna;Horizontal
6887;2021;11/9/2021;Sabado;12:25:00;Ruta Nacional 33;0.0;2;Moto/Ciclomotor,Automóvil;Av. Las Palmeras Y Ruta Nac 33;2;1;0;1;0;0;Ruta;PEREZ;Rosario;Asfalto;No existe;II;Dentro;Urbana;Otra Señal;Funciona;Intersección;Bueno;Buena;Diurna;Buen Tiempo;Múltiple;S/D;Colisión;Ninguna;Horizontal,Vertical
6888;2021;11/9/2021;Sabado;15:00:00;;0.0;2;Moto/Ciclomotor,Moto/Ciclomotor;Av. Blas Parera Y Fray C Rodríguez;2;1;0;0;0;1;Avenida;SANTA FE;La Capital;Asfalto;No existe;I;Dentro;Urbana;Otra Señal;Funciona;Intersección;Bueno;Buena;Diurna;Buen Tiempo;Múltiple;S/D;Colisión;Ninguna;Horizontal,Vertical
6889;2021;11/9/2021;Sabado;13:00:00;;0.0;2;Moto/Ciclomotor,Automóvil;Candioti 3750;2;1;0;1;0;0;Calle;SANTA FE;La Capital;Asfalto;No existe;I;Dentro;Urbana;Otra Señal;No existe;Intersección;Bueno;S/D;Diurna;S/D;Múltiple;S/D;Colisión;S/D;Faltante
6890;2021;11/9/2021;Sabado;16:20:00;;0.0;2;Moto/Ciclomotor,Peatón;Ivanowski 85;2;1;0;1;0;0;Calle;ROSARIO;Rosario;Asfalto;No existe;II;Dentro;Urbana;Otra Señal;No existe;Intersección;Bueno;Buena;Diurna;Buen Tiempo;Múltiple;Peatón;Colisión;Ninguna;Faltante
6891;2021;11/9/2021;Sabado;13:30:00;;0.0;2;Automóvil,Pickup/Utilitario;San Martin Y Pte. Quintana;3;2;0;1;0;0;Avenida;ROSARIO;Rosario;Asfalto;No existe;II;Dentro;Urbana;Otra Señal;No existe;Intersección;Bueno;Buena;Diurna;Buen Tiempo;Múltiple;S/D;Colisión;Ninguna;Horizontal,Vertical
6892;2021;11/9/2021;Sabado;15:30:00;;0.0;2;Otros,Moto/Ciclomotor;Moreno Y San Lorenzo;3;0;0;1;0;2;Calle;SANTA FE;La Capital;Asfalto;No existe;I;Dentro;Urbana;Otra Señal;No existe;Intersección;Bueno;Buena;Diurna;Buen Tiempo;Múltiple;S/D;Colisión;Ninguna;Faltante
6893;2021;11/9/2021;Sabado;20:50:00;;0.0;2;Taxi/Remis,Moto/Ciclomotor;Av. J J Paso Y Santiago de Chile;3;1;0;2;0;0;Avenida;SANTA FE;La Capital;Asfalto;No existe;I;Dentro;Urbana;Otra Señal;No existe;Intersección;Bueno;Buena;Nocturna;Buen Tiempo;Múltiple;S/D;Colisión;Ninguna;Horizontal
6894;2021;11/9/2021;Sabado;11:50:00;;0.0;4;Pickup/Utilitario,Automóvil,Automóvil,Pickup/Utilitario;Dean Funes Y Entre Ríos;7;2;0;5;0;0;Calle;ROSARIO;Rosario;Asfalto;Pavimento;II;Dentro;Urbana;Otra Señal;No existe;Intersección;Bueno;Buena;Diurna;Buen Tiempo;Múltiple;S/D;Colisión;Ninguna;Horizontal
6895;2021;11/9/2021;Sabado;12:00:00;;0.0;2;Moto/Ciclomotor,Moto/Ciclomotor;Av. Provincias Unidas Y Rueda;2;2;0;0;0;0;Calle;ROSARIO;Rosario;Asfalto;No existe;II;Dentro;Urbana;Otra Señal;No existe;Intersección;Bueno;Buena;Diurna;Buen Tiempo;Múltiple;S/D;Colisión;Ninguna;Vertical
6896;2021;11/9/2021;Sabado;19:20:00;Ruta Provincial 5;0.0;2;Pickup/Utilitario,Moto/Ciclomotor; ;2;1;0;1;0;0;Ruta;RECREO;La Capital;Asfalto;Ripio;I;Dentro;Urbana;Otra Señal;No existe;Intersección;Bueno;Buena;Nocturna;Buen Tiempo;Múltiple;S/D;Colisión;Ninguna;Faltante
6897;2021;11/9/2021;Sabado;20:15:00;;0.0;2;Automóvil,Automóvil;Av. Pellegrini Y Cullen;2;1;0;1;0;0;Avenida;ROSARIO;Rosario;Hormigón;No existe;II;Dentro;Urbana;Otra Señal;Funciona;Intersección;Bueno;Buena;Nocturna;Buen Tiempo;Múltiple;S/D;Colisión;Ninguna;Horizontal,Vertical
6898;2021;11/9/2021;Sabado;19:10:00;;0.0;2;Bicicleta,Moto/Ciclomotor;9 de Julio Y L N Alem;2;1;0;1;0;0;Calle;SAN JUSTO;San Justo;Asfalto;No existe;XVI;Dentro;Urbana;Otra Señal;Funciona;Intersección;Bueno;Buena;Nocturna;Buen Tiempo;Múltiple;S/D;Colisión;Ninguna;Vertical
6899;2021;11/9/2021;Sabado;17:00:00;;0.0;2;Pickup/Utilitario,Moto/Ciclomotor;Calle sin nombre Y Calle sin nombre;3;2;0;1;0;0;Calle;COLONIA DOLORES;San Justo;Asfalto;No existe;XVI;Dentro;Urbana;Otra Señal;No existe;Intersección;Bueno;Buena;Diurna;Buen Tiempo;Múltiple;S/D;Colisión;Ninguna;Faltante
6900;2021;11/9/2021;Sabado;09:30:00;;0.0;2;Moto/Ciclomotor,Automóvil;Balcarce Y E.Zeballos;2;1;0;1;0;0;Calle;ROSARIO;Rosario;Asfalto;No existe;II;Dentro;Urbana;Otra Señal;No existe;Intersección;Bueno;Buena;Diurna;Buen Tiempo;Múltiple;S/D;Colisión;Ninguna;Horizontal
6901;2021;11/9/2021;Sabado;23:10:00;Ruta Nacional 11;0.0;2;Automóvil,Camión c / Acoplado;Bv Belgrano ;2;1;0;1;0;0;Ruta;CALCHAQUÍ;Vera;Asfalto;Pavimento;XIX;Dentro;Urbana;Otra Señal;No existe;Intersección;Bueno;Buena;Diurna,Con luz artificial;Buen Tiempo;Múltiple;S/D;Colisión;Ninguna;Horizontal
6902;2021;11/9/2021;Sabado;07:30:00;Ruta Nacional 34;0.0;2;Automóvil,Moto/Ciclomotor;Grandoli Y Ruta Nac 34;3;2;0;1;0;0;Ruta;ROSARIO;Rosario;Asfalto;No existe;II;Dentro;Urbana;Otra Señal;No existe;Intersección;S/D;S/D;Diurna;Buen Tiempo;Múltiple;S/D;Colisión;S/D;Faltante
6903;2021;11/9/2021;Sabado;18:30:00;Ruta Nacional 33;632.0;2;Automóvil,Camión c / Acoplado;Ruta Nacional 33 ;2;0;0;1;1;0;Ruta;VENADO TUERTO;General LÓPEZ;Asfalto;Pavimento;VIII;S/D;Urbana;Otra Señal;No existe;Intersección;Bueno;S/D;Diurna;Buen Tiempo;Múltiple;S/D;Colisión;Ninguna;Faltante
6904;2021;11/9/2021;Sabado;;;0.0;2;Moto/Ciclomotor,Automóvil;Ayacucho 5100;2;1;0;1;0;0;Calle;SANTA FE;La Capital;Asfalto;No existe;I;Dentro;Urbana;Otra Señal;No existe;Intersección;Bueno;Buena;S/D;Buen Tiempo;Múltiple;S/D;Colisión;Ninguna;Faltante
6905;2021;11/9/2021;Sabado;18:55:00;;0.0;2;Automóvil,Moto/Ciclomotor; ;3;2;0;1;0;0;S/D;VENADO TUERTO;General LÓPEZ;S/D;S/D;VIII;S/D;S/D;Otra Señal;S/D;Intersección;S/D;S/D;S/D;S/D;Múltiple;S/D;Colisión;S/D;S/D
6906;2021;11/9/2021;Sabado;07:30:00;;0.0;1;Automóvil;Avda. 9 de Julio 800;3;3;0;0;0;0;Avenida;GÁLVEZ;San JERÓNIMO;S/D;S/D;XV;Dentro;Urbana;Otra Señal;S/D;Intersección;S/D;S/D;S/D;S/D;Múltiple;S/D;Colisión;S/D;S/D
6907;2021;11/9/2021;Sabado;19:25:00;;0.0;2;Moto/Ciclomotor,Bicicleta;Eva Perón Y Rioja;2;2;0;0;0;0;Calle;PUERTO SAN MARTÍN;San Lorenzo;Asfalto;No existe;XVII;Dentro;Urbana;Otra Señal;No existe;Intersección;Bueno;Buena;Nocturna;Buen Tiempo;Múltiple;Ciclista;Colisión;Ninguna;Faltante
6908;2021;11/9/2021;Sabado;11:10:00;;0.0;2;Moto/Ciclomotor,Pickup/Utilitario;AV PTE. PERÓN Y MATHEU;3;1;0;2;0;0;Avenida;VENADO TUERTO;General LÓPEZ;Asfalto;No existe;VIII;Dentro;Urbana;Otra Señal;No existe;Intersección;S/D;S/D;Diurna;S/D;Múltiple;S/D;Colisión;S/D;Vertical
6909;2021;11/9/2021;Sabado;13:45:00;;0.0;2;Moto/Ciclomotor,Automóvil;Mariano López Y Tomas Alva Edison;2;1;0;1;0;0;Calle;VENADO TUERTO;General LÓPEZ;Asfalto;No existe;VIII;Dentro;Urbana;Otra Señal;No existe;Intersección;S/D;S/D;Diurna;S/D;Múltiple;S/D;Colisión;S/D;Faltante
6910;2021;11/9/2021;Sabado;14:55:00;;0.0;2;Moto/Ciclomotor,Automóvil;Caparros R Y Runciman;2;1;0;1;0;0;Calle;VENADO TUERTO;General LÓPEZ;S/D;No existe;VIII;Dentro;Urbana;Otra Señal;No existe;Intersección;S/D;S/D;Diurna;S/D;Múltiple;S/D;Colisión;S/D;Faltante
6911;2021;11/9/2021;Sabado;15:57:00;;0.0;2;Moto/Ciclomotor,Moto/Ciclomotor;Jujuy Y Pedro Barberis;3;3;0;0;0;0;Calle;VENADO TUERTO;General LÓPEZ;Asfalto;No existe;VII;Dentro;Urbana;Otra Señal;No existe;Intersección;S/D;S/D;Diurna;S/D;Múltiple;S/D;Colisión;S/D;Vertical
6912;2021;11/9/2021;Sabado;19:33:00;;0.0;2;Moto/Ciclomotor,Automóvil;Balcarce Y Piacenza;2;1;0;1;0;0;Calle;VENADO TUERTO;General LÓPEZ;S/D;No existe;VIII;Dentro;Urbana;Otra Señal;No existe;Intersección;S/D;S/D;Nocturna;S/D;Múltiple;S/D;Colisión;S/D;Faltante
6913;2021;11/9/2021;Sabado;;Ruta Provincial 70;0.0;2;Moto/Ciclomotor,Automóvil;BV SANTA FE Y SAN LORENZO;3;1;0;2;0;0;Ruta;RAFAELA;Castellanos;Hormigón;No existe;V;Dentro;Urbana;Otra Señal;No existe;Intersección;S/D;S/D;S/D;S/D;Múltiple;S/D;Colisión;S/D;Horizontal
6914;2021;11/9/2021;Sabado;;;0.0;2;Moto/Ciclomotor,Automóvil;Bv H Irigoyen Y Fdo Fader;3;2;0;1;0;0;Avenida;RAFAELA;Castellanos;Asfalto;No existe;V;Dentro;Urbana;Otra Señal;No existe;Intersección;S/D;S/D;S/D;S/D;Múltiple;S/D;Colisión;S/D;Horizontal
6915;2021;11/9/2021;Sabado;;Ruta Nacional 11;0.0;2;Moto/Ciclomotor,Bicicleta; ;2;2;0;0;0;0;Ruta;LAS TOSCAS;General Obligado;Asfalto;Natural;IX;Dentro;Rural;Otra Señal;No existe;Intersección;S/D;S/D;S/D;S/D;Múltiple;Ciclista;Colisión;S/D;Horizontal
6916;2021;11/9/2021;Sabado;19:02:00;Ruta Secundaria 95-s;35.0;1;Automóvil; ;2;2;0;0;0;0;Ruta;LA SARITA;General Obligado;Ripio;S/D;IX;S/D;S/D;Otra Señal;S/D;Intersección;S/D;S/D;Nocturna;S/D;Múltiple;S/D;Colisión;S/D;S/D
6917;2021;11/9/2021;Sabado;14:30:00;;0.0;1;Moto/Ciclomotor;Av. Ovidio Lagos Y Camino Viejo Soldini;1;1;0;0;0;0;Avenida;ROSARIO;Constitución;S/D;S/D;II;S/D;S/D;Otra Señal;S/D;Intersección;S/D;S/D;Diurna;S/D;Múltiple;S/D;Colisión;S/D;S/D
6918;2021;11/9/2021;Sabado;18:50:00;;0.0;2;Moto/Ciclomotor,Moto/Ciclomotor;Rivarola Y Av. Circunvalación;2;2;0;0;0;0;Calle;ROSARIO;Constitución;S/D;S/D;II;S/D;Urbana;Otra Señal;S/D;Intersección;S/D;S/D;Diurna;S/D;Múltiple;S/D;Colisión;S/D;S/D
6919;2021;11/9/2021;Sabado;20:15:00;;0.0;2;Automóvil,Moto/Ciclomotor;Av. Pte. Perón Y Saavedra;2;0;0;1;0;0;Calle;LAGUNA PAIVA;Constitución;Asfalto;Natural;I;Dentro;Urbana;Otra Señal;No existe;Intersección;Bueno;Buena;Nocturna;Buen Tiempo;Múltiple;S/D;Colisión;Ninguna;Faltante
6920;2021;11/9/2021;Sabado;09:10:00;;0.0;2;Pickup/Utilitario,Pickup/Utilitario;CAMINO RURAL ;3;2;0;0;0;0;Camino Rural;SAN GUILLERMO;Constitución;Tierra;No existe;XII;Dentro;Urbana;Otra Señal;No existe;Intersección;Bueno;Reducida p/ objetos;Diurna;Buen Tiempo;Múltiple;S/D;Colisión;Ninguna;Faltante
6921;2021;11/9/2021;Sabado;14:30:00;Ruta Nacional 175;0.0;2;Automóvil,Moto/Ciclomotor;9 de Julio Y Córdoba;2;0;0;1;0;0;Ruta;PUERTO SAN MARTÍN;Constitución;Asfalto;No existe;XVII;Dentro;Urbana;Otra Señal;No existe;Intersección;Bueno;Buena;Diurna;Buen Tiempo;Múltiple;S/D;Colisión;Ninguna;Horizontal
6922;2021;11/9/2021;Sabado;19:00:00;Ruta Nacional 11;338.0;2;Bicicleta,Camión c / Acoplado; ;2;0;0;1;0;0;Ruta;TIMBÚES;Constitución;Asfalto;No existe;XVII;Dentro;Urbana;Otra Señal;No existe;Intersección;Bueno;Buena;Atardecer;Buen Tiempo;Múltiple;Ciclista;Colisión;Ninguna;Horizontal
6923;2021;11/9/2021;Sabado;;;0.0;2;Pickup/Utilitario,Moto/Ciclomotor;12 de Octubre Y Corrientes;2;0;0;1;0;0;Calle;RAFAELA;Constitución;Asfalto;No existe;V;Dentro;Urbana;Otra Señal;No existe;Intersección;S/D;S/D;S/D;S/D;Múltiple;S/D;Colisión;S/D;Faltante
6924;2021;11/9/2021;Sabado;11:50:00;;0.0;2;Moto/Ciclomotor,Automóvil;Av. Belgrano Y Florida;2;0;0;1;0;0;Avenida;CAPITÁN BERMÚDEZ;Constitución;Asfalto;No existe;XVII;Dentro;Urbana;Otra Señal;No existe;Intersección;S/D;S/D;Diurna;S/D;Múltiple;S/D;Colisión;S/D;Faltante
6925;2021;12/9/2021;Domingo;19:00:00;;0.0;2;Automóvil,Moto/Ciclomotor;Av. Facundo Zuviria Y Juan Del Campillo;2;1;0;1;0;0;Avenida;SANTA FE;La Capital;Asfalto;No existe;I;Dentro;Urbana;Otra Señal;Funciona;Intersección;Bueno;Buena;Atardecer;Buen Tiempo;Múltiple;S/D;Colisión;Ninguna;Horizontal,Vertical
6926;2021;12/9/2021;Domingo;21:30:00;Ruta Secundaria 80-s;47.5;2;Moto/Ciclomotor,Automóvil; ;3;2;0;0;1;0;Ruta;PROGRESO;Las Colonias;Asfalto;Natural;XI;Dentro;Urbana;Otra Señal;No existe;Intersección;Bueno;Reducida;Nocturna;Buen Tiempo;Múltiple;S/D;Colisión;Ninguna;S/D
6927;2021;12/9/2021;Domingo;15:30:00;;0.0;2;Automóvil,Moto/Ciclomotor;Mitre 1600;2;1;0;1;0;0;Calle;VILLA GOBERNADOR GÁLVEZ;Rosario;Asfalto;No existe;II;Dentro;Urbana;Otra Señal;Funciona;Intersección;Bueno;Buena;Diurna;Buen Tiempo;Múltiple;S/D;Colisión;Ninguna;Vertical