ID_Accidente;A�o;Fecha;Dia;Hopra;Ruta/Autop;km;Participantes;Tipo;Lugar;Total;Heridos Leves;Heridos Graves;Ilesos;Fallecidos;Sin datos;desc_tipo_via;desc_loc;desc_dpto;|;desc_tipo_banquina;desc_unidad_regional;desc_lugar_calzada;desc_zona;desc_prioridad;desc_estado_semaforo;desc_lugar_via;desc_estado_via;desc_estado_visibilidad;desc_luminosidad;desc_estado_clima;desc_tipo_colision;desc_tipo_atropello;desc_tipo_hecho;desc_pres_calzada;desc_senializacion
6928;2021;12/9/2021;Domingo;15:00:00;;0.0;1;Automóvil;CAMINO RURAL ;5;1;0;4;0;0;Camino Rural;TORTUGAS;Belgrano;Ripio;No existe;III;Dentro;Rural;Otra Señal;No existe;Intersección;Bueno;Buena;Diurna;Buen Tiempo;Múltiple;S/D;Colisión;Agua;Faltante
6929;2021;12/9/2021;Domingo;22:50:00;;0.0;1;Moto/Ciclomotor;Fray C Rodríguez Y Av. Pte. Perón;1;0;0;0;1;0;Avenida;SANTA FE;La Capital;Asfalto;No existe;I;S/D;Urbana;Otra Señal;No existe;Intersección;Bueno;S/D;Nocturna;S/D;Múltiple;S/D;Colisión;Ninguna;Horizontal
6930;2021;12/9/2021;Domingo;12:00:00;Ruta Nacional A012;61.5;2;Moto/Ciclomotor,Pickup/Utilitario; ;2;0;0;1;1;0;Ruta;RICARDONE;San Lorenzo;Asfalto;Natural;XVII;S/D;Urbana;Otra Señal;No existe;Intersección;Bueno;Buena;Diurna;Buen Tiempo;Múltiple;S/D;Colisión;Ninguna;Faltante
6931;2021;12/9/2021;Domingo;15:20:00;;0.0;2;Automóvil,Automóvil;Calle 11-Alvear Y Calle 24-Alessio;3;1;0;2;0;0;Calle;RECONQUISTA;General Obligado;Asfalto;No existe;IX;Dentro;Urbana;Otra Señal;No existe;Intersección;Bueno;Buena;Diurna;Buen Tiempo;Múltiple;S/D;Colisión;Ninguna;Faltante
6932;2021;12/9/2021;Domingo;18:10:00;;0.0;2;Automóvil,Bicicleta;Av. Battle y Ordoñez Y Salva;2;1;0;1;0;0;Avenida;ROSARIO;Rosario;Asfalto;No existe;II;Dentro;Urbana;Otra Señal;No existe;Intersección;Bueno;Buena;Diurna;Buen Tiempo;Múltiple;S/D;Colisión;Ninguna;Horizontal
6933;2021;12/9/2021;Domingo;14:15:00;;0.0;2;Moto/Ciclomotor,Automóvil;Dean Funes Y Entre Ríos;3;1;0;2;0;0;Calle;ROSARIO;Rosario;Asfalto;No existe;II;Dentro;Urbana;Otra Señal;No existe;Intersección;Bueno;Buena;Diurna;Buen Tiempo;Múltiple;S/D;Colisión;Ninguna;Faltante
6934;2021;12/9/2021;Domingo;05:50:00;;0.0;1;Moto/Ciclomotor;Belgrano 800;1;1;0;0;0;0;Calle;GENERAL LAGOS;Rosario;Asfalto;No existe;II;Dentro;Urbana;Otra Señal;No existe;Intersección;Bueno;Buena;Nocturna;Buen Tiempo;Múltiple;S/D;Colisión;Ninguna;Faltante
6935;2021;12/9/2021;Domingo;22:40:00;Autopista Nacional Rosario -Cordoba;0.0;1;Automóvil; ;2;2;0;0;0;0;Autopista;ROSARIO;Rosario;Asfalto;Natural;II;Dentro;Urbana;Otra Señal;No existe;Intersección;Bueno;Buena;Nocturna;Buen Tiempo;Múltiple;S/D;Colisión;Ninguna;S/D
6936;2021;12/9/2021;Domingo;14:30:00;;0.0;2;Moto/Ciclomotor,Moto/Ciclomotor;crespo Y Soldado Aguirre;2;1;0;1;0;0;Avenida;VILLA GOBERNADOR GÁLVEZ;Rosario;Asfalto,Ripio;No existe;II;Dentro;Urbana;Otra Señal;No existe;Intersección;Bueno;Buena;Diurna;Buen Tiempo;Múltiple;S/D;Colisión;Material Suelto;Faltante
6937;2021;12/9/2021;Domingo;17:50:00;;0.0;2;Automóvil,Pickup/Utilitario;ANGELONI Y FIGEREDO;2;1;0;1;0;0;Calle;GOBERNADOR CRESPO;San Justo;Asfalto;No existe;XVI;Dentro;Urbana;Otra Señal;No existe;Intersección;Bueno;Buena;Diurna;Buen Tiempo;Múltiple;S/D;Colisión;Ninguna;Faltante
6938;2021;12/9/2021;Domingo;23:40:00;Autovía Nacional 19;102.0;2;Camión,Moto/Ciclomotor; ;5;4;0;1;0;0;Autovía;ESTACIÓN CLUCELLAS;Castellanos;Hormigón;Pavimento;V;Dentro;Rural;Otra Señal;No existe;Intersección;Bueno;Buena;Nocturna;Buen Tiempo;Múltiple;S/D;Colisión;Ninguna;Faltante
6939;2021;12/9/2021;Domingo;05:30:00;;0.0;2;Taxi/Remis,Automóvil;C Escalada Y Entre Ríos;2;1;0;1;0;0;Calle;CAPITÁN BERMÚDEZ;San Lorenzo;Asfalto;No existe;XVII;Dentro;Urbana;Otra Señal;No existe;Intersección;Bueno;Buena;Nocturna,Con luz artificial;Buen Tiempo;Múltiple;S/D;Colisión;Ninguna;Horizontal
6940;2021;12/9/2021;Domingo;01:40:00;;0.0;2;Tren,Automóvil;Genaro Roldan 1000;6;3;0;3;0;0;Calle;SAN LORENZO;San Lorenzo;Asfalto;No existe;XVII;Dentro;Urbana;Otra Señal;No existe;Intersección;Bueno;Buena;Nocturna;Buen Tiempo;Múltiple;S/D;Colisión;Ninguna;Vertical
6941;2021;12/9/2021;Domingo;17:15:00;;0.0;2;Moto/Ciclomotor,Moto/Ciclomotor;Av. Fray Luis Beltrán Y Pueyrredón;3;2;0;1;0;0;Avenida;FRAY LUIS BELTRÁN;San Lorenzo;Asfalto;Pavimento;XVII;Dentro;Urbana;Otra Señal;No existe;Intersección;Bueno;Buena;Atardecer;Otro;Múltiple;S/D;Colisión;Ninguna;Faltante
6942;2021;12/9/2021;Domingo;00:40:00;;0.0;2;Moto/Ciclomotor,Automóvil;Calle nro. 33 Y Lisandro de la Torre;2;1;0;1;0;0;Calle;VENADO TUERTO;General LÓPEZ;S/D;No existe;VIII;Dentro;Urbana;Otra Señal;No existe;Intersección;S/D;S/D;Nocturna;S/D;Múltiple;S/D;Colisión;S/D;Faltante
6943;2021;12/9/2021;Domingo;02:22:00;;0.0;2;Pickup/Utilitario,Moto/Ciclomotor;Juan José Castelli Y López;2;1;0;1;0;0;Calle;VENADO TUERTO;General LÓPEZ;Asfalto;No existe;VIII;Dentro;Urbana;Otra Señal;No existe;Intersección;S/D;S/D;Nocturna;S/D;Múltiple;S/D;Colisión;S/D;Faltante
6944;2021;12/9/2021;Domingo;07:30:00;;0.0;1;Automóvil; ;1;1;0;0;0;0;Camino Rural;GARIBALDI;Castellanos;S/D;S/D;V;Dentro;Rural;Otra Señal;S/D;Intersección;S/D;S/D;Diurna;S/D;Múltiple;S/D;Colisión;S/D;S/D
6945;2021;12/9/2021;Domingo;20:30:00;;0.0;1;Moto/Ciclomotor;Bv Almirante Brown 1500;1;1;0;0;0;0;Calle;VILLA OCAMPO;General Obligado;S/D;No existe;IX;Dentro;Urbana;Otra Señal;No existe;Intersección;S/D;S/D;Nocturna;S/D;Múltiple;S/D;Colisión;S/D;S/D
6946;2021;12/9/2021;Domingo;13:30:00;;0.0;2;Moto/Ciclomotor,Pickup/Utilitario;Calle 24 - Olessio Y Calle 131 Raúl Carussi;3;2;0;1;0;0;Calle;RECONQUISTA;General Obligado;S/D;No existe;IX;Dentro;Urbana;Otra Señal;S/D;Intersección;S/D;S/D;Diurna;S/D;Múltiple;S/D;Colisión;S/D;S/D
6947;2021;12/9/2021;Domingo;;;0.0;2;Moto/Ciclomotor,Automóvil;Aldao Y Av. Mitre;2;1;0;1;0;0;Avenida;RECREO;La Capital;Asfalto;No existe;I;Dentro;Urbana;Otra Señal;No existe;Intersección;S/D;S/D;Nocturna;S/D;Múltiple;S/D;Colisión;S/D;Faltante
6948;2021;12/9/2021;Domingo;11:15:00;;0.0;2;Moto/Ciclomotor,Moto/Ciclomotor;Av. Menchaca Y Rosario;2;2;0;0;0;0;Avenida;VILLA GUILLERMINA;Constitución;Asfalto;No existe;IX;Dentro;Urbana;Otra Señal;No existe;Intersección;S/D;Buena;Diurna;Buen Tiempo;Múltiple;S/D;Colisión;S/D;Faltante
6949;2021;12/9/2021;Domingo;06:30:00;;0.0;1;Peatón;Garibaldi Y Bv. Avellaneda;1;1;0;0;0;0;Avenida;ROSARIO;Constitución;S/D;S/D;II;S/D;Urbana;Otra Señal;S/D;Intersección;S/D;S/D;Nocturna;S/D;Múltiple;S/D;Colisión;S/D;S/D
6950;2021;12/9/2021;Domingo;13:00:00;;0.0;1;Moto/Ciclomotor;Tte.Agneta Y Bv. 27 De Febrero;1;1;0;0;0;0;Avenida;ROSARIO;Constitución;S/D;S/D;II;S/D;Urbana;Otra Señal;S/D;Intersección;S/D;S/D;Diurna;S/D;Múltiple;S/D;Colisión;S/D;S/D
6951;2021;12/9/2021;Domingo;19:40:00;;0.0;1;Bicicleta;Av. Circunvalación Y Bv. 27 De Febrero;1;1;0;0;0;0;Avenida;ROSARIO;Constitución;S/D;S/D;II;S/D;Urbana;Otra Señal;S/D;Intersección;S/D;S/D;Nocturna;S/D;Múltiple;S/D;Colisión;S/D;S/D
6952;2021;12/9/2021;Domingo;21:30:00;;0.0;2;Moto/Ciclomotor,Automóvil;Campbell Y Mr.Ross;2;1;0;0;0;1;Calle;ROSARIO;Constitución;S/D;S/D;II;S/D;S/D;Otra Señal;S/D;Intersección;S/D;S/D;Nocturna;S/D;Múltiple;S/D;Colisión;S/D;S/D
6953;2021;12/9/2021;Domingo;00:05:00;;0.0;1;Moto/Ciclomotor;Av. Pellegrini Y Crespo;1;1;0;0;0;0;Avenida;ROSARIO;Constitución;S/D;S/D;II;Dentro;Urbana;Otra Señal;S/D;Intersección;S/D;S/D;Nocturna;S/D;Múltiple;S/D;Colisión;S/D;S/D
6954;2021;12/9/2021;Domingo;18:00:00;;0.0;1;Moto/Ciclomotor; ;1;1;0;0;0;0;S/D;ROSARIO;Constitución;S/D;S/D;II;S/D;S/D;Otra Señal;S/D;Intersección;S/D;S/D;Diurna;S/D;Múltiple;S/D;Colisión;S/D;S/D
6955;2021;12/9/2021;Domingo;08:30:00;Ruta Nacional A012;15.0;2;Pickup/Utilitario,Camión c / Semirremolque;Ruta Provincial 14 ;4;0;0;1;2;0;Ruta;PIÑERO;Constitución;Asfalto;Ripio;II;S/D;Rural;Otra Señal;No existe;Intersección;Bueno;Buena;Diurna;Buen Tiempo;Múltiple;S/D;Colisión;Ninguna;Horizontal,Vertical
6956;2021;12/9/2021;Domingo;14:55:00;;0.0;2;Pickup/Utilitario,Moto/Ciclomotor;Buenos Aires Y Bv. Seguí;2;0;0;1;0;0;Avenida;ROSARIO;Constitución;Asfalto;No existe;II;Dentro;Urbana;Otra Señal;No existe;Intersección;Bueno;Buena;Diurna;Buen Tiempo;Múltiple;S/D;Colisión;Ninguna;Faltante
6957;2021;12/9/2021;Domingo;13:00:00;;0.0;2;Moto/Ciclomotor,Automóvil;Bv. Avellaneda Y Cerrito;2;0;0;1;0;0;Avenida;ROSARIO;Constitución;Asfalto;No existe;II;Dentro;Urbana;Otra Señal;Funciona;Intersección;Bueno;Buena;Diurna;Buen Tiempo;Múltiple;S/D;Colisión;Ninguna;Horizontal,Vertical
6958;2021;12/9/2021;Domingo;14:50:00;;0.0;2;Automóvil,Moto/Ciclomotor;J M De Rosas 2800;2;0;0;1;0;0;Calle;SAN JUSTO;Constitución;Asfalto;No existe;XVI;Dentro;Urbana;Otra Señal;No existe;Intersección;Bueno;Buena;Diurna;Buen Tiempo;Múltiple;S/D;Colisión;Ninguna;Faltante
6959;2021;12/9/2021;Domingo;14:00:00;;0.0;1;Bicicleta;Pje. Prusia Y Rodo;1;0;0;0;0;0;Calle;ROSARIO;Rosario;Asfalto;No existe;II;Dentro;Urbana;Otra Señal;No existe;Intersección;S/D;S/D;Diurna;S/D;Múltiple;S/D;Colisión;S/D;Faltante
6960;2021;13/9/2021;Lunes;10:50:00;;0.0;2;Bicicleta,Automóvil; ;2;1;0;1;0;0;S/D;SANTA FE;La Capital;Asfalto;No existe;I;S/D;Urbana;Otra Señal;No existe;Intersección;Bueno;Buena;Diurna;Buen Tiempo;Múltiple;Ciclista;Colisión;Ninguna;S/D
6961;2021;13/9/2021;Lunes;18:00:00;Ruta Provincial 4;1.0;2;Automóvil,Automóvil; ;4;2;0;2;0;0;Ruta;LAGUNA PAIVA;La Capital;Asfalto;Natural;I;Dentro;Rural;Otra Señal;No existe;Intersección;Bueno;Buena;Diurna;Buen Tiempo;Múltiple;S/D;Colisión;Ninguna;Horizontal
6962;2021;13/9/2021;Lunes;16:25:00;;0.0;2;Pickup/Utilitario,Automóvil;Mendoza Y Rivadavia;3;1;0;2;0;0;Calle;SAN CARLOS CENTRO;Las Colonias;Ripio;No existe;XI;Dentro;Urbana;Otra Señal;No existe;Intersección;Bueno;Buena;Diurna;Buen Tiempo;Múltiple;S/D;Colisión;Ninguna;Faltante
6963;2021;13/9/2021;Lunes;07:30:00;;0.0;2;Moto/Ciclomotor,Bicicleta;Magallanes Y Pellegrini;2;1;0;1;0;0;Calle;VILLA GOBERNADOR GÁLVEZ;Rosario;Hormigón;No existe;II;Dentro;Urbana;Otra Señal;No existe;Intersección;Bueno;Buena;Diurna;Buen Tiempo;Múltiple;Ciclista;Colisión;Ninguna;Faltante
6964;2021;13/9/2021;Lunes;23:10:00;Autopista Provincial Brigadier E.LÓPEZ;127.5;1;Automóvil; ;1;0;0;0;1;0;Autopista;DESVÍO ARIJÓN;San JERÓNIMO;Asfalto;Natural;XV;S/D;Urbana;Otra Señal;No existe;Intersección;Bueno;S/D;Nocturna;S/D;Múltiple;S/D;Colisión;Ninguna;Faltante
6965;2021;13/9/2021;Lunes;;;0.0;2;Moto/Ciclomotor,Pickup/Utilitario;P LUIS DURRO 5100;2;1;0;1;0;0;Calle;SANTA FE;La Capital;Asfalto;No existe;I;Dentro;Urbana;Otra Señal;Funciona;Intersección;Bueno;Buena;Diurna;Buen Tiempo;Múltiple;S/D;Colisión;Ninguna;Horizontal,Vertical
6966;2021;13/9/2021;Lunes;09:40:00;;0.0;2;Moto/Ciclomotor,Camión Chasis;Garibaldi Y L.N.Alem;2;1;0;1;0;0;Calle;ROSARIO;Rosario;Asfalto;No existe;II;Dentro;Urbana;Otra Señal;No existe;Intersección;Bueno;Buena;Diurna;Buen Tiempo;Múltiple;S/D;Colisión;Ninguna;Faltante
6967;2021;13/9/2021;Lunes;15:30:00;;0.0;2;Moto/Ciclomotor,Pickup/Utilitario;Irurtia Y J.Colombres;3;2;0;1;0;0;Calle;ROSARIO;Rosario;Asfalto;No existe;II;Dentro;Urbana;Otra Señal;No existe;Intersección;Bueno;Buena;Diurna;Buen Tiempo;Múltiple;S/D;Colisión;Ninguna;Faltante
6968;2021;13/9/2021;Lunes;12:00:00;;0.0;2;Moto/Ciclomotor,Automóvil;H Irigoyen ;2;1;0;1;0;0;Calle;VERA;Vera;Asfalto;No existe;XIX;Dentro;Urbana;Otra Señal;No existe;Intersección;Bueno;Buena;Diurna;Buen Tiempo;Múltiple;S/D;Colisión;Ninguna;Faltante
6969;2021;13/9/2021;Lunes;16:15:00;;0.0;2;Automóvil,Taxi/Remis;L.N.Alem Y Montevideo;3;2;0;1;0;0;Calle;ROSARIO;Rosario;Asfalto;No existe;II;Dentro;Urbana;Otra Señal;No existe;Intersección;Bueno;Buena;Diurna;Buen Tiempo;Múltiple;S/D;Colisión;Ninguna;Horizontal
6970;2021;13/9/2021;Lunes;11:20:00;;0.0;2;Moto/Ciclomotor,Pickup/Utilitario;Palestina 2100;3;1;0;2;0;0;Calle;ROSARIO;Rosario;Asfalto;No existe;II;Dentro;Urbana;Otra Señal;No existe;Intersección;Bueno;Buena;Diurna;Buen Tiempo;Múltiple;S/D;Colisión;Ninguna;Vertical
6971;2021;13/9/2021;Lunes;11:30:00;;0.0;2;Automóvil,Moto/Ciclomotor;Beruti Y Jacinto Viñas;3;2;0;1;0;0;Calle;SANTA FE;La Capital;Tierra;No existe;I;Dentro;Urbana;Otra Señal;No existe;Intersección;Deteriorada;Buena;Diurna;Buen Tiempo;Múltiple;S/D;Colisión;Ninguna;Faltante
6972;2021;13/9/2021;Lunes;;Ruta Nacional 11;164.0;2;Moto/Ciclomotor,Camión c / Acoplado; ;2;1;0;1;0;0;Ruta;RECREO;La Capital;Asfalto;No existe;I;Dentro;Urbana;Otra Señal;No existe;Intersección;Bueno;Buena;Diurna;Buen Tiempo;Múltiple;S/D;Colisión;Ninguna;Horizontal
6973;2021;13/9/2021;Lunes;12:00:00;;0.0;2;Automóvil,Moto/Ciclomotor;Av. Provincias Unidas Y Cerrito;2;1;0;1;0;0;Avenida;ROSARIO;Rosario;Asfalto;No existe;II;Dentro;Urbana;Otra Señal;No existe;Intersección;Bueno;Buena;Diurna;Buen Tiempo;Múltiple;S/D;Colisión;Ninguna;Horizontal,Vertical
6974;2021;13/9/2021;Lunes;01:50:00;Ruta Nacional 11;431.0;1;Moto/Ciclomotor; ;1;1;0;0;0;0;Ruta;DESVÍO ARIJÓN;San JERÓNIMO;Asfalto;No existe;XV;Dentro;Urbana;Otra Señal;No existe;Intersección;Bueno;Buena;Nocturna;Buen Tiempo;Múltiple;S/D;Colisión;Ninguna;Horizontal
6975;2021;13/9/2021;Lunes;09:20:00;;0.0;2;Moto/Ciclomotor,Moto/Ciclomotor;Calle 2 Y Calle 121;3;2;0;1;0;0;Calle;AVELLANEDA;General Obligado;Asfalto;No existe;IX;Dentro;Urbana;Otra Señal;No existe;Intersección;S/D;S/D;Diurna;S/D;Múltiple;S/D;Colisión;S/D;Faltante
6976;2021;13/9/2021;Lunes;08:00:00;;0.0;2;Moto/Ciclomotor,Moto/Ciclomotor;Almte. Brown Y Chacabuco;2;1;0;1;0;0;Calle;CAÑADA DE GÓMEZ;Iriondo;Asfalto;No existe;X;Dentro;Urbana;Otra Señal;No existe;Intersección;S/D;S/D;Diurna;S/D;Múltiple;S/D;Colisión;S/D;S/D
6977;2021;13/9/2021;Lunes;;;0.0;2;Automóvil,Moto/Ciclomotor;Antonio Podio Y Juan B Justo;3;1;0;2;0;0;Calle;RAFAELA;Castellanos;Asfalto;No existe;V;Dentro;Urbana;Otra Señal;No existe;Intersección;S/D;S/D;S/D;S/D;Múltiple;S/D;Colisión;S/D;Faltante
6978;2021;13/9/2021;Lunes;14:00:00;Ruta Provincial 70;0.0;2;Moto/Ciclomotor,Automóvil;Bv H Irigoyen Y Chacabuco;2;1;0;1;0;0;Ruta;RAFAELA;Castellanos;Asfalto;No existe;V;Dentro;Urbana;Otra Señal;No existe;Intersección;S/D;S/D;Diurna;S/D;Múltiple;S/D;Colisión;S/D;Horizontal,Vertical
6979;2021;13/9/2021;Lunes;;Ruta Provincial 70;0.0;2;Automóvil,Moto/Ciclomotor;Bv Santa Fe Y Constitución;2;1;0;1;0;0;Ruta;RAFAELA;Castellanos;Asfalto;No existe;IX;Dentro;Urbana;Otra Señal;No existe;Intersección;S/D;S/D;Diurna;S/D;Múltiple;S/D;Colisión;S/D;Faltante
6980;2021;13/9/2021;Lunes;03:10:00;;0.0;1;Moto/Ciclomotor;Calle 3-Almafuerte Y Calle 30-Lucas Funes;1;1;0;0;0;0;Calle;RECONQUISTA;General Obligado;S/D;No existe;IX;Dentro;Urbana;Otra Señal;No existe;Intersección;S/D;S/D;Nocturna;S/D;Múltiple;S/D;Colisión;S/D;Faltante
6981;2021;13/9/2021;Lunes;13:45:00;;0.0;2;Moto/Ciclomotor,Moto/Ciclomotor;Calle 16 Y Calle 45;2;2;0;0;0;0;Calle;LAS TOSCAS;General Obligado;S/D;No existe;IX;Dentro;Urbana;Otra Señal;S/D;Intersección;S/D;S/D;Diurna;S/D;Múltiple;S/D;Colisión;S/D;S/D
6982;2021;13/9/2021;Lunes;13:10:00;;0.0;2;Moto/Ciclomotor,Moto/Ciclomotor;CALLE 14 Y CALLE 49;3;3;0;0;0;0;Calle;LAS TOSCAS;General Obligado;S/D;No existe;IX;Dentro;Urbana;Otra Señal;S/D;Intersección;S/D;S/D;Diurna;S/D;Múltiple;S/D;Colisión;S/D;S/D
6983;2021;13/9/2021;Lunes;22:00:00;;0.0;2;Moto/Ciclomotor,Taxi/Remis;Av. Gral. López Y Misiones;3;2;0;1;0;0;Avenida;CAPITÁN BERMÚDEZ;San Lorenzo;Asfalto;No existe;XVII;Dentro;Urbana;Otra Señal;No existe;Intersección;Deteriorada;S/D;Nocturna;S/D;Múltiple;S/D;Colisión;S/D;Faltante
6984;2021;13/9/2021;Lunes;12:05:00;Ruta Provincial 21;0.0;2;Automóvil,Moto/Ciclomotor;ALBERDI Y SAN MARTIN;3;1;0;2;0;0;Ruta;PUEBLO ESTHER;Rosario;Asfalto;No existe;II;Dentro;Urbana;Otra Señal;No existe;Intersección;Deteriorada;Buena;Diurna;Buen Tiempo;Múltiple;S/D;Colisión;Ninguna;Horizontal
6985;2021;13/9/2021;Lunes;18:00:00;;0.0;2;Automóvil,Automóvil;Roullon Y Bv. 27 De Febrero;2;1;0;0;0;1;Avenida;ROSARIO;Constitución;S/D;S/D;II;S/D;Urbana;Otra Señal;S/D;Intersección;S/D;S/D;Diurna;S/D;Múltiple;S/D;Colisión;S/D;S/D
6986;2021;13/9/2021;Lunes;04:30:00;;0.0;1;Moto/Ciclomotor;Rueda Y Av. Francia;1;1;0;0;0;0;Avenida;ROSARIO;Constitución;S/D;S/D;II;S/D;Urbana;Otra Señal;S/D;Intersección;S/D;S/D;Nocturna;S/D;Múltiple;S/D;Colisión;S/D;S/D
6987;2021;13/9/2021;Lunes;16:00:00;;0.0;1;Automóvil;1 de Mayo Y Dean Funes;2;1;0;0;0;1;Calle;ROSARIO;Constitución;S/D;S/D;II;S/D;S/D;Otra Señal;S/D;Intersección;S/D;S/D;Diurna;S/D;Múltiple;S/D;Colisión;S/D;S/D
6988;2021;13/9/2021;Lunes;18:00:00;;0.0;1;Moto/Ciclomotor; ;1;1;0;0;0;0;S/D;ROSARIO;Constitución;S/D;S/D;II;S/D;S/D;Otra Señal;S/D;Intersección;S/D;S/D;Diurna;S/D;Múltiple;S/D;Colisión;S/D;S/D
6989;2021;13/9/2021;Lunes;14:30:00;;0.0;2;Automóvil,Automóvil;1 de Mayo Y Dean Funes;3;1;0;0;0;2;Calle;ROSARIO;Constitución;S/D;S/D;II;S/D;S/D;Otra Señal;S/D;Intersección;S/D;S/D;Diurna;S/D;Múltiple;S/D;Colisión;S/D;S/D
6990;2021;13/9/2021;Lunes;19:00:00;;0.0;2;Automóvil,Bicicleta;Pje. Lejarza Y P.L.Funes;2;1;0;0;0;1;Calle;ROSARIO;Constitución;S/D;S/D;II;S/D;S/D;Otra Señal;S/D;Intersección;S/D;S/D;Nocturna;S/D;Múltiple;Ciclista;Colisión;S/D;S/D
6991;2021;13/9/2021;Lunes;18:30:00;;0.0;1;Moto/Ciclomotor; ;1;0;0;0;0;0;Camino Rural;SAN JAVIER;Constitución;Tierra;Natural;XIV;Dentro;Rural;Otra Señal;No existe;Intersección;Ahuellamiento;Buena;Atardecer;Buen Tiempo;Múltiple;S/D;Colisión;Ninguna;Faltante
6992;2021;13/9/2021;Lunes;15:50:00;;0.0;2;Pickup/Utilitario,Moto/Ciclomotor;Venezuela Y J.B.Justo;2;0;0;1;0;0;Calle;ROSARIO;Constitución;Asfalto;No existe;II;Dentro;Urbana;Otra Señal;No existe;Intersección;Bueno;Buena;Diurna;Buen Tiempo;Múltiple;S/D;Colisión;Ninguna;Faltante
6993;2021;13/9/2021;Lunes;07:25:00;;0.0;1;Moto/Ciclomotor;Cochabamba Y Matienzo;2;1;0;0;0;0;Calle;ROSARIO;Constitución;Asfalto;No existe;II;Dentro;Urbana;Otra Señal;No existe;Intersección;S/D;S/D;Diurna;S/D;Múltiple;S/D;Colisión;S/D;Faltante
6994;2021;13/9/2021;Lunes;06:00:00;;0.0;2;Automóvil,Moto/Ciclomotor; ;2;0;0;1;0;0;S/D;GÁLVEZ;Constitución;S/D;S/D;XV;S/D;S/D;Otra Señal;S/D;Intersección;S/D;S/D;Amanecer;S/D;Múltiple;S/D;Colisión;S/D;S/D
6995;2021;13/9/2021;Lunes;19:30:00;;0.0;2;Moto/Ciclomotor,Automóvil;Bv Estanislao López Y San Lorenzo;3;1;0;1;0;0;Avenida;ROLDÁN;Constitución;Asfalto;No existe;XVII;Dentro;Urbana;Otra Señal;No existe;Intersección;S/D;Buena;Atardecer;Buen Tiempo;Múltiple;S/D;Colisión;Ninguna;Faltante
6996;2021;13/9/2021;Lunes;17:30:00;;0.0;2;Automóvil,Moto/Ciclomotor;Carlos Doce Y Lavalle;2;0;0;1;0;0;Calle;CAÑADA ROSQUÍN;Constitución;Asfalto;No existe;XVIII;Dentro;Urbana;Otra Señal;No existe;Intersección;Bueno;Buena;Diurna;Buen Tiempo;Múltiple;S/D;Colisión;Ninguna;Faltante
6997;2021;13/9/2021;Lunes;20:55:00;;0.0;2;Bicicleta,Automóvil;Francia Y La Rioja;2;0;0;1;0;0;Calle;SANTA FE;Constitución;Asfalto;No existe;I;Dentro;Urbana;Otra Señal;No existe;Intersección;Bueno;Buena;Diurna;Buen Tiempo;Múltiple;Ciclista;Colisión;Ninguna;Faltante
6998;2021;13/9/2021;Lunes;22:00:00;;0.0;1;Moto/Ciclomotor;Camilo Aldao Bis 4200;1;0;0;0;0;0;Calle;ROSARIO;Rosario;Asfalto;No existe;II;Dentro;Urbana;Otra Señal;No existe;Intersección;S/D;S/D;Nocturna;S/D;Múltiple;S/D;Colisión;S/D;Faltante
6999;2021;13/9/2021;Lunes;01:50:00;;0.0;2;Moto/Ciclomotor,Automóvil;Liniers Y Zuviria;6;4;0;0;0;0;Calle;ROSARIO;Rosario;Asfalto;No existe;II;Dentro;Urbana;Otra Señal;No existe;Intersección;Bueno;Buena;Nocturna;Buen Tiempo;Múltiple;S/D;Colisión;Ninguna;Faltante
7000;2021;14/9/2021;Martes;12:20:00;;0.0;2;Moto/Ciclomotor,Automóvil;Av. Blas Parera Y Larrea;2;1;0;1;0;0;Avenida;SANTA FE;La Capital;Asfalto;No existe;I;Dentro;Urbana;Otra Señal;Funciona;Intersección;Bueno;Buena;Diurna;Buen Tiempo;Múltiple;S/D;Colisión;Ninguna;Horizontal,Vertical
7001;2021;14/9/2021;Martes;12:35:00;;0.0;2;Bicicleta,Moto/Ciclomotor;25 de Mayo Y Saavedra;2;1;0;1;0;0;Calle;TOSTADO;9 de Julio;Asfalto;Ripio;XII;Dentro;Urbana;Otra Señal;No existe;Intersección;Bueno;Buena;Diurna;Buen Tiempo;Múltiple;Ciclista;Colisión;Ninguna;Faltante
7002;2021;14/9/2021;Martes;08:15:00;;0.0;2;Moto/Ciclomotor,Automóvil;Av. Fuerza Aérea Y Los Pumas;2;1;0;1;0;0;Avenida;FUNES;Rosario;Asfalto;No existe;II;Dentro;Urbana;Otra Señal;No existe;Intersección;Bueno;Buena;Diurna;Buen Tiempo;Múltiple;S/D;Colisión;Ninguna;Faltante
7003;2021;14/9/2021;Martes;16:00:00;;0.0;2;Automóvil,Automóvil;AV FUERZA AÉREA Y PUENTE AEROPUERTO;3;2;0;1;0;0;Avenida;FUNES;Rosario;Asfalto;Natural;II;Dentro;Urbana;Otra Señal;No existe;Intersección;Bueno;Buena;Diurna;Buen Tiempo;Múltiple;S/D;Colisión;Ninguna;Horizontal,Vertical
7004;2021;14/9/2021;Martes;22:00:00;;0.0;2;Moto/Ciclomotor,Automóvil;La Rioja Y San Luis;2;1;0;1;0;0;Calle;SANTA FE;La Capital;Asfalto;Pavimento;I;Dentro;Urbana;Otra Señal;No existe;Intersección;Bueno;Buena;Nocturna,Con luz artificial;Buen Tiempo;Múltiple;S/D;Colisión;Ninguna;Faltante