ID_Accidente;A�o;Fecha;Dia;Hopra;Ruta/Autop;km;Participantes;Tipo;Lugar;Total;Heridos Leves;Heridos Graves;Ilesos;Fallecidos;Sin datos;desc_tipo_via;desc_loc;desc_dpto;|;desc_tipo_banquina;desc_unidad_regional;desc_lugar_calzada;desc_zona;desc_prioridad;desc_estado_semaforo;desc_lugar_via;desc_estado_via;desc_estado_visibilidad;desc_luminosidad;desc_estado_clima;desc_tipo_colision;desc_tipo_atropello;desc_tipo_hecho;desc_pres_calzada;desc_senializacion
7005;2021;14/9/2021;Martes;13:50:00;;0.0;2;Taxi/Remis,Peatón;Junín Y San Martin;2;1;0;1;0;0;Calle;SANTA FE;La Capital;Asfalto;No existe;I;Dentro;Urbana;Otra Señal;No existe;Intersección;Bueno;Buena;Diurna;Buen Tiempo;Múltiple;Peatón;Colisión;Ninguna;Horizontal
7006;2021;14/9/2021;Martes;14:50:00;;0.0;2;Transporte de Pasajeros Urbano (> 8 asientos),Automóvil;Rivadavia Y Suipacha;4;2;0;2;0;0;Calle;SANTA FE;La Capital;Asfalto;No existe;I;Dentro;Urbana;Otra Señal;Funciona;Intersección;Bueno;Buena;Diurna;Buen Tiempo;Múltiple;S/D;Colisión;Ninguna;Horizontal,Vertical
7007;2021;14/9/2021;Martes;21:10:00;;0.0;2;Automóvil,Moto/Ciclomotor;Bv. Seguí Y Maipú;2;1;0;1;0;0;Avenida;ROSARIO;Rosario;Asfalto;No existe;II;Dentro;Urbana;Otra Señal;No existe;Intersección;Bueno;Buena;Nocturna,Con luz artificial;Buen Tiempo;Múltiple;S/D;Colisión;Ninguna;Faltante
7008;2021;14/9/2021;Martes;12:15:00;;0.0;2;Moto/Ciclomotor,Automóvil;Amenábar Y Francia;2;1;0;1;0;0;Calle;SANTA FE;La Capital;Asfalto;No existe;I;Dentro;Urbana;Otra Señal;No existe;Intersección;Bueno;Buena;Diurna;Buen Tiempo;Múltiple;S/D;Colisión;Ninguna;Horizontal
7009;2021;14/9/2021;Martes;19:30:00;;0.0;1;Bicicleta;1ro de Mayo Y Mantovani J;1;1;0;0;0;0;Calle;SAN JUSTO;San Justo;Asfalto;Pavimento;XVI;Dentro;Urbana;Otra Señal;No existe;Intersección;Bueno;Buena;Diurna;Buen Tiempo;Múltiple;S/D;Colisión;Ninguna;Faltante
7010;2021;14/9/2021;Martes;14:20:00;;0.0;2;Moto/Ciclomotor,Automóvil;9 De Julio Y Valparaíso;2;1;0;1;0;0;Calle;ROSARIO;Rosario;Asfalto;No existe;II;Dentro;Urbana;Otra Señal;No existe;Intersección;Bueno;Buena;Diurna;Buen Tiempo;Múltiple;S/D;Colisión;Ninguna;Faltante
7011;2021;14/9/2021;Martes;12:00:00;;0.0;2;Automóvil,Automóvil;9 De Julio Y Castellanos;3;1;0;2;0;0;Calle;ROSARIO;Rosario;Asfalto;No existe;II;Dentro;Urbana;Otra Señal;No existe;Intersección;Bueno;Buena;Diurna;Buen Tiempo;Múltiple;S/D;Colisión;Ninguna;Faltante
7012;2021;14/9/2021;Martes;07:30:00;;0.0;2;Moto/Ciclomotor,Automóvil;Pje. Boedo Y Superi;2;1;0;1;0;0;Calle;ROSARIO;Rosario;Asfalto;No existe;II;Dentro;Urbana;Otra Señal;No existe;Intersección;Bueno;Buena;Diurna;Buen Tiempo;Múltiple;S/D;Colisión;Ninguna;Vertical
7013;2021;14/9/2021;Martes;18:00:00;;0.0;2;Automóvil,Peatón;Av. Arijon Y Av. Corrientes;2;1;0;1;0;0;Calle;ROSARIO;Rosario;Asfalto;No existe;II;Dentro;Urbana;Otra Señal;No existe;Intersección;Bueno;Buena;Diurna;Buen Tiempo;Múltiple;Peatón;Colisión;Ninguna;Faltante
7014;2021;14/9/2021;Martes;17:00:00;;0.0;2;Automóvil,Moto/Ciclomotor;Presidente General Julio Argen Y San Juan;2;1;0;1;0;0;Calle;CASILDA;Caseros;Asfalto;No existe;IV;Dentro;Urbana;Otra Señal;No existe;Intersección;Bueno;Buena;Diurna;Buen Tiempo;Múltiple;S/D;Colisión;Ninguna;Faltante
7015;2021;14/9/2021;Martes;;;0.0;2;Moto/Ciclomotor,Pickup/Utilitario;12 de Octubre Y Sarmiento;2;1;0;1;0;0;Calle;TOSTADO;9 de Julio;Asfalto;No existe;XII;Dentro;Urbana;Otra Señal;S/D;Intersección;Bueno;Buena;Diurna;Buen Tiempo;Múltiple;S/D;Colisión;Ninguna;S/D
7016;2021;14/9/2021;Martes;20:10:00;;0.0;2;Automóvil,Moto/Ciclomotor;Belgrano Y Mariano Moreno;3;1;0;2;0;0;Calle;CORONDA;San JERÓNIMO;Asfalto;No existe;XV;Dentro;Urbana;Otra Señal;No existe;Intersección;Bueno;Buena;Diurna;Buen Tiempo;Múltiple;S/D;Colisión;Ninguna;Faltante
7017;2021;14/9/2021;Martes;16:45:00;;0.0;2;Automóvil,Moto/Ciclomotor;Gral. Las Heras Y M Moreno;3;2;0;1;0;0;Calle;CAPITÁN BERMÚDEZ;San Lorenzo;Ripio;No existe;XVII;Dentro;Urbana;Otra Señal;No existe;Intersección;Bueno;Buena;Diurna;Buen Tiempo;Múltiple;S/D;Colisión;Ninguna;Faltante
7018;2021;14/9/2021;Martes;19:45:00;;0.0;1;Automóvil;L Bessone Y Rivadavia;1;1;0;0;0;0;Calle;SAN CARLOS CENTRO;Las Colonias;Asfalto;No existe;XI;Dentro;Urbana;Otra Señal;No existe;Intersección;Bueno;Buena;Atardecer;Buen Tiempo;Múltiple;S/D;Colisión;S/D;S/D
7019;2021;14/9/2021;Martes;18:30:00;Ruta Nacional 11;786.0;2;Automóvil,Moto/Ciclomotor; ;3;2;0;1;0;0;Ruta;RECONQUISTA;General Obligado;Asfalto;No existe;IX;Dentro;Urbana;Otra Señal;No existe;Intersección;Bueno;Buena;Diurna;Buen Tiempo;Múltiple;S/D;Colisión;Ninguna;Faltante
7020;2021;14/9/2021;Martes;07:50:00;;0.0;2;Automóvil,Moto/Ciclomotor;Buenos Aires Y Reconquista;2;1;0;1;0;0;Calle;PUERTO SAN MARTÍN;San Lorenzo;Asfalto;No existe;XVII;Dentro;Urbana;Otra Señal;No existe;Intersección;Bueno;Buena;Diurna;Buen Tiempo;Múltiple;S/D;Colisión;Ninguna;Faltante
7021;2021;14/9/2021;Martes;18:45:00;;0.0;2;Automóvil,Moto/Ciclomotor;CORAZÓN RODRÍGUEZ Y OSVALDO BINAGHI;2;1;0;1;0;0;Calle;SAN ANTONIO DE OBLIGADO;Constitución;Tierra;No existe;IX;Dentro;Urbana;Otra Señal;No existe;Intersección;Bueno;Buena;Diurna;Buen Tiempo;Múltiple;S/D;Colisión;Ninguna;Faltante
7022;2021;14/9/2021;Martes;00:00:00;;0.0;1;Bicicleta;Donado 2123;1;1;0;0;0;0;Calle;ROSARIO;Constitución;S/D;S/D;II;S/D;S/D;Otra Señal;S/D;Intersección;S/D;S/D;Nocturna;S/D;Múltiple;S/D;Colisión;S/D;S/D
7023;2021;14/9/2021;Martes;01:00:00;;0.0;2;Automóvil,Moto/Ciclomotor;Guatemala Y Gorriti;2;1;0;0;0;1;Calle;ROSARIO;Constitución;S/D;S/D;II;S/D;S/D;Otra Señal;S/D;Intersección;S/D;S/D;Nocturna;S/D;Múltiple;S/D;Colisión;S/D;S/D
7024;2021;14/9/2021;Martes;11:30:00;;0.0;2;Automóvil,Moto/Ciclomotor;Av. Fuerza Aérea Y Hipólito Irigoyen;2;0;0;1;0;0;Avenida;FUNES;Constitución;Asfalto;No existe;II;Dentro;Urbana;Otra Señal;No existe;Intersección;Bueno;Buena;Diurna;Buen Tiempo;Múltiple;S/D;Colisión;Ninguna;Vertical
7025;2021;14/9/2021;Martes;12:20:00;;0.0;2;Automóvil,Moto/Ciclomotor;Av. Pellegrini Y Roullon;2;0;0;1;0;0;Avenida;ROSARIO;Constitución;Asfalto;No existe;II;Dentro;Urbana;Otra Señal;Funciona;Intersección;Bueno;Buena;Diurna;Buen Tiempo;Múltiple;S/D;Colisión;Ninguna;Horizontal,Vertical
7026;2021;14/9/2021;Martes;;Ruta Provincial 95;0.0;2;Automóvil,Moto/Ciclomotor;Bustinza Y Gómez;3;0;0;2;0;0;Ruta;GABOTO;Constitución;Asfalto;No existe;XV;Dentro;Urbana;Otra Señal;No existe;Intersección;Bueno;Buena;Diurna;Buen Tiempo;Múltiple;S/D;Colisión;Ninguna;Faltante
7027;2021;14/9/2021;Martes;13:30:00;;0.0;2;Automóvil,Peatón;Juan Martin de Pueyrredón 300;2;0;0;1;0;0;Calle;ROLDÁN;Constitución;Asfalto;No existe;XVII;Dentro;Urbana;Otra Señal;No existe;Intersección;Bueno;Buena;Diurna;Buen Tiempo;Múltiple;Peatón;Colisión;Ninguna;Faltante
7028;2021;14/9/2021;Martes;04:00:00;Ruta Nacional 34;0.0;2;Taxi/Remis,Transporte de Pasajeros Larga Distancia (Doble Piso);Balcarce Y Ruta Nac 34 Gral. Güemes;24;0;0;23;0;0;Ruta;RAFAELA;Constitución;Asfalto;No existe;V;Dentro;Urbana;Otra Señal;Funciona;Intersección;S/D;S/D;Nocturna;S/D;Múltiple;S/D;Colisión;S/D;Horizontal,Vertical
7029;2021;14/9/2021;Martes;12:05:00;Ruta Nacional 9;0.0;2;Moto/Ciclomotor,Automóvil;Andes Y Ruta Nacional 9;3;1;0;1;0;0;Ruta;ROLDÁN;Constitución;Asfalto;Natural;XVII;Dentro;Urbana;Otra Señal;No existe;Intersección;S/D;S/D;Diurna;S/D;Múltiple;S/D;Colisión;Ninguna;Horizontal
7030;2021;14/9/2021;Martes;20:00:00;Autopista Nacional A012;0.0;1;Moto/Ciclomotor; ;1;0;0;0;0;0;Autopista;ROSARIO;Rosario;Asfalto;No existe;II;Dentro;Urbana;Otra Señal;S/D;Intersección;S/D;S/D;Nocturna;S/D;Múltiple;S/D;Colisión;S/D;Vertical
7031;2021;15/9/2021;Miercoles;10:40:00;;0.0;2;Moto/Ciclomotor,Automóvil;Av. Peñaloza Y Javier de la Rosa;2;1;0;1;0;0;Avenida;SANTA FE;La Capital;Asfalto;No existe;I;Dentro;Urbana;Otra Señal;No existe;Intersección;Bueno;Buena;Diurna;Buen Tiempo;Múltiple;S/D;Colisión;Ninguna;Horizontal,Vertical
7032;2021;15/9/2021;Miercoles;21:30:00;Ruta Provincial 1;2.0;2;Bicicleta,Moto/Ciclomotor; ;2;2;0;0;0;0;Ruta;COLASTINE;La Capital;Asfalto;Pavimento;I;Dentro;Urbana;Otra Señal;Funciona;Intersección;Bueno;Reducida;Nocturna;Buen Tiempo;Múltiple;Ciclista;Colisión;Ninguna;Horizontal,Vertical
7033;2021;15/9/2021;Miercoles;19:00:00;Ruta Provincial 1;15.0;2;Moto/Ciclomotor,Automóvil; ;2;1;0;1;0;0;Ruta;ARROYO LEYES;La Capital;Asfalto;Natural;I;Dentro;Urbana;Otra Señal;No existe;Intersección;Bueno;Buena;Diurna;Buen Tiempo;Múltiple;S/D;Colisión;Ninguna;Horizontal
7034;2021;15/9/2021;Miercoles;07:45:00;;0.0;2;Automóvil,Moto/Ciclomotor;Balcarce Y Candioti;2;1;0;1;0;0;Calle;SANTA FE;La Capital;Asfalto;No existe;I;Dentro;Urbana;Otra Señal;Intermitente;Intersección;Bueno;Buena;Diurna;Buen Tiempo;Múltiple;S/D;Colisión;Ninguna;Vertical
7035;2021;15/9/2021;Miercoles;12:50:00;;0.0;2;Automóvil,Moto/Ciclomotor;Baldaccini Y Entre Ríos;2;1;0;1;0;0;Calle;MONTE VERA;La Capital;Asfalto;No existe;I;Dentro;Urbana;Otra Señal;No existe;Intersección;Bueno;Buena;Diurna;Buen Tiempo;Múltiple;S/D;Colisión;Ninguna;Faltante
7036;2021;15/9/2021;Miercoles;13:00:00;;0.0;2;Automóvil,Moto/Ciclomotor;López y Planes Y Mariano Moreno;3;2;0;1;0;0;Calle;ESPERANZA;Las Colonias;Asfalto;No existe;XI;Dentro;Urbana;Otra Señal;No existe;Intersección;Bueno;Buena;Diurna;Buen Tiempo;Múltiple;S/D;Colisión;Ninguna;Vertical
7037;2021;15/9/2021;Miercoles;16:35:00;;0.0;2;Moto/Ciclomotor,Automóvil;Avenida 13 Y Calle 8;3;2;0;1;0;0;Avenida;LAS PAREJAS;Belgrano;Asfalto;No existe;III;Dentro;Urbana;Otra Señal;No existe;Intersección;Bueno;Buena;Diurna;Buen Tiempo;Múltiple;S/D;Colisión;Ninguna;Faltante
7038;2021;15/9/2021;Miercoles;17:30:00;;0.0;2;Moto/Ciclomotor,Pickup/Utilitario;French Y Las Heras;4;0;0;3;1;0;Calle;SANTA FE;La Capital;Asfalto;No existe;I;S/D;Urbana;Otra Señal;No existe;Intersección;Bueno;Buena;Diurna;Buen Tiempo;Múltiple;S/D;Colisión;Ninguna;Faltante
7039;2021;15/9/2021;Miercoles;18:45:00;;0.0;2;Moto/Ciclomotor,Moto/Ciclomotor;Calle 12 San Martin 667;3;2;0;1;0;0;Calle;RECONQUISTA;General Obligado;Asfalto;No existe;IX;Dentro;Urbana;Otra Señal;No existe;Intersección;Bueno;Buena;Diurna;Buen Tiempo;Múltiple;S/D;Colisión;Ninguna;Horizontal,Vertical
7040;2021;15/9/2021;Miercoles;10:00:00;;0.0;2;Moto/Ciclomotor,Automóvil;Padre Catena 4300;2;1;0;1;0;0;Calle;SANTA FE;La Capital;Asfalto;No existe;I;Dentro;Urbana;Otra Señal;No existe;Intersección;Bueno;Buena;Diurna;Buen Tiempo;Múltiple;S/D;Colisión;Ninguna;Faltante
7041;2021;15/9/2021;Miercoles;17:30:00;;0.0;2;Moto/Ciclomotor,Automóvil;Av. Corrientes Y Benito Juárez;2;1;0;1;0;0;Calle;ROSARIO;Rosario;Asfalto;No existe;II;Dentro;Urbana;Otra Señal;No existe;Intersección;Bueno;Buena;Diurna;Buen Tiempo;Múltiple;S/D;Colisión;Ninguna;Faltante
7042;2021;15/9/2021;Miercoles;21:30:00;;0.0;2;Automóvil,Automóvil;Anchorena Y Pavón;2;1;0;1;0;0;Calle;ROSARIO;Rosario;Asfalto;No existe;II;Dentro;Urbana;Otra Señal;No existe;Intersección;Bueno;Buena;Nocturna;Buen Tiempo;Múltiple;S/D;Colisión;Ninguna;Horizontal
7043;2021;15/9/2021;Miercoles;00:20:00;;0.0;2;Automóvil,Moto/Ciclomotor;Av. Corrientes Y Bv. Seguí;2;1;0;1;0;0;Avenida;ROSARIO;Rosario;Asfalto;No existe;II;Dentro;Urbana;Otra Señal;No existe;Intersección;Bueno;Buena;Nocturna,Con luz artificial;Buen Tiempo;Múltiple;S/D;Colisión;Ninguna;Faltante
7044;2021;15/9/2021;Miercoles;12:00:00;;0.0;2;Taxi/Remis,Moto/Ciclomotor;Juan Diaz de Solís Y Jujuy;2;1;0;1;0;0;Calle;SANTA FE;La Capital;Asfalto;No existe;I;Dentro;Urbana;Otra Señal;No existe;Intersección;Bueno;Buena;Diurna;Buen Tiempo;Múltiple;S/D;Colisión;Ninguna;Faltante
7045;2021;15/9/2021;Miercoles;19:25:00;;0.0;2;Moto/Ciclomotor,Pickup/Utilitario;ITALIA Y SAN MARTIN;2;1;0;1;0;0;Calle;PUEBLO ESTHER;Rosario;Asfalto;No existe;II;Dentro;Urbana;Otra Señal;No existe;Intersección;Bueno;Buena;Diurna;Buen Tiempo;Múltiple;S/D;Colisión;Ninguna;Horizontal
7046;2021;15/9/2021;Miercoles;16:30:00;Ruta Provincial 21;0.0;2;Camión Chasis,Moto/Ciclomotor;RIO SALADA ;2;1;0;1;0;0;Ruta;PUEBLO ESTHER;Rosario;Asfalto;Ripio;II;Dentro;Urbana;Otra Señal;No existe;Intersección;Bueno;Buena;Diurna;Buen Tiempo;Múltiple;S/D;Colisión;Ninguna;Horizontal
7047;2021;15/9/2021;Miercoles;14:45:00;;0.0;2;Moto/Ciclomotor,Automóvil;Colon Y Mitre B;3;2;0;1;0;0;Calle;VERA;Vera;Asfalto;No existe;XIX;Dentro;Urbana;Otra Señal;No existe;Intersección;Bueno;Buena;Diurna;Buen Tiempo;Múltiple;S/D;Colisión;Ninguna;Faltante
7048;2021;15/9/2021;Miercoles;07:45:00;;0.0;2;Moto/Ciclomotor,Automóvil;Cochabamba Y San Martin;2;1;0;0;0;1;Calle;ROSARIO;Rosario;Asfalto;No existe;II;Dentro;Urbana;Otra Señal;No existe;Intersección;Bueno;Buena;Diurna;Buen Tiempo;Múltiple;S/D;Colisión;Ninguna;Horizontal
7049;2021;15/9/2021;Miercoles;07:00:00;;0.0;2;Moto/Ciclomotor,Automóvil;Beruti 2900;3;2;0;1;0;0;Calle;ROSARIO;Rosario;Asfalto;No existe;II;Dentro;Urbana;Otra Señal;No existe;Intersección;S/D;S/D;Diurna;Buen Tiempo;Múltiple;S/D;Colisión;S/D;Faltante
7050;2021;15/9/2021;Miercoles;17:30:00;;0.0;2;Automóvil,Moto/Ciclomotor;Carlos Doce Y Urquiza;2;1;0;1;0;0;Calle;CAÑADA ROSQUÍN;San MARTÍN;Asfalto;No existe;XVII;Dentro;Urbana;Otra Señal;No existe;Intersección;S/D;S/D;Diurna;S/D;Múltiple;S/D;Colisión;S/D;Faltante
7051;2021;15/9/2021;Miercoles;13:10:00;Ruta Secundaria 87-s;13.0;1;Automóvil; ;1;1;0;0;0;0;Ruta;MARGARITA;Vera;S/D;S/D;XIX;Dentro;Rural;Otra Señal;S/D;Intersección;S/D;S/D;Diurna;S/D;Múltiple;S/D;Colisión;S/D;S/D
7052;2021;15/9/2021;Miercoles;07:55:00;Ruta Nacional 11;0.0;2;Moto/Ciclomotor,Automóvil;Av. San Martin Y B de Astrada;2;1;0;1;0;0;Ruta;SAN LORENZO;San Lorenzo;Asfalto;No existe;XVII;Dentro;Urbana;Otra Señal;Funciona;Intersección;S/D;S/D;Diurna;S/D;Múltiple;S/D;Colisión;S/D;Vertical
7053;2021;15/9/2021;Miercoles;18:20:00;;0.0;2;Automóvil,Moto/Ciclomotor;Curupaiti Y M de Iriondo;2;1;0;1;0;0;Calle;SAN LORENZO;San Lorenzo;Asfalto;No existe;XVII;Dentro;Urbana;Otra Señal;No existe;Intersección;Deteriorada;Buena;Diurna;Buen Tiempo;Múltiple;S/D;Colisión;Ninguna;Faltante
7054;2021;15/9/2021;Miercoles;;Ruta Nacional 33;667.0;2;Camión c / Acoplado,Camión c / Acoplado; ;2;1;0;1;0;0;Ruta;CHOVET;General LÓPEZ;Asfalto;Ripio;VIII;Dentro;Rural;Otra Señal;No existe;Intersección;Bueno;Buena;Diurna;Buen Tiempo;Múltiple;S/D;Colisión;Ninguna;Horizontal
7055;2021;15/9/2021;Miercoles;09:00:00;Autopista Nacional A008;0.0;2;Camión c / Acoplado,Camión;Av. Circunvalación Y Av. Ovidio Lagos;2;1;0;1;0;0;Autopista;ROSARIO;Rosario;Asfalto;Pavimento;II;Dentro;Urbana;Otra Señal;No existe;Intersección;Bueno;Buena;Diurna;Buen Tiempo;Múltiple;S/D;Colisión;Ninguna;Vertical
7056;2021;15/9/2021;Miercoles;08:00:00;Autopista Nacional A008;0.0;2;Camión,Camión c / Acoplado;Av. Circunvalación Y Bv. Oroño;2;1;0;1;0;0;Autopista;ROSARIO;Rosario;Asfalto;Pavimento;II;Dentro;Urbana;Otra Señal;Funciona;Intersección;Bueno;Buena;Amanecer;Buen Tiempo;Múltiple;S/D;Colisión;Ninguna;Horizontal
7057;2021;15/9/2021;Miercoles;18:50:00;;0.0;2;Moto/Ciclomotor,Moto/Ciclomotor;Calle 12 San Martin 667;3;1;0;1;0;1;Calle;RECONQUISTA;General Obligado;Asfalto;No existe;IX;Dentro;Urbana;Otra Señal;No existe;Intersección;Bueno;Buena;Diurna;Buen Tiempo;Múltiple;S/D;Colisión;Ninguna;Faltante
7058;2021;15/9/2021;Miercoles;13:45:00;;0.0;2;Automóvil,Moto/Ciclomotor;Calle 37-Bvard. Lovato 1480;3;2;0;1;0;0;Avenida;RECONQUISTA;General Obligado;Asfalto;No existe;IX;Dentro;Urbana;Otra Señal;No existe;Intersección;Bueno;Buena;Diurna;Buen Tiempo;Múltiple;S/D;Colisión;Ninguna;Horizontal
7059;2021;15/9/2021;Miercoles;18:05:00;;0.0;2;Moto/Ciclomotor,Bicicleta;Calle 307 ;2;2;0;0;0;0;Calle;AVELLANEDA;General Obligado;Asfalto;No existe;IX;Dentro;Urbana;Otra Señal;No existe;Intersección;Bueno;Buena;Diurna;Buen Tiempo;Múltiple;Ciclista;Colisión;Ninguna;S/D
7060;2021;15/9/2021;Miercoles;07:10:00;;0.0;1;Bicicleta;Calle 13 620;1;1;0;0;0;0;Calle;AVELLANEDA;General Obligado;Asfalto;No existe;IX;Dentro;Urbana;Otra Señal;Funciona;Intersección;Bueno;Buena;Diurna;Buen Tiempo;Múltiple;S/D;Colisión;Ninguna;Vertical
7061;2021;15/9/2021;Miercoles;01:00:00;;0.0;1;Automóvil;Av. A del Valle Y Gorriti;1;1;0;0;0;0;Avenida;SANTA FE;La Capital;Asfalto;No existe;I;Dentro;Urbana;Otra Señal;Funciona;Intersección;Bueno;Buena;Nocturna;Buen Tiempo;Múltiple;S/D;Colisión;Ninguna;Vertical
7062;2021;15/9/2021;Miercoles;08:30:00;;0.0;1;Moto/Ciclomotor;F.More Y Bv. Seguí;2;2;0;0;0;0;Avenida;ROSARIO;Constitución;S/D;S/D;II;S/D;S/D;Otra Señal;S/D;Intersección;S/D;S/D;Diurna;S/D;Múltiple;S/D;Colisión;S/D;S/D
7063;2021;15/9/2021;Miercoles;20:30:00;;0.0;1;Bicicleta;Vera Mujica 3125;1;1;0;0;0;0;Calle;ROSARIO;Constitución;S/D;S/D;II;S/D;S/D;Otra Señal;S/D;Intersección;S/D;S/D;Nocturna;S/D;Múltiple;S/D;Colisión;S/D;S/D
7064;2021;15/9/2021;Miercoles;09:15:00;;0.0;1;Moto/Ciclomotor;Av. Pellegrini Y Roullon;1;1;0;0;0;0;Avenida;ROSARIO;Constitución;S/D;S/D;II;S/D;Urbana;Otra Señal;S/D;Intersección;S/D;S/D;Diurna;S/D;Múltiple;S/D;Colisión;S/D;S/D
7065;2021;15/9/2021;Miercoles;18:40:00;;0.0;2;Moto/Ciclomotor,Moto/Ciclomotor;Avenida Belgrano Y Tucumán;2;1;0;0;0;0;Calle;SUNCHALES;Constitución;Asfalto;Pavimento;V;Dentro;Urbana;Otra Señal;Funciona;Intersección;Bueno;Buena;Atardecer;Buen Tiempo;Múltiple;S/D;Colisión;Ninguna;Vertical
7066;2021;15/9/2021;Miercoles;18:00:00;;0.0;2;Automóvil,Moto/Ciclomotor;E.Zeballos Y Santiago;2;0;0;0;0;1;Calle;ROSARIO;Rosario;Asfalto;No existe;II;Dentro;Urbana;Otra Señal;No existe;Intersección;S/D;S/D;Diurna;S/D;Múltiple;S/D;Colisión;S/D;Faltante
7067;2021;15/9/2021;Miercoles;14:10:00;;0.0;2;Moto/Ciclomotor,Automóvil;Centeno Y San Martin;5;0;0;3;0;0;Avenida;ROSARIO;Rosario;Asfalto;No existe;II;Dentro;Urbana;Otra Señal;No existe;Intersección;Bueno;Buena;Diurna;Buen Tiempo;Múltiple;S/D;Colisión;Ninguna;Horizontal
7068;2021;16/9/2021;Jueves;15:18:00;;0.0;2;Automóvil,Moto/Ciclomotor;F.M.Esquiu Y Perú Bis;3;1;0;2;0;0;Calle;ROSARIO;Rosario;Asfalto;No existe;II;Dentro;Urbana;Otra Señal;No existe;Intersección;S/D;S/D;Diurna;S/D;De alcance,Múltiple;S/D;Colisión;S/D;Faltante
7069;2021;16/9/2021;Jueves;07:40:00;;0.0;2;Automóvil,Moto/Ciclomotor;Güemes Y Quintana;2;1;0;1;0;0;Calle;SANTA FE;La Capital;Asfalto;No existe;I;Dentro;Urbana;Otra Señal;No existe;Intersección;Bueno;Buena;Diurna;Otro;Múltiple;S/D;Colisión;Ninguna;Faltante
7070;2021;16/9/2021;Jueves;14:00:00;;0.0;2;Automóvil,Moto/Ciclomotor;Dr. Gálvez Y Saavedra;2;1;0;1;0;0;Calle;ESPERANZA;Las Colonias;Asfalto;No existe;XI;Dentro;Urbana;Otra Señal;No existe;Intersección;Bueno;Buena;Diurna;Buen Tiempo;Múltiple;S/D;Colisión;Ninguna;Horizontal
7071;2021;16/9/2021;Jueves;18:50:00;;0.0;2;Pickup/Utilitario,Automóvil;Avenida 17 Y Avenida 34;2;1;0;1;0;0;Calle;LAS PAREJAS;Belgrano;Ripio;No existe;III;Dentro;Urbana;Otra Señal;No existe;Intersección;Bueno;Buena;Diurna;Buen Tiempo;Múltiple;S/D;Colisión;Ninguna;Faltante
7072;2021;16/9/2021;Jueves;14:40:00;;0.0;2;Automóvil,Automóvil;Calle 18 - Gral. Belgrano Y Calle 27-Gdor Freyre;5;1;0;4;0;0;Calle;RECONQUISTA;General Obligado;Asfalto;No existe;IX;Dentro;Urbana;Otra Señal;No existe;Intersección;Bueno;Buena;Diurna;Buen Tiempo;Múltiple;S/D;Colisión;Ninguna;Faltante
7073;2021;16/9/2021;Jueves;16:00:00;;0.0;2;Moto/Ciclomotor,Automóvil;4 de Enero Y Eva Perón;2;1;0;1;0;0;Calle;SANTA FE;La Capital;Asfalto;No existe;I;Dentro;Urbana;Otra Señal;No existe;Intersección;Bueno;Buena;Diurna;Buen Tiempo;Múltiple;S/D;Colisión;Ninguna;Horizontal
7074;2021;16/9/2021;Jueves;14:00:00;;0.0;2;Automóvil,Moto/Ciclomotor;Abanderado Grandoli Y Dr. Rivas;2;1;0;1;0;0;Calle;ROSARIO;Rosario;Asfalto;No existe;II;Dentro;Urbana;Otra Señal;No existe;Intersección;Bueno;Buena;Diurna;Buen Tiempo;Múltiple;S/D;Colisión;Ninguna;Faltante
7075;2021;16/9/2021;Jueves;08:20:00;Autopista Nacional A008;0.0;1;Moto/Ciclomotor;Av. Circunvalación Y Ayacucho;2;1;0;1;0;0;Autopista;ROSARIO;Rosario;Asfalto;No existe;II;Dentro;Urbana;Otra Señal;Funciona;Intersección;Bueno;Buena;Diurna;Buen Tiempo;Múltiple;S/D;Colisión;Ninguna;Vertical
7076;2021;16/9/2021;Jueves;08:30:00;;0.0;2;Moto/Ciclomotor,Automóvil;San Luis Y Piazza;2;1;0;1;0;0;Calle;VILLA GOBERNADOR GÁLVEZ;Rosario;Asfalto;No existe;II;Dentro;Urbana;Otra Señal;No existe;Intersección;Con baches;Buena;Diurna;Buen Tiempo;Múltiple;S/D;Colisión;Ninguna;Faltante
7077;2021;16/9/2021;Jueves;16:10:00;;0.0;2;Moto/Ciclomotor,Pickup/Utilitario;Alberdi Y 9 De Julio;2;1;0;1;0;0;Calle;ROSARIO;Rosario;S/D;S/D;II;Dentro;Urbana;Otra Señal;S/D;Intersección;S/D;S/D;S/D;S/D;Múltiple;S/D;Colisión;S/D;S/D
7078;2021;16/9/2021;Jueves;22:20:00;;0.0;2;Moto/Ciclomotor,Automóvil;Donado Y Gustavo Cochet;2;1;0;1;0;0;Calle;ROSARIO;Rosario;Asfalto;No existe;II;Dentro;Urbana;Otra Señal;No existe;Intersección;Bueno;Buena;Nocturna,Con luz artificial;Buen Tiempo;Múltiple;S/D;Colisión;Ninguna;Faltante