ID_Accidente;A�o;Fecha;Dia;Hopra;Ruta/Autop;km;Participantes;Tipo;Lugar;Total;Heridos Leves;Heridos Graves;Ilesos;Fallecidos;Sin datos;desc_tipo_via;desc_loc;desc_dpto;|;desc_tipo_banquina;desc_unidad_regional;desc_lugar_calzada;desc_zona;desc_prioridad;desc_estado_semaforo;desc_lugar_via;desc_estado_via;desc_estado_visibilidad;desc_luminosidad;desc_estado_clima;desc_tipo_colision;desc_tipo_atropello;desc_tipo_hecho;desc_pres_calzada;desc_senializacion
7079;2021;16/9/2021;Jueves;18:45:00;;0.0;2;Bicicleta,Automóvil;Pte. Roca Y Santa Fe;3;1;0;2;0;0;Calle;ROSARIO;Rosario;Asfalto;No existe;II;Dentro;Urbana;Otra Señal;No existe;Intersección;Bueno;Buena;Diurna;Buen Tiempo;Múltiple;Ciclista;Colisión;Ninguna;Horizontal,Vertical
7080;2021;16/9/2021;Jueves;;;0.0;2;Moto/Ciclomotor,Moto/Ciclomotor;Av. Facundo Zuviria Y Gorriti;4;4;0;0;0;0;Avenida;SANTA FE;La Capital;Asfalto;No existe;I;Dentro;Urbana;Otra Señal;Funciona;Intersección;S/D;S/D;S/D;S/D;Múltiple;S/D;Colisión;S/D;Vertical
7081;2021;16/9/2021;Jueves;07:00:00;;0.0;2;Automóvil,Taxi/Remis;Espora Y Rivadavia;3;2;0;1;0;0;Calle;SANTA FE;La Capital;Asfalto;No existe;I;Dentro;Urbana;Otra Señal;No existe;Intersección;S/D;S/D;Nocturna;S/D;Múltiple;S/D;Colisión;S/D;Faltante
7082;2021;16/9/2021;Jueves;;;0.0;2;Pickup/Utilitario,Peatón;Callao Y Estado de Israel;2;1;0;1;0;0;Calle;ROSARIO;Rosario;S/D;No existe;II;Dentro;Urbana;Otra Señal;No existe;Intersección;S/D;S/D;S/D;S/D;Múltiple;Peatón;Colisión;S/D;Vertical
7083;2021;16/9/2021;Jueves;08:15:00;;0.0;1;Bicicleta;Catamarca Y Dorrego;1;1;0;0;0;0;Calle;SAN LORENZO;San Lorenzo;Asfalto;No existe;XVII;Dentro;Urbana;Otra Señal;No existe;Intersección;S/D;S/D;Diurna;S/D;Múltiple;S/D;Colisión;S/D;Horizontal
7084;2021;16/9/2021;Jueves;06:55:00;;0.0;1;Bicicleta;Castelnovo 300;1;1;0;0;0;0;Calle;SAN LORENZO;San Lorenzo;Asfalto;No existe;XVII;S/D;Urbana;Otra Señal;No existe;Intersección;S/D;S/D;Nocturna;Buen Tiempo;Múltiple;S/D;Colisión;S/D;Faltante
7085;2021;16/9/2021;Jueves;19:25:00;Ruta Nacional 11;809.0;2;Camión c / Acoplado,Bicicleta; ;2;1;0;1;0;0;Ruta;GUADALUPE NORTE;General Obligado;Asfalto;No existe;IX;Dentro;Urbana;Otra Señal;No existe;Intersección;Bueno;Buena;Diurna;Buen Tiempo;Múltiple;Ciclista;Colisión;Ninguna;Faltante
7086;2021;16/9/2021;Jueves;16:30:00;Ruta Nacional 11;0.0;1;Bicicleta;San Martin 800;1;1;0;0;0;0;Ruta;SAN CARLOS SUR;Las Colonias;Asfalto;No existe;IX;Dentro;Urbana;Otra Señal;S/D;Intersección;Bueno;Buena;Diurna;Buen Tiempo;Múltiple;S/D;Colisión;Ninguna;Faltante
7087;2021;16/9/2021;Jueves;14:00:00;;0.0;2;Moto/Ciclomotor,Moto/Ciclomotor;Juan B.De La Salle 5875;2;1;0;0;0;1;Calle;ROSARIO;Constitución;S/D;S/D;II;S/D;S/D;Otra Señal;S/D;Intersección;S/D;S/D;Diurna;S/D;Múltiple;S/D;Colisión;S/D;S/D
7088;2021;16/9/2021;Jueves;13:00:00;;0.0;2;Automóvil,Moto/Ciclomotor;Bv. Avellaneda Y Av. Uriburu;2;1;0;0;0;1;Avenida;ROSARIO;Constitución;S/D;S/D;II;S/D;S/D;Otra Señal;S/D;Intersección;S/D;S/D;Diurna;S/D;Múltiple;S/D;Colisión;S/D;S/D
7089;2021;16/9/2021;Jueves;15:45:00;;0.0;1;Moto/Ciclomotor;Santa Fe Y Gutenberg;1;1;0;0;0;0;Calle;ROSARIO;Constitución;S/D;S/D;II;S/D;S/D;Otra Señal;S/D;Intersección;S/D;S/D;Diurna;S/D;Múltiple;S/D;Colisión;S/D;S/D
7090;2021;16/9/2021;Jueves;23:35:00;;0.0;2;Transporte de Pasajeros Larga Distancia (> 8 asientos),Moto/Ciclomotor;Tte.Agneta Y Tucumán;2;0;0;1;0;0;Calle;ROSARIO;Constitución;Asfalto;No existe;II;Dentro;Urbana;Otra Señal;No existe;Intersección;S/D;S/D;Nocturna;S/D;Múltiple;S/D;Colisión;S/D;Faltante
7091;2021;16/9/2021;Jueves;21:20:00;;0.0;2;Peatón,Moto/Ciclomotor;J.J.Paso Y Larrea;2;0;0;1;0;0;Calle;ROSARIO;Constitución;Asfalto;No existe;II;Dentro;Urbana;Otra Señal;No existe;Intersección;S/D;S/D;Nocturna;S/D;Múltiple;Peatón;Colisión;S/D;Horizontal
7092;2021;16/9/2021;Jueves;20:00:00;;0.0;2;Automóvil,Moto/Ciclomotor;Bv. Avellaneda Y Ombú;2;0;0;1;0;0;Avenida;ROSARIO;Constitución;Asfalto;No existe;II;Dentro;Urbana;Otra Señal;No existe;Intersección;S/D;S/D;Nocturna;S/D;Múltiple;S/D;Colisión;S/D;Faltante
7093;2021;16/9/2021;Jueves;19:15:00;Ruta Provincial 13;17.0;1;Automóvil; ;1;0;0;0;0;0;Ruta;LOS CARDOS;Constitución;Asfalto;Natural;XVIII;Dentro;Rural;Otra Señal;No existe;Intersección;S/D;S/D;Nocturna;S/D;Múltiple;S/D;Colisión;S/D;Faltante
7094;2021;16/9/2021;Jueves;23:30:00;;0.0;2;Bicicleta,Moto/Ciclomotor;D Gurel Y Republica de Chile;2;0;0;0;0;1;Calle;SAN LORENZO;Constitución;Asfalto,Ripio;No existe;XVII;Dentro;Urbana;Otra Señal;No existe;Intersección;Bueno;Buena;Diurna;Buen Tiempo;Múltiple;Ciclista;Colisión;Ninguna;Faltante
7095;2021;16/9/2021;Jueves;08:00:00;Ruta Nacional Rosario -Cordoba;314.0;2;Camión c / Acoplado,Automóvil; ;5;2;0;1;0;0;Ruta;SAN JERÓNIMO SUR;San Lorenzo;Asfalto;Pavimento;XVII;Dentro;Rural;Otra Señal;No existe;Intersección;S/D;S/D;Diurna;S/D;Múltiple;S/D;Colisión;S/D;Horizontal
7096;2021;16/9/2021;Jueves;07:40:00;Ruta Provincial 1;9.0;2;Moto/Ciclomotor,Automóvil; ;3;0;0;1;0;0;Ruta;SAN JOSÉ DEL RINCÓN;La Capital;Asfalto;No existe;I;Dentro;Urbana;Otra Señal;No existe;Intersección;Bueno;Buena;Amanecer;Buen Tiempo;Múltiple;S/D;Colisión;Ninguna;Horizontal
7097;2021;17/9/2021;Viernes;12:15:00;;0.0;2;Bicicleta,Automóvil;Av. A del Valle Y M De Polonia;3;2;0;1;0;0;Avenida;SANTA FE;La Capital;Asfalto;No existe;I;Dentro;Urbana;Otra Señal;Funciona;Intersección;Bueno;Buena;Diurna;Buen Tiempo;Múltiple;Ciclista;Colisión;Ninguna;Vertical
7098;2021;17/9/2021;Viernes;19:55:00;;0.0;2;Moto/Ciclomotor,Automóvil;Don Guanella Y Estrada;3;1;0;2;0;0;Calle;SANTA FE;La Capital;Asfalto;No existe;I;Dentro;Urbana;Otra Señal;No existe;Intersección;Bueno;Buena;Nocturna;Buen Tiempo;Múltiple;S/D;Colisión;Ninguna;Vertical
7099;2021;17/9/2021;Viernes;18:00:00;;0.0;2;Automóvil,Moto/Ciclomotor;José Figueroa Alcorta Y Pte. Irigoyen;3;2;0;1;0;0;Calle;SAUCE VIEJO;La Capital;Ripio;No existe;I;Dentro;Urbana;Otra Señal;No existe;Intersección;Bueno;Buena;Diurna;Buen Tiempo;Múltiple;S/D;Colisión;Ninguna;Faltante
7100;2021;17/9/2021;Viernes;18:15:00;;0.0;2;Pickup/Utilitario,Moto/Ciclomotor;Balcarce Y Mitre;2;1;0;1;0;0;Calle;SANTA FE;La Capital;Asfalto;No existe;I;Dentro;Urbana;Otra Señal;No existe;Intersección;Bueno;Buena;Diurna;Buen Tiempo;Múltiple;S/D;Colisión;Ninguna;Faltante
7101;2021;17/9/2021;Viernes;21:00:00;;0.0;2;Automóvil,Moto/Ciclomotor;Almafuerte Y Scalabrini Ortiz;3;2;0;1;0;0;Calle;SAN CARLOS CENTRO;Las Colonias;Ripio;No existe;XI;Dentro;Urbana;Otra Señal;No existe;Intersección;Bueno;Buena;Nocturna;Buen Tiempo;Múltiple;S/D;Colisión;Ninguna;Faltante
7102;2021;17/9/2021;Viernes;19:10:00;;0.0;2;Pickup/Utilitario,Moto/Ciclomotor;Calle 15 Y Calle 16;2;1;0;1;0;0;Calle;LAS PAREJAS;Belgrano;Asfalto;No existe;III;Dentro;Urbana;Otra Señal;No existe;Intersección;Bueno;Buena;Diurna;Buen Tiempo;Múltiple;S/D;Colisión;Ninguna;Faltante
7103;2021;17/9/2021;Viernes;18:45:00;Autopista Nacional Gral. Juan Jose Valle;271.0;2;Bicicleta,Camión; ;2;0;0;1;1;0;Autopista;VILLA GOBERNADOR GÁLVEZ;Rosario;Asfalto;Natural;II;S/D;Rural;Otra Señal;No existe;Intersección;Bueno;S/D;Diurna;S/D;Múltiple;Ciclista;Colisión;Ninguna;Faltante
7104;2021;17/9/2021;Viernes;20:15:00;;0.0;2;Moto/Ciclomotor,Peatón;Calle 10-Ludueña Y Calle 29-Alte Brown;2;1;0;1;0;0;Calle;RECONQUISTA;General Obligado;Asfalto;No existe;IX;Dentro;Urbana;Otra Señal;No existe;Intersección;Bueno;Buena;Nocturna;Buen Tiempo;Múltiple;Peatón;Colisión;Ninguna;Faltante
7105;2021;17/9/2021;Viernes;09:20:00;;0.0;2;Moto/Ciclomotor,Automóvil;Av. Peñaloza Y Derqui;2;1;0;0;0;1;Calle;SANTA FE;La Capital;Asfalto;No existe;I;Dentro;Urbana;Otra Señal;No existe;Intersección;Bueno;Buena;Diurna;Buen Tiempo;Múltiple;S/D;Colisión;Ninguna;Horizontal,Vertical
7106;2021;17/9/2021;Viernes;18:00:00;;0.0;2;Moto/Ciclomotor,Pickup/Utilitario;Av. Urquiza Y Gdor. Crespo;2;1;0;1;0;0;Avenida;SANTA FE;La Capital;Asfalto;No existe;I;Dentro;Urbana;Otra Señal;Funciona;Intersección;Bueno;Buena;Diurna;Buen Tiempo;Múltiple;S/D;Colisión;Ninguna;Horizontal,Vertical
7107;2021;17/9/2021;Viernes;08:05:00;Autopista Nacional A007;0.0;2;Automóvil,Moto/Ciclomotor;Av. Leandro Alem Y Candioti;2;1;0;1;0;0;Autopista;SANTA FE;La Capital;Asfalto;No existe;I;Dentro;Urbana;Otra Señal;Funciona;Intersección;Bueno;S/D;Diurna;S/D;Múltiple;S/D;Colisión;S/D;Horizontal,Vertical
7108;2021;17/9/2021;Viernes;23:50:00;Ruta Nacional 11;462.0;2;Moto/Ciclomotor,Pickup/Utilitario;ACCESO AL PUENTE CARRETERO ;2;1;0;1;0;0;Ruta;SANTA FE;La Capital;Asfalto;No existe;I;Dentro;Urbana;Otra Señal;No existe;Intersección;Bueno;Buena;Nocturna;Buen Tiempo;Múltiple;S/D;Colisión;Ninguna;Horizontal
7109;2021;17/9/2021;Viernes;11:00:00;;0.0;2;Bicicleta,Camión Chasis;Bv. Seguí Y P.L.Funes;3;1;0;2;0;0;Avenida;ROSARIO;Rosario;Asfalto;No existe;II;Dentro;Urbana;Otra Señal;No existe;Intersección;Bueno;Buena;Diurna;Buen Tiempo;Múltiple;Ciclista;Colisión;Ninguna;Horizontal
7110;2021;17/9/2021;Viernes;15:30:00;;0.0;2;Peatón,Camión Chasis;Sáenz PEÑA 480;2;1;0;1;0;0;Calle;VILLA GOBERNADOR GÁLVEZ;Rosario;Asfalto;No existe;II;Dentro;Urbana;Otra Señal;No existe;Intersección;Bueno;Buena;Diurna;Buen Tiempo;Múltiple;Peatón;Colisión;Ninguna;Faltante
7111;2021;17/9/2021;Viernes;16:15:00;;0.0;2;Bicicleta,Automóvil;Friuli Y Tucumán;2;1;0;1;0;0;Calle;ROSARIO;Rosario;Asfalto;No existe;II;Dentro;Urbana;Otra Señal;No existe;Intersección;Bueno;Buena;Diurna;Buen Tiempo;Múltiple;Ciclista;Colisión;Ninguna;Faltante
7112;2021;17/9/2021;Viernes;12:20:00;;0.0;2;Automóvil,Pickup/Utilitario;Brasil Y Mendoza;2;1;0;1;0;0;Calle;ROSARIO;Rosario;Asfalto;No existe;II;Dentro;Urbana;Otra Señal;Funciona;Intersección;Bueno;Buena;Diurna;Buen Tiempo;Múltiple;S/D;Colisión;Ninguna;Horizontal,Vertical
7113;2021;17/9/2021;Viernes;01:05:00;;0.0;2;Moto/Ciclomotor,Moto/Ciclomotor;Entre Ríos Y Rioja;3;1;0;2;0;0;Calle;ROSARIO;Rosario;Asfalto;No existe;II;Dentro;Urbana;Otra Señal;No existe;Intersección;Bueno;Buena;Nocturna,Con luz artificial;Buen Tiempo;Múltiple;S/D;Colisión;Ninguna;Horizontal,Vertical
7114;2021;17/9/2021;Viernes;21:00:00;Ruta Nacional 11;339.0;2;Moto/Ciclomotor,Camión c / Acoplado;Ruta Nac 11 ;3;0;0;1;1;0;Ruta;TIMBÚES;San Lorenzo;Hormigón;Ripio;XVII;S/D;Urbana;Otra Señal;No existe;Intersección;Bueno;Buena;Nocturna;Buen Tiempo;Múltiple;S/D;Colisión;Ninguna;Horizontal,Vertical
7115;2021;17/9/2021;Viernes;13:40:00;;0.0;2;Bicicleta,Automóvil;L.N.Alem Y Montevideo;2;1;0;1;0;0;Calle;ROSARIO;Rosario;Asfalto;No existe;II;Dentro;Urbana;Otra Señal;No existe;Intersección;Bueno;Buena;Diurna;Buen Tiempo;Múltiple;Ciclista;Colisión;Ninguna;Horizontal
7116;2021;17/9/2021;Viernes;16:30:00;;0.0;3;Bicicleta,Automóvil,Automóvil;Av. Sorrento Y Bv. Rondeau;3;2;0;1;0;0;Avenida;ROSARIO;Rosario;Asfalto;No existe;II;Dentro;Urbana;Otra Señal;Funciona;Intersección;Bueno;Buena;Diurna;Buen Tiempo;Múltiple;Ciclista;Colisión;Ninguna;Horizontal,Vertical
7117;2021;17/9/2021;Viernes;09:00:00;;0.0;2;Bicicleta,Automóvil;Garibaldi Y San Martin;2;1;0;1;0;0;Avenida;ROSARIO;Rosario;Asfalto;No existe;II;Dentro;Urbana;Otra Señal;No existe;Intersección;Bueno;Buena;Diurna;Buen Tiempo;Múltiple;Ciclista;Colisión;Ninguna;Horizontal
7118;2021;17/9/2021;Viernes;;;0.0;2;Automóvil,Moto/Ciclomotor;Gdor. Crespo 2900;2;1;0;1;0;0;Calle;SANTA FE;La Capital;Asfalto;No existe;I;Dentro;Urbana;Otra Señal;No existe;Intersección;Bueno;Buena;Diurna;Buen Tiempo;Múltiple;S/D;Colisión;Ninguna;Horizontal
7119;2021;17/9/2021;Viernes;20:52:00;Ruta Nacional 11;0.0;2;Automóvil,Moto/Ciclomotor;Av. San Martin Y Entre Ríos;3;2;0;1;0;0;Ruta;SAN LORENZO;San Lorenzo;Asfalto;No existe;XVII;Dentro;Urbana;Otra Señal;Funciona;Intersección;Bueno;Buena;Nocturna,Con luz artificial;Buen Tiempo;Múltiple;S/D;Colisión;Ninguna;Horizontal,Vertical
7120;2021;17/9/2021;Viernes;20:00:00;Ruta Nacional 34;87.0;5;Automóvil,Camión c / Acoplado,Automóvil,Camión c / Acoplado,Camión; ;5;2;0;3;0;0;Ruta;SAN GENARO;San JERÓNIMO;Asfalto;No existe;XV;Dentro;Urbana;Otra Señal;No existe;Intersección;Bueno;Buena;Diurna;Buen Tiempo;Múltiple;S/D;Colisión;Ninguna;Horizontal
7121;2021;17/9/2021;Viernes;17:45:00;;0.0;2;Moto/Ciclomotor,Pickup/Utilitario;I Doratto Y Sarmiento;3;2;0;1;0;0;Calle;GÁLVEZ;San JERÓNIMO;Asfalto;No existe;XV;Dentro;Urbana;Otra Señal;No existe;Intersección;Bueno;Buena;Diurna;Buen Tiempo;Múltiple;S/D;Colisión;Ninguna;S/D
7122;2021;17/9/2021;Viernes;17:10:00;;0.0;2;Moto/Ciclomotor,Moto/Ciclomotor;Antonio Podio Y Juan Larrea;3;3;0;0;0;0;Calle;RAFAELA;Castellanos;Asfalto;No existe;V;Dentro;Urbana;Otra Señal;No existe;Intersección;Bueno;Buena;Diurna;Buen Tiempo;Múltiple;S/D;Colisión;Ninguna;Vertical
7123;2021;17/9/2021;Viernes;;;0.0;1;Moto/Ciclomotor;América Y Bv Santa Fe;1;1;0;0;0;0;Avenida;RAFAELA;Castellanos;Asfalto;No existe;V;Dentro;Urbana;Otra Señal;Funciona;Intersección;Bueno;Buena;S/D;Buen Tiempo;Múltiple;S/D;Colisión;Ninguna;Horizontal,Vertical
7124;2021;17/9/2021;Viernes;;Ruta Provincial 70;0.0;2;Moto/Ciclomotor,Moto/Ciclomotor;Bv H Irigoyen Y Remedios de Escalada;2;2;0;0;0;0;Ruta;RAFAELA;Castellanos;Asfalto;No existe;V;Dentro;Urbana;Otra Señal;Funciona;Intersección;Bueno;Buena;S/D;Buen Tiempo;Múltiple;S/D;Colisión;Ninguna;Horizontal,Vertical
7125;2021;17/9/2021;Viernes;;;0.0;2;Moto/Ciclomotor,Moto/Ciclomotor;A Lincoln Y Juan Larrea;2;1;0;0;0;1;Calle;RAFAELA;Castellanos;Asfalto;No existe;V;Dentro;Urbana;Otra Señal;No existe;Intersección;Bueno;Buena;Diurna;Buen Tiempo;Múltiple;S/D;Colisión;Ninguna;Faltante
7126;2021;17/9/2021;Viernes;;;0.0;2;Pickup/Utilitario,Moto/Ciclomotor;Av. Aristóbulo del Valle Y Esteban Echeverria;2;1;0;1;0;0;Avenida;RAFAELA;Castellanos;Asfalto;No existe;V;Dentro;Urbana;Otra Señal;No existe;Intersección;Bueno;Buena;Diurna;Buen Tiempo;Múltiple;S/D;Colisión;Ninguna;Vertical
7127;2021;17/9/2021;Viernes;;;0.0;2;Automóvil,Moto/Ciclomotor;Av. Brasil Y Víctor Manuel;2;1;0;1;0;0;Avenida;RAFAELA;Castellanos;Asfalto;No existe;V;Dentro;Urbana;Otra Señal;No existe;Intersección;Bueno;Buena;Diurna;Buen Tiempo;Múltiple;S/D;Colisión;Ninguna;Faltante
7128;2021;17/9/2021;Viernes;12:30:00;;0.0;2;Automóvil,Moto/Ciclomotor;PASAJE 46/54 ;3;1;0;2;0;0;Calle;VILLA OCAMPO;General Obligado;S/D;S/D;IX;Dentro;Urbana;Otra Señal;S/D;Intersección;Bueno;S/D;Diurna;S/D;Múltiple;S/D;Colisión;S/D;S/D
7129;2021;17/9/2021;Viernes;15:00:00;;0.0;2;Moto/Ciclomotor,Automóvil;Brigadier Estanislao López Y Santa Fe;3;2;0;1;0;0;Calle;VILLA OCAMPO;General Obligado;S/D;S/D;IX;Dentro;Urbana;Otra Señal;S/D;Intersección;S/D;S/D;Diurna;Buen Tiempo;Múltiple;S/D;Colisión;S/D;S/D
7130;2021;17/9/2021;Viernes;;;0.0;1;Moto/Ciclomotor;Rivadavia Y Tucumán;1;1;0;0;0;0;Calle;SAN CARLOS CENTRO;Las Colonias;Asfalto;No existe;XI;Dentro;Urbana;Otra Señal;No existe;Intersección;Bueno;Buena;Diurna;Buen Tiempo;Múltiple;S/D;Colisión;Ninguna;Faltante
7131;2021;17/9/2021;Viernes;18:00:00;;0.0;2;Pickup/Utilitario,Moto/Ciclomotor;Bv Oroño Y Islas Malvinas;3;1;0;2;0;0;Calle;SAN LORENZO;San Lorenzo;Asfalto;No existe;XVII;Dentro;Urbana;Otra Señal;No existe;Intersección;Bueno;S/D;Diurna;Buen Tiempo;Múltiple;S/D;Colisión;S/D;Horizontal,Vertical
7132;2021;17/9/2021;Viernes;19:30:00;;0.0;2;Automóvil,Peatón;Av. San Martin Y Cayetano Nerbutti;2;1;0;1;0;0;S/D;PUERTO SAN MARTÍN;San Lorenzo;Asfalto;No existe;XVII;S/D;S/D;Otra Señal;No existe;Intersección;Bueno;Buena;Nocturna;Buen Tiempo;Múltiple;Peatón;Colisión;Ninguna;Horizontal
7133;2021;17/9/2021;Viernes;;;0.0;2;Moto/Ciclomotor,Automóvil;Colon Y San Salvador;3;1;0;2;0;0;Calle;CAPITÁN BERMÚDEZ;San Lorenzo;Asfalto;No existe;XVII;Dentro;Urbana;Otra Señal;No existe;Intersección;S/D;S/D;S/D;S/D;Múltiple;S/D;Colisión;S/D;Vertical
7134;2021;17/9/2021;Viernes;12:00:00;Ruta Nacional 11;0.0;2;Moto/Ciclomotor,Peatón;Av. San Lorenzo Y Remedios de Escalada;2;1;0;1;0;0;Ruta;CAPITÁN BERMÚDEZ;San Lorenzo;Asfalto;No existe;XVII;Dentro;Urbana;Otra Señal;Funciona;Intersección;S/D;S/D;Diurna;S/D;Múltiple;Peatón;Colisión;S/D;Vertical
7135;2021;17/9/2021;Viernes;09:00:00;;0.0;1;Moto/Ciclomotor;Alsina Y Bv. Seguí;1;1;0;0;0;0;Avenida;ROSARIO;Rosario;Asfalto;No existe;II;Dentro;Urbana;Otra Señal;No existe;Intersección;S/D;S/D;Diurna;S/D;Múltiple;S/D;Colisión;S/D;Horizontal
7136;2021;17/9/2021;Viernes;;;0.0;2;Otros,Otros;Av. Freyre Y Hipólito Yrigoyen;2;0;0;0;1;1;Calle;SANTA FE;Constitución;Asfalto;No existe;I;Dentro;Urbana;Otra Señal;No existe;Intersección;Bueno;S/D;S/D;S/D;Múltiple;S/D;Colisión;Ninguna;Faltante
7137;2021;17/9/2021;Viernes;00:00:00;;0.0;2;Automóvil,Bicicleta;Mendoza Y Campbell;2;1;0;0;0;1;Calle;ROSARIO;Constitución;S/D;S/D;II;S/D;S/D;Otra Señal;S/D;Intersección;S/D;S/D;Nocturna;S/D;Múltiple;Ciclista;Colisión;S/D;S/D
7138;2021;17/9/2021;Viernes;15:00:00;;0.0;1;Moto/Ciclomotor;Bv. Oroño Y Bv. 27 De Febrero;1;1;0;0;0;0;Avenida;ROSARIO;Constitución;S/D;S/D;II;S/D;Urbana;Otra Señal;S/D;Intersección;S/D;S/D;Diurna;S/D;Múltiple;S/D;Colisión;S/D;S/D
7139;2021;17/9/2021;Viernes;11:00:00;;0.0;1;Moto/Ciclomotor;Av. Pellegrini Y Bv. Oroño;1;1;0;0;0;0;Avenida;ROSARIO;Constitución;S/D;S/D;II;S/D;Urbana;Otra Señal;S/D;Intersección;S/D;S/D;Diurna;S/D;Múltiple;S/D;Colisión;S/D;S/D
7140;2021;17/9/2021;Viernes;20:00:00;;0.0;2;Automóvil,Moto/Ciclomotor;Almirante Guillermo Brown Y Pensamientos;2;0;0;1;0;0;Calle;SAUCE VIEJO;Constitución;Ripio;No existe;I;Dentro;Urbana;Otra Señal;No existe;Intersección;Bueno;Buena;Diurna;Buen Tiempo;Múltiple;S/D;Colisión;Ninguna;Faltante
7141;2021;17/9/2021;Viernes;11:00:00;;0.0;2;Moto/Ciclomotor,Transporte de Pasajeros Urbano (> 8 asientos);Av. Provincias Unidas Y Bv. Seguí;2;0;0;1;0;0;Avenida;ROSARIO;Constitución;Asfalto;No existe;II;Dentro;Urbana;Otra Señal;Funciona;Intersección;Bueno;Buena;Diurna;Buen Tiempo;Múltiple;S/D;Colisión;Ninguna;Vertical
7142;2021;17/9/2021;Viernes;02:30:00;;0.0;2;Moto/Ciclomotor,Moto/Ciclomotor;Bv. Oroño Y Esteban de Luca;2;1;0;0;0;0;Avenida;ROSARIO;Constitución;Asfalto;No existe;II;Dentro;Urbana;Otra Señal;No existe;Intersección;Bueno;Buena;Diurna;Buen Tiempo;Múltiple;S/D;Colisión;Ninguna;Horizontal
7143;2021;17/9/2021;Viernes;18:50:00;;0.0;2;Moto/Ciclomotor,Moto/Ciclomotor;Montevideo Y Pascual Rosas;2;0;0;0;0;1;Calle;ROSARIO;Rosario;Asfalto;No existe;II;Dentro;Urbana;Otra Señal;No existe;Intersección;S/D;S/D;Diurna;S/D;Múltiple;S/D;Colisión;S/D;Faltante
7144;2021;17/9/2021;Viernes;16:30:00;Ruta Nacional 95;851.0;1;Pickup/Utilitario; ;4;1;0;0;1;0;Ruta;VILLA MINETTI;9 de Julio;Asfalto;Natural;XII;S/D;Rural;Otra Señal;No existe;Intersección;Bueno;Buena;Diurna;Buen Tiempo;Múltiple;S/D;Colisión;Ninguna;Horizontal
7145;2021;18/9/2021;Sabado;19:00:00;;0.0;2;Moto/Ciclomotor,Automóvil;Espora Y 4 de Enero;2;1;0;1;0;0;Calle;SANTA FE;La Capital;Asfalto;No existe;I;Dentro;Urbana;Otra Señal;No existe;Intersección;Bueno;Buena;Nocturna;Buen Tiempo;Múltiple;S/D;Colisión;Ninguna;Faltante
7146;2021;18/9/2021;Sabado;20:00:00;;0.0;2;Automóvil,Moto/Ciclomotor;Alvear Y Ricardo Aldao;3;2;0;1;0;0;Calle;SANTA FE;La Capital;Asfalto;No existe;I;Dentro;Urbana;Otra Señal;No existe;Intersección;Bueno;Buena;Nocturna;Buen Tiempo;Múltiple;S/D;Colisión;Ninguna;Faltante
7147;2021;18/9/2021;Sabado;21:25:00;;0.0;2;Moto/Ciclomotor,Moto/Ciclomotor;Mariano Candioti Y Santiago Del Estero;2;2;0;0;0;0;Calle;SANTO TOMÉ;La Capital;Asfalto;No existe;I;Dentro;Urbana;Otra Señal;No existe;Intersección;Bueno;Buena;Nocturna,Con luz artificial;Buen Tiempo;Múltiple;S/D;Colisión;Ninguna;Faltante
7148;2021;18/9/2021;Sabado;12:15:00;;0.0;2;Moto/Ciclomotor,Pickup/Utilitario; ;2;1;0;1;0;0;Camino Rural;HUMBOLDT;Las Colonias;Tierra;No existe;XI;Dentro;Rural;Otra Señal;No existe;Intersección;Bueno;Buena;Diurna;Buen Tiempo;Múltiple;S/D;Colisión;Ninguna;Faltante
7149;2021;18/9/2021;Sabado;21:45:00;;0.0;2;Pickup/Utilitario,Moto/Ciclomotor;Av. Filipini Y Jaures;2;1;0;1;0;0;Avenida;VILLA GOBERNADOR GÁLVEZ;Rosario;Asfalto;No existe;II;Dentro;Urbana;Otra Señal;No existe;Intersección;Bueno;Buena;Nocturna,Con luz artificial;Buen Tiempo;Múltiple;S/D;Colisión;Ninguna;Faltante
7150;2021;18/9/2021;Sabado;18:50:00;;0.0;2;Moto/Ciclomotor,Pickup/Utilitario;Rio Negro Y San Juan;2;1;0;1;0;0;Calle;TOSTADO;9 de Julio;Ripio;No existe;XII;Dentro;Urbana;Otra Señal;No existe;Intersección;S/D;Buena;Diurna;Buen Tiempo;Múltiple;S/D;Colisión;S/D;Faltante
7151;2021;18/9/2021;Sabado;00:05:00;;0.0;2;Automóvil,Moto/Ciclomotor;Av. Filipini Y Soldado Aguirre;2;1;0;1;0;0;Avenida;VILLA GOBERNADOR GÁLVEZ;Rosario;Asfalto;No existe;II;Dentro;Urbana;Otra Señal;No existe;Intersección;Bueno;Reducida;Nocturna,Con luz artificial;Buen Tiempo;Múltiple;S/D;Colisión;Ninguna;Faltante