ID_Accidente;A�o;Fecha;Dia;Hopra;Ruta/Autop;km;Participantes;Tipo;Lugar;Total;Heridos Leves;Heridos Graves;Ilesos;Fallecidos;Sin datos;desc_tipo_via;desc_loc;desc_dpto;|;desc_tipo_banquina;desc_unidad_regional;desc_lugar_calzada;desc_zona;desc_prioridad;desc_estado_semaforo;desc_lugar_via;desc_estado_via;desc_estado_visibilidad;desc_luminosidad;desc_estado_clima;desc_tipo_colision;desc_tipo_atropello;desc_tipo_hecho;desc_pres_calzada;desc_senializacion
7152;2021;18/9/2021;Sabado;20:30:00;Ruta Provincial 1;120.0;1;Moto/Ciclomotor; ;2;1;0;1;0;0;Ruta;COLONIA MASCIAS;Garay;Asfalto;Natural;VII;Dentro;Urbana;Otra Señal;No existe;Intersección;Bueno;Buena;Nocturna;Buen Tiempo;Múltiple;S/D;Colisión;Ninguna;Horizontal
7153;2021;18/9/2021;Sabado;23:15:00;Ruta Nacional 33;0.0;2;Automóvil,Moto/Ciclomotor;Ruta Nac 33 Y 25 de Mayo;2;1;0;1;0;0;Ruta;ZAVALLA;Rosario;Asfalto;Pavimento;II;Dentro;Urbana;Otra Señal;No existe;Intersección;Bueno;Buena;Nocturna,Con luz artificial;Buen Tiempo;Múltiple;S/D;Colisión;Ninguna;Horizontal
7154;2021;18/9/2021;Sabado;14:53:00;Ruta Nacional 11;0.0;2;Bicicleta,Automóvil;Pasaje 21-23- México ;2;1;0;0;0;1;Ruta;RECONQUISTA;General Obligado;Asfalto;No existe;IX;Dentro;Urbana;Otra Señal;No existe;Intersección;Bueno;Buena;Diurna;Buen Tiempo;Múltiple;Ciclista;Colisión;Ninguna;Horizontal
7155;2021;18/9/2021;Sabado;15:00:00;;0.0;2;Bicicleta,Otros;9 de Julio Y La Rioja;2;1;0;1;0;0;Calle;SANTA FE;La Capital;Asfalto;No existe;I;Dentro;Urbana;Otra Señal;No existe;Intersección;Bueno;Buena;Diurna;Buen Tiempo;Múltiple;Ciclista;Colisión;Ninguna;Horizontal
7156;2021;18/9/2021;Sabado;04:55:00;Autopista Nacional A007;0.0;2;Automóvil,Automóvil;Av. 27 de Febrero Y Lisandro de la Torre;2;1;0;1;0;0;Autopista;SANTA FE;La Capital;Asfalto;Pavimento;I;Dentro;Urbana;Otra Señal;Funciona;Intersección;Bueno;Buena;Nocturna,Con luz artificial;Buen Tiempo;Múltiple;S/D;Colisión;Ninguna;Horizontal,Vertical
7157;2021;18/9/2021;Sabado;18:55:00;;0.0;2;Peatón,Moto/Ciclomotor;Pje. J.Casals 3860;2;2;0;0;0;0;Calle;ROSARIO;Rosario;Asfalto;No existe;II;Dentro;Urbana;Otra Señal;No existe;Intersección;Bueno;Buena;Diurna;Buen Tiempo;Múltiple;Peatón;Colisión;Ninguna;Faltante
7158;2021;18/9/2021;Sabado;12:30:00;;0.0;2;Moto/Ciclomotor,Automóvil;Pje. Apipe Y Tarragona Bis;2;1;0;1;0;0;Calle;ROSARIO;Rosario;Asfalto;No existe;II;Dentro;Urbana;Otra Señal;No existe;Intersección;Deteriorada;Buena;Diurna;Buen Tiempo;Múltiple;S/D;Colisión;Ninguna;Faltante
7159;2021;18/9/2021;Sabado;17:45:00;;0.0;2;Moto/Ciclomotor,Automóvil;COMANDANTE ESPORA Y 12 DE OCTUBRE;2;1;0;1;0;0;Calle;VILLA GOBERNADOR GÁLVEZ;Rosario;Asfalto;No existe;II;Dentro;Urbana;Otra Señal;No existe;Intersección;Bueno;Buena;Diurna;Buen Tiempo;Múltiple;S/D;Colisión;Ninguna;Faltante
7160;2021;18/9/2021;Sabado;15:20:00;;0.0;1;Moto/Ciclomotor;Constitución Y 12 de Octubre;2;1;0;1;0;0;Calle;VILLA GOBERNADOR GÁLVEZ;Rosario;Tierra;No existe;II;Dentro;Urbana;Otra Señal;No existe;Intersección;Con baches;Buena;Diurna;Buen Tiempo;Múltiple;S/D;Colisión;Ninguna;Faltante
7161;2021;18/9/2021;Sabado;10:00:00;;0.0;2;Automóvil,Peatón;Matienzo Y Mendoza;2;1;0;1;0;0;Calle;ROSARIO;Rosario;Asfalto;No existe;II;Dentro;Urbana;Otra Señal;Funciona;Intersección;Bueno;Buena;Diurna;Buen Tiempo;Múltiple;Peatón;Colisión;Ninguna;Horizontal,Vertical
7162;2021;18/9/2021;Sabado;13:00:00;;0.0;2;Moto/Ciclomotor,Automóvil;Av. Iriondo Y H Irigoyen;2;1;0;1;0;0;Calle;SAN JUSTO;San Justo;Asfalto;No existe;XVI;Dentro;Urbana;Otra Señal;No existe;Intersección;Bueno;Buena;Diurna;Buen Tiempo;Múltiple;S/D;Colisión;Ninguna;Faltante
7163;2021;18/9/2021;Sabado;19:00:00;;0.0;2;Moto/Ciclomotor,Automóvil;Libertad Y Mariano Moreno;2;1;0;1;0;0;Calle;GOBERNADOR CRESPO;San Justo;Asfalto;No existe;XVI;Dentro;Urbana;Otra Señal;No existe;Intersección;Bueno;Buena;Atardecer;Buen Tiempo;Múltiple;S/D;Colisión;Ninguna;Faltante
7164;2021;18/9/2021;Sabado;21:20:00;;0.0;2;Bicicleta,Automóvil;Mariano Moreno Y Santa Fe;2;1;0;1;0;0;Calle;ROSARIO;Rosario;Asfalto;No existe;II;Dentro;Urbana;Otra Señal;Funciona;Intersección;Bueno;Buena;Nocturna,Con luz artificial;Buen Tiempo;Múltiple;Ciclista;Colisión;Ninguna;Horizontal,Vertical
7165;2021;18/9/2021;Sabado;20:50:00;Ruta Nacional 11;794.0;2;Automóvil,Camión;Ruta Nacional 11 ;3;2;0;0;1;0;Ruta;AVELLANEDA;General Obligado;Asfalto;Natural;IX;S/D;Rural;Otra Señal;No existe;Intersección;Bueno;S/D;Nocturna;S/D;Múltiple;S/D;Colisión;Ninguna;S/D
7166;2021;18/9/2021;Sabado;08:30:00;;0.0;2;Automóvil,Automóvil;Buenos Aires Y Viamonte;2;1;0;1;0;0;Calle;ROSARIO;Rosario;Asfalto;No existe;II;Dentro;Urbana;Otra Señal;No existe;Intersección;Bueno;Buena;Diurna;Buen Tiempo;Múltiple;S/D;Colisión;Ninguna;Horizontal,Vertical
7167;2021;18/9/2021;Sabado;11:50:00;;0.0;2;Moto/Ciclomotor,Automóvil;Virasoro 1500;2;1;0;1;0;0;Calle;ROSARIO;Rosario;Asfalto;No existe;II;Dentro;Urbana;Otra Señal;No existe;Intersección;Bueno;Buena;Diurna;Buen Tiempo;Múltiple;S/D;Colisión;Ninguna;Faltante
7168;2021;18/9/2021;Sabado;11:45:00;;0.0;2;Moto/Ciclomotor,Automóvil;Rodríguez Y San Juan;5;1;0;4;0;0;Calle;ROSARIO;Rosario;Asfalto;No existe;II;Dentro;Urbana;Otra Señal;No existe;Intersección;Bueno;Buena;Diurna;Buen Tiempo;Múltiple;S/D;Colisión;Ninguna;Horizontal
7169;2021;18/9/2021;Sabado;17:30:00;Ruta Nacional 9;0.0;1;Moto/Ciclomotor;Urquiza ;1;1;0;0;0;0;Ruta;ROLDÁN;San Lorenzo;Asfalto;Natural;XVII;Dentro;Urbana;Otra Señal;Funciona;Intersección;Con baches;Buena;Diurna;Buen Tiempo;Múltiple;S/D;Colisión;Ninguna;Horizontal,Vertical
7170;2021;18/9/2021;Sabado;20:30:00;;0.0;2;Automóvil,Bicicleta;España Y Sarmiento;2;1;0;1;0;0;Calle;TIMBÚES;San Lorenzo;Asfalto;No existe;XVII;Dentro;Urbana;Otra Señal;No existe;Intersección;Con baches,Resbaladiza;Buena;Diurna;Buen Tiempo;Múltiple;Ciclista;Colisión;Agua;Faltante
7171;2021;18/9/2021;Sabado;12:05:00;;0.0;2;Pickup/Utilitario,Automóvil;Rioja 400;2;1;0;1;0;0;Calle;CAPITÁN BERMÚDEZ;San Lorenzo;Asfalto;No existe;XVII;Dentro;Urbana;Otra Señal;No existe;Intersección;Bueno;Buena;Diurna;Buen Tiempo;Múltiple;S/D;Colisión;Ninguna;Faltante
7172;2021;18/9/2021;Sabado;;;0.0;2;Moto/Ciclomotor,Pickup/Utilitario; ;2;1;0;1;0;0;Calle;ESPERANZA;Las Colonias;S/D;S/D;XI;Dentro;Urbana;Otra Señal;S/D;Intersección;S/D;S/D;S/D;S/D;Múltiple;S/D;Colisión;S/D;S/D
7173;2021;18/9/2021;Sabado;;;0.0;2;Automóvil,Moto/Ciclomotor;Carlos Silvestre Begnis Y Julio A Roca;3;2;0;1;0;0;Avenida;TOSTADO;9 de Julio;Asfalto;No existe;XII;Dentro;Urbana;Otra Señal;No existe;Intersección;Bueno;Buena;Diurna;Buen Tiempo;Múltiple;S/D;Colisión;Ninguna;Faltante
7174;2021;18/9/2021;Sabado;19:20:00;;0.0;2;Moto/Ciclomotor,Automóvil;E Alemán Y San Martin;3;2;0;1;0;0;Calle;VERA;Vera;S/D;No existe;XIX;Dentro;Urbana;Otra Señal;No existe;Intersección;S/D;Buena;Nocturna;Buen Tiempo;Múltiple;S/D;Colisión;S/D;S/D
7175;2021;18/9/2021;Sabado;09:50:00;Ruta Provincial 20;0.0;1;Moto/Ciclomotor;Av. Cincuentenario 660;2;2;0;0;0;0;Ruta;MARÍA SUSANA;San MARTÍN;Asfalto;No existe;XVIII;Dentro;Urbana;Otra Señal;No existe;Intersección;Bueno;Buena;Diurna;Buen Tiempo;Múltiple;S/D;Colisión;Ninguna;Faltante
7176;2021;18/9/2021;Sabado;05:00:00;Ruta Nacional 33;636.0;1;Moto/Ciclomotor; ;1;1;0;0;0;0;Ruta;VENADO TUERTO;General LÓPEZ;Asfalto;No existe;VIII;Dentro;Urbana;Otra Señal;No existe;Intersección;Bueno;Buena;Diurna;Buen Tiempo;Múltiple;S/D;Colisión;Ninguna;Horizontal
7177;2021;18/9/2021;Sabado;19:30:00;;0.0;2;Automóvil,Moto/Ciclomotor;Av. Dr. Luis Chapuis Y Manuel Vicente Manzano;2;1;0;1;0;0;Avenida;VENADO TUERTO;General LÓPEZ;Asfalto;No existe;VIII;Dentro;Urbana;Otra Señal;No existe;Intersección;Bueno;S/D;Atardecer;Buen Tiempo;Múltiple;S/D;Colisión;Ninguna;Faltante
7178;2021;18/9/2021;Sabado;;;0.0;2;Transporte de Pasajeros Urbano (> 8 asientos),Moto/Ciclomotor;Av. Blas Parera Y Av. Santa Fe;2;1;0;1;0;0;Avenida;SANTA FE;La Capital;Asfalto;No existe;I;Dentro;Urbana;Otra Señal;No existe;Intersección;Bueno;Buena;Diurna;Buen Tiempo;Múltiple;S/D;Colisión;Ninguna;Faltante
7179;2021;18/9/2021;Sabado;;;0.0;2;Pickup/Utilitario,Moto/Ciclomotor;Av. Blas Parera Y Florencio Fernández;2;1;0;1;0;0;Avenida;SANTA FE;La Capital;Asfalto;No existe;I;Dentro;Urbana;Otra Señal;Funciona;Intersección;Bueno;Buena;Diurna;Buen Tiempo;Múltiple;S/D;Colisión;Ninguna;Vertical
7180;2021;18/9/2021;Sabado;12:30:00;Ruta Nacional 11;0.0;2;Moto/Ciclomotor,Moto/Ciclomotor;Av. Mitre Y Ruta Nacional 11;3;3;0;0;0;0;Ruta;RECREO;La Capital;Asfalto;No existe;I;Dentro;Urbana;Otra Señal;Funciona;Intersección;S/D;S/D;Diurna;S/D;Múltiple;S/D;Colisión;S/D;Vertical
7181;2021;18/9/2021;Sabado;19:50:00;Ruta Nacional 19;73.0;2;Camión Chasis,Automóvil; ;3;2;0;1;0;0;Ruta;ANGÉLICA;Castellanos;Asfalto;No existe;V;Dentro;Rural;Otra Señal;No existe;Intersección;Bueno;Buena;Diurna;Buen Tiempo;Múltiple;S/D;Colisión;Ninguna;Horizontal
7182;2021;18/9/2021;Sabado;;;0.0;2;Automóvil,Moto/Ciclomotor;Antonio Podio Y J J Paso;3;2;0;1;0;0;Calle;RAFAELA;Castellanos;Asfalto;No existe;V;Dentro;Urbana;Otra Señal;No existe;Intersección;Bueno;Buena;Diurna;Buen Tiempo;Múltiple;S/D;Colisión;Ninguna;Faltante
7183;2021;18/9/2021;Sabado;;Ruta Nacional 11;0.0;2;Moto/Ciclomotor,Moto/Ciclomotor; ;2;2;0;0;0;0;Ruta;EL RABÓN;General Obligado;S/D;S/D;IX;Dentro;S/D;Otra Señal;S/D;Intersección;S/D;S/D;Nocturna;S/D;Múltiple;S/D;Colisión;S/D;S/D
7184;2021;18/9/2021;Sabado;19:10:00;Ruta Provincial 31;0.0;2;Camión,Pickup/Utilitario; ;2;2;0;0;0;0;Ruta;ESTACIÓN MOUSSY;General Obligado;S/D;S/D;IX;Dentro;Urbana;Otra Señal;S/D;Intersección;S/D;S/D;Nocturna;S/D;Múltiple;S/D;Colisión;S/D;S/D
7185;2021;18/9/2021;Sabado;06:40:00;Ruta Provincial 32;51.0;1;Pickup/Utilitario; ;2;2;0;0;0;0;Ruta;VILLA ANA;General Obligado;S/D;S/D;XI;Dentro;Rural;Otra Señal;S/D;Intersección;S/D;S/D;Amanecer;S/D;Múltiple;S/D;Colisión;S/D;S/D
7186;2021;18/9/2021;Sabado;20:05:00;;0.0;2;Pickup/Utilitario,Peatón;Destefanis Y Rivadavia;2;1;0;1;0;0;Calle;AREQUITO;Constitución;Asfalto;No existe;IV;Dentro;Urbana;Otra Señal;No existe;Intersección;Bueno;Buena;Nocturna,Con luz artificial;Buen Tiempo;Múltiple;Peatón;Colisión;Ninguna;Faltante
7187;2021;18/9/2021;Sabado;10:30:00;;0.0;1;Moto/Ciclomotor; ;1;1;0;0;0;0;S/D;ROSARIO;Constitución;S/D;S/D;II;S/D;S/D;Otra Señal;S/D;Intersección;S/D;S/D;Diurna;S/D;Múltiple;S/D;Colisión;S/D;S/D
7188;2021;18/9/2021;Sabado;21:45:00;;0.0;1;Moto/Ciclomotor;Roullon Y Garay;1;1;0;0;0;0;Calle;ROSARIO;Constitución;S/D;S/D;II;S/D;Urbana;Otra Señal;S/D;Intersección;S/D;S/D;Nocturna;S/D;Múltiple;S/D;Colisión;S/D;S/D
7189;2021;18/9/2021;Sabado;15:00:00;;0.0;2;Automóvil,Bicicleta;Gutenberg Y Ituzaingó;2;1;0;0;0;1;Calle;ROSARIO;Constitución;S/D;S/D;II;S/D;Urbana;Otra Señal;S/D;Intersección;S/D;S/D;Diurna;S/D;Múltiple;Ciclista;Colisión;S/D;S/D
7190;2021;18/9/2021;Sabado;19:30:00;;0.0;2;Moto/Ciclomotor,Camión c / Acoplado;Carlos Chapearouge Y Centenario;5;2;0;2;0;0;Calle;SANTO TOMÉ;Constitución;Tierra;No existe;I;Dentro;Urbana;Otra Señal;No existe;Intersección;Bueno;Buena;Diurna;Buen Tiempo;Múltiple;S/D;Colisión;Ninguna;Faltante
7191;2021;18/9/2021;Sabado;23:30:00;;0.0;2;Automóvil,Peatón;Boassi 1800;2;0;0;1;0;0;Calle;LAGUNA PAIVA;Constitución;Asfalto;No existe;I;Dentro;Urbana;Otra Señal;No existe;Intersección;Bueno;Buena;Nocturna,Con luz artificial;Buen Tiempo;Múltiple;Peatón;Colisión;Ninguna;Faltante
7192;2021;18/9/2021;Sabado;00:50:00;;0.0;2;Moto/Ciclomotor,Automóvil;Francia Y Iturraspe;2;0;0;1;0;0;Calle;SANTA FE;Constitución;Asfalto;No existe;I;Dentro;Urbana;Otra Señal;Funciona;Intersección;Bueno;Buena;Diurna;Buen Tiempo;Múltiple;S/D;Colisión;Ninguna;Faltante
7193;2021;18/9/2021;Sabado;21:10:00;;0.0;2;Moto/Ciclomotor,Automóvil;Junín Y Roullon;2;0;0;1;0;0;Calle;ROSARIO;Constitución;Asfalto;No existe;II;Dentro;Urbana;Otra Señal;No existe;Intersección;Bueno;Buena;Nocturna;S/D;Múltiple;S/D;Colisión;S/D;Faltante
7194;2021;18/9/2021;Sabado;00:20:00;Autopista Nacional A008;0.0;2;Moto/Ciclomotor,Automóvil;Av. Circunvalación Y Autopista Rosario Córdoba;2;0;0;1;0;0;Autopista;ROSARIO;Constitución;Asfalto;No existe;II;Dentro;Urbana;Otra Señal;No existe;Intersección;Bueno;Buena;Nocturna;Buen Tiempo;Múltiple;S/D;Colisión;Ninguna;Faltante
7195;2021;18/9/2021;Sabado;20:00:00;;0.0;2;Moto/Ciclomotor,Automóvil;Av. Battle y Ordoñez Y Pte. Roca;4;0;0;3;0;0;Calle;ROSARIO;Constitución;Asfalto;No existe;II;Dentro;Urbana;Otra Señal;Funciona;Intersección;Bueno;Buena;Nocturna,Con luz artificial;Buen Tiempo;Múltiple;S/D;Colisión;Ninguna;Horizontal,Vertical
7196;2021;18/9/2021;Sabado;;;0.0;2;Moto/Ciclomotor,Automóvil; ;2;0;0;1;0;0;S/D;ESPERANZA;Constitución;S/D;S/D;XI;S/D;S/D;Otra Señal;S/D;Intersección;S/D;S/D;S/D;S/D;Múltiple;S/D;Colisión;S/D;S/D
7197;2021;18/9/2021;Sabado;12:40:00;Ruta Nacional 11;0.0;2;Moto/Ciclomotor,Automóvil;Ruta Nacional 11 Y Salvador del Carril;3;1;0;1;0;0;Ruta;RECREO;Constitución;Asfalto;Ripio;I;Dentro;Urbana;Otra Señal;No existe;Intersección;Bueno;Buena;Diurna;S/D;Múltiple;S/D;Colisión;Ninguna;Horizontal
7198;2021;18/9/2021;Sabado;;;0.0;2;Automóvil,Peatón;Güemes Y Sarmiento;2;0;0;1;0;0;Calle;RAFAELA;Constitución;Asfalto;No existe;V;Dentro;Urbana;Otra Señal;No existe;Intersección;Bueno;Buena;Diurna;Buen Tiempo;Múltiple;Peatón;Colisión;Ninguna;Horizontal
7199;2021;18/9/2021;Sabado;23:30:00;Autopista Provincial Brigadier E.LÓPEZ;110.0;2;Automóvil,Automóvil; ;7;5;0;0;0;0;Autopista;CORONDA;San JERÓNIMO;Asfalto;Ripio;XV;Dentro;Rural;Otra Señal;No existe;Intersección;Bueno;Buena;Diurna;Buen Tiempo;Múltiple;S/D;Colisión;Ninguna;Horizontal
7200;2021;19/9/2021;Domingo;19:45:00;Ruta Provincial 4;0.0;2;Automóvil,Camión Chasis; ;5;4;0;1;0;0;Ruta;NELSON;La Capital;Asfalto;Natural;I;Dentro;Rural;Otra Señal;No existe;Intersección;Bueno;Buena;Nocturna;Buen Tiempo;Múltiple;S/D;Colisión;Ninguna;Horizontal
7201;2021;19/9/2021;Domingo;19:00:00;Ruta Secundaria 292-s;8.0;2;Pickup/Utilitario,Automóvil; ;5;1;0;4;0;0;Ruta;VILLA MINETTI;9 de Julio;Asfalto;Natural;XII;Dentro;Urbana;Otra Señal;No existe;Intersección;Bueno;Buena;Diurna;Buen Tiempo;Múltiple;S/D;Colisión;Ninguna;Faltante
7202;2021;19/9/2021;Domingo;11:30:00;Autovía Nacional 19;7.6;2;Moto/Ciclomotor,Bicicleta; ;2;2;0;0;0;0;Autovía;COLONIA SAN JOSÉ.;Las Colonias;Asfalto;Natural;XI;Dentro;Urbana;Otra Señal;No existe;Intersección;Bueno;Buena;Diurna;Buen Tiempo;Múltiple;Ciclista;Colisión;Ninguna;Horizontal,Vertical
7203;2021;19/9/2021;Domingo;;;0.0;1;Otros;El Chaja ;2;2;0;0;0;0;S/D;PEREZ;Rosario;S/D;S/D;II;S/D;Urbana;Otra Señal;S/D;Intersección;S/D;S/D;S/D;S/D;Múltiple;S/D;Colisión;S/D;S/D
7204;2021;19/9/2021;Domingo;20:30:00;;0.0;2;Moto/Ciclomotor,Automóvil;Amenábar Y Laprida;2;1;0;1;0;0;Calle;ROSARIO;Rosario;Asfalto;No existe;II;Dentro;Urbana;Otra Señal;No existe;Intersección;Bueno;Buena;Diurna;Buen Tiempo;Múltiple;S/D;Colisión;Ninguna;Faltante
7205;2021;19/9/2021;Domingo;17:45:00;Autopista Nacional A008;0.0;2;Moto/Ciclomotor,Camión Chasis;Av. Circunvalación Y Av. Pte. Perón;2;1;0;1;0;0;Autopista;ROSARIO;Rosario;Asfalto;No existe;II;Dentro;Urbana;Otra Señal;Funciona;Intersección;Bueno;Buena;Diurna;Buen Tiempo;Múltiple;S/D;Colisión;Ninguna;Horizontal,Vertical
7206;2021;19/9/2021;Domingo;01:45:00;;0.0;2;Moto/Ciclomotor,Automóvil;Av. Gral. San Martin Y Libertad;2;1;0;1;0;0;Calle;VILLA GOBERNADOR GÁLVEZ;Rosario;Asfalto;No existe;II;Dentro;Urbana;Otra Señal;No existe;Intersección;Bueno;Buena;Nocturna,Con luz artificial;Buen Tiempo;Múltiple;S/D;Colisión;Ninguna;Horizontal
7207;2021;19/9/2021;Domingo;16:45:00;;0.0;2;Automóvil,Moto/Ciclomotor;Bv. Wilde Y Filiberto;2;1;0;1;0;0;Avenida;ROSARIO;Rosario;Asfalto;No existe;II;Dentro;Urbana;Otra Señal;No existe;Intersección;Bueno;Buena;Diurna;Buen Tiempo;Múltiple;S/D;Colisión;Ninguna;Horizontal
7208;2021;19/9/2021;Domingo;01:50:00;Ruta Provincial 2;226.0;2;Tren,Camión;Ruta 13 Y Ruta 2;3;1;0;2;0;0;Ruta;SAN CRISTÓBAL;San CRISTÓBAL;Asfalto;Natural;XIII;Dentro;Urbana;Otra Señal;No existe;Intersección;Bueno;Buena;Nocturna;Buen Tiempo;Múltiple;S/D;Colisión;Ninguna;Horizontal,Vertical
7209;2021;19/9/2021;Domingo;00:45:00;;0.0;2;Moto/Ciclomotor,Automóvil;Albert Sabin Y Almafuerte;2;1;0;1;0;0;Calle;ROSARIO;Rosario;Asfalto;No existe;II;Dentro;Urbana;Otra Señal;Funciona;Intersección;Bueno;Buena;Nocturna;Buen Tiempo;Múltiple;S/D;Colisión;Ninguna;Horizontal,Vertical
7210;2021;19/9/2021;Domingo;23:30:00;Ruta Nacional 11;0.0;2;Automóvil,Moto/Ciclomotor;Av. San Martin Y Pte. Illia -Ex. Entre Ríos;3;2;0;1;0;0;Ruta;FRAY LUIS BELTRÁN;San Lorenzo;Asfalto;Pavimento;XVII;Dentro;Urbana;Otra Señal;Funciona;Intersección;Bueno;Buena;Nocturna,Con luz artificial;Otro;Múltiple;S/D;Colisión;Ninguna;Vertical
7211;2021;19/9/2021;Domingo;06:20:00;;0.0;1;Automóvil;E Lussenhoff Y Lisandro de la Torre;1;1;0;0;0;0;Calle;VENADO TUERTO;General LÓPEZ;Ripio;No existe;VIII;Dentro;Urbana;Otra Señal;No existe;Intersección;Bueno;Buena;Diurna;Buen Tiempo;Múltiple;S/D;Colisión;Agua;Faltante
7212;2021;19/9/2021;Domingo;18:15:00;;0.0;2;Moto/Ciclomotor,Pickup/Utilitario;Colon Y Sarmiento D;4;3;0;1;0;0;Calle;VERA;Vera;Asfalto;No existe;XIX;Dentro;Urbana;Otra Señal;No existe;Intersección;Bueno;S/D;Diurna;Buen Tiempo;Múltiple;S/D;Colisión;Ninguna;Faltante
7213;2021;19/9/2021;Domingo;17:20:00;Ruta Nacional 11;0.0;2;Bicicleta,Automóvil;LISANDRO DE LA TORRE 1400;2;1;0;1;0;0;Ruta;CORONDA;San JERÓNIMO;Asfalto;Ripio;XV;Dentro;Urbana;Otra Señal;No existe;Intersección;Bueno;Buena;Diurna;Buen Tiempo;Múltiple;Ciclista;Colisión;Ninguna;Horizontal,Vertical
7214;2021;19/9/2021;Domingo;06:05:00;;0.0;2;Automóvil,Peatón;Avda. Jorge Newbery ;3;1;0;2;0;0;Avenida;GÁLVEZ;San JERÓNIMO;Asfalto;S/D;XV;Dentro;Urbana;Otra Señal;S/D;Intersección;Bueno;S/D;S/D;S/D;Múltiple;Peatón;Colisión;S/D;S/D
7215;2021;19/9/2021;Domingo;;;0.0;2;Automóvil,Bicicleta; ;2;1;0;1;0;0;S/D;ESPERANZA;Las Colonias;S/D;S/D;XI;S/D;S/D;Otra Señal;S/D;Intersección;S/D;S/D;S/D;S/D;Múltiple;S/D;Colisión;S/D;S/D
7216;2021;19/9/2021;Domingo;;Ruta Provincial 93;50.0;2;Pickup/Utilitario,Moto/Ciclomotor; ;2;1;0;1;0;0;Ruta;CAÑADA DEL UCLE;General LÓPEZ;Asfalto;Natural;VIII;Dentro;Rural;Otra Señal;No existe;Intersección;Bueno;S/D;S/D;S/D;Múltiple;S/D;Colisión;Ninguna;Horizontal
7217;2021;19/9/2021;Domingo;17:50:00;;0.0;2;Cuatriciclo,Moto/Ciclomotor; ;2;1;0;1;0;0;S/D;DIEGO DE ALVEAR;General LÓPEZ;S/D;S/D;VIII;S/D;Rural;Otra Señal;S/D;Intersección;S/D;S/D;S/D;S/D;Múltiple;S/D;Colisión;S/D;S/D
7218;2021;19/9/2021;Domingo;00:20:00;;0.0;2;Moto/Ciclomotor,Moto/Ciclomotor;Doctor Estanislao Zeballos Sev Y España;3;2;0;1;0;0;Calle;CASILDA;Caseros;Asfalto;No existe;IV;Dentro;Urbana;Otra Señal;No existe;Intersección;Bueno;S/D;Nocturna;S/D;Múltiple;S/D;Colisión;Ninguna;Faltante
7219;2021;19/9/2021;Domingo;20:50:00;;0.0;2;Automóvil,Moto/Ciclomotor;Boulevard Villada Y Diaz Vélez;2;1;0;1;0;0;Avenida;CASILDA;Caseros;S/D;S/D;IV;Dentro;Urbana;Otra Señal;S/D;Intersección;S/D;S/D;Nocturna;S/D;Múltiple;S/D;Colisión;S/D;S/D
7220;2021;19/9/2021;Domingo;;Ruta Nacional A007;0.0;1;Automóvil;Av. Leandro Alem Y San Luis;2;2;0;0;0;0;Ruta;SANTA FE;La Capital;Asfalto;No existe;I;Dentro;Urbana;Otra Señal;No existe;Intersección;Bueno;S/D;S/D;S/D;Múltiple;S/D;Colisión;Ninguna;Horizontal
7221;2021;19/9/2021;Domingo;04:20:00;;0.0;1;Moto/Ciclomotor;Av. Blas Parera Y Boneo;1;1;0;0;0;0;Avenida;SANTA FE;La Capital;Asfalto;No existe;I;Dentro;Urbana;Otra Señal;No existe;Intersección;Bueno;Buena;Nocturna,Con luz artificial;S/D;Múltiple;S/D;Colisión;Ninguna;Horizontal
7222;2021;19/9/2021;Domingo;00:21:00;Ruta Nacional 8;0.0;2;Bicicleta,Pickup/Utilitario;Estados Unidos Y Ovidio Lagos Av.;2;1;0;1;0;0;Ruta;VENADO TUERTO;General LÓPEZ;Asfalto;Ripio;VIII;Dentro;Urbana;Otra Señal;No existe;Intersección;S/D;S/D;Nocturna;S/D;Múltiple;Ciclista;Colisión;S/D;Horizontal
7223;2021;19/9/2021;Domingo;;Ruta Nacional 34;213.0;1;Moto/Ciclomotor; ;2;2;0;0;0;0;Ruta;SUSANA;Castellanos;Asfalto;Natural;V;Dentro;Rural;Otra Señal;No existe;Intersección;S/D;S/D;Nocturna;S/D;Múltiple;S/D;Colisión;S/D;Horizontal
7224;2021;19/9/2021;Domingo;20:00:00;Ruta Nacional 34;215.0;2;Moto/Ciclomotor,Pickup/Utilitario; ;2;1;0;1;0;0;Ruta;ROSARIO;Rosario;Asfalto;No existe;II;Dentro;Urbana;Otra Señal;No existe;Intersección;Bueno;Buena;Nocturna;Buen Tiempo;Múltiple;S/D;Colisión;Ninguna;Horizontal
7225;2021;19/9/2021;Domingo;04:50:00;;0.0;2;Automóvil,Automóvil;Catamarca Y Sarmiento;6;1;0;5;0;0;Calle;SAN JORGE;San MARTÍN;Asfalto;No existe;XVIII;Dentro;Urbana;Otra Señal;No existe;Intersección;Bueno;Reducida;Nocturna;Buen Tiempo;Múltiple;S/D;Colisión;Ninguna;Faltante
7226;2021;19/9/2021;Domingo;14:00:00;;0.0;1;Automóvil;Crespo Y Dr. Rivas;2;1;0;0;0;1;Calle;ROSARIO;Constitución;S/D;S/D;II;S/D;Urbana;Otra Señal;S/D;Intersección;S/D;S/D;Diurna;S/D;Múltiple;S/D;Colisión;S/D;S/D