ID_Accidente;A�o;Fecha;Dia;Hopra;Ruta/Autop;km;Participantes;Tipo;Lugar;Total;Heridos Leves;Heridos Graves;Ilesos;Fallecidos;Sin datos;desc_tipo_via;desc_loc;desc_dpto;|;desc_tipo_banquina;desc_unidad_regional;desc_lugar_calzada;desc_zona;desc_prioridad;desc_estado_semaforo;desc_lugar_via;desc_estado_via;desc_estado_visibilidad;desc_luminosidad;desc_estado_clima;desc_tipo_colision;desc_tipo_atropello;desc_tipo_hecho;desc_pres_calzada;desc_senializacion
7227;2021;19/9/2021;Domingo;21:40:00;;0.0;2;Automóvil,Moto/Ciclomotor;Laprida Y M M T de Hoenfels;4;3;0;0;0;0;Avenida;ESPERANZA;Constitución;Asfalto;No existe;XI;Dentro;Urbana;Otra Señal;No existe;Intersección;Bueno;Buena;Nocturna,Con luz artificial;Buen Tiempo;Múltiple;S/D;Colisión;Ninguna;Faltante
7228;2021;19/9/2021;Domingo;19:40:00;;0.0;2;Moto/Ciclomotor,Automóvil;Estado de Israel 2500;2;0;0;1;0;0;Calle;ROSARIO;Constitución;Asfalto;No existe;II;Dentro;Urbana;Otra Señal;No existe;Intersección;Bueno;Buena;Diurna;Buen Tiempo;Múltiple;S/D;Colisión;Ninguna;Vertical
7229;2021;19/9/2021;Domingo;07:45:00;;0.0;2;Moto/Ciclomotor,Pickup/Utilitario;Buenos Aires Y J B Mitri;2;0;0;1;0;0;Calle;SUNCHALES;Constitución;Ripio;No existe;V;Dentro;Urbana;Otra Señal;No existe;Intersección;Bueno;Buena;Diurna;Buen Tiempo;Múltiple;S/D;Colisión;Ninguna;Horizontal
7230;2021;19/9/2021;Domingo;;Ruta Nacional 11;573.0;2;Automóvil,Pickup/Utilitario; ;2;0;0;1;0;0;Ruta;SAN JUSTO;Constitución;Asfalto;Natural;XVI;Dentro;Rural;Otra Señal;No existe;Intersección;Bueno;S/D;S/D;S/D;Múltiple;S/D;Colisión;Ninguna;Horizontal
7231;2021;19/9/2021;Domingo;23:00:00;;0.0;1;Moto/Ciclomotor; ;1;0;0;0;0;0;S/D;ROSARIO;Rosario;S/D;S/D;II;S/D;S/D;Otra Señal;S/D;Intersección;S/D;S/D;S/D;S/D;Múltiple;S/D;Colisión;S/D;S/D
7232;2021;19/9/2021;Domingo;22:30:00;Ruta Nacional 34;385.0;1;Automóvil; ;3;1;0;0;0;0;Ruta;CERES;San CRISTÓBAL;Asfalto;Ripio;XIII;Dentro;Urbana;Otra Señal;No existe;Intersección;Bueno;Buena;Nocturna;Buen Tiempo;Múltiple;S/D;Colisión;Ninguna;Faltante
7233;2021;20/9/2021;Lunes;19:00:00;;0.0;2;Moto/Ciclomotor,Automóvil;Vieytes Y 9 de Julio;3;1;0;2;0;0;Calle;SANTA FE;La Capital;Asfalto;No existe;I;Dentro;Urbana;Otra Señal;No existe;Intersección;Bueno;Buena;Nocturna;Buen Tiempo;Múltiple;S/D;Colisión;Ninguna;Faltante
7234;2021;20/9/2021;Lunes;13:00:00;;0.0;2;Moto/Ciclomotor,Automóvil;Av. Gral. Paz Y Gutiérrez;2;1;0;1;0;0;Avenida;SANTA FE;La Capital;Asfalto;No existe;I;Dentro;Urbana;Otra Señal;Funciona;Intersección;Bueno;Buena;Diurna;Buen Tiempo;Múltiple;S/D;Colisión;Ninguna;Horizontal,Vertical
7235;2021;20/9/2021;Lunes;01:30:00;Ruta Nacional 168;4.0;3;Automóvil,Automóvil,Automóvil; ;5;2;0;3;0;0;Ruta;COLASTINE;La Capital;Asfalto;No existe;I;Dentro;Rural;Otra Señal;No existe;Intersección;Bueno;Buena;Nocturna;Buen Tiempo;Múltiple;S/D;Colisión;Ninguna;Horizontal
7236;2021;20/9/2021;Lunes;17:00:00;;0.0;2;Moto/Ciclomotor,Taxi/Remis;Salvador del Carril Y Vélez Sarsfield;3;2;0;1;0;0;Calle;SANTA FE;La Capital;Asfalto;No existe;I;Dentro;Urbana;Otra Señal;No existe;Intersección;Bueno;Buena;Diurna;Buen Tiempo;Múltiple;S/D;Colisión;Ninguna;Faltante
7237;2021;20/9/2021;Lunes;07:35:00;Ruta Provincial 2;17.0;2;Pickup/Utilitario,Moto/Ciclomotor; ;3;2;0;1;0;0;Ruta;MONTE VERA;La Capital;Asfalto;No existe;I;Dentro;Urbana;Otra Señal;No existe;Intersección;Bueno;Buena;Diurna;Buen Tiempo;Múltiple;S/D;Colisión;Ninguna;Faltante
7238;2021;20/9/2021;Lunes;16:50:00;Ruta Provincial 2;17.0;1;Pickup/Utilitario; ;2;2;0;0;0;0;Ruta;MONTE VERA;La Capital;Ripio;No existe;I;Dentro;Rural;Otra Señal;No existe;Intersección;Bueno;Buena;Diurna;Buen Tiempo;Múltiple;S/D;Colisión;Ninguna;Horizontal
7239;2021;20/9/2021;Lunes;12:10:00;;0.0;2;Pickup/Utilitario,Moto/Ciclomotor;Mitre Y 25 de Mayo;2;1;0;1;0;0;Calle;SAN CARLOS CENTRO;Las Colonias;Asfalto;No existe;XI;Dentro;Urbana;Otra Señal;No existe;Intersección;Bueno;Buena;Diurna;Buen Tiempo;Múltiple;S/D;Colisión;Ninguna;Faltante
7240;2021;20/9/2021;Lunes;19:40:00;;0.0;2;Moto/Ciclomotor,Automóvil;Perú Y San Luis;2;1;0;1;0;0;Calle;ARMSTRONG;Belgrano;Asfalto;No existe;III;Dentro;Urbana;Otra Señal;No existe;Intersección;Bueno;Buena;Nocturna,Con luz artificial;Buen Tiempo;Múltiple;S/D;Colisión;Ninguna;Faltante
7241;2021;20/9/2021;Lunes;22:40:00;;0.0;2;Automóvil,Automóvil;Belgrano Y Maipú;2;1;0;1;0;0;Calle;SANTA FE;La Capital;Asfalto;No existe;I;Dentro;Urbana;Otra Señal;No existe;Intersección;Bueno;S/D;Nocturna;S/D;Múltiple;S/D;Colisión;S/D;Horizontal
7242;2021;20/9/2021;Lunes;21:20:00;;0.0;2;Bicicleta,Automóvil;Corrientes Y Francia;2;1;0;1;0;0;Calle;SANTA FE;La Capital;Asfalto;No existe;I;Dentro;Urbana;Otra Señal;No existe;Intersección;Bueno;Reducida;Nocturna;Buen Tiempo;Múltiple;Ciclista;Colisión;Ninguna;Horizontal
7243;2021;20/9/2021;Lunes;09:35:00;;0.0;2;Moto/Ciclomotor,Automóvil;Av. Francia Y Av. Pellegrini;3;1;0;2;0;0;Avenida;ROSARIO;Rosario;Asfalto;No existe;II;Dentro;Urbana;Otra Señal;Funciona;Intersección;Bueno;Buena;Diurna;Buen Tiempo;Múltiple;S/D;Colisión;Agua;Horizontal,Vertical
7244;2021;20/9/2021;Lunes;13:30:00;;0.0;2;Automóvil,Automóvil;Av. Eudoro Carrasco Y Bv. 27 De Febrero;3;1;0;2;0;0;Calle;ROSARIO;Rosario;Asfalto;No existe;II;Dentro;Urbana;Otra Señal;Funciona;Intersección;Bueno;Buena;Diurna;Buen Tiempo;Múltiple;S/D;Colisión;Ninguna;Horizontal,Vertical
7245;2021;20/9/2021;Lunes;15:50:00;;0.0;3;Moto/Ciclomotor,Automóvil,Automóvil;Ocampo Y San Martin;3;1;0;2;0;0;Avenida;ROSARIO;Rosario;Asfalto;No existe;II;Dentro;Urbana;Otra Señal;No existe;Intersección;Bueno;Buena;Diurna;Buen Tiempo;Múltiple;S/D;Colisión;Ninguna;Horizontal
7246;2021;20/9/2021;Lunes;08:05:00;;0.0;2;Moto/Ciclomotor,Automóvil;Leiva Y Pje. Edison;2;1;0;1;0;0;Calle;ROSARIO;Rosario;Asfalto;No existe;II;Dentro;Urbana;Otra Señal;No existe;Intersección;Bueno;Buena;Diurna;Buen Tiempo;Múltiple;S/D;Colisión;Ninguna;Faltante
7247;2021;20/9/2021;Lunes;17:10:00;Ruta Nacional 11;0.0;2;Automóvil,Peatón;Falucho 600;3;2;0;1;0;0;Ruta;SAN LORENZO;San Lorenzo;Asfalto;No existe;XVII;Dentro;Urbana;Otra Señal;Funciona;Intersección;Bueno;Buena;Diurna;Buen Tiempo;Múltiple;Peatón;Colisión;Ninguna;Horizontal,Vertical
7248;2021;20/9/2021;Lunes;10:25:00;Ruta Nacional 11;0.0;2;Automóvil,Bicicleta;Av. San Martin Y Juan de Garay;2;1;0;1;0;0;Ruta;FRAY LUIS BELTRÁN;San Lorenzo;Asfalto;Pavimento;XVII;Dentro;Urbana;Otra Señal;No existe;Intersección;Bueno;Buena;S/D;S/D;Múltiple;Ciclista;Colisión;Ninguna;Horizontal
7249;2021;20/9/2021;Lunes;23:40:00;;0.0;2;Moto/Ciclomotor,Automóvil;Av. San Lorenzo Y 9 de Julio;3;2;0;1;0;0;Avenida;CAPITÁN BERMÚDEZ;San Lorenzo;Asfalto;No existe;XVII;Dentro;Urbana;Otra Señal;Funciona;Intersección;Bueno;Buena;Diurna;Buen Tiempo;Múltiple;S/D;Colisión;Ninguna;Horizontal,Vertical
7250;2021;20/9/2021;Lunes;18:30:00;;0.0;2;Moto/Ciclomotor,Automóvil;Mitre Y Rivadavia;3;1;0;2;0;0;Calle;CORONDA;San JERÓNIMO;Asfalto;No existe;XV;Dentro;Urbana;Otra Señal;No existe;Intersección;Bueno;Buena;Diurna;Buen Tiempo;Múltiple;S/D;Colisión;Ninguna;Faltante
7251;2021;20/9/2021;Lunes;00:05:00;;0.0;2;Automóvil,Moto/Ciclomotor;Juan Lavalle Y Quintana;2;1;0;1;0;0;Calle;VENADO TUERTO;General LÓPEZ;Asfalto;No existe;VIII;Dentro;Urbana;Otra Señal;No existe;Intersección;Bueno;Buena;Nocturna;S/D;Múltiple;S/D;Colisión;Ninguna;Faltante
7252;2021;20/9/2021;Lunes;;;0.0;2;Moto/Ciclomotor,Moto/Ciclomotor;Lisandro de La Torre Y 4 de enero;2;2;0;0;0;0;Calle;SANTO TOMÉ;La Capital;Ripio;No existe;I;Dentro;Urbana;Otra Señal;No existe;Intersección;Bueno;Buena;Diurna;Buen Tiempo;Múltiple;S/D;Colisión;Ninguna;Faltante
7253;2021;20/9/2021;Lunes;14:00:00;;0.0;2;Moto/Ciclomotor,Peatón; ;2;2;0;0;0;0;S/D;CAÑADA DE GÓMEZ;Iriondo;S/D;S/D;X;S/D;S/D;Otra Señal;S/D;Intersección;S/D;S/D;Diurna;S/D;Múltiple;Peatón;Colisión;S/D;S/D
7254;2021;20/9/2021;Lunes;;;0.0;1;Moto/Ciclomotor;Calle 8 Y Calle 9;1;1;0;0;0;0;Calle;LAS TOSCAS;General Obligado;S/D;S/D;IX;Dentro;Urbana;Otra Señal;S/D;Intersección;S/D;S/D;S/D;S/D;Múltiple;S/D;Colisión;S/D;S/D
7255;2021;20/9/2021;Lunes;18:35:00;;0.0;2;Automóvil,Moto/Ciclomotor;Calle 43-Fuerza Aérea Y Calle 44-27 de Abril;3;2;0;1;0;0;Calle;RECONQUISTA;General Obligado;Asfalto;S/D;IX;Dentro;Urbana;Otra Señal;S/D;Intersección;Bueno;S/D;Diurna;S/D;Múltiple;S/D;Colisión;Ninguna;S/D
7256;2021;20/9/2021;Lunes;;;0.0;2;Automóvil,Peatón;Mariano Moreno Y Mendoza;2;1;0;1;0;0;Calle;ROSARIO;Rosario;Asfalto;No existe;II;Dentro;Urbana;Otra Señal;No existe;Intersección;Bueno;Buena;Nocturna,Con luz artificial;Buen Tiempo;Múltiple;Peatón;Colisión;Ninguna;Horizontal
7257;2021;20/9/2021;Lunes;17:10:00;Ruta Nacional 11;0.0;2;Moto/Ciclomotor,Bicicleta;Av. San Martin Y Ledesma;2;2;0;0;0;0;Ruta;SAN LORENZO;San Lorenzo;Asfalto;No existe;XVII;Dentro;Urbana;Otra Señal;No existe;Intersección;Bueno;Buena;Diurna;S/D;Múltiple;Ciclista;Colisión;Ninguna;Faltante
7258;2021;20/9/2021;Lunes;18:45:00;;0.0;2;Bicicleta,Automóvil;Echague Y Entre Ríos;2;1;0;1;0;0;Calle;ROLDÁN;San Lorenzo;Asfalto;No existe;XVII;Dentro;Urbana;Otra Señal;No existe;Intersección;Bueno;S/D;Atardecer;S/D;Múltiple;Ciclista;Colisión;Ninguna;Faltante
7259;2021;20/9/2021;Lunes;17:15:00;;0.0;2;Automóvil,Moto/Ciclomotor;Luis Borghi 1500;2;1;0;1;0;0;Calle;SAN LORENZO;San Lorenzo;Asfalto;S/D;XVII;Dentro;Urbana;Otra Señal;S/D;Intersección;Bueno;S/D;Diurna;S/D;Múltiple;S/D;Colisión;S/D;S/D
7260;2021;20/9/2021;Lunes;18:00:00;;0.0;2;Automóvil,Moto/Ciclomotor; ;2;1;0;0;0;1;S/D;PEREZ;Constitución;S/D;S/D;II;S/D;S/D;Otra Señal;S/D;Intersección;S/D;S/D;Diurna;S/D;Múltiple;S/D;Colisión;S/D;S/D
7261;2021;20/9/2021;Lunes;14:00:00;;0.0;2;Automóvil,Automóvil;Zuviria Y Camilo Aldao;3;1;0;0;0;2;Calle;ROSARIO;Constitución;S/D;S/D;II;S/D;Urbana;Otra Señal;S/D;Intersección;S/D;S/D;Diurna;S/D;Múltiple;S/D;Colisión;S/D;S/D
7262;2021;20/9/2021;Lunes;10:00:00;;0.0;2;Automóvil,Moto/Ciclomotor;Av. Eva Perón Y Venezuela;2;1;0;0;0;1;Avenida;ROSARIO;Constitución;S/D;S/D;II;S/D;Urbana;Otra Señal;S/D;Intersección;S/D;S/D;Diurna;S/D;Múltiple;S/D;Colisión;S/D;S/D
7263;2021;20/9/2021;Lunes;00:00:00;;0.0;1;Moto/Ciclomotor;Saavedra ;1;1;0;0;0;0;Calle;ROSARIO;Constitución;S/D;S/D;II;S/D;S/D;Otra Señal;S/D;Intersección;S/D;S/D;Nocturna;S/D;Múltiple;S/D;Colisión;S/D;S/D
7264;2021;20/9/2021;Lunes;14:00:00;;0.0;1;Moto/Ciclomotor;Bv. Seguí Y Matienzo;1;1;0;0;0;0;Avenida;ROSARIO;Constitución;S/D;S/D;II;S/D;Urbana;Otra Señal;S/D;Intersección;S/D;S/D;Diurna;S/D;Múltiple;S/D;Colisión;S/D;S/D
7265;2021;20/9/2021;Lunes;14:00:00;;0.0;2;Automóvil,Automóvil;Zuviria Y Camilo Aldao;2;1;0;0;0;1;Calle;ROSARIO;Constitución;S/D;S/D;II;S/D;Urbana;Otra Señal;S/D;Intersección;S/D;S/D;Diurna;S/D;Múltiple;S/D;Colisión;S/D;S/D
7266;2021;20/9/2021;Lunes;07:20:00;;0.0;1;Moto/Ciclomotor;Rueda 4348;1;1;0;0;0;0;Calle;ROSARIO;Constitución;S/D;S/D;II;S/D;Urbana;Otra Señal;S/D;Intersección;S/D;S/D;Diurna;S/D;Múltiple;S/D;Colisión;S/D;S/D
7267;2021;20/9/2021;Lunes;17:20:00;;0.0;1;Moto/Ciclomotor;Forest Y Ecuador;1;1;0;0;0;0;Calle;ROSARIO;Constitución;S/D;S/D;II;S/D;Urbana;Otra Señal;S/D;Intersección;S/D;S/D;Diurna;S/D;Múltiple;S/D;Colisión;S/D;S/D
7268;2021;20/9/2021;Lunes;18:00:00;;0.0;2;Automóvil,Automóvil;Rivadavia Y Av. Circunvalación;2;1;0;0;0;1;Avenida;ROSARIO;Constitución;S/D;S/D;II;S/D;S/D;Otra Señal;S/D;Intersección;S/D;S/D;Diurna;S/D;Múltiple;S/D;Colisión;S/D;S/D
7269;2021;20/9/2021;Lunes;10:40:00;;0.0;1;Moto/Ciclomotor;Calle 14 Y Calle 59;1;0;0;0;0;0;Calle;SAUCE VIEJO;Constitución;Ripio;No existe;I;Dentro;Urbana;Otra Señal;No existe;Intersección;Bueno;Buena;Diurna;Buen Tiempo;Múltiple;S/D;Colisión;Ninguna;Faltante
7270;2021;20/9/2021;Lunes;20:40:00;;0.0;1;Moto/Ciclomotor;La Pampa 2354;2;1;0;0;0;0;Calle;TOSTADO;Constitución;Ripio;No existe;XII;Dentro;Urbana;Otra Señal;No existe;Intersección;Deteriorada;Reducida;Nocturna;Buen Tiempo;Múltiple;S/D;Colisión;Material Suelto;Faltante
7271;2021;20/9/2021;Lunes;01:15:00;;0.0;1;Moto/Ciclomotor;Republica Argentina 1100;1;0;0;0;0;0;Calle;TOSTADO;Constitución;Ripio;No existe;XII;Dentro;Urbana;Otra Señal;No existe;Intersección;Con baches;Buena;Nocturna;Buen Tiempo;Múltiple;S/D;Colisión;Material Suelto;Faltante
7272;2021;20/9/2021;Lunes;17:15:00;;0.0;2;Automóvil,Moto/Ciclomotor;Ecuador Y Forest;4;2;0;1;0;0;Calle;ROSARIO;Constitución;Asfalto;No existe;II;Dentro;Urbana;Otra Señal;No existe;Intersección;Bueno;Buena;Diurna;Buen Tiempo;Múltiple;S/D;Colisión;Ninguna;Faltante
7273;2021;21/9/2021;Martes;15:10:00;;0.0;2;Bicicleta,Automóvil;Av. A del Valle Y Quintana;2;1;0;1;0;0;Avenida;SANTA FE;La Capital;Asfalto;No existe;I;Dentro;Urbana;Otra Señal;No existe;Intersección;Bueno;Buena;Diurna;Buen Tiempo;Múltiple;Ciclista;Colisión;Ninguna;Faltante
7274;2021;21/9/2021;Martes;18:45:00;;0.0;2;Automóvil,Moto/Ciclomotor;Carlos Chapearouge Y  Frenguelli;2;1;0;1;0;0;Calle;SANTO TOMÉ;La Capital;Asfalto;No existe;I;Dentro;Urbana;Otra Señal;No existe;Intersección;Bueno;Buena;Diurna;Buen Tiempo;Múltiple;S/D;Colisión;Ninguna;Faltante
7275;2021;21/9/2021;Martes;11:30:00;;0.0;2;Moto/Ciclomotor,Automóvil;9 de Julio Y Suipacha;2;1;0;1;0;0;Calle;SANTA FE;La Capital;Asfalto;No existe;I;Dentro;Urbana;Otra Señal;Funciona;Intersección;Bueno;Buena;Diurna;Buen Tiempo;Múltiple;S/D;Colisión;Ninguna;Horizontal,Vertical
7276;2021;21/9/2021;Martes;09:40:00;;0.0;2;Moto/Ciclomotor,Transporte de Pasajeros Urbano (> 8 asientos);San Jerónimo 1551;2;1;0;1;0;0;Calle;SANTA FE;La Capital;Asfalto;No existe;I;Dentro;Urbana;Otra Señal;No existe;Intersección;Bueno;Buena;Diurna;Buen Tiempo;Múltiple;S/D;Colisión;Ninguna;Faltante
7277;2021;21/9/2021;Martes;19:00:00;;0.0;2;Moto/Ciclomotor,Pickup/Utilitario;Alvear Y Castellanos;2;1;0;1;0;0;Calle;SANTA FE;La Capital;Asfalto;No existe;I;Dentro;Urbana;Otra Señal;No existe;Intersección;Bueno;S/D;Diurna;S/D;Múltiple;S/D;Colisión;S/D;Horizontal
7278;2021;21/9/2021;Martes;23:45:00;;0.0;2;Bicicleta,Automóvil;Av. Provincias Unidas Y J.J.Paso;3;1;0;1;0;1;Avenida;ROSARIO;Rosario;Asfalto;No existe;II;Dentro;Urbana;Otra Señal;No existe;Intersección;Bueno;Buena;Nocturna,Con luz artificial;Buen Tiempo;Múltiple;Peatón;Colisión;Ninguna;Horizontal
7279;2021;21/9/2021;Martes;17:20:00;;0.0;2;Automóvil,Automóvil;25 de Mayo 2575;2;1;0;1;0;0;Calle;SAN JUSTO;San Justo;Asfalto;No existe;XVI;Dentro;Urbana;Otra Señal;No existe;Intersección;Bueno;Buena;Diurna;Buen Tiempo;Múltiple;S/D;Colisión;Ninguna;Faltante
7280;2021;21/9/2021;Martes;17:30:00;;0.0;2;Peatón,Moto/Ciclomotor;Colombia Y Pampa;2;1;0;1;0;0;Calle;ROSARIO;Rosario;Asfalto;No existe;II;Dentro;Urbana;Otra Señal;No existe;Intersección;Bueno;Buena;Diurna;Buen Tiempo;Múltiple;Peatón;Colisión;Ninguna;Faltante
7281;2021;21/9/2021;Martes;11:00:00;;0.0;2;Moto/Ciclomotor,Moto/Ciclomotor;España Y Moreno;3;3;0;0;0;0;Calle;VERA;Vera;Asfalto;No existe;XIX;Dentro;Urbana;Otra Señal;No existe;Intersección;Bueno;Buena;Diurna;Buen Tiempo;Múltiple;S/D;Colisión;Ninguna;Faltante
7282;2021;21/9/2021;Martes;13:00:00;;0.0;2;Automóvil,Moto/Ciclomotor;Bv. Rondeau Y Maestro Massa;2;1;0;1;0;0;Avenida;ROSARIO;Rosario;Asfalto;No existe;II;Dentro;Urbana;Otra Señal;Funciona;Intersección;Bueno;Buena;Diurna;Buen Tiempo;Múltiple;S/D;Colisión;Ninguna;Horizontal,Vertical
7283;2021;21/9/2021;Martes;17:35:00;;0.0;2;Automóvil,Bicicleta;Gaboto Y San Martin;2;1;0;1;0;0;Calle;ROSARIO;Rosario;Asfalto;No existe;II;Dentro;Urbana;Otra Señal;Funciona;Intersección;Bueno;Buena;Diurna;Buen Tiempo;Múltiple;Ciclista;Colisión;Ninguna;Horizontal,Vertical
7284;2021;21/9/2021;Martes;09:40:00;;0.0;2;Moto/Ciclomotor,Automóvil;Buenos Aires Y Bv. Seguí;3;1;0;2;0;0;Avenida;ROSARIO;Rosario;Asfalto;No existe;II;Dentro;Urbana;Otra Señal;No existe;Intersección;Bueno;Buena;Diurna;Buen Tiempo;Múltiple;S/D;Colisión;Ninguna;Faltante
7285;2021;21/9/2021;Martes;18:30:00;;0.0;2;Automóvil,Moto/Ciclomotor;Juan M De Rosas Y Urquiza;3;3;0;0;0;0;Calle;SAN LORENZO;San Lorenzo;Asfalto;No existe;XVII;Dentro;Urbana;Otra Señal;No existe;Intersección;Bueno;Buena;Diurna;Buen Tiempo;Múltiple;S/D;Colisión;Ninguna;Horizontal,Vertical
7286;2021;21/9/2021;Martes;21:30:00;Ruta Nacional A012;0.0;2;Tren,Automóvil; ;3;1;0;2;0;0;Ruta;ROLDÁN;San Lorenzo;Asfalto;No existe;XVII;Dentro;Urbana;Otra Señal;No existe;Intersección;Bueno;Buena;Nocturna,Con luz artificial;Buen Tiempo;Múltiple;S/D;Colisión;Ninguna;Horizontal,Vertical
7287;2021;21/9/2021;Martes;18:15:00;;0.0;1;Moto/Ciclomotor;Eva Perón 1150;1;1;0;0;0;0;Calle;SAN JORGE;San MARTÍN;Asfalto;No existe;XVIII;Dentro;Urbana;Otra Señal;No existe;Intersección;Bueno;Buena;Diurna;Buen Tiempo;Múltiple;S/D;Colisión;Ninguna;Horizontal
7288;2021;21/9/2021;Martes;13:50:00;;0.0;2;Camión Chasis,Moto/Ciclomotor;Juan de Garay Y San Martin;2;1;0;1;0;0;Calle;GESSLER;San JERÓNIMO;S/D;S/D;XV;Dentro;Urbana;Otra Señal;S/D;Intersección;S/D;S/D;Diurna;S/D;Múltiple;S/D;Colisión;S/D;S/D
7289;2021;21/9/2021;Martes;11:40:00;;0.0;1;Automóvil;ANTONIO BALARIS Y AV REPUBLICA ;3;2;0;1;0;0;Avenida;GÁLVEZ;San JERÓNIMO;Asfalto;S/D;XV;Dentro;Urbana;Otra Señal;S/D;Intersección;S/D;S/D;Diurna;S/D;Múltiple;S/D;Colisión;S/D;S/D
7290;2021;21/9/2021;Martes;;Ruta Nacional 168;0.0;1;Automóvil; ;1;1;0;0;0;0;Ruta;SANTA FE;La Capital;Asfalto;No existe;I;Dentro;Urbana;Otra Señal;No existe;Intersección;Bueno;S/D;S/D;S/D;Múltiple;S/D;Colisión;Ninguna;Horizontal
7291;2021;21/9/2021;Martes;02:35:00;;0.0;2;Automóvil,Moto/Ciclomotor;Bv H Irigoyen Y E Oliber;2;1;0;1;0;0;Calle;RAFAELA;Castellanos;Asfalto;No existe;V;Dentro;Urbana;Otra Señal;No existe;Intersección;Bueno;S/D;Nocturna,Con luz artificial;S/D;Múltiple;S/D;Colisión;Ninguna;Faltante
7292;2021;21/9/2021;Martes;09:30:00;;0.0;2;Moto/Ciclomotor,Peatón;Falucho Y Jujuy;2;2;0;0;0;0;Calle;PUERTO SAN MARTÍN;San Lorenzo;Asfalto;No existe;XVII;Dentro;Urbana;Otra Señal;No existe;Intersección;Bueno;Buena;Diurna;Buen Tiempo;Múltiple;Ciclista;Colisión;Ninguna;Faltante
7293;2021;21/9/2021;Martes;14:00:00;;0.0;2;Bicicleta,Automóvil;Buenos Aires Y Sarmiento;2;1;0;1;0;0;Calle;HUMBERTO 1°;Castellanos;Asfalto;No existe;V;Dentro;Urbana;Otra Señal;No existe;Intersección;Bueno;Buena;Diurna;Buen Tiempo;Múltiple;Ciclista;Colisión;Ninguna;Faltante
7294;2021;21/9/2021;Martes;17:00:00;Ruta Nacional 33;0.0;1;Moto/Ciclomotor; ;1;1;0;0;0;0;Ruta;PEREZ;Constitución;S/D;S/D;II;S/D;S/D;Otra Señal;S/D;Intersección;S/D;S/D;Diurna;S/D;Múltiple;S/D;Colisión;S/D;S/D
7295;2021;21/9/2021;Martes;17:00:00;;0.0;1;Automóvil; ;1;1;0;0;0;0;S/D;ROSARIO;Constitución;S/D;S/D;II;S/D;S/D;Otra Señal;S/D;Intersección;S/D;S/D;Diurna;S/D;Múltiple;S/D;Colisión;S/D;S/D
7296;2021;21/9/2021;Martes;00:00:00;;0.0;1;Moto/Ciclomotor;Laprida 5900;1;1;0;0;0;0;Calle;ROSARIO;Constitución;S/D;S/D;II;S/D;Urbana;Otra Señal;S/D;Intersección;S/D;S/D;Nocturna;S/D;Múltiple;S/D;Colisión;S/D;S/D
7297;2021;21/9/2021;Martes;21:00:00;;0.0;1;Moto/Ciclomotor;Zelaya Y Darragueira;1;1;0;0;0;0;Calle;ROSARIO;Constitución;S/D;S/D;II;S/D;S/D;Otra Señal;S/D;Intersección;S/D;S/D;Nocturna;S/D;Múltiple;S/D;Colisión;S/D;S/D
7298;2021;21/9/2021;Martes;16:50:00;;0.0;2;Automóvil,Moto/Ciclomotor;Av. Belgrano 2800;3;0;0;1;0;0;Avenida;PEREZ;Rosario;Asfalto;Ripio;II;Dentro;Urbana;Otra Señal;No existe;Intersección;Bueno;Buena;Diurna;Buen Tiempo;Múltiple;S/D;Colisión;Ninguna;Horizontal
7299;2021;22/9/2021;Miercoles;16:30:00;;0.0;2;Moto/Ciclomotor,Automóvil;Don Guanella Y Estrada;2;1;0;1;0;0;Calle;SANTA FE;La Capital;Asfalto;No existe;I;Dentro;Urbana;Otra Señal;No existe;Intersección;Bueno;Buena;Diurna;Buen Tiempo;Múltiple;S/D;Colisión;Ninguna;Vertical
7300;2021;22/9/2021;Miercoles;17:40:00;Ruta Provincial 70;0.0;2;Automóvil,Moto/Ciclomotor;Rivadavia Y Ruta provincial 70;3;2;0;1;0;0;Ruta;ESPERANZA;Las Colonias;Asfalto;No existe;XI;Dentro;Urbana;Otra Señal;Funciona;Intersección;Bueno;Buena;Diurna;Buen Tiempo;Múltiple;S/D;Colisión;Ninguna;Vertical
7301;2021;22/9/2021;Miercoles;19:40:00;;0.0;2;Automóvil,Moto/Ciclomotor;Almafuerte Y Sarmiento;3;2;0;1;0;0;Calle;SAN CARLOS CENTRO;Las Colonias;Asfalto;No existe;XI;Dentro;Urbana;Otra Señal;No existe;Intersección;Bueno;Buena;Nocturna;Buen Tiempo;Múltiple;S/D;Colisión;Ninguna;Faltante
7302;2021;22/9/2021;Miercoles;11:20:00;Ruta Provincial 70;0.0;2;Moto/Ciclomotor,Camión c / Acoplado;M M T de Hoenfels Y Ruta provincial 70;3;2;0;1;0;0;Ruta;ESPERANZA;Las Colonias;Asfalto;No existe;XI;Dentro;Urbana;Otra Señal;No existe;Intersección;Bueno;Buena;Diurna;Buen Tiempo;Múltiple;S/D;Colisión;Ninguna;Vertical
7303;2021;22/9/2021;Miercoles;09:30:00;;0.0;2;Moto/Ciclomotor,Moto/Ciclomotor;Adolfo Calvo Y Hipólito Irigoyen;2;2;0;0;0;0;Calle;FUNES;Rosario;Ripio;No existe;II;Dentro;Urbana;Otra Señal;No existe;Intersección;Bueno;Buena;Diurna;Buen Tiempo;Múltiple;S/D;Colisión;Ninguna;Faltante