ID_Accidente;A�o;Fecha;Dia;Hopra;Ruta/Autop;km;Participantes;Tipo;Lugar;Total;Heridos Leves;Heridos Graves;Ilesos;Fallecidos;Sin datos;desc_tipo_via;desc_loc;desc_dpto;|;desc_tipo_banquina;desc_unidad_regional;desc_lugar_calzada;desc_zona;desc_prioridad;desc_estado_semaforo;desc_lugar_via;desc_estado_via;desc_estado_visibilidad;desc_luminosidad;desc_estado_clima;desc_tipo_colision;desc_tipo_atropello;desc_tipo_hecho;desc_pres_calzada;desc_senializacion
7304;2021;22/9/2021;Miercoles;08:35:00;;0.0;2;Automóvil,Moto/Ciclomotor;Calle 21-Gdor. Iriondo Y Calle 26 - Bolívar;2;1;0;1;0;0;Calle;RECONQUISTA;General Obligado;Asfalto;No existe;IX;Dentro;Urbana;Otra Señal;No existe;Intersección;Bueno;Buena;Diurna;Buen Tiempo;Múltiple;S/D;Colisión;Ninguna;Faltante
7305;2021;22/9/2021;Miercoles;19:40:00;;0.0;2;Moto/Ciclomotor,Moto/Ciclomotor;Calle 24-Alessio Y Calle 31-Newbery;4;3;0;1;0;0;Calle;RECONQUISTA;General Obligado;Asfalto;No existe;IX;Dentro;Urbana;Otra Señal;No existe;Intersección;Bueno;Buena;Nocturna;Buen Tiempo;Múltiple;S/D;Colisión;Ninguna;Faltante
7306;2021;22/9/2021;Miercoles;07:15:00;;0.0;2;Moto/Ciclomotor,Moto/Ciclomotor;Av. Uriburu Y Grandoli;2;1;0;1;0;0;Avenida;ROSARIO;Rosario;Asfalto;No existe;II;Dentro;Urbana;Otra Señal;Funciona;Intersección;Bueno;Buena;Diurna;Buen Tiempo;Múltiple;S/D;Colisión;Ninguna;Horizontal,Vertical
7307;2021;22/9/2021;Miercoles;11:20:00;;0.0;2;Moto/Ciclomotor,Bicicleta;PUENTE ING CANDIOTI ;2;1;0;1;0;0;Calle;SANTA FE;La Capital;Asfalto;No existe;I;Dentro;Urbana;Otra Señal;No existe;Intersección;Bueno;Buena;Diurna;Buen Tiempo;Múltiple;Ciclista;Colisión;Ninguna;Horizontal
7308;2021;22/9/2021;Miercoles;17:10:00;;0.0;2;Moto/Ciclomotor,Automóvil;Cullen Y La Republica;2;1;0;1;0;0;Calle;ROSARIO;Rosario;Asfalto;No existe;II;Dentro;Urbana;Otra Señal;No existe;Intersección;Bueno;Buena;Diurna;Buen Tiempo;Múltiple;S/D;Colisión;Ninguna;Faltante
7309;2021;22/9/2021;Miercoles;13:00:00;;0.0;2;Moto/Ciclomotor,Camión c / Acoplado;Av. Juan Domingo Perón Y Perú;2;1;0;1;0;0;Avenida;VILLA GOBERNADOR GÁLVEZ;Rosario;Asfalto;No existe;II;Dentro;Urbana;Otra Señal;No existe;Intersección;Bueno;Buena;Diurna;Buen Tiempo;Múltiple;S/D;Colisión;Ninguna;Faltante
7310;2021;22/9/2021;Miercoles;07:45:00;;0.0;2;Moto/Ciclomotor,Peatón;A F Temporelli Y San Lorenzo;2;2;0;0;0;0;Calle;VILLA GOBERNADOR GÁLVEZ;Rosario;Asfalto;No existe;II;Dentro;Urbana;Otra Señal;No existe;Intersección;Deteriorada;Buena;Diurna;Buen Tiempo;Múltiple;Ciclista;Colisión;Material Suelto;Faltante
7311;2021;22/9/2021;Miercoles;21:00:00;;0.0;2;Moto/Ciclomotor,Automóvil;Av. Wheelwright Y Dorrego;2;1;0;1;0;0;Avenida;ROSARIO;Rosario;Asfalto;No existe;II;Dentro;Urbana;Otra Señal;No existe;Intersección;Bueno;Buena;Nocturna,Con luz artificial;Buen Tiempo;Múltiple;S/D;Colisión;Ninguna;Horizontal,Vertical
7312;2021;22/9/2021;Miercoles;08:10:00;Autovía Nacional 19;47.0;2;Camión c / Acoplado,Pickup/Utilitario;Ruta Nacional 19 ;3;1;0;0;1;0;Autovía;SA PEREIRA;Las Colonias;Asfalto;Natural;XI;S/D;Rural;Otra Señal;No existe;Intersección;Bueno;Buena;Diurna;Buen Tiempo;Múltiple;S/D;Colisión;Ninguna;S/D
7313;2021;22/9/2021;Miercoles;08:40:00;Autopista Provincial Brigadier E.LÓPEZ;131.0;1;Camión c / Acoplado; ;1;0;0;0;1;0;Autopista;SAUCE VIEJO;La Capital;Asfalto;Natural;I;S/D;Rural;Otra Señal;No existe;Intersección;Bueno;S/D;Diurna;Buen Tiempo;Múltiple;S/D;Colisión;Ninguna;Faltante
7314;2021;22/9/2021;Miercoles;21:00:00;;0.0;2;Peatón,Transporte de Pasajeros Urbano (> 8 asientos);Hipólito Yrigoyen Y Rivadavia;2;0;0;1;1;0;Calle;SANTA FE;La Capital;Asfalto;No existe;I;S/D;Urbana;Otra Señal;Funciona;Intersección;Bueno;S/D;Nocturna;S/D;Múltiple;Peatón;Colisión;Ninguna;Horizontal,Vertical
7315;2021;22/9/2021;Miercoles;10:30:00;;0.0;2;Automóvil,Pickup/Utilitario;Ameghino Y Balcarce;3;1;0;2;0;0;Calle;ROSARIO;Rosario;Asfalto;No existe;II;Dentro;Urbana;Otra Señal;No existe;Intersección;Bueno;Buena;Diurna;Buen Tiempo;Múltiple;S/D;Colisión;Ninguna;Faltante
7316;2021;22/9/2021;Miercoles;12:35:00;;0.0;2;Bicicleta,Automóvil;Saavedra Y Pje. Larguia;3;2;0;1;0;0;Calle;ROSARIO;Rosario;Asfalto;No existe;II;Dentro;Urbana;Otra Señal;No existe;Intersección;Bueno;Buena;Diurna;Buen Tiempo;Múltiple;Ciclista;Colisión;S/D;Faltante
7317;2021;22/9/2021;Miercoles;10:30:00;;0.0;2;Moto/Ciclomotor,Automóvil;España Y Moreno;2;1;0;1;0;0;Calle;VERA;Vera;S/D;No existe;XIX;Dentro;Urbana;Otra Señal;S/D;Intersección;S/D;S/D;Diurna;S/D;Múltiple;S/D;Colisión;S/D;S/D
7318;2021;22/9/2021;Miercoles;19:05:00;;0.0;2;Automóvil,Moto/Ciclomotor;Jujuy Y Rivadavia Bernardino;2;1;0;1;0;0;Calle;CAPITÁN BERMÚDEZ;San Lorenzo;Asfalto;No existe;XVII;Dentro;Urbana;Otra Señal;No existe;Intersección;Deteriorada;Buena;Nocturna;Buen Tiempo;Múltiple;S/D;Colisión;Ninguna;Faltante
7319;2021;22/9/2021;Miercoles;;;0.0;2;Bicicleta,Transporte de Pasajeros Urbano (> 8 asientos);Aldao Y Santa Fe;2;1;0;1;0;0;Calle;RECREO;La Capital;Asfalto;No existe;I;Dentro;Urbana;Otra Señal;No existe;Intersección;Bueno;S/D;S/D;S/D;Múltiple;Ciclista;Colisión;Ninguna;Faltante
7320;2021;22/9/2021;Miercoles;;;0.0;2;Automóvil,Moto/Ciclomotor;Av. Peñaloza Y French;2;1;0;1;0;0;Avenida;SANTA FE;La Capital;Asfalto;No existe;I;Dentro;Urbana;Otra Señal;No existe;Intersección;Bueno;Buena;Diurna;Buen Tiempo;Múltiple;S/D;Colisión;Ninguna;Horizontal
7321;2021;22/9/2021;Miercoles;10:52:00;;0.0;2;Automóvil,Moto/Ciclomotor;Lisandro de la Torre Y San Jerónimo;2;1;0;1;0;0;Calle;SANTA FE;La Capital;Asfalto;No existe;I;Dentro;Urbana;Otra Señal;No existe;Intersección;Bueno;Buena;Diurna;Buen Tiempo;Múltiple;S/D;Colisión;Ninguna;Horizontal
7322;2021;22/9/2021;Miercoles;13:00:00;Autopista Provincial Brigadier E.LÓPEZ;0.0;1;Moto/Ciclomotor;Av. Circunvalación ;1;1;0;0;0;0;Autopista;SANTA FE;La Capital;Asfalto;Natural;I;Dentro;Urbana;Otra Señal;No existe;Intersección;Bueno;S/D;S/D;S/D;Múltiple;S/D;Colisión;Ninguna;Horizontal,Vertical
7323;2021;22/9/2021;Miercoles;12:15:00;;0.0;2;Automóvil,Peatón;Calle 18-Belgrano Y Calle 9-Mariano Moreno;2;1;0;1;0;0;Calle;RECONQUISTA;General Obligado;Asfalto;No existe;IX;Dentro;Urbana;Otra Señal;No existe;Intersección;Bueno;S/D;Diurna;S/D;Múltiple;Peatón;Colisión;Ninguna;Faltante
7324;2021;22/9/2021;Miercoles;16:20:00;;0.0;2;Automóvil,Bicicleta;Calle 9-Mariano Moreno Y Calle 10-Ludueña;2;1;0;1;0;0;Calle;RECONQUISTA;General Obligado;Asfalto;No existe;IX;Dentro;Urbana;Otra Señal;No existe;Intersección;Bueno;Buena;Diurna;Buen Tiempo;Múltiple;Ciclista;Colisión;Ninguna;Faltante
7325;2021;22/9/2021;Miercoles;;;0.0;2;Automóvil,Moto/Ciclomotor;Av. Doctor E Salva Y Rosario;2;1;0;1;0;0;Avenida;RAFAELA;Castellanos;Asfalto;No existe;V;Dentro;Urbana;Otra Señal;No existe;Intersección;Bueno;S/D;Diurna;Buen Tiempo;Múltiple;S/D;Colisión;Ninguna;Vertical
7326;2021;22/9/2021;Miercoles;10:58:00;;0.0;1;Moto/Ciclomotor;España  Y MARCONI;1;1;0;0;0;0;Calle;VENADO TUERTO;General LÓPEZ;Asfalto;No existe;VIII;Dentro;Urbana;Otra Señal;Funciona;Intersección;Bueno;Buena;Diurna;Buen Tiempo;Múltiple;S/D;Colisión;Ninguna;Horizontal,Vertical
7327;2021;22/9/2021;Miercoles;07:05:00;;0.0;2;Pickup/Utilitario,Moto/Ciclomotor;Jujuy Y Liniers Santiago;2;1;0;1;0;0;Calle;VENADO TUERTO;General LÓPEZ;Asfalto;No existe;VIII;Dentro;Urbana;Otra Señal;No existe;Intersección;Bueno;Buena;Diurna;Buen Tiempo;Múltiple;S/D;Colisión;Ninguna;Faltante
7328;2021;22/9/2021;Miercoles;17:30:00;Ruta Nacional 33;641.0;2;Automóvil,Camión; ;4;1;0;3;0;0;Ruta;MURPHY;General LÓPEZ;Asfalto;Ripio;VIII;Dentro;Rural;Otra Señal;No existe;Intersección;Bueno;S/D;Diurna;S/D;Múltiple;S/D;Colisión;Ninguna;Horizontal
7329;2021;22/9/2021;Miercoles;09:20:00;Autopista Nacional Rosario -Cordoba;315.0;1;Automóvil; ;2;1;0;1;0;0;Autopista;ROLDÁN;San Lorenzo;Asfalto;Ripio;XVII;Dentro;Urbana;Otra Señal;No existe;Intersección;Bueno;Buena;Diurna;S/D;Múltiple;S/D;Colisión;Ninguna;Horizontal
7330;2021;22/9/2021;Miercoles;12:00:00;;0.0;1;Moto/Ciclomotor;Salta Y Alvear;1;1;0;0;0;0;Calle;ROSARIO;Constitución;S/D;S/D;II;S/D;S/D;Otra Señal;S/D;Intersección;S/D;S/D;Diurna;S/D;Múltiple;S/D;Colisión;S/D;S/D
7331;2021;22/9/2021;Miercoles;11:30:00;;0.0;2;Automóvil,Moto/Ciclomotor;Av. Pte. Perón Y Rio De Janeiro;2;1;0;0;0;1;Avenida;ROSARIO;Constitución;S/D;S/D;II;S/D;Urbana;Otra Señal;S/D;Intersección;S/D;S/D;Diurna;S/D;Múltiple;S/D;Colisión;S/D;S/D
7332;2021;22/9/2021;Miercoles;09:30:00;;0.0;1;Automóvil; ;2;1;0;0;0;1;S/D;FUNES;Constitución;S/D;S/D;II;S/D;S/D;Otra Señal;S/D;Intersección;S/D;S/D;Diurna;S/D;Múltiple;S/D;Colisión;S/D;S/D
7333;2021;22/9/2021;Miercoles;23:00:00;;0.0;1;Moto/Ciclomotor;Bv. Seguí Y Garzón;1;1;0;0;0;0;Calle;ROSARIO;Constitución;S/D;S/D;II;S/D;S/D;Otra Señal;S/D;Intersección;S/D;S/D;Nocturna;S/D;Múltiple;S/D;Colisión;S/D;S/D
7334;2021;22/9/2021;Miercoles;12:55:00;;0.0;1;Moto/Ciclomotor;Vera Mujica 2700;1;1;0;0;0;0;Calle;ROSARIO;Constitución;S/D;S/D;II;S/D;S/D;Otra Señal;S/D;Intersección;S/D;S/D;Diurna;S/D;Múltiple;S/D;Colisión;S/D;S/D
7335;2021;22/9/2021;Miercoles;12:30:00;;0.0;1;Automóvil;Av. Battle y Ordoñez ;1;1;0;0;0;0;Calle;ROSARIO;Constitución;S/D;S/D;II;S/D;S/D;Otra Señal;S/D;Intersección;S/D;S/D;Diurna;S/D;Múltiple;S/D;Colisión;S/D;S/D
7336;2021;22/9/2021;Miercoles;17:55:00;;0.0;2;Automóvil,Automóvil;Av. Pellegrini Y Bv. Oroño;2;1;0;0;0;1;Avenida;ROSARIO;Constitución;S/D;S/D;II;S/D;Urbana;Otra Señal;S/D;Intersección;S/D;S/D;Diurna;S/D;Múltiple;S/D;Colisión;S/D;S/D
7337;2021;22/9/2021;Miercoles;;Ruta Nacional 11;0.0;2;Moto/Ciclomotor,Automóvil;Ruta Nacional 11 Y Tierra del Fuego;2;0;0;1;0;0;Ruta;RECREO;Constitución;Asfalto;Ripio;I;Dentro;Urbana;Otra Señal;No existe;Intersección;Bueno;Buena;Diurna;Buen Tiempo;Múltiple;S/D;Colisión;Ninguna;Horizontal
7338;2021;22/9/2021;Miercoles;23:00:00;Ruta Nacional 34;219.0;2;Moto/Ciclomotor,Camión c / Acoplado;Ruta Nac 34 Gral. Güemes ;3;0;0;1;1;0;Ruta;RAFAELA;Constitución;Asfalto;No existe;V;S/D;Urbana;Otra Señal;Funciona;Intersección;Bueno;S/D;Nocturna;S/D;Múltiple;S/D;Colisión;S/D;Vertical
7339;2021;22/9/2021;Miercoles;10:10:00;;0.0;2;Camión Chasis,Moto/Ciclomotor; ;2;0;0;1;0;0;S/D;RUFINO;Constitución;S/D;S/D;VIII;S/D;S/D;Otra Señal;S/D;Intersección;S/D;S/D;S/D;S/D;Múltiple;S/D;Colisión;S/D;S/D
7340;2021;23/9/2021;Jueves;13:10:00;;0.0;2;Moto/Ciclomotor,Automóvil;Boneo Y 1ro de Mayo;2;1;0;1;0;0;Calle;SANTA FE;La Capital;Asfalto;No existe;I;Dentro;Urbana;Otra Señal;No existe;Intersección;Bueno;Buena;Diurna;Buen Tiempo;Múltiple;S/D;Colisión;Ninguna;Faltante
7341;2021;23/9/2021;Jueves;16:25:00;;0.0;2;Moto/Ciclomotor,Automóvil;J Castelli Y 1ro de Mayo;2;1;0;1;0;0;Calle;SANTA FE;La Capital;Asfalto;No existe;I;Dentro;Urbana;Otra Señal;No existe;Intersección;Bueno;Buena;Diurna;Buen Tiempo;Múltiple;S/D;Colisión;Ninguna;Faltante
7342;2021;23/9/2021;Jueves;11:00:00;Ruta Provincial 4;20.0;1;Automóvil; ;3;3;0;0;0;0;Ruta;SANTA FE;La Capital;Asfalto;Natural;I;Fuera;Rural;Otra Señal;No existe;Intersección;Bueno;Buena;Diurna;Buen Tiempo;Múltiple;S/D;Colisión;Ninguna;Horizontal
7343;2021;23/9/2021;Jueves;17:00:00;;0.0;2;Peatón,Moto/Ciclomotor;Alvear Y Salvador del Carril;2;1;0;1;0;0;Calle;SANTA FE;La Capital;Asfalto;No existe;I;Dentro;Urbana;Otra Señal;No funciona;Intersección;Bueno;Buena;Diurna;Buen Tiempo;Múltiple;Peatón;Colisión;Ninguna;Horizontal,Vertical
7344;2021;23/9/2021;Jueves;18:20:00;;0.0;2;Automóvil,Moto/Ciclomotor;Bv Poeta J Migno Y San Martin;3;1;0;2;0;0;Avenida;SAN JAVIER;San Javier;Asfalto;No existe;XIV;Dentro;Urbana;Otra Señal;No existe;Intersección;Bueno;Buena;Atardecer;Buen Tiempo;Múltiple;S/D;Colisión;Ninguna;Faltante
7345;2021;23/9/2021;Jueves;19:30:00;;0.0;2;Automóvil,Moto/Ciclomotor;Av. A del Valle Y Huergo;3;1;0;1;0;1;Avenida;SANTA FE;La Capital;Asfalto;No existe;I;Dentro;Urbana;Otra Señal;Funciona;Intersección;Bueno;Buena;Diurna;Buen Tiempo;Múltiple;S/D;Colisión;Ninguna;Vertical
7346;2021;23/9/2021;Jueves;18:00:00;Ruta Nacional 178;0.0;1;Moto/Ciclomotor;Avenida 13 Y Calle 10;1;1;0;0;0;0;Ruta;LAS PAREJAS;Belgrano;Hormigón;No existe;III;Dentro;Urbana;Otra Señal;No existe;Intersección;Bueno;Buena;Diurna;Buen Tiempo;Múltiple;S/D;Colisión;Ninguna;Horizontal,Vertical
7347;2021;23/9/2021;Jueves;12:50:00;;0.0;2;Moto/Ciclomotor,Automóvil;Calle 11 Y Calle 26;2;1;0;1;0;0;Calle;LAS PAREJAS;Belgrano;Hormigón;No existe;III;Dentro;Urbana;Otra Señal;No existe;Intersección;Bueno;Buena;Diurna;Buen Tiempo;Múltiple;S/D;Colisión;Ninguna;Faltante
7348;2021;23/9/2021;Jueves;16:00:00;;0.0;2;Peatón,Automóvil;1ro de Mayo Y Bv Pellegrini;2;1;0;1;0;0;Avenida;SANTA FE;La Capital;Asfalto;No existe;I;Dentro;Urbana;Otra Señal;Funciona;Intersección;Bueno;Buena;Diurna;Buen Tiempo;Múltiple;Peatón;Colisión;Ninguna;Vertical
7349;2021;23/9/2021;Jueves;14:30:00;;0.0;2;Moto/Ciclomotor,Automóvil;Av. López y Planes Y Pedro Diaz Colodrero;2;1;0;1;0;0;Avenida;SANTA FE;La Capital;Asfalto;No existe;I;Dentro;Urbana;Otra Señal;Funciona;Intersección;Bueno;Buena;Diurna;Buen Tiempo;Múltiple;S/D;Colisión;Ninguna;Horizontal,Vertical
7350;2021;23/9/2021;Jueves;09:00:00;;0.0;2;Moto/Ciclomotor,Automóvil;Ayacucho Y Bv. Seguí;3;1;0;2;0;0;Avenida;ROSARIO;Rosario;Asfalto;No existe;II;Dentro;Urbana;Otra Señal;No existe;Intersección;Bueno;Buena;Diurna;Buen Tiempo;Múltiple;S/D;Colisión;Ninguna;Faltante
7351;2021;23/9/2021;Jueves;09:15:00;;0.0;2;Moto/Ciclomotor,Pickup/Utilitario;Av. Uriburu Y Mitre;4;2;0;2;0;0;Avenida;ROSARIO;Rosario;Asfalto;No existe;II;Dentro;Urbana;Otra Señal;No existe;Intersección;Bueno;Buena;Diurna;Buen Tiempo;Múltiple;S/D;Colisión;Ninguna;Horizontal,Vertical
7352;2021;23/9/2021;Jueves;11:00:00;Ruta Nacional 168;0.0;2;Moto/Ciclomotor,Automóvil;Ruta Nac 168 472;3;2;0;1;0;0;Ruta;SANTA FE;La Capital;Hormigón;Natural;I;Dentro;Urbana;Otra Señal;No existe;Intersección;Con baches;Buena;Diurna;Buen Tiempo;Múltiple;S/D;Colisión;Ninguna;Vertical
7353;2021;23/9/2021;Jueves;12:30:00;;0.0;2;Moto/Ciclomotor,Automóvil;Av. Francia Y Aurora;2;1;0;0;0;1;Avenida;ROSARIO;Rosario;Asfalto;No existe;II;Dentro;Urbana;Otra Señal;No existe;Intersección;Bueno;Buena;Diurna;Buen Tiempo;Múltiple;S/D;Colisión;Ninguna;Faltante
7354;2021;23/9/2021;Jueves;18:20:00;Autopista Nacional A008;0.0;2;Automóvil,Peatón;Av. Circunvalación Y Av. Ovidio Lagos;2;0;0;1;0;0;Autopista;ROSARIO;Rosario;Asfalto;Pavimento;II;Dentro;Urbana;Otra Señal;No existe;Intersección;Bueno;Buena;Atardecer;Buen Tiempo;Múltiple;Peatón;Colisión;Ninguna;Horizontal,Vertical
7355;2021;23/9/2021;Jueves;19:10:00;;0.0;2;Moto/Ciclomotor,Automóvil;Av. De Las Palmeras 3800;3;2;0;1;0;0;Avenida;ROSARIO;Rosario;Asfalto;No existe;II;Dentro;Urbana;Otra Señal;No existe;Intersección;Bueno;Buena;Diurna;Buen Tiempo;Múltiple;S/D;Colisión;Ninguna;Faltante
7356;2021;23/9/2021;Jueves;;Ruta Nacional 34;386.0;2;Moto/Ciclomotor,Pickup/Utilitario; ;3;2;0;1;0;0;Ruta;CERES;San CRISTÓBAL;Asfalto;Natural;XIII;Dentro;Urbana;Otra Señal;No existe;Intersección;Bueno;Buena;Diurna;Buen Tiempo;Múltiple;S/D;Colisión;Ninguna;Horizontal
7357;2021;23/9/2021;Jueves;22:10:00;;0.0;2;Automóvil,Moto/Ciclomotor;Hipólito Irigoyen Y Sarmiento;2;1;0;1;0;0;Calle;SAN CRISTÓBAL;San CRISTÓBAL;Asfalto;No existe;XIII;Dentro;Urbana;Otra Señal;No existe;Intersección;Bueno;Buena;Nocturna;Buen Tiempo;Múltiple;S/D;Colisión;Ninguna;Faltante
7358;2021;23/9/2021;Jueves;09:10:00;;0.0;2;Bicicleta,Automóvil;España Y Riobamba;2;1;0;1;0;0;Calle;ROSARIO;Rosario;Asfalto;No existe;II;Dentro;Urbana;Otra Señal;No existe;Intersección;Bueno;Buena;Diurna;Buen Tiempo;Múltiple;Ciclista;Colisión;Ninguna;Faltante
7359;2021;23/9/2021;Jueves;18:30:00;Ruta Provincial 70;59.0;2;Moto/Ciclomotor,Pickup/Utilitario; ;2;1;0;1;0;0;Ruta;NUEVO TORINO;Las Colonias;Asfalto;Natural;XI;Dentro;Rural;Otra Señal;No existe;Intersección;Bueno;Buena;Diurna;Buen Tiempo;Múltiple;S/D;Colisión;Ninguna;Horizontal
7360;2021;23/9/2021;Jueves;16:30:00;;0.0;1;Moto/Ciclomotor; ;2;2;0;0;0;0;S/D;GÁLVEZ;San JERÓNIMO;S/D;S/D;XV;S/D;S/D;Otra Señal;S/D;Intersección;S/D;S/D;S/D;S/D;Múltiple;S/D;Colisión;S/D;S/D
7361;2021;23/9/2021;Jueves;;;0.0;2;Automóvil,Moto/Ciclomotor; ;2;1;0;1;0;0;S/D;MELINCUÉ;General LÓPEZ;S/D;S/D;VIII;S/D;S/D;Otra Señal;S/D;Intersección;S/D;S/D;Diurna;S/D;Múltiple;S/D;Colisión;S/D;S/D
7362;2021;23/9/2021;Jueves;00:00:00;;0.0;1;Moto/Ciclomotor;Av. Fray Luis Beltrán Y Maestra Barragán - Ex Bs.As.;2;1;0;0;0;1;Avenida;FRAY LUIS BELTRÁN;San Lorenzo;Ripio;No existe;XVII;Dentro;Urbana;Otra Señal;No existe;Intersección;Deteriorada;S/D;Nocturna;S/D;Múltiple;S/D;Colisión;S/D;Faltante
7363;2021;23/9/2021;Jueves;22:00:00;;0.0;2;Moto/Ciclomotor,Moto/Ciclomotor;Belgrano Y 1 de Mayo;3;1;0;2;0;0;Calle;CARCARAÑÁ;San Lorenzo;Asfalto;No existe;XVII;Dentro;Urbana;Otra Señal;No existe;Intersección;Bueno;Buena;Nocturna,Con luz artificial;Buen Tiempo;Múltiple;S/D;Colisión;Ninguna;Vertical
7364;2021;23/9/2021;Jueves;12:05:00;;0.0;1;Moto/Ciclomotor;Av. Dr. Luis Chapuis Y Manuel Vicente Manzano;3;3;0;0;0;0;Avenida;VENADO TUERTO;General LÓPEZ;Asfalto;No existe;VIII;Dentro;Urbana;Otra Señal;No existe;Intersección;Bueno;S/D;Diurna;S/D;Múltiple;S/D;Colisión;Ninguna;Faltante
7365;2021;23/9/2021;Jueves;07:35:00;;0.0;2;Automóvil,Bicicleta;Bartolomé Mitre Y Mariano Moreno;2;1;0;1;0;0;Avenida;VENADO TUERTO;General LÓPEZ;Asfalto;No existe;VIII;Dentro;Urbana;Otra Señal;No existe;Intersección;Bueno;Buena;Diurna;S/D;Múltiple;Ciclista;Colisión;Ninguna;Faltante
7366;2021;23/9/2021;Jueves;;;0.0;1;Automóvil; ;1;1;0;0;0;0;Camino Rural;LEHMANN;Castellanos;Tierra;S/D;V;Dentro;Rural;Otra Señal;S/D;Intersección;S/D;S/D;Nocturna;S/D;Múltiple;S/D;Colisión;S/D;S/D
7367;2021;23/9/2021;Jueves;;;0.0;1;Moto/Ciclomotor;Callao Y Libertad;1;1;0;0;0;0;Calle;CAÑADA DE GÓMEZ;Iriondo;S/D;S/D;X;Dentro;Urbana;Otra Señal;S/D;Intersección;S/D;S/D;S/D;S/D;Múltiple;S/D;Colisión;S/D;S/D
7368;2021;23/9/2021;Jueves;09:35:00;;0.0;3;Taxi/Remis,Bicicleta,Bicicleta;San Carlos Y Urquiza;5;2;0;3;0;0;Calle;SAN LORENZO;San Lorenzo;Asfalto;No existe;XVII;Dentro;Urbana;Otra Señal;No existe;Intersección;Bueno;Buena;Diurna;Buen Tiempo;Múltiple;Ciclista;Colisión;Ninguna;Horizontal
7369;2021;23/9/2021;Jueves;20:20:00;Ruta Provincial 2;0.0;2;Moto/Ciclomotor,Moto/Ciclomotor;Lisandro de la Torre Y Tucumán;4;2;0;1;0;0;Ruta;SANTA FE;Constitución;Asfalto;Ripio;I;Dentro;Urbana;Otra Señal;No existe;Intersección;Bueno;Buena;Diurna;Buen Tiempo;Múltiple;S/D;Colisión;Ninguna;Faltante
7370;2021;23/9/2021;Jueves;07:35:00;Ruta Nacional 34;0.0;2;Moto/Ciclomotor,Camión c / Acoplado;Calle 34 Y Calle s /n;2;0;0;1;0;0;Ruta;RECONQUISTA;Constitución;Asfalto;Pavimento;IX;Dentro;Urbana;Otra Señal;Funciona;Intersección;Bueno;Buena;Diurna;Buen Tiempo;Múltiple;S/D;Colisión;Ninguna;Horizontal,Vertical
7371;2021;23/9/2021;Jueves;09:00:00;Ruta Provincial 22;29.7;2;Automóvil,Pickup/Utilitario;Ruta Provincial N 22 ;4;1;0;1;1;0;Ruta;CORONEL FRAGA;Constitución;Asfalto;Natural;V;S/D;Urbana;Otra Señal;No existe;Intersección;Bueno;Buena;Diurna;Niebla;Múltiple;S/D;Colisión;Ninguna;Faltante
7372;2021;23/9/2021;Jueves;19:40:00;;0.0;2;Moto/Ciclomotor,Automóvil;Ayacucho Y Centeno;3;1;0;1;0;0;Calle;ROSARIO;Constitución;Asfalto;No existe;II;Dentro;Urbana;Otra Señal;No existe;Intersección;Bueno;Buena;Atardecer,Con luz artificial;Buen Tiempo;Múltiple;S/D;Colisión;Ninguna;Faltante
7373;2021;23/9/2021;Jueves;19:00:00;;0.0;2;Automóvil,Bicicleta;Rivadavia Y Urquiza;2;0;0;1;0;0;Calle;PIAMONTE;Constitución;Asfalto;Pavimento;XVIII;Dentro;Urbana;Otra Señal;No existe;Intersección;Bueno;Buena;Atardecer;Buen Tiempo;Múltiple;Ciclista;Colisión;Ninguna;Faltante
7374;2021;23/9/2021;Jueves;;;0.0;2;Pickup/Utilitario,Moto/Ciclomotor;COLON Y 9 DE JULIO;2;0;0;1;0;0;Calle;COLONIA ALDAO;Constitución;Asfalto;No existe;V;Dentro;Urbana;Otra Señal;No existe;Intersección;Bueno;S/D;S/D;S/D;Múltiple;S/D;Colisión;Ninguna;S/D
7375;2021;23/9/2021;Jueves;17:50:00;;0.0;2;Automóvil,Moto/Ciclomotor;Irigoyen 3600;2;0;0;1;0;0;Calle;SAN LORENZO;Constitución;Asfalto;No existe;XVI;Dentro;Urbana;Otra Señal;No existe;Intersección;Bueno;S/D;Diurna;S/D;Múltiple;S/D;Colisión;Ninguna;S/D
7376;2021;23/9/2021;Jueves;;;0.0;1;Moto/Ciclomotor; ;1;0;0;0;0;0;S/D;ROSARIO;Rosario;S/D;S/D;II;S/D;S/D;Otra Señal;S/D;Intersección;S/D;S/D;S/D;S/D;Múltiple;S/D;Colisión;S/D;S/D
7377;2021;23/9/2021;Jueves;21:50:00;Autopista Nacional A008;0.0;2;Moto/Ciclomotor,Camión Chasis;Av. Circunvalación Y Av. Ovidio Lagos;3;0;0;1;0;0;Autopista;ROSARIO;Rosario;Asfalto;Pavimento;II;Dentro;Urbana;Otra Señal;Funciona;Intersección;Bueno;Buena;Nocturna,Con luz artificial;Buen Tiempo;Múltiple;S/D;Colisión;Ninguna;Horizontal,Vertical
7378;2021;24/9/2021;Viernes;21:30:00;;0.0;2;Automóvil,Moto/Ciclomotor;4 de enero Y  Frenguelli;2;1;0;1;0;0;Calle;SANTO TOMÉ;La Capital;Tierra;No existe;I;Dentro;Urbana;Otra Señal;No existe;Intersección;Bueno;Buena;Diurna;Buen Tiempo;Múltiple;S/D;Colisión;Ninguna;Faltante