ID_Accidente;A�o;Fecha;Dia;Hopra;Ruta/Autop;km;Participantes;Tipo;Lugar;Total;Heridos Leves;Heridos Graves;Ilesos;Fallecidos;Sin datos;desc_tipo_via;desc_loc;desc_dpto;|;desc_tipo_banquina;desc_unidad_regional;desc_lugar_calzada;desc_zona;desc_prioridad;desc_estado_semaforo;desc_lugar_via;desc_estado_via;desc_estado_visibilidad;desc_luminosidad;desc_estado_clima;desc_tipo_colision;desc_tipo_atropello;desc_tipo_hecho;desc_pres_calzada;desc_senializacion
7379;2021;24/9/2021;Viernes;13:35:00;;0.0;2;Automóvil,Moto/Ciclomotor;J Macia Y Martin Zavalla;2;1;0;1;0;0;Calle;SANTO TOMÉ;La Capital;Asfalto;No existe;I;Dentro;Urbana;Otra Señal;No existe;Intersección;Bueno;Buena;Diurna;Buen Tiempo;Múltiple;S/D;Colisión;Ninguna;Faltante
7380;2021;24/9/2021;Viernes;08:20:00;;0.0;2;Automóvil,Automóvil;Laprida Y Pje Calcena;2;1;0;1;0;0;Calle;SANTA FE;La Capital;Asfalto;No existe;I;Dentro;Urbana;Otra Señal;No existe;Intersección;Bueno;Buena;Diurna;Buen Tiempo;Múltiple;S/D;Colisión;Ninguna;Horizontal
7381;2021;24/9/2021;Viernes;20:50:00;Ruta Provincial 1;5.0;1;Moto/Ciclomotor; ;1;1;0;0;0;0;Ruta;COLASTINE;La Capital;Asfalto;Natural;XIV;Dentro;Urbana;Otra Señal;No existe;Intersección;Bueno;Reducida;Nocturna;Buen Tiempo;Múltiple;S/D;Colisión;Ninguna;Horizontal
7382;2021;24/9/2021;Viernes;09:40:00;Ruta Provincial 6;0.0;2;Moto/Ciclomotor,Moto/Ciclomotor;Entre Ríos Y San Martin;2;1;0;1;0;0;Ruta;SAN CARLOS CENTRO;Las Colonias;Asfalto;No existe;XI;Dentro;Urbana;Otra Señal;No existe;Intersección;Bueno;Buena;Diurna;Buen Tiempo;Múltiple;S/D;Colisión;Ninguna;Faltante
7383;2021;24/9/2021;Viernes;23:15:00;;0.0;2;Automóvil,Automóvil;Alvear Y Llerena;2;1;0;1;0;0;Calle;SANTA FE;La Capital;Asfalto;No existe;I;Dentro;Urbana;Otra Señal;No existe;Intersección;Bueno;Buena;Nocturna;Buen Tiempo;Múltiple;S/D;Colisión;Ninguna;Faltante
7384;2021;24/9/2021;Viernes;15:30:00;Ruta Provincial 95;873.0;1;Pickup/Utilitario; ;2;1;0;1;0;0;Ruta;VILLA MINETTI;9 de Julio;Asfalto;Natural;XII;Fuera;Rural;Otra Señal;No existe;Intersección;Ahuellamiento;Buena;Diurna;Buen Tiempo;Múltiple;S/D;Colisión;Ninguna;Horizontal
7385;2021;24/9/2021;Viernes;18:40:00;;0.0;2;Automóvil,Moto/Ciclomotor;25 de Mayo Y Lisandro de la Torre;2;1;0;1;0;0;Calle;SANTA FE;La Capital;Asfalto;No existe;I;Dentro;Urbana;Otra Señal;No existe;Intersección;Bueno;Buena;Diurna;Buen Tiempo;Múltiple;S/D;Colisión;Ninguna;Horizontal
7386;2021;24/9/2021;Viernes;11:30:00;;0.0;2;Moto/Ciclomotor,Pickup/Utilitario;San Martin Y Virasoro;3;1;0;2;0;0;Calle;ROSARIO;Rosario;Asfalto;No existe;II;Dentro;Urbana;Otra Señal;No existe;Intersección;Bueno;Buena;Diurna;Buen Tiempo;Múltiple;S/D;Colisión;Ninguna;Horizontal,Vertical
7387;2021;24/9/2021;Viernes;00:35:00;;0.0;2;Automóvil,Moto/Ciclomotor;Av. Battle y Ordoñez Y Laprida;2;0;0;1;1;0;Avenida;ROSARIO;Rosario;Asfalto;No existe;II;Dentro;Urbana;Otra Señal;Funciona;Intersección;Bueno;Buena;Nocturna,Con luz artificial;Buen Tiempo;Múltiple;S/D;Colisión;Ninguna;Horizontal,Vertical
7388;2021;24/9/2021;Viernes;19:00:00;;0.0;2;Automóvil,Automóvil;Bv. Seguí Y Mitre;2;1;0;1;0;0;Avenida;ROSARIO;Rosario;Asfalto;No existe;II;Dentro;Urbana;Otra Señal;No existe;Intersección;Bueno;Buena;Atardecer;Buen Tiempo;Múltiple;S/D;Colisión;Ninguna;Horizontal
7389;2021;24/9/2021;Viernes;09:40:00;;0.0;2;Moto/Ciclomotor,Peatón;Av. J J Paso Y Saavedra;2;1;0;1;0;0;Avenida;SANTA FE;La Capital;Asfalto;No existe;I;Dentro;Urbana;Otra Señal;No existe;Intersección;Bueno;Buena;Diurna;Buen Tiempo;Múltiple;Peatón;Colisión;Ninguna;Vertical
7390;2021;24/9/2021;Viernes;13:50:00;;0.0;2;Peatón,Tren;F.More 230;2;1;0;1;0;0;Calle;ROSARIO;Rosario;Asfalto;No existe;II;Dentro;Urbana;Otra Señal;No existe;Intersección;S/D;S/D;Diurna;S/D;Múltiple;Peatón;Colisión;S/D;Vertical
7391;2021;24/9/2021;Viernes;10:10:00;;0.0;2;Moto/Ciclomotor,Automóvil;AV. JORGE NEWBERY Y LOS ALERCES;2;1;0;1;0;0;Avenida;ROSARIO;Rosario;Asfalto;No existe;II;Dentro;Urbana;Otra Señal;No funciona;Intersección;Bueno;Buena;Diurna;S/D;Múltiple;S/D;Colisión;Ninguna;Vertical
7392;2021;24/9/2021;Viernes;11:40:00;;0.0;2;Moto/Ciclomotor,Automóvil;J.J.Paso Y Larrea;2;1;0;0;0;1;Calle;ROSARIO;Rosario;Asfalto;No existe;II;Dentro;Urbana;Otra Señal;No existe;Intersección;Bueno;Buena;Diurna;Buen Tiempo;Múltiple;S/D;Colisión;Ninguna;Faltante
7393;2021;24/9/2021;Viernes;15:40:00;;0.0;2;Moto/Ciclomotor,Moto/Ciclomotor;Benítez Y Dean Funes;4;1;0;0;0;3;Calle;ROSARIO;Rosario;Asfalto;No existe;II;Dentro;Urbana;Otra Señal;No existe;Intersección;Bueno;Buena;Diurna;Buen Tiempo;Múltiple;S/D;Colisión;Ninguna;Faltante
7394;2021;24/9/2021;Viernes;16:15:00;;0.0;2;Moto/Ciclomotor,Pickup/Utilitario;Italia Y Ocampo;2;1;0;1;0;0;Calle;ROSARIO;Rosario;Asfalto;No existe;II;Dentro;Urbana;Otra Señal;No existe;Intersección;S/D;S/D;Diurna;S/D;Múltiple;S/D;Colisión;S/D;Vertical
7395;2021;24/9/2021;Viernes;14:30:00;;0.0;2;Bicicleta,Automóvil;Balcarce Y E.Zeballos;2;1;0;1;0;0;Calle;ROSARIO;Rosario;Asfalto;No existe;II;Dentro;Urbana;Otra Señal;No existe;Intersección;Bueno;Buena;Diurna;Buen Tiempo;Múltiple;Ciclista;Colisión;Ninguna;Horizontal
7396;2021;24/9/2021;Viernes;08:40:00;;0.0;2;Moto/Ciclomotor,Automóvil;Gálvez Y Sarmiento;3;1;0;2;0;0;Calle;ROSARIO;Rosario;Asfalto;No existe;II;Dentro;Urbana;Otra Señal;No existe;Intersección;Bueno;Buena;Diurna;Buen Tiempo;Múltiple;S/D;Colisión;Ninguna;Faltante
7397;2021;24/9/2021;Viernes;11:15:00;;0.0;1;Automóvil;Junín Y Mar del Plata;2;1;0;1;0;0;Calle;ROSARIO;Rosario;Asfalto;No existe;II;Dentro;Urbana;Otra Señal;No existe;Intersección;Bueno;Buena;Diurna;Buen Tiempo;Múltiple;S/D;Colisión;Ninguna;Faltante
7398;2021;24/9/2021;Viernes;01:20:00;;0.0;2;Peatón,Tren;AV. DE LAS PALMERAS Y EL CHAJA;2;0;0;1;1;0;Avenida;ROSARIO;Rosario;Asfalto,Tierra;No existe;II;S/D;Urbana;Otra Señal;No existe;Intersección;Bueno;S/D;Nocturna;S/D;Múltiple;Peatón;Colisión;Ninguna;Faltante
7399;2021;24/9/2021;Viernes;;;0.0;2;Moto/Ciclomotor,Automóvil;Buenos Aires 4129;4;1;0;3;0;0;Calle;CASILDA;Caseros;Asfalto;No existe;IV;Dentro;Urbana;Otra Señal;No existe;Intersección;Bueno;Buena;Diurna;Buen Tiempo;Múltiple;S/D;Colisión;Ninguna;Faltante
7400;2021;24/9/2021;Viernes;;;0.0;2;Peatón,Moto/Ciclomotor; ;2;1;0;1;0;0;S/D;ROSARIO;Rosario;S/D;S/D;II;S/D;Urbana;Otra Señal;S/D;Intersección;S/D;S/D;S/D;S/D;Múltiple;Peatón;Colisión;S/D;S/D
7401;2021;24/9/2021;Viernes;21:00:00;;0.0;1;Moto/Ciclomotor;Italia 570;1;1;0;0;0;0;Calle;VENADO TUERTO;General LÓPEZ;Asfalto;No existe;VIII;Dentro;Urbana;Otra Señal;No existe;Intersección;Bueno;S/D;Nocturna,Con luz artificial;Buen Tiempo;Múltiple;S/D;Colisión;Ninguna;Faltante
7402;2021;24/9/2021;Viernes;19:30:00;Ruta Nacional 11;0.0;1;Moto/Ciclomotor;Calle 21-Gdor. Iriondo Y Ruta Nacional 11;1;1;0;0;0;0;Ruta;RECONQUISTA;General Obligado;Asfalto;No existe;IX;Dentro;Urbana;Otra Señal;No existe;Intersección;Bueno;S/D;Nocturna,Con luz artificial;S/D;Múltiple;S/D;Colisión;Ninguna;Horizontal,Vertical
7403;2021;24/9/2021;Viernes;09:00:00;;0.0;2;Automóvil,Moto/Ciclomotor;Calle 15 Y Calle 32;2;1;0;1;0;0;Calle;AVELLANEDA;General Obligado;Asfalto;No existe;IX;Dentro;Urbana;Otra Señal;No existe;Intersección;Bueno;S/D;Diurna;S/D;Múltiple;S/D;Colisión;Ninguna;Faltante
7404;2021;24/9/2021;Viernes;07:00:00;Ruta Nacional 34;260.0;1;Camión c / Acoplado; ;1;1;0;0;0;0;Ruta;SUNCHALES;Castellanos;Asfalto;Ripio;V;Dentro;Urbana;Otra Señal;No existe;Intersección;Bueno;Buena;Diurna;S/D;Múltiple;S/D;Colisión;Ninguna;Faltante
7405;2021;24/9/2021;Viernes;15:10:00;;0.0;2;Moto/Ciclomotor,Automóvil;Av. Fray Luis Beltrán Y Maestra Barragán - Ex Bs.As.;3;1;0;2;0;0;Avenida;FRAY LUIS BELTRÁN;San Lorenzo;Asfalto;No existe;XVII;Dentro;Urbana;Otra Señal;No existe;Intersección;Bueno;Buena;Diurna;Otro;Múltiple;S/D;Colisión;Ninguna;Faltante
7406;2021;24/9/2021;Viernes;;;0.0;2;Moto/Ciclomotor,Automóvil;Alvear Y I A Edison;3;2;0;1;0;0;Calle;VILLA GOBERNADOR GÁLVEZ;Rosario;Asfalto;No existe;II;Dentro;Urbana;Otra Señal;No existe;Intersección;Bueno;Buena;Diurna;Buen Tiempo;Múltiple;S/D;Colisión;Ninguna;Faltante
7407;2021;24/9/2021;Viernes;20:25:00;;0.0;1;Moto/Ciclomotor;AV. COLOMBRES Y VIRGEN DEL LUJAN;1;1;0;0;0;0;Avenida;VILLA GUILLERMINA;Constitución;Asfalto;Pavimento;IX;Dentro;Urbana;Otra Señal;No existe;Intersección;Bueno;Buena;Nocturna,Con luz artificial;Buen Tiempo;Múltiple;S/D;Colisión;Ninguna;Faltante
7408;2021;24/9/2021;Viernes;00:00:00;;0.0;1;Peatón;Salta Y Paraguay;1;1;0;0;0;0;Calle;ROSARIO;Constitución;S/D;S/D;II;S/D;S/D;Otra Señal;S/D;Intersección;S/D;S/D;Nocturna;S/D;Múltiple;Peatón;Colisión;S/D;S/D
7409;2021;24/9/2021;Viernes;10:30:00;;0.0;1;Moto/Ciclomotor;San Martin Y Virasoro;1;1;0;0;0;0;S/D;ROSARIO;Constitución;S/D;S/D;II;S/D;S/D;Otra Señal;S/D;Intersección;S/D;S/D;Diurna;S/D;Múltiple;S/D;Colisión;S/D;S/D
7410;2021;24/9/2021;Viernes;23:00:00;;0.0;2;Automóvil,Moto/Ciclomotor;Montevideo Y Balcarce;2;1;0;0;0;1;Calle;ROSARIO;Constitución;S/D;S/D;II;S/D;Urbana;Otra Señal;S/D;Intersección;S/D;S/D;Nocturna;S/D;Múltiple;S/D;Colisión;S/D;S/D
7411;2021;24/9/2021;Viernes;21:00:00;;0.0;1;Automóvil; ;2;1;0;0;0;1;S/D;ROSARIO;Constitución;S/D;S/D;II;S/D;S/D;Otra Señal;S/D;Intersección;S/D;S/D;Nocturna;S/D;Múltiple;S/D;Colisión;S/D;S/D
7412;2021;24/9/2021;Viernes;08:00:00;;0.0;1;Moto/Ciclomotor;Av. Ovidio Lagos Y Bv. Seguí;1;1;0;0;0;0;Avenida;ROSARIO;Constitución;S/D;S/D;II;S/D;Urbana;Otra Señal;S/D;Intersección;S/D;S/D;Diurna;S/D;Múltiple;S/D;Colisión;S/D;S/D
7413;2021;24/9/2021;Viernes;22:00:00;;0.0;2;Automóvil,Moto/Ciclomotor; ;2;1;0;0;0;1;S/D;ROSARIO;Constitución;S/D;S/D;II;S/D;S/D;Otra Señal;S/D;Intersección;S/D;S/D;Nocturna;S/D;Múltiple;S/D;Colisión;S/D;S/D
7414;2021;24/9/2021;Viernes;10:00:00;Ruta Nacional 11;462.0;1;Moto/Ciclomotor;PUENTE CARRETERO SANTA FE - SANTO TOME ;1;0;0;0;0;0;Ruta;SANTA FE;Constitución;Asfalto;No existe;I;Dentro;Urbana;Otra Señal;No existe;Intersección;Bueno;Buena;Diurna;Buen Tiempo;Múltiple;S/D;Colisión;Ninguna;Horizontal
7415;2021;24/9/2021;Viernes;20:40:00;;0.0;2;Automóvil,Moto/Ciclomotor;Almirante Brown Y San Luis;2;0;0;1;0;0;Calle;SAN JORGE;Constitución;Asfalto;No existe;XVIII;Dentro;Urbana;Otra Señal;No existe;Intersección;Bueno;Buena;Nocturna;Buen Tiempo;Múltiple;S/D;Colisión;Ninguna;Vertical
7416;2021;24/9/2021;Viernes;14:30:00;;0.0;2;Otros,Peatón;Larrea Y Montevideo;2;0;0;0;0;1;Calle;ROSARIO;Rosario;Asfalto;No existe;II;Dentro;Urbana;Otra Señal;No existe;Intersección;S/D;S/D;Diurna;S/D;Múltiple;Peatón;Colisión;S/D;Faltante
7417;2021;24/9/2021;Viernes;00:30:00;;0.0;2;Moto/Ciclomotor,Moto/Ciclomotor;Cervantes Y Luis Maggi;3;1;0;0;0;0;Calle;RAFAELA;Castellanos;Asfalto;No existe;V;Dentro;Urbana;Otra Señal;No existe;Intersección;Bueno;S/D;Nocturna;S/D;Múltiple;S/D;Colisión;Ninguna;Horizontal
7418;2021;25/9/2021;Sabado;04:00:00;;0.0;2;Moto/Ciclomotor,Moto/Ciclomotor;Estanislao Zeballos Y 4 de Enero;3;2;0;1;0;0;Calle;SANTA FE;La Capital;Asfalto;No existe;I;Dentro;Urbana;Otra Señal;No existe;Intersección;Bueno;Buena;Nocturna;Buen Tiempo;Múltiple;S/D;Colisión;Ninguna;Faltante
7419;2021;25/9/2021;Sabado;18:35:00;Ruta Nacional 11;0.0;2;Automóvil,Moto/Ciclomotor;Juan Diaz De Solís Y Ruta Nac 11;2;1;0;1;0;0;Ruta;SAUCE VIEJO;La Capital;Asfalto;Ripio;I;Dentro;Urbana;Otra Señal;No existe;Intersección;Bueno;Buena;Diurna;Buen Tiempo;Múltiple;S/D;Colisión;Ninguna;Horizontal
7420;2021;25/9/2021;Sabado;22:00:00;Ruta Provincial 2;0.0;2;Automóvil,Moto/Ciclomotor;Av. Pte. Perón 2400;2;1;0;1;0;0;Ruta;LAGUNA PAIVA;La Capital;Asfalto;No existe;I;Dentro;Urbana;Otra Señal;No existe;Intersección;Bueno;Buena;Nocturna,Con luz artificial;Buen Tiempo;Múltiple;S/D;Colisión;Ninguna;Faltante
7421;2021;25/9/2021;Sabado;02:10:00;;0.0;1;Moto/Ciclomotor;Calle 17-Bartolome Mitre Y Roca Pte.;1;1;0;0;0;0;Calle;RECONQUISTA;General Obligado;Asfalto;No existe;IX;Dentro;Urbana;Otra Señal;No existe;Intersección;Bueno;Buena;Diurna;Buen Tiempo;Múltiple;S/D;Colisión;Ninguna;Horizontal
7422;2021;25/9/2021;Sabado;20:50:00;;0.0;2;Moto/Ciclomotor,Automóvil;Calle 23-Gral López Y Calle 4 - Ledesma;2;1;0;1;0;0;Calle;RECONQUISTA;General Obligado;Asfalto;No existe;IX;Dentro;Urbana;Otra Señal;No existe;Intersección;Bueno;Buena;Diurna;Buen Tiempo;Múltiple;S/D;Colisión;Ninguna;Faltante
7423;2021;25/9/2021;Sabado;20:05:00;;0.0;2;Moto/Ciclomotor,Automóvil;Córdoba Y Saavedra;2;1;0;1;0;0;Calle;SAN CARLOS CENTRO;Las Colonias;Ripio;No existe;XI;Dentro;Urbana;Otra Señal;No existe;Intersección;Bueno;Buena;Diurna;Buen Tiempo;Múltiple;S/D;Colisión;Ninguna;Faltante
7424;2021;25/9/2021;Sabado;;Autopista Provincial Brigadier E.LÓPEZ;154.0;2;Automóvil,Automóvil; ;2;0;0;0;0;2;Autopista;SANTA FE;La Capital;Asfalto;Ripio;I;Dentro;Urbana;Otra Señal;No existe;Intersección;Bueno;Buena;Diurna;Buen Tiempo;Múltiple;S/D;Colisión;Ninguna;Horizontal,Vertical
7425;2021;25/9/2021;Sabado;13:30:00;;0.0;2;Moto/Ciclomotor,Automóvil;Av. López y Planes 3960;3;2;0;0;0;1;Calle;SANTA FE;La Capital;Asfalto;No existe;I;Dentro;Urbana;Otra Señal;No existe;Intersección;Bueno;Buena;Diurna;Buen Tiempo;Múltiple;S/D;Colisión;Ninguna;Horizontal,Vertical
7426;2021;25/9/2021;Sabado;13:10:00;;0.0;2;Moto/Ciclomotor,Automóvil;Bv. Oroño Y Gaboto;3;1;0;2;0;0;Avenida;ROSARIO;Rosario;Asfalto;No existe;II;Dentro;Urbana;Otra Señal;Funciona;Intersección;Bueno;Buena;Diurna;Buen Tiempo;Múltiple;S/D;Colisión;Ninguna;Horizontal,Vertical
7427;2021;25/9/2021;Sabado;21:10:00;;0.0;2;Automóvil,Moto/Ciclomotor;Av. Battle y Ordoñez Y Buenos Aires;3;2;0;1;0;0;Avenida;ROSARIO;Rosario;Asfalto;No existe;II;Dentro;Urbana;Otra Señal;No existe;Intersección;Bueno;Buena;Nocturna,Con luz artificial;Buen Tiempo;Múltiple;S/D;Colisión;Ninguna;Horizontal,Vertical
7428;2021;25/9/2021;Sabado;13:00:00;;0.0;2;Moto/Ciclomotor,Automóvil;Av. Mosconi Y Juan de Garay;3;1;0;2;0;0;Avenida;SANTA FE;La Capital;Asfalto;No existe;I;Dentro;Urbana;Otra Señal;No existe;Intersección;Bueno;Buena;Diurna;Buen Tiempo;Múltiple;S/D;Colisión;Ninguna;Faltante
7429;2021;25/9/2021;Sabado;21:25:00;Autopista Nacional A007;0.0;2;Automóvil,Pickup/Utilitario;Av. Circunvalación Y Intendente Manuel Irigoyen;3;1;0;2;0;0;Autopista;SANTA FE;La Capital;Asfalto;Natural;I;Dentro;Urbana;Otra Señal;No existe;Intersección;Bueno;Buena;Nocturna;Buen Tiempo;Múltiple;S/D;Colisión;Ninguna;Faltante
7430;2021;25/9/2021;Sabado;12:00:00;;0.0;2;Automóvil,Moto/Ciclomotor;Colombia Y Viamonte;2;1;0;1;0;0;Calle;ROSARIO;Rosario;Asfalto;No existe;II;Dentro;Urbana;Otra Señal;No existe;Intersección;Bueno;Buena;Diurna;Buen Tiempo;Múltiple;S/D;Colisión;Ninguna;Faltante
7431;2021;25/9/2021;Sabado;12:10:00;Ruta Nacional 11;166.0;1;Moto/Ciclomotor; ;1;1;0;0;0;0;Ruta;RECREO;La Capital;Asfalto;Pavimento;I;Dentro;Rural;Otra Señal;No existe;Intersección;Bueno;Buena;Diurna;Buen Tiempo;Múltiple;S/D;Colisión;Ninguna;Horizontal
7432;2021;25/9/2021;Sabado;13:45:00;;0.0;2;Moto/Ciclomotor,Moto/Ciclomotor;Bordabhere Y Marcos Paz;3;2;0;0;0;1;Avenida;VILLA GOBERNADOR GÁLVEZ;Rosario;Tierra,Ripio;No existe;II;Dentro;Urbana;Otra Señal;No existe;Intersección;Deteriorada;Buena;Diurna;Buen Tiempo;Múltiple;S/D;Colisión;Ninguna;Faltante
7433;2021;25/9/2021;Sabado;22:30:00;;0.0;2;Moto/Ciclomotor,Automóvil;Balcarce Y Montevideo;2;1;0;1;0;0;Calle;ROSARIO;Rosario;Asfalto;No existe;II;Dentro;Urbana;Otra Señal;No existe;Intersección;Bueno;Buena;Nocturna;Buen Tiempo;Múltiple;S/D;Colisión;Ninguna;Horizontal
7434;2021;25/9/2021;Sabado;22:10:00;;0.0;2;Moto/Ciclomotor,Automóvil;J.M.de Rosas Y Riobamba;2;1;0;1;0;0;Calle;ROSARIO;Rosario;Asfalto;No existe;II;Dentro;Urbana;Otra Señal;No existe;Intersección;Bueno;Buena;Nocturna,Con luz artificial;Buen Tiempo;Múltiple;S/D;Colisión;Ninguna;Faltante
7435;2021;25/9/2021;Sabado;16:30:00;;0.0;2;Moto/Ciclomotor,Automóvil;Entre Ríos Y Gálvez;2;1;0;1;0;0;Calle;ROSARIO;Rosario;Asfalto;No existe;II;Dentro;Urbana;Otra Señal;No existe;Intersección;Bueno;Buena;Diurna;Buen Tiempo;Múltiple;S/D;Colisión;Ninguna;Horizontal,Vertical
7436;2021;25/9/2021;Sabado;16:00:00;;0.0;2;Moto/Ciclomotor,Automóvil;San Martin 7200;2;0;0;1;1;0;Calle;ROSARIO;Rosario;Asfalto;No existe;II;S/D;Urbana;Otra Señal;No existe;Intersección;Bueno;S/D;Diurna;S/D;Múltiple;S/D;Colisión;Ninguna;Faltante
7437;2021;25/9/2021;Sabado;14:20:00;;0.0;2;Moto/Ciclomotor,Automóvil;Mendoza Y 9 de Julio;3;2;0;1;0;0;Calle;PUERTO SAN MARTÍN;San Lorenzo;Asfalto;No existe;XVII;Dentro;Urbana;Otra Señal;No existe;Intersección;Bueno;Buena;Diurna;Buen Tiempo;Múltiple;S/D;Colisión;Ninguna;Horizontal
7438;2021;25/9/2021;Sabado;13:30:00;;0.0;2;Moto/Ciclomotor,Bicicleta;Avda. Roque Sáenz PEÑA Y Gaboto;2;2;0;0;0;0;Avenida;FRAY LUIS BELTRÁN;San Lorenzo;Asfalto;No existe;XVII;Dentro;Urbana;Otra Señal;No existe;Intersección;Otro;Reducida;Diurna;Otro;Múltiple;Ciclista;Colisión;Ninguna;Faltante
7439;2021;25/9/2021;Sabado;;;0.0;2;Pickup/Utilitario,Bicicleta; ;2;1;0;1;0;0;S/D;ESPERANZA;Las Colonias;S/D;S/D;XI;S/D;S/D;Otra Señal;S/D;Intersección;S/D;S/D;S/D;S/D;Múltiple;Ciclista;Colisión;S/D;S/D
7440;2021;25/9/2021;Sabado;;;0.0;2;Automóvil,Bicicleta; ;2;1;0;1;0;0;S/D;SAN JERÓNIMO NORTE;Las Colonias;S/D;S/D;XI;S/D;S/D;Otra Señal;S/D;Intersección;S/D;S/D;S/D;S/D;Múltiple;Ciclista;Colisión;S/D;S/D
7441;2021;25/9/2021;Sabado;;;0.0;2;Moto/Ciclomotor,Automóvil;Av. Fray Luis Beltrán Y Maestra Barragán - Ex Bs.As.;2;1;0;1;0;0;Avenida;FRAY LUIS BELTRÁN;San Lorenzo;Asfalto,Ripio;No existe;XVII;Dentro;Urbana;Otra Señal;No existe;Intersección;Bueno;S/D;S/D;S/D;Múltiple;S/D;Colisión;Ninguna;Faltante
7442;2021;25/9/2021;Sabado;;;0.0;2;Moto/Ciclomotor,Pickup/Utilitario;Av. Belgrano Y Tucumán;2;1;0;1;0;0;Avenida;CAPITÁN BERMÚDEZ;San Lorenzo;Asfalto;No existe;XVII;Dentro;Urbana;Otra Señal;No existe;Intersección;Bueno;S/D;S/D;S/D;Múltiple;S/D;Colisión;Ninguna;Faltante
7443;2021;25/9/2021;Sabado;01:35:00;;0.0;2;Moto/Ciclomotor,Moto/Ciclomotor;San Martin ;3;3;0;0;0;0;Calle;MALABRIGO;General Obligado;S/D;S/D;IX;Dentro;Urbana;Otra Señal;S/D;Intersección;S/D;S/D;S/D;S/D;Múltiple;S/D;Colisión;S/D;S/D
7444;2021;25/9/2021;Sabado;01:40:00;;0.0;1;Moto/Ciclomotor;Calle 4 - Ledesma Y Calle 31-Newbery;1;1;0;0;0;0;Calle;RECONQUISTA;General Obligado;Asfalto,Ripio;No existe;IX;Dentro;Urbana;Otra Señal;No existe;Intersección;Bueno;Buena;Diurna;Buen Tiempo;Múltiple;S/D;Colisión;Material Suelto;Faltante
7445;2021;25/9/2021;Sabado;;;0.0;2;Automóvil,Automóvil;Hipólito Vieytes Y Méjico;2;1;0;1;0;0;Avenida;RAFAELA;Castellanos;Tierra;No existe;V;Dentro;Urbana;Otra Señal;No existe;Intersección;Bueno;Buena;Diurna;Buen Tiempo;Múltiple;S/D;Colisión;Ninguna;Faltante
7446;2021;25/9/2021;Sabado;18:30:00;;0.0;2;Automóvil,Moto/Ciclomotor;Chile Y Runciman;2;1;0;1;0;0;Calle;VENADO TUERTO;General LÓPEZ;Asfalto;No existe;VIII;Dentro;Urbana;Otra Señal;No existe;Intersección;Bueno;Buena;Diurna;Buen Tiempo;Múltiple;S/D;Colisión;Ninguna;Faltante
7447;2021;25/9/2021;Sabado;18:30:00;;0.0;2;Moto/Ciclomotor,Moto/Ciclomotor; ;3;1;0;1;0;1;S/D;VENADO TUERTO;General LÓPEZ;S/D;S/D;VIII;S/D;S/D;Otra Señal;S/D;Intersección;S/D;S/D;S/D;S/D;Múltiple;S/D;Colisión;S/D;S/D
7448;2021;25/9/2021;Sabado;18:50:00;;0.0;1;Moto/Ciclomotor;CHILE  Y EVA PERÓN;2;2;0;0;0;0;Avenida;VENADO TUERTO;General LÓPEZ;Asfalto;No existe;VIII;Dentro;Urbana;Otra Señal;No existe;Intersección;Bueno;S/D;Diurna;S/D;Múltiple;S/D;Colisión;Ninguna;Faltante
7449;2021;25/9/2021;Sabado;14:55:00;Ruta Provincial 10;0.0;1;Moto/Ciclomotor;Ruta Nac 11 Y Saavedra;2;1;0;1;0;0;Ruta;SAN LORENZO;San Lorenzo;Asfalto;Natural;XVIII;Dentro;Urbana;Otra Señal;S/D;Intersección;Bueno;S/D;Diurna;S/D;Múltiple;S/D;Colisión;Ninguna;Horizontal
7450;2021;25/9/2021;Sabado;19:10:00;Ruta Secundaria 18-s;1.0;2;Moto/Ciclomotor,Automóvil; ;4;2;0;2;0;0;Ruta;PUERTO SAN MARTÍN;San Lorenzo;Asfalto;No existe;XVII;Dentro;Rural;Otra Señal;No existe;Intersección;Bueno;Buena;Nocturna;Buen Tiempo;Múltiple;S/D;Colisión;Ninguna;Horizontal
7451;2021;25/9/2021;Sabado;11:00:00;;0.0;1;Bicicleta;El Jacaranda ;1;1;0;0;0;0;Calle;PEREZ;Constitución;S/D;S/D;II;Dentro;Urbana;Otra Señal;S/D;Intersección;S/D;S/D;Diurna;S/D;Múltiple;S/D;Colisión;S/D;S/D
7452;2021;25/9/2021;Sabado;00:00:00;;0.0;2;Moto/Ciclomotor,Moto/Ciclomotor;GUTIÉRREZ Y BUENOS AIRES;2;2;0;0;0;0;S/D;VILLA GOBERNADOR GÁLVEZ;Constitución;S/D;S/D;II;S/D;S/D;Otra Señal;S/D;Intersección;S/D;S/D;Nocturna;S/D;Múltiple;S/D;Colisión;S/D;S/D
7453;2021;25/9/2021;Sabado;02:00:00;;0.0;1;Moto/Ciclomotor;Cafferata Y Biedma;1;1;0;0;0;0;Calle;ROSARIO;Constitución;S/D;S/D;II;S/D;S/D;Otra Señal;S/D;Intersección;S/D;S/D;Nocturna;S/D;Múltiple;S/D;Colisión;S/D;S/D