ID_Accidente;A�o;Fecha;Dia;Hopra;Ruta/Autop;km;Participantes;Tipo;Lugar;Total;Heridos Leves;Heridos Graves;Ilesos;Fallecidos;Sin datos;desc_tipo_via;desc_loc;desc_dpto;|;desc_tipo_banquina;desc_unidad_regional;desc_lugar_calzada;desc_zona;desc_prioridad;desc_estado_semaforo;desc_lugar_via;desc_estado_via;desc_estado_visibilidad;desc_luminosidad;desc_estado_clima;desc_tipo_colision;desc_tipo_atropello;desc_tipo_hecho;desc_pres_calzada;desc_senializacion
7454;2021;25/9/2021;Sabado;13:00:00;;0.0;1;Moto/Ciclomotor;Bv. Oroño Y Gaboto;1;1;0;0;0;0;Calle;ROSARIO;Constitución;S/D;S/D;II;S/D;S/D;Otra Señal;S/D;Intersección;S/D;S/D;Diurna;S/D;Múltiple;S/D;Colisión;S/D;S/D
7455;2021;25/9/2021;Sabado;14:00:00;;0.0;1;Moto/Ciclomotor;Cafferata Y Biedma;1;1;0;0;0;0;Calle;ROSARIO;Constitución;S/D;S/D;II;Dentro;Urbana;Otra Señal;S/D;Intersección;S/D;S/D;Diurna;S/D;Múltiple;S/D;Colisión;S/D;S/D
7456;2021;25/9/2021;Sabado;13:00:00;;0.0;2;Automóvil,Moto/Ciclomotor;Matienzo Y Marcos Paz;2;1;0;0;0;1;Calle;ROSARIO;Constitución;S/D;S/D;II;S/D;S/D;Otra Señal;S/D;Intersección;S/D;S/D;Diurna;S/D;Múltiple;S/D;Colisión;S/D;S/D
7457;2021;25/9/2021;Sabado;09:10:00;;0.0;2;Automóvil,Moto/Ciclomotor;Garay Y San Martin;2;0;0;1;0;0;Avenida;FIGHIERA;Constitución;Asfalto;No existe;II;Dentro;Urbana;Otra Señal;No existe;Intersección;Bueno;Buena;Diurna;Buen Tiempo;Múltiple;S/D;Colisión;Ninguna;Vertical
7458;2021;25/9/2021;Sabado;03:10:00;;0.0;2;Moto/Ciclomotor,Moto/Ciclomotor;Biedma Y Cafferata;2;1;0;0;0;0;Calle;ROSARIO;Constitución;Asfalto;No existe;II;Dentro;Urbana;Otra Señal;No existe;Intersección;Bueno;Buena;Nocturna;Buen Tiempo;Múltiple;S/D;Colisión;Ninguna;Faltante
7459;2021;25/9/2021;Sabado;15:55:00;;0.0;2;Automóvil,Moto/Ciclomotor;Av. Francia Y Av. Ntra.Sra.del Rosario;2;0;0;1;0;0;Avenida;ROSARIO;Constitución;Asfalto;No existe;II;Dentro;Urbana;Otra Señal;No existe;Intersección;Bueno;Buena;Diurna;Buen Tiempo;Múltiple;S/D;Colisión;Ninguna;Faltante
7460;2021;25/9/2021;Sabado;22:30:00;;0.0;2;Moto/Ciclomotor,Moto/Ciclomotor;A F Temporelli 2300;2;1;0;0;0;0;Calle;VILLA GOBERNADOR GÁLVEZ;Constitución;Asfalto;No existe;II;Dentro;Urbana;Otra Señal;No existe;Intersección;Bueno;Buena;Nocturna;Buen Tiempo;Múltiple;S/D;Colisión;Ninguna;Faltante
7461;2021;25/9/2021;Sabado;08:00:00;;0.0;2;Automóvil,Moto/Ciclomotor;9 De Julio Y Alvear;2;0;0;1;0;0;Calle;ROSARIO;Constitución;Asfalto;No existe;II;Dentro;Urbana;Otra Señal;No existe;Intersección;Bueno;Buena;Diurna;Buen Tiempo;Múltiple;S/D;Colisión;Ninguna;Horizontal
7462;2021;25/9/2021;Sabado;;Ruta Nacional 11;0.0;2;Moto/Ciclomotor,Automóvil;Av. San Lorenzo Y Salta;2;0;0;1;0;0;Ruta;CAPITÁN BERMÚDEZ;Constitución;Asfalto;No existe;XVII;Dentro;Urbana;Otra Señal;No existe;Intersección;S/D;S/D;S/D;S/D;Múltiple;S/D;Colisión;S/D;Horizontal
7463;2021;25/9/2021;Sabado;08:00:00;;0.0;2;Moto/Ciclomotor,Moto/Ciclomotor;Calle 1706 Y Calle 1709;2;0;0;0;0;1;Calle;ROSARIO;Rosario;Asfalto;No existe;II;Dentro;Urbana;Otra Señal;No existe;Intersección;S/D;S/D;Diurna;S/D;Múltiple;S/D;Colisión;S/D;Faltante
7464;2021;26/9/2021;Domingo;15:40:00;;0.0;2;Moto/Ciclomotor,Automóvil;Av. A del Valle Y Gorostiaga;4;1;0;3;0;0;Avenida;SANTA FE;La Capital;Asfalto;No existe;I;Dentro;Urbana;Otra Señal;Funciona;Intersección;Bueno;Buena;Diurna;Buen Tiempo;Múltiple;S/D;Colisión;Ninguna;Horizontal,Vertical
7465;2021;26/9/2021;Domingo;17:30:00;;0.0;2;Bicicleta,Automóvil;Calle 10-Ludueña Y Calle 19-Habegger;3;2;0;1;0;0;Calle;RECONQUISTA;General Obligado;Asfalto;No existe;IX;Dentro;Urbana;Otra Señal;Funciona;Intersección;Bueno;Buena;Diurna;Buen Tiempo;Múltiple;Ciclista;Colisión;Ninguna;Faltante
7466;2021;26/9/2021;Domingo;19:00:00;;0.0;2;Bicicleta,Automóvil;Rivadavia Y 9 de Julio;2;1;0;1;0;0;Calle;ESPERANZA;Las Colonias;Asfalto;No existe;XI;Dentro;Urbana;Otra Señal;No existe;Intersección;Bueno;Buena;Diurna;Buen Tiempo;Múltiple;Ciclista;Colisión;Ninguna;Faltante
7467;2021;26/9/2021;Domingo;11:34:00;;0.0;2;Moto/Ciclomotor,Taxi/Remis;Belgrano Y J Castelli;2;1;0;1;0;0;Calle;SANTA FE;La Capital;Asfalto;No existe;I;Dentro;Urbana;Otra Señal;No existe;Intersección;Bueno;Buena;Diurna;Buen Tiempo;Múltiple;S/D;Colisión;Agua;Faltante
7468;2021;26/9/2021;Domingo;14:27:00;;0.0;2;Moto/Ciclomotor,Taxi/Remis;Avellaneda Y Lavaisse;2;1;0;1;0;0;Calle;SANTA FE;La Capital;Asfalto;No existe;I;Dentro;Urbana;Otra Señal;No existe;Intersección;Bueno;Buena;Diurna;Buen Tiempo;Múltiple;S/D;Colisión;Ninguna;Faltante
7469;2021;26/9/2021;Domingo;06:40:00;;0.0;2;Moto/Ciclomotor,Automóvil;Av. Pte. Perón Y Pedro Centeno;2;1;0;0;0;1;Avenida;SANTA FE;La Capital;Asfalto;No existe;I;Dentro;Urbana;Otra Señal;Funciona;Intersección;Bueno;Buena;Diurna;Buen Tiempo;Múltiple;S/D;Colisión;Ninguna;Vertical
7470;2021;26/9/2021;Domingo;08:00:00;;0.0;1;Camión Chasis; ;1;1;0;0;0;0;Camino Rural;EMPALME SAN CARLOS;Las Colonias;Tierra;No existe;XI;Fuera;Rural;Otra Señal;No existe;Intersección;Bueno;Buena;Diurna;S/D;Múltiple;S/D;Colisión;Ninguna;Vertical
7471;2021;26/9/2021;Domingo;23:50:00;;0.0;2;Automóvil,Moto/Ciclomotor;Av. Corrientes Y Sarmiento;3;3;0;0;0;0;Avenida;ROSARIO;Rosario;Asfalto;No existe;II;Dentro;Urbana;Otra Señal;Intermitente;Intersección;Bueno;Buena;Nocturna,Con luz artificial;Buen Tiempo;Múltiple;S/D;Colisión;Ninguna;Vertical
7472;2021;26/9/2021;Domingo;08:30:00;;0.0;2;Pickup/Utilitario,Automóvil;Av. Battle y Ordoñez Y Bv. Oroño;3;2;0;1;0;0;Avenida;ROSARIO;Rosario;Asfalto;No existe;II;Dentro;Urbana;Otra Señal;Funciona;Intersección;Bueno;Buena;Diurna;Buen Tiempo;Múltiple;S/D;Colisión;Ninguna;Horizontal,Vertical
7473;2021;26/9/2021;Domingo;10:30:00;;0.0;1;Moto/Ciclomotor;CAMINO RURAL ;1;1;0;0;0;0;Camino Rural;HERSILIA;San CRISTÓBAL;Tierra;No existe;XIII;Dentro;Rural;Otra Señal;No existe;Intersección;Con baches;Buena;Nocturna;Buen Tiempo;Múltiple;S/D;Colisión;Ninguna;Faltante
7474;2021;26/9/2021;Domingo;02:10:00;;0.0;2;Moto/Ciclomotor,Automóvil;Nicolas Laguna 3700;3;1;0;2;0;0;Calle;ROSARIO;Rosario;Asfalto;No existe;II;Dentro;Urbana;Otra Señal;No existe;Intersección;Bueno;Buena;Diurna;Buen Tiempo;Múltiple;S/D;Colisión;Ninguna;Faltante
7475;2021;26/9/2021;Domingo;20:25:00;;0.0;2;Moto/Ciclomotor,Automóvil;Brown Y Islas Malvinas;3;1;0;2;0;0;Calle;SAN LORENZO;San Lorenzo;Asfalto;No existe;XVII;Dentro;Urbana;Otra Señal;No existe;Intersección;Bueno;Buena;Nocturna,Con luz artificial;Buen Tiempo;Múltiple;S/D;Colisión;Ninguna;Vertical
7476;2021;26/9/2021;Domingo;01:45:00;;0.0;2;Moto/Ciclomotor,Automóvil;Av. Sorrento Y Pacheco;2;1;0;0;0;1;Avenida;ROSARIO;Rosario;Asfalto;No existe;II;Dentro;Urbana;Otra Señal;Funciona;Intersección;Bueno;Buena;Nocturna,Con luz artificial;Buen Tiempo;Múltiple;S/D;Colisión;Ninguna;Horizontal,Vertical
7477;2021;26/9/2021;Domingo;02:00:00;Ruta Provincial 21;0.0;1;Automóvil;Av. Gral. San Martin 1500;1;1;0;0;0;0;Ruta;VILLA GOBERNADOR GÁLVEZ;Rosario;Asfalto;No existe;II;Dentro;Urbana;Otra Señal;Funciona;Intersección;Bueno;Buena;Nocturna,Con luz artificial;S/D;Múltiple;S/D;Colisión;Ninguna;Horizontal,Vertical
7478;2021;26/9/2021;Domingo;;;0.0;1;Moto/Ciclomotor; ;1;1;0;0;0;0;Camino Rural;SAN JUSTO;San Justo;Tierra;S/D;XVI;Dentro;Rural;Otra Señal;S/D;Intersección;S/D;S/D;Nocturna;S/D;Múltiple;S/D;Colisión;S/D;S/D
7479;2021;26/9/2021;Domingo;03:00:00;Ruta Nacional 11;780.0;1;Moto/Ciclomotor; ;2;2;0;0;0;0;Ruta;RECONQUISTA;General Obligado;Asfalto;No existe;IX;Dentro;Rural;Otra Señal;No existe;Intersección;Bueno;S/D;Nocturna;Buen Tiempo;Múltiple;S/D;Colisión;Ninguna;Horizontal
7480;2021;26/9/2021;Domingo;19:50:00;;0.0;1;Moto/Ciclomotor;Coronel Dorrego Y Lisandro de la Torre;1;1;0;0;0;0;Calle;VENADO TUERTO;General LÓPEZ;Ripio;No existe;VIII;Dentro;Urbana;Otra Señal;No existe;Intersección;Bueno;S/D;Nocturna;S/D;Múltiple;S/D;Colisión;Ninguna;Faltante
7481;2021;26/9/2021;Domingo;09:50:00;;0.0;2;Moto/Ciclomotor,Automóvil;AVENIDA MARCONI  Y SANTA FE;3;2;0;1;0;0;Avenida;VENADO TUERTO;General LÓPEZ;Asfalto;No existe;VIII;Dentro;Urbana;Otra Señal;Funciona;Intersección;Bueno;S/D;Diurna;Buen Tiempo;Múltiple;S/D;Colisión;Ninguna;Horizontal,Vertical
7482;2021;26/9/2021;Domingo;04:50:00;;0.0;2;Automóvil,Moto/Ciclomotor;Chaco Y Esperanto;2;1;0;1;0;0;Calle;VENADO TUERTO;General LÓPEZ;Asfalto;No existe;VIII;Dentro;Urbana;Otra Señal;No existe;Intersección;Bueno;S/D;Nocturna,Con luz artificial;S/D;Múltiple;S/D;Colisión;Ninguna;Faltante
7483;2021;26/9/2021;Domingo;00:15:00;Ruta Nacional 8;0.0;1;Moto/Ciclomotor;Alberdi Juan Bautista Y Ruta Nac 8;1;1;0;0;0;0;Ruta;VENADO TUERTO;General LÓPEZ;Asfalto;No existe;VIII;Dentro;Urbana;Otra Señal;No existe;Intersección;Bueno;S/D;Nocturna;Buen Tiempo;Múltiple;S/D;Colisión;Ninguna;Horizontal,Vertical
7484;2021;26/9/2021;Domingo;14:10:00;;0.0;2;Pickup/Utilitario,Moto/Ciclomotor;Lehmann Y Sarmiento;2;1;0;1;0;0;Calle;HUMBERTO 1°;Castellanos;Asfalto;No existe;V;Dentro;Urbana;Otra Señal;No existe;Intersección;Bueno;Buena;Diurna;Buen Tiempo;Múltiple;S/D;Colisión;Ninguna;Faltante
7485;2021;26/9/2021;Domingo;23:00:00;;0.0;1;Moto/Ciclomotor;Buenos Aires 5700;1;1;0;0;0;0;Calle;ROSARIO;Constitución;S/D;S/D;II;S/D;Urbana;Otra Señal;S/D;Intersección;S/D;S/D;Diurna;S/D;Múltiple;S/D;Colisión;S/D;S/D
7486;2021;26/9/2021;Domingo;22:00:00;;0.0;1;Moto/Ciclomotor;Irurtia ;1;1;0;0;0;0;Calle;ROSARIO;Constitución;S/D;S/D;II;S/D;Urbana;Otra Señal;S/D;Intersección;S/D;S/D;Nocturna;S/D;Múltiple;S/D;Colisión;S/D;S/D
7487;2021;26/9/2021;Domingo;23:00:00;;0.0;1;Bicicleta; ;1;1;0;0;0;0;S/D;PEREZ;Constitución;S/D;S/D;II;S/D;S/D;Otra Señal;S/D;Intersección;S/D;S/D;Diurna;S/D;Múltiple;S/D;Colisión;S/D;S/D
7488;2021;26/9/2021;Domingo;00:30:00;;0.0;1;Moto/Ciclomotor;Pje. Cerrillos Y Biedma;1;1;0;0;0;0;Calle;ROSARIO;Constitución;S/D;S/D;II;S/D;S/D;Otra Señal;S/D;Intersección;S/D;S/D;Nocturna;S/D;Múltiple;S/D;Colisión;S/D;S/D
7489;2021;26/9/2021;Domingo;09:00:00;;0.0;1;Moto/Ciclomotor; ;1;1;0;0;0;0;S/D;ROSARIO;Constitución;S/D;S/D;II;S/D;S/D;Otra Señal;S/D;Intersección;S/D;S/D;Diurna;S/D;Múltiple;S/D;Colisión;S/D;S/D
7490;2021;26/9/2021;Domingo;20:00:00;;0.0;1;Moto/Ciclomotor; ;1;1;0;0;0;0;S/D;ROSARIO;Constitución;S/D;S/D;II;S/D;S/D;Otra Señal;S/D;Intersección;S/D;S/D;Nocturna;S/D;Múltiple;S/D;Colisión;S/D;S/D
7491;2021;26/9/2021;Domingo;14:00:00;;0.0;2;Moto/Ciclomotor,Automóvil;L.N.Alem Y Rueda;4;2;0;1;0;0;Calle;ROSARIO;Constitución;Asfalto;No existe;II;Dentro;Urbana;Otra Señal;No existe;Intersección;Bueno;Buena;Diurna;Buen Tiempo;Múltiple;S/D;Colisión;Ninguna;Horizontal,Vertical
7492;2021;26/9/2021;Domingo;07:20:00;;0.0;2;Peatón,Transporte de Pasajeros Urbano (> 8 asientos);Ayala Gauna 7900;2;0;0;1;0;0;Calle;ROSARIO;Constitución;Asfalto;No existe;II;Dentro;Urbana;Otra Señal;No existe;Intersección;Bueno;Buena;Amanecer;Buen Tiempo;Múltiple;Peatón;Colisión;Ninguna;Vertical
7493;2021;26/9/2021;Domingo;;;0.0;2;Otros,Otros;Av. López y Planes Y Pedro Ferre;2;0;0;1;0;0;Calle;SANTA FE;Constitución;Asfalto;No existe;I;Dentro;Urbana;Otra Señal;Funciona;Intersección;Bueno;S/D;S/D;S/D;Múltiple;S/D;Colisión;S/D;Horizontal,Vertical
7494;2021;26/9/2021;Domingo;09:00:00;Ruta Provincial 21;0.0;1;Automóvil;Av. Gral. San Martin Y Jaures;2;0;0;0;0;1;Ruta;VILLA GOBERNADOR GÁLVEZ;Rosario;Asfalto;Pavimento;II;Dentro;Urbana;Otra Señal;No existe;Intersección;S/D;S/D;Diurna;S/D;Múltiple;S/D;Colisión;S/D;Horizontal
7495;2021;26/9/2021;Domingo;11:00:00;;0.0;1;Bicicleta; ;1;0;0;0;0;0;S/D;ROSARIO;Rosario;S/D;S/D;II;S/D;S/D;Otra Señal;S/D;Intersección;S/D;S/D;Diurna;S/D;Múltiple;S/D;Colisión;S/D;S/D
7496;2021;26/9/2021;Domingo;15:00:00;Ruta Provincial 21;0.0;2;Moto/Ciclomotor,Automóvil;Av. Gral. San Martin Y J F Kennedy;4;0;0;1;0;0;Ruta;VILLA GOBERNADOR GÁLVEZ;Rosario;Asfalto;No existe;II;Dentro;Urbana;Paso Peatonal;No existe;Intersección;Bueno;Buena;Diurna;S/D;Lateral;S/D;Colisión;Ninguna;Horizontal
7497;2021;27/9/2021;Lunes;13:20:00;;0.0;2;Moto/Ciclomotor,Automóvil;Av. A del Valle Y Lavaisse;2;1;0;1;0;0;Avenida;SANTA FE;La Capital;Asfalto;No existe;I;Dentro;Urbana;Otra Señal;Funciona;Intersección;Bueno;Buena;Diurna;Buen Tiempo;Múltiple;S/D;Colisión;Ninguna;Horizontal,Vertical
7498;2021;27/9/2021;Lunes;17:35:00;;0.0;2;Automóvil,Moto/Ciclomotor;Juan José Castelli Y La Rioja;2;1;0;1;0;0;Calle;SANTO TOMÉ;La Capital;Asfalto;No existe;I;Dentro;Urbana;Otra Señal;No existe;Intersección;Bueno;Buena;Diurna;Buen Tiempo;Múltiple;S/D;Colisión;Ninguna;Faltante
7499;2021;27/9/2021;Lunes;08:35:00;;0.0;2;Automóvil,Automóvil;Libertad Y Sargento Cabral;4;1;0;3;0;0;Calle;SAN CARLOS SUR;Las Colonias;Ripio;No existe;XI;Dentro;Urbana;Otra Señal;No existe;Intersección;Bueno;Buena;Diurna;Buen Tiempo;Múltiple;S/D;Colisión;Ninguna;S/D
7500;2021;27/9/2021;Lunes;19:40:00;;0.0;2;Moto/Ciclomotor,Automóvil;Av. Gral. Paz Y Ricardo Aldao;2;1;0;1;0;0;Avenida;SANTA FE;La Capital;Asfalto;No existe;I;Dentro;Urbana;Otra Señal;No existe;Intersección;Bueno;Buena;Nocturna;Buen Tiempo;Múltiple;S/D;Colisión;Ninguna;Horizontal
7501;2021;27/9/2021;Lunes;08:40:00;;0.0;2;Automóvil,Moto/Ciclomotor;Alberdi Y Chubut;2;1;0;1;0;0;Calle;VILLA GOBERNADOR GÁLVEZ;Rosario;Asfalto;No existe;II;Dentro;Urbana;Otra Señal;No existe;Intersección;Bueno;Buena;Diurna;Buen Tiempo;Múltiple;S/D;Colisión;Ninguna;Faltante
7502;2021;27/9/2021;Lunes;14:00:00;;0.0;2;Automóvil,Moto/Ciclomotor;Av. Juan Domingo Perón Y Pasteur;3;1;0;2;0;0;Avenida;VILLA GOBERNADOR GÁLVEZ;Rosario;Asfalto;No existe;II;Dentro;Urbana;Otra Señal;No existe;Intersección;Bueno;Buena;Diurna;Buen Tiempo;Múltiple;S/D;Colisión;Ninguna;Horizontal
7503;2021;27/9/2021;Lunes;07:15:00;Ruta Nacional 98;0.0;2;Moto/Ciclomotor,Moto/Ciclomotor; ;2;2;0;0;0;0;Ruta;TOSTADO;9 de Julio;Asfalto;Pavimento;XII;Dentro;Rural;Otra Señal;No existe;Intersección;Bueno;Buena;Diurna;Buen Tiempo;Múltiple;S/D;Colisión;Ninguna;Faltante
7504;2021;27/9/2021;Lunes;13:10:00;;0.0;2;Pickup/Utilitario,Moto/Ciclomotor;25 de Mayo Y Juan de Garay;3;2;0;1;0;0;Calle;VILLA MINETTI;9 de Julio;Ripio;No existe;XII;Dentro;Urbana;Otra Señal;No existe;Intersección;Bueno;Buena;Diurna;Buen Tiempo;Múltiple;S/D;Colisión;Ninguna;Faltante
7505;2021;27/9/2021;Lunes;14:00:00;;0.0;2;Moto/Ciclomotor,Otros;1ro de Mayo Y Eva Perón;2;1;0;1;0;0;Calle;SANTA FE;La Capital;Asfalto;No existe;I;Dentro;Urbana;Otra Señal;No existe;Intersección;Bueno;Buena;Diurna;Buen Tiempo;Múltiple;S/D;Colisión;S/D;Horizontal
7506;2021;27/9/2021;Lunes;10:45:00;Ruta Nacional 9;381.0;4;Pickup/Utilitario,Camión,Automóvil,Automóvil; ;7;6;0;0;1;0;Ruta;CAÑADA DE GÓMEZ;Iriondo;Asfalto;Pavimento;X;S/D;Urbana;Otra Señal;No existe;Intersección;Bueno;S/D;Diurna;S/D;Múltiple;S/D;Colisión;Ninguna;Faltante
7507;2021;27/9/2021;Lunes;;;0.0;2;Automóvil,Moto/Ciclomotor; ;2;1;0;1;0;0;S/D;ESPERANZA;Las Colonias;S/D;S/D;XI;S/D;Urbana;Otra Señal;S/D;Intersección;S/D;S/D;S/D;S/D;Múltiple;S/D;Colisión;S/D;S/D
7508;2021;27/9/2021;Lunes;;;0.0;2;Automóvil,Pickup/Utilitario; ;3;2;0;1;0;0;S/D;ESPERANZA;Las Colonias;S/D;S/D;XI;S/D;S/D;Otra Señal;S/D;Intersección;S/D;S/D;S/D;S/D;Múltiple;S/D;Colisión;S/D;S/D
7509;2021;27/9/2021;Lunes;17:30:00;Ruta Nacional 9;0.0;2;Automóvil,Moto/Ciclomotor;Suipacha ;2;1;0;1;0;0;Ruta;CAÑADA DE GÓMEZ;Iriondo;Asfalto;Pavimento;X;Dentro;Urbana;Otra Señal;No existe;Intersección;Bueno;Buena;Diurna;Buen Tiempo;Múltiple;S/D;Colisión;Ninguna;Horizontal
7510;2021;27/9/2021;Lunes;05:00:00;Ruta Nacional 34;0.0;1;Pickup/Utilitario; ;2;1;0;1;0;0;Ruta;MONIGOTES;San CRISTÓBAL;Asfalto;Natural;XIII;Dentro;Rural;Otra Señal;No existe;Intersección;Bueno;Buena;Nocturna;Buen Tiempo;Múltiple;S/D;Colisión;Otro;Horizontal
7511;2021;27/9/2021;Lunes;07:25:00;;0.0;2;Bicicleta,Automóvil;Calle 23-Gral López Y Calle 26 - Bolívar;2;1;0;1;0;0;Calle;RECONQUISTA;General Obligado;Asfalto;No existe;IX;Dentro;Urbana;Otra Señal;No existe;Intersección;Bueno;Buena;Diurna;S/D;Múltiple;Ciclista;Colisión;Ninguna;Faltante
7512;2021;27/9/2021;Lunes;11:00:00;;0.0;1;Moto/Ciclomotor;Fraga Y Montevideo;1;1;0;0;0;0;Calle;ROSARIO;Constitución;S/D;S/D;II;S/D;Urbana;Otra Señal;S/D;Intersección;S/D;S/D;Diurna;S/D;Múltiple;S/D;Colisión;S/D;S/D
7513;2021;27/9/2021;Lunes;10:30:00;;0.0;1;Bicicleta; ;1;1;0;0;0;0;S/D;ROSARIO;Constitución;S/D;S/D;II;S/D;S/D;Otra Señal;S/D;Intersección;S/D;S/D;Diurna;S/D;Múltiple;S/D;Colisión;S/D;S/D
7514;2021;27/9/2021;Lunes;19:05:00;Ruta Secundaria 292-s;7.0;2;Pickup/Utilitario,Camión c / Acoplado; ;4;0;0;1;0;0;Ruta;VILLA MINETTI;9 de Julio;Tierra;Natural;XII;Dentro;Rural;Ninguna;No existe;Intersección;Bueno;Reducida polvo;Nocturna;Buen Tiempo;De alcance;S/D;Colisión;Otro;Faltante
7515;2021;28/9/2021;Martes;21:55:00;;0.0;2;Moto/Ciclomotor,Moto/Ciclomotor;Calle 12 San Martin Y Calle 17-Bartolome Mitre;2;2;0;0;0;0;Calle;RECONQUISTA;General Obligado;Asfalto;No existe;IX;Dentro;Urbana;Otra Señal;No existe;Intersección;Bueno;Buena;Diurna;Buen Tiempo;Múltiple;S/D;Colisión;Ninguna;Horizontal
7516;2021;28/9/2021;Martes;23:55:00;Ruta Provincial 1;146.0;1;Moto/Ciclomotor; ;1;1;0;0;0;0;Ruta;SAN JAVIER;San Javier;Asfalto;No existe;XIV;Dentro;Urbana;Otra Señal;No existe;Intersección;Bueno;Buena;Nocturna;Buen Tiempo;Múltiple;S/D;Colisión;Ninguna;Horizontal
7517;2021;28/9/2021;Martes;12:55:00;;0.0;2;Automóvil,Automóvil;Laprida Y Salvador del Carril;2;1;0;1;0;0;Calle;SANTA FE;La Capital;Asfalto;No existe;I;Dentro;Urbana;Otra Señal;No existe;Intersección;Bueno;Buena;Diurna;Buen Tiempo;Múltiple;S/D;Colisión;Ninguna;Faltante
7518;2021;28/9/2021;Martes;19:00:00;;0.0;2;Moto/Ciclomotor,Bicicleta;Bv 14 de Diciembre Y Dr. José Iraci;2;1;0;1;0;0;Avenida;ARMSTRONG;Belgrano;Asfalto;No existe;III;Dentro;Urbana;Otra Señal;No existe;Intersección;Bueno;Buena;Diurna;Buen Tiempo;Múltiple;Ciclista;Colisión;Ninguna;Faltante
7519;2021;28/9/2021;Martes;21:00:00;;0.0;2;Moto/Ciclomotor,Automóvil;Av. Francia Y Garibaldi;2;1;0;1;0;0;Avenida;ROSARIO;Rosario;Asfalto;No existe;II;Dentro;Urbana;Otra Señal;No existe;Intersección;Bueno;Buena;Nocturna,Con luz artificial;Buen Tiempo;Múltiple;S/D;Colisión;Ninguna;Horizontal
7520;2021;28/9/2021;Martes;09:00:00;;0.0;1;Moto/Ciclomotor;Av. Francia Y Pje. J.Marc;1;1;0;0;0;0;Calle;ROSARIO;Rosario;Asfalto;Pavimento;II;Dentro;Urbana;Otra Señal;No existe;Intersección;Bueno;Buena;Diurna;Buen Tiempo;Múltiple;S/D;Colisión;Ninguna;Horizontal,Vertical
7521;2021;28/9/2021;Martes;22:50:00;;0.0;2;Bicicleta,Automóvil;Balcarce Y Catamarca;2;1;0;1;0;0;Calle;ROSARIO;Rosario;Asfalto;No existe;II;Dentro;Urbana;Otra Señal;No existe;Intersección;Bueno;Buena;Nocturna,Con luz artificial;Buen Tiempo;Múltiple;Ciclista;Colisión;Ninguna;Horizontal,Vertical
7522;2021;28/9/2021;Martes;11:10:00;;0.0;2;Moto/Ciclomotor,Pickup/Utilitario;Bv. Oroño Y Av. Lugones;2;1;0;1;0;0;Avenida;ROSARIO;Rosario;Asfalto;No existe;II;Dentro;Urbana;Otra Señal;No existe;Intersección;Bueno;Buena;Diurna;Buen Tiempo;Múltiple;S/D;Colisión;Ninguna;Horizontal
7523;2021;28/9/2021;Martes;20:00:00;Ruta Nacional 9;0.0;2;Automóvil,Moto/Ciclomotor;Maíz Y Ruta Nacional 9;3;1;0;2;0;0;Ruta;ROLDÁN;San Lorenzo;Asfalto,Tierra;Natural;XVII;Dentro;Urbana;Otra Señal;No existe;Intersección;Bueno;Buena;Nocturna;Buen Tiempo;Múltiple;S/D;Colisión;Ninguna;Horizontal
7524;2021;28/9/2021;Martes;;;0.0;1;Moto/Ciclomotor; ;1;1;0;0;0;0;S/D;ESPERANZA;Las Colonias;S/D;S/D;XI;S/D;S/D;Otra Señal;S/D;Intersección;S/D;S/D;S/D;S/D;Múltiple;S/D;Colisión;S/D;S/D
7525;2021;28/9/2021;Martes;;;0.0;1;Camión c / Acoplado; ;1;1;0;0;0;0;S/D;ESPERANZA;Las Colonias;S/D;S/D;XI;Fuera;Rural;Otra Señal;S/D;Intersección;S/D;S/D;S/D;S/D;Múltiple;S/D;Colisión;S/D;S/D
7526;2021;28/9/2021;Martes;01:30:00;;0.0;2;Moto/Ciclomotor,Moto/Ciclomotor;AZCASUBI Y ITALIA;2;1;0;0;0;1;Calle;FIRMAT;General LÓPEZ;S/D;S/D;VIII;Dentro;Urbana;Otra Señal;S/D;Intersección;S/D;S/D;Nocturna;S/D;Múltiple;S/D;Colisión;S/D;S/D
7527;2021;28/9/2021;Martes;;;0.0;1;Bicicleta;Bv C Pellegrini ;2;1;0;1;0;0;Calle;SAN JUSTO;San Justo;S/D;S/D;XI;Dentro;Urbana;Otra Señal;S/D;Intersección;S/D;S/D;Diurna;S/D;Múltiple;S/D;Colisión;S/D;S/D
7528;2021;28/9/2021;Martes;12:05:00;;0.0;2;Automóvil,Moto/Ciclomotor;Calle 8 Y Calle 9;2;1;0;1;0;0;Calle;AVELLANEDA;General Obligado;Asfalto;No existe;IX;Dentro;Urbana;Otra Señal;No existe;Intersección;Bueno;Buena;Diurna;Buen Tiempo;Múltiple;S/D;Colisión;Ninguna;Faltante
7529;2021;28/9/2021;Martes;17:15:00;;0.0;2;Moto/Ciclomotor,Pickup/Utilitario;Av. Dr. Luis Chapuis Y Nora Wade de Basualde;2;1;0;1;0;0;Avenida;VENADO TUERTO;General LÓPEZ;Asfalto;No existe;VIII;Dentro;Urbana;Otra Señal;No existe;Intersección;Bueno;Buena;Diurna;Buen Tiempo;Múltiple;S/D;Colisión;Ninguna;Faltante
7530;2021;28/9/2021;Martes;12:25:00;;0.0;2;Pickup/Utilitario,Bicicleta;Falucho Y 2 de Abril;2;1;0;1;0;0;Calle;VENADO TUERTO;General LÓPEZ;Asfalto;No existe;VIII;Dentro;Urbana;Otra Señal;No existe;Intersección;Bueno;Buena;Diurna;Buen Tiempo;Múltiple;Ciclista;Colisión;Ninguna;Faltante