ID_Accidente;A�o;Fecha;Dia;Hopra;Ruta/Autop;km;Participantes;Tipo;Lugar;Total;Heridos Leves;Heridos Graves;Ilesos;Fallecidos;Sin datos;desc_tipo_via;desc_loc;desc_dpto;|;desc_tipo_banquina;desc_unidad_regional;desc_lugar_calzada;desc_zona;desc_prioridad;desc_estado_semaforo;desc_lugar_via;desc_estado_via;desc_estado_visibilidad;desc_luminosidad;desc_estado_clima;desc_tipo_colision;desc_tipo_atropello;desc_tipo_hecho;desc_pres_calzada;desc_senializacion
7531;2021;28/9/2021;Martes;;;0.0;2;Moto/Ciclomotor,Moto/Ciclomotor;Av. Facundo Zuviria Y Quintana;2;2;0;0;0;0;Avenida;SANTA FE;La Capital;Asfalto;No existe;I;Dentro;Urbana;Otra Señal;Funciona;Intersección;Bueno;S/D;S/D;Buen Tiempo;Múltiple;S/D;Colisión;Ninguna;Horizontal,Vertical
7532;2021;28/9/2021;Martes;11:30:00;;0.0;2;Automóvil,Moto/Ciclomotor;25 de Mayo Y Avenida Belgrano;2;1;0;1;0;0;Avenida;SUNCHALES;Castellanos;Asfalto;No existe;V;Dentro;Urbana;Otra Señal;No existe;Intersección;Bueno;Buena;Diurna;Buen Tiempo;Múltiple;S/D;Colisión;Ninguna;Horizontal
7533;2021;28/9/2021;Martes;19:40:00;Ruta Nacional 11;0.0;2;Tren,Automóvil;AV 16 DE JULIO Y RUTA NACIONAL 11;4;1;0;3;0;0;Ruta;TIMBÚES;San Lorenzo;Asfalto,Ripio;Ripio;XVII;Dentro;Urbana;Otra Señal;No existe;Intersección;Bueno;Buena;Nocturna;Buen Tiempo;Múltiple;S/D;Colisión;Ninguna;Horizontal
7534;2021;28/9/2021;Martes;00:00:00;;0.0;1;Moto/Ciclomotor;Sarmiento Y Av. Pellegrini;1;1;0;0;0;0;Avenida;ROSARIO;Constitución;S/D;S/D;II;S/D;Urbana;Otra Señal;S/D;Intersección;S/D;S/D;Nocturna;S/D;Múltiple;S/D;Colisión;S/D;S/D
7535;2021;28/9/2021;Martes;21:00:00;;0.0;1;Moto/Ciclomotor;Garzón 3800;1;1;0;0;0;0;Calle;ROSARIO;Constitución;S/D;S/D;II;S/D;S/D;Otra Señal;S/D;Intersección;S/D;S/D;Diurna;S/D;Múltiple;S/D;Colisión;S/D;S/D
7536;2021;28/9/2021;Martes;22:50:00;Ruta Nacional 11;0.0;2;Pickup/Utilitario,Moto/Ciclomotor;Av. San Lorenzo Y Remedios de Escalada;3;1;0;1;0;0;Ruta;CAPITÁN BERMÚDEZ;Constitución;Asfalto;No existe;XVII;Dentro;Urbana;Otra Señal;Funciona;Intersección;Bueno;Buena;Nocturna,Con luz artificial;Buen Tiempo;Múltiple;S/D;Colisión;Ninguna;Horizontal,Vertical
7537;2021;28/9/2021;Martes;;Autopista Nacional Gral. Juan Jose Valle;0.0;1;Automóvil; ;2;1;0;0;0;0;Autopista;PAVÓN;Constitución;Asfalto;Natural;VIII;Dentro;Rural;Otra Señal;No existe;Intersección;Deteriorada;S/D;S/D;Buen Tiempo;Múltiple;S/D;Colisión;Ninguna;Faltante
7538;2021;28/9/2021;Martes;15:50:00;;0.0;2;Automóvil,Automóvil;Av. Battle y Ordoñez 3200;6;2;0;0;0;0;Avenida;ROSARIO;Rosario;Asfalto;No existe;II;Dentro;Urbana;Ninguna;No existe;Intersección;Bueno;Buena;Diurna;Buen Tiempo;Lateral;S/D;Colisión;Ninguna;Faltante
7539;2021;29/9/2021;Miercoles;08:45:00;;0.0;2;Automóvil,Bicicleta;Domingo Faustino Sarmiento Y Laprida;2;1;0;1;0;0;Calle;ESPERANZA;Las Colonias;Asfalto;No existe;XI;Dentro;Urbana;Otra Señal;No existe;Intersección;Bueno;Buena;Nocturna;Buen Tiempo;Múltiple;Ciclista;Colisión;Ninguna;Horizontal
7540;2021;29/9/2021;Miercoles;10:05:00;;0.0;2;Moto/Ciclomotor,Automóvil;Avenida 17 Y Calle 20;2;1;0;1;0;0;Calle;LAS PAREJAS;Belgrano;Hormigón;No existe;III;Dentro;Urbana;Otra Señal;No existe;Intersección;Bueno;Buena;Diurna;Buen Tiempo;Múltiple;S/D;Colisión;Ninguna;Faltante
7541;2021;29/9/2021;Miercoles;11:45:00;;0.0;1;Pickup/Utilitario;CAMINO RURAL ;1;1;0;0;0;0;Camino Rural;MONTES DE OCA;Belgrano;Tierra;No existe;III;Dentro;Rural;Otra Señal;No existe;Intersección;Bueno;Buena;Diurna;Buen Tiempo;Múltiple;S/D;Colisión;Ninguna;Faltante
7542;2021;29/9/2021;Miercoles;11:15:00;;0.0;2;Moto/Ciclomotor,Moto/Ciclomotor;Ayacucho Y Bv. Seguí;3;1;0;2;0;0;Avenida;ROSARIO;Rosario;Asfalto;No existe;II;Dentro;Urbana;Otra Señal;No existe;Intersección;Bueno;Buena;Diurna;Buen Tiempo;Múltiple;S/D;Colisión;Ninguna;Vertical
7543;2021;29/9/2021;Miercoles;02:30:00;Ruta Provincial 18;0.0;2;Bicicleta,Taxi/Remis;Av. Ovidio Lagos 6500;2;1;0;1;0;0;Ruta;ROSARIO;Rosario;Asfalto;No existe;II;Dentro;Urbana;Otra Señal;Funciona;Intersección;Bueno;Buena;Nocturna,Con luz artificial;Buen Tiempo;Múltiple;Ciclista;Colisión;Ninguna;Horizontal,Vertical
7544;2021;29/9/2021;Miercoles;13:15:00;;0.0;2;Moto/Ciclomotor,Automóvil;Lamadrid Y Teodoro Hertz;3;2;0;1;0;0;Calle;CERES;San CRISTÓBAL;Asfalto;No existe;II;Dentro;Urbana;Otra Señal;No existe;Intersección;Bueno;Buena;Diurna;Buen Tiempo;Múltiple;S/D;Colisión;Ninguna;Faltante
7545;2021;29/9/2021;Miercoles;12:45:00;;0.0;2;Moto/Ciclomotor,Automóvil;Pérez de Denis Gregoria Y Pje Juan Ramonda;2;1;0;1;0;0;Calle;CERES;San CRISTÓBAL;Ripio;No existe;XIII;Dentro;Urbana;Otra Señal;No existe;Intersección;Bueno;Buena;Diurna;Buen Tiempo;Múltiple;S/D;Colisión;Ninguna;Faltante
7546;2021;29/9/2021;Miercoles;14:50:00;;0.0;2;Moto/Ciclomotor,Camión Chasis;Bv. Seguí Y Barra;2;0;0;1;1;0;Calle;ROSARIO;Rosario;Asfalto;No existe;II;S/D;Urbana;Otra Señal;No existe;Intersección;Bueno;S/D;Diurna;S/D;Múltiple;S/D;Colisión;Ninguna;Faltante
7547;2021;29/9/2021;Miercoles;;;0.0;2;Pickup/Utilitario,Camión; ;4;3;0;1;0;0;Camino Rural;TOSTADO;9 de Julio;S/D;S/D;XII;S/D;Rural;Otra Señal;S/D;Intersección;S/D;S/D;S/D;S/D;Múltiple;S/D;Colisión;S/D;S/D
7548;2021;29/9/2021;Miercoles;15:00:00;Ruta Provincial 6;0.0;2;Pickup/Utilitario,Moto/Ciclomotor;Rivadavia Y San Martin;2;1;0;1;0;0;Ruta;SAN CARLOS SUR;Las Colonias;Asfalto;No existe;XI;Dentro;Urbana;Otra Señal;No existe;Intersección;Bueno;Buena;Diurna;Buen Tiempo;Múltiple;S/D;Colisión;Ninguna;Faltante
7549;2021;29/9/2021;Miercoles;;;0.0;1;Moto/Ciclomotor;Calle 45 Y Calle 12;3;3;0;0;0;0;Calle;LAS TOSCAS;General Obligado;S/D;S/D;IX;Dentro;Urbana;Otra Señal;S/D;Intersección;S/D;S/D;S/D;S/D;Múltiple;S/D;Colisión;S/D;S/D
7550;2021;29/9/2021;Miercoles;16:10:00;;0.0;2;Automóvil,Moto/Ciclomotor;Uruguay Y San Lorenzo;2;1;0;1;0;0;Calle;VENADO TUERTO;General LÓPEZ;Asfalto;No existe;VIII;Dentro;Urbana;Otra Señal;No existe;Intersección;Bueno;Buena;Diurna;Buen Tiempo;Múltiple;S/D;Colisión;Ninguna;Faltante
7551;2021;29/9/2021;Miercoles;21:15:00;Ruta Nacional 33;614.0;2;Moto/Ciclomotor,Automóvil; ;2;1;0;1;0;0;Ruta;VENADO TUERTO;General LÓPEZ;Asfalto;Ripio;VIII;Dentro;Urbana;Otra Señal;No existe;Intersección;Bueno;Buena;Diurna;Buen Tiempo;Múltiple;S/D;Colisión;Ninguna;Horizontal
7552;2021;29/9/2021;Miercoles;17:30:00;;0.0;2;Automóvil,Automóvil;ALBERDI  Y CAMINO DE LA MEDIA LEGUA;3;1;0;2;0;0;Avenida;ROLDÁN;San Lorenzo;Tierra;No existe;XVII;Dentro;Rural;Otra Señal;No existe;Intersección;S/D;S/D;Diurna;S/D;Múltiple;S/D;Colisión;S/D;S/D
7553;2021;29/9/2021;Miercoles;17:15:00;;0.0;1;Moto/Ciclomotor;Roullon 3700;1;1;0;0;0;0;Calle;ROSARIO;Constitución;S/D;S/D;II;S/D;S/D;Otra Señal;S/D;Intersección;S/D;S/D;Diurna;S/D;Múltiple;S/D;Colisión;S/D;S/D
7554;2021;29/9/2021;Miercoles;21:30:00;;0.0;2;Moto/Ciclomotor,Pickup/Utilitario;Bv. Avellaneda Y Calle 1203;2;0;0;1;0;0;Avenida;ROSARIO;Constitución;Asfalto;No existe;II;Dentro;Urbana;Otra Señal;No existe;Intersección;Bueno;Buena;Nocturna,Con luz artificial;Buen Tiempo;Múltiple;S/D;Colisión;Ninguna;Faltante
7555;2021;29/9/2021;Miercoles;15:40:00;;0.0;2;Automóvil,Bicicleta;Padre R. Giaccone Y Pte. Roca;3;0;0;2;0;0;Calle;ROSARIO;Constitución;Asfalto;No existe;II;Dentro;Urbana;Otra Señal;No existe;Intersección;Bueno;Buena;Diurna;Buen Tiempo;Múltiple;Ciclista;Colisión;Ninguna;Faltante
7556;2021;30/9/2021;Jueves;18:20:00;;0.0;2;Moto/Ciclomotor,Automóvil;Av. Urquiza Y Estanislao Zeballos;2;1;0;1;0;0;Avenida;SANTA FE;La Capital;Asfalto;No existe;I;Dentro;Urbana;Otra Señal;No existe;Intersección;Bueno;Buena;Diurna;Buen Tiempo;Múltiple;S/D;Colisión;Ninguna;Faltante
7557;2021;30/9/2021;Jueves;18:05:00;;0.0;2;Bicicleta,Camión;Calle 25 Y Calle 16;3;0;0;2;1;0;Calle;LAS PAREJAS;Belgrano;Asfalto;No existe;III;S/D;Urbana;Otra Señal;No existe;Intersección;Deteriorada;Buena;Diurna;Buen Tiempo;Múltiple;Ciclista;Colisión;Otro;S/D
7558;2021;30/9/2021;Jueves;20:20:00;Ruta Provincial 1;19.0;2;Moto/Ciclomotor,Pickup/Utilitario; ;2;1;0;1;0;0;Ruta;ARROYO LEYES;La Capital;Asfalto;No existe;I;Dentro;Urbana;Otra Señal;No existe;Intersección;Bueno;Buena;Amanecer;Buen Tiempo;Múltiple;S/D;Colisión;Ninguna;Horizontal
7559;2021;30/9/2021;Jueves;17:20:00;;0.0;3;Automóvil,Automóvil,Pickup/Utilitario;Almirante Brown Y Soler;4;2;0;2;0;0;Calle;ESPERANZA;Las Colonias;Asfalto;No existe;XI;Dentro;Urbana;Otra Señal;No existe;Intersección;Bueno;Buena;Diurna;Buen Tiempo;Múltiple;S/D;Colisión;Ninguna;Horizontal
7560;2021;30/9/2021;Jueves;20:45:00;;0.0;2;Automóvil,Moto/Ciclomotor;H Irigoyen Y Santiago Cabral;3;1;0;2;0;0;Calle;SAN JAVIER;San Javier;Tierra;No existe;XIV;Dentro;Urbana;Otra Señal;No existe;Intersección;Bueno;Buena;Nocturna;Buen Tiempo;Múltiple;S/D;Colisión;Ninguna;Faltante
7561;2021;30/9/2021;Jueves;21:40:00;;0.0;1;Moto/Ciclomotor;12 de Octubre Y Cristóbal Colon;2;1;0;1;0;0;Calle;VILLA MINETTI;9 de Julio;Ripio;No existe;XII;Dentro;Urbana;Otra Señal;No existe;Intersección;Bueno;Reducida;Nocturna;Buen Tiempo;Múltiple;S/D;Colisión;Otro;Vertical
7562;2021;30/9/2021;Jueves;15:20:00;;0.0;2;Automóvil,Moto/Ciclomotor;Estado de Israel Y Pje. Barcelona;2;1;0;1;0;0;Calle;ROSARIO;Rosario;Asfalto;No existe;II;Dentro;Urbana;Otra Señal;No existe;Intersección;Bueno;Buena;Diurna;Buen Tiempo;Múltiple;S/D;Colisión;Ninguna;Faltante
7563;2021;30/9/2021;Jueves;18:10:00;;0.0;1;Moto/Ciclomotor;Fco Romero Y S Martin;1;1;0;0;0;0;Calle;SAN JUSTO;San Justo;Asfalto;No existe;XVI;Dentro;Urbana;Otra Señal;No existe;Intersección;Bueno;Buena;Diurna;Buen Tiempo;Múltiple;S/D;Colisión;Ninguna;Faltante
7564;2021;30/9/2021;Jueves;19:50:00;Ruta Nacional 11;0.0;2;Moto/Ciclomotor,Automóvil;Av. San Lorenzo Y Juan de Garay;2;1;0;1;0;0;Ruta;CAPITÁN BERMÚDEZ;San Lorenzo;Asfalto;No existe;XVII;Dentro;Urbana;Otra Señal;No existe;Intersección;Bueno;Buena;Diurna;Buen Tiempo;Múltiple;S/D;Colisión;Ninguna;Horizontal,Vertical
7565;2021;30/9/2021;Jueves;;;0.0;2;Moto/Ciclomotor,Bicicleta; ;2;1;0;1;0;0;S/D;LA ORILLA;Las Colonias;S/D;S/D;XI;S/D;S/D;Otra Señal;S/D;Intersección;S/D;S/D;S/D;S/D;Múltiple;S/D;Colisión;S/D;S/D
7566;2021;30/9/2021;Jueves;;;0.0;2;Automóvil,Bicicleta; ;2;1;0;1;0;0;S/D;ESPERANZA;Las Colonias;S/D;S/D;XI;S/D;S/D;Otra Señal;S/D;Intersección;S/D;S/D;S/D;S/D;Múltiple;Ciclista;Colisión;S/D;S/D
7567;2021;30/9/2021;Jueves;;;0.0;2;Automóvil,Automóvil; ;2;1;0;0;0;1;S/D;ESPERANZA;Las Colonias;S/D;S/D;XI;S/D;S/D;Otra Señal;S/D;Intersección;S/D;S/D;S/D;S/D;Múltiple;S/D;Colisión;S/D;S/D
7568;2021;30/9/2021;Jueves;04:20:00;Ruta Nacional 11;459.0;1;Moto/Ciclomotor;Avenida Nuestra Señora del Luj Y Ruta 11 Avenida Richieri;1;0;0;0;1;0;Ruta;SANTO TOMÉ;La Capital;Asfalto;No existe;I;S/D;Urbana;Otra Señal;No existe;Intersección;Bueno;S/D;Nocturna;S/D;Múltiple;S/D;Colisión;Ninguna;Faltante
7569;2021;30/9/2021;Jueves;18:20:00;;0.0;2;Pickup/Utilitario,Moto/Ciclomotor;AV General López Y Buenos Aires;2;1;0;1;0;0;Avenida;MALABRIGO;General Obligado;Asfalto;S/D;IX;Dentro;Urbana;Otra Señal;S/D;Intersección;S/D;S/D;S/D;S/D;Múltiple;S/D;Colisión;S/D;S/D
7570;2021;30/9/2021;Jueves;20:50:00;Ruta Nacional 11;0.0;1;Moto/Ciclomotor;Calle 13-Iturraspe Y Ruta Nacional 11;1;1;0;0;0;0;Ruta;RECONQUISTA;General Obligado;Asfalto;No existe;IX;Dentro;Urbana;Otra Señal;No existe;Intersección;Bueno;Buena;Nocturna,Con luz artificial;Buen Tiempo;Múltiple;S/D;Colisión;Ninguna;Horizontal
7571;2021;30/9/2021;Jueves;11:15:00;;0.0;2;Moto/Ciclomotor,Automóvil;Doctor Farran Y 25 de Mayo;2;1;0;1;0;0;Calle;VILLA OCAMPO;General Obligado;S/D;S/D;IX;Dentro;Urbana;Otra Señal;S/D;Intersección;S/D;S/D;S/D;S/D;Múltiple;S/D;Colisión;S/D;S/D
7572;2021;30/9/2021;Jueves;;;0.0;2;Moto/Ciclomotor,Automóvil;Av. Brasil ;2;1;0;1;0;0;Avenida;RAFAELA;Castellanos;S/D;S/D;V;Dentro;Urbana;Otra Señal;S/D;Intersección;S/D;S/D;S/D;S/D;Múltiple;S/D;Colisión;S/D;S/D
7573;2021;30/9/2021;Jueves;;;0.0;1;Moto/Ciclomotor;A Marini Y 14 de Julio;1;1;0;0;0;0;Calle;RAFAELA;Castellanos;Asfalto;No existe;V;Dentro;Urbana;Otra Señal;No existe;Intersección;Bueno;S/D;S/D;S/D;Múltiple;S/D;Colisión;Ninguna;Faltante
7574;2021;30/9/2021;Jueves;18:00:00;Ruta Provincial 70;0.0;2;Automóvil,Moto/Ciclomotor;Bv Santa Fe Y Salta;2;1;0;1;0;0;Ruta;RAFAELA;Castellanos;Asfalto;Pavimento;V;Dentro;Urbana;Otra Señal;No existe;Intersección;Bueno;Buena;Diurna;Buen Tiempo;Múltiple;S/D;Colisión;Ninguna;Horizontal,Vertical
7575;2021;30/9/2021;Jueves;14:15:00;;0.0;2;Moto/Ciclomotor,Automóvil;Junín Y Quintana;3;1;0;2;0;0;Calle;VENADO TUERTO;General LÓPEZ;Asfalto;No existe;VII;Dentro;Urbana;Otra Señal;No existe;Intersección;Bueno;Buena;Diurna;Buen Tiempo;Múltiple;S/D;Colisión;Ninguna;Faltante
7576;2021;30/9/2021;Jueves;05:15:00;;0.0;2;Moto/Ciclomotor,Pickup/Utilitario;AV PTE. PERÓN Y 3 DE FEBRERO;2;1;0;1;0;0;Avenida;VENADO TUERTO;General LÓPEZ;Asfalto;No existe;VIII;Dentro;Urbana;Otra Señal;No existe;Intersección;Bueno;S/D;Diurna;Buen Tiempo;Múltiple;S/D;Colisión;Ninguna;Faltante
7577;2021;30/9/2021;Jueves;06:45:00;Ruta Provincial 39;0.0;1;Automóvil; ;1;1;0;0;0;0;Ruta;GOBERNADOR CRESPO;San Justo;Asfalto;Natural;XVI;Dentro;Urbana;Otra Señal;S/D;Intersección;S/D;S/D;S/D;S/D;Múltiple;S/D;Colisión;S/D;S/D
7578;2021;30/9/2021;Jueves;17:30:00;;0.0;2;Automóvil,Automóvil;Colombia Y Pringles;3;1;0;2;0;0;Calle;CAÑADA DE GÓMEZ;Iriondo;Asfalto,Ripio;No existe;X;Dentro;Urbana;Otra Señal;No existe;Intersección;Bueno;Buena;Diurna;S/D;Múltiple;S/D;Colisión;Ninguna;Faltante
7579;2021;30/9/2021;Jueves;20:00:00;Autopista Nacional A008;0.0;2;Automóvil,Transporte de Pasajeros Larga Distancia (Doble Piso);Av. Circunvalación Y Av. Ovidio Lagos;2;1;0;1;0;0;Autopista;ROSARIO;Rosario;Asfalto;No existe;II;Dentro;Urbana;Otra Señal;No existe;Intersección;Bueno;Buena;Nocturna,Con luz artificial;Buen Tiempo;Múltiple;S/D;Colisión;Ninguna;Faltante
7580;2021;30/9/2021;Jueves;20:30:00;Autopista Nacional A008;0.0;3;Automóvil,Automóvil,Camión;Av. Circunvalación Y Av. Ovidio Lagos;3;2;0;1;0;0;Autopista;ROSARIO;Rosario;Asfalto;No existe;II;Dentro;Urbana;Otra Señal;No existe;Intersección;Bueno;Buena;Nocturna,Con luz artificial;S/D;Múltiple;S/D;Colisión;Ninguna;Faltante
7581;2021;30/9/2021;Jueves;14:00:00;Ruta Nacional 11;0.0;2;Moto/Ciclomotor,Moto/Ciclomotor;La Rioja Y Ruta Nac 11 Av. Perón;3;2;0;1;0;0;Ruta;SAN LORENZO;San Lorenzo;Asfalto;No existe;XVII;Dentro;Urbana;Otra Señal;No existe;Intersección;Bueno;S/D;Diurna;Buen Tiempo;Múltiple;S/D;Colisión;Ninguna;Faltante
7582;2021;30/9/2021;Jueves;17:30:00;;0.0;2;Automóvil,Bicicleta;Gral. Paz Y S Gaboto;4;1;0;3;0;0;Calle;CAPITÁN BERMÚDEZ;San Lorenzo;Asfalto;No existe;XVII;Dentro;Urbana;Otra Señal;No existe;Intersección;Bueno;S/D;Diurna;Buen Tiempo;Múltiple;S/D;Colisión;Ninguna;Faltante
7583;2021;30/9/2021;Jueves;11:30:00;;0.0;2;Automóvil,Moto/Ciclomotor;General López Y Urquiza;2;1;0;1;0;0;Calle;SAN LORENZO;San Lorenzo;Asfalto;No existe;XVII;Dentro;Urbana;Otra Señal;No existe;Intersección;Bueno;S/D;Diurna;Buen Tiempo;Múltiple;S/D;Colisión;S/D;Horizontal
7584;2021;30/9/2021;Jueves;14:00:00;;0.0;1;Otros; ;1;1;0;0;0;0;S/D;ZAVALLA;Constitución;S/D;S/D;II;S/D;S/D;Otra Señal;S/D;Intersección;S/D;S/D;Diurna;S/D;Múltiple;S/D;Colisión;S/D;S/D
7585;2021;30/9/2021;Jueves;17:20:00;Ruta Provincial 1;17.0;2;Moto/Ciclomotor,Automóvil; ;2;0;0;1;0;0;Ruta;ARROYO LEYES;Constitución;Asfalto;No existe;I;Dentro;Urbana;Otra Señal;No existe;Intersección;Bueno;Buena;Diurna;Buen Tiempo;Múltiple;S/D;Colisión;Ninguna;Horizontal
7586;2021;30/9/2021;Jueves;16:15:00;;0.0;2;Moto/Ciclomotor,Pickup/Utilitario;Italia Y Saavedra;2;0;0;1;0;0;Calle;ROSARIO;Constitución;Asfalto;No existe;II;Dentro;Urbana;Otra Señal;No existe;Intersección;Bueno;Buena;Diurna;Buen Tiempo;Múltiple;S/D;Colisión;Ninguna;Faltante
7587;2021;30/9/2021;Jueves;;;0.0;2;Moto/Ciclomotor,Automóvil;Av. San Lorenzo Y Florida;2;0;0;1;0;0;Avenida;CAPITÁN BERMÚDEZ;Constitución;Asfalto;No existe;XVII;Dentro;Urbana;Otra Señal;Funciona;Intersección;Resbaladiza;Buena;Diurna;Buen Tiempo;Múltiple;S/D;Colisión;Agua;Vertical
7588;2021;30/9/2021;Jueves;00:05:00;;0.0;1;Bicicleta;Gutenberg Y La Paz;1;0;0;0;0;0;Calle;ROSARIO;Rosario;S/D;No existe;II;Dentro;Urbana;Otra Señal;No existe;Intersección;S/D;S/D;Nocturna;S/D;Múltiple;S/D;Colisión;S/D;Faltante
7589;2021;1/10/2021;Viernes;17:10:00;;0.0;2;Moto/Ciclomotor,Automóvil;Neuquén Y Nicaragua;2;1;0;1;0;0;Calle;ROSARIO;Rosario;Asfalto;No existe;II;Dentro;Urbana;Otra Señal;No existe;Intersección;Bueno;Buena;Diurna;Buen Tiempo;Múltiple;S/D;Colisión;Ninguna;Faltante
7590;2021;1/10/2021;Viernes;15:45:00;;0.0;2;Automóvil,Pickup/Utilitario;Av. Ovidio Lagos 4300;2;1;0;1;0;0;Calle;ROSARIO;Rosario;Asfalto;No existe;II;Dentro;Urbana;Otra Señal;No existe;Intersección;Bueno;Buena;Diurna;Buen Tiempo;Múltiple;S/D;Colisión;Ninguna;Horizontal
7591;2021;1/10/2021;Viernes;08:30:00;;0.0;2;Moto/Ciclomotor,Automóvil;CALLE 2016 Y FERNANDO RUIZ;2;1;0;1;0;0;Calle;ROSARIO;Rosario;Asfalto;No existe;II;Dentro;Urbana;Otra Señal;No existe;Intersección;Bueno;Buena;Diurna;Buen Tiempo;Múltiple;S/D;Colisión;Ninguna;Faltante
7592;2021;1/10/2021;Viernes;22:00:00;Ruta Secundaria 18-s;0.0;2;Moto/Ciclomotor,Otros;25 DE MAYO  ;2;1;0;0;0;1;Ruta;ALDAO;Constitución;Asfalto;No existe;XVII;Dentro;Urbana;Otra Señal;No existe;Intersección;Bueno;Buena;Nocturna;Buen Tiempo;Múltiple;S/D;Colisión;Ninguna;Horizontal
7593;2021;1/10/2021;Viernes;17:20:00;;0.0;2;Automóvil,Automóvil;Aguado Y Reg. 12 de Infantería;2;1;0;1;0;0;Calle;SANTA FE;Constitución;Asfalto;No existe;I;Dentro;Urbana;Otra Señal;No existe;Intersección;Bueno;Buena;Diurna;Buen Tiempo;Múltiple;S/D;Colisión;Ninguna;Horizontal
7594;2021;1/10/2021;Viernes;17:00:00;;0.0;2;Moto/Ciclomotor,Automóvil;Alvear Y Padre Genesio;2;1;0;1;0;0;Calle;SANTA FE;Constitución;Asfalto;No existe;I;Dentro;Urbana;Otra Señal;No existe;Intersección;Bueno;Buena;Diurna;Buen Tiempo;Múltiple;S/D;Colisión;Ninguna;S/D
7595;2021;1/10/2021;Viernes;17:00:00;;0.0;2;Moto/Ciclomotor,Pickup/Utilitario;Huergo Y Las Heras;2;1;0;1;0;0;Calle;SANTA FE;Constitución;Asfalto;No existe;I;Dentro;Urbana;Otra Señal;No existe;Intersección;Bueno;Buena;Diurna;Buen Tiempo;Múltiple;S/D;Colisión;Ninguna;Faltante
7596;2021;1/10/2021;Viernes;09:45:00;;0.0;2;Moto/Ciclomotor,Pickup/Utilitario;Independencia Y Máximo Cameron;2;1;0;1;0;0;Calle;SAN JUSTO;Constitución;Hormigón;No existe;XVI;Dentro;Urbana;Otra Señal;No existe;Intersección;Bueno;Buena;Diurna;Buen Tiempo;Múltiple;S/D;Colisión;Ninguna;Faltante
7597;2021;1/10/2021;Viernes;19:00:00;;0.0;2;Automóvil,Moto/Ciclomotor;Republica de Chile ;2;1;0;1;0;0;Calle;SAN LORENZO;Constitución;S/D;S/D;XVII;Dentro;Urbana;Otra Señal;S/D;Intersección;S/D;S/D;S/D;S/D;Múltiple;S/D;Colisión;S/D;S/D
7598;2021;1/10/2021;Viernes;21:35:00;;0.0;2;Automóvil,Moto/Ciclomotor;San Lorenzo Y Sgto. Cabral;2;1;0;1;0;0;Calle;CALCHAQUÍ;Constitución;Ripio;No existe;XIX;Dentro;Urbana;Otra Señal;No existe;Intersección;Bueno;Buena;Nocturna;Buen Tiempo;Múltiple;S/D;Colisión;Ninguna;Faltante
7599;2021;1/10/2021;Viernes;10:45:00;;0.0;2;Automóvil,Pickup/Utilitario;4 de Enero Y Obispo Gelabert;2;1;0;1;0;0;Calle;SANTA FE;Constitución;Asfalto;No existe;I;Dentro;Urbana;Otra Señal;No existe;Intersección;Bueno;Buena;Diurna;Buen Tiempo;Múltiple;S/D;Colisión;Ninguna;Horizontal,Vertical
7600;2021;1/10/2021;Viernes;15:15:00;;0.0;2;Bicicleta,Automóvil;Av. Urquiza Y Juan de Garay;2;1;0;1;0;0;Avenida;SANTA FE;Constitución;Asfalto;No existe;I;Dentro;Urbana;Otra Señal;Funciona;Intersección;Bueno;Buena;Diurna;S/D;Múltiple;Ciclista;Colisión;Ninguna;Horizontal,Vertical
7601;2021;1/10/2021;Viernes;16:40:00;;0.0;2;Moto/Ciclomotor,Automóvil;Uruguay Y 1ro de Mayo;2;1;0;1;0;0;Calle;SANTA FE;Constitución;Asfalto;No existe;I;Dentro;Urbana;Otra Señal;No existe;Intersección;Bueno;Buena;Diurna;Buen Tiempo;Múltiple;S/D;Colisión;Ninguna;Horizontal
7602;2021;1/10/2021;Viernes;12:00:00;;0.0;2;Moto/Ciclomotor,Automóvil;Av. Beck-Herzog ;2;1;0;1;0;0;Avenida;HUMBOLDT;Constitución;Hormigón;No existe;XI;Dentro;Urbana;Otra Señal;No existe;Intersección;Bueno;Buena;Diurna;Buen Tiempo;Múltiple;S/D;Colisión;Ninguna;Faltante
7603;2021;1/10/2021;Viernes;14:00:00;;0.0;2;Peatón,Moto/Ciclomotor;Av. A del Valle Y Vieytes;2;1;0;1;0;0;Avenida;SANTA FE;Constitución;Asfalto;No existe;I;Dentro;Urbana;Otra Señal;No existe;Intersección;Bueno;Buena;Diurna;Buen Tiempo;Múltiple;Peatón;Colisión;Agua;Faltante
7604;2021;1/10/2021;Viernes;16:00:00;;0.0;2;Moto/Ciclomotor,Pickup/Utilitario;Av. López y Planes Y Agustín Delgado;2;1;0;1;0;0;Calle;SANTA FE;Constitución;Asfalto;No existe;I;Dentro;Urbana;Otra Señal;Funciona;Intersección;Bueno;Buena;Diurna;Buen Tiempo;Múltiple;S/D;Colisión;Ninguna;Vertical