ID_Accidente;A�o;Fecha;Dia;Hopra;Ruta/Autop;km;Participantes;Tipo;Lugar;Total;Heridos Leves;Heridos Graves;Ilesos;Fallecidos;Sin datos;desc_tipo_via;desc_loc;desc_dpto;|;desc_tipo_banquina;desc_unidad_regional;desc_lugar_calzada;desc_zona;desc_prioridad;desc_estado_semaforo;desc_lugar_via;desc_estado_via;desc_estado_visibilidad;desc_luminosidad;desc_estado_clima;desc_tipo_colision;desc_tipo_atropello;desc_tipo_hecho;desc_pres_calzada;desc_senializacion
7605;2021;1/10/2021;Viernes;13:50:00;Ruta Provincial 1;0.0;2;Moto/Ciclomotor,Automóvil;Boulevard General B Mitre Y P P Sellares;4;2;0;2;0;0;Ruta;HELVECIA;Constitución;Asfalto;S/D;VII;Dentro;Urbana;Otra Señal;S/D;Intersección;S/D;S/D;Diurna;S/D;Múltiple;S/D;Colisión;S/D;S/D
7606;2021;1/10/2021;Viernes;08:30:00;;0.0;2;Moto/Ciclomotor,Pickup/Utilitario;Garibaldi Y San Martin;3;1;0;2;0;0;Avenida;ROSARIO;Constitución;Asfalto;No existe;II;Dentro;Urbana;Otra Señal;Funciona;Intersección;Bueno;Buena;Diurna;Buen Tiempo;Múltiple;S/D;Colisión;Ninguna;Horizontal,Vertical
7607;2021;1/10/2021;Viernes;08:35:00;;0.0;2;Moto/Ciclomotor,Automóvil;Mr.Ross Y Paraguay;3;2;0;1;0;0;Calle;ROSARIO;Constitución;Asfalto;No existe;II;Dentro;Urbana;Otra Señal;No existe;Intersección;Bueno;Buena;Diurna;Buen Tiempo;Múltiple;S/D;Colisión;Ninguna;Faltante
7608;2021;1/10/2021;Viernes;12:10:00;;0.0;2;Moto/Ciclomotor,Moto/Ciclomotor;Albert Sabin Y Almafuerte;3;2;0;0;0;1;Avenida;ROSARIO;Constitución;Asfalto;No existe;II;Dentro;Urbana;Otra Señal;No existe;Intersección;Bueno;Buena;Diurna;Buen Tiempo;Múltiple;S/D;Colisión;Ninguna;Horizontal
7609;2021;1/10/2021;Viernes;;Ruta Nacional 11;0.0;2;Automóvil,Pickup/Utilitario;Ruta Nacional 11 Y Ruta Prov. 70;2;1;0;1;0;0;Ruta;RECREO;Constitución;Asfalto;No existe;I;Dentro;Urbana;Otra Señal;No existe;Intersección;Bueno;S/D;S/D;S/D;Múltiple;S/D;Colisión;S/D;Horizontal
7610;2021;1/10/2021;Viernes;08:30:00;;0.0;2;Moto/Ciclomotor,Automóvil;Pellegrini Y Roca;2;1;0;1;0;0;Calle;LA GALLARETA;Constitución;S/D;No existe;XIX;Dentro;Urbana;Otra Señal;S/D;Intersección;S/D;S/D;Diurna;S/D;Múltiple;S/D;Colisión;S/D;S/D
7611;2021;1/10/2021;Viernes;18:30:00;;0.0;2;Automóvil,Moto/Ciclomotor;25 de Mayo Y Mariano Comas;2;1;0;1;0;0;Calle;SANTA FE;Constitución;Asfalto;No existe;I;Dentro;Urbana;Otra Señal;Funciona;Intersección;Bueno;S/D;Diurna;S/D;Múltiple;S/D;Colisión;Ninguna;Vertical
7612;2021;1/10/2021;Viernes;07:45:00;;0.0;2;Moto/Ciclomotor,Pickup/Utilitario;Güemes Y Santiago Derqui;2;1;0;1;0;0;Calle;VENADO TUERTO;Constitución;Asfalto;No existe;VIII;Dentro;Urbana;Otra Señal;No existe;Intersección;S/D;S/D;S/D;S/D;Múltiple;S/D;Colisión;S/D;Faltante
7613;2021;1/10/2021;Viernes;19:30:00;;0.0;2;Pickup/Utilitario,Bicicleta;3 de Febrero Y Vuelta de Obligado;2;1;0;1;0;0;Calle;VENADO TUERTO;Constitución;S/D;No existe;VIII;Dentro;Urbana;Otra Señal;S/D;Intersección;S/D;S/D;Nocturna;S/D;Múltiple;S/D;Colisión;S/D;S/D
7614;2021;1/10/2021;Viernes;;;0.0;2;Tren,Automóvil;Eva Perón Y Federico García Lorca;3;2;0;1;0;0;Calle;GRANADERO BAIGORRIA;Constitución;Asfalto;No existe;II;Dentro;Urbana;Otra Señal;No existe;Intersección;Deteriorada;S/D;Diurna;S/D;Múltiple;S/D;Colisión;S/D;Vertical
7615;2021;1/10/2021;Viernes;11:10:00;;0.0;1;Moto/Ciclomotor;Calle 18 - Gral. Belgrano Y Calle 9-Mariano Moreno;1;1;0;0;0;0;Calle;RECONQUISTA;Constitución;Asfalto;No existe;IX;Dentro;Urbana;Otra Señal;No existe;Intersección;Bueno;Buena;Diurna;Buen Tiempo;Múltiple;S/D;Colisión;Ninguna;Faltante
7616;2021;1/10/2021;Viernes;15:30:00;;0.0;1;Moto/Ciclomotor;Bv. Wilde Y Córdoba;1;1;0;0;0;0;Avenida;ROSARIO;Constitución;S/D;S/D;II;S/D;S/D;Otra Señal;S/D;Intersección;S/D;S/D;Diurna;S/D;Múltiple;S/D;Colisión;S/D;S/D
7617;2021;1/10/2021;Viernes;08:40:00;Ruta Provincial 18;6.0;2;Pickup/Utilitario,Pickup/Utilitario; ;4;0;0;2;1;0;Ruta;ALVEAR;Constitución;Asfalto;Natural;II;Dentro;Urbana;Otra Señal;No existe;Intersección;Bueno;Buena;Diurna;Buen Tiempo;Múltiple;S/D;Colisión;Ninguna;Vertical
7618;2021;1/10/2021;Viernes;16:50:00;;0.0;2;Moto/Ciclomotor,Transporte de Pasajeros Urbano (> 8 asientos);J.J.Paso Y Pje. Sotomayor Bis;3;0;0;2;0;0;Calle;ROSARIO;Constitución;Asfalto;No existe;II;Dentro;Urbana;Otra Señal;No existe;Intersección;S/D;S/D;Diurna;S/D;Múltiple;S/D;Colisión;S/D;Horizontal
7619;2021;1/10/2021;Viernes;18:05:00;;0.0;3;Pickup/Utilitario,Moto/Ciclomotor,Automóvil;Cerrito Y Liniers;3;0;0;2;0;0;Calle;ROSARIO;Constitución;Asfalto;No existe;II;Dentro;Urbana;Otra Señal;No existe;Intersección;Bueno;Buena;Diurna;Buen Tiempo;Múltiple;S/D;Colisión;Ninguna;Faltante
7620;2021;1/10/2021;Viernes;;;0.0;1;Moto/Ciclomotor; ;1;0;0;0;0;0;S/D;SANTA FE;Constitución;Asfalto;No existe;I;S/D;S/D;Otra Señal;Funciona;Intersección;Bueno;Buena;Nocturna;Buen Tiempo;Múltiple;S/D;Colisión;Ninguna;Vertical
7621;2021;1/10/2021;Viernes;;;0.0;2;Moto/Ciclomotor,Moto/Ciclomotor;Javier de la Rosa Y Saavedra;2;1;0;0;0;0;Calle;SANTA FE;Constitución;Asfalto;No existe;I;Dentro;Urbana;Otra Señal;No existe;Intersección;S/D;S/D;S/D;S/D;Múltiple;S/D;Colisión;S/D;Faltante
7622;2021;1/10/2021;Viernes;21:00:00;;0.0;1;Moto/Ciclomotor;Av. Uriburu Y Bv. Avellaneda;1;0;0;0;0;0;Avenida;ROSARIO;Rosario;Asfalto;No existe;II;Dentro;Urbana;Otra Señal;No existe;Intersección;S/D;S/D;Nocturna;S/D;Múltiple;S/D;Colisión;S/D;Horizontal,Vertical
7623;2021;1/10/2021;Viernes;17:30:00;;0.0;1;Bicicleta;Suipacha 4500;1;0;0;0;0;0;Calle;ROSARIO;Rosario;Asfalto;No existe;II;Dentro;Urbana;Otra Señal;No existe;Intersección;S/D;S/D;Diurna;S/D;Múltiple;S/D;Colisión;S/D;Vertical
7624;2021;1/10/2021;Viernes;16:30:00;;0.0;2;Otros,Peatón;Rodríguez Y Saavedra;2;0;0;0;0;1;Calle;ROSARIO;Rosario;Asfalto;No existe;II;Dentro;Urbana;Otra Señal;No existe;Intersección;S/D;S/D;Diurna;S/D;Múltiple;Peatón;Colisión;S/D;Horizontal
7625;2021;2/10/2021;Sabado;16:30:00;Ruta Secundaria 83-s;182.0;1;Pickup/Utilitario; ;2;1;0;0;1;0;Ruta;INTIYACO;Vera;S/D;S/D;XIX;S/D;Rural;Otra Señal;S/D;Intersección;S/D;S/D;Diurna;S/D;Múltiple;S/D;Colisión;S/D;S/D
7626;2021;2/10/2021;Sabado;11:40:00;;0.0;2;Moto/Ciclomotor,Automóvil;Obispo Gelabert Y Avenida Pedro Cello Gómez;2;0;0;0;1;1;Calle;SANTO TOMÉ;La Capital;Asfalto;No existe;I;S/D;Urbana;Otra Señal;No existe;Intersección;Bueno;S/D;Diurna;S/D;Múltiple;S/D;Colisión;Ninguna;Faltante
7627;2021;2/10/2021;Sabado;20:50:00;;0.0;2;Moto/Ciclomotor,Moto/Ciclomotor; ;3;3;0;0;0;0;S/D;ROSARIO;Rosario;S/D;S/D;II;S/D;S/D;Otra Señal;S/D;Intersección;S/D;S/D;Nocturna;S/D;Múltiple;S/D;Colisión;S/D;S/D
7628;2021;2/10/2021;Sabado;09:30:00;;0.0;2;Moto/Ciclomotor,Otros;B Mitre Y José de San Martin;2;1;0;1;0;0;Calle;HERSILIA;San CRISTÓBAL;Asfalto;No existe;XIII;Dentro;Urbana;Otra Señal;No existe;Intersección;Otro;Buena;Diurna;Buen Tiempo;Múltiple;S/D;Colisión;Ninguna;Faltante
7629;2021;2/10/2021;Sabado;19:20:00;;0.0;2;Automóvil,Bicicleta;H Irigoyen Y Santiago del Estero;2;1;0;1;0;0;Calle;LAGUNA PAIVA;Constitución;Asfalto;No existe;I;Dentro;Urbana;Otra Señal;No existe;Intersección;Bueno;Buena;Atardecer;Buen Tiempo;Múltiple;Ciclista;Colisión;Ninguna;Faltante
7630;2021;2/10/2021;Sabado;22:30:00;;0.0;3;Automóvil,Bicicleta,Bicicleta;Av. A del Valle Y Los Paraísos;3;2;0;1;0;0;Avenida;SANTA FE;Constitución;Asfalto;Ripio;I;Dentro;Urbana;Otra Señal;S/D;Intersección;Bueno;Buena;Atardecer,Con luz artificial;Buen Tiempo;Múltiple;Ciclista;Colisión;Ninguna;Faltante
7631;2021;2/10/2021;Sabado;;;0.0;2;Automóvil,Bicicleta;Antonino Alzugaray Y Dr. De la Colina;2;1;0;1;0;0;Calle;SAN JAVIER;Constitución;Tierra;No existe;XIV;Dentro;Urbana;Otra Señal;No existe;Intersección;Ahuellamiento;Reducida;Nocturna;Buen Tiempo;Múltiple;Ciclista;Colisión;Ninguna;Faltante
7632;2021;2/10/2021;Sabado;11:05:00;;0.0;2;Moto/Ciclomotor,Moto/Ciclomotor;Catamarca Y La Pampa;2;1;0;1;0;0;Calle;TOSTADO;Constitución;Ripio;No existe;XII;Dentro;Urbana;Otra Señal;No existe;Intersección;Bueno;Buena;Diurna;Buen Tiempo;Múltiple;S/D;Colisión;Ninguna;Faltante
7633;2021;2/10/2021;Sabado;23:30:00;;0.0;1;Moto/Ciclomotor;Presbítero José Houriet Y Urquiza;2;2;0;0;0;0;Calle;VERA;Constitución;Ripio;Natural;XIX;Dentro;Urbana;Otra Señal;No existe;Intersección;Bueno;Buena;Diurna;Buen Tiempo;Múltiple;S/D;Colisión;Material Suelto;Faltante
7634;2021;2/10/2021;Sabado;23:50:00;;0.0;2;Automóvil,Moto/Ciclomotor;Vélez Sarsfield 3400;2;1;0;1;0;0;Calle;SANTA FE;Constitución;Asfalto;No existe;I;Dentro;Urbana;Otra Señal;No existe;Intersección;Bueno;Buena;Nocturna;Buen Tiempo;Múltiple;S/D;Colisión;Ninguna;Horizontal
7635;2021;2/10/2021;Sabado;15:15:00;Ruta Nacional 168;0.0;2;Moto/Ciclomotor,Pickup/Utilitario; ;2;1;0;1;0;0;Ruta;SANTA FE;Constitución;Asfalto;No existe;I;Dentro;Urbana;Otra Señal;No existe;Intersección;Bueno;Buena;Diurna;Buen Tiempo;Múltiple;S/D;Colisión;Ninguna;Horizontal,Vertical
7636;2021;2/10/2021;Sabado;;;0.0;2;Pickup/Utilitario,Moto/Ciclomotor;Bv Bell Ville Y Radical;3;2;0;1;0;0;Avenida;ARMSTRONG;Constitución;Asfalto;No existe;III;Dentro;Urbana;Otra Señal;No existe;Intersección;Bueno;Buena;Diurna;Buen Tiempo;Múltiple;S/D;Colisión;Ninguna;Faltante
7637;2021;2/10/2021;Sabado;02:30:00;;0.0;2;Moto/Ciclomotor,Pickup/Utilitario;L.N.Alem Y Virasoro;2;1;0;1;0;0;Calle;ROSARIO;Constitución;Asfalto;No existe;II;Dentro;Urbana;Otra Señal;No existe;Intersección;Bueno;Buena;Nocturna,Con luz artificial;Buen Tiempo;Múltiple;S/D;Colisión;Ninguna;Horizontal,Vertical
7638;2021;2/10/2021;Sabado;19:10:00;;0.0;2;Automóvil,Automóvil;Ameghino Y Av. Corrientes;5;4;0;1;0;0;Calle;ROSARIO;Constitución;Asfalto;No existe;II;Dentro;Urbana;Otra Señal;No existe;Intersección;Bueno;Buena;Nocturna;Buen Tiempo;Múltiple;S/D;Colisión;Ninguna;Vertical
7639;2021;2/10/2021;Sabado;02:45:00;;0.0;2;Moto/Ciclomotor,Automóvil;Berutti Y General Manuel Belgrano;3;2;0;1;0;0;Avenida;ESPERANZA;Constitución;Asfalto;No existe;II;Dentro;Urbana;Otra Señal;No existe;Intersección;Bueno;Buena;Nocturna;Buen Tiempo;Múltiple;S/D;Colisión;S/D;Horizontal
7640;2021;2/10/2021;Sabado;23:00:00;;0.0;1;Moto/Ciclomotor;Avda. 25 de Mayo Y Dorrego;1;1;0;0;0;0;Avenida;GÁLVEZ;Constitución;Asfalto;No existe;XV;Dentro;Urbana;Otra Señal;S/D;Intersección;S/D;S/D;Nocturna;S/D;Múltiple;S/D;Colisión;S/D;S/D
7641;2021;2/10/2021;Sabado;23:35:00;;0.0;2;Automóvil,Moto/Ciclomotor;30 de Julio Y Av. Irigoyen;3;2;0;1;0;0;Calle;BARRANCAS;Constitución;S/D;No existe;XV;Dentro;Urbana;Otra Señal;S/D;Intersección;S/D;S/D;Nocturna;S/D;Múltiple;S/D;Colisión;Ninguna;S/D
7642;2021;2/10/2021;Sabado;22:00:00;;0.0;1;Moto/Ciclomotor;Calle 35 Y Marcos Ciani;1;1;0;0;0;0;Calle;VENADO TUERTO;Constitución;Asfalto;Ripio;VIII;Dentro;Rural;Otra Señal;No existe;Intersección;Bueno;S/D;Nocturna;S/D;Múltiple;S/D;Colisión;Ninguna;Horizontal
7643;2021;2/10/2021;Sabado;23:00:00;Ruta Secundaria 96-s;34.0;1;Automóvil; ;2;2;0;0;0;0;Ruta;GARABATO;Constitución;S/D;S/D;XIX;Dentro;Rural;Otra Señal;S/D;Intersección;S/D;S/D;Nocturna;S/D;Múltiple;S/D;Colisión;S/D;S/D
7644;2021;2/10/2021;Sabado;21:00:00;;0.0;2;Automóvil,Moto/Ciclomotor;Viamonte Y Entre Ríos;2;1;0;0;0;1;Calle;ROSARIO;Constitución;S/D;S/D;II;S/D;Urbana;Otra Señal;S/D;Intersección;S/D;S/D;Nocturna;S/D;Múltiple;S/D;Colisión;S/D;S/D
7645;2021;2/10/2021;Sabado;07:30:00;;0.0;2;Peatón,Automóvil;BV SEGUÍ  Y JUAN PABLO II;2;0;0;1;0;0;Avenida;ROSARIO;Constitución;Asfalto;No existe;II;Dentro;Urbana;Otra Señal;No existe;Intersección;Bueno;Buena;Diurna;Buen Tiempo;Múltiple;Peatón;Colisión;Ninguna;Faltante
7646;2021;2/10/2021;Sabado;04:50:00;;0.0;2;Automóvil,Moto/Ciclomotor;San Martin Y 25 de Mayo;3;1;0;1;0;0;Calle;NELSON;Constitución;Asfalto;No existe;I;Dentro;Urbana;Otra Señal;No existe;Intersección;Bueno;Buena;Nocturna,Con luz artificial;Buen Tiempo;Múltiple;S/D;Colisión;Ninguna;Faltante
7647;2021;2/10/2021;Sabado;15:20:00;;0.0;2;Automóvil,Moto/Ciclomotor;San Juan Y Republica de Chile;3;1;0;1;0;0;Calle;SAN LORENZO;Constitución;Asfalto;No existe;XVII;Dentro;Urbana;Otra Señal;No existe;Intersección;Bueno;Buena;Diurna;Buen Tiempo;Múltiple;S/D;Colisión;Ninguna;Faltante
7648;2021;2/10/2021;Sabado;12:30:00;;0.0;2;Moto/Ciclomotor,Automóvil;Francia Y Mariano Comas;2;0;0;1;0;0;Calle;SANTA FE;Constitución;Asfalto;No existe;I;Dentro;Urbana;Otra Señal;No existe;Intersección;Deteriorada;S/D;Diurna;S/D;Múltiple;S/D;Colisión;S/D;Faltante
7649;2021;2/10/2021;Sabado;21:00:00;;0.0;2;Automóvil,Moto/Ciclomotor;A. Capdevila Y Quintana;3;0;0;2;0;0;Calle;CAÑADA DE GÓMEZ;Constitución;S/D;No existe;X;Dentro;Urbana;Otra Señal;No existe;Intersección;S/D;S/D;S/D;S/D;Múltiple;S/D;Colisión;S/D;S/D
7650;2021;2/10/2021;Sabado;21:00:00;Autopista Nacional A008;0.0;1;Moto/Ciclomotor;Av. Circunvalación Y Bv. 27 De Febrero;1;0;0;0;0;0;Autopista;ROSARIO;Rosario;Asfalto;Pavimento;II;Dentro;Urbana;Otra Señal;Funciona;Intersección;S/D;S/D;Nocturna;S/D;Múltiple;S/D;Colisión;S/D;Horizontal,Vertical
7651;2021;3/10/2021;Domingo;14:00:00;;0.0;2;Moto/Ciclomotor,Moto/Ciclomotor;Matienzo Y Pje. Lejarza;2;1;0;1;0;0;Calle;ROSARIO;Rosario;Asfalto;No existe;II;Dentro;Urbana;Otra Señal;No existe;Intersección;Bueno;Buena;Diurna;Buen Tiempo;Múltiple;S/D;Colisión;Ninguna;Faltante
7652;2021;3/10/2021;Domingo;23:30:00;Ruta Provincial 21;0.0;2;Moto/Ciclomotor,Automóvil;Av. Gral. San Martin Y Emilio Zola;2;1;0;1;0;0;Ruta;VILLA GOBERNADOR GÁLVEZ;Rosario;Asfalto;No existe;II;Dentro;Urbana;Otra Señal;Funciona;Intersección;Bueno;Buena;Nocturna,Con luz artificial;Buen Tiempo;Múltiple;S/D;Colisión;Ninguna;Horizontal,Vertical
7653;2021;3/10/2021;Domingo;20:00:00;;0.0;2;Moto/Ciclomotor,Automóvil;Av. Gral. Paz Y Luciano Torrent;2;1;0;1;0;0;Avenida;SANTA FE;Constitución;Asfalto;No existe;I;Dentro;Urbana;Otra Señal;No existe;Intersección;S/D;Buena;Nocturna;Buen Tiempo;Múltiple;S/D;Colisión;Ninguna;Horizontal
7654;2021;3/10/2021;Domingo;16:10:00;;0.0;2;Automóvil,Moto/Ciclomotor;Av. J J Paso Y Dr. Zavalla;2;1;0;1;0;0;Avenida;SANTA FE;Constitución;Asfalto;No existe;I;Dentro;Urbana;Otra Señal;No existe;Intersección;Bueno;Buena;Diurna;Buen Tiempo;Múltiple;S/D;Colisión;Ninguna;Faltante
7655;2021;3/10/2021;Domingo;00:50:00;;0.0;2;Moto/Ciclomotor,Automóvil;NAZARENO CRUCIANELLI Y PERÚ;3;2;0;1;0;0;Calle;ARMSTRONG;Constitución;Asfalto;No existe;III;Dentro;Urbana;Otra Señal;No existe;Intersección;Bueno;Buena;Nocturna,Con luz artificial;Buen Tiempo;Múltiple;S/D;Colisión;Ninguna;Faltante
7656;2021;3/10/2021;Domingo;18:30:00;;0.0;2;Pickup/Utilitario,Moto/Ciclomotor;J.J.Perez Y Matheu;2;1;0;1;0;0;Calle;ROSARIO;Constitución;Asfalto;No existe;II;Dentro;Urbana;Otra Señal;No existe;Intersección;Bueno;Buena;Diurna;Buen Tiempo;Múltiple;S/D;Colisión;Ninguna;Faltante
7657;2021;3/10/2021;Domingo;16:50:00;;0.0;2;Moto/Ciclomotor,Automóvil;Casiano Casas Y Pávlov;2;1;0;1;0;0;Calle;ROSARIO;Constitución;Asfalto;No existe;II;Dentro;Urbana;Otra Señal;Funciona;Intersección;Bueno;Buena;Diurna;Buen Tiempo;Múltiple;S/D;Colisión;Agua;Horizontal,Vertical
7658;2021;3/10/2021;Domingo;09:32:00;;0.0;2;Moto/Ciclomotor,Automóvil;Medrano Y Superi;2;1;0;1;0;0;Calle;ROSARIO;Constitución;Asfalto;No existe;II;Dentro;Urbana;Otra Señal;No existe;Intersección;S/D;S/D;Diurna;S/D;Múltiple;S/D;Colisión;S/D;Vertical
7659;2021;3/10/2021;Domingo;20:00:00;Ruta Secundaria 280-s;28.0;1;Automóvil; ;1;1;0;0;0;0;Ruta;COLONIA ALDAO;Constitución;Asfalto;Natural;V;Dentro;Rural;Otra Señal;S/D;Intersección;S/D;S/D;S/D;S/D;Múltiple;S/D;Colisión;S/D;S/D
7660;2021;3/10/2021;Domingo;;Ruta Provincial 1;125.0;1;Automóvil; ;4;4;0;0;0;0;Ruta;SAN JAVIER;Constitución;Asfalto;Ripio;XIV;Dentro;Rural;Otra Señal;S/D;Intersección;S/D;S/D;S/D;S/D;Múltiple;S/D;Colisión;S/D;Horizontal
7661;2021;3/10/2021;Domingo;01:00:00;;0.0;1;Moto/Ciclomotor;Bahía Blanca Y Rivadavia;1;1;0;0;0;0;Calle;VILLA GUILLERMINA;Constitución;Hormigón;No existe;IX;Dentro;Urbana;Otra Señal;No existe;Intersección;Bueno;Reducida;Nocturna;Buen Tiempo;Múltiple;S/D;Colisión;Ninguna;Faltante
7662;2021;3/10/2021;Domingo;01:15:00;;0.0;2;Moto/Ciclomotor,Pickup/Utilitario;Calle 13-Iturraspe Y Calle 18 - Gral. Belgrano;2;1;0;1;0;0;Calle;RECONQUISTA;Constitución;Asfalto;No existe;IX;Dentro;Urbana;Otra Señal;No existe;Intersección;Bueno;S/D;Nocturna;S/D;Múltiple;S/D;Colisión;S/D;Horizontal
7663;2021;3/10/2021;Domingo;;;0.0;2;Otros,Otros;Almte. Brown Y España;2;0;0;0;1;1;Calle;CAÑADA DE GÓMEZ;Constitución;Asfalto;No existe;X;Dentro;Urbana;Otra Señal;No existe;Intersección;Bueno;S/D;S/D;S/D;Múltiple;S/D;Colisión;Ninguna;Faltante
7664;2021;3/10/2021;Domingo;03:45:00;Ruta Nacional 11;0.0;1;Moto/Ciclomotor;Calle 4-Fray Antonio Rossi Y Ruta Nacional 11;1;1;0;0;0;0;Ruta;RECONQUISTA;Constitución;Hormigón;Pavimento;IX;Dentro;Urbana;Otra Señal;No existe;Intersección;Resbaladiza;Buena;Nocturna,Con luz artificial;Lluvia;Múltiple;S/D;Colisión;Agua;Faltante
7665;2021;3/10/2021;Domingo;12:00:00;Ruta Provincial 15;146.0;2;Moto/Ciclomotor,Automóvil; ;3;1;0;2;0;0;Ruta;ARTEAGA;Constitución;Asfalto;No existe;IV;Dentro;Urbana;Otra Señal;No existe;Intersección;Bueno;Buena;Diurna;Buen Tiempo;Múltiple;S/D;Colisión;Ninguna;Horizontal
7666;2021;3/10/2021;Domingo;;;0.0;1;Moto/Ciclomotor; ;1;1;0;0;0;0;S/D;ROSARIO;Constitución;S/D;S/D;II;S/D;S/D;Otra Señal;S/D;Intersección;S/D;S/D;S/D;S/D;Múltiple;S/D;Colisión;S/D;S/D
7667;2021;3/10/2021;Domingo;19:00:00;;0.0;1;Moto/Ciclomotor; ;1;1;0;0;0;0;S/D;ROSARIO;Constitución;S/D;S/D;II;S/D;S/D;Otra Señal;S/D;Intersección;S/D;S/D;Diurna;S/D;Múltiple;S/D;Colisión;S/D;S/D
7668;2021;3/10/2021;Domingo;21:00:00;;0.0;1;Moto/Ciclomotor;Castellanos 2660;1;1;0;0;0;0;Calle;ROSARIO;Constitución;S/D;S/D;II;S/D;Urbana;Otra Señal;S/D;Intersección;S/D;S/D;Nocturna;S/D;Múltiple;S/D;Colisión;S/D;S/D
7669;2021;3/10/2021;Domingo;17:35:00;;0.0;1;Moto/Ciclomotor;Hipólito Irigoyen Y Independencia;1;0;0;0;0;0;Calle;ARROYO SECO;Constitución;Asfalto;No existe;II;Dentro;Urbana;Otra Señal;No existe;Intersección;Deteriorada;S/D;Diurna;Buen Tiempo;Múltiple;S/D;Colisión;Ninguna;Faltante
7670;2021;3/10/2021;Domingo;19:00:00;;0.0;1;Moto/Ciclomotor;Bv. Avellaneda Y Cerrito;1;0;0;0;0;0;Avenida;ROSARIO;Rosario;Asfalto;No existe;II;Dentro;Urbana;Otra Señal;Funciona;Intersección;S/D;S/D;Diurna;S/D;Múltiple;S/D;Colisión;S/D;Horizontal,Vertical
7671;2021;3/10/2021;Domingo;07:00:00;Autopista Nacional Rosario -Cordoba;306.0;1;Automóvil; ;2;0;0;0;0;0;Autopista;FUNES;Rosario;Asfalto;Pavimento;II;Dentro;Urbana;Otra Señal;No existe;Intersección;Deteriorada;S/D;Diurna;S/D;S/D;S/D;Colisión;S/D;Horizontal,Vertical
7672;2021;4/10/2021;Lunes;13:00:00;Autopista Nacional A008;0.0;1;Moto/Ciclomotor;Av. Circunvalación Y Av. Sorrento;1;1;0;0;0;0;Autopista;ROSARIO;Rosario;Asfalto;Natural;II;Dentro;Urbana;Otra Señal;Funciona;Intersección;Bueno;Buena;Diurna;Buen Tiempo;Múltiple;S/D;Colisión;Ninguna;Vertical
7673;2021;4/10/2021;Lunes;09:15:00;;0.0;2;Automóvil,Moto/Ciclomotor;Montevideo Y Roullon;2;1;0;1;0;0;Calle;ROSARIO;Rosario;Asfalto;No existe;II;Dentro;Urbana;Otra Señal;No existe;Intersección;Bueno;Buena;Diurna;Buen Tiempo;Múltiple;S/D;Colisión;Ninguna;Faltante
7674;2021;4/10/2021;Lunes;09:10:00;;0.0;2;Automóvil,Moto/Ciclomotor;HERMANA PAULA  Y RIVAROLA ;2;1;0;1;0;0;Avenida;ROSARIO;Rosario;Asfalto;No existe;II;Dentro;Urbana;Otra Señal;No existe;Intersección;Bueno;Buena;Diurna;Buen Tiempo;Múltiple;Peatón;Colisión;Ninguna;Horizontal,Vertical
7675;2021;4/10/2021;Lunes;07:45:00;;0.0;2;Automóvil,Automóvil;Mariano Moreno 5800;2;1;0;1;0;0;Calle;ROSARIO;Rosario;Asfalto;No existe;II;Dentro;Urbana;Otra Señal;No existe;Intersección;Bueno;Buena;Diurna;Buen Tiempo;Múltiple;S/D;Colisión;Ninguna;Faltante
7676;2021;4/10/2021;Lunes;09:00:00;;0.0;2;Automóvil,Moto/Ciclomotor;Bv. Avellaneda Y G.Carrasco;2;1;0;1;0;0;Calle;ROSARIO;Rosario;Asfalto;No existe;II;Dentro;Urbana;Otra Señal;Funciona;Intersección;Bueno;Buena;Diurna;S/D;Múltiple;S/D;Colisión;Ninguna;Horizontal,Vertical
7677;2021;4/10/2021;Lunes;21:20:00;;0.0;2;Moto/Ciclomotor,Automóvil;Guayaquil Y Mitre;3;2;0;1;0;0;Calle;FRAY LUIS BELTRÁN;San Lorenzo;Asfalto;No existe;XVII;Dentro;Urbana;Otra Señal;No existe;Intersección;Bueno;Buena;Nocturna;Otro;Múltiple;S/D;Colisión;Ninguna;Faltante
7678;2021;4/10/2021;Lunes;20:00:00;Autopista Nacional Rosario -Cordoba;312.0;1;Moto/Ciclomotor; ;1;1;0;0;0;0;Autopista;ROLDÁN;San Lorenzo;Asfalto;No existe;XVII;Dentro;Rural;Otra Señal;No existe;Intersección;Bueno;Buena;Nocturna;Buen Tiempo;Múltiple;S/D;Colisión;Ninguna;Horizontal
7679;2021;4/10/2021;Lunes;13:10:00;;0.0;2;Automóvil,Moto/Ciclomotor;N PEÑA Y Suipacha;2;1;0;1;0;0;Calle;SAN LORENZO;San Lorenzo;Asfalto;No existe;XVII;Dentro;Urbana;Otra Señal;No existe;Intersección;Bueno;S/D;Diurna;S/D;Múltiple;S/D;Colisión;Ninguna;Faltante
7680;2021;4/10/2021;Lunes;;Ruta Provincial 70;0.0;2;Pickup/Utilitario,Automóvil;Ruta Nacional 11 Y Salvador del Carril;3;3;0;0;0;0;Ruta;RECREO;Constitución;Asfalto;Ripio;I;Dentro;Urbana;Otra Señal;No existe;Intersección;Bueno;Buena;Diurna;Buen Tiempo;Múltiple;S/D;Colisión;Ninguna;Horizontal