ID_Accidente;A�o;Fecha;Dia;Hopra;Ruta/Autop;km;Participantes;Tipo;Lugar;Total;Heridos Leves;Heridos Graves;Ilesos;Fallecidos;Sin datos;desc_tipo_via;desc_loc;desc_dpto;|;desc_tipo_banquina;desc_unidad_regional;desc_lugar_calzada;desc_zona;desc_prioridad;desc_estado_semaforo;desc_lugar_via;desc_estado_via;desc_estado_visibilidad;desc_luminosidad;desc_estado_clima;desc_tipo_colision;desc_tipo_atropello;desc_tipo_hecho;desc_pres_calzada;desc_senializacion
7681;2021;4/10/2021;Lunes;00:59:00;;0.0;2;Peatón,Otros;Carlos Chapearouge Y Juan José Paso;2;1;0;0;0;1;Calle;SANTO TOMÉ;Constitución;Asfalto;No existe;I;Dentro;Urbana;Otra Señal;No existe;Intersección;Bueno;Buena;Nocturna;Buen Tiempo;Múltiple;Ciclista;Colisión;Ninguna;Faltante
7682;2021;4/10/2021;Lunes;12:40:00;;0.0;2;Automóvil,Moto/Ciclomotor;Brigadier Estanislao López Y Rio Negro;3;2;0;1;0;0;Calle;MONTE VERA;Constitución;Asfalto;No existe;I;Dentro;Urbana;Otra Señal;No existe;Intersección;Bueno;Buena;Diurna;Buen Tiempo;Múltiple;S/D;Colisión;Ninguna;Faltante
7683;2021;4/10/2021;Lunes;10:40:00;;0.0;2;Automóvil,Bicicleta;Núñez y Burges Y Santa Fe;2;1;0;1;0;0;Calle;SAN JAVIER;Constitución;Asfalto;No existe;XIV;Dentro;Urbana;Otra Señal;No existe;Intersección;Bueno;S/D;Diurna;Buen Tiempo;Múltiple;Ciclista;Colisión;Ninguna;Faltante
7684;2021;4/10/2021;Lunes;18:55:00;;0.0;2;Moto/Ciclomotor,Automóvil;Juan de Garay Y San Martin;3;1;0;2;0;0;Calle;VERA;Constitución;Asfalto;No existe;XIX;Dentro;Urbana;Otra Señal;No existe;Intersección;Bueno;Buena;Diurna;Buen Tiempo;Múltiple;S/D;Colisión;Ninguna;Faltante
7685;2021;4/10/2021;Lunes;15:10:00;;0.0;2;Bicicleta,Automóvil;Bv Gálvez Y Candioti;2;1;0;1;0;0;Avenida;SANTA FE;Constitución;Asfalto;No existe;I;Dentro;Urbana;Otra Señal;No existe;Intersección;Bueno;Buena;Diurna;Buen Tiempo;Múltiple;Ciclista;Colisión;Ninguna;Horizontal,Vertical
7686;2021;4/10/2021;Lunes;18:00:00;;0.0;2;Pickup/Utilitario,Peatón;Abanderado Grandoli 3900;2;1;0;1;0;0;Avenida;ROSARIO;Constitución;Asfalto;No existe;II;Dentro;Urbana;Otra Señal;No existe;Intersección;Bueno;Buena;Diurna;Buen Tiempo;Múltiple;Peatón;Colisión;Ninguna;Faltante
7687;2021;4/10/2021;Lunes;10:00:00;;0.0;2;Moto/Ciclomotor,Peatón;Castro Y Homero Manzi;2;1;0;1;0;0;Calle;ROSARIO;Constitución;Asfalto;No existe;II;Dentro;Urbana;Otra Señal;No existe;Intersección;S/D;S/D;Diurna;Buen Tiempo;Múltiple;Peatón;Colisión;S/D;Faltante
7688;2021;4/10/2021;Lunes;20:00:00;;0.0;2;Bicicleta,Automóvil;Entre Ríos Y Salta;2;1;0;1;0;0;Calle;ROSARIO;Constitución;Asfalto;No existe;II;Dentro;Urbana;Otra Señal;No existe;Intersección;Bueno;Buena;Nocturna,Con luz artificial;Buen Tiempo;Múltiple;Ciclista;Colisión;Ninguna;Horizontal
7689;2021;4/10/2021;Lunes;07:35:00;;0.0;2;Moto/Ciclomotor,Automóvil;E.Zeballos Y Laprida;3;2;0;1;0;0;Calle;ROSARIO;Constitución;Asfalto;No existe;II;Dentro;Urbana;Otra Señal;No existe;Intersección;Bueno;Buena;Diurna;Buen Tiempo;Múltiple;S/D;Colisión;Ninguna;Vertical
7690;2021;4/10/2021;Lunes;12:00:00;;0.0;2;Bicicleta,Moto/Ciclomotor;Rueda Y San Martin;2;1;0;0;0;1;Calle;ROSARIO;Constitución;Asfalto;No existe;II;Dentro;Urbana;Otra Señal;Funciona;Intersección;Bueno;Buena;Diurna;Buen Tiempo;Múltiple;Ciclista;Colisión;Ninguna;Horizontal,Vertical
7691;2021;4/10/2021;Lunes;20:00:00;;0.0;2;Moto/Ciclomotor,Ambulancia;Gálvez Y Pueyrredón;3;1;0;2;0;0;Calle;ROSARIO;Constitución;Asfalto;No existe;II;Dentro;Urbana;Otra Señal;No existe;Intersección;Bueno;Buena;Nocturna;Buen Tiempo;Múltiple;S/D;Colisión;Ninguna;Faltante
7692;2021;4/10/2021;Lunes;16:40:00;;0.0;3;Automóvil,Automóvil,Automóvil;Estanislao Zeballos Y Estrada;3;1;0;2;0;0;Calle;SANTA FE;Constitución;Asfalto;No existe;I;Dentro;Urbana;Otra Señal;No existe;Intersección;Bueno;S/D;Diurna;S/D;Múltiple;S/D;Colisión;S/D;Faltante
7693;2021;4/10/2021;Lunes;12:15:00;Ruta Nacional 11;0.0;2;Camión Chasis,Moto/Ciclomotor;Av. Dr. Caminos Y Santa Fe;3;1;0;2;0;0;Ruta;MONJE;Constitución;Asfalto;No existe;XV;Dentro;Urbana;Otra Señal;No existe;Intersección;Bueno;S/D;Diurna;S/D;Múltiple;S/D;Colisión;S/D;Horizontal
7694;2021;4/10/2021;Lunes;15:40:00;;0.0;1;Moto/Ciclomotor;Belgrano 3088;1;1;0;0;0;0;Calle;PUERTO SAN MARTÍN;Constitución;Ripio;No existe;XVII;Dentro;Urbana;Otra Señal;No existe;Intersección;Deteriorada;Buena;Diurna;S/D;Múltiple;S/D;Colisión;S/D;Faltante
7695;2021;4/10/2021;Lunes;;Ruta Nacional 11;694.0;2;Automóvil,Automóvil; ;2;2;0;0;0;0;Ruta;MARGARITA;Constitución;Asfalto;Ripio;XIX;Dentro;Rural;Otra Señal;No existe;Intersección;S/D;S/D;S/D;S/D;Múltiple;S/D;Colisión;S/D;Horizontal
7696;2021;4/10/2021;Lunes;16:00:00;Ruta Nacional 178;0.0;2;Bicicleta,Otros;Calle 10 Y Calle 25;2;0;0;1;0;0;Ruta;LAS PAREJAS;Constitución;Asfalto;No existe;III;Dentro;Urbana;Otra Señal;No existe;Intersección;Bueno;Buena;Diurna;Buen Tiempo;Múltiple;Ciclista;Colisión;Ninguna;Horizontal
7697;2021;4/10/2021;Lunes;08:10:00;;0.0;2;Moto/Ciclomotor,Moto/Ciclomotor;Av. Francia Y Riobamba;3;2;0;0;0;0;Avenida;ROSARIO;Constitución;Asfalto;No existe;II;Dentro;Urbana;Otra Señal;No existe;Intersección;Bueno;Buena;Diurna;Buen Tiempo;Múltiple;S/D;Colisión;Ninguna;Horizontal
7698;2021;4/10/2021;Lunes;17:30:00;;0.0;2;Transporte de Pasajeros Urbano (> 8 asientos),Peatón;Av. Pellegrini Y Ayacucho;2;0;0;1;0;0;Avenida;ROSARIO;Constitución;Asfalto;No existe;II;Dentro;Urbana;Otra Señal;Funciona;Intersección;Bueno;Buena;Diurna;Buen Tiempo;Múltiple;Peatón;Colisión;Ninguna;Horizontal,Vertical
7699;2021;4/10/2021;Lunes;;;0.0;2;Automóvil,Moto/Ciclomotor; ;3;0;0;2;0;0;S/D;ESPERANZA;Constitución;S/D;S/D;XI;S/D;S/D;Otra Señal;S/D;Intersección;S/D;S/D;S/D;S/D;Múltiple;S/D;Colisión;S/D;S/D
7700;2021;4/10/2021;Lunes;06:20:00;;0.0;1;Moto/Ciclomotor; ;2;0;0;0;0;0;S/D;TOSTADO;9 de Julio;S/D;S/D;XII;S/D;S/D;Otra Señal;S/D;Intersección;S/D;S/D;S/D;S/D;Múltiple;S/D;Colisión;S/D;S/D
7701;2021;4/10/2021;Lunes;;Ruta Provincial 6;0.0;3;Moto/Ciclomotor,Moto/Ciclomotor,Automóvil;López y Planes Y San Martin;6;2;0;2;0;0;Ruta;SAN CARLOS CENTRO;Las Colonias;Asfalto;No existe;XI;Dentro;Urbana;Otra Señal;No existe;Intersección;S/D;S/D;S/D;S/D;Múltiple;S/D;Colisión;S/D;Faltante
7702;2021;5/10/2021;Martes;13:30:00;;0.0;2;Moto/Ciclomotor,Pickup/Utilitario;Barra Y Bv. 27 De Febrero;2;0;0;1;1;0;Avenida;ROSARIO;Rosario;Asfalto;No existe;II;S/D;Urbana;Otra Señal;No existe;Intersección;Bueno;Buena;Diurna;Buen Tiempo;Múltiple;S/D;Colisión;Ninguna;Horizontal
7703;2021;5/10/2021;Martes;20:45:00;;0.0;2;Moto/Ciclomotor,Automóvil;José Ingenieros Y Sarratea Bis;2;1;0;1;0;0;Calle;ROSARIO;Rosario;Asfalto;No existe;II;Dentro;Urbana;Otra Señal;No existe;Intersección;Bueno;Buena;Nocturna;Buen Tiempo;Múltiple;S/D;Colisión;Ninguna;Faltante
7704;2021;5/10/2021;Martes;17:30:00;;0.0;2;Bicicleta,Automóvil;Pje. Alemania Y Rep. Dominicana Bis;2;1;0;1;0;0;Calle;ROSARIO;Rosario;Asfalto;No existe;II;Dentro;Urbana;Otra Señal;No existe;Intersección;S/D;S/D;Diurna;S/D;Múltiple;Ciclista;Colisión;S/D;Faltante
7705;2021;5/10/2021;Martes;07:40:00;;0.0;2;Automóvil,Automóvil;Magallanes Y Pje. 1511;2;1;0;1;0;0;Calle;ROSARIO;Rosario;Asfalto;No existe;II;Dentro;Urbana;Otra Señal;No existe;Intersección;Bueno;Buena;Diurna;Otro;Múltiple;S/D;Colisión;S/D;Faltante
7706;2021;5/10/2021;Martes;07:50:00;;0.0;2;Automóvil,Automóvil;3 De Febrero Y Constitución;2;1;0;1;0;0;Calle;ROSARIO;Rosario;Asfalto;No existe;II;Dentro;Urbana;Otra Señal;No existe;Intersección;Bueno;Buena;Diurna;Buen Tiempo;Múltiple;S/D;Colisión;Ninguna;Vertical
7707;2021;5/10/2021;Martes;15:30:00;;0.0;2;Moto/Ciclomotor,Automóvil;España Y JUAN PABLO II;2;1;0;0;0;1;Calle;ROSARIO;Rosario;Asfalto;No existe;II;Dentro;Urbana;Otra Señal;No existe;Intersección;Bueno;Buena;Diurna;Buen Tiempo;Múltiple;S/D;Colisión;Ninguna;S/D
7708;2021;5/10/2021;Martes;19:00:00;Ruta Nacional 33;0.0;1;Moto/Ciclomotor;Necochea Y Ruta Nac 33;1;1;0;0;0;0;Ruta;ZAVALLA;Rosario;Asfalto;Pavimento;II;Dentro;Urbana;Otra Señal;No existe;Intersección;Bueno;Buena;Diurna;Buen Tiempo;Múltiple;S/D;Colisión;Ninguna;Horizontal
7709;2021;5/10/2021;Martes;17:40:00;Ruta Nacional 11;0.0;2;Moto/Ciclomotor,Automóvil;Ruta Nac 11 Y Ruta 18 S;2;1;0;1;0;0;Ruta;PUERTO SAN MARTÍN;San Lorenzo;Asfalto;Pavimento;XVII;Dentro;Rural;Otra Señal;No existe;Intersección;Bueno;Buena;Diurna;Buen Tiempo;Múltiple;S/D;Colisión;Ninguna;Horizontal
7710;2021;5/10/2021;Martes;16:30:00;;0.0;2;Moto/Ciclomotor,Moto/Ciclomotor;Jujuy Y Rioja;4;2;0;2;0;0;Calle;PUERTO SAN MARTÍN;San Lorenzo;Asfalto;No existe;XVII;Dentro;Urbana;Otra Señal;No existe;Intersección;Bueno;Buena;Diurna;Buen Tiempo;Múltiple;S/D;Colisión;Ninguna;Faltante
7711;2021;5/10/2021;Martes;07:15:00;;0.0;2;Moto/Ciclomotor,Automóvil;Av. Gral. Paz Y Martin Zapata;2;1;0;1;0;0;Avenida;SANTA FE;Constitución;Asfalto;No existe;I;Dentro;Urbana;Otra Señal;No existe;Intersección;Bueno;Buena;Diurna;Buen Tiempo;Múltiple;S/D;Colisión;Ninguna;Horizontal
7712;2021;5/10/2021;Martes;15:45:00;;0.0;2;Automóvil,Automóvil;Avellaneda Y Salvador del Carril;2;1;0;1;0;0;Calle;SANTA FE;Constitución;Asfalto;No existe;I;Dentro;Urbana;Otra Señal;No existe;Intersección;Otro;Buena;Diurna;Buen Tiempo;Múltiple;S/D;Colisión;Ninguna;Faltante
7713;2021;5/10/2021;Martes;20:15:00;;0.0;2;Moto/Ciclomotor,Automóvil;Av. Urquiza Y Irigoyen Freyre;2;1;0;1;0;0;Avenida;SANTA FE;Constitución;Asfalto;No existe;I;Dentro;Urbana;Otra Señal;No existe;Intersección;Bueno;Buena;Nocturna,Con luz artificial;Buen Tiempo;Múltiple;S/D;Colisión;Ninguna;Faltante
7714;2021;5/10/2021;Martes;13:00:00;;0.0;2;Moto/Ciclomotor,Moto/Ciclomotor;Buenos Aires Y Las Heras;2;2;0;0;0;0;Calle;LAS ROSAS;Constitución;Asfalto;No existe;III;Dentro;Urbana;Otra Señal;No existe;Intersección;Bueno;Buena;Diurna;Buen Tiempo;Múltiple;S/D;Colisión;Ninguna;Faltante
7715;2021;5/10/2021;Martes;16:15:00;Ruta Provincial 6;0.0;2;Automóvil,Moto/Ciclomotor;General San Martin Y La Carlota;2;1;0;1;0;0;Ruta;SAN CARLOS NORTE;Constitución;Asfalto;No existe;XI;Dentro;Urbana;Otra Señal;No existe;Intersección;Bueno;Buena;Diurna;Buen Tiempo;Múltiple;S/D;Colisión;Ninguna;Horizontal
7716;2021;5/10/2021;Martes;23:15:00;;0.0;2;Automóvil,Moto/Ciclomotor;Av. Mosconi Y Corrientes;2;1;0;1;0;0;Avenida;SANTA FE;Constitución;Asfalto,Tierra;No existe;I;Dentro;Urbana;Otra Señal;No existe;Intersección;Bueno;Buena;Nocturna;Buen Tiempo;Múltiple;S/D;Colisión;Ninguna;Faltante
7717;2021;5/10/2021;Martes;12:15:00;;0.0;2;Moto/Ciclomotor,Moto/Ciclomotor;Av. A del Valle Y Espora;3;2;0;1;0;0;Avenida;SANTA FE;Constitución;Asfalto;No existe;I;Dentro;Urbana;Otra Señal;No existe;Intersección;Bueno;Buena;Diurna;Buen Tiempo;Múltiple;S/D;Colisión;Ninguna;Faltante
7718;2021;5/10/2021;Martes;14:30:00;;0.0;2;Bicicleta,Automóvil;Av. Facundo Zuviria Y Vieytes;2;1;0;1;0;0;Avenida;SANTA FE;Constitución;Asfalto;No existe;I;Dentro;Urbana;Otra Señal;No existe;Intersección;Bueno;Buena;Diurna;Buen Tiempo;Múltiple;Ciclista;Colisión;Ninguna;Horizontal
7719;2021;5/10/2021;Martes;21:50:00;;0.0;2;Moto/Ciclomotor,Automóvil;Albert Sabin Y Junín;2;1;0;1;0;0;Avenida;ROSARIO;Constitución;Asfalto;No existe;II;Dentro;Urbana;Otra Señal;No existe;Intersección;Bueno;Buena;Nocturna;Buen Tiempo;Múltiple;S/D;Colisión;Ninguna;Horizontal,Vertical
7720;2021;5/10/2021;Martes;09:20:00;Ruta Provincial 16;0.0;2;Moto/Ciclomotor,Pickup/Utilitario;Aristóbulo del Valle Y Ruta Provincial 26;2;1;0;1;0;0;Ruta;ACEBAL;Constitución;Asfalto;Pavimento;II;Dentro;Urbana;Otra Señal;No existe;Intersección;Bueno;Buena;Diurna;Buen Tiempo;Múltiple;S/D;Colisión;Ninguna;Faltante
7721;2021;5/10/2021;Martes;07:50:00;;0.0;2;Bicicleta,Transporte de Pasajeros Urbano (> 8 asientos);Pueyrredón Y San Lorenzo;2;1;0;1;0;0;Calle;ROSARIO;Constitución;Asfalto;No existe;II;Dentro;Urbana;Otra Señal;No existe;Intersección;S/D;S/D;Diurna;S/D;Múltiple;S/D;Colisión;S/D;Vertical
7722;2021;5/10/2021;Martes;11:50:00;;0.0;2;Automóvil,Moto/Ciclomotor;Aaron Castellanos Y Mariano Moreno;2;1;0;1;0;0;Calle;ESPERANZA;Constitución;Asfalto;No existe;XI;Dentro;Urbana;Otra Señal;No existe;Intersección;Bueno;Buena;Diurna;Buen Tiempo;Múltiple;S/D;Colisión;Ninguna;Faltante
7723;2021;5/10/2021;Martes;13:20:00;;0.0;2;Pickup/Utilitario,Bicicleta;25 de Mayo 1500;2;1;0;1;0;0;Calle;ESPERANZA;Constitución;Asfalto;No existe;XI;Dentro;Urbana;Otra Señal;No existe;Intersección;Bueno;Buena;Diurna;Buen Tiempo;Múltiple;Ciclista;Colisión;Ninguna;Horizontal
7724;2021;5/10/2021;Martes;14:40:00;;0.0;2;Pickup/Utilitario,Moto/Ciclomotor;1 de Mayo Y Chacabuco;2;1;0;1;0;0;Calle;ESPERANZA;Constitución;Asfalto;No existe;XI;Dentro;Urbana;Otra Señal;No existe;Intersección;Bueno;Buena;Diurna;Buen Tiempo;Múltiple;S/D;Colisión;Ninguna;Faltante
7725;2021;5/10/2021;Martes;;;0.0;2;Bicicleta,Taxi/Remis;Francia Y Pje Irala;2;1;0;1;0;0;Calle;SANTA FE;Constitución;Asfalto;No existe;I;Dentro;Urbana;Otra Señal;No existe;Intersección;Bueno;S/D;S/D;S/D;Múltiple;Ciclista;Colisión;S/D;Faltante
7726;2021;5/10/2021;Martes;;;0.0;2;Moto/Ciclomotor,Automóvil;1 de Mayo Y Boulevard 25 de Mayo;3;1;0;2;0;0;Avenida;CASILDA;Constitución;Asfalto;No existe;IV;Dentro;Urbana;Otra Señal;No existe;Intersección;Bueno;S/D;S/D;S/D;Múltiple;S/D;Colisión;Ninguna;Horizontal
7727;2021;5/10/2021;Martes;07:45:00;;0.0;1;Automóvil;Av. Italia Y Camino publico;2;2;0;0;0;0;Avenida;RAFAELA;Constitución;Asfalto;No existe;V;Dentro;Urbana;Otra Señal;No existe;Intersección;Bueno;S/D;Diurna;S/D;Múltiple;S/D;Colisión;S/D;Faltante
7728;2021;5/10/2021;Martes;;;0.0;2;Automóvil,Moto/Ciclomotor;Paraná Y Simón Bolívar;2;1;0;1;0;0;Calle;RAFAELA;Constitución;Asfalto;No existe;V;Dentro;Urbana;Otra Señal;No existe;Intersección;S/D;S/D;Diurna;S/D;Múltiple;S/D;Colisión;S/D;Faltante
7729;2021;5/10/2021;Martes;23:10:00;Ruta Nacional 11;843.0;1;Transporte de Pasajeros Larga Distancia (> 8 asientos); ;2;2;0;0;0;0;Ruta;ARROYO CEIBAL;Constitución;Asfalto;Natural;IX;Dentro;Rural;Otra Señal;No existe;Intersección;Bueno;Buena;Nocturna;S/D;Múltiple;S/D;Colisión;Ninguna;Horizontal
7730;2021;5/10/2021;Martes;21:00:00;;0.0;1;Moto/Ciclomotor;Albert Sabin Y Junín;1;1;0;0;0;0;Calle;ROSARIO;Constitución;S/D;S/D;II;S/D;S/D;Otra Señal;S/D;Intersección;S/D;S/D;Diurna;S/D;Múltiple;S/D;Colisión;S/D;S/D
7731;2021;5/10/2021;Martes;10:50:00;;0.0;2;Automóvil,Moto/Ciclomotor;Av. Pellegrini Y Garzón;2;0;0;1;0;0;Avenida;ROSARIO;Constitución;Asfalto;No existe;II;Dentro;Urbana;Otra Señal;Funciona;Intersección;Bueno;Buena;Diurna;Buen Tiempo;Múltiple;S/D;Colisión;Ninguna;Horizontal,Vertical
7732;2021;5/10/2021;Martes;12:35:00;;0.0;2;Moto/Ciclomotor,Automóvil;Av. Pellegrini Y Viamonte;2;0;0;1;0;0;Calle;ROSARIO;Constitución;Asfalto;No existe;II;Dentro;Urbana;Otra Señal;Funciona;Intersección;Bueno;Buena;Diurna;Buen Tiempo;Múltiple;S/D;Colisión;Ninguna;Horizontal,Vertical
7733;2021;5/10/2021;Martes;19:10:00;Ruta Provincial 1;0.0;2;Pickup/Utilitario,Moto/Ciclomotor;BV MITRE Y LAS ARTES;3;0;0;2;0;0;Ruta;HELVECIA;Constitución;Asfalto;Ripio;VII;Dentro;Urbana;Otra Señal;No existe;Intersección;S/D;S/D;Nocturna;S/D;Múltiple;S/D;Colisión;S/D;Horizontal
7734;2021;5/10/2021;Martes;13:10:00;Ruta Secundaria 20-s;0.0;2;Pickup/Utilitario,Bicicleta;Ruta Provincial 20 s ;2;0;0;1;0;0;Ruta;PIÑERO;Constitución;Asfalto;Natural;II;Dentro;Urbana;Otra Señal;No existe;Intersección;Bueno;Buena;Diurna;Buen Tiempo;Múltiple;Ciclista;Colisión;Ninguna;Faltante
7735;2021;5/10/2021;Martes;09:30:00;Autopista Provincial Brigadier E.LÓPEZ;0.0;2;Camión c / Acoplado,Camión;Av. Circunvalación ;2;1;0;0;0;0;Autopista;SANTA FE;Constitución;Asfalto;Natural;I;Dentro;Rural;Otra Señal;No existe;Intersección;S/D;S/D;Diurna;S/D;Múltiple;S/D;Colisión;S/D;Horizontal
7736;2021;5/10/2021;Martes;18:45:00;;0.0;1;Moto/Ciclomotor;Pje. 1746 2100;1;0;0;0;0;0;Calle;ROSARIO;Rosario;Asfalto;No existe;II;Dentro;Urbana;Otra Señal;No existe;Intersección;S/D;S/D;Diurna;S/D;Múltiple;S/D;Colisión;S/D;Faltante
7737;2021;5/10/2021;Martes;20:40:00;;0.0;2;Moto/Ciclomotor,Moto/Ciclomotor;Caseros Y Libertad;2;0;0;0;0;0;Calle;VILLA GOBERNADOR GÁLVEZ;Rosario;Asfalto;No existe;II;Dentro;Urbana;Otra Señal;No existe;Intersección;Con baches;Reducida;Con luz artificial;Buen Tiempo;Múltiple;S/D;Colisión;Ninguna;Faltante
7738;2021;6/10/2021;Miercoles;06:50:00;;0.0;2;Moto/Ciclomotor,Taxi/Remis;Bv. Wilde 800;2;1;0;1;0;0;Avenida;ROSARIO;Rosario;Asfalto;No existe;II;Dentro;Urbana;Otra Señal;No existe;Intersección;Bueno;Buena;Nocturna;Buen Tiempo;Múltiple;S/D;Colisión;Ninguna;Horizontal
7739;2021;6/10/2021;Miercoles;17:20:00;;0.0;2;Automóvil,Moto/Ciclomotor;Gschwind Y Montevideo;3;2;0;1;0;0;Calle;ROSARIO;Rosario;Asfalto;No existe;II;Dentro;Urbana;Otra Señal;No existe;Intersección;Bueno;Buena;Diurna;Buen Tiempo;Múltiple;S/D;Colisión;Agua;Faltante
7740;2021;6/10/2021;Miercoles;11:30:00;;0.0;2;Pickup/Utilitario,Bicicleta;JULIO VANZO  Y PJE 1740;2;1;0;1;0;0;Calle;ROSARIO;Rosario;Asfalto;No existe;II;Dentro;Urbana;Otra Señal;No existe;Intersección;Bueno;Reducida p/ objetos;Diurna;Buen Tiempo;Múltiple;Ciclista;Colisión;Ninguna;Faltante
7741;2021;6/10/2021;Miercoles;16:00:00;;0.0;2;Automóvil,Moto/Ciclomotor;Garzón Y Pje. Ghandi;3;2;0;1;0;0;Calle;ROSARIO;Rosario;Asfalto;No existe;II;Dentro;Urbana;Otra Señal;No existe;Intersección;Bueno;Buena;Diurna;Buen Tiempo;Múltiple;S/D;Colisión;Ninguna;Faltante
7742;2021;6/10/2021;Miercoles;17:45:00;;0.0;2;Moto/Ciclomotor,Moto/Ciclomotor;3 de Febrero Y 17 de Octubre;4;4;0;0;0;0;Calle;VILLA GOBERNADOR GÁLVEZ;Rosario;Asfalto;No existe;II;Dentro;Urbana;Otra Señal;No existe;Intersección;Deteriorada;Reducida;Diurna;Buen Tiempo;Múltiple;S/D;Colisión;Ninguna;Faltante
7743;2021;6/10/2021;Miercoles;09:50:00;;0.0;2;Moto/Ciclomotor,Pickup/Utilitario;Ing. Mosconi Y Iriondo;3;2;0;1;0;0;Calle;VILLA GOBERNADOR GÁLVEZ;Rosario;Asfalto;No existe;II;Dentro;Urbana;Otra Señal;No existe;Intersección;Bueno;Buena;Diurna;Buen Tiempo;Múltiple;S/D;Colisión;Ninguna;Faltante
7744;2021;6/10/2021;Miercoles;21:40:00;;0.0;2;Moto/Ciclomotor,Pickup/Utilitario;J de Arco Y Jujuy;3;2;0;1;0;0;Calle;SAN LORENZO;San Lorenzo;Asfalto,Ripio;No existe;XVII;Dentro;Urbana;Otra Señal;No existe;Intersección;Bueno;S/D;Nocturna;Buen Tiempo;Múltiple;S/D;Colisión;Ninguna;Faltante
7745;2021;6/10/2021;Miercoles;07:45:00;Ruta Nacional 11;0.0;1;Moto/Ciclomotor;Córdoba Y Ruta Nac 11;1;1;0;0;0;0;Ruta;PUERTO SAN MARTÍN;San Lorenzo;Asfalto;No existe;XVII;Dentro;Urbana;Otra Señal;No existe;Intersección;Bueno;Buena;Diurna;Buen Tiempo;Múltiple;S/D;Colisión;Ninguna;Horizontal
7746;2021;6/10/2021;Miercoles;08:20:00;;0.0;2;Automóvil,Moto/Ciclomotor;A Williams Y 3 de Febrero;2;1;0;1;0;0;Calle;SAN LORENZO;San Lorenzo;Asfalto,Ripio;No existe;XVII;Dentro;Urbana;Otra Señal;No existe;Intersección;Bueno;Buena;Diurna;Buen Tiempo;Múltiple;S/D;Colisión;Ninguna;Faltante
7747;2021;6/10/2021;Miercoles;15:40:00;;0.0;2;Pickup/Utilitario,Automóvil;Almte. Brown Y Bv Pellegrini;2;1;0;1;0;0;Avenida;ROLDÁN;San Lorenzo;Asfalto;No existe;XVII;Dentro;Urbana;Otra Señal;No existe;Intersección;Bueno;Buena;Diurna;Otro;Múltiple;S/D;Colisión;Ninguna;Faltante
7748;2021;6/10/2021;Miercoles;;;0.0;2;Moto/Ciclomotor,Automóvil;Arenales Y Pavón;3;1;0;2;0;0;Calle;SANTA FE;Constitución;Asfalto;No existe;I;Dentro;Urbana;Otra Señal;No existe;Intersección;Bueno;Buena;Diurna;Buen Tiempo;Múltiple;S/D;Colisión;Ninguna;Faltante
7749;2021;6/10/2021;Miercoles;16:30:00;;0.0;2;Moto/Ciclomotor,Automóvil;J M Zuviria Y Rivadavia;2;1;0;1;0;0;Calle;SANTA FE;Constitución;Asfalto;No existe;I;Dentro;Urbana;Otra Señal;No existe;Intersección;Bueno;Buena;Diurna;Buen Tiempo;Múltiple;S/D;Colisión;Ninguna;Faltante
7750;2021;6/10/2021;Miercoles;17:30:00;;0.0;2;Moto/Ciclomotor,Automóvil;Luciano Torrent 1700;2;1;0;1;0;0;Calle;SANTA FE;Constitución;Asfalto;No existe;I;Dentro;Urbana;Otra Señal;No existe;Intersección;Bueno;Buena;Diurna;Buen Tiempo;Múltiple;S/D;Colisión;Ninguna;Faltante
7751;2021;6/10/2021;Miercoles;19:40:00;Ruta Provincial 5;0.0;2;Bicicleta,Automóvil;Ruta pcial 2 Av. San Martin ;2;1;0;1;0;0;Ruta;MONTE VERA;Constitución;Asfalto;No existe;I;Dentro;Urbana;Otra Señal;No existe;Intersección;Bueno;Reducida;Nocturna;Buen Tiempo;Múltiple;Ciclista;Colisión;Ninguna;Faltante
7752;2021;6/10/2021;Miercoles;09:00:00;;0.0;2;Pickup/Utilitario,Moto/Ciclomotor;25 de Mayo Y San Martin;2;1;0;1;0;0;Calle;VERA;Constitución;Asfalto;No existe;XIX;Dentro;Urbana;Otra Señal;No existe;Intersección;Bueno;Buena;Diurna;Buen Tiempo;Múltiple;S/D;Colisión;Ninguna;Faltante