ID_Accidente;A�o;Fecha;Dia;Hopra;Ruta/Autop;km;Participantes;Tipo;Lugar;Total;Heridos Leves;Heridos Graves;Ilesos;Fallecidos;Sin datos;desc_tipo_via;desc_loc;desc_dpto;|;desc_tipo_banquina;desc_unidad_regional;desc_lugar_calzada;desc_zona;desc_prioridad;desc_estado_semaforo;desc_lugar_via;desc_estado_via;desc_estado_visibilidad;desc_luminosidad;desc_estado_clima;desc_tipo_colision;desc_tipo_atropello;desc_tipo_hecho;desc_pres_calzada;desc_senializacion
7753;2021;6/10/2021;Miercoles;12:10:00;;0.0;2;Bicicleta,Automóvil;Av. A del Valle Y Diagonal Martínez;2;1;0;1;0;0;Avenida;SANTA FE;Constitución;Asfalto;No existe;I;Dentro;Urbana;Otra Señal;No existe;Intersección;Bueno;Buena;Diurna;Buen Tiempo;Múltiple;Ciclista;Colisión;Ninguna;Faltante
7754;2021;6/10/2021;Miercoles;11:00:00;;0.0;2;Moto/Ciclomotor,Pickup/Utilitario;Cochabamba Y Iturraspe;2;1;0;1;0;0;Calle;SANTA FE;Constitución;Asfalto;No existe;I;Dentro;Urbana;Otra Señal;No existe;Intersección;Bueno;Buena;Diurna;Buen Tiempo;Múltiple;S/D;Colisión;Ninguna;Horizontal
7755;2021;6/10/2021;Miercoles;18:30:00;;0.0;2;Peatón,Moto/Ciclomotor;Italia Y Tucumán;3;2;0;1;0;0;Calle;ROSARIO;Constitución;Asfalto;No existe;II;Dentro;Urbana;Otra Señal;No existe;Intersección;Bueno;Buena;Diurna;Buen Tiempo;Múltiple;Ciclista;Colisión;Ninguna;Horizontal,Vertical
7756;2021;6/10/2021;Miercoles;17:15:00;;0.0;2;Bicicleta,Automóvil;Mariano Moreno Y 3 De Febrero;2;1;0;1;0;0;Calle;ROSARIO;Constitución;Asfalto;No existe;II;Dentro;Urbana;Otra Señal;No existe;Intersección;Bueno;Buena;Diurna;Buen Tiempo;Múltiple;Ciclista;Colisión;Ninguna;Horizontal
7757;2021;6/10/2021;Miercoles;08:20:00;;0.0;2;Moto/Ciclomotor,Automóvil;Gálvez Y Sarmiento;2;1;0;1;0;0;Calle;ROSARIO;Constitución;Asfalto;No existe;II;Dentro;Urbana;Otra Señal;No existe;Intersección;Bueno;Buena;Diurna;Buen Tiempo;Múltiple;S/D;Colisión;Ninguna;Faltante
7758;2021;6/10/2021;Miercoles;18:00:00;;0.0;2;Moto/Ciclomotor,Automóvil;Av. Francia Y Av. Pte. Perón;2;1;0;1;0;0;Avenida;ROSARIO;Constitución;Asfalto;No existe;II;Dentro;Urbana;Otra Señal;Funciona;Intersección;Bueno;Buena;Diurna;Buen Tiempo;Múltiple;S/D;Colisión;Ninguna;Horizontal,Vertical
7759;2021;6/10/2021;Miercoles;13:30:00;Autopista Provincial Brigadier E.LÓPEZ;150.0;3;Automóvil,Automóvil,Camión; ;3;1;0;2;0;0;Autopista;SANTA FE;Constitución;Asfalto;Ripio;I;Dentro;Rural;Otra Señal;No existe;Intersección;S/D;S/D;Diurna;S/D;Múltiple;S/D;Colisión;S/D;Horizontal
7760;2021;6/10/2021;Miercoles;21:50:00;;0.0;2;Moto/Ciclomotor,Moto/Ciclomotor;Calle 43 Y Calle 44-27 de Abril;2;2;0;0;0;0;Calle;RECONQUISTA;Constitución;Asfalto;No existe;IX;Dentro;Urbana;Otra Señal;S/D;Intersección;S/D;S/D;Nocturna;S/D;Múltiple;S/D;Colisión;S/D;S/D
7761;2021;6/10/2021;Miercoles;07:30:00;;0.0;1;Moto/Ciclomotor;Garzón Y Bv. Seguí;1;1;0;0;0;0;Avenida;ROSARIO;Constitución;S/D;S/D;II;S/D;S/D;Otra Señal;S/D;Intersección;S/D;S/D;S/D;S/D;Múltiple;S/D;Colisión;S/D;S/D
7762;2021;6/10/2021;Miercoles;08:00:00;;0.0;2;Moto/Ciclomotor,Automóvil;Cafferata 5200;2;0;0;1;0;0;Calle;ROSARIO;Constitución;Asfalto;No existe;II;Dentro;Urbana;Otra Señal;No existe;Intersección;Bueno;Buena;Diurna;Buen Tiempo;Múltiple;S/D;Colisión;Ninguna;Faltante
7763;2021;6/10/2021;Miercoles;18:40:00;Ruta Nacional 9;0.0;2;Moto/Ciclomotor,Pickup/Utilitario;Galindo Y Ruta Nacional 9;3;1;0;1;0;0;Ruta;FUNES;Constitución;Asfalto;Ripio;II;Dentro;Urbana;Otra Señal;Funciona;Intersección;Bueno;Buena;Diurna;Buen Tiempo;Múltiple;S/D;Colisión;Ninguna;Horizontal,Vertical
7764;2021;6/10/2021;Miercoles;11:20:00;;0.0;1;Moto/Ciclomotor;Urquiza Y Plátano;1;0;0;0;0;0;Calle;SAN LORENZO;Constitución;Asfalto;No existe;XVII;Dentro;Urbana;Otra Señal;No existe;Intersección;Bueno;Buena;Diurna;Buen Tiempo;Múltiple;S/D;Colisión;Ninguna;Horizontal,Vertical
7765;2021;6/10/2021;Miercoles;16:30:00;;0.0;2;Moto/Ciclomotor,Automóvil;Art Ramon Villarreal Y Comandante Razzetti;2;0;0;1;0;0;Calle;TOSTADO;Constitución;Asfalto;No existe;XII;Dentro;Urbana;Otra Señal;No existe;Intersección;Bueno;Buena;Diurna;Buen Tiempo;Múltiple;S/D;Colisión;Ninguna;Faltante
7766;2021;7/10/2021;Jueves;12:10:00;;0.0;2;Moto/Ciclomotor,Automóvil;Liniers Y Soldado Aguirre;2;1;0;1;0;0;Avenida;VILLA GOBERNADOR GÁLVEZ;Rosario;Asfalto,Tierra;No existe;II;Dentro;Urbana;Otra Señal;No existe;Intersección;Deteriorada;Buena;Diurna;Buen Tiempo;Múltiple;S/D;Colisión;Material Suelto;Faltante
7767;2021;7/10/2021;Jueves;16:45:00;Autopista Nacional A008;0.0;2;Pickup/Utilitario,Moto/Ciclomotor;Av. Circunvalación Y Mendoza;2;1;0;1;0;0;Autopista;ROSARIO;Rosario;Asfalto;No existe;II;Dentro;Urbana;Otra Señal;No existe;Intersección;Bueno;Buena;Diurna;Buen Tiempo;Múltiple;S/D;Colisión;Ninguna;Horizontal
7768;2021;7/10/2021;Jueves;09:10:00;;0.0;2;Moto/Ciclomotor,Automóvil;Donado Y Pje. Prusia;4;3;0;1;0;0;Calle;ROSARIO;Rosario;Asfalto;No existe;II;Dentro;Urbana;Otra Señal;No existe;Intersección;Bueno;Buena;Diurna;Buen Tiempo;Múltiple;S/D;Colisión;Ninguna;Faltante
7769;2021;7/10/2021;Jueves;10:30:00;;0.0;2;Moto/Ciclomotor,Camión Chasis;Av. Pte. Perón Y Perú;2;1;0;1;0;0;Avenida;ROSARIO;Rosario;Asfalto;No existe;II;Dentro;Urbana;Otra Señal;No existe;Intersección;Bueno;Buena;Diurna;Buen Tiempo;Múltiple;S/D;Colisión;Ninguna;Horizontal
7770;2021;7/10/2021;Jueves;07:00:00;;0.0;2;Moto/Ciclomotor,Automóvil;Av. Juan Domingo Perón Y Bv San diego;2;1;0;0;0;1;Avenida;VILLA GOBERNADOR GÁLVEZ;Rosario;Asfalto;No existe;II;Dentro;Urbana;Otra Señal;Funciona;Intersección;Bueno;Buena;Diurna;Buen Tiempo;Múltiple;S/D;Colisión;Ninguna;Horizontal,Vertical
7771;2021;7/10/2021;Jueves;11:20:00;;0.0;2;Bicicleta,Pickup/Utilitario;Av. Juan Domingo Perón Y Corrientes;2;1;0;1;0;0;Avenida;VILLA GOBERNADOR GÁLVEZ;Rosario;Asfalto;No existe;II;Dentro;Urbana;Otra Señal;No existe;Intersección;Bueno;Buena;Diurna;Buen Tiempo;Múltiple;Ciclista;Colisión;Ninguna;Faltante
7772;2021;7/10/2021;Jueves;13:55:00;;0.0;2;Automóvil,Bicicleta;Av. Filipini Y G López;2;1;0;1;0;0;Avenida;VILLA GOBERNADOR GÁLVEZ;Rosario;Asfalto;No existe;II;Dentro;Urbana;Otra Señal;No existe;Intersección;Otro;Buena;Diurna;Buen Tiempo;Múltiple;Ciclista;Colisión;Ninguna;Faltante
7773;2021;7/10/2021;Jueves;18:30:00;Ruta Nacional 11;0.0;2;Moto/Ciclomotor,Automóvil;Av. San Martin Y 3 de Febrero;2;1;0;1;0;0;Ruta;SAN LORENZO;San Lorenzo;Asfalto;No existe;XVII;Dentro;Urbana;Otra Señal;No existe;Intersección;Bueno;Buena;Nocturna;Buen Tiempo;Múltiple;S/D;Colisión;Ninguna;Faltante
7774;2021;7/10/2021;Jueves;12:30:00;;0.0;2;Moto/Ciclomotor,Pickup/Utilitario;Dr. Rafael Araya Y Republica de Chile;2;1;0;1;0;0;Calle;SAN LORENZO;San Lorenzo;Asfalto,Ripio;No existe;XVII;Dentro;Urbana;Otra Señal;No existe;Intersección;Bueno;Buena;Diurna;Buen Tiempo;Múltiple;S/D;Colisión;Ninguna;Faltante
7775;2021;7/10/2021;Jueves;11:00:00;;0.0;2;Moto/Ciclomotor,Pickup/Utilitario;Avda. Roque Sáenz PEÑA Y Gaboto;2;1;0;1;0;0;Avenida;FRAY LUIS BELTRÁN;San Lorenzo;Asfalto;No existe;XVII;Dentro;Urbana;Otra Señal;No existe;Intersección;Con baches;Buena;Diurna;S/D;Múltiple;S/D;Colisión;Agua;Faltante
7776;2021;7/10/2021;Jueves;10:05:00;Ruta Nacional 11;0.0;2;Moto/Ciclomotor,Automóvil;Av. San Martin Y Granadero Baigorria;2;1;0;1;0;0;Ruta;SAN LORENZO;San Lorenzo;Asfalto;No existe;XVII;Dentro;Urbana;Otra Señal;No existe;Intersección;Bueno;S/D;Diurna;Buen Tiempo;Múltiple;S/D;Colisión;Ninguna;Faltante
7777;2021;7/10/2021;Jueves;15:45:00;;0.0;2;Moto/Ciclomotor,Automóvil;Azopardo Y Larrea;2;1;0;1;0;0;Calle;SANTA FE;Constitución;Asfalto,Ripio;No existe;I;Dentro;Urbana;Otra Señal;No existe;Intersección;Bueno;Buena;Diurna;Buen Tiempo;Múltiple;S/D;Colisión;Ninguna;Faltante
7778;2021;7/10/2021;Jueves;19:20:00;;0.0;2;Automóvil,Moto/Ciclomotor;Bv Belgrano Y Sgto. Cabral;3;2;0;1;0;0;Avenida;CALCHAQUÍ;Constitución;Asfalto;No existe;XIX;Dentro;Urbana;Otra Señal;No existe;Intersección;Bueno;Buena;Atardecer;Buen Tiempo;Múltiple;S/D;Colisión;Ninguna;Horizontal
7779;2021;7/10/2021;Jueves;07:25:00;;0.0;2;Pickup/Utilitario,Moto/Ciclomotor;Avenida Rivadavia Y Belgrano;6;3;0;3;0;0;Avenida;TOSTADO;Constitución;Asfalto;No existe;XVII;Dentro;Urbana;Otra Señal;No existe;Intersección;Bueno;Buena;Diurna;Buen Tiempo;Múltiple;S/D;Colisión;Ninguna;Faltante
7780;2021;7/10/2021;Jueves;10:30:00;;0.0;2;Pickup/Utilitario,Moto/Ciclomotor;Intendente Néstor Bode Y Nicasio Oroño;2;1;0;1;0;0;Calle;SAN JAVIER;Constitución;Asfalto;No existe;XIV;Dentro;Rural;Otra Señal;No existe;Intersección;Bueno;Buena;Diurna;Buen Tiempo;Múltiple;S/D;Colisión;Ninguna;Faltante
7781;2021;7/10/2021;Jueves;12:20:00;;0.0;2;Moto/Ciclomotor,Automóvil;Salta Y 4 de Enero;2;1;0;1;0;0;Calle;SANTA FE;Constitución;Asfalto;No existe;I;Dentro;Urbana;Otra Señal;No existe;Intersección;Bueno;Buena;Diurna;Buen Tiempo;Múltiple;S/D;Colisión;Ninguna;Horizontal
7782;2021;7/10/2021;Jueves;10:40:00;;0.0;2;Moto/Ciclomotor,Otros;Monseñor Zaspe Y 9 de Julio;2;1;0;0;0;1;Calle;SANTA FE;Constitución;Asfalto;No existe;I;Dentro;Urbana;Otra Señal;No existe;Intersección;Bueno;Buena;Diurna;Buen Tiempo;Múltiple;S/D;Colisión;Ninguna;Faltante
7783;2021;7/10/2021;Jueves;14:05:00;;0.0;2;Automóvil,Pickup/Utilitario;Tucumán Y 9 de Julio;2;1;0;1;0;0;Calle;SANTA FE;Constitución;Asfalto;No existe;I;Dentro;Urbana;Otra Señal;Funciona;Intersección;Bueno;Buena;Diurna;Buen Tiempo;Múltiple;S/D;Colisión;Ninguna;Horizontal,Vertical
7784;2021;7/10/2021;Jueves;12:45:00;;0.0;2;Moto/Ciclomotor,Automóvil;Aguado Y La Rioja;2;1;0;1;0;0;Calle;SANTA FE;Constitución;Asfalto;No existe;I;Dentro;Urbana;Otra Señal;No existe;Intersección;Bueno;Buena;Diurna;Buen Tiempo;Múltiple;S/D;Colisión;Ninguna;Faltante
7785;2021;7/10/2021;Jueves;11:00:00;;0.0;2;Moto/Ciclomotor,Automóvil;Biedma Y San Martin;3;2;0;1;0;0;Avenida;ROSARIO;Constitución;Asfalto;No existe;II;Dentro;Urbana;Otra Señal;Funciona;Intersección;Bueno;Buena;Diurna;Buen Tiempo;Múltiple;S/D;Colisión;Ninguna;Horizontal,Vertical
7786;2021;7/10/2021;Jueves;09:30:00;;0.0;2;Automóvil,Moto/Ciclomotor;Alvear Y Urquiza;2;1;0;1;0;0;Calle;ROSARIO;Constitución;Asfalto;No existe;II;Dentro;Urbana;Otra Señal;No existe;Intersección;S/D;S/D;Diurna;S/D;Múltiple;S/D;Colisión;S/D;Horizontal
7787;2021;7/10/2021;Jueves;06:30:00;;0.0;2;Peatón,Automóvil;Av. Gob.Caesar Y Bv. 27 De Febrero;2;1;0;1;0;0;Calle;ROSARIO;Constitución;Asfalto;No existe;II;Dentro;Urbana;Otra Señal;No existe;Intersección;Bueno;Buena;Diurna;Buen Tiempo;Múltiple;Ciclista;Colisión;Ninguna;Faltante
7788;2021;7/10/2021;Jueves;09:10:00;;0.0;3;Taxi/Remis,Taxi/Remis,Automóvil;San Nicolas Y Urquiza;3;1;0;2;0;0;Calle;ROSARIO;Constitución;Asfalto;No existe;II;Dentro;Urbana;Otra Señal;No existe;Intersección;Bueno;S/D;Diurna;S/D;Múltiple;S/D;Colisión;S/D;Vertical
7789;2021;7/10/2021;Jueves;17:35:00;Autopista Provincial Brigadier E.LÓPEZ;4.0;1;Automóvil; ;2;1;0;1;0;0;Autopista;GRANADERO BAIGORRIA;Constitución;Asfalto;Pavimento;II;Dentro;Rural;Otra Señal;No existe;Intersección;S/D;S/D;Diurna;S/D;Múltiple;S/D;Colisión;S/D;Horizontal
7790;2021;7/10/2021;Jueves;;Ruta Nacional 34;0.0;2;Automóvil,Moto/Ciclomotor;27 de setiembre Y Av. Int Octavio Zabboli;3;1;0;2;0;0;Ruta;RAFAELA;Constitución;Asfalto;No existe;V;Dentro;Urbana;Otra Señal;Funciona;Intersección;Bueno;S/D;S/D;S/D;Múltiple;S/D;Colisión;S/D;Horizontal,Vertical
7791;2021;7/10/2021;Jueves;18:40:00;;0.0;2;Peatón,Bicicleta;Calle 12 San Martin Y Calle 9-Italia;2;1;0;1;0;0;Calle;RECONQUISTA;Constitución;Asfalto;No existe;IX;Dentro;Urbana;Otra Señal;No existe;Intersección;Bueno;S/D;Diurna;S/D;Múltiple;Peatón;Colisión;S/D;Faltante
7792;2021;7/10/2021;Jueves;18:15:00;;0.0;2;Automóvil,Moto/Ciclomotor;Calle 18 - Gral. Belgrano Y Calle 75-Lisandro de la Torre;2;1;0;1;0;0;Calle;RECONQUISTA;Constitución;Asfalto;No existe;IX;Dentro;Urbana;Otra Señal;No existe;Intersección;S/D;S/D;Diurna;S/D;Múltiple;S/D;Colisión;S/D;Faltante
7793;2021;7/10/2021;Jueves;15:30:00;Ruta Nacional 11;0.0;2;Bicicleta,Automóvil;Calle 33-Pueyrredon Y Calle 34;2;1;0;1;0;0;Ruta;RECONQUISTA;Constitución;Asfalto;Pavimento;IX;Dentro;Urbana;Otra Señal;Funciona;Intersección;S/D;S/D;Diurna;S/D;Múltiple;Ciclista;Colisión;S/D;Horizontal,Vertical
7794;2021;7/10/2021;Jueves;08:00:00;;0.0;2;Moto/Ciclomotor,Pickup/Utilitario;Av. Provincias Unidas Y La Republica;2;0;0;1;0;0;Avenida;ROSARIO;Constitución;Asfalto;No existe;II;Dentro;Urbana;Otra Señal;No existe;Intersección;Bueno;Buena;Diurna;S/D;Múltiple;S/D;Colisión;S/D;Horizontal
7795;2021;7/10/2021;Jueves;09:40:00;;0.0;2;Bicicleta,Automóvil;San Nicolas 2084;2;0;0;1;0;0;Calle;ROSARIO;Constitución;Asfalto;No existe;II;Dentro;Urbana;Otra Señal;No existe;Intersección;Bueno;Buena;Diurna;Buen Tiempo;Múltiple;Ciclista;Colisión;Ninguna;Faltante
7796;2021;7/10/2021;Jueves;09:15:00;;0.0;2;Peatón,Otros;Nicasio Oroño 500;2;0;0;0;0;1;Calle;ROLDÁN;Constitución;Asfalto;No existe;XVII;Dentro;Urbana;Otra Señal;No existe;Intersección;Bueno;Buena;Diurna;Buen Tiempo;Múltiple;Peatón;Colisión;Ninguna;Faltante
7797;2021;7/10/2021;Jueves;19:25:00;;0.0;2;Peatón,Automóvil;Av. Almte. Brown Y Pedro de Vega;2;0;0;1;0;0;Avenida;SANTA FE;Constitución;Asfalto;No existe;I;Dentro;Urbana;Otra Señal;No existe;Intersección;Bueno;Buena;Nocturna;Buen Tiempo;Múltiple;Peatón;Colisión;Ninguna;Horizontal
7798;2021;7/10/2021;Jueves;00:05:00;;0.0;2;Automóvil,Moto/Ciclomotor; ;2;0;0;0;0;1;S/D;ROSARIO;Rosario;S/D;S/D;II;S/D;S/D;Otra Señal;S/D;Intersección;S/D;S/D;Nocturna;S/D;Múltiple;S/D;Colisión;S/D;S/D
7799;2021;7/10/2021;Jueves;12:00:00;;0.0;1;Moto/Ciclomotor;Magallanes Y Santa Fe;1;0;0;0;0;0;Calle;ROSARIO;Rosario;Asfalto;No existe;II;Dentro;Urbana;Otra Señal;No existe;Intersección;S/D;S/D;Diurna;S/D;Múltiple;S/D;Colisión;S/D;Faltante
7800;2021;7/10/2021;Jueves;18:00:00;;0.0;1;Bicicleta;Bv. Avellaneda Y Gálvez;1;0;0;0;0;0;Avenida;ROSARIO;Rosario;Asfalto;No existe;II;Dentro;Urbana;Otra Señal;No existe;Intersección;S/D;S/D;Diurna;S/D;Múltiple;S/D;Colisión;S/D;Horizontal
7801;2021;8/10/2021;Viernes;23:00:00;Ruta Provincial 2;32.0;2;Moto/Ciclomotor,Automóvil;Pastor Barrios Y Obrero;2;0;0;1;1;0;Ruta;LAGUNA PAIVA;La Capital;Asfalto;No existe;I;Dentro;Urbana;Otra Señal;No existe;Intersección;Bueno;Reducida;Nocturna;Buen Tiempo;Múltiple;S/D;Colisión;Ninguna;Faltante
7802;2021;8/10/2021;Viernes;20:40:00;;0.0;2;Moto/Ciclomotor,Automóvil;Av. Casiano Casas Y Blas Parera;3;1;0;1;1;0;Calle;ROSARIO;Rosario;Asfalto;No existe;II;Dentro;Urbana;Otra Señal;No existe;Intersección;Bueno;Buena;Nocturna;Buen Tiempo;Múltiple;S/D;Colisión;Ninguna;Horizontal
7803;2021;8/10/2021;Viernes;03:50:00;;0.0;1;Moto/Ciclomotor; ;2;1;0;0;1;0;Camino Rural;GATO COLORADO;9 de Julio;Tierra;No existe;XII;Dentro;Rural;Otra Señal;No existe;Intersección;Bueno;Reducida;Nocturna;Buen Tiempo;Múltiple;S/D;Colisión;Ninguna;Faltante
7804;2021;8/10/2021;Viernes;16:30:00;;0.0;2;Moto/Ciclomotor,Automóvil;Bolivia Y French;2;1;0;1;0;0;Calle;ROSARIO;Rosario;Asfalto;No existe;II;Dentro;Urbana;Otra Señal;No existe;Intersección;Bueno;Buena;Diurna;Buen Tiempo;Múltiple;S/D;Colisión;Ninguna;Faltante
7805;2021;8/10/2021;Viernes;18:05:00;;0.0;2;Peatón,Moto/Ciclomotor;Av. Sorrento Y Cullen;2;1;0;0;0;1;Avenida;ROSARIO;Rosario;Asfalto,Tierra;Natural;II;Dentro;Urbana;Otra Señal;No existe;Intersección;Bueno;Buena;Diurna;Buen Tiempo;Múltiple;Peatón;Colisión;Ninguna;Faltante
7806;2021;8/10/2021;Viernes;12:20:00;;0.0;2;Automóvil,Moto/Ciclomotor;Calle 2 Y Calle nro. 12;2;1;0;1;0;0;Calle;GRANADERO BAIGORRIA;Rosario;Asfalto;No existe;II;Dentro;Urbana;Otra Señal;No existe;Intersección;Bueno;Buena;Diurna;Buen Tiempo;Múltiple;S/D;Colisión;S/D;S/D
7807;2021;8/10/2021;Viernes;15:50:00;;0.0;2;Peatón,Moto/Ciclomotor;Rivadavia 1500;2;1;0;1;0;0;Calle;SAN LORENZO;San Lorenzo;Asfalto,Tierra;No existe;XVII;Dentro;Urbana;Otra Señal;No existe;Intersección;Deteriorada;Buena;Diurna;Otro;Múltiple;Peatón;Colisión;Ninguna;Faltante
7808;2021;8/10/2021;Viernes;03:45:00;;0.0;2;Moto/Ciclomotor,Moto/Ciclomotor;Estanislao del Campo Y Hipólito Vieytes;2;1;0;1;0;0;Calle;RAFAELA;Constitución;Asfalto;No existe;V;Dentro;Urbana;Otra Señal;Intermitente;Intersección;Bueno;Buena;Nocturna,Con luz artificial;S/D;Múltiple;S/D;Colisión;Ninguna;Vertical
7809;2021;8/10/2021;Viernes;19:45:00;;0.0;2;Moto/Ciclomotor,Automóvil;Necochea Y Regis Martínez;2;1;0;1;0;0;Calle;SANTA FE;Constitución;Asfalto;No existe;I;Dentro;Urbana;Otra Señal;No existe;Intersección;Bueno;Buena;Nocturna;Buen Tiempo;Múltiple;S/D;Colisión;Ninguna;Faltante
7810;2021;8/10/2021;Viernes;19:30:00;;0.0;2;Moto/Ciclomotor,Moto/Ciclomotor;Urquiza 2000;2;2;0;0;0;0;Calle;MARGARITA;Constitución;Hormigón;Natural;XIX;Dentro;Urbana;Otra Señal;No existe;Intersección;Bueno;Buena;Nocturna;Buen Tiempo;Múltiple;S/D;Colisión;Ninguna;Faltante
7811;2021;8/10/2021;Viernes;18:50:00;Ruta Provincial 70;41.0;2;Moto/Ciclomotor,Moto/Ciclomotor; ;3;2;0;1;0;0;Ruta;COLONIA NUEVA;Constitución;Asfalto;Natural;XI;Dentro;Rural;Otra Señal;No existe;Intersección;Bueno;Buena;Diurna;Buen Tiempo;Múltiple;S/D;Colisión;Ninguna;Horizontal
7812;2021;8/10/2021;Viernes;20:45:00;;0.0;2;Automóvil,Moto/Ciclomotor;J Castelli Y Pje Ingenieros;2;1;0;1;0;0;Calle;SANTA FE;Constitución;Asfalto;No existe;I;Dentro;Urbana;Otra Señal;No existe;Intersección;Bueno;Buena;Nocturna;Buen Tiempo;Múltiple;S/D;Colisión;Ninguna;Faltante
7813;2021;8/10/2021;Viernes;21:00:00;;0.0;2;Moto/Ciclomotor,Automóvil;Albert Sabin Y J.J.Paso;2;1;0;1;0;0;Avenida;ROSARIO;Constitución;Asfalto;No existe;II;Dentro;Urbana;Otra Señal;Funciona;Intersección;Bueno;S/D;Nocturna;Buen Tiempo;Múltiple;S/D;Colisión;S/D;Horizontal,Vertical
7814;2021;8/10/2021;Viernes;09:55:00;;0.0;2;Automóvil,Taxi/Remis;3 De Febrero Y Gutenberg;2;2;0;0;0;0;Calle;ROSARIO;Constitución;Asfalto;No existe;II;Dentro;Urbana;Otra Señal;No existe;Intersección;Bueno;Buena;Diurna;Buen Tiempo;Múltiple;S/D;Colisión;Ninguna;Faltante
7815;2021;8/10/2021;Viernes;16:05:00;;0.0;2;Automóvil,Automóvil;Scalabrini Ortiz 100;2;2;0;0;0;0;Calle;SAN CARLOS CENTRO;Constitución;Ripio;No existe;XI;Dentro;Urbana;Otra Señal;No existe;Intersección;Bueno;Buena;Diurna;Buen Tiempo;Múltiple;S/D;Colisión;Ninguna;Faltante
7816;2021;8/10/2021;Viernes;;;0.0;3;Moto/Ciclomotor,Automóvil,Automóvil;Boulevard Villada Y San Lorenzo;3;1;0;2;0;0;Avenida;CASILDA;Constitución;Asfalto;No existe;IV;Dentro;Urbana;Otra Señal;No existe;Intersección;Bueno;S/D;S/D;S/D;Múltiple;S/D;Colisión;S/D;Horizontal
7817;2021;8/10/2021;Viernes;03:40:00;Autopista Provincial Brigadier E.LÓPEZ;0.0;1;Automóvil; ;1;1;0;0;0;0;Autopista;FRAY LUIS BELTRÁN;Constitución;Asfalto;Natural;XVII;Dentro;Rural;Otra Señal;No existe;Intersección;Bueno;S/D;Nocturna,Con luz artificial;S/D;Múltiple;S/D;Colisión;S/D;Horizontal
7818;2021;8/10/2021;Viernes;13:30:00;Ruta Nacional 11;0.0;2;Automóvil,Moto/Ciclomotor;Av. San Lorenzo Y Gustavo Fillol;2;1;0;1;0;0;Ruta;CAPITÁN BERMÚDEZ;Constitución;Hormigón;Ripio;XVII;Dentro;Urbana;Otra Señal;No existe;Intersección;Bueno;S/D;Diurna;S/D;Múltiple;S/D;Colisión;S/D;Faltante
7819;2021;8/10/2021;Viernes;21:45:00;;0.0;2;Moto/Ciclomotor,Moto/Ciclomotor;Bernardino Rivadavia Y España;2;2;0;0;0;0;Calle;VENADO TUERTO;Constitución;Asfalto;No existe;VIII;Dentro;Urbana;Otra Señal;Funciona;Intersección;S/D;S/D;Nocturna;S/D;Múltiple;S/D;Colisión;S/D;Vertical
7820;2021;8/10/2021;Viernes;09:10:00;;0.0;2;Moto/Ciclomotor,Moto/Ciclomotor;Cayetano Silva Y Neuquén;3;1;0;2;0;0;Calle;VENADO TUERTO;Constitución;S/D;No existe;VIII;Dentro;Urbana;Otra Señal;S/D;Intersección;S/D;S/D;Diurna;S/D;Múltiple;S/D;Colisión;S/D;S/D
7821;2021;8/10/2021;Viernes;;;0.0;2;Moto/Ciclomotor,Automóvil;Avenida Belgrano Y Urquiza;2;1;0;1;0;0;Calle;SUNCHALES;Constitución;Asfalto;No existe;V;Dentro;Urbana;Otra Señal;No existe;Intersección;S/D;S/D;S/D;S/D;Múltiple;S/D;Colisión;S/D;Faltante
7822;2021;8/10/2021;Viernes;;;0.0;2;Pickup/Utilitario,Moto/Ciclomotor;H Yrigoyen Y Urquiza;2;1;0;1;0;0;Calle;ZENÓN PEREYRA;Constitución;Asfalto;No existe;V;Dentro;Urbana;Otra Señal;S/D;Intersección;S/D;S/D;S/D;S/D;Múltiple;S/D;Colisión;S/D;S/D
7823;2021;8/10/2021;Viernes;06:25:00;Ruta Nacional 11;876.0;1;Automóvil; ;4;4;0;0;0;0;Ruta;VILLA OCAMPO;Constitución;Asfalto;Natural;IX;Dentro;Rural;Otra Señal;No existe;Intersección;Bueno;S/D;Diurna;S/D;Múltiple;S/D;Colisión;Ninguna;Horizontal
7824;2021;8/10/2021;Viernes;02:30:00;Autopista Nacional A012;63.0;1;Pickup/Utilitario; ;1;1;0;0;0;0;Autopista;RICARDONE;Constitución;Asfalto;Natural;XVII;Dentro;Rural;Otra Señal;No existe;Intersección;S/D;S/D;Nocturna;S/D;Múltiple;S/D;Colisión;S/D;Horizontal
7825;2021;8/10/2021;Viernes;20:15:00;Ruta Nacional 33;0.0;2;Automóvil,Moto/Ciclomotor;Av. Roque Pérez Y Ruta Nac 33;3;0;0;2;0;0;Ruta;PEREZ;Constitución;Asfalto;Pavimento;II;Dentro;Urbana;Otra Señal;No existe;Intersección;Bueno;Buena;Nocturna;Buen Tiempo;Múltiple;S/D;Colisión;Ninguna;Faltante