ID_Accidente;A�o;Fecha;Dia;Hopra;Ruta/Autop;km;Participantes;Tipo;Lugar;Total;Heridos Leves;Heridos Graves;Ilesos;Fallecidos;Sin datos;desc_tipo_via;desc_loc;desc_dpto;|;desc_tipo_banquina;desc_unidad_regional;desc_lugar_calzada;desc_zona;desc_prioridad;desc_estado_semaforo;desc_lugar_via;desc_estado_via;desc_estado_visibilidad;desc_luminosidad;desc_estado_clima;desc_tipo_colision;desc_tipo_atropello;desc_tipo_hecho;desc_pres_calzada;desc_senializacion
7826;2021;8/10/2021;Viernes;12:30:00;;0.0;2;Moto/Ciclomotor,Automóvil;Urquiza 1900;2;0;0;1;0;0;Calle;SAN MARTIN DE LAS ESCOBAS;Constitución;Ripio;No existe;XVIII;Dentro;Urbana;Otra Señal;No existe;Intersección;Bueno;Buena;Diurna;Buen Tiempo;Múltiple;S/D;Colisión;Ninguna;Faltante
7827;2021;8/10/2021;Viernes;03:00:00;;0.0;2;Moto/Ciclomotor,Camión Chasis;San Juan Y Santiago;2;0;0;1;0;0;Calle;ROSARIO;Constitución;Asfalto;No existe;II;Dentro;Urbana;Otra Señal;No existe;Intersección;Bueno;Buena;Nocturna,Con luz artificial;Buen Tiempo;Múltiple;S/D;Colisión;Ninguna;Horizontal
7828;2021;8/10/2021;Viernes;;;0.0;1;Moto/Ciclomotor; ;1;0;0;0;0;0;S/D;BAUER Y SIGEL;Constitución;S/D;S/D;V;S/D;S/D;Otra Señal;S/D;Intersección;S/D;S/D;S/D;S/D;Múltiple;S/D;Colisión;S/D;S/D
7829;2021;9/10/2021;Sabado;21:15:00;Ruta Provincial 3;12.0;1;Automóvil; ;3;2;0;0;1;0;Ruta;VERA;Vera;Asfalto;No existe;XIX;S/D;Rural;Otra Señal;No existe;Intersección;Bueno;Reducida;Nocturna;Buen Tiempo;Múltiple;S/D;Colisión;Ninguna;S/D
7830;2021;9/10/2021;Sabado;23:50:00;;0.0;2;Automóvil,Bicicleta;Donado Y Mendoza;3;1;0;2;0;0;Avenida;ROSARIO;Rosario;Asfalto;No existe;II;Dentro;Urbana;Otra Señal;Funciona;Intersección;Bueno;Buena;Nocturna,Con luz artificial;Buen Tiempo;Múltiple;Ciclista;Colisión;Ninguna;Horizontal,Vertical
7831;2021;9/10/2021;Sabado;15:00:00;Autopista Nacional A008;0.0;2;Automóvil,Pickup/Utilitario;Av. Circunvalación Y Bv. 27 De Febrero;3;1;0;2;0;0;Autopista;ROSARIO;Rosario;Asfalto;No existe;II;Dentro;Urbana;Otra Señal;No existe;Intersección;Bueno;Buena;Diurna;Buen Tiempo;Múltiple;S/D;Colisión;Ninguna;Horizontal
7832;2021;9/10/2021;Sabado;23:30:00;;0.0;2;Moto/Ciclomotor,Automóvil;Cochabamba Y Valparaíso;3;1;0;2;0;0;Calle;ROSARIO;Rosario;Asfalto;No existe;II;Dentro;Urbana;Otra Señal;No existe;Intersección;Bueno;Buena;Nocturna;Buen Tiempo;Múltiple;S/D;Colisión;S/D;Faltante
7833;2021;9/10/2021;Sabado;19:15:00;Ruta Nacional 9;0.0;3;Automóvil,Pickup/Utilitario,Pickup/Utilitario;Hernández Y Ruta Nacional 9;4;1;0;3;0;0;Ruta;FUNES;Rosario;Asfalto;Ripio;II;Dentro;Urbana;Otra Señal;Funciona;Intersección;Bueno;Buena;Nocturna;Buen Tiempo;Múltiple;S/D;Colisión;Ninguna;Horizontal,Vertical
7834;2021;9/10/2021;Sabado;22:40:00;;0.0;2;Automóvil,Moto/Ciclomotor;Iriondo Y Mitre;2;1;0;1;0;0;Calle;VILLA GOBERNADOR GÁLVEZ;Rosario;Asfalto;No existe;II;Dentro;Urbana;Otra Señal;No existe;Intersección;Bueno;Buena;Nocturna;Buen Tiempo;Múltiple;S/D;Colisión;Ninguna;Faltante
7835;2021;9/10/2021;Sabado;12:45:00;;0.0;2;Moto/Ciclomotor,Automóvil;Cochabamba ;3;1;0;2;0;0;Calle;SAN LORENZO;San Lorenzo;Asfalto;No existe;XVII;Dentro;Urbana;Otra Señal;No existe;Intersección;Bueno;Buena;Diurna;Buen Tiempo;Múltiple;S/D;Colisión;Ninguna;Faltante
7836;2021;9/10/2021;Sabado;22:00:00;;0.0;2;Moto/Ciclomotor,Taxi/Remis;Congreso Y Neuquén;2;1;0;1;0;0;Calle;SAN LORENZO;San Lorenzo;Asfalto,Tierra;No existe;XVII;Dentro;Urbana;Otra Señal;No existe;Intersección;Bueno;S/D;Nocturna;S/D;Múltiple;S/D;Colisión;Ninguna;Faltante
7837;2021;9/10/2021;Sabado;18:00:00;;0.0;2;Moto/Ciclomotor,Moto/Ciclomotor;Buenos Aires 900;2;1;0;1;0;0;Calle;PUERTO SAN MARTÍN;San Lorenzo;Asfalto;No existe;XVII;Dentro;Urbana;Otra Señal;No existe;Intersección;Bueno;Buena;Diurna;Buen Tiempo;Múltiple;S/D;Colisión;Ninguna;Horizontal
7838;2021;9/10/2021;Sabado;13:15:00;Ruta Nacional A012;0.0;2;Moto/Ciclomotor,Pickup/Utilitario;Ruta Nacional 9 ;3;1;0;2;0;0;Ruta;ROLDÁN;San Lorenzo;Asfalto;No existe;XVII;Dentro;Rural;Otra Señal;Funciona;Intersección;Bueno;Buena;Diurna;Buen Tiempo;Múltiple;S/D;Colisión;Ninguna;Horizontal,Vertical
7839;2021;9/10/2021;Sabado;14:00:00;Ruta Nacional 11;0.0;2;Automóvil,Moto/Ciclomotor;Granadero Baigorria Y Ruta Nac 11;2;1;0;1;0;0;Ruta;SAN LORENZO;San Lorenzo;Asfalto;No existe;XVII;Dentro;Urbana;Otra Señal;No existe;Intersección;Bueno;Buena;Diurna;Buen Tiempo;Múltiple;S/D;Colisión;Ninguna;Faltante
7840;2021;9/10/2021;Sabado;11:00:00;Ruta Nacional 11;0.0;2;Automóvil,Moto/Ciclomotor;Bv Oroño Y M Diaz Vélez;3;1;0;2;0;0;Ruta;SAN LORENZO;San Lorenzo;Asfalto;No existe;XVII;Dentro;Urbana;Otra Señal;No existe;Intersección;Bueno;Buena;Diurna;Buen Tiempo;Múltiple;S/D;Colisión;Ninguna;Faltante
7841;2021;9/10/2021;Sabado;23:30:00;;0.0;1;Automóvil; ;1;1;0;0;0;0;Calle;SANTA FE;Constitución;Ripio;No existe;I;Dentro;Rural;Otra Señal;No existe;Intersección;Con baches;Reducida;Nocturna;Buen Tiempo;Múltiple;S/D;Colisión;Ninguna;Faltante
7842;2021;9/10/2021;Sabado;17:30:00;Ruta Provincial Brigadier E.LÓPEZ;0.0;2;Pickup/Utilitario,Moto/Ciclomotor; ;2;0;0;1;0;0;Ruta;SAN LORENZO;Constitución;Asfalto;No existe;XVII;Dentro;Rural;Otra Señal;No existe;Intersección;Bueno;Buena;Diurna;Buen Tiempo;Múltiple;S/D;Colisión;Ninguna;Horizontal
7843;2021;9/10/2021;Sabado;03:05:00;;0.0;2;Moto/Ciclomotor,Automóvil;Castellanos Y Güemes;2;1;0;1;0;0;Calle;SANTA FE;Constitución;Asfalto;No existe;I;Dentro;Urbana;Otra Señal;No existe;Intersección;Bueno;Buena;Nocturna;Buen Tiempo;Múltiple;S/D;Colisión;Ninguna;Faltante
7844;2021;9/10/2021;Sabado;07:00:00;Ruta Secundaria 28-s;0.0;1;Automóvil; ;1;1;0;0;0;0;Ruta;MONTES DE OCA;Constitución;Asfalto;Natural;III;Fuera;Rural;Otra Señal;No existe;Intersección;Bueno;Buena;Nocturna;Buen Tiempo;Múltiple;S/D;Colisión;Ninguna;Vertical
7845;2021;9/10/2021;Sabado;15:00:00;;0.0;2;Peatón,Automóvil;Pavón 4700;2;1;0;1;0;0;Calle;ROSARIO;Constitución;Asfalto,Ripio;No existe;II;Dentro;Urbana;Otra Señal;No existe;Intersección;Deteriorada;Buena;Diurna;Buen Tiempo;Múltiple;Peatón;Colisión;Ninguna;Faltante
7846;2021;9/10/2021;Sabado;20:45:00;;0.0;2;Bicicleta,Automóvil;Cepeda Y Gral. J.M.Paz;2;1;0;1;0;0;Calle;ROSARIO;Constitución;Asfalto;No existe;II;Dentro;Urbana;Otra Señal;No existe;Intersección;Bueno;Buena;Nocturna,Con luz artificial;Buen Tiempo;Múltiple;S/D;Colisión;Ninguna;Faltante
7847;2021;9/10/2021;Sabado;23:35:00;;0.0;2;Peatón,Moto/Ciclomotor;Av. Ovidio Lagos Y Av. Pte. Perón;2;1;0;1;0;0;Avenida;ROSARIO;Constitución;Asfalto;No existe;II;Dentro;Urbana;Otra Señal;Funciona;Intersección;Bueno;Buena;Nocturna,Con luz artificial;Buen Tiempo;Múltiple;Peatón;Colisión;Ninguna;Horizontal,Vertical
7848;2021;9/10/2021;Sabado;06:45:00;;0.0;2;Bicicleta,Moto/Ciclomotor;Gdor. Menchaca Y Gorriti;2;2;0;0;0;0;Calle;SANTA FE;Constitución;S/D;S/D;I;Dentro;Urbana;Otra Señal;S/D;Intersección;S/D;S/D;Diurna;S/D;Múltiple;Ciclista;Colisión;S/D;S/D
7849;2021;9/10/2021;Sabado;;;0.0;2;Pickup/Utilitario,Moto/Ciclomotor;Alsina Y Córdoba;2;1;0;1;0;0;Avenida;ROSARIO;Constitución;Asfalto;No existe;II;Dentro;Urbana;Otra Señal;Funciona;Intersección;Bueno;S/D;Nocturna;S/D;Múltiple;S/D;Colisión;S/D;Horizontal,Vertical
7850;2021;9/10/2021;Sabado;;;0.0;2;Pickup/Utilitario,Moto/Ciclomotor;Boulevard Villada Y General Bartolomé Mitre;2;1;0;1;0;0;Avenida;CASILDA;Constitución;Asfalto;No existe;IV;Dentro;Urbana;Otra Señal;No existe;Intersección;Bueno;S/D;S/D;S/D;Múltiple;S/D;Colisión;S/D;Faltante
7851;2021;9/10/2021;Sabado;;;0.0;2;Bicicleta,Taxi/Remis;Dean Funes Y Italia;2;1;0;1;0;0;Calle;ROSARIO;Constitución;Asfalto;No existe;II;Dentro;Urbana;Otra Señal;No existe;Intersección;Deteriorada;S/D;S/D;S/D;Múltiple;Ciclista;Colisión;S/D;Faltante
7852;2021;9/10/2021;Sabado;17:45:00;;0.0;2;Pickup/Utilitario,Moto/Ciclomotor;Alberdi Y Mariano Moreno;2;1;0;1;0;0;Calle;CORONDA;Constitución;Asfalto;No existe;XV;Dentro;Urbana;Otra Señal;No existe;Intersección;Deteriorada;S/D;Diurna;S/D;Múltiple;S/D;Colisión;Ninguna;Faltante
7853;2021;9/10/2021;Sabado;16:10:00;;0.0;2;Moto/Ciclomotor,Moto/Ciclomotor;Belgrano Y Mitre;3;3;0;0;0;0;Calle;CORONDA;Constitución;Asfalto;No existe;XV;Dentro;Urbana;Otra Señal;Funciona;Intersección;Bueno;S/D;Diurna;S/D;Múltiple;S/D;Colisión;S/D;Horizontal,Vertical
7854;2021;9/10/2021;Sabado;17:30:00;Ruta Provincial 10;0.0;2;Automóvil,Moto/Ciclomotor;Avda. Jorge Newbery Y Silvio Arcas;2;1;0;1;0;0;Ruta;GÁLVEZ;Constitución;Asfalto;No existe;XV;Dentro;Urbana;Otra Señal;No existe;Intersección;Bueno;S/D;Diurna;S/D;Múltiple;S/D;Colisión;Ninguna;Horizontal,Vertical
7855;2021;9/10/2021;Sabado;23:15:00;Ruta Nacional 11;372.0;2;Automóvil,Moto/Ciclomotor; ;2;1;0;1;0;0;Ruta;MACIEL;Constitución;Asfalto;Natural;XV;Dentro;Urbana;Otra Señal;No existe;Intersección;S/D;S/D;Nocturna;S/D;Múltiple;S/D;Colisión;S/D;Horizontal
7856;2021;9/10/2021;Sabado;09:40:00;;0.0;2;Moto/Ciclomotor,Automóvil;Calle 2-Constituyentes Y Calle 29-Alte Brown;2;1;0;1;0;0;Calle;RECONQUISTA;Constitución;S/D;No existe;VIII;Dentro;Urbana;Otra Señal;S/D;Intersección;S/D;S/D;Diurna;S/D;Múltiple;S/D;Colisión;S/D;S/D
7857;2021;9/10/2021;Sabado;;;0.0;2;Moto/Ciclomotor,Automóvil;Calle 11 Y Calle 8;2;1;0;1;0;0;Calle;AVELLANEDA;Constitución;S/D;No existe;VIII;Dentro;Urbana;Otra Señal;S/D;Intersección;S/D;S/D;Diurna;S/D;Múltiple;S/D;Colisión;S/D;Faltante
7858;2021;9/10/2021;Sabado;21:00:00;;0.0;1;Moto/Ciclomotor;Viamonte Y Roullon;1;1;0;0;0;0;Calle;ROSARIO;Constitución;Asfalto;No existe;II;Dentro;Urbana;Otra Señal;No existe;Intersección;Bueno;S/D;Nocturna;S/D;Múltiple;S/D;Colisión;Ninguna;Faltante
7859;2021;9/10/2021;Sabado;01:30:00;;0.0;2;Moto/Ciclomotor,Moto/Ciclomotor;Buenos Aires Y Soldado Aguirre;2;0;0;1;0;0;Calle;VILLA GOBERNADOR GÁLVEZ;Constitución;Asfalto;No existe;II;Dentro;Urbana;Otra Señal;Funciona;Intersección;S/D;Buena;Nocturna,Con luz artificial;Buen Tiempo;Múltiple;S/D;Colisión;S/D;Horizontal,Vertical
7860;2021;9/10/2021;Sabado;23:40:00;;0.0;2;Automóvil,Moto/Ciclomotor;Av. del Libertador Y Las Heras;3;0;0;2;0;0;Avenida;VILLA GOBERNADOR GÁLVEZ;Constitución;Asfalto;No existe;II;Dentro;Urbana;Otra Señal;No existe;Intersección;Con baches;Reducida;Nocturna,Con luz artificial;Otro;Múltiple;S/D;Colisión;Ninguna;Faltante
7861;2021;9/10/2021;Sabado;21:50:00;;0.0;2;Automóvil,Moto/Ciclomotor;Santa Fe Y Sarmiento;2;0;0;1;0;0;Calle;TOSTADO;Constitución;Asfalto;No existe;XII;Dentro;Urbana;Otra Señal;No existe;Intersección;Bueno;Buena;Nocturna,Con luz artificial;Otro;Múltiple;S/D;Colisión;Ninguna;Faltante
7862;2021;9/10/2021;Sabado;20:30:00;Ruta Nacional 9;0.0;2;Moto/Ciclomotor,Moto/Ciclomotor;Av. Santa Fe Y Maipú;4;3;0;0;0;0;Ruta;CAÑADA DE GÓMEZ;Constitución;Asfalto;Ripio;X;Dentro;Urbana;Otra Señal;S/D;Intersección;S/D;S/D;Nocturna;S/D;Múltiple;S/D;Colisión;S/D;Horizontal
7863;2021;9/10/2021;Sabado;16:00:00;;0.0;1;Moto/Ciclomotor; ;1;0;0;0;0;0;S/D;ROSARIO;Rosario;S/D;S/D;II;S/D;S/D;Otra Señal;S/D;Intersección;S/D;S/D;Diurna;S/D;Múltiple;S/D;Colisión;S/D;S/D
7864;2021;10/10/2021;Domingo;06:35:00;;0.0;1;Automóvil;Urquiza Y Arroyo Ludueña;2;1;0;0;1;0;Avenida;FUNES;Rosario;Asfalto;No existe;II;Dentro;Urbana;Otra Señal;No existe;Intersección;Bueno;Buena;Nocturna;Buen Tiempo;Múltiple;S/D;Colisión;Ninguna;Faltante
7865;2021;10/10/2021;Domingo;15:00:00;Ruta Nacional 34;0.0;2;Automóvil,Camión c / Acoplado;Ruta Nac 34 Y Salvat;3;1;0;1;1;0;Ruta;ROSARIO;Rosario;Asfalto;Natural;II;Dentro;Urbana;Otra Señal;No existe;Intersección;Bueno;Buena;Diurna;Lluvia;Múltiple;S/D;Colisión;Ninguna;Faltante
7866;2021;10/10/2021;Domingo;07:50:00;;0.0;1;Automóvil;Antonio Ballaris ;1;0;0;0;1;0;Camino Rural;GÁLVEZ;San JERÓNIMO;Tierra;S/D;XV;S/D;Rural;Otra Señal;S/D;Intersección;S/D;S/D;Diurna;S/D;Múltiple;S/D;Colisión;S/D;S/D
7867;2021;10/10/2021;Domingo;06:10:00;;0.0;2;Automóvil,Moto/Ciclomotor;Lavalle Y Rosario;3;2;0;1;0;0;Calle;VILLA GOBERNADOR GÁLVEZ;Rosario;Asfalto;No existe;II;Dentro;Urbana;Otra Señal;No existe;Intersección;Bueno;Buena;Diurna;S/D;Múltiple;S/D;Colisión;Ninguna;Faltante
7868;2021;10/10/2021;Domingo;17:50:00;Ruta Nacional 11;0.0;2;Moto/Ciclomotor,Automóvil;Av. San Martin Y Avellaneda;2;1;0;1;0;0;Ruta;FRAY LUIS BELTRÁN;San Lorenzo;Asfalto;No existe;XVII;Dentro;Urbana;Otra Señal;No existe;Intersección;Bueno;Buena;Atardecer;Buen Tiempo;Múltiple;S/D;Colisión;Ninguna;Horizontal
7869;2021;10/10/2021;Domingo;04:05:00;;0.0;1;Moto/Ciclomotor;Jujuy Y Reconquista;2;2;0;0;0;0;Calle;PUERTO SAN MARTÍN;San Lorenzo;Asfalto;No existe;XVII;Dentro;Urbana;Otra Señal;No existe;Intersección;Bueno;Buena;Nocturna;Buen Tiempo;Múltiple;S/D;Colisión;Ninguna;Faltante
7870;2021;10/10/2021;Domingo;00:10:00;Ruta Nacional 11;0.0;1;Pickup/Utilitario;Calle 14 Y Ruta Nac 11;1;1;0;0;0;0;Ruta;SAUCE VIEJO;Constitución;Asfalto;Ripio;I;Dentro;Urbana;Otra Señal;No existe;Intersección;Bueno;Buena;Nocturna;Buen Tiempo;Múltiple;S/D;Colisión;Ninguna;Horizontal,Vertical
7871;2021;10/10/2021;Domingo;19:15:00;Ruta Secundaria 91-s;0.0;1;Automóvil; ;4;2;0;2;0;0;Ruta;SANTA MARGARITA;Constitución;Tierra;No existe;XII;Fuera;Rural;Otra Señal;No existe;Intersección;Otro;Buena;Diurna;Buen Tiempo;Múltiple;S/D;Colisión;Otro;Faltante
7872;2021;10/10/2021;Domingo;;;0.0;1;Automóvil;B Irigoyen Y San Martin;3;2;0;1;0;0;Calle;VERA;Constitución;Ripio;No existe;XIX;Dentro;Urbana;Otra Señal;No existe;Intersección;Bueno;Buena;Nocturna;Buen Tiempo;Múltiple;S/D;Colisión;Otro;Faltante
7873;2021;10/10/2021;Domingo;01:35:00;;0.0;2;Pickup/Utilitario,Moto/Ciclomotor;Belgrano Y Juan de Garay;4;2;0;2;0;0;Calle;VERA;Constitución;Asfalto;No existe;XIX;Dentro;Urbana;Otra Señal;No existe;Intersección;Bueno;Buena;Nocturna;Buen Tiempo;Múltiple;S/D;Colisión;Ninguna;Faltante
7874;2021;10/10/2021;Domingo;17:20:00;;0.0;2;Automóvil,Camión Chasis;José Forte ;5;1;0;4;0;0;Camino Rural;ESPERANZA;Constitución;Tierra;No existe;II;S/D;Rural;Otra Señal;No existe;Intersección;S/D;Reducida polvo;Atardecer;Buen Tiempo;Múltiple;S/D;Colisión;S/D;S/D
7875;2021;10/10/2021;Domingo;02:30:00;;0.0;2;Moto/Ciclomotor,Automóvil;Av. Facundo Zuviria Y Vieytes;2;1;0;1;0;0;Avenida;SANTA FE;Constitución;Asfalto,Ripio;No existe;I;Dentro;Urbana;Otra Señal;No existe;Intersección;Bueno;Buena;Nocturna;Buen Tiempo;Múltiple;S/D;Colisión;Ninguna;Horizontal
7876;2021;10/10/2021;Domingo;02:00:00;;0.0;2;Automóvil,Moto/Ciclomotor;Bv. Oroño Y San Luis;2;1;0;1;0;0;Avenida;ROSARIO;Constitución;Asfalto;No existe;II;Dentro;Urbana;Otra Señal;Funciona;Intersección;Bueno;Buena;Nocturna,Con luz artificial;Buen Tiempo;Múltiple;S/D;Colisión;Ninguna;Horizontal,Vertical
7877;2021;10/10/2021;Domingo;07:00:00;;0.0;1;Automóvil; ;3;2;0;1;0;0;Camino Rural;SAN CARLOS CENTRO;Constitución;Ripio;No existe;XI;Dentro;Rural;Otra Señal;No existe;Intersección;Resbaladiza;Reducida;Nocturna,Con luz artificial;Lluvia;Múltiple;S/D;Colisión;Ninguna;Faltante
7878;2021;10/10/2021;Domingo;20:25:00;Autopista Provincial Brigadier E.LÓPEZ;70.0;1;Automóvil; ;2;2;0;0;0;0;Autopista;MONJE;Constitución;Asfalto;Natural;XV;Dentro;Urbana;Otra Señal;No existe;Intersección;S/D;S/D;Nocturna;S/D;Múltiple;S/D;Colisión;S/D;Horizontal
7879;2021;10/10/2021;Domingo;11:20:00;;0.0;2;Bicicleta,Automóvil;Garay ;2;1;0;1;0;0;Calle;CORONDA;Constitución;S/D;No existe;XV;Dentro;Urbana;Otra Señal;S/D;Intersección;S/D;S/D;Diurna;S/D;Múltiple;Ciclista;Colisión;S/D;S/D
7880;2021;10/10/2021;Domingo;04:40:00;;0.0;2;Moto/Ciclomotor,Moto/Ciclomotor; ;2;2;0;0;0;0;Camino Rural;VENADO TUERTO;Constitución;Ripio;No existe;VIII;Dentro;Rural;Otra Señal;S/D;Intersección;S/D;S/D;Nocturna;S/D;Múltiple;S/D;Colisión;S/D;S/D
7881;2021;10/10/2021;Domingo;;;0.0;2;Moto/Ciclomotor,Automóvil;Bernardo de Irigoyen Y Magdalena de De Lorenzi;3;2;0;1;0;0;Calle;RAFAELA;Constitución;Asfalto;No existe;V;Dentro;Urbana;Otra Señal;S/D;Intersección;S/D;S/D;S/D;S/D;Múltiple;S/D;Colisión;S/D;Faltante
7882;2021;10/10/2021;Domingo;;;0.0;1;Automóvil;Bv Pte. Roca Y Hermana Fortunata;1;1;0;0;0;0;Avenida;RAFAELA;Constitución;Asfalto;No existe;V;Dentro;Urbana;Otra Señal;No existe;Intersección;S/D;S/D;Diurna;S/D;Múltiple;S/D;Colisión;S/D;Horizontal
7883;2021;10/10/2021;Domingo;03:20:00;;0.0;2;Moto/Ciclomotor,Automóvil;Calle 19-Habegger Y Calle 6-Ituzaingo;2;1;0;1;0;0;Calle;RECONQUISTA;Constitución;Asfalto;No existe;IX;Dentro;Urbana;Otra Señal;No existe;Intersección;Bueno;S/D;Nocturna;S/D;Múltiple;S/D;Colisión;S/D;Faltante
7884;2021;10/10/2021;Domingo;03:25:00;;0.0;1;Moto/Ciclomotor;Calle 23-Gral López Y Calle 26 - Bolívar;1;1;0;0;0;0;Calle;RECONQUISTA;Constitución;Asfalto;No existe;IX;Dentro;Urbana;Otra Señal;No existe;Intersección;Bueno;S/D;Nocturna;S/D;Múltiple;S/D;Colisión;S/D;Faltante
7885;2021;10/10/2021;Domingo;13:20:00;;0.0;2;Automóvil,Automóvil;Calle 23-Gral López Y Calle 28 - San Lorenzo;3;1;0;2;0;0;Calle;RECONQUISTA;Constitución;Asfalto;No existe;IX;Dentro;Urbana;Otra Señal;No existe;Intersección;Bueno;S/D;Diurna;S/D;Múltiple;S/D;Colisión;S/D;Faltante
7886;2021;10/10/2021;Domingo;23:35:00;Ruta Nacional 11;0.0;1;Automóvil;Gral. Urquiza Y J Neme;1;1;0;0;0;0;Ruta;SAN JUSTO;Constitución;Asfalto;No existe;XVI;Dentro;Urbana;Otra Señal;No existe;Intersección;S/D;S/D;Nocturna;S/D;Múltiple;S/D;Colisión;Ninguna;Horizontal
7887;2021;10/10/2021;Domingo;20:20:00;;0.0;1;Automóvil;JJ PASO  Y JUAN PABLO II;2;1;0;0;0;1;Calle;ROSARIO;Constitución;Asfalto;No existe;II;Dentro;Urbana;Otra Señal;Funciona;Intersección;Bueno;S/D;Nocturna;S/D;Múltiple;S/D;Colisión;Ninguna;Vertical
7888;2021;10/10/2021;Domingo;18:00:00;;0.0;1;Bicicleta;27 DE FEBRERO Y JUAN PABLO II;1;1;0;0;0;0;Calle;ROSARIO;Constitución;Asfalto;No existe;II;Dentro;Urbana;Otra Señal;Funciona;Intersección;Bueno;S/D;Diurna;S/D;Múltiple;S/D;Colisión;S/D;Vertical
7889;2021;10/10/2021;Domingo;11:00:00;Autovía Nacional A008;0.0;1;Automóvil;Av. Circunvalación ;2;1;0;0;0;1;Autovía;ROSARIO;Constitución;S/D;S/D;II;Dentro;Urbana;Otra Señal;S/D;Intersección;S/D;S/D;Diurna;S/D;Múltiple;S/D;Colisión;S/D;S/D
7890;2021;10/10/2021;Domingo;13:50:00;;0.0;2;Automóvil,Moto/Ciclomotor;J.J. PASO Y J.M.ROSA;3;0;0;2;0;0;Calle;ROSARIO;Constitución;Asfalto;No existe;II;Dentro;Urbana;Otra Señal;Funciona;Intersección;Bueno;Buena;Diurna;Buen Tiempo;Múltiple;S/D;Colisión;S/D;Vertical
7891;2021;10/10/2021;Domingo;00:15:00;;0.0;3;Moto/Ciclomotor,Automóvil,Moto/Ciclomotor;Dorrego Y Madre Cabrini;4;2;0;0;0;1;Calle;ROSARIO;Constitución;Asfalto;No existe;II;Dentro;Urbana;Otra Señal;No existe;Intersección;Bueno;Buena;Diurna;Buen Tiempo;Múltiple;S/D;Colisión;Ninguna;Faltante
7892;2021;10/10/2021;Domingo;18:10:00;Ruta Provincial 20;0.0;2;Automóvil,Moto/Ciclomotor;Av. Julián Bustinza Y Gral. San Martin;2;0;0;1;0;0;Ruta;PIAMONTE;Constitución;Asfalto;Pavimento;XVIII;Dentro;Urbana;Otra Señal;No existe;Intersección;Bueno;Buena;Diurna;Buen Tiempo;Múltiple;S/D;Colisión;Ninguna;Horizontal
7893;2021;10/10/2021;Domingo;;Ruta Provincial 6;57.0;2;Automóvil,Automóvil; ;5;3;0;0;0;0;Ruta;PROVIDENCIA;Constitución;Asfalto;Natural;XI;Dentro;Rural;Otra Señal;No existe;Intersección;Bueno;S/D;S/D;S/D;Múltiple;S/D;Colisión;S/D;Horizontal
7894;2021;10/10/2021;Domingo;;;0.0;2;Moto/Ciclomotor,Moto/Ciclomotor;Maipú Y Paraná;2;1;0;0;0;0;Calle;RAFAELA;Constitución;Asfalto;No existe;V;Dentro;Urbana;Otra Señal;No existe;Intersección;S/D;S/D;S/D;S/D;Múltiple;S/D;Colisión;S/D;Faltante
7895;2021;10/10/2021;Domingo;00:05:00;;0.0;1;Moto/Ciclomotor;José Ingenieros Y Pje. Fillol Bis;1;0;0;0;0;0;Calle;ROSARIO;Rosario;Asfalto;No existe;II;Dentro;Urbana;Otra Señal;No existe;Intersección;S/D;S/D;Nocturna;S/D;Múltiple;S/D;Colisión;S/D;Faltante
7896;2021;10/10/2021;Domingo;05:30:00;;0.0;1;Moto/Ciclomotor;Pueyrredón Y San Lorenzo;1;0;0;0;0;0;Calle;ROSARIO;Rosario;Asfalto;No existe;II;Dentro;Urbana;Otra Señal;No existe;Intersección;S/D;S/D;Nocturna;S/D;Múltiple;S/D;Colisión;S/D;Faltante
7897;2021;10/10/2021;Domingo;06:30:00;Ruta Nacional 178;0.0;1;Automóvil; ;4;2;0;0;0;0;Ruta;LAS ROSAS;Belgrano;Asfalto;Natural;III;Fuera;Rural;Otra Señal;No existe;Intersección;Bueno;Buena;Diurna;Buen Tiempo;Múltiple;S/D;Colisión;Ninguna;Horizontal
7898;2021;11/10/2021;Lunes;15:50:00;Ruta Provincial 18;13.5;1;Automóvil; ;1;0;0;0;1;0;Ruta;ÁLVAREZ;Rosario;Asfalto;Pavimento;II;Dentro;Urbana;Otra Señal;No existe;Intersección;Bueno;S/D;Diurna;Buen Tiempo;Múltiple;S/D;Colisión;Ninguna;Horizontal
7899;2021;11/10/2021;Lunes;13:35:00;Autopista Nacional A008;0.0;2;Automóvil,Peatón;Av. Circunvalación ;2;1;0;1;0;0;Autopista;ROSARIO;Rosario;Asfalto;No existe;II;Dentro;Urbana;Otra Señal;No existe;Intersección;Bueno;Buena;Diurna;Buen Tiempo;Múltiple;Peatón;Colisión;Ninguna;Horizontal
7900;2021;11/10/2021;Lunes;19:50:00;Autopista Nacional 9;272.0;4;Pickup/Utilitario,Automóvil,Automóvil,Automóvil; ;9;3;0;6;0;0;Autopista;GENERAL LAGOS;Rosario;Asfalto;Pavimento;II;Dentro;Rural;Otra Señal;No existe;Intersección;Bueno;Buena;Nocturna;Buen Tiempo;Múltiple;S/D;Colisión;Ninguna;Horizontal