ID_Accidente;A�o;Fecha;Dia;Hopra;Ruta/Autop;km;Participantes;Tipo;Lugar;Total;Heridos Leves;Heridos Graves;Ilesos;Fallecidos;Sin datos;desc_tipo_via;desc_loc;desc_dpto;|;desc_tipo_banquina;desc_unidad_regional;desc_lugar_calzada;desc_zona;desc_prioridad;desc_estado_semaforo;desc_lugar_via;desc_estado_via;desc_estado_visibilidad;desc_luminosidad;desc_estado_clima;desc_tipo_colision;desc_tipo_atropello;desc_tipo_hecho;desc_pres_calzada;desc_senializacion
7901;2021;11/10/2021;Lunes;15:30:00;;0.0;2;Moto/Ciclomotor,Automóvil;Rosario Y Pje 2;2;1;0;1;0;0;Calle;VILLA GOBERNADOR GÁLVEZ;Rosario;Asfalto;No existe;II;Dentro;Urbana;Otra Señal;No existe;Intersección;Bueno;Buena;Diurna;S/D;Múltiple;S/D;Colisión;Ninguna;Faltante
7902;2021;11/10/2021;Lunes;14:50:00;Autopista Nacional Rosario -Cordoba;313.0;1;Automóvil; ;1;1;0;0;0;0;Autopista;ROLDÁN;San Lorenzo;Asfalto;Ripio;XVII;Fuera;Rural;Otra Señal;No existe;Intersección;Bueno;Buena;Diurna;Buen Tiempo;Múltiple;S/D;Colisión;Ninguna;Horizontal
7903;2021;11/10/2021;Lunes;20:08:00;;0.0;2;Moto/Ciclomotor,Pickup/Utilitario;Pje Parpal 1755;2;1;0;1;0;0;Calle;SANTA FE;Constitución;Asfalto;No existe;I;Dentro;Urbana;Otra Señal;No existe;Intersección;Bueno;Buena;Nocturna;Buen Tiempo;Múltiple;S/D;Colisión;Ninguna;Faltante
7904;2021;11/10/2021;Lunes;13:10:00;;0.0;2;Moto/Ciclomotor,Automóvil;Baldaccini Y Entre Ríos;2;1;0;1;0;0;Calle;MONTE VERA;Constitución;Asfalto;No existe;I;Dentro;Urbana;Otra Señal;No existe;Intersección;Bueno;Buena;Diurna;Buen Tiempo;Múltiple;S/D;Colisión;Ninguna;Faltante
7905;2021;11/10/2021;Lunes;17:30:00;Ruta Provincial 1;0.0;2;Moto/Ciclomotor,Automóvil; ;2;1;0;1;0;0;Ruta;COLASTINE;Constitución;Asfalto;Pavimento;I;Dentro;Rural;Otra Señal;No existe;Intersección;Bueno;Reducida;Nocturna;Buen Tiempo;Múltiple;S/D;Colisión;Ninguna;Faltante
7906;2021;11/10/2021;Lunes;04:10:00;;0.0;2;Automóvil,Automóvil;Av. Urquiza Y Pje Cervantes;2;1;0;1;0;0;Avenida;SANTA FE;Constitución;Asfalto;No existe;I;Dentro;Urbana;Otra Señal;No existe;Intersección;Bueno;Buena;Nocturna,Con luz artificial;Buen Tiempo;Múltiple;S/D;Colisión;Ninguna;Faltante
7907;2021;11/10/2021;Lunes;20:30:00;;0.0;2;Bicicleta,Automóvil;Laurencio Maradona 1100;2;1;0;1;0;0;Calle;SANTA FE;Constitución;Asfalto;No existe;I;Dentro;Urbana;Otra Señal;No existe;Intersección;Bueno;Reducida;Nocturna,Con luz artificial;Buen Tiempo;Múltiple;Ciclista;Colisión;Ninguna;Faltante
7908;2021;11/10/2021;Lunes;22:15:00;;0.0;2;Automóvil,Moto/Ciclomotor;Cayetano Silva Y José Ingenieros;2;1;0;1;0;0;Calle;ROSARIO;Constitución;Asfalto;No existe;II;Dentro;Urbana;Otra Señal;No existe;Intersección;Bueno;Buena;Nocturna,Con luz artificial;Buen Tiempo;Múltiple;S/D;Colisión;Ninguna;Faltante
7909;2021;11/10/2021;Lunes;16:30:00;;0.0;2;Automóvil,Automóvil;Mariano Moreno Y Salta;3;1;0;2;0;0;Calle;ROSARIO;Constitución;Asfalto;No existe;II;Dentro;Urbana;Otra Señal;No existe;Intersección;Bueno;Buena;Diurna;Buen Tiempo;Múltiple;S/D;Colisión;Ninguna;Horizontal
7910;2021;11/10/2021;Lunes;01:30:00;;0.0;1;Moto/Ciclomotor;Av. Pellegrini Y Buenos Aires;1;1;0;0;0;0;Avenida;ROSARIO;Constitución;Asfalto;No existe;II;Dentro;Urbana;Otra Señal;Funciona;Intersección;Bueno;Buena;Nocturna,Con luz artificial;Buen Tiempo;Múltiple;S/D;Colisión;Ninguna;Horizontal,Vertical
7911;2021;11/10/2021;Lunes;08:00:00;;0.0;2;Moto/Ciclomotor,Moto/Ciclomotor;Av. Corrientes Y Pasco;2;1;0;1;0;0;Calle;ROSARIO;Constitución;Asfalto;No existe;II;Dentro;Urbana;Otra Señal;No existe;Intersección;Bueno;Buena;Diurna;Buen Tiempo;Múltiple;S/D;Colisión;Ninguna;Horizontal
7912;2021;11/10/2021;Lunes;10:50:00;;0.0;2;Automóvil,Otros;Alvear Y Bv. 27 De Febrero;2;1;0;1;0;0;Avenida;ROSARIO;Constitución;Asfalto;No existe;II;Dentro;Urbana;Otra Señal;No existe;Intersección;Bueno;Buena;Diurna;Buen Tiempo;Múltiple;S/D;Colisión;Ninguna;Horizontal
7913;2021;11/10/2021;Lunes;03:05:00;;0.0;2;Peatón,Automóvil; ;2;1;0;1;0;0;Camino Rural;SAN CARLOS CENTRO;Constitución;Ripio;No existe;XI;Dentro;Rural;Otra Señal;No existe;Intersección;Bueno;Reducida;Nocturna;Buen Tiempo;Múltiple;Peatón;Colisión;Ninguna;Faltante
7914;2021;11/10/2021;Lunes;;;0.0;2;Automóvil,Automóvil;Boulevard Villada Y General José de San Martin;4;2;0;2;0;0;Avenida;CASILDA;Constitución;Asfalto;No existe;IV;Dentro;Urbana;Otra Señal;No existe;Intersección;S/D;S/D;S/D;S/D;Múltiple;S/D;Colisión;S/D;Faltante
7915;2021;11/10/2021;Lunes;01:40:00;Autopista Nacional A009;0.0;1;Automóvil; ;1;1;0;0;0;0;Autopista;RECONQUISTA;Constitución;Asfalto;No existe;IX;Dentro;Urbana;Otra Señal;No existe;Intersección;S/D;S/D;Nocturna;S/D;Múltiple;S/D;Colisión;S/D;Horizontal
7916;2021;11/10/2021;Lunes;22:30:00;;0.0;2;Automóvil,Moto/Ciclomotor;Bartolomé Mitre Y Italia;2;1;0;1;0;0;Calle;VENADO TUERTO;Constitución;Asfalto;No existe;VIII;Dentro;Urbana;Otra Señal;No existe;Intersección;S/D;S/D;Nocturna;S/D;Múltiple;S/D;Colisión;S/D;Horizontal,Vertical
7917;2021;11/10/2021;Lunes;;Ruta Nacional 11;479.0;2;Pickup/Utilitario,Moto/Ciclomotor; ;2;1;0;1;0;0;Ruta;RECREO;Constitución;Asfalto;Ripio;I;Dentro;Rural;Otra Señal;No existe;Intersección;Deteriorada;S/D;Diurna;S/D;Múltiple;S/D;Colisión;S/D;Horizontal
7918;2021;11/10/2021;Lunes;06:05:00;Autopista Nacional A009;1.0;2;Bicicleta,Moto/Ciclomotor; ;2;2;0;0;0;0;Autopista;RECONQUISTA;Constitución;Asfalto;Natural;IX;Dentro;Urbana;Otra Señal;No existe;Intersección;Bueno;Reducida;Amanecer;Buen Tiempo;Múltiple;Ciclista;Colisión;Ninguna;Horizontal
7919;2021;11/10/2021;Lunes;00:00:00;;0.0;1;Pickup/Utilitario;Av. Pellegrini Y Buenos Aires;3;2;0;0;0;1;Calle;ROSARIO;Constitución;Asfalto;No existe;II;Dentro;Urbana;Otra Señal;Funciona;Intersección;Bueno;S/D;Nocturna;S/D;Múltiple;S/D;Colisión;Ninguna;Horizontal,Vertical
7920;2021;11/10/2021;Lunes;18:00:00;;0.0;1;Moto/Ciclomotor;José Manuel Estrada ;1;1;0;0;0;0;S/D;GRANADERO BAIGORRIA;Constitución;S/D;S/D;II;S/D;Urbana;Otra Señal;S/D;Intersección;S/D;S/D;Diurna;S/D;Múltiple;S/D;Colisión;S/D;S/D
7921;2021;11/10/2021;Lunes;09:00:00;;0.0;1;Moto/Ciclomotor;Brown Y Av. Wheelwright;1;1;0;0;0;0;Calle;ROSARIO;Constitución;Asfalto;No existe;II;Dentro;Urbana;Otra Señal;Funciona;Intersección;Bueno;S/D;Diurna;S/D;Múltiple;S/D;Colisión;Ninguna;Horizontal,Vertical
7922;2021;11/10/2021;Lunes;07:15:00;;0.0;1;Moto/Ciclomotor;Almte. Brown Y Bv Estanislao López;2;1;0;0;0;0;Calle;ROLDÁN;Constitución;Asfalto;No existe;XVII;Dentro;Urbana;Otra Señal;No existe;Intersección;Bueno;Buena;Diurna;Buen Tiempo;Múltiple;S/D;Colisión;Ninguna;Faltante
7923;2021;11/10/2021;Lunes;18:00:00;;0.0;1;Moto/Ciclomotor;Dr. Rivas Y Suipacha;1;0;0;0;0;0;Calle;ROSARIO;Rosario;Asfalto;No existe;II;Dentro;Urbana;Otra Señal;No existe;Intersección;S/D;S/D;Diurna;S/D;Múltiple;S/D;Colisión;S/D;Faltante
7924;2021;12/10/2021;Martes;18:00:00;;0.0;2;Moto/Ciclomotor,Automóvil;Navarro 770;3;2;0;1;0;0;Calle;ROSARIO;Rosario;Asfalto;No existe;II;Dentro;Urbana;Otra Señal;No existe;Intersección;Bueno;Buena;Diurna;Buen Tiempo;Múltiple;S/D;Colisión;Ninguna;Faltante
7925;2021;12/10/2021;Martes;09:08:00;;0.0;2;Moto/Ciclomotor,Automóvil;Alvear Y Intendente M Bruno;2;1;0;1;0;0;Calle;VILLA GOBERNADOR GÁLVEZ;Rosario;Asfalto;No existe;II;Dentro;Urbana;Otra Señal;No existe;Intersección;Bueno;Buena;Diurna;Buen Tiempo;Múltiple;S/D;Colisión;Ninguna;Faltante
7926;2021;12/10/2021;Martes;12:50:00;Ruta Nacional 33;0.0;2;Moto/Ciclomotor,Automóvil;Av. Pte. Perón Y Calle 1712;2;1;0;1;0;0;Ruta;ROSARIO;Rosario;Asfalto;No existe;II;Dentro;Urbana;Otra Señal;No existe;Intersección;Bueno;Buena;Diurna;Buen Tiempo;Múltiple;S/D;Colisión;Ninguna;Horizontal
7927;2021;12/10/2021;Martes;19:00:00;;0.0;2;Moto/Ciclomotor,Moto/Ciclomotor;Guatemala Y Viamonte;2;1;0;0;0;1;Calle;ROSARIO;Rosario;Asfalto;No existe;II;Dentro;Urbana;Otra Señal;No existe;Intersección;Bueno;Buena;Diurna;Buen Tiempo;Múltiple;S/D;Colisión;Ninguna;Faltante
7928;2021;12/10/2021;Martes;13:50:00;Ruta Nacional 11;0.0;2;Camión Chasis,Automóvil;Perú Y Ruta Nac 11;2;1;0;1;0;0;Ruta;SAUCE VIEJO;La Capital;Asfalto;Ripio;II;Dentro;Urbana;Otra Señal;No existe;Intersección;Bueno;Buena;Diurna,Con luz artificial;Buen Tiempo;Múltiple;S/D;Colisión;Ninguna;Horizontal,Vertical
7929;2021;12/10/2021;Martes;11:00:00;;0.0;1;Moto/Ciclomotor;Juan de Garay Y Lamadrid;1;1;0;0;0;0;Calle;CERES;San CRISTÓBAL;Ripio;No existe;XIII;Dentro;Urbana;Otra Señal;No existe;Intersección;Bueno;Buena;Diurna;Buen Tiempo;Múltiple;S/D;Colisión;Material Suelto;Faltante
7930;2021;12/10/2021;Martes;00:10:00;Autovía Secundaria 16-s;17.0;1;Moto/Ciclomotor; ;2;2;0;0;0;0;Autovía;PUEBLO URANGA;Rosario;Asfalto;Natural;II;Fuera;Rural;Otra Señal;No existe;Intersección;Bueno;Reducida;Nocturna;Buen Tiempo;Múltiple;S/D;Colisión;Ninguna;Horizontal
7931;2021;12/10/2021;Martes;16:30:00;Ruta Nacional 9;0.0;2;Moto/Ciclomotor,Peatón;Ruta Nacional 9 Y Suipacha;2;2;0;0;0;0;Ruta;FUNES;Rosario;Asfalto;No existe;II;Dentro;Urbana;Otra Señal;No existe;Intersección;Bueno;Buena;Diurna;Buen Tiempo;Múltiple;Peatón;Colisión;Ninguna;Faltante
7932;2021;12/10/2021;Martes;12:20:00;;0.0;2;Automóvil,Moto/Ciclomotor;Candelaria Y Leloir;2;1;0;1;0;0;Calle;FUNES;Rosario;Tierra;No existe;II;Dentro;Urbana;Otra Señal;No existe;Intersección;Bueno;Buena;Diurna;Buen Tiempo;Múltiple;S/D;Colisión;Ninguna;Faltante
7933;2021;12/10/2021;Martes;12:00:00;Ruta Nacional 33;768.0;3;Automóvil,Camión c / Acoplado,Automóvil; ;4;1;0;3;0;0;Ruta;ZAVALLA;Rosario;Asfalto;Pavimento;II;Dentro;Rural;Otra Señal;No existe;Intersección;Bueno;Buena;Diurna;Buen Tiempo;Múltiple;S/D;Colisión;Ninguna;Faltante
7934;2021;12/10/2021;Martes;12:30:00;;0.0;1;Moto/Ciclomotor;El Lapacho Y Guillermo Hudson;1;1;0;0;0;0;Calle;PEREZ;Rosario;Asfalto,Ripio;No existe;II;Dentro;Urbana;Otra Señal;No existe;Intersección;Deteriorada;Buena;Diurna;Buen Tiempo;Múltiple;S/D;Colisión;Ninguna;Faltante
7935;2021;12/10/2021;Martes;13:10:00;;0.0;2;Bicicleta,Camión c / Acoplado;CÓRDOBA  Y STEPHENSON ;2;1;0;0;0;1;Calle;VILLA GOBERNADOR GÁLVEZ;Rosario;Asfalto;No existe;II;Dentro;Urbana;Otra Señal;No existe;Intersección;Bueno;Buena;Diurna;Buen Tiempo;Múltiple;Ciclista;Colisión;Ninguna;Horizontal,Vertical
7936;2021;12/10/2021;Martes;15:00:00;Ruta Nacional 11;0.0;2;Automóvil,Moto/Ciclomotor;Av. San Martin Y Rivadavia;3;2;0;1;0;0;Ruta;SAN LORENZO;San Lorenzo;Asfalto;No existe;XVII;Dentro;Urbana;Otra Señal;No existe;Intersección;Bueno;Buena;Diurna;Buen Tiempo;Múltiple;S/D;Colisión;Ninguna;Horizontal
7937;2021;12/10/2021;Martes;20:00:00;;0.0;2;Automóvil,Moto/Ciclomotor;Avenida  Los inmigrantes Y San Lorenzo;2;1;0;1;0;0;Avenida;LEHMANN;Constitución;Ripio;Natural;V;Dentro;Urbana;Otra Señal;No existe;Intersección;Bueno;Buena;Nocturna;Buen Tiempo;Múltiple;S/D;Colisión;Ninguna;Faltante
7938;2021;12/10/2021;Martes;19:45:00;;0.0;3;Moto/Ciclomotor,Peatón,Peatón;Buenos Aires Y San Martin;3;2;0;1;0;0;Calle;VERA;Constitución;Asfalto;No existe;XIX;Dentro;Urbana;Otra Señal;No existe;Intersección;Bueno;Buena;Nocturna;Buen Tiempo;Múltiple;Peatón;Colisión;Ninguna;Faltante
7939;2021;12/10/2021;Martes;18:00:00;;0.0;2;Automóvil,Moto/Ciclomotor;Los Solares ;2;1;0;1;0;0;Calle;RICARDONE;Constitución;Asfalto;No existe;XVII;Dentro;Urbana;Otra Señal;No existe;Intersección;Bueno;Buena;Diurna;Buen Tiempo;Múltiple;S/D;Colisión;Ninguna;Faltante
7940;2021;12/10/2021;Martes;07:30:00;;0.0;2;Moto/Ciclomotor,Pickup/Utilitario;Albert Sabin Y Av. Génova;2;1;0;1;0;0;Avenida;ROSARIO;Constitución;Asfalto;No existe;II;Dentro;Urbana;Otra Señal;Funciona;Intersección;Bueno;Buena;Amanecer;Buen Tiempo;Múltiple;S/D;Colisión;Ninguna;Horizontal,Vertical
7941;2021;12/10/2021;Martes;08:05:00;;0.0;2;Bicicleta,Transporte de Pasajeros Urbano (> 8 asientos);9 De Julio Y Av. Francia;2;1;0;1;0;0;Avenida;ROSARIO;Constitución;Asfalto;No existe;II;Dentro;Urbana;Otra Señal;Funciona;Intersección;Bueno;Buena;Diurna;Buen Tiempo;Múltiple;Ciclista;Colisión;S/D;Horizontal,Vertical
7942;2021;12/10/2021;Martes;14:45:00;;0.0;2;Bicicleta,Automóvil;Mitre Y 3 De Febrero;2;1;0;1;0;0;Calle;ROSARIO;Constitución;Asfalto;No existe;II;Dentro;Urbana;Otra Señal;No existe;Intersección;Bueno;Buena;Diurna;Buen Tiempo;Múltiple;S/D;Colisión;Ninguna;Horizontal
7943;2021;12/10/2021;Martes;17:20:00;;0.0;1;Bicicleta;Calle 18 - Gral. Belgrano 655;1;1;0;0;0;0;Calle;RECONQUISTA;Constitución;Asfalto;No existe;IX;Dentro;Urbana;Otra Señal;No existe;Intersección;S/D;S/D;Diurna;S/D;Múltiple;S/D;Colisión;S/D;Faltante
7944;2021;12/10/2021;Martes;12:20:00;;0.0;2;Automóvil,Moto/Ciclomotor;Calle 12 San Martin Y Calle 15-Patricio Diez;2;1;0;1;0;0;Calle;RECONQUISTA;Constitución;Asfalto;No existe;IX;Dentro;Urbana;Otra Señal;No existe;Intersección;Bueno;Buena;Diurna;Buen Tiempo;Múltiple;S/D;Colisión;Ninguna;Faltante
7945;2021;12/10/2021;Martes;12:00:00;;0.0;1;Moto/Ciclomotor;Amenábar ;1;1;0;0;0;0;Calle;ROSARIO;Constitución;S/D;S/D;II;Dentro;Urbana;Otra Señal;S/D;Intersección;S/D;S/D;Diurna;S/D;Múltiple;S/D;Colisión;S/D;S/D
7946;2021;12/10/2021;Martes;15:00:00;;0.0;1;Moto/Ciclomotor;Nahuel Huapi Y L.del Desierto;1;1;0;0;0;0;Calle;ROSARIO;Constitución;Asfalto;No existe;II;Dentro;Urbana;Otra Señal;No existe;Intersección;Bueno;S/D;Diurna;S/D;Múltiple;S/D;Colisión;Ninguna;Faltante
7947;2021;12/10/2021;Martes;23:40:00;;0.0;2;Moto/Ciclomotor,Moto/Ciclomotor;Iguazú 1895;2;1;0;0;0;0;Calle;PUERTO SAN MARTÍN;Constitución;Asfalto;No existe;XVII;Dentro;Urbana;Otra Señal;No existe;Intersección;Bueno;Reducida;Nocturna;Buen Tiempo;Múltiple;S/D;Colisión;Ninguna;Horizontal
7948;2021;12/10/2021;Martes;09:15:00;;0.0;2;Automóvil,Moto/Ciclomotor;Calle 6 Y Calle 19;2;0;0;1;0;0;Calle;LAS PAREJAS;Constitución;Hormigón;No existe;III;Dentro;Urbana;Otra Señal;No existe;Intersección;Deteriorada;Buena;Amanecer;Buen Tiempo;Múltiple;S/D;Colisión;Ninguna;Faltante
7949;2021;12/10/2021;Martes;;Ruta Provincial 70;0.0;2;Automóvil,Moto/Ciclomotor;Av. Luis Fanti Y Corrientes;2;0;0;1;0;0;Ruta;RAFAELA;Constitución;Asfalto;No existe;V;Dentro;Urbana;Otra Señal;No existe;Intersección;S/D;S/D;Nocturna;S/D;Múltiple;S/D;Colisión;S/D;Vertical
7950;2021;13/10/2021;Miercoles;06:00:00;Autopista Nacional Gral. Juan Jose Valle;283.0;3;Automóvil,Camión c / Acoplado,Camión c / Semirremolque; ;3;0;0;2;1;0;Autopista;VILLA GOBERNADOR GÁLVEZ;Rosario;Hormigón;No existe;II;Dentro;Rural;Otra Señal;No existe;Intersección;Bueno;Reducida;Nocturna;Lluvia;Múltiple;S/D;Colisión;Agua;Horizontal,Vertical
7951;2021;13/10/2021;Miercoles;20:20:00;Ruta Nacional 34;342.0;2;Automóvil,Camión c / Acoplado;ruta pcial 39-s ;2;0;0;1;1;0;Ruta;ARRUFÓ;San CRISTÓBAL;Asfalto,Ripio;Ripio;XIII;Dentro;Rural;Otra Señal;No existe;Intersección;Bueno;Buena;Nocturna;Buen Tiempo;Múltiple;S/D;Colisión;Ninguna;Vertical
7952;2021;13/10/2021;Miercoles;09:30:00;Ruta Provincial 91;18.0;3;Camión c / Acoplado,Camión,Camión; ;3;2;0;0;1;0;Ruta;SERODINO;Iriondo;Asfalto;Natural;X;S/D;Rural;Otra Señal;No existe;Intersección;Bueno;Reducida;Diurna;Lluvia;Múltiple;S/D;Colisión;Agua;Faltante
7953;2021;13/10/2021;Miercoles;16:00:00;;0.0;2;Automóvil,Transporte de Pasajeros Urbano (> 8 asientos);A F Temporelli Y Juan XXIII;2;1;0;1;0;0;Calle;VILLA GOBERNADOR GÁLVEZ;Rosario;Asfalto;No existe;II;Dentro;Urbana;Otra Señal;No existe;Intersección;Resbaladiza;Reducida;Diurna;Lluvia;Múltiple;S/D;Colisión;Agua;Faltante
7954;2021;13/10/2021;Miercoles;07:15:00;Ruta Provincial 21;0.0;2;Moto/Ciclomotor,Automóvil;Av. Gral. San Martin Y Guido y Spano;2;1;0;0;0;1;Ruta;VILLA GOBERNADOR GÁLVEZ;Rosario;Asfalto;No existe;II;Dentro;Urbana;Otra Señal;No existe;Intersección;Bueno;Buena;Diurna;Buen Tiempo;Múltiple;S/D;Colisión;Ninguna;Horizontal
7955;2021;13/10/2021;Miercoles;17:05:00;;0.0;2;Bicicleta,Otros;Av. Peñaloza Y Gorriti;2;1;0;0;0;1;Avenida;SANTA FE;Constitución;Asfalto;No existe;I;Dentro;Urbana;Otra Señal;Funciona;Intersección;Bueno;Buena;Diurna;Buen Tiempo;Múltiple;Ciclista;Colisión;Ninguna;Horizontal,Vertical
7956;2021;13/10/2021;Miercoles;21:00:00;;0.0;2;Bicicleta,Automóvil;Avellaneda Y J M Zuviria;2;1;0;1;0;0;Calle;SANTA FE;Constitución;Asfalto;No existe;I;Dentro;Urbana;Otra Señal;No existe;Intersección;Bueno;Buena;Nocturna;Buen Tiempo;Múltiple;Ciclista;Colisión;Ninguna;Faltante
7957;2021;13/10/2021;Miercoles;08:50:00;Ruta Nacional 11;0.0;2;Bicicleta,Automóvil;Av. Blas Parera 10200;2;1;0;1;0;0;Ruta;SANTA FE;Constitución;Asfalto;Pavimento;I;Dentro;Urbana;Otra Señal;S/D;Intersección;Bueno;Buena;Diurna;S/D;Múltiple;Ciclista;Colisión;Ninguna;Vertical
7958;2021;13/10/2021;Miercoles;14:50:00;Ruta Nacional 11;0.0;2;Camión c / Semirremolque,Transporte de Pasajeros Larga Distancia (Piso  y  1/2);Leiva Y Ruta Nac 11;38;1;0;37;0;0;Ruta;MARGARITA;Constitución;Asfalto;Ripio;XIX;Dentro;Urbana;Otra Señal;No existe;Intersección;Bueno;Buena;Diurna;Buen Tiempo;Múltiple;S/D;Colisión;Ninguna;Horizontal
7959;2021;13/10/2021;Miercoles;17:30:00;Ruta Nacional 11;0.0;1;Pickup/Utilitario;Leiva Y Ruta Nac 11;2;2;0;0;0;0;Ruta;MARGARITA;Constitución;Asfalto;Natural;XIX;Dentro;Urbana;Otra Señal;No existe;Intersección;Bueno;Buena;Diurna;Buen Tiempo;Múltiple;S/D;Colisión;Ninguna;Vertical
7960;2021;13/10/2021;Miercoles;14:30:00;;0.0;2;Moto/Ciclomotor,Automóvil;Irigoyen Freyre Y San Jerónimo;2;1;0;1;0;0;Calle;SANTA FE;Constitución;Asfalto;No existe;I;Dentro;Urbana;Otra Señal;No existe;Intersección;Bueno;Buena;Diurna;Buen Tiempo;Múltiple;S/D;Colisión;Ninguna;Horizontal
7961;2021;13/10/2021;Miercoles;07:30:00;;0.0;2;Moto/Ciclomotor,Automóvil;Av. Blas Parera Y Derqui;2;1;0;1;0;0;Avenida;SANTA FE;Constitución;Asfalto;No existe;I;Dentro;Urbana;Otra Señal;Funciona;Intersección;Bueno;Buena;Diurna;Buen Tiempo;Múltiple;S/D;Colisión;Ninguna;Horizontal,Vertical
7962;2021;13/10/2021;Miercoles;09:20:00;;0.0;2;Automóvil,Moto/Ciclomotor;Av. Corrientes Y Gaboto;2;1;0;1;0;0;Calle;ROSARIO;Constitución;Asfalto;No existe;II;Dentro;Urbana;Otra Señal;No existe;Intersección;Bueno;Buena;Diurna;Buen Tiempo;Múltiple;S/D;Colisión;Ninguna;Faltante
7963;2021;13/10/2021;Miercoles;14:55:00;;0.0;2;Peatón,Automóvil;Av. Corrientes Y Rioja;2;1;0;1;0;0;Calle;ROSARIO;Constitución;Asfalto;No existe;II;Dentro;Urbana;Otra Señal;Funciona;Intersección;Bueno;Buena;Diurna;Buen Tiempo;Múltiple;Peatón;Colisión;Ninguna;Horizontal,Vertical
7964;2021;13/10/2021;Miercoles;05:55:00;;0.0;2;Automóvil,Moto/Ciclomotor;Maipú Y Montevideo;2;1;0;1;0;0;Calle;ROSARIO;Constitución;Asfalto;No existe;II;Dentro;Urbana;Otra Señal;Funciona;Intersección;Bueno;Buena;Diurna;Buen Tiempo;Múltiple;S/D;Colisión;Ninguna;Horizontal,Vertical
7965;2021;13/10/2021;Miercoles;;Ruta Secundaria 19-s;0.0;2;Automóvil,Moto/Ciclomotor;Boulevard Argentino Y  General Juan Las Heras;4;1;0;3;0;0;Ruta;CASILDA;Constitución;Asfalto;Ripio;IV;Dentro;Urbana;Otra Señal;No existe;Intersección;Bueno;S/D;S/D;S/D;Múltiple;S/D;Colisión;S/D;Faltante
7966;2021;13/10/2021;Miercoles;19:00:00;Ruta Nacional 11;0.0;1;Moto/Ciclomotor;Bv Domingo F Sarmiento Y Pje García;1;1;0;0;0;0;Ruta;MACIEL;Constitución;Asfalto;No existe;XV;Dentro;Urbana;Otra Señal;No existe;Intersección;Bueno;S/D;Diurna;S/D;Múltiple;S/D;Colisión;S/D;Vertical
7967;2021;13/10/2021;Miercoles;;;0.0;2;Camión,Moto/Ciclomotor;España Y H Irigoyen;4;2;0;2;0;0;Calle;CORONDA;Constitución;Asfalto;No existe;XV;Dentro;Urbana;Otra Señal;No existe;Intersección;Bueno;S/D;S/D;S/D;Múltiple;S/D;Colisión;S/D;Faltante
7968;2021;13/10/2021;Miercoles;13:15:00;Ruta Nacional 33;0.0;2;Tractor,Camión Chasis;Ruta Nac 33 Y Santa Fe;2;1;0;1;0;0;Ruta;VENADO TUERTO;Constitución;Asfalto,Ripio;Ripio;VIII;Dentro;Urbana;Otra Señal;No existe;Intersección;S/D;S/D;Diurna;S/D;Múltiple;S/D;Colisión;S/D;Horizontal
7969;2021;13/10/2021;Miercoles;;;0.0;1;Moto/Ciclomotor; ;1;1;0;0;0;0;Calle;RAFAELA;Constitución;Asfalto;No existe;V;Dentro;Urbana;Otra Señal;No existe;Intersección;S/D;S/D;S/D;S/D;Múltiple;S/D;Colisión;S/D;Horizontal
7970;2021;13/10/2021;Miercoles;17:30:00;;0.0;1;Moto/Ciclomotor;Pje. Fernando El Católico ;1;1;0;0;0;0;S/D;ROSARIO;Constitución;S/D;S/D;II;S/D;Urbana;Otra Señal;S/D;Intersección;S/D;S/D;Diurna;S/D;Múltiple;S/D;Colisión;S/D;S/D
7971;2021;13/10/2021;Miercoles;21:20:00;;0.0;2;Taxi/Remis,Moto/Ciclomotor;Ayala Gauna Y Donado;2;0;0;1;0;0;Calle;ROSARIO;Constitución;Asfalto;No existe;II;Dentro;Urbana;Otra Señal;No existe;Intersección;Bueno;Buena;Nocturna;S/D;Múltiple;S/D;Colisión;S/D;Faltante
7972;2021;13/10/2021;Miercoles;20:20:00;Ruta Nacional 34;347.6;2;Camión c / Acoplado,Automóvil; ;2;0;0;1;0;0;Ruta;ARRUFÓ;Constitución;Asfalto,Ripio;Ripio;XIII;Dentro;Rural;Otra Señal;No existe;Intersección;Bueno;Buena;Nocturna;Buen Tiempo;Múltiple;S/D;Colisión;Ninguna;Horizontal