ID_Accidente;A�o;Fecha;Dia;Hopra;Ruta/Autop;km;Participantes;Tipo;Lugar;Total;Heridos Leves;Heridos Graves;Ilesos;Fallecidos;Sin datos;desc_tipo_via;desc_loc;desc_dpto;|;desc_tipo_banquina;desc_unidad_regional;desc_lugar_calzada;desc_zona;desc_prioridad;desc_estado_semaforo;desc_lugar_via;desc_estado_via;desc_estado_visibilidad;desc_luminosidad;desc_estado_clima;desc_tipo_colision;desc_tipo_atropello;desc_tipo_hecho;desc_pres_calzada;desc_senializacion
7973;2021;13/10/2021;Miercoles;07:50:00;Ruta Nacional 11;0.0;1;Moto/Ciclomotor;Avda. Los Eucaliptus Y Ruta Nacional 11;1;0;0;0;0;0;Ruta;DESVÍO ARIJÓN;Constitución;Asfalto;Ripio;XV;Dentro;Urbana;Otra Señal;No existe;Intersección;Bueno;S/D;Diurna;S/D;Múltiple;S/D;Colisión;Ninguna;Horizontal,Vertical
7974;2021;13/10/2021;Miercoles;19:30:00;Ruta Provincial 18;5.0;2;Pickup/Utilitario,Automóvil; ;3;0;0;1;0;0;Ruta;LA CAROLINA;Rosario;Asfalto;Natural;II;Dentro;Rural;Otra Señal;No existe;Intersección;Bueno;Buena;Nocturna;Buen Tiempo;Múltiple;S/D;Colisión;Ninguna;Faltante
7975;2021;14/10/2021;Jueves;21:00:00;Autopista Provincial Brigadier E.LÓPEZ;1.5;2;Automóvil,Automóvil; ;2;0;0;0;2;0;Autopista;ROSARIO;Rosario;Asfalto;Pavimento;II;S/D;Rural;Otra Señal;No existe;Intersección;Bueno;S/D;Nocturna;Viento Fuerte;Múltiple;S/D;Colisión;Ninguna;Faltante
7976;2021;14/10/2021;Jueves;23:05:00;Ruta Provincial 10;114.4;1;Camión c / Acoplado; ;1;0;0;0;1;0;Ruta;LÓPEZ;San JERÓNIMO;Asfalto;Natural;XV;S/D;Rural;Otra Señal;No existe;Intersección;Bueno;S/D;Nocturna;S/D;Múltiple;S/D;Colisión;Ninguna;Faltante
7977;2021;14/10/2021;Jueves;16:15:00;;0.0;2;Moto/Ciclomotor,Automóvil;Barra Y La Republica;2;1;0;1;0;0;Calle;ROSARIO;Rosario;Asfalto;No existe;II;Dentro;Urbana;Otra Señal;No existe;Intersección;Bueno;S/D;Diurna;S/D;Múltiple;S/D;Colisión;Ninguna;Faltante
7978;2021;14/10/2021;Jueves;09:45:00;;0.0;2;Moto/Ciclomotor,Bicicleta;Av. De Las Palmeras Y Av. Pte. Perón;2;1;0;0;0;1;Avenida;ROSARIO;Rosario;Asfalto;No existe;II;Dentro;Urbana;Otra Señal;No existe;Intersección;Bueno;Buena;Diurna;Buen Tiempo;Múltiple;Ciclista;Colisión;Ninguna;Faltante
7979;2021;14/10/2021;Jueves;09:00:00;;0.0;2;Moto/Ciclomotor,Automóvil;Eva Perón Y Garay;3;1;0;2;0;0;Calle;VILLA GOBERNADOR GÁLVEZ;Rosario;Asfalto;No existe;II;Dentro;Urbana;Otra Señal;No existe;Intersección;Bueno;Buena;Diurna;Buen Tiempo;Múltiple;S/D;Colisión;Ninguna;Faltante
7980;2021;14/10/2021;Jueves;17:30:00;;0.0;2;Moto/Ciclomotor,Automóvil;José Ingenieros Y Sargento Cabral;3;1;0;2;0;0;Calle;SAN LORENZO;San Lorenzo;Asfalto;No existe;XVII;Dentro;Urbana;Otra Señal;No existe;Intersección;Bueno;Buena;Diurna;Buen Tiempo;Múltiple;S/D;Colisión;Ninguna;Faltante
7981;2021;14/10/2021;Jueves;10:50:00;;0.0;2;Automóvil,Bicicleta;Sargento Cabral Y Urquiza;2;1;0;1;0;0;Calle;SAN LORENZO;San Lorenzo;Asfalto;No existe;XVII;Fuera;Urbana;Otra Señal;Funciona;Intersección;Bueno;Buena;Diurna;Buen Tiempo;Múltiple;Ciclista;Colisión;Ninguna;Horizontal,Vertical
7982;2021;14/10/2021;Jueves;01:20:00;;0.0;1;Taxi/Remis;Belgrano Y Pte. Juan D Perón;1;1;0;0;0;0;Calle;PUERTO SAN MARTÍN;San Lorenzo;Asfalto;No existe;XVII;Dentro;Urbana;Otra Señal;No existe;Intersección;Ahuellamiento;Reducida;Nocturna;Niebla;Múltiple;S/D;Colisión;Material Suelto;Faltante
7983;2021;14/10/2021;Jueves;11:30:00;;0.0;2;Peatón,Automóvil;Fray Luis Beltrán Y San Juan;2;1;0;1;0;0;Calle;ROLDÁN;San Lorenzo;Asfalto;No existe;XVII;Dentro;Urbana;Otra Señal;No existe;Intersección;Bueno;Buena;Diurna;Buen Tiempo;Múltiple;Peatón;Colisión;Ninguna;Faltante
7984;2021;14/10/2021;Jueves;22:15:00;Ruta Secundaria 87-s;25.0;1;Moto/Ciclomotor; ;1;1;0;0;0;0;Ruta;MARGARITA;Constitución;Tierra,Ripio;S/D;XIX;Dentro;Rural;Otra Señal;No existe;Intersección;Ahuellamiento;Reducida polvo;Nocturna;Viento Fuerte;Múltiple;S/D;Colisión;Material Suelto;Faltante
7985;2021;14/10/2021;Jueves;17:00:00;;0.0;2;Pickup/Utilitario,Automóvil;Belgrano Y Suipacha;2;1;0;1;0;0;Calle;SANTA FE;Constitución;Asfalto;No existe;I;Dentro;Urbana;Otra Señal;Funciona;Intersección;Bueno;Buena;Diurna;Buen Tiempo;Múltiple;S/D;Colisión;Ninguna;Horizontal,Vertical
7986;2021;14/10/2021;Jueves;17:00:00;;0.0;2;Moto/Ciclomotor,Moto/Ciclomotor;Av. Facundo Zuviria Y Espora;2;1;0;1;0;0;Avenida;SANTA FE;Constitución;Asfalto;No existe;I;Dentro;Urbana;Otra Señal;No existe;Intersección;Bueno;Buena;Diurna;Buen Tiempo;Múltiple;S/D;Colisión;Ninguna;Horizontal
7987;2021;14/10/2021;Jueves;09:00:00;;0.0;2;Camión Chasis,Automóvil;Av. Corrientes Y Saavedra;3;1;0;2;0;0;Avenida;ROSARIO;Constitución;Asfalto;No existe;II;Dentro;Urbana;Otra Señal;No existe;Intersección;Bueno;Buena;Diurna;Buen Tiempo;Múltiple;S/D;Colisión;Ninguna;Faltante
7988;2021;14/10/2021;Jueves;09:30:00;;0.0;2;Bicicleta,Automóvil;Albert Sabin Y J.J.Paso;2;1;0;1;0;0;Avenida;ROSARIO;Constitución;Asfalto;No existe;II;Dentro;Urbana;Otra Señal;Funciona;Intersección;Bueno;Buena;Diurna;Buen Tiempo;Múltiple;Ciclista;Colisión;Ninguna;Horizontal,Vertical
7989;2021;14/10/2021;Jueves;17:45:00;;0.0;2;Automóvil,Moto/Ciclomotor;Lavalle Y Montevideo;3;1;0;2;0;0;Calle;ROSARIO;Constitución;Asfalto;No existe;I;Dentro;Urbana;Otra Señal;No existe;Intersección;Bueno;Buena;Diurna;Buen Tiempo;Múltiple;S/D;Colisión;S/D;Vertical
7990;2021;14/10/2021;Jueves;19:10:00;;0.0;2;Moto/Ciclomotor,Automóvil;Av. Belgrano Y Bv. 27 De Febrero;2;1;0;1;0;0;Avenida;ROSARIO;Constitución;Asfalto;No existe;II;Dentro;Urbana;Otra Señal;Funciona;Intersección;Bueno;Buena;Diurna;Buen Tiempo;Múltiple;S/D;Colisión;Ninguna;Horizontal,Vertical
7991;2021;14/10/2021;Jueves;10:00:00;;0.0;2;Moto/Ciclomotor,Moto/Ciclomotor;San Lorenzo Y Sarmiento;2;1;0;1;0;0;Calle;ROSARIO;Constitución;Asfalto;No existe;II;Dentro;Urbana;Otra Señal;No existe;Intersección;Bueno;Buena;Diurna;Buen Tiempo;Múltiple;S/D;Colisión;Ninguna;Horizontal,Vertical
7992;2021;14/10/2021;Jueves;15:35:00;;0.0;2;Automóvil,Moto/Ciclomotor;Bv. Oroño Y Lugones;3;2;0;1;0;0;Avenida;ROSARIO;Constitución;Asfalto;No existe;II;Dentro;Urbana;Otra Señal;No existe;Intersección;Bueno;Buena;Diurna;Buen Tiempo;Múltiple;S/D;Colisión;Ninguna;Horizontal,Vertical
7993;2021;14/10/2021;Jueves;09:10:00;;0.0;2;Peatón,Automóvil; ;2;0;0;1;0;0;S/D;LA ORILLA;Constitución;S/D;S/D;XI;S/D;S/D;Otra Señal;S/D;Intersección;S/D;S/D;S/D;S/D;Múltiple;S/D;Colisión;S/D;S/D
7994;2021;14/10/2021;Jueves;18:30:00;;0.0;2;Automóvil,Moto/Ciclomotor;Belgrano Y Buenos Aires;2;1;0;1;0;0;Calle;SAN GENARO;Constitución;Asfalto;No existe;XV;Dentro;Urbana;Otra Señal;No existe;Intersección;Deteriorada;S/D;Diurna;S/D;Múltiple;S/D;Colisión;S/D;Faltante
7995;2021;14/10/2021;Jueves;17:20:00;;0.0;2;Automóvil,Moto/Ciclomotor;3 de Febrero Y Sargento Cabral;3;1;0;2;0;0;Calle;SAN LORENZO;Constitución;Asfalto;No existe;XVII;Dentro;Urbana;Otra Señal;No existe;Intersección;Bueno;S/D;Diurna;S/D;Múltiple;S/D;Colisión;Ninguna;Horizontal
7996;2021;14/10/2021;Jueves;17:20:00;;0.0;1;Moto/Ciclomotor;Bv Oroño ;2;2;0;0;0;0;Calle;SAN LORENZO;Constitución;S/D;S/D;XVII;Dentro;Rural;Otra Señal;S/D;Intersección;S/D;S/D;Diurna;S/D;Múltiple;S/D;Colisión;S/D;S/D
7997;2021;14/10/2021;Jueves;;;0.0;3;Moto/Ciclomotor,Pickup/Utilitario,Moto/Ciclomotor;Avenida San Martin Y Bv Sarmiento;5;2;0;3;0;0;Avenida;VILLA OCAMPO;Constitución;S/D;No existe;IX;Dentro;Urbana;Otra Señal;S/D;Intersección;S/D;S/D;S/D;S/D;Múltiple;S/D;Colisión;S/D;S/D
7998;2021;14/10/2021;Jueves;13:00:00;;0.0;2;Moto/Ciclomotor,Automóvil;Calle 1 Y Calle 6;2;1;0;1;0;0;Calle;AVELLANEDA;Constitución;Asfalto;No existe;IX;Dentro;Urbana;Otra Señal;S/D;Intersección;S/D;S/D;Diurna;S/D;Múltiple;S/D;Colisión;S/D;S/D
7999;2021;14/10/2021;Jueves;07:30:00;;0.0;1;Automóvil;Bv. Avellaneda Y Av. Battle y Ordoñez;2;1;0;0;0;1;Calle;ROSARIO;Constitución;Asfalto;No existe;II;Dentro;Urbana;Otra Señal;No existe;Intersección;Bueno;S/D;Diurna;S/D;Múltiple;S/D;Colisión;Ninguna;Faltante
8000;2021;14/10/2021;Jueves;14:10:00;Ruta Secundaria 34-s;0.0;2;Moto/Ciclomotor,Bicicleta;Hipólito Irigoyen Y Leloir;2;0;0;1;0;0;Ruta;FUNES;Constitución;Asfalto;No existe;II;Dentro;Urbana;Otra Señal;No existe;Intersección;Bueno;Buena;Diurna;Buen Tiempo;Múltiple;Ciclista;Colisión;Ninguna;Faltante
8001;2021;14/10/2021;Jueves;13:35:00;;0.0;2;Moto/Ciclomotor,Pickup/Utilitario;San Lorenzo Y 12 de Octubre;3;0;0;2;0;0;Calle;TOSTADO;Constitución;Asfalto;No existe;XII;Dentro;Urbana;Otra Señal;No existe;Intersección;Bueno;Buena;Diurna;Buen Tiempo;Múltiple;S/D;Colisión;Ninguna;Horizontal
8002;2021;14/10/2021;Jueves;23:35:00;;0.0;2;Moto/Ciclomotor,Moto/Ciclomotor;Soldado Gómez 1818;2;1;0;0;0;0;Calle;VERA;Constitución;Asfalto;No existe;XIX;Dentro;Urbana;Otra Señal;No existe;Intersección;Bueno;Buena;Nocturna;Buen Tiempo;Múltiple;S/D;Colisión;Ninguna;Faltante
8003;2021;14/10/2021;Jueves;;;0.0;2;Moto/Ciclomotor,Bicicleta;Dean Funes ;2;1;0;0;0;0;Calle;RAFAELA;Constitución;S/D;S/D;V;Dentro;Urbana;Otra Señal;S/D;Intersección;S/D;S/D;S/D;S/D;Múltiple;Ciclista;Colisión;S/D;S/D
8004;2021;15/10/2021;Viernes;21:00:00;Ruta Nacional A012;0.0;2;Automóvil,Automóvil;RUTA 14 ;7;6;0;1;0;0;Ruta;PIÑERO;Rosario;Hormigón;Natural;II;Dentro;Urbana;Otra Señal;No existe;Intersección;Bueno;Buena;Nocturna;Buen Tiempo;Múltiple;S/D;Colisión;Ninguna;Vertical
8005;2021;15/10/2021;Viernes;20:00:00;;0.0;2;Automóvil,Moto/Ciclomotor;Montecaseros Y Soldado Aguirre;5;2;0;3;0;0;Calle;VILLA GOBERNADOR GÁLVEZ;Rosario;Asfalto,Hormigón;No existe;II;Dentro;Urbana;Otra Señal;No existe;Intersección;Deteriorada;Buena;Nocturna;Buen Tiempo;Múltiple;S/D;Colisión;Material Suelto;Faltante
8006;2021;15/10/2021;Viernes;18:30:00;;0.0;2;Moto/Ciclomotor,Pickup/Utilitario;Av. Pellegrini Y Liniers;2;1;0;1;0;0;Avenida;ROSARIO;Rosario;Asfalto;No existe;II;Dentro;Urbana;Otra Señal;Funciona;Intersección;Bueno;Buena;Diurna;Buen Tiempo;Múltiple;S/D;Colisión;Ninguna;Horizontal,Vertical
8007;2021;15/10/2021;Viernes;18:10:00;;0.0;2;Automóvil,Moto/Ciclomotor;Ituzaingó Y Rio De Janeiro;2;1;0;1;0;0;Calle;ROSARIO;Rosario;Asfalto;No existe;II;Dentro;Urbana;Otra Señal;No existe;Intersección;Bueno;Buena;Diurna;Buen Tiempo;Múltiple;S/D;Colisión;Ninguna;Faltante
8008;2021;15/10/2021;Viernes;20:00:00;;0.0;2;Moto/Ciclomotor,Automóvil;Av. Pellegrini Y Av. Provincias Unidas;2;0;0;1;1;0;Avenida;ROSARIO;Rosario;Asfalto;Pavimento;II;Dentro;Urbana;Otra Señal;Funciona;Intersección;Bueno;Reducida;Atardecer;Buen Tiempo;Múltiple;S/D;Colisión;Ninguna;Vertical
8009;2021;15/10/2021;Viernes;17:55:00;;0.0;2;Moto/Ciclomotor,Automóvil;Fraga Y Mendoza;2;1;0;1;0;0;Calle;ROSARIO;Rosario;Asfalto;No existe;II;Dentro;Urbana;Otra Señal;Funciona;Intersección;Bueno;Buena;Diurna;Buen Tiempo;Múltiple;S/D;Colisión;Ninguna;Horizontal,Vertical
8010;2021;15/10/2021;Viernes;15:30:00;;0.0;2;Pickup/Utilitario,Moto/Ciclomotor;Av. Pte. Perón Y Bv. Avellaneda;4;4;0;0;0;0;Avenida;ROSARIO;Rosario;Asfalto;No existe;II;Dentro;Urbana;Otra Señal;Funciona;Intersección;Bueno;Buena;Diurna;Buen Tiempo;Múltiple;S/D;Colisión;Ninguna;Vertical
8011;2021;15/10/2021;Viernes;07:30:00;;0.0;2;Automóvil,Moto/Ciclomotor;Castellanos Y Pasco;2;1;0;1;0;0;Calle;ROSARIO;Rosario;Asfalto;No existe;II;Dentro;Urbana;Otra Señal;No existe;Intersección;Bueno;Buena;Diurna;Buen Tiempo;Múltiple;S/D;Colisión;Ninguna;Faltante
8012;2021;15/10/2021;Viernes;18:00:00;;0.0;1;Moto/Ciclomotor;9 de Julio Y Sarmiento;1;1;0;0;0;0;Calle;SAN CRISTÓBAL;San CRISTÓBAL;Asfalto;No existe;II;Dentro;Urbana;Otra Señal;No existe;Intersección;Bueno;Buena;Diurna;Buen Tiempo;Múltiple;S/D;Colisión;Ninguna;Faltante
8013;2021;15/10/2021;Viernes;16:30:00;Ruta Nacional 33;0.0;2;Moto/Ciclomotor,Automóvil;Dante Alighieri Y Ruta Nac 33;3;1;0;2;0;0;Ruta;PEREZ;Rosario;Asfalto;Ripio;II;Dentro;Urbana;Otra Señal;No existe;Intersección;Bueno;Buena;Diurna;Buen Tiempo;Múltiple;S/D;Colisión;Ninguna;Horizontal
8014;2021;15/10/2021;Viernes;07:45:00;;0.0;2;Moto/Ciclomotor,Automóvil;Cabildo Y Pje. Conscripto Bernardi;2;1;0;1;0;0;Calle;ROSARIO;Rosario;Asfalto;No existe;II;Dentro;Urbana;Otra Señal;No existe;Intersección;Bueno;Buena;Diurna;Buen Tiempo;Múltiple;S/D;Colisión;Ninguna;Faltante
8015;2021;15/10/2021;Viernes;11:55:00;Ruta Nacional 11;0.0;2;Automóvil,Moto/Ciclomotor;Av. San Martin Y Santa Fe;3;1;0;2;0;0;Ruta;FRAY LUIS BELTRÁN;San Lorenzo;Asfalto;Pavimento;XVII;Dentro;Urbana;Otra Señal;No existe;Intersección;Bueno;Buena;Diurna;Buen Tiempo;Múltiple;S/D;Colisión;Ninguna;Faltante
8016;2021;15/10/2021;Viernes;13:45:00;;0.0;2;Automóvil,Moto/Ciclomotor;Calle 10 Y Calle 59;3;2;0;1;0;0;Calle;SAUCE VIEJO;Constitución;Tierra;No existe;I;Dentro;Urbana;Otra Señal;No existe;Intersección;Bueno;Buena;Diurna;Buen Tiempo;Múltiple;S/D;Colisión;Ninguna;Faltante
8017;2021;15/10/2021;Viernes;14:00:00;;0.0;2;Automóvil,Automóvil;Av. Urquiza Y Santiago de Chile;3;1;0;2;0;0;Avenida;SANTA FE;Constitución;Asfalto;No existe;I;Dentro;Urbana;Otra Señal;Funciona;Intersección;Bueno;Buena;Diurna;Buen Tiempo;Múltiple;S/D;Colisión;Ninguna;Horizontal,Vertical
8018;2021;15/10/2021;Viernes;10:50:00;;0.0;2;Moto/Ciclomotor,Automóvil;Belgrano Y Castellanos;3;2;0;1;0;0;Calle;SANTA FE;Constitución;Asfalto;No existe;I;Dentro;Urbana;Otra Señal;No existe;Intersección;Bueno;Buena;Diurna;Buen Tiempo;Múltiple;S/D;Colisión;Ninguna;Horizontal
8019;2021;15/10/2021;Viernes;15:15:00;Ruta Nacional 168;0.0;2;Automóvil,Automóvil; ;5;5;0;0;0;0;Ruta;SANTA FE;Constitución;Asfalto;No existe;I;Dentro;Urbana;Otra Señal;No existe;Intersección;Bueno;Buena;Diurna;Buen Tiempo;Múltiple;S/D;Colisión;Ninguna;Horizontal
8020;2021;15/10/2021;Viernes;21:30:00;;0.0;2;Moto/Ciclomotor,Moto/Ciclomotor;J J Paso Y Roque Sáenz PEÑA;2;1;0;1;0;0;Avenida;SANTA FE;Constitución;Asfalto,Ripio;No existe;I;Dentro;Urbana;Otra Señal;No existe;Intersección;Bueno;Buena;Nocturna;Buen Tiempo;Múltiple;S/D;Colisión;Ninguna;Faltante
8021;2021;15/10/2021;Viernes;19:25:00;;0.0;2;Transporte de Pasajeros Urbano (> 8 asientos),Peatón;Estrada Y Lisandro de la Torre;2;1;0;0;0;1;Calle;SANTA FE;Constitución;Asfalto;No existe;I;Dentro;Urbana;Otra Señal;No existe;Intersección;Bueno;Buena;Diurna;Buen Tiempo;Múltiple;Peatón;Colisión;Ninguna;Faltante
8022;2021;15/10/2021;Viernes;01:50:00;;0.0;2;Moto/Ciclomotor,Moto/Ciclomotor;Av. Facundo Zuviria Y Vieytes;2;1;0;1;0;0;Avenida;SANTA FE;Constitución;Asfalto;No existe;I;Dentro;Urbana;Otra Señal;No existe;Intersección;Bueno;Buena;Nocturna;Buen Tiempo;Múltiple;S/D;Colisión;Ninguna;Horizontal
8023;2021;15/10/2021;Viernes;19:15:00;;0.0;2;Moto/Ciclomotor,Automóvil;Hilarion de la Quintana Y San Martin;2;1;0;1;0;0;Avenida;ROSARIO;Constitución;Asfalto;No existe;II;Dentro;Urbana;Otra Señal;No existe;Intersección;Bueno;Buena;Diurna;Buen Tiempo;Múltiple;S/D;Colisión;Ninguna;Horizontal
8024;2021;15/10/2021;Viernes;18:20:00;;0.0;2;Moto/Ciclomotor,Automóvil;Ayacucho Y Virasoro;3;1;0;2;0;0;Calle;ROSARIO;Constitución;Asfalto;No existe;II;Dentro;Urbana;Otra Señal;No existe;Intersección;Bueno;Buena;Diurna;Buen Tiempo;Múltiple;S/D;Colisión;Ninguna;Faltante
8025;2021;15/10/2021;Viernes;17:25:00;;0.0;2;Automóvil,Bicicleta; ;3;1;0;2;0;0;S/D;ROSARIO;Constitución;S/D;S/D;II;S/D;S/D;Otra Señal;S/D;Intersección;S/D;S/D;S/D;S/D;Múltiple;Ciclista;Colisión;S/D;S/D
8026;2021;15/10/2021;Viernes;13:15:00;;0.0;2;Automóvil,Moto/Ciclomotor;3 de Febrero Y De Pinedo;2;1;0;1;0;0;Calle;GÁLVEZ;Constitución;S/D;No existe;XV;Dentro;Urbana;Otra Señal;S/D;Intersección;S/D;S/D;Diurna;S/D;Múltiple;S/D;Colisión;S/D;S/D
8027;2021;15/10/2021;Viernes;;;0.0;1;Moto/Ciclomotor;Amenábar 1663;2;2;0;0;0;0;Calle;ROSARIO;Constitución;Asfalto;No existe;II;Dentro;Urbana;Otra Señal;No existe;Intersección;Bueno;S/D;S/D;S/D;Múltiple;S/D;Colisión;S/D;Faltante
8028;2021;15/10/2021;Viernes;07:50:00;Ruta Nacional 33;0.0;2;Moto/Ciclomotor,Pickup/Utilitario;Ruta Nac 33 Y Santa Fe;2;1;0;1;0;0;Ruta;VENADO TUERTO;Constitución;Asfalto;Ripio;VIII;Dentro;Urbana;Otra Señal;No existe;Intersección;S/D;S/D;Diurna;S/D;Múltiple;S/D;Colisión;S/D;Horizontal
8029;2021;15/10/2021;Viernes;08:15:00;;0.0;2;Pickup/Utilitario,Moto/Ciclomotor;Italia Y López;2;1;0;1;0;0;Calle;VENADO TUERTO;Constitución;Asfalto;No existe;VIII;Dentro;Urbana;Otra Señal;No existe;Intersección;S/D;S/D;Diurna;S/D;Múltiple;S/D;Colisión;S/D;Faltante
8030;2021;15/10/2021;Viernes;14:20:00;;0.0;2;Bicicleta,Pickup/Utilitario;Guillermo Brown Y Lisandro de la Torre;2;1;0;1;0;0;Calle;VENADO TUERTO;Constitución;Asfalto;No existe;VIII;Dentro;Urbana;Otra Señal;No existe;Intersección;S/D;S/D;Diurna;S/D;Múltiple;Ciclista;Colisión;S/D;Vertical
8031;2021;15/10/2021;Viernes;18:15:00;;0.0;2;Automóvil,Pickup/Utilitario;Iturraspe Y Lisandro de la Torre;3;2;0;1;0;0;Calle;VENADO TUERTO;Constitución;Asfalto;No existe;VIII;Dentro;Urbana;Otra Señal;No existe;Intersección;S/D;S/D;Diurna;S/D;Múltiple;S/D;Colisión;S/D;Vertical
8032;2021;15/10/2021;Viernes;18:40:00;;0.0;2;Bicicleta,Automóvil;Av. Estrugamou Y Guillermo Brown;2;1;0;1;0;0;Avenida;VENADO TUERTO;Constitución;Asfalto;No existe;VIII;Dentro;Urbana;Otra Señal;Funciona;Intersección;S/D;S/D;Diurna;S/D;Múltiple;Ciclista;Colisión;S/D;Vertical
8033;2021;15/10/2021;Viernes;19:45:00;Ruta Nacional 33;0.0;2;Automóvil,Moto/Ciclomotor;Ruta Nacional 33 Y Santa Fe;5;4;0;1;0;0;Ruta;VENADO TUERTO;Constitución;Asfalto;Ripio;VIII;Dentro;Urbana;Otra Señal;No existe;Intersección;S/D;S/D;Nocturna;S/D;Múltiple;S/D;Colisión;S/D;Horizontal
8034;2021;15/10/2021;Viernes;10:30:00;;0.0;2;Moto/Ciclomotor,Bicicleta; ;3;2;0;1;0;0;S/D;VILLA OCAMPO;Constitución;S/D;S/D;IX;S/D;S/D;Otra Señal;S/D;Intersección;S/D;S/D;Diurna;S/D;Múltiple;Ciclista;Colisión;S/D;S/D
8035;2021;15/10/2021;Viernes;18:00:00;;0.0;2;Automóvil,Moto/Ciclomotor;Belgrano Y Córdoba;2;1;0;1;0;0;Calle;MALABRIGO;Constitución;S/D;No existe;IX;Dentro;Urbana;Otra Señal;S/D;Intersección;S/D;S/D;Diurna;S/D;Múltiple;S/D;Colisión;S/D;S/D
8036;2021;15/10/2021;Viernes;17:30:00;;0.0;2;Automóvil,Bicicleta;Calle 25 - Pietropaolo Y Calle 36 Entre Ríos;2;1;0;1;0;0;Calle;RECONQUISTA;Constitución;Asfalto;No existe;IX;Dentro;Urbana;Otra Señal;No existe;Intersección;Bueno;Buena;Diurna;Buen Tiempo;Múltiple;Ciclista;Colisión;Ninguna;Faltante
8037;2021;15/10/2021;Viernes;15:40:00;;0.0;2;Moto/Ciclomotor,Moto/Ciclomotor;Bv Sarmiento Y Francisco Conti;4;3;0;1;0;0;Avenida;VILLA OCAMPO;Constitución;S/D;No existe;IX;Dentro;Urbana;Otra Señal;S/D;Intersección;S/D;S/D;Diurna;S/D;Múltiple;S/D;Colisión;S/D;S/D
8038;2021;15/10/2021;Viernes;23:10:00;;0.0;2;Moto/Ciclomotor,Moto/Ciclomotor;Pje. Zeno Y Zuviria;2;1;0;0;0;0;Calle;ROSARIO;Constitución;Asfalto;No existe;II;Dentro;Urbana;Otra Señal;No existe;Intersección;Bueno;Buena;Nocturna;Buen Tiempo;Múltiple;S/D;Colisión;Ninguna;Faltante
8039;2021;15/10/2021;Viernes;22:20:00;;0.0;2;Moto/Ciclomotor,Bicicleta;Bv Belgrano Y Sarmiento;2;1;0;0;0;0;Avenida;CALCHAQUÍ;Constitución;Asfalto;No existe;XIX;Dentro;Urbana;Otra Señal;S/D;Intersección;S/D;S/D;Nocturna;S/D;Múltiple;S/D;Colisión;S/D;S/D
8040;2021;15/10/2021;Viernes;21:00:00;;0.0;2;Cuatriciclo,Peatón;Colombia Y J.B.Justo;2;0;0;1;0;0;Calle;ROSARIO;Constitución;Asfalto;No existe;II;Dentro;Urbana;Otra Señal;No existe;Intersección;S/D;S/D;Nocturna;S/D;Múltiple;Peatón;Colisión;S/D;Faltante
8041;2021;15/10/2021;Viernes;08:00:00;;0.0;1;Moto/Ciclomotor;Calle 1507 Y Venezuela;1;0;0;0;0;0;Calle;ROSARIO;Rosario;Asfalto;No existe;II;Dentro;Urbana;Otra Señal;S/D;Intersección;S/D;S/D;Diurna;S/D;Múltiple;S/D;Colisión;S/D;Vertical
8042;2021;16/10/2021;Sabado;07:00:00;;0.0;2;Moto/Ciclomotor,Automóvil;Av. Génova Y Av. Provincias Unidas;2;1;0;0;0;1;Avenida;ROSARIO;Rosario;Asfalto;No existe;II;Dentro;Urbana;Otra Señal;Funciona;Intersección;Bueno;Buena;Atardecer;Buen Tiempo;Múltiple;S/D;Colisión;Ninguna;Horizontal,Vertical
8043;2021;16/10/2021;Sabado;16:30:00;;0.0;2;Moto/Ciclomotor,Pickup/Utilitario;Av. Ovidio Lagos Y Esteban de Luca;2;1;0;1;0;0;Avenida;ROSARIO;Rosario;Asfalto;No existe;II;Dentro;Urbana;Otra Señal;No existe;Intersección;Bueno;Buena;Diurna;Buen Tiempo;Múltiple;S/D;Colisión;Ninguna;Horizontal
8044;2021;16/10/2021;Sabado;18:00:00;Ruta Nacional 9;0.0;2;Automóvil,Moto/Ciclomotor;Gral. López Y Ruta Nacional 9;2;1;0;1;0;0;Ruta;FUNES;Rosario;Asfalto;Pavimento;II;Dentro;Urbana;Otra Señal;No existe;Intersección;Bueno;Buena;Diurna;Buen Tiempo;Múltiple;S/D;Colisión;Ninguna;Horizontal
8045;2021;16/10/2021;Sabado;16:15:00;Ruta Provincial 21;0.0;2;Moto/Ciclomotor,Automóvil;Av. Gral. San Martin Y Chubut;3;2;0;1;0;0;Ruta;VILLA GOBERNADOR GÁLVEZ;Rosario;Asfalto;No existe;II;Dentro;Urbana;Otra Señal;No existe;Intersección;Bueno;Buena;Diurna;Buen Tiempo;Múltiple;S/D;Colisión;Ninguna;Vertical
8046;2021;16/10/2021;Sabado;12:55:00;;0.0;2;Moto/Ciclomotor,Automóvil;Dorrego Y José Ingenieros;3;2;0;1;0;0;Avenida;SAN LORENZO;San Lorenzo;Asfalto;No existe;XVII;Dentro;Urbana;Otra Señal;No existe;Intersección;Bueno;Buena;Diurna;Buen Tiempo;Múltiple;S/D;Colisión;Ninguna;Faltante