ID_Accidente;A�o;Fecha;Dia;Hopra;Ruta/Autop;km;Participantes;Tipo;Lugar;Total;Heridos Leves;Heridos Graves;Ilesos;Fallecidos;Sin datos;desc_tipo_via;desc_loc;desc_dpto;|;desc_tipo_banquina;desc_unidad_regional;desc_lugar_calzada;desc_zona;desc_prioridad;desc_estado_semaforo;desc_lugar_via;desc_estado_via;desc_estado_visibilidad;desc_luminosidad;desc_estado_clima;desc_tipo_colision;desc_tipo_atropello;desc_tipo_hecho;desc_pres_calzada;desc_senializacion
8047;2021;16/10/2021;Sabado;18:30:00;Ruta Nacional 11;0.0;2;Moto/Ciclomotor,Moto/Ciclomotor;Av. San Martin Y Santa Fe;3;3;0;0;0;0;Ruta;FRAY LUIS BELTRÁN;San Lorenzo;Asfalto;No existe;XVII;Dentro;Urbana;Otra Señal;No existe;Intersección;Bueno;Buena;Diurna;Buen Tiempo;Múltiple;S/D;Colisión;Ninguna;Faltante
8048;2021;16/10/2021;Sabado;07:10:00;;0.0;2;Peatón,Automóvil;Larrea ;2;1;0;1;0;0;Calle;ROLDÁN;San Lorenzo;Asfalto;No existe;XVII;Dentro;Urbana;Otra Señal;S/D;Intersección;Bueno;S/D;Diurna;S/D;Múltiple;S/D;Colisión;Ninguna;S/D
8049;2021;16/10/2021;Sabado;23:15:00;Ruta Nacional 11;478.0;2;Automóvil,Moto/Ciclomotor;Juan de Garay ;4;2;0;2;0;0;Ruta;RECREO;Constitución;Asfalto;Ripio;I;Dentro;Urbana;Otra Señal;No existe;Intersección;Bueno;Buena;Diurna;Buen Tiempo;Múltiple;S/D;Colisión;Ninguna;Faltante
8050;2021;16/10/2021;Sabado;23:00:00;;0.0;2;Automóvil,Moto/Ciclomotor;Av. Almte. Brown Y Regis Martínez;2;1;0;1;0;0;Avenida;SANTA FE;Constitución;Asfalto;No existe;I;Dentro;Urbana;Otra Señal;No existe;Intersección;Bueno;Buena;Nocturna;Buen Tiempo;Múltiple;S/D;Colisión;Ninguna;Faltante
8051;2021;16/10/2021;Sabado;18:00:00;;0.0;2;Automóvil,Peatón;25 de mayo 538;2;1;0;1;0;0;Calle;SAN JERÓNIMO NORTE;Constitución;Hormigón;No existe;XI;Dentro;Urbana;Otra Señal;No existe;Intersección;Bueno;Buena;Diurna;Buen Tiempo;Múltiple;Peatón;Colisión;Ninguna;Faltante
8052;2021;16/10/2021;Sabado;22:10:00;;0.0;2;Taxi/Remis,Pickup/Utilitario;1ro de Mayo Y J Castelli;2;1;0;1;0;0;Calle;SANTA FE;Constitución;Asfalto;No existe;I;Dentro;Urbana;Otra Señal;No existe;Intersección;Bueno;Buena;Nocturna,Con luz artificial;Buen Tiempo;Múltiple;S/D;Colisión;Ninguna;Faltante
8053;2021;16/10/2021;Sabado;08:40:00;;0.0;2;Bicicleta,Automóvil;Av. Blas Parera Y M De Polonia;2;1;0;1;0;0;Calle;SANTA FE;Constitución;Asfalto;No existe;I;Dentro;Urbana;Otra Señal;Funciona;Intersección;Bueno;Buena;Diurna;Buen Tiempo;Múltiple;Ciclista;Colisión;Ninguna;Horizontal,Vertical
8054;2021;16/10/2021;Sabado;03:25:00;;0.0;2;Peatón,Automóvil;Sarmiento 1121;2;1;0;1;0;0;Calle;ROSARIO;Constitución;Asfalto;No existe;II;Dentro;Urbana;Otra Señal;No existe;Intersección;S/D;S/D;Nocturna;S/D;Múltiple;Peatón;Colisión;S/D;Faltante
8055;2021;16/10/2021;Sabado;22:35:00;;0.0;2;Automóvil,Automóvil;Pte. Roca Y 3 De Febrero;3;1;0;2;0;0;Calle;ROSARIO;Constitución;Asfalto;No existe;II;Dentro;Urbana;Otra Señal;No existe;Intersección;Bueno;Buena;Nocturna;Buen Tiempo;Múltiple;S/D;Colisión;Ninguna;Horizontal
8056;2021;16/10/2021;Sabado;16:10:00;;0.0;2;Peatón,Pickup/Utilitario;Catamarca Y San Martin;2;1;0;1;0;0;Calle;ROSARIO;Constitución;Asfalto;No existe;II;Dentro;Urbana;Otra Señal;No existe;Intersección;S/D;S/D;Diurna;S/D;Múltiple;Peatón;Colisión;S/D;Horizontal
8057;2021;16/10/2021;Sabado;18:00:00;;0.0;2;Bicicleta,Automóvil;Dorrego Y Salta;2;1;0;0;0;1;Calle;ROSARIO;Constitución;Asfalto;No existe;II;Dentro;Urbana;Otra Señal;No existe;Intersección;Bueno;Buena;Diurna;Buen Tiempo;Múltiple;Ciclista;Colisión;Ninguna;Horizontal
8058;2021;16/10/2021;Sabado;05:40:00;;0.0;2;Automóvil,Moto/Ciclomotor;9 De Julio Y Dorrego;2;1;0;1;0;0;Calle;ROSARIO;Constitución;Asfalto;No existe;II;Dentro;Urbana;Otra Señal;No existe;Intersección;Bueno;Buena;Nocturna;Buen Tiempo;Múltiple;S/D;Colisión;Ninguna;Horizontal
8059;2021;16/10/2021;Sabado;18:20:00;Autopista Nacional Rosario -Cordoba;306.0;2;Automóvil,Camión c / Acoplado; ;5;4;0;1;0;0;Autopista;FUNES;Constitución;Asfalto;No existe;II;Dentro;Rural;Otra Señal;No existe;Intersección;Bueno;Buena;Diurna;Buen Tiempo;Múltiple;S/D;Colisión;Ninguna;Horizontal
8060;2021;16/10/2021;Sabado;10:45:00;Ruta Provincial 14;159.0;1;Automóvil; ;1;1;0;0;0;0;Ruta;MARÍA TERESA;Constitución;Asfalto;Natural;VIII;Dentro;Rural;Otra Señal;No existe;Intersección;S/D;S/D;Diurna;S/D;Múltiple;S/D;Colisión;S/D;Horizontal
8061;2021;16/10/2021;Sabado;04:00:00;Autopista Provincial Brigadier E.LÓPEZ;70.8;1;Automóvil; ;2;2;0;0;0;0;Autopista;BARRANCAS;Constitución;Asfalto;Natural;XV;Dentro;Rural;Otra Señal;S/D;Intersección;S/D;S/D;Nocturna;S/D;Múltiple;S/D;Colisión;S/D;S/D
8062;2021;16/10/2021;Sabado;02:10:00;;0.0;1;Moto/Ciclomotor;Av. Costanera Y El Chocón;1;1;0;0;0;0;Avenida;CAPITÁN BERMÚDEZ;Constitución;S/D;No existe;XVII;Dentro;Urbana;Otra Señal;No existe;Intersección;S/D;S/D;Nocturna;S/D;Múltiple;S/D;Colisión;S/D;Faltante
8063;2021;16/10/2021;Sabado;15:40:00;Ruta Nacional 33;0.0;2;Moto/Ciclomotor,Camión c / Acoplado;Av. Dr. Luis Chapuis Y Ruta Nac 33;3;1;0;2;0;0;Ruta;VENADO TUERTO;Constitución;Asfalto;No existe;VIII;Dentro;Urbana;Otra Señal;No existe;Intersección;S/D;S/D;Diurna;S/D;Múltiple;S/D;Colisión;S/D;Horizontal,Vertical
8064;2021;16/10/2021;Sabado;17:55:00;;0.0;2;Automóvil,Bicicleta;3 de Febrero Y Domingo Faustino Sarmiento;2;2;0;0;0;0;Calle;VENADO TUERTO;Constitución;Asfalto;No existe;VIII;Dentro;Urbana;Otra Señal;No existe;Intersección;S/D;S/D;Diurna;S/D;Múltiple;Ciclista;Colisión;S/D;Faltante
8065;2021;16/10/2021;Sabado;03:42:00;;0.0;1;Moto/Ciclomotor;Chacabuco Y Cornelio Saavedra;1;1;0;0;0;0;Calle;VENADO TUERTO;Constitución;Asfalto;No existe;VIII;Dentro;Urbana;Otra Señal;No existe;Intersección;S/D;S/D;Nocturna;S/D;Múltiple;S/D;Colisión;S/D;Vertical
8066;2021;16/10/2021;Sabado;07:07:00;;0.0;1;Moto/Ciclomotor;AV EVA PERÓN Y RICARDO SALVADORE;2;2;0;0;0;0;Avenida;VENADO TUERTO;Constitución;Asfalto;No existe;VIII;Dentro;Urbana;Otra Señal;No existe;Intersección;S/D;S/D;Diurna;S/D;Múltiple;S/D;Colisión;S/D;Faltante
8067;2021;16/10/2021;Sabado;07:59:00;;0.0;2;Moto/Ciclomotor,Camión;Coronel Dorrego Y P José T Maxwell;2;1;0;1;0;0;Calle;VENADO TUERTO;Constitución;S/D;No existe;VIII;Dentro;Urbana;Otra Señal;S/D;Intersección;S/D;S/D;Diurna;S/D;Múltiple;S/D;Colisión;S/D;S/D
8068;2021;16/10/2021;Sabado;;;0.0;2;Automóvil,Moto/Ciclomotor;Aconcagua Y Av. Brasil;5;1;0;4;0;0;Avenida;RAFAELA;Constitución;Asfalto;No existe;V;Dentro;Urbana;Otra Señal;No existe;Intersección;S/D;S/D;S/D;S/D;Múltiple;S/D;Colisión;S/D;Vertical
8069;2021;16/10/2021;Sabado;;;0.0;2;Moto/Ciclomotor,Automóvil;Gabriel Maggi Y Santa Rosa;2;1;0;1;0;0;Calle;RAFAELA;Constitución;Asfalto;No existe;V;Dentro;Urbana;Otra Señal;No existe;Intersección;S/D;S/D;S/D;S/D;Múltiple;S/D;Colisión;S/D;S/D
8070;2021;16/10/2021;Sabado;;Ruta Provincial 70;0.0;1;Moto/Ciclomotor;Aaron Castellanos Y Bv Santa Fe;1;1;0;0;0;0;Ruta;RAFAELA;Constitución;Asfalto;No existe;V;Dentro;Urbana;Otra Señal;No existe;Intersección;S/D;S/D;S/D;S/D;Múltiple;S/D;Colisión;S/D;Vertical
8071;2021;16/10/2021;Sabado;;;0.0;1;Moto/Ciclomotor;Manuel Belgrano Y Remedios de Escalada;1;1;0;0;0;0;Calle;CAPITÁN BERMÚDEZ;Constitución;Asfalto;No existe;XVII;Dentro;Urbana;Otra Señal;No existe;Intersección;S/D;S/D;S/D;S/D;Múltiple;S/D;Colisión;S/D;Faltante
8072;2021;16/10/2021;Sabado;23:00:00;;0.0;1;Moto/Ciclomotor;Solís Y Mendoza;1;1;0;0;0;0;Calle;ROSARIO;Constitución;Asfalto;No existe;II;Dentro;Urbana;Otra Señal;Funciona;Intersección;Bueno;S/D;Nocturna;S/D;Múltiple;S/D;Colisión;Ninguna;Horizontal,Vertical
8073;2021;16/10/2021;Sabado;08:00:00;;0.0;1;Moto/Ciclomotor;San Lorenzo Y Perú;1;1;0;0;0;0;Calle;ROSARIO;Constitución;Asfalto;No existe;II;Dentro;Urbana;Otra Señal;No existe;Intersección;Bueno;S/D;Diurna;S/D;Múltiple;S/D;Colisión;Ninguna;Faltante
8074;2021;16/10/2021;Sabado;15:45:00;;0.0;1;Moto/Ciclomotor;Centeno 3800;1;1;0;0;0;0;Calle;ROSARIO;Constitución;Asfalto;No existe;II;Dentro;Urbana;Otra Señal;No existe;Intersección;Bueno;S/D;Diurna;S/D;Múltiple;S/D;Colisión;Ninguna;Faltante
8075;2021;16/10/2021;Sabado;13:00:00;;0.0;1;Automóvil;Dorrego Y 3 De Febrero;2;1;0;0;0;1;Calle;ROSARIO;Constitución;Asfalto;No existe;II;Dentro;Urbana;Otra Señal;No existe;Intersección;Bueno;S/D;Diurna;S/D;Múltiple;S/D;Colisión;Ninguna;Horizontal
8076;2021;16/10/2021;Sabado;07:50:00;;0.0;2;Pickup/Utilitario,Moto/Ciclomotor;Perú Y San Lorenzo;3;1;0;1;0;0;Calle;ROSARIO;Constitución;Asfalto;No existe;II;Dentro;Urbana;Otra Señal;No existe;Intersección;Bueno;Buena;Diurna;Buen Tiempo;Múltiple;S/D;Colisión;Ninguna;Faltante
8077;2021;16/10/2021;Sabado;10:30:00;;0.0;2;Moto/Ciclomotor,Automóvil;Sarmiento Y Urquiza;2;0;0;1;0;0;Calle;ROSARIO;Constitución;Asfalto;No existe;II;Dentro;Urbana;Otra Señal;No existe;Intersección;Bueno;Buena;Diurna;Buen Tiempo;Múltiple;S/D;Colisión;Ninguna;Horizontal
8078;2021;16/10/2021;Sabado;01:40:00;Ruta Provincial 91;59.0;1;Automóvil; ;1;0;0;0;0;0;Ruta;BUSTINZA;Constitución;Asfalto;Ripio;X;Dentro;Urbana;Otra Señal;No existe;Intersección;S/D;S/D;Nocturna;S/D;Múltiple;S/D;Colisión;S/D;Horizontal
8079;2021;16/10/2021;Sabado;05:00:00;;0.0;2;Peatón,Moto/Ciclomotor;Camilo Aldao Y Cerrito;2;0;0;0;0;1;Calle;ROSARIO;Rosario;Asfalto;No existe;II;Dentro;Urbana;Otra Señal;No existe;Intersección;S/D;S/D;Nocturna;S/D;Múltiple;Peatón;Colisión;S/D;Horizontal
8080;2021;17/10/2021;Domingo;01:00:00;Ruta Provincial 1;10.5;2;Moto/Ciclomotor,Camión c / Acoplado;Ruta Provincial 1 ;2;0;0;1;1;0;Ruta;SAN JOSÉ DEL RINCÓN;La Capital;Asfalto;Natural;I;S/D;Urbana;Otra Señal;No existe;Intersección;Bueno;Reducida;Nocturna,Con luz artificial;Buen Tiempo;Múltiple;S/D;Colisión;Ninguna;Horizontal
8081;2021;17/10/2021;Domingo;13:30:00;;0.0;2;Automóvil,Pickup/Utilitario;Bv. 27 De Febrero Y Ecuador;4;2;0;2;0;0;Calle;ROSARIO;Rosario;Asfalto;No existe;II;Dentro;Urbana;Otra Señal;No existe;Intersección;Bueno;Buena;Diurna;Buen Tiempo;Múltiple;S/D;Colisión;Ninguna;Horizontal
8082;2021;17/10/2021;Domingo;21:50:00;Autopista Nacional A008;0.0;1;Otros;Av. Circunvalación Y J.J.Paso;1;1;0;0;0;0;Autopista;ROSARIO;Rosario;Asfalto;No existe;II;Dentro;Urbana;Otra Señal;No existe;Intersección;Bueno;Buena;Nocturna;Buen Tiempo;Múltiple;S/D;Colisión;Ninguna;Horizontal
8083;2021;17/10/2021;Domingo;04:30:00;Ruta Provincial 18;0.0;2;Moto/Ciclomotor,Automóvil;Av. Ovidio Lagos Y Montecarlo;2;1;0;1;0;0;Ruta;ROSARIO;Rosario;Asfalto;No existe;II;Dentro;Urbana;Otra Señal;No existe;Intersección;Bueno;Buena;Nocturna,Con luz artificial;Buen Tiempo;Múltiple;S/D;Colisión;Ninguna;Horizontal,Vertical
8084;2021;17/10/2021;Domingo;20:45:00;;0.0;1;Pickup/Utilitario;Avda. Rosario Y Urquiza;2;1;0;1;0;0;Avenida;IBARLUCEA;Rosario;Tierra;No existe;II;Dentro;Urbana;Otra Señal;No existe;Intersección;Bueno;Buena;Nocturna;Buen Tiempo;Múltiple;S/D;Colisión;Ninguna;Faltante
8085;2021;17/10/2021;Domingo;11:45:00;Ruta Nacional A012;0.0;2;Moto/Ciclomotor,Automóvil;Ruta Nacional 9 ;2;1;0;1;0;0;Ruta;ROLDÁN;San Lorenzo;Asfalto;Pavimento;XVII;Dentro;Rural;Otra Señal;Funciona;Intersección;Bueno;Buena;Diurna;Buen Tiempo;Múltiple;S/D;Colisión;Ninguna;Horizontal,Vertical
8086;2021;17/10/2021;Domingo;20:10:00;Ruta Provincial 13;0.0;2;Moto/Ciclomotor,Automóvil;Av. Rivadavia Y R Balbín;4;2;0;2;0;0;Ruta;SUNCHALES;Castellanos;Hormigón;No existe;V;Dentro;Urbana;Otra Señal;No existe;Intersección;Bueno;Buena;Nocturna,Con luz artificial;Buen Tiempo;Múltiple;S/D;Colisión;Ninguna;Faltante
8087;2021;17/10/2021;Domingo;09:20:00;;0.0;2;Moto/Ciclomotor,Pickup/Utilitario;Juan José Paso Y Pres Domingo Faustino Sarmiento;2;1;0;1;0;0;Calle;SANTO TOMÉ;Constitución;Asfalto;No existe;I;Dentro;Urbana;Otra Señal;No existe;Intersección;Bueno;Buena;Diurna;Buen Tiempo;Múltiple;S/D;Colisión;Ninguna;Faltante
8088;2021;17/10/2021;Domingo;13:45:00;;0.0;2;Moto/Ciclomotor,Automóvil;Corrientes Y Pres Domingo Faustino Sarmiento;2;1;0;1;0;0;Calle;SANTO TOMÉ;Constitución;Asfalto;No existe;I;Dentro;Urbana;Otra Señal;Funciona;Intersección;Bueno;Buena;Diurna;Buen Tiempo;Múltiple;S/D;Colisión;Ninguna;Horizontal,Vertical
8089;2021;17/10/2021;Domingo;19:00:00;;0.0;2;Moto/Ciclomotor,Pickup/Utilitario;Independencia Y N J Zamaro;2;1;0;1;0;0;Calle;SAN JUSTO;Constitución;Asfalto;No existe;XVI;Dentro;Urbana;Otra Señal;No existe;Intersección;Bueno;Buena;Diurna;Buen Tiempo;Múltiple;S/D;Colisión;Ninguna;Faltante
8090;2021;17/10/2021;Domingo;20:00:00;;0.0;2;Automóvil,Moto/Ciclomotor;Entre Ríos Y Juan Diaz de Solís;2;1;0;1;0;0;Calle;SANTA FE;Constitución;Asfalto;No existe;I;Dentro;Urbana;Otra Señal;No existe;Intersección;Bueno;Buena;Diurna;Buen Tiempo;Múltiple;S/D;Colisión;Ninguna;Faltante
8091;2021;17/10/2021;Domingo;17:50:00;;0.0;2;Automóvil,Moto/Ciclomotor;E Wuthrich Y Moreno;3;2;0;1;0;0;Calle;SAN CARLOS CENTRO;Constitución;Asfalto;No existe;XI;Dentro;Urbana;Otra Señal;No existe;Intersección;Bueno;Buena;Diurna;Buen Tiempo;Múltiple;S/D;Colisión;Ninguna;Faltante
8092;2021;17/10/2021;Domingo;01:25:00;;0.0;2;Automóvil,Moto/Ciclomotor;Av. A del Valle Y Hernandarias;3;2;0;1;0;0;Avenida;SANTA FE;Constitución;Asfalto;No existe;I;Dentro;Urbana;Otra Señal;Funciona;Intersección;Bueno;Buena;Diurna;Buen Tiempo;Múltiple;S/D;Colisión;Ninguna;Horizontal,Vertical
8093;2021;17/10/2021;Domingo;13:30:00;;0.0;2;Automóvil,Bicicleta;Bv Centenario Y Rivadavia;2;1;0;1;0;0;Avenida;ACEBAL;Constitución;Asfalto;No existe;II;Dentro;Urbana;Otra Señal;No existe;Intersección;Bueno;Buena;Diurna;Buen Tiempo;Múltiple;Ciclista;Colisión;Ninguna;Vertical
8094;2021;17/10/2021;Domingo;21:25:00;;0.0;2;Moto/Ciclomotor,Bicicleta;Av. Illia Y San Martin;2;2;0;0;0;0;Avenida;ROSARIO;Constitución;Asfalto;No existe;II;Dentro;Urbana;Otra Señal;Funciona;Intersección;Bueno;S/D;Nocturna;S/D;Múltiple;Ciclista;Colisión;S/D;Horizontal,Vertical
8095;2021;17/10/2021;Domingo;19:00:00;;0.0;2;Moto/Ciclomotor,Automóvil;Comisario Valentín Kaiser Y J Gálvez;2;1;0;1;0;0;Calle;RAFAELA;Constitución;Asfalto;No existe;V;Dentro;Urbana;Otra Señal;No existe;Intersección;S/D;S/D;Diurna;S/D;Múltiple;S/D;Colisión;S/D;Faltante
8096;2021;17/10/2021;Domingo;11:50:00;Ruta Nacional 11;0.0;2;Automóvil,Bicicleta;Bv Oroño Y Italia;2;1;0;1;0;0;Ruta;CORONDA;Constitución;Asfalto;Ripio;XV;Dentro;Urbana;Otra Señal;No existe;Intersección;S/D;S/D;Diurna;S/D;Múltiple;Ciclista;Colisión;S/D;Horizontal
8097;2021;17/10/2021;Domingo;10:15:00;Autopista Provincial Brigadier E.LÓPEZ;7.0;1;Automóvil; ;1;1;0;0;0;0;Autopista;CAPITÁN BERMÚDEZ;Constitución;Asfalto;Pavimento;XVII;Dentro;Rural;Otra Señal;No existe;Intersección;S/D;S/D;Diurna;S/D;Múltiple;S/D;Colisión;S/D;Horizontal
8098;2021;17/10/2021;Domingo;22:45:00;;0.0;2;Pickup/Utilitario,Moto/Ciclomotor;Av. Gral. Belgrano Y L de la Torre;3;0;0;1;0;0;Avenida;SASTRE;Constitución;S/D;No existe;XVIII;Dentro;Urbana;Otra Señal;S/D;Intersección;S/D;S/D;Nocturna;S/D;Múltiple;S/D;Colisión;S/D;S/D
8099;2021;17/10/2021;Domingo;17:05:00;;0.0;2;Automóvil,Moto/Ciclomotor;9 de Julio Y Belgrano;4;1;0;3;0;0;Avenida;CORONDA;Constitución;S/D;No existe;XV;Dentro;Urbana;Otra Señal;S/D;Intersección;S/D;S/D;Diurna;S/D;Múltiple;S/D;Colisión;S/D;S/D
8100;2021;17/10/2021;Domingo;15:00:00;;0.0;1;Moto/Ciclomotor;Bayo Y Estanislao López;1;1;0;0;0;0;Calle;LARRECHEA;Constitución;Asfalto;No existe;XV;Dentro;Urbana;Otra Señal;S/D;Intersección;S/D;S/D;Diurna;S/D;Múltiple;S/D;Colisión;S/D;S/D
8101;2021;17/10/2021;Domingo;;Ruta Provincial 6;60.0;1;Automóvil; ;2;2;0;0;0;0;Ruta;ESPERANZA;Constitución;Asfalto;Natural;XI;Dentro;Rural;Otra Señal;No existe;Intersección;S/D;S/D;S/D;S/D;Múltiple;S/D;Colisión;S/D;Horizontal
8102;2021;17/10/2021;Domingo;;;0.0;2;Automóvil,Moto/Ciclomotor;B I Iturraspe Y E Galassi;2;1;0;1;0;0;Calle;RAFAELA;Constitución;Asfalto;No existe;V;Dentro;Urbana;Otra Señal;No existe;Intersección;S/D;S/D;S/D;S/D;Múltiple;S/D;Colisión;S/D;Vertical
8103;2021;17/10/2021;Domingo;19:20:00;Ruta Nacional 11;0.0;2;Pickup/Utilitario,Moto/Ciclomotor;Calle 15 Y Ruta Nacional 11;2;1;0;1;0;0;Ruta;LAS TOSCAS;Constitución;Asfalto;Ripio;IX;Dentro;Urbana;Otra Señal;No existe;Intersección;S/D;S/D;Diurna;S/D;Múltiple;S/D;Colisión;S/D;Horizontal
8104;2021;17/10/2021;Domingo;20:15:00;Ruta Nacional 11;780.0;1;Moto/Ciclomotor; ;4;3;0;1;0;0;Ruta;RECONQUISTA;Constitución;Asfalto;Natural;IX;Dentro;Rural;Otra Señal;No existe;Intersección;S/D;S/D;Nocturna;S/D;Múltiple;S/D;Colisión;S/D;Horizontal
8105;2021;17/10/2021;Domingo;21:00:00;;0.0;1;Moto/Ciclomotor;Simón de Iriondo 5200;2;2;0;0;0;0;Calle;ESPERANZA;Constitución;S/D;No existe;XI;Dentro;Urbana;Otra Señal;S/D;Intersección;S/D;S/D;Nocturna;S/D;Múltiple;S/D;Colisión;S/D;S/D
8106;2021;17/10/2021;Domingo;;;0.0;2;Moto/Ciclomotor,Pickup/Utilitario;FRAY E CONSTANZI Y PTE. PERÓN;4;3;0;1;0;0;Calle;SAN ANTONIO DE OBLIGADO;Constitución;Asfalto;No existe;IX;Dentro;Urbana;Otra Señal;No existe;Intersección;Bueno;Buena;Nocturna,Con luz artificial;Buen Tiempo;Múltiple;S/D;Colisión;Ninguna;Vertical
8107;2021;17/10/2021;Domingo;;;0.0;2;Moto/Ciclomotor,Moto/Ciclomotor;Calle 10 Y Calle 17;3;3;0;0;0;0;Calle;LAS TOSCAS;Constitución;S/D;No existe;IX;Dentro;Urbana;Otra Señal;S/D;Intersección;S/D;S/D;Nocturna;S/D;Múltiple;S/D;Colisión;S/D;S/D
8108;2021;17/10/2021;Domingo;00:00:00;;0.0;1;Bicicleta; ;1;1;0;0;0;0;S/D;ROSARIO;Constitución;S/D;S/D;II;S/D;S/D;Otra Señal;S/D;Intersección;S/D;S/D;Nocturna;S/D;Múltiple;S/D;Colisión;S/D;S/D
8109;2021;17/10/2021;Domingo;10:00:00;;0.0;1;Moto/Ciclomotor; ;1;1;0;0;0;0;Calle;ROSARIO;Constitución;S/D;S/D;II;S/D;Urbana;Otra Señal;S/D;Intersección;S/D;S/D;Diurna;S/D;Múltiple;S/D;Colisión;S/D;S/D
8110;2021;17/10/2021;Domingo;04:00:00;;0.0;1;Otros;Lavalle Y 24 De Setiembre;1;1;0;0;0;0;Calle;ROSARIO;Constitución;Asfalto;No existe;II;Dentro;Urbana;Otra Señal;No existe;Intersección;Bueno;S/D;Nocturna;S/D;Múltiple;S/D;Colisión;Ninguna;Faltante
8111;2021;17/10/2021;Domingo;07:00:00;Ruta Nacional A008;0.0;1;Automóvil;Bv. 27 De Febrero Y Av. Circunvalación;1;1;0;0;0;0;Ruta;ROSARIO;Constitución;Asfalto;No existe;II;Dentro;Urbana;Otra Señal;No existe;Intersección;Bueno;S/D;Diurna;S/D;Múltiple;S/D;Colisión;Ninguna;Faltante
8112;2021;17/10/2021;Domingo;22:55:00;;0.0;2;Moto/Ciclomotor,Pickup/Utilitario;Av. Maipú Y Avellaneda;2;0;0;1;0;0;Avenida;CERES;Constitución;Hormigón;No existe;XIII;Dentro;Urbana;Otra Señal;No existe;Intersección;Bueno;Reducida;Nocturna;Buen Tiempo;Múltiple;S/D;Colisión;Ninguna;Faltante
8113;2021;17/10/2021;Domingo;06:30:00;Autovía Nacional 19;70.0;1;Automóvil; ;4;2;0;0;0;0;Autovía;ANGÉLICA;Constitución;Asfalto;Natural;V;Dentro;Rural;Otra Señal;No existe;Intersección;Bueno;Buena;Nocturna;Buen Tiempo;Múltiple;S/D;Colisión;Ninguna;Horizontal,Vertical
8114;2021;17/10/2021;Domingo;10:30:00;;0.0;2;Moto/Ciclomotor,Pickup/Utilitario;Av. Pellegrini Y Crespo;2;0;0;1;0;0;Avenida;ROSARIO;Constitución;Asfalto;No existe;II;Dentro;Urbana;Otra Señal;No funciona;Intersección;S/D;S/D;Diurna;S/D;Múltiple;S/D;Colisión;S/D;Horizontal,Vertical
8115;2021;17/10/2021;Domingo;;;0.0;1;Moto/Ciclomotor;Calle 24 Y Calle 25;1;0;0;0;0;0;Calle;LAS PAREJAS;Constitución;Asfalto;No existe;III;Dentro;Urbana;Otra Señal;No existe;Intersección;S/D;S/D;S/D;S/D;Múltiple;S/D;Colisión;S/D;Faltante
8116;2021;17/10/2021;Domingo;00:05:00;;0.0;1;Automóvil;6 De Diciembre Y Bolivia;2;0;0;0;0;1;Calle;ROSARIO;Rosario;Asfalto;No existe;II;Dentro;Urbana;Otra Señal;No existe;Intersección;S/D;S/D;Nocturna;S/D;Múltiple;S/D;Colisión;S/D;Faltante
8117;2021;17/10/2021;Domingo;06:15:00;Ruta Provincial 38;25.0;1;Automóvil; ;4;1;0;0;1;0;Ruta;CALCHAQUÍ;Vera;Ripio;S/D;XIX;S/D;Rural;Otra Señal;S/D;Intersección;S/D;S/D;Nocturna;S/D;Múltiple;S/D;Colisión;S/D;S/D
8118;2021;17/10/2021;Domingo;;Ruta Secundaria 51-s;0.0;1;Moto/Ciclomotor;Bv San Martin ;2;0;0;0;0;0;Ruta;ZENÓN PEREYRA;Castellanos;S/D;S/D;V;Dentro;Urbana;Otra Señal;S/D;Intersección;S/D;S/D;S/D;S/D;S/D;S/D;Colisión;S/D;S/D
8119;2021;18/10/2021;Lunes;23:10:00;Ruta Nacional 11;669.0;2;Moto/Ciclomotor,Camión c / Semirremolque;Ruta Nacional 11 ;2;0;0;1;1;0;Ruta;CALCHAQUÍ;Vera;Asfalto;Natural;XIX;S/D;Rural;Otra Señal;No existe;Intersección;Bueno;S/D;Nocturna;S/D;Múltiple;S/D;Colisión;Ninguna;Faltante
8120;2021;18/10/2021;Lunes;10:15:00;Ruta Nacional 33;767.0;2;Automóvil,Camión c / Acoplado;Ruta Nac 33 ;3;0;0;1;2;0;Ruta;ZAVALLA;Rosario;Asfalto;Ripio;II;S/D;Rural;Otra Señal;No existe;Intersección;Bueno;Buena;Diurna;Buen Tiempo;Múltiple;S/D;Colisión;Ninguna;Faltante
8121;2021;18/10/2021;Lunes;13:30:00;;0.0;2;Bicicleta,Moto/Ciclomotor;G.Carrasco Y Garzón;2;1;0;0;0;1;Avenida;ROSARIO;Rosario;Asfalto;No existe;II;Dentro;Urbana;Otra Señal;No existe;Intersección;Bueno;Buena;Diurna;Buen Tiempo;Múltiple;S/D;Colisión;Ninguna;Faltante