ID_Accidente;A�o;Fecha;Dia;Hopra;Ruta/Autop;km;Participantes;Tipo;Lugar;Total;Heridos Leves;Heridos Graves;Ilesos;Fallecidos;Sin datos;desc_tipo_via;desc_loc;desc_dpto;|;desc_tipo_banquina;desc_unidad_regional;desc_lugar_calzada;desc_zona;desc_prioridad;desc_estado_semaforo;desc_lugar_via;desc_estado_via;desc_estado_visibilidad;desc_luminosidad;desc_estado_clima;desc_tipo_colision;desc_tipo_atropello;desc_tipo_hecho;desc_pres_calzada;desc_senializacion
8122;2021;18/10/2021;Lunes;18:10:00;;0.0;2;Moto/Ciclomotor,Moto/Ciclomotor;Av. Eva Perón Y Muniagurria;2;1;0;1;0;0;Calle;ROSARIO;Rosario;Asfalto;No existe;II;Dentro;Urbana;Otra Señal;Funciona;Intersección;Bueno;Buena;Diurna;Buen Tiempo;Múltiple;S/D;Colisión;Ninguna;Horizontal,Vertical
8123;2021;18/10/2021;Lunes;23:10:00;;0.0;2;Moto/Ciclomotor,Automóvil;Montevideo Y Roullon;3;1;0;2;0;0;Calle;ROSARIO;Rosario;Asfalto;No existe;II;Dentro;Urbana;Otra Señal;No existe;Intersección;Bueno;Buena;Nocturna,Con luz artificial;Buen Tiempo;Múltiple;S/D;Colisión;Ninguna;Vertical
8124;2021;18/10/2021;Lunes;08:20:00;Ruta Nacional 33;788.0;2;Automóvil,Automóvil; ;2;1;0;1;0;0;Ruta;PEREZ;Rosario;Asfalto;Pavimento;II;Dentro;Rural;Otra Señal;No existe;Intersección;Bueno;Buena;Diurna;Buen Tiempo;Múltiple;S/D;Colisión;Ninguna;Horizontal
8125;2021;18/10/2021;Lunes;08:05:00;Ruta Nacional 33;788.0;3;Automóvil,Automóvil,Automóvil; ;3;1;0;2;0;0;Ruta;PEREZ;Rosario;Asfalto;Natural;II;Dentro;Rural;Otra Señal;No existe;Intersección;Bueno;Buena;Diurna;Buen Tiempo;Múltiple;S/D;Colisión;Ninguna;Horizontal
8126;2021;18/10/2021;Lunes;17:00:00;Ruta Nacional 33;0.0;2;Moto/Ciclomotor,Pickup/Utilitario;Almafuerte Y Av. Belgrano;2;1;0;1;0;0;Ruta;PEREZ;Rosario;Asfalto;Pavimento;II;Dentro;Urbana;Otra Señal;No existe;Intersección;Bueno;Buena;Diurna;Buen Tiempo;Múltiple;S/D;Colisión;Ninguna;Horizontal
8127;2021;18/10/2021;Lunes;13:25:00;Ruta Nacional 11;0.0;2;Transporte de Pasajeros Urbano (> 8 asientos),Peatón;Av. San Martin Y Tucumán;2;1;0;0;0;1;Ruta;SAN LORENZO;San Lorenzo;Asfalto;No existe;XVII;Dentro;Urbana;Otra Señal;No existe;Intersección;Bueno;Buena;Diurna;Buen Tiempo;Múltiple;Peatón;Colisión;Ninguna;Faltante
8128;2021;18/10/2021;Lunes;22:35:00;Ruta Nacional 11;0.0;2;Automóvil,Moto/Ciclomotor;Av. San Martin Y Guido Spano;4;1;0;3;0;0;Ruta;FRAY LUIS BELTRÁN;San Lorenzo;Asfalto;Natural;XVII;Dentro;Urbana;Otra Señal;No existe;Intersección;Bueno;Buena;Nocturna;Buen Tiempo;Múltiple;S/D;Colisión;Ninguna;Faltante
8129;2021;18/10/2021;Lunes;16:30:00;;0.0;1;Moto/Ciclomotor;Avenida Alberdi Y Ruta Nacional 9;2;1;0;1;0;0;Calle;ROLDÁN;San Lorenzo;Asfalto;Pavimento;XVII;Dentro;Urbana;Otra Señal;No existe;Intersección;Bueno;Buena;Diurna;Buen Tiempo;Múltiple;S/D;Colisión;Ninguna;Horizontal
8130;2021;18/10/2021;Lunes;;;0.0;2;Moto/Ciclomotor,Peatón;Av. Peñaloza Y Javier de la Rosa;3;1;0;2;0;0;Avenida;SANTA FE;Constitución;Asfalto;No existe;I;Dentro;Urbana;Otra Señal;No existe;Intersección;Bueno;Buena;Diurna;Buen Tiempo;Múltiple;Peatón;Colisión;Ninguna;Faltante
8131;2021;18/10/2021;Lunes;15:00:00;;0.0;2;Automóvil,Moto/Ciclomotor;Mariano Moreno Y Ruta 11 Avenida Richieri;3;2;0;1;0;0;Calle;SANTO TOMÉ;Constitución;Tierra;No existe;I;Dentro;Urbana;Otra Señal;No existe;Intersección;Bueno;Buena;Diurna;Buen Tiempo;Múltiple;S/D;Colisión;Ninguna;Faltante
8132;2021;18/10/2021;Lunes;09:00:00;;0.0;2;Automóvil,Moto/Ciclomotor;Mitre Y Ricardo Aldao;3;2;0;1;0;0;Calle;SANTA FE;Constitución;Asfalto;No existe;I;Dentro;Urbana;Otra Señal;No existe;Intersección;Bueno;Buena;Diurna;Buen Tiempo;Múltiple;S/D;Colisión;Ninguna;Faltante
8133;2021;18/10/2021;Lunes;15:00:00;;0.0;2;Moto/Ciclomotor,Automóvil;Calle 31 ;2;1;0;1;0;0;Calle;SAUCE VIEJO;Constitución;Ripio;No existe;I;Dentro;Urbana;Otra Señal;No existe;Intersección;Bueno;Buena;Diurna;Buen Tiempo;Múltiple;S/D;Colisión;Ninguna;Faltante
8134;2021;18/10/2021;Lunes;07:00:00;;0.0;2;Moto/Ciclomotor,Automóvil;Juan José Paso Y Pres Domingo Faustino Sarmiento;2;1;0;1;0;0;Calle;SANTO TOMÉ;Constitución;Asfalto;No existe;I;Dentro;Urbana;Otra Señal;No existe;Intersección;Bueno;Buena;Diurna;Buen Tiempo;Múltiple;S/D;Colisión;Ninguna;Faltante
8135;2021;18/10/2021;Lunes;17:15:00;Ruta Secundaria 18-s;0.0;2;Automóvil,Moto/Ciclomotor;RUTA 18 Y 25 DE MAYO ;2;1;0;1;0;0;Ruta;ALDAO;Constitución;Asfalto;Natural;XVII;Dentro;Urbana;Otra Señal;No existe;Intersección;Bueno;Buena;Diurna;Buen Tiempo;Múltiple;S/D;Colisión;Ninguna;Faltante
8136;2021;18/10/2021;Lunes;20:00:00;;0.0;3;Automóvil,Pickup/Utilitario,Pickup/Utilitario;Av. A del Valle 10500;3;2;0;1;0;0;Avenida;SANTA FE;Constitución;Asfalto;Natural;I;Dentro;Urbana;Otra Señal;No existe;Intersección;Deteriorada;Reducida;Nocturna,Con luz artificial;Buen Tiempo;Múltiple;S/D;Colisión;Ninguna;Faltante
8137;2021;18/10/2021;Lunes;11:00:00;;0.0;2;Bicicleta,Moto/Ciclomotor;Alvear 2000;2;1;0;1;0;0;Calle;SAN JAVIER;Constitución;Asfalto;No existe;XIV;Dentro;Urbana;Otra Señal;No existe;Intersección;Bueno;S/D;Diurna;Buen Tiempo;Múltiple;Ciclista;Colisión;Ninguna;Horizontal
8138;2021;18/10/2021;Lunes;11:00:00;;0.0;1;Moto/Ciclomotor;Córdoba Y Rosario;1;1;0;0;0;0;Calle;VERA;Constitución;Ripio;No existe;XIX;Dentro;Urbana;Otra Señal;No existe;Intersección;Bueno;Buena;Diurna;Buen Tiempo;Múltiple;S/D;Colisión;Material Suelto;Faltante
8139;2021;18/10/2021;Lunes;19:30:00;;0.0;2;Moto/Ciclomotor,Moto/Ciclomotor;Alvear Y Mitre B;3;2;0;1;0;0;Calle;VERA;Constitución;Ripio;No existe;XIX;Dentro;Urbana;Otra Señal;No existe;Intersección;Resbaladiza;Buena;Nocturna;Buen Tiempo;Múltiple;S/D;Colisión;Material Suelto;Faltante
8140;2021;18/10/2021;Lunes;20:00:00;;0.0;2;Moto/Ciclomotor,Automóvil;Juan Diaz de Solís Y Pje Cervantes;2;1;0;1;0;0;Calle;SANTA FE;Constitución;Asfalto;No existe;I;Dentro;Urbana;Otra Señal;No existe;Intersección;Bueno;Buena;Nocturna;Buen Tiempo;Múltiple;S/D;Colisión;Ninguna;S/D
8141;2021;18/10/2021;Lunes;14:45:00;;0.0;2;Moto/Ciclomotor,Automóvil;Av. Urquiza Y Primera Junta;2;1;0;1;0;0;Calle;SANTA FE;Constitución;Asfalto;No existe;I;Dentro;Urbana;Otra Señal;Funciona;Intersección;Bueno;Buena;Diurna;Buen Tiempo;Múltiple;S/D;Colisión;Ninguna;Horizontal,Vertical
8142;2021;18/10/2021;Lunes;12:00:00;;0.0;2;Moto/Ciclomotor,Automóvil;Salta Y San Jerónimo;2;1;0;1;0;0;Calle;SANTA FE;Constitución;Asfalto;No existe;I;Dentro;Urbana;Otra Señal;No existe;Intersección;Bueno;Buena;Diurna;Buen Tiempo;Múltiple;S/D;Colisión;Ninguna;Faltante
8143;2021;18/10/2021;Lunes;20:45:00;;0.0;1;Moto/Ciclomotor;Av. Beck-Herzog 1400;1;1;0;0;0;0;Avenida;HUMBOLDT;Constitución;Hormigón;No existe;XI;Dentro;Urbana;Otra Señal;No existe;Intersección;Bueno;Buena;Nocturna,Con luz artificial;Buen Tiempo;Múltiple;S/D;Colisión;Ninguna;Faltante
8144;2021;18/10/2021;Lunes;13:00:00;;0.0;2;Bicicleta,Automóvil;Av. Facundo Zuviria Y Espora;2;1;0;1;0;0;Avenida;SANTA FE;Constitución;Asfalto;No existe;I;Dentro;Urbana;Otra Señal;No existe;Intersección;Bueno;Buena;Diurna;Buen Tiempo;Múltiple;Ciclista;Colisión;Ninguna;Horizontal
8145;2021;18/10/2021;Lunes;15:30:00;;0.0;2;Moto/Ciclomotor,Automóvil;Av. López y Planes Y Quintana;2;1;0;1;0;0;Avenida;SANTA FE;Constitución;Asfalto;No existe;I;Dentro;Urbana;Otra Señal;Funciona;Intersección;Bueno;Buena;Diurna;Buen Tiempo;Múltiple;S/D;Colisión;Ninguna;Horizontal
8146;2021;18/10/2021;Lunes;21:45:00;Autopista Nacional A008;0.0;2;Automóvil,Automóvil;Av. Circunvalación Y San Martin;3;1;0;2;0;0;Autopista;ROSARIO;Constitución;Asfalto;No existe;II;Dentro;Urbana;Otra Señal;No existe;Intersección;Bueno;Buena;Nocturna;Buen Tiempo;Múltiple;S/D;Colisión;Ninguna;Horizontal
8147;2021;18/10/2021;Lunes;07:20:00;;0.0;2;Automóvil,Moto/Ciclomotor;Bv. Oroño Y Montevideo;2;1;0;1;0;0;Calle;ROSARIO;Constitución;Asfalto;No existe;II;Dentro;Urbana;Otra Señal;Funciona;Intersección;S/D;S/D;Diurna;S/D;Múltiple;S/D;Colisión;S/D;Horizontal,Vertical
8148;2021;18/10/2021;Lunes;11:50:00;;0.0;2;Moto/Ciclomotor,Automóvil;Av. Pellegrini Y Bv. Oroño;2;1;0;1;0;0;Avenida;ROSARIO;Constitución;Asfalto;No existe;II;Dentro;Urbana;Otra Señal;Funciona;Intersección;S/D;Buena;Diurna;S/D;Múltiple;S/D;Colisión;S/D;Horizontal,Vertical
8149;2021;18/10/2021;Lunes;;;0.0;2;Automóvil,Moto/Ciclomotor; ;2;1;0;1;0;0;Calle;RUFINO;Constitución;S/D;S/D;VIII;Dentro;Urbana;Otra Señal;S/D;Intersección;S/D;S/D;S/D;S/D;Múltiple;S/D;Colisión;S/D;S/D
8150;2021;18/10/2021;Lunes;;;0.0;2;Moto/Ciclomotor,Automóvil; ;2;1;0;1;0;0;S/D;ESPERANZA;Constitución;S/D;S/D;XI;S/D;S/D;Otra Señal;S/D;Intersección;S/D;S/D;S/D;S/D;Múltiple;S/D;Colisión;S/D;S/D
8151;2021;18/10/2021;Lunes;;;0.0;2;Moto/Ciclomotor,Automóvil; ;2;1;0;1;0;0;S/D;SA PEREIRA;Constitución;S/D;S/D;XI;S/D;S/D;Otra Señal;S/D;Intersección;S/D;S/D;S/D;S/D;Múltiple;S/D;Colisión;S/D;S/D
8152;2021;18/10/2021;Lunes;12:00:00;;0.0;3;Automóvil,Pickup/Utilitario,Automóvil;Av. A del Valle 10800;3;1;0;2;0;0;Avenida;SANTA FE;Constitución;Asfalto;No existe;I;Dentro;Urbana;Otra Señal;No existe;Intersección;S/D;S/D;Diurna;S/D;Múltiple;S/D;Colisión;S/D;Faltante
8153;2021;18/10/2021;Lunes;18:50:00;;0.0;2;Peatón,Automóvil;Calle 16 Gral. Obligado 1000;2;1;0;1;0;0;Calle;RECONQUISTA;Constitución;Asfalto;S/D;IX;Dentro;Urbana;Otra Señal;No existe;Intersección;S/D;S/D;Diurna;S/D;Múltiple;Peatón;Colisión;S/D;Horizontal
8154;2021;18/10/2021;Lunes;19:00:00;;0.0;2;Automóvil,Moto/Ciclomotor;Derqui Y San Martin;3;2;0;1;0;0;Avenida;CAÑADA DE GÓMEZ;Constitución;Asfalto;No existe;X;Dentro;Urbana;Otra Señal;No existe;Intersección;S/D;S/D;Diurna;S/D;Múltiple;S/D;Colisión;S/D;Vertical
8155;2021;18/10/2021;Lunes;21:00:00;;0.0;1;Moto/Ciclomotor;BARRIO LAS TARDES ;1;1;0;0;0;0;S/D;ROLDÁN;Constitución;S/D;S/D;XVII;S/D;S/D;Otra Señal;S/D;Intersección;S/D;S/D;Nocturna;S/D;Múltiple;S/D;Colisión;S/D;S/D
8156;2021;18/10/2021;Lunes;10:00:00;;0.0;1;Peatón;Pascual Rosas Y E.Zeballos;1;1;0;0;0;0;Calle;ROSARIO;Constitución;Asfalto;No existe;II;Dentro;Urbana;Otra Señal;No existe;Intersección;Bueno;S/D;Diurna;S/D;Múltiple;S/D;Colisión;Ninguna;Faltante
8157;2021;18/10/2021;Lunes;07:30:00;;0.0;1;Bicicleta;Bv. Avellaneda Y Av. Pellegrini;1;1;0;0;0;0;Calle;ROSARIO;Constitución;Asfalto;No existe;II;Dentro;Urbana;Otra Señal;No existe;Intersección;Bueno;S/D;Diurna;S/D;Múltiple;S/D;Colisión;Ninguna;Horizontal,Vertical
8158;2021;18/10/2021;Lunes;20:15:00;;0.0;1;Peatón;Bv. Avellaneda 3050;1;1;0;0;0;0;Calle;ROSARIO;Constitución;Asfalto;No existe;II;Dentro;Urbana;Otra Señal;No existe;Intersección;Bueno;S/D;Nocturna;S/D;Múltiple;S/D;Colisión;Ninguna;Faltante
8159;2021;18/10/2021;Lunes;00:00:00;;0.0;1;Automóvil;Av. Pellegrini Y Roullon;2;1;0;0;0;1;Calle;ROSARIO;Constitución;Asfalto;No existe;II;Dentro;Urbana;Otra Señal;Funciona;Intersección;Bueno;S/D;Nocturna;S/D;Múltiple;S/D;Colisión;Ninguna;Horizontal,Vertical
8160;2021;18/10/2021;Lunes;21:00:00;;0.0;1;Moto/Ciclomotor;Iguazú Y Casilda;1;1;0;0;0;0;Calle;ROSARIO;Constitución;Asfalto;No existe;II;Dentro;Urbana;Otra Señal;No existe;Intersección;Bueno;S/D;Nocturna;S/D;Múltiple;S/D;Colisión;Ninguna;Faltante
8161;2021;18/10/2021;Lunes;07:00:00;;0.0;1;Moto/Ciclomotor;Av. Francia Y Av. Uriburu;1;1;0;0;0;0;Calle;ROSARIO;Constitución;Asfalto;No existe;II;Dentro;Urbana;Otra Señal;Funciona;Intersección;Bueno;S/D;Diurna;S/D;Múltiple;S/D;Colisión;Ninguna;Horizontal,Vertical
8162;2021;18/10/2021;Lunes;09:30:00;;0.0;2;Moto/Ciclomotor,Camión;Bv. 27 De Febrero Y Roullon;2;0;0;1;0;0;Calle;ROSARIO;Constitución;Asfalto;No existe;II;Dentro;Urbana;Otra Señal;Funciona;Intersección;Bueno;Buena;Diurna;Buen Tiempo;Múltiple;S/D;Colisión;Ninguna;Horizontal,Vertical
8163;2021;18/10/2021;Lunes;18:30:00;;0.0;2;Pickup/Utilitario,Bicicleta;Catamarca Y General López;2;0;0;1;0;0;Calle;SAN LORENZO;Constitución;Asfalto;No existe;XVII;Dentro;Urbana;Otra Señal;No existe;Intersección;Bueno;Buena;Diurna;Buen Tiempo;Múltiple;Ciclista;Colisión;Agua;Faltante
8164;2021;18/10/2021;Lunes;17:30:00;;0.0;2;Moto/Ciclomotor,Automóvil;Anchorena Y San Martin;2;0;0;1;0;0;Calle;ROSARIO;Constitución;Asfalto;No existe;II;Dentro;Urbana;Otra Señal;Funciona;Intersección;Bueno;Buena;Diurna;Buen Tiempo;Múltiple;S/D;Colisión;Ninguna;Horizontal,Vertical
8165;2021;18/10/2021;Lunes;05:55:00;Ruta Secundaria 49-s;0.0;2;Moto/Ciclomotor,Moto/Ciclomotor;Eva Perón Y Sarmiento;2;0;0;0;0;0;Ruta;SAN JORGE;San MARTÍN;Asfalto;No existe;XVIII;Dentro;Urbana;Otra Señal;No existe;Intersección;S/D;S/D;Nocturna;S/D;S/D;S/D;Colisión;S/D;Horizontal
8166;2021;19/10/2021;Martes;10:50:00;Autopista Nacional A008;3.8;1;Moto/Ciclomotor;Av. Circunvalación ;1;0;0;0;1;0;Autopista;ROSARIO;Rosario;Asfalto;Pavimento;II;Dentro;Urbana;Otra Señal;No existe;Intersección;Bueno;Buena;Con luz artificial;Buen Tiempo;Múltiple;S/D;Colisión;Ninguna;Faltante
8167;2021;19/10/2021;Martes;15:40:00;;0.0;2;Moto/Ciclomotor,Automóvil;Leandro N Alem Y M M T de Hoenfels;2;1;0;0;1;0;Calle;ESPERANZA;Las Colonias;S/D;S/D;XI;S/D;Urbana;Otra Señal;S/D;Intersección;S/D;S/D;Diurna;S/D;Múltiple;S/D;Colisión;S/D;S/D
8168;2021;19/10/2021;Martes;14:10:00;;0.0;2;Automóvil,Automóvil;Guatemala Y Tucumán;3;3;0;0;0;0;Calle;ROSARIO;Rosario;Asfalto;No existe;II;Dentro;Urbana;Otra Señal;No existe;Intersección;Bueno;Buena;Diurna;Buen Tiempo;Múltiple;S/D;Colisión;Ninguna;Faltante
8169;2021;19/10/2021;Martes;14:25:00;;0.0;2;Automóvil,Moto/Ciclomotor;Av. Pte. Perón Y P.L.Funes;3;2;0;1;0;0;Avenida;ROSARIO;Rosario;Asfalto;No existe;II;Dentro;Urbana;Otra Señal;No existe;Intersección;Bueno;Buena;Diurna;Buen Tiempo;Múltiple;S/D;Colisión;Ninguna;Horizontal
8170;2021;19/10/2021;Martes;13:30:00;;0.0;2;Automóvil,Moto/Ciclomotor;Belgrano Y Brown;5;1;0;4;0;0;Calle;VILLA GOBERNADOR GÁLVEZ;Rosario;Asfalto;No existe;II;Dentro;Urbana;Otra Señal;No existe;Intersección;Bueno;Buena;Diurna;Buen Tiempo;Múltiple;S/D;Colisión;Ninguna;Faltante
8171;2021;19/10/2021;Martes;18:00:00;;0.0;2;Automóvil,Automóvil;Bv Sarmiento Y Urquiza;2;1;0;1;0;0;Avenida;ROLDÁN;San Lorenzo;Asfalto;No existe;XVII;Dentro;Urbana;Otra Señal;No existe;Intersección;Bueno;Buena;Diurna;Buen Tiempo;Múltiple;Ciclista;Colisión;Ninguna;Faltante
8172;2021;19/10/2021;Martes;07:05:00;Ruta Nacional 11;0.0;2;Automóvil,Moto/Ciclomotor;Av. San Martin Y Granadero Baigorria;2;1;0;1;0;0;Ruta;SAN LORENZO;San Lorenzo;Asfalto;No existe;XVII;Dentro;Urbana;Otra Señal;No existe;Intersección;Bueno;Buena;Diurna;Buen Tiempo;Múltiple;S/D;Colisión;Ninguna;Vertical
8173;2021;19/10/2021;Martes;16:30:00;;0.0;2;Automóvil,Moto/Ciclomotor;2 de Abril Y Misiones;3;2;0;1;0;0;Calle;LA CRIOLLA;Constitución;Hormigón;No existe;XVI;Dentro;Urbana;Otra Señal;No existe;Intersección;Bueno;Buena;Diurna;Buen Tiempo;Múltiple;S/D;Colisión;Ninguna;Faltante
8174;2021;19/10/2021;Martes;18:50:00;Ruta Provincial 1;2.0;2;Moto/Ciclomotor,Automóvil; ;2;1;0;1;0;0;Ruta;COLASTINE;Constitución;Asfalto;Pavimento;I;Dentro;Urbana;Otra Señal;No existe;Intersección;Bueno;Buena;Diurna;Buen Tiempo;Múltiple;S/D;Colisión;Ninguna;Faltante
8175;2021;19/10/2021;Martes;01:19:00;Ruta Nacional 11;557.6;1;Camión c / Semirremolque; ;1;1;0;0;0;0;Ruta;LUCIANO LEIVA;Constitución;Tierra;Natural;XVI;Dentro;Rural;Otra Señal;No existe;Intersección;Otro;Reducida;Nocturna;Buen Tiempo;Múltiple;S/D;Colisión;Otro;Horizontal
8176;2021;19/10/2021;Martes;18:40:00;;0.0;2;Automóvil,Moto/Ciclomotor;Avenida Rivadavia Y 12 de Octubre;3;1;0;2;0;0;Avenida;TOSTADO;Constitución;Asfalto;No existe;XII;Dentro;Urbana;Otra Señal;No existe;Intersección;Bueno;Buena;Diurna;Buen Tiempo;Múltiple;S/D;Colisión;Ninguna;Faltante
8177;2021;19/10/2021;Martes;19:00:00;;0.0;2;Moto/Ciclomotor,Camión Chasis;9 de Julio Y Santa Fe;3;2;0;1;0;0;Calle;VERA;Constitución;Tierra;No existe;XIX;Dentro;Urbana;Otra Señal;No existe;Intersección;Con baches;Buena;Diurna;Buen Tiempo;Múltiple;S/D;Colisión;Material Suelto;Faltante
8178;2021;19/10/2021;Martes;12:15:00;;0.0;2;Automóvil,Moto/Ciclomotor;Rivadavia 1660;3;2;0;1;0;0;Calle;SAN CARLOS CENTRO;Constitución;Ripio;No existe;XI;Dentro;Urbana;Otra Señal;No existe;Intersección;Bueno;Buena;Diurna;Buen Tiempo;Múltiple;S/D;Colisión;Ninguna;Faltante
8179;2021;19/10/2021;Martes;08:45:00;;0.0;2;Automóvil,Moto/Ciclomotor;Iturraspe Y San Martin;3;1;0;2;0;0;Calle;SANTA FE;Constitución;Asfalto;No existe;I;Dentro;Urbana;Otra Señal;No existe;Intersección;Bueno;Buena;Diurna;Buen Tiempo;Múltiple;S/D;Colisión;Ninguna;Vertical
8180;2021;19/10/2021;Martes;18:10:00;;0.0;2;Automóvil,Automóvil;Espora Y Pje Lassaga;3;1;0;2;0;0;Calle;SANTA FE;Constitución;Asfalto;No existe;I;Dentro;Urbana;Otra Señal;No existe;Intersección;Bueno;Buena;Diurna;Buen Tiempo;Múltiple;S/D;Colisión;Ninguna;Faltante
8181;2021;19/10/2021;Martes;13:10:00;;0.0;2;Transporte de Pasajeros Urbano (> 8 asientos),Moto/Ciclomotor;Biedma Y Necochea;2;1;0;1;0;0;Calle;ROSARIO;Constitución;Asfalto;No existe;II;Dentro;Urbana;Otra Señal;No existe;Intersección;Bueno;Buena;Diurna;Buen Tiempo;Múltiple;S/D;Colisión;Ninguna;Faltante
8182;2021;19/10/2021;Martes;16:35:00;;0.0;3;Moto/Ciclomotor,Automóvil,Bicicleta;Av. Ntra.Sra.del Rosario Y Buenos Aires;4;2;0;2;0;0;Avenida;ROSARIO;Constitución;Asfalto;No existe;II;Dentro;Urbana;Otra Señal;No existe;Intersección;Bueno;Buena;Diurna;Buen Tiempo;Múltiple;Ciclista;Colisión;Ninguna;Horizontal,Vertical
8183;2021;19/10/2021;Martes;19:14:00;;0.0;2;Moto/Ciclomotor,Automóvil;Darragueira Y Superi;2;1;0;1;0;0;Calle;ROSARIO;Constitución;Asfalto;No existe;II;Dentro;Urbana;Otra Señal;No existe;Intersección;Bueno;Buena;Nocturna;Buen Tiempo;Múltiple;S/D;Colisión;Ninguna;Faltante
8184;2021;19/10/2021;Martes;14:00:00;;0.0;2;Automóvil,Moto/Ciclomotor;Molina Y Superi;2;1;0;1;0;0;Calle;ROSARIO;Constitución;Asfalto;No existe;II;Dentro;Urbana;Otra Señal;No existe;Intersección;S/D;S/D;Diurna;S/D;Múltiple;S/D;Colisión;S/D;Faltante
8185;2021;19/10/2021;Martes;22:40:00;;0.0;2;Moto/Ciclomotor,Automóvil;Av. Sorrento Y Pacheco;2;1;0;1;0;0;Avenida;ROSARIO;Constitución;Asfalto;No existe;II;Dentro;Urbana;Otra Señal;Funciona;Intersección;Bueno;Buena;Nocturna,Con luz artificial;Buen Tiempo;Múltiple;S/D;Colisión;Ninguna;Horizontal,Vertical
8186;2021;19/10/2021;Martes;07:25:00;;0.0;2;Moto/Ciclomotor,Moto/Ciclomotor;Rioja Y Suipacha;2;1;0;1;0;0;Calle;ROSARIO;Constitución;Asfalto;No existe;II;Dentro;Urbana;Otra Señal;No existe;Intersección;Bueno;Buena;Diurna;Buen Tiempo;Múltiple;S/D;Colisión;Ninguna;Horizontal,Vertical
8187;2021;19/10/2021;Martes;21:45:00;;0.0;1;Moto/Ciclomotor;3 De Febrero Y Vera Mujica;2;2;0;0;0;0;Calle;ROSARIO;Constitución;Asfalto;No existe;II;Dentro;Urbana;Otra Señal;No existe;Intersección;Bueno;Buena;Nocturna;Buen Tiempo;Múltiple;S/D;Colisión;Ninguna;S/D
8188;2021;19/10/2021;Martes;12:30:00;;0.0;2;Moto/Ciclomotor,Automóvil;L.N.Alem Y Riobamba;2;1;0;1;0;0;Calle;ROSARIO;Constitución;Asfalto;No existe;II;Dentro;Urbana;Otra Señal;No existe;Intersección;Bueno;Buena;Diurna;Buen Tiempo;Múltiple;S/D;Colisión;Ninguna;Horizontal,Vertical
8189;2021;19/10/2021;Martes;15:00:00;;0.0;2;Pickup/Utilitario,Moto/Ciclomotor;Bv. Oroño Y Lugones;3;1;0;2;0;0;Avenida;ROSARIO;Constitución;Asfalto;No existe;II;Dentro;Urbana;Otra Señal;No existe;Intersección;Bueno;Buena;Diurna;Buen Tiempo;Múltiple;S/D;Colisión;Ninguna;Horizontal
8190;2021;19/10/2021;Martes;18:15:00;;0.0;2;Automóvil,Moto/Ciclomotor;Medrano Y Valle Hermoso;3;1;0;2;0;0;Calle;ROSARIO;Constitución;Asfalto;No existe;II;Dentro;Urbana;Otra Señal;No existe;Intersección;S/D;S/D;Diurna;S/D;Múltiple;S/D;Colisión;S/D;Faltante
8191;2021;19/10/2021;Martes;07:45:00;Ruta Nacional 11;0.0;2;Moto/Ciclomotor,Pickup/Utilitario;Av. L de la Torre-Ruta Nac 11 Y Av. Perón;2;1;0;1;0;0;Ruta;CORONDA;Constitución;Asfalto;No existe;XV;Dentro;Urbana;Otra Señal;No existe;Intersección;S/D;S/D;Diurna;S/D;Múltiple;S/D;Colisión;S/D;Faltante
8192;2021;19/10/2021;Martes;17:50:00;Ruta Nacional 11;440.0;1;Moto/Ciclomotor; ;2;2;0;0;0;0;Ruta;CORONDA;Constitución;Asfalto;Pavimento;XV;Dentro;Rural;Otra Señal;No existe;Intersección;Deteriorada;Reducida;Diurna;Buen Tiempo;Múltiple;S/D;Colisión;S/D;Horizontal
8193;2021;19/10/2021;Martes;10:45:00;;0.0;2;Automóvil,Moto/Ciclomotor;Bv 25 de mayo Y Bv Pte. Perón;2;1;0;1;0;0;Avenida;SAN JORGE;Constitución;Hormigón;No existe;XVIII;Dentro;Urbana;Otra Señal;No existe;Intersección;S/D;S/D;Diurna;S/D;Múltiple;S/D;Colisión;S/D;S/D
8194;2021;19/10/2021;Martes;11:00:00;Ruta Provincial 32;32.0;2;Moto/Ciclomotor,Moto/Ciclomotor; ;2;1;0;1;0;0;Ruta;VILLA ADELA;Constitución;S/D;S/D;IX;Dentro;Urbana;Otra Señal;S/D;Intersección;S/D;S/D;Diurna;S/D;Múltiple;S/D;Colisión;S/D;S/D
8195;2021;19/10/2021;Martes;;Autopista Provincial Brigadier E.LÓPEZ;14.0;1;Automóvil; ;1;1;0;0;0;0;Autopista;SAN LORENZO;Constitución;Asfalto;Natural;XVII;Dentro;Rural;Otra Señal;No existe;Intersección;S/D;S/D;Diurna;S/D;Múltiple;S/D;Colisión;S/D;Horizontal