ID_Accidente;A�o;Fecha;Dia;Hopra;Ruta/Autop;km;Participantes;Tipo;Lugar;Total;Heridos Leves;Heridos Graves;Ilesos;Fallecidos;Sin datos;desc_tipo_via;desc_loc;desc_dpto;|;desc_tipo_banquina;desc_unidad_regional;desc_lugar_calzada;desc_zona;desc_prioridad;desc_estado_semaforo;desc_lugar_via;desc_estado_via;desc_estado_visibilidad;desc_luminosidad;desc_estado_clima;desc_tipo_colision;desc_tipo_atropello;desc_tipo_hecho;desc_pres_calzada;desc_senializacion
8196;2021;19/10/2021;Martes;;;0.0;2;Moto/Ciclomotor,Moto/Ciclomotor;12 de Octubre Y San Martin;2;2;0;0;0;0;Calle;VILA;Constitución;S/D;S/D;V;Dentro;Urbana;Otra Señal;S/D;Intersección;S/D;S/D;S/D;S/D;Múltiple;S/D;Colisión;S/D;S/D
8197;2021;19/10/2021;Martes;;;0.0;1;Automóvil; ;2;2;0;0;0;0;Camino Rural;LA RUBIA;Constitución;Ripio;S/D;V;Dentro;Rural;Otra Señal;S/D;Intersección;S/D;S/D;S/D;S/D;Múltiple;S/D;Colisión;S/D;S/D
8198;2021;19/10/2021;Martes;;;0.0;1;Automóvil; ;1;1;0;0;0;0;Camino Rural;CLUCELLAS;Constitución;Tierra;S/D;V;Dentro;Rural;Otra Señal;S/D;Intersección;S/D;S/D;S/D;S/D;Múltiple;S/D;Colisión;S/D;S/D
8199;2021;19/10/2021;Martes;15:10:00;;0.0;2;Automóvil,Moto/Ciclomotor;Virasoro Y Av. Corrientes;2;2;0;0;0;0;Calle;ROSARIO;Constitución;Asfalto;No existe;II;Dentro;Urbana;Otra Señal;No existe;Intersección;Bueno;S/D;Diurna;S/D;Múltiple;S/D;Colisión;Ninguna;Faltante
8200;2021;19/10/2021;Martes;12:30:00;;0.0;1;Moto/Ciclomotor;Crespo ;1;1;0;0;0;0;Calle;ROSARIO;Constitución;S/D;S/D;II;Dentro;Urbana;Otra Señal;S/D;Intersección;S/D;S/D;Diurna;S/D;Múltiple;S/D;Colisión;S/D;S/D
8201;2021;19/10/2021;Martes;12:30:00;;0.0;1;Moto/Ciclomotor;Necochea Y Biedma;1;1;0;0;0;0;Calle;ROSARIO;Constitución;Asfalto;No existe;II;Dentro;Urbana;Otra Señal;No existe;Intersección;Bueno;S/D;Diurna;S/D;Múltiple;S/D;Colisión;Ninguna;Faltante
8202;2021;19/10/2021;Martes;17:00:00;;0.0;1;Moto/Ciclomotor; ;1;1;0;0;0;0;S/D;ROSARIO;Constitución;S/D;S/D;II;S/D;S/D;Otra Señal;S/D;Intersección;S/D;S/D;Diurna;S/D;Múltiple;S/D;Colisión;S/D;S/D
8203;2021;19/10/2021;Martes;08:00:00;;0.0;1;Bicicleta;Ituzaingó Y 1 de Mayo;1;1;0;0;0;0;Calle;ROSARIO;Constitución;Asfalto;No existe;II;Dentro;Urbana;Otra Señal;No existe;Intersección;Bueno;S/D;Diurna;S/D;Múltiple;S/D;Colisión;S/D;Faltante
8204;2021;19/10/2021;Martes;10:20:00;;0.0;1;Automóvil;San Lorenzo Y Paraguay;2;1;0;0;0;1;Calle;ROSARIO;Constitución;Asfalto;No existe;II;Dentro;Urbana;Otra Señal;No existe;Intersección;Bueno;S/D;Diurna;S/D;Múltiple;S/D;Colisión;Ninguna;Horizontal
8205;2021;19/10/2021;Martes;20:00:00;;0.0;1;Automóvil;Villa del Parque ;2;1;0;0;0;1;Calle;ROSARIO;Constitución;S/D;S/D;II;S/D;Urbana;Otra Señal;S/D;Intersección;S/D;S/D;Nocturna;S/D;Múltiple;S/D;Colisión;S/D;S/D
8206;2021;19/10/2021;Martes;15:55:00;;0.0;2;Automóvil,Moto/Ciclomotor;Lavalle Y Viamonte;2;0;0;1;0;0;Calle;ROSARIO;Constitución;Asfalto;No existe;II;Dentro;Urbana;Otra Señal;No existe;Intersección;Bueno;Buena;Diurna;Buen Tiempo;Múltiple;S/D;Colisión;Ninguna;Faltante
8207;2021;19/10/2021;Martes;08:15:00;;0.0;2;Automóvil,Moto/Ciclomotor;Bv. Seguí Y Rodríguez;2;0;0;1;0;0;Avenida;ROSARIO;Constitución;Asfalto;No existe;II;Dentro;Urbana;Otra Señal;No existe;Intersección;Bueno;Buena;Diurna;Buen Tiempo;Múltiple;S/D;Colisión;Ninguna;Horizontal
8208;2021;19/10/2021;Martes;09:30:00;;0.0;2;Moto/Ciclomotor,Pickup/Utilitario;Av. de los Trabaj. Ferroviario 400;2;0;0;1;0;0;Avenida;SAN CRISTÓBAL;Constitución;Asfalto;Ripio;XIII;Dentro;Urbana;Otra Señal;No existe;Intersección;Bueno;Buena;Diurna;Buen Tiempo;Múltiple;S/D;Colisión;Ninguna;Horizontal
8209;2021;19/10/2021;Martes;04:40:00;;0.0;1;Moto/Ciclomotor;Calle 47-Islas Malvinas Y Roca Pte.;1;0;0;0;0;0;Calle;RECONQUISTA;Constitución;Asfalto;No existe;IX;Dentro;Urbana;Otra Señal;Funciona;Intersección;S/D;S/D;Nocturna;S/D;Múltiple;S/D;Colisión;S/D;Vertical
8210;2021;19/10/2021;Martes;;Ruta Provincial 70;0.0;3;Moto/Ciclomotor,Peatón,Peatón;Colon 80;4;1;0;2;0;0;Ruta;RAFAELA;Constitución;Asfalto;No existe;V;Dentro;Urbana;Otra Señal;No existe;Intersección;S/D;S/D;S/D;S/D;Múltiple;Peatón;Colisión;S/D;Faltante
8211;2021;19/10/2021;Martes;11:00:00;;0.0;1;Moto/Ciclomotor; ;1;0;0;0;0;0;S/D;ROSARIO;Rosario;S/D;S/D;II;S/D;S/D;Otra Señal;S/D;Intersección;S/D;S/D;Diurna;S/D;Múltiple;S/D;Colisión;S/D;S/D
8212;2021;19/10/2021;Martes;15:30:00;Autopista Nacional Rosario -Cordoba;0.0;1;Moto/Ciclomotor;Av. Pellegrini Y Méjico;1;0;0;0;0;0;Autopista;ROSARIO;Rosario;Asfalto;Pavimento;II;Dentro;Urbana;Otra Señal;No existe;Intersección;S/D;S/D;Diurna;S/D;Múltiple;S/D;Colisión;S/D;Faltante
8213;2021;19/10/2021;Martes;13:00:00;;0.0;2;Moto/Ciclomotor,Pickup/Utilitario;Amenábar Y Balcarce;3;0;0;1;0;0;Calle;ROSARIO;Rosario;Hormigón;No existe;II;Dentro;Urbana;Otra Señal;No existe;Intersección;Bueno;Buena;Diurna;Buen Tiempo;Múltiple;S/D;Colisión;Ninguna;Vertical
8214;2021;19/10/2021;Martes;;Ruta Provincial 4;125.0;1;Automóvil; ;3;1;0;0;0;0;Ruta;ELISA;Las Colonias;Asfalto;Natural;XI;Dentro;Rural;Otra Señal;No existe;Intersección;Con baches;S/D;S/D;S/D;S/D;S/D;Colisión;S/D;Horizontal
8215;2021;20/10/2021;Miercoles;20:00:00;Ruta Nacional 11;480.0;2;Moto/Ciclomotor,Automóvil;Ruta Nacional 11 Y 9 de Julio;2;0;0;1;1;0;Ruta;RECREO;La Capital;Asfalto;Ripio;I;Dentro;Rural;Otra Señal;No existe;Intersección;Bueno;Buena;Diurna;Buen Tiempo;Múltiple;S/D;Colisión;Ninguna;Faltante
8216;2021;20/10/2021;Miercoles;13:10:00;Ruta Secundaria 22-s;0.0;2;Automóvil,Automóvil;Ruta Prov. 22 S Y Soldado Aguirre;3;2;0;1;0;0;Ruta;VILLA GOBERNADOR GÁLVEZ;Rosario;Asfalto;No existe;II;Dentro;Urbana;Otra Señal;No existe;Intersección;Deteriorada;Buena;Diurna;Buen Tiempo;Múltiple;S/D;Colisión;Material Suelto;Faltante
8217;2021;20/10/2021;Miercoles;12:30:00;;0.0;2;Automóvil,Moto/Ciclomotor;Av. J.Bernhein Y Urizar;3;2;0;1;0;0;Avenida;ROSARIO;Rosario;Asfalto;No existe;II;Dentro;Urbana;Otra Señal;No existe;Intersección;Bueno;Buena;Diurna;Buen Tiempo;Múltiple;S/D;Colisión;Ninguna;Faltante
8218;2021;20/10/2021;Miercoles;02:00:00;Autopista Nacional A008;0.0;2;Automóvil,Automóvil;Av. Circunvalación Y Av. Pte. Perón;3;1;0;1;0;1;Autopista;ROSARIO;Rosario;Asfalto;No existe;II;Dentro;Urbana;Otra Señal;No existe;Intersección;Bueno;Buena;Nocturna;Buen Tiempo;Múltiple;S/D;Colisión;Ninguna;Horizontal
8219;2021;20/10/2021;Miercoles;15:40:00;;0.0;2;Automóvil,Moto/Ciclomotor;Balcarce Y Iriondo;2;1;0;1;0;0;Calle;VILLA GOBERNADOR GÁLVEZ;Rosario;Asfalto;No existe;II;Dentro;Urbana;Otra Señal;No existe;Intersección;Bueno;Buena;Diurna;Buen Tiempo;Múltiple;S/D;Colisión;Ninguna;Faltante
8220;2021;20/10/2021;Miercoles;11:45:00;Ruta Nacional 11;0.0;2;Moto/Ciclomotor,Pickup/Utilitario;América Y Ruta Nac 11;2;1;0;1;0;0;Ruta;PUERTO SAN MARTÍN;San Lorenzo;Asfalto;Natural;XVII;Dentro;Rural;Otra Señal;No existe;Intersección;Ahuellamiento;Buena;Diurna;Buen Tiempo;Múltiple;S/D;Colisión;Ninguna;Horizontal
8221;2021;20/10/2021;Miercoles;12:10:00;Ruta Nacional 11;0.0;1;Moto/Ciclomotor;Bv Oroño Y Irigoyen;3;1;0;2;0;0;Ruta;SAN LORENZO;San Lorenzo;Asfalto;No existe;XVII;Dentro;Urbana;Otra Señal;No existe;Intersección;Bueno;Buena;Diurna;Buen Tiempo;Múltiple;S/D;Colisión;Ninguna;Horizontal
8222;2021;20/10/2021;Miercoles;14:50:00;Ruta Nacional 11;593.0;3;Camión,Camión,Automóvil; ;7;1;0;6;0;0;Ruta;MARCELINO ESCALADA;Constitución;Asfalto;Ripio;XVI;Dentro;Urbana;Otra Señal;Funciona;Intersección;Bueno;Buena;Diurna;Buen Tiempo;Múltiple;S/D;Colisión;Ninguna;Horizontal,Vertical
8223;2021;20/10/2021;Miercoles;07:35:00;;0.0;2;Moto/Ciclomotor,Automóvil;Candioti Y Luciano Molinas;2;1;0;1;0;0;Calle;SANTA FE;Constitución;Asfalto;No existe;I;Dentro;Urbana;Otra Señal;No existe;Intersección;Bueno;Buena;Diurna;Buen Tiempo;Múltiple;S/D;Colisión;Ninguna;Horizontal,Vertical
8224;2021;20/10/2021;Miercoles;13:30:00;;0.0;2;Moto/Ciclomotor,Automóvil;Candioti Y Gdor. Candioti;3;2;0;1;0;0;Calle;SANTA FE;Constitución;Asfalto;No existe;I;Dentro;Urbana;Otra Señal;No existe;Intersección;Bueno;Buena;Diurna;Buen Tiempo;Múltiple;S/D;Colisión;Ninguna;Horizontal
8225;2021;20/10/2021;Miercoles;15:50:00;;0.0;2;Moto/Ciclomotor,Pickup/Utilitario;Candioti Y Gdor. Candioti;3;2;0;1;0;0;Calle;SANTA FE;Constitución;Asfalto;No existe;II;Dentro;Urbana;Otra Señal;No existe;Intersección;Bueno;S/D;Diurna;S/D;Múltiple;S/D;Colisión;S/D;Horizontal
8226;2021;20/10/2021;Miercoles;10:50:00;;0.0;2;Moto/Ciclomotor,Moto/Ciclomotor;Av. Blas Parera 5100;2;1;0;1;0;0;Avenida;SANTA FE;Constitución;Asfalto;No existe;I;Dentro;Urbana;Otra Señal;Funciona;Intersección;Bueno;Buena;Diurna;Buen Tiempo;Múltiple;S/D;Colisión;Ninguna;Horizontal,Vertical
8227;2021;20/10/2021;Miercoles;06:30:00;;0.0;2;Automóvil,Moto/Ciclomotor;Calle 11 Y Calle 24;2;1;0;1;0;0;Calle;LAS PAREJAS;Constitución;Hormigón;No existe;III;Dentro;Urbana;Otra Señal;No existe;Intersección;Con baches,Deteriorada;Buena;Nocturna;Buen Tiempo;Múltiple;S/D;Colisión;Ninguna;Faltante
8228;2021;20/10/2021;Miercoles;12:00:00;Ruta Provincial 65;100.0;2;Pickup/Utilitario,Pickup/Utilitario; ;2;1;0;1;0;0;Ruta;BOUQUET;Constitución;Hormigón,Tierra;Natural;III;Dentro;Rural;Otra Señal;No existe;Intersección;Bueno;Buena;Diurna;Buen Tiempo;Múltiple;S/D;Colisión;Ninguna;Vertical
8229;2021;20/10/2021;Miercoles;16:30:00;Autopista Nacional A007;0.0;2;Moto/Ciclomotor,Automóvil;Iturraspe ;2;1;0;1;0;0;Autopista;SANTA FE;Constitución;Asfalto;No existe;I;Dentro;Urbana;Otra Señal;Funciona;Intersección;Bueno;Buena;Diurna;Buen Tiempo;Múltiple;S/D;Colisión;Ninguna;Horizontal,Vertical
8230;2021;20/10/2021;Miercoles;15:00:00;;0.0;2;Moto/Ciclomotor,Moto/Ciclomotor;Bv. Seguí Y Laprida;3;2;0;1;0;0;Avenida;ROSARIO;Constitución;Asfalto;No existe;II;Dentro;Urbana;Otra Señal;No existe;Intersección;Bueno;Buena;Diurna;Buen Tiempo;Múltiple;S/D;Colisión;Ninguna;Faltante
8231;2021;20/10/2021;Miercoles;20:30:00;Ruta Provincial 1;33.0;1;Moto/Ciclomotor; ;2;2;0;0;0;0;Ruta;SANTA ROSA DE CALCHINES;Constitución;Asfalto;Natural;VII;Dentro;Rural;Otra Señal;No existe;Intersección;Bueno;Buena;Nocturna;Buen Tiempo;Múltiple;S/D;Colisión;Ninguna;Horizontal
8232;2021;20/10/2021;Miercoles;19:00:00;;0.0;2;Automóvil,Moto/Ciclomotor;Casiano Casas Y Larrechea;2;1;0;1;0;0;Calle;ROSARIO;Constitución;Asfalto;No existe;II;Dentro;Urbana;Otra Señal;No existe;Intersección;S/D;S/D;Diurna;S/D;Múltiple;S/D;Colisión;S/D;Faltante
8233;2021;20/10/2021;Miercoles;10:00:00;;0.0;3;Automóvil,Pickup/Utilitario,Peatón;Amenábar Y Pte. Roca;3;1;0;2;0;0;Calle;ROSARIO;Constitución;Asfalto;No existe;II;Dentro;Urbana;Otra Señal;No existe;Intersección;S/D;S/D;Diurna;S/D;Múltiple;Peatón;Colisión;S/D;Faltante
8234;2021;20/10/2021;Miercoles;12:00:00;;0.0;1;Moto/Ciclomotor;Urquiza 1100;1;1;0;0;0;0;Calle;ROSARIO;Constitución;Asfalto;No existe;II;Dentro;Urbana;Otra Señal;No existe;Intersección;Bueno;S/D;Diurna;S/D;Múltiple;S/D;Colisión;S/D;Horizontal,Vertical
8235;2021;20/10/2021;Miercoles;18:50:00;;0.0;2;Automóvil,Moto/Ciclomotor;Gobernador Crespo Y R Lehmann;3;2;0;1;0;0;Calle;ESPERANZA;Constitución;Asfalto;No existe;XI;Dentro;Urbana;Otra Señal;No existe;Intersección;Bueno;Buena;Diurna;Buen Tiempo;Múltiple;S/D;Colisión;Ninguna;Faltante
8236;2021;20/10/2021;Miercoles;17:40:00;;0.0;2;Moto/Ciclomotor,Taxi/Remis;Ituzaingó Y San Martin;2;1;0;1;0;0;Calle;ROSARIO;Constitución;Asfalto;No existe;II;Dentro;Urbana;Otra Señal;No existe;Intersección;Bueno;Buena;Diurna;S/D;Múltiple;S/D;Colisión;Ninguna;Horizontal
8237;2021;20/10/2021;Miercoles;10:30:00;;0.0;2;Automóvil,Moto/Ciclomotor;Av. Francia Y Bv. 27 De Febrero;2;1;0;1;0;0;Avenida;ROSARIO;Constitución;Asfalto;No existe;II;Dentro;Urbana;Otra Señal;Funciona;Intersección;Bueno;Buena;Diurna;Buen Tiempo;Múltiple;S/D;Colisión;Ninguna;Horizontal,Vertical
8238;2021;20/10/2021;Miercoles;21:15:00;;0.0;2;Moto/Ciclomotor,Automóvil;CIRCUITO PARQUE ALEM ;2;1;0;1;0;0;Calle;ROSARIO;Constitución;Asfalto;No existe;II;Dentro;Urbana;Otra Señal;No existe;Intersección;Bueno;Buena;Nocturna;Buen Tiempo;Múltiple;S/D;Colisión;Ninguna;Faltante
8239;2021;20/10/2021;Miercoles;17:00:00;;0.0;2;Pickup/Utilitario,Bicicleta;10 de Febrero Y Venezuela;2;1;0;1;0;0;Calle;CAPITÁN BERMÚDEZ;Constitución;Asfalto;No existe;XVII;Dentro;Urbana;Otra Señal;No existe;Intersección;Bueno;S/D;S/D;S/D;Múltiple;Ciclista;Colisión;S/D;Faltante
8240;2021;20/10/2021;Miercoles;;Ruta Secundaria 82-s;37.0;1;Automóvil; ;1;1;0;0;0;0;Ruta;CAMPO ANDINO;Constitución;S/D;No existe;I;Dentro;Rural;Otra Señal;S/D;Intersección;S/D;S/D;S/D;S/D;Múltiple;S/D;Colisión;S/D;S/D
8241;2021;20/10/2021;Miercoles;;;0.0;2;Automóvil,Moto/Ciclomotor;Magallanes Y Uruguay;2;2;0;0;0;0;Calle;ROSARIO;Constitución;Asfalto;No existe;II;Dentro;Urbana;Otra Señal;No existe;Intersección;S/D;S/D;S/D;S/D;Múltiple;S/D;Colisión;S/D;Faltante
8242;2021;20/10/2021;Miercoles;09:00:00;;0.0;2;Pickup/Utilitario,Moto/Ciclomotor;Rivadavia Y T Lubary;2;1;0;1;0;0;Calle;SAN CARLOS CENTRO;Constitución;S/D;No existe;XI;Dentro;Urbana;Otra Señal;S/D;Intersección;S/D;S/D;Diurna;S/D;Múltiple;S/D;Colisión;S/D;S/D
8243;2021;20/10/2021;Miercoles;15:22:00;;0.0;2;Automóvil,Automóvil;Cristóbal Colon Y España;2;2;0;0;0;0;Calle;VENADO TUERTO;Constitución;Asfalto;No existe;VIII;Dentro;Urbana;Otra Señal;No existe;Intersección;S/D;S/D;Diurna;S/D;Múltiple;S/D;Colisión;S/D;Faltante
8244;2021;20/10/2021;Miercoles;16:05:00;Ruta Provincial 13;30.0;2;Automóvil,Automóvil; ;2;2;0;0;0;0;Ruta;EL TRÉBOL;Constitución;Asfalto;No existe;XVIII;Dentro;Urbana;Otra Señal;No existe;Intersección;S/D;S/D;Diurna;S/D;Múltiple;S/D;Colisión;S/D;Horizontal
8245;2021;20/10/2021;Miercoles;13:30:00;;0.0;1;Moto/Ciclomotor;Laprida Y Bv. Seguí;1;1;0;0;0;0;Calle;ROSARIO;Constitución;Asfalto;No existe;II;Dentro;Urbana;Otra Señal;No existe;Intersección;Bueno;S/D;Diurna;S/D;Múltiple;S/D;Colisión;Ninguna;Faltante
8246;2021;20/10/2021;Miercoles;20:00:00;;0.0;2;Moto/Ciclomotor,Moto/Ciclomotor;Agustín Magaldi Y Urizar;2;2;0;0;0;0;Calle;ROSARIO;Constitución;Asfalto;No existe;II;Dentro;Urbana;Otra Señal;No existe;Intersección;Bueno;S/D;Nocturna;S/D;Múltiple;S/D;Colisión;Ninguna;Faltante
8247;2021;20/10/2021;Miercoles;13:00:00;;0.0;1;Otros; ;1;1;0;0;0;0;S/D;ROSARIO;Constitución;S/D;S/D;II;S/D;S/D;Otra Señal;S/D;Intersección;S/D;S/D;Diurna;S/D;Múltiple;S/D;Colisión;S/D;S/D
8248;2021;20/10/2021;Miercoles;07:25:00;;0.0;1;Camión c / Acoplado;Donado Y Mendoza;1;0;0;0;0;0;Avenida;ROSARIO;Constitución;Asfalto;No existe;II;Dentro;Urbana;Otra Señal;Funciona;Intersección;Bueno;Buena;Diurna;Buen Tiempo;Múltiple;S/D;Colisión;Ninguna;Horizontal,Vertical
8249;2021;20/10/2021;Miercoles;22:00:00;;0.0;2;Moto/Ciclomotor,Bicicleta;Juan B Alberdi Y 25 de Mayo;2;0;0;0;0;1;Calle;LAGUNA PAIVA;Constitución;Asfalto;No existe;I;Dentro;Urbana;Otra Señal;No existe;Intersección;Bueno;Buena;Nocturna;Buen Tiempo;Múltiple;S/D;Colisión;Agua;Faltante
8250;2021;21/10/2021;Jueves;08:30:00;Ruta Secundaria 34-s;30.0;2;Moto/Ciclomotor,Camión Chasis;Av. Silvestre Begnis Y Callao;2;0;0;1;1;0;Ruta;GRANADERO BAIGORRIA;Rosario;Asfalto;No existe;II;Dentro;Urbana;Otra Señal;No existe;Intersección;Bueno;Buena;Diurna;S/D;Múltiple;S/D;Colisión;Ninguna;Faltante
8251;2021;21/10/2021;Jueves;19:36:00;;0.0;2;Automóvil,Moto/Ciclomotor;Magallanes Y Pérez Bulnes;2;1;0;1;0;0;Calle;ROSARIO;Rosario;Asfalto;No existe;II;Dentro;Urbana;Otra Señal;No existe;Intersección;Bueno;Buena;Nocturna;Buen Tiempo;Múltiple;S/D;Colisión;Ninguna;Vertical
8252;2021;21/10/2021;Jueves;06:45:00;Ruta Nacional 11;0.0;2;Moto/Ciclomotor,Bicicleta;Los Sauces Y Ruta Nacional 11;2;2;0;0;0;0;Ruta;RECREO;La Capital;Asfalto;Ripio;I;Dentro;Urbana;Otra Señal;No existe;Intersección;Bueno;Buena;Diurna;Buen Tiempo;Múltiple;Ciclista;Colisión;Ninguna;Horizontal
8253;2021;21/10/2021;Jueves;17:00:00;Ruta Nacional 9;0.0;2;Automóvil,Automóvil;Ruta Nacional 9 Y Tucumán;2;1;0;1;0;0;Ruta;FUNES;Rosario;Asfalto;Ripio;II;Dentro;Urbana;Otra Señal;No existe;Intersección;Bueno;Buena;Diurna;Buen Tiempo;Múltiple;S/D;Colisión;Ninguna;Faltante
8254;2021;21/10/2021;Jueves;22:00:00;;0.0;2;Automóvil,Moto/Ciclomotor;Av. Silvestre Begnis Y Santiago  Liniers;2;1;0;1;0;0;Avenida;GRANADERO BAIGORRIA;Rosario;Asfalto;No existe;II;Dentro;Urbana;Otra Señal;No existe;Intersección;Bueno;S/D;Nocturna;Buen Tiempo;Múltiple;S/D;Colisión;Ninguna;Faltante
8255;2021;21/10/2021;Jueves;20:30:00;Ruta Nacional 11;0.0;2;Automóvil,Moto/Ciclomotor;Av. San Martin Y Teniente Agneta;2;1;0;1;0;0;Ruta;FRAY LUIS BELTRÁN;San Lorenzo;Asfalto;Natural;XVII;Dentro;Urbana;Otra Señal;No existe;Intersección;Bueno;Buena;Nocturna;Buen Tiempo;Múltiple;S/D;Colisión;Ninguna;Horizontal
8256;2021;21/10/2021;Jueves;11:20:00;;0.0;2;Automóvil,Moto/Ciclomotor;Belgrano Y 25 de Mayo;3;2;0;1;0;0;Calle;PUERTO SAN MARTÍN;San Lorenzo;Asfalto;No existe;XVII;Dentro;Urbana;Otra Señal;No existe;Intersección;Con baches;Buena;Diurna;S/D;Múltiple;S/D;Colisión;Ninguna;Faltante
8257;2021;21/10/2021;Jueves;13:00:00;;0.0;2;Automóvil,Automóvil;R Godoy 1200;2;1;0;1;0;0;Calle;SANTA FE;Constitución;Asfalto;No existe;I;Dentro;Urbana;Otra Señal;No existe;Intersección;Bueno;Buena;Diurna;Buen Tiempo;Múltiple;S/D;Colisión;Ninguna;Faltante
8258;2021;21/10/2021;Jueves;21:10:00;Ruta Nacional 11;0.0;2;Moto/Ciclomotor,Automóvil;Rivadavia B Y Ruta Nacional 11;2;1;0;1;0;0;Ruta;SAN JUSTO;Constitución;Asfalto;Natural;XVI;Dentro;Urbana;Otra Señal;No existe;Intersección;Bueno;Buena;Nocturna;Buen Tiempo;Múltiple;S/D;Colisión;Ninguna;Horizontal
8259;2021;21/10/2021;Jueves;12:00:00;;0.0;2;Moto/Ciclomotor,Pickup/Utilitario;Independencia Y Islas Malvinas;2;1;0;1;0;0;Calle;TOSTADO;Constitución;Asfalto;No existe;XII;Dentro;Urbana;Otra Señal;No existe;Intersección;Bueno;Buena;Diurna;Buen Tiempo;Múltiple;S/D;Colisión;Ninguna;Faltante
8260;2021;21/10/2021;Jueves;16:30:00;;0.0;2;Moto/Ciclomotor,Otros;Rivadavia Y Suipacha;2;1;0;0;0;1;Calle;SANTA FE;Constitución;Asfalto;Pavimento;I;Dentro;Urbana;Otra Señal;Funciona;Intersección;Bueno;Buena;Diurna;Buen Tiempo;Múltiple;S/D;Colisión;Ninguna;Horizontal,Vertical
8261;2021;21/10/2021;Jueves;08:30:00;;0.0;2;Tractor,Moto/Ciclomotor;Palacios 278;3;1;0;2;0;0;Calle;FELICIA;Constitución;S/D;No existe;XI;Dentro;Urbana;Otra Señal;S/D;Intersección;S/D;S/D;Diurna;S/D;Múltiple;S/D;Colisión;S/D;S/D
8262;2021;21/10/2021;Jueves;20:00:00;Ruta Provincial 6;0.0;2;Bicicleta,Moto/Ciclomotor;Almafuerte Y San Martin;3;3;0;0;0;0;Ruta;SAN CARLOS CENTRO;Constitución;Asfalto;No existe;XI;Dentro;Urbana;Otra Señal;Funciona;Intersección;Bueno;Buena;Atardecer;Buen Tiempo;Múltiple;Ciclista;Colisión;Ninguna;Vertical
8263;2021;21/10/2021;Jueves;;;0.0;2;Pickup/Utilitario,Moto/Ciclomotor;Aguado Y Primera Junta;2;1;0;1;0;0;Calle;SANTA FE;Constitución;Asfalto,Tierra;No existe;I;Dentro;Urbana;Otra Señal;No existe;Intersección;Con baches;Reducida;Nocturna;Buen Tiempo;Múltiple;S/D;Colisión;Ninguna;Faltante
8264;2021;21/10/2021;Jueves;16:30:00;;0.0;2;Otros,Moto/Ciclomotor;Av. Corrientes Y Esteban de Luca;2;1;0;1;0;0;Calle;ROSARIO;Constitución;Asfalto;No existe;II;Dentro;Urbana;Otra Señal;No existe;Intersección;Bueno;Buena;Diurna;Buen Tiempo;Múltiple;S/D;Colisión;Ninguna;Faltante
8265;2021;21/10/2021;Jueves;21:00:00;;0.0;2;Automóvil,Moto/Ciclomotor;Garibaldi Y San Martin;2;1;0;1;0;0;Calle;ROSARIO;Constitución;Asfalto;No existe;II;Dentro;Urbana;Otra Señal;No existe;Intersección;Bueno;Buena;Nocturna,Con luz artificial;Buen Tiempo;Múltiple;S/D;Colisión;Ninguna;Horizontal,Vertical
8266;2021;21/10/2021;Jueves;19:40:00;Ruta Provincial 14;12.0;1;Moto/Ciclomotor; ;1;1;0;0;0;0;Ruta;PIÑERO;Constitución;Asfalto;Natural;II;Dentro;Rural;Otra Señal;No existe;Intersección;Ahuellamiento;Buena;Nocturna;Buen Tiempo;Múltiple;S/D;Colisión;Ninguna;Horizontal
8267;2021;21/10/2021;Jueves;16:20:00;;0.0;2;Automóvil,Moto/Ciclomotor;BAIGORRIA  Y JUAN PABLO II;3;1;0;2;0;0;Calle;ROSARIO;Constitución;Asfalto;No existe;II;Dentro;Urbana;Otra Señal;No existe;Intersección;Bueno;Buena;Diurna;Buen Tiempo;Múltiple;S/D;Colisión;Ninguna;Faltante
8268;2021;21/10/2021;Jueves;;Ruta Nacional 11;0.0;1;Moto/Ciclomotor;Ruta Nacional 11 Y San Martin;1;1;0;0;0;0;Ruta;CALCHAQUÍ;Constitución;Asfalto;Ripio;XIX;Dentro;Urbana;Otra Señal;No existe;Intersección;Bueno;S/D;S/D;S/D;Múltiple;S/D;Colisión;S/D;Horizontal
8269;2021;21/10/2021;Jueves;00:10:00;;0.0;2;Automóvil,Automóvil;Chacabuco Y España;2;1;0;1;0;0;Calle;VENADO TUERTO;Constitución;Asfalto;No existe;VIII;Dentro;Urbana;Otra Señal;Funciona;Intersección;S/D;S/D;Nocturna;S/D;Múltiple;S/D;Colisión;S/D;Vertical
8270;2021;21/10/2021;Jueves;12:20:00;;0.0;3;Automóvil,Automóvil,Pickup/Utilitario;Garibaldi Y San Lorenzo;3;3;0;0;0;0;Calle;VENADO TUERTO;Constitución;Asfalto;No existe;VIII;Dentro;Urbana;Otra Señal;No existe;Intersección;S/D;S/D;Diurna;S/D;Múltiple;S/D;Colisión;S/D;Faltante