ID_Accidente;A�o;Fecha;Dia;Hopra;Ruta/Autop;km;Participantes;Tipo;Lugar;Total;Heridos Leves;Heridos Graves;Ilesos;Fallecidos;Sin datos;desc_tipo_via;desc_loc;desc_dpto;|;desc_tipo_banquina;desc_unidad_regional;desc_lugar_calzada;desc_zona;desc_prioridad;desc_estado_semaforo;desc_lugar_via;desc_estado_via;desc_estado_visibilidad;desc_luminosidad;desc_estado_clima;desc_tipo_colision;desc_tipo_atropello;desc_tipo_hecho;desc_pres_calzada;desc_senializacion
8271;2021;21/10/2021;Jueves;;;0.0;1;Automóvil;Los Caracoles Y Santa Rosa de Lima;2;1;0;1;0;0;Calle;SAN JOSÉ DEL RINCÓN;Constitución;S/D;No existe;VIII;Dentro;Urbana;Otra Señal;S/D;Intersección;S/D;S/D;S/D;S/D;Múltiple;S/D;Colisión;S/D;S/D
8272;2021;21/10/2021;Jueves;10:50:00;Ruta Nacional 11;0.0;2;Pickup/Utilitario,Moto/Ciclomotor;Calle 17 Y Ruta Nacional 11;2;1;0;1;0;0;Ruta;AVELLANEDA;Constitución;Asfalto;No existe;IX;Dentro;Urbana;Otra Señal;No existe;Intersección;S/D;S/D;Diurna;S/D;Múltiple;S/D;Colisión;S/D;Horizontal,Vertical
8273;2021;21/10/2021;Jueves;10:35:00;;0.0;1;Moto/Ciclomotor;Calle 2-Constituyentes Y Calle 33-Pueyrredon;2;2;0;0;0;0;Calle;RECONQUISTA;Constitución;S/D;No existe;IX;Dentro;Urbana;Otra Señal;No existe;Intersección;S/D;S/D;Diurna;S/D;Múltiple;S/D;Colisión;S/D;Faltante
8274;2021;21/10/2021;Jueves;18:55:00;;0.0;2;Automóvil,Moto/Ciclomotor;25 de mayo Y Belgrano;3;1;0;2;0;0;Calle;MALABRIGO;Constitución;S/D;No existe;IX;Dentro;Urbana;Otra Señal;S/D;Intersección;S/D;S/D;Diurna;S/D;Múltiple;S/D;Colisión;S/D;S/D
8275;2021;21/10/2021;Jueves;09:30:00;;0.0;1;Moto/Ciclomotor;Av. Francia Y Rueda;1;1;0;0;0;0;Calle;ROSARIO;Constitución;Asfalto;No existe;II;Dentro;Urbana;Otra Señal;No existe;Intersección;Bueno;S/D;Diurna;S/D;Múltiple;S/D;Colisión;Ninguna;Faltante
8276;2021;21/10/2021;Jueves;22:00:00;;0.0;1;Moto/Ciclomotor;Necochea Y Ayolas;1;1;0;0;0;0;Calle;ROSARIO;Constitución;Asfalto;No existe;II;Dentro;Urbana;Otra Señal;Funciona;Intersección;Bueno;S/D;Nocturna;S/D;Múltiple;S/D;Colisión;Ninguna;Horizontal,Vertical
8277;2021;21/10/2021;Jueves;17:00:00;;0.0;2;Moto/Ciclomotor,Moto/Ciclomotor;Hipólito Irigoyen Y Iturraspe;2;1;0;0;0;0;Calle;SAN CRISTÓBAL;Constitución;Asfalto;No existe;XIII;Dentro;Urbana;Otra Señal;No existe;Intersección;Bueno;Buena;Diurna;Buen Tiempo;Múltiple;S/D;Colisión;Ninguna;Horizontal
8278;2021;21/10/2021;Jueves;12:50:00;;0.0;2;Automóvil,Moto/Ciclomotor;Luis F Leloir Y Tucumán;2;0;0;1;0;0;Calle;SUNCHALES;Constitución;Asfalto;No existe;V;Dentro;Urbana;Otra Señal;No existe;Intersección;Bueno;Buena;Diurna;Buen Tiempo;Múltiple;S/D;Colisión;Ninguna;Faltante
8279;2021;21/10/2021;Jueves;12:50:00;;0.0;2;Moto/Ciclomotor,Otros;Luis F Leloir Y Tucumán;2;0;0;0;0;1;Calle;SUNCHALES;Constitución;Asfalto;No existe;V;Dentro;Urbana;Otra Señal;No existe;Intersección;Bueno;Buena;Diurna;Buen Tiempo;Múltiple;S/D;Colisión;Ninguna;Faltante
8280;2021;21/10/2021;Jueves;03:00:00;;0.0;1;Automóvil;Bv. Avellaneda Y Ituzaingó;1;0;0;0;0;0;Avenida;ROSARIO;Rosario;Asfalto;No existe;II;Dentro;Urbana;Otra Señal;No existe;Intersección;S/D;S/D;Nocturna;S/D;Múltiple;S/D;Colisión;S/D;Horizontal
8281;2021;21/10/2021;Jueves;19:00:00;;0.0;2;Moto/Ciclomotor,Pickup/Utilitario;Bv. Avellaneda Y Gaboto;3;0;0;1;0;0;Avenida;ROSARIO;Rosario;Asfalto;No existe;II;Dentro;Urbana;Otra Señal;No existe;Intersección;Bueno;Buena;Nocturna,Con luz artificial;Buen Tiempo;Múltiple;S/D;Colisión;Ninguna;Horizontal
8282;2021;21/10/2021;Jueves;17:00:00;Autopista Provincial Brigadier E.LÓPEZ;13.0;3;Automóvil,Automóvil,Automóvil; ;3;0;0;1;0;0;Autopista;SAN LORENZO;San Lorenzo;Asfalto;Ripio;XVII;Dentro;Rural;Otra Señal;No existe;Intersección;Bueno;Buena;Diurna;Buen Tiempo;Múltiple;S/D;Colisión;Ninguna;Horizontal
8283;2021;22/10/2021;Viernes;23:30:00;Autopista Nacional A008;8.0;1;Moto/Ciclomotor;Av. Circunvalación Y Av. Eva Perón;2;0;0;1;1;0;Autopista;ROSARIO;Rosario;Asfalto;No existe;II;Fuera;Urbana;Otra Señal;No existe;Intersección;Bueno;Buena;Nocturna,Con luz artificial;Lluvia;Múltiple;S/D;Colisión;Agua;Faltante
8284;2021;22/10/2021;Viernes;10:15:00;;0.0;2;Bicicleta,Automóvil;El Algarrobo Y El Jilguero;2;1;0;1;0;0;Calle;PEREZ;Rosario;Asfalto;No existe;II;Dentro;Urbana;Otra Señal;No existe;Intersección;Bueno;Buena;Diurna;Buen Tiempo;Múltiple;S/D;Colisión;Ninguna;Faltante
8285;2021;22/10/2021;Viernes;13:15:00;;0.0;2;Automóvil,Bicicleta;Buenos aires Y General López;2;1;0;1;0;0;Calle;SAN LORENZO;San Lorenzo;Asfalto;No existe;XVII;Dentro;Urbana;Otra Señal;No existe;Intersección;Bueno;Buena;Diurna;Buen Tiempo;Múltiple;Ciclista;Colisión;Ninguna;Faltante
8286;2021;22/10/2021;Viernes;04:00:00;;0.0;1;Moto/Ciclomotor;Brown Y Salta;2;2;0;0;0;0;Calle;SAN LORENZO;San Lorenzo;Asfalto;No existe;XVII;Dentro;Urbana;Otra Señal;No existe;Intersección;Bueno;Buena;Nocturna;Buen Tiempo;Múltiple;S/D;Colisión;Ninguna;Faltante
8287;2021;22/10/2021;Viernes;19:30:00;;0.0;2;Moto/Ciclomotor,Automóvil;Av. Galicia 1893;3;2;0;1;0;0;Avenida;SANTA FE;Constitución;Asfalto;No existe;I;Dentro;Urbana;Otra Señal;No existe;Intersección;Bueno;Buena;Diurna;Buen Tiempo;Múltiple;S/D;Colisión;Ninguna;Faltante
8288;2021;22/10/2021;Viernes;20:45:00;;0.0;2;Moto/Ciclomotor,Automóvil;Av. Galicia Y Güemes;2;1;0;1;0;0;Avenida;SANTA FE;Constitución;Asfalto;No existe;I;Dentro;Urbana;Otra Señal;No existe;Intersección;Bueno;Buena;Nocturna;Buen Tiempo;Múltiple;S/D;Colisión;Ninguna;Faltante
8289;2021;22/10/2021;Viernes;22:00:00;;0.0;3;Moto/Ciclomotor,Pickup/Utilitario,Automóvil;N J Zamaro Y 9 de Julio;3;1;0;2;0;0;Calle;SAN JUSTO;Constitución;Ripio;No existe;XVI;Dentro;Urbana;Otra Señal;No existe;Intersección;Bueno;Buena;Nocturna;Buen Tiempo;Múltiple;S/D;Colisión;Ninguna;Faltante
8290;2021;22/10/2021;Viernes;11:30:00;;0.0;2;Pickup/Utilitario,Moto/Ciclomotor;CARCARAES Y LOS GUARANÍES;3;2;0;1;0;0;Calle;COLASTINE;Constitución;Arena;Natural;I;Dentro;Urbana;Otra Señal;No existe;Intersección;Deteriorada;Buena;Diurna;Buen Tiempo;Múltiple;S/D;Colisión;Ninguna;Faltante
8291;2021;22/10/2021;Viernes;18:10:00;;20.0;2;Pickup/Utilitario,Camión Chasis; ;2;2;0;0;0;0;Calle;AP. LEYES;Constitución;Asfalto;Natural;I;Dentro;Urbana;Otra Señal;No existe;Intersección;Bueno;Buena;Diurna;Buen Tiempo;Múltiple;S/D;Colisión;Ninguna;Horizontal
8292;2021;22/10/2021;Viernes;17:00:00;;0.0;2;Bicicleta,Moto/Ciclomotor;Cochabamba Y Pje Irala;2;1;0;1;0;0;Calle;SANTA FE;Constitución;Asfalto;No existe;I;Dentro;Urbana;Otra Señal;No existe;Intersección;Bueno;Buena;Diurna;Buen Tiempo;Múltiple;Ciclista;Colisión;Ninguna;Vertical
8293;2021;22/10/2021;Viernes;;Ruta Provincial 1;0.0;2;Moto/Ciclomotor,Camión Chasis; ;2;1;0;1;0;0;Ruta;HELVECIA;Constitución;Asfalto;S/D;VII;Dentro;Urbana;Otra Señal;S/D;Intersección;S/D;S/D;Diurna;S/D;Múltiple;S/D;Colisión;S/D;S/D
8294;2021;22/10/2021;Viernes;13:10:00;;0.0;2;Moto/Ciclomotor,Automóvil;Ayacucho Y Bv. Seguí;2;1;0;1;0;0;Avenida;ROSARIO;Constitución;Asfalto;No existe;II;Dentro;Urbana;Otra Señal;No existe;Intersección;Bueno;Buena;Diurna;Buen Tiempo;Múltiple;S/D;Colisión;Ninguna;Horizontal
8295;2021;22/10/2021;Viernes;08:55:00;;0.0;2;Moto/Ciclomotor,Automóvil;Av. Corrientes Y Bv. Seguí;2;1;0;1;0;0;Avenida;ROSARIO;Constitución;Asfalto;No existe;II;Dentro;Urbana;Otra Señal;No existe;Intersección;Bueno;Buena;Diurna;Buen Tiempo;Múltiple;S/D;Colisión;Ninguna;Horizontal,Vertical
8296;2021;22/10/2021;Viernes;21:50:00;;0.0;2;Automóvil,Taxi/Remis;Italia Y Tucumán;5;2;0;3;0;0;Calle;ROSARIO;Constitución;Asfalto;No existe;II;Dentro;Urbana;Otra Señal;No existe;Intersección;Bueno;Buena;Diurna;Buen Tiempo;Múltiple;S/D;Colisión;Agua;Horizontal,Vertical
8297;2021;22/10/2021;Viernes;14:07:00;;0.0;2;Camión,Moto/Ciclomotor;BAIGORRIA  Y COLECTORA ;2;1;0;1;0;0;Calle;ROSARIO;Constitución;Asfalto;No existe;II;Dentro;Urbana;Otra Señal;No existe;Intersección;Bueno;Buena;Diurna;Buen Tiempo;Múltiple;S/D;Colisión;Ninguna;Faltante
8298;2021;22/10/2021;Viernes;10:40:00;;0.0;2;Automóvil,Peatón;Pasco Y Pte. Roca;2;1;0;1;0;0;Calle;ROSARIO;Constitución;Asfalto;No existe;II;Dentro;Urbana;Otra Señal;No existe;Intersección;Bueno;Buena;Diurna;Buen Tiempo;Múltiple;Peatón;Colisión;Ninguna;Faltante
8299;2021;22/10/2021;Viernes;09:30:00;;0.0;2;Automóvil,Automóvil;J.M.de Rosas Y Ocampo;4;1;0;3;0;0;Calle;ROSARIO;Constitución;Asfalto;No existe;II;Dentro;Urbana;Otra Señal;No existe;Intersección;Bueno;Buena;Diurna;Buen Tiempo;Múltiple;S/D;Colisión;Ninguna;Faltante
8300;2021;22/10/2021;Viernes;12:05:00;Ruta Secundaria 19-s;0.0;2;Moto/Ciclomotor,Camión;Boulevard Argentino Y Hipólito Yrigoyen;2;1;0;1;0;0;Ruta;CASILDA;Constitución;Asfalto;No existe;IV;Dentro;Urbana;Otra Señal;No existe;Intersección;Bueno;S/D;Diurna;S/D;Múltiple;S/D;Colisión;S/D;Faltante
8301;2021;22/10/2021;Viernes;08:30:00;Autopista Provincial Brigadier E.LÓPEZ;72.0;2;Automóvil,Camión c / Acoplado; ;3;2;0;1;0;0;Autopista;BARRANCAS;Constitución;Asfalto;Natural;XV;Dentro;Urbana;Otra Señal;No existe;Intersección;S/D;S/D;Diurna;S/D;Múltiple;S/D;Colisión;S/D;Horizontal
8302;2021;22/10/2021;Viernes;16:00:00;;0.0;2;Pickup/Utilitario,Moto/Ciclomotor;Guillermo Dimmer Y Junín;2;1;0;1;0;0;Calle;VENADO TUERTO;Constitución;S/D;No existe;VIII;Dentro;Urbana;Otra Señal;S/D;Intersección;S/D;S/D;Diurna;S/D;Múltiple;S/D;Colisión;S/D;S/D
8303;2021;22/10/2021;Viernes;;;0.0;2;Automóvil,Moto/Ciclomotor;A Aguado Y Aaron Castellanos;3;2;0;1;0;0;Calle;RAFAELA;Constitución;Asfalto;No existe;V;Dentro;Urbana;Otra Señal;No existe;Intersección;S/D;S/D;Diurna;S/D;Múltiple;S/D;Colisión;S/D;Faltante
8304;2021;22/10/2021;Viernes;;;0.0;2;Automóvil,Moto/Ciclomotor;Remedios de Escalada Y Sargento Cabral;2;1;0;1;0;0;Calle;RAFAELA;Constitución;Asfalto;No existe;V;Dentro;Urbana;Otra Señal;No existe;Intersección;S/D;S/D;Nocturna;S/D;Múltiple;S/D;Colisión;S/D;Faltante
8305;2021;22/10/2021;Viernes;;;0.0;2;Moto/Ciclomotor,Pickup/Utilitario;9 de Julio Y Las Heras;2;1;0;1;0;0;Calle;RAFAELA;Constitución;Asfalto;No existe;V;Dentro;Urbana;Otra Señal;No existe;Intersección;S/D;S/D;S/D;S/D;Múltiple;S/D;Colisión;S/D;Horizontal
8306;2021;22/10/2021;Viernes;;;0.0;2;Automóvil,Pickup/Utilitario;Ayacucho Y G Mainardi;2;1;0;1;0;0;Calle;RAFAELA;Constitución;Asfalto;No existe;V;Dentro;Urbana;Otra Señal;No existe;Intersección;S/D;S/D;S/D;S/D;Múltiple;S/D;Colisión;S/D;Faltante
8307;2021;22/10/2021;Viernes;09:05:00;Ruta Nacional 11;0.0;2;Pickup/Utilitario,Moto/Ciclomotor;Calle 322 Y Ruta Nacional 11;3;1;0;2;0;0;Ruta;AVELLANEDA;Constitución;Asfalto;Ripio;IX;Dentro;Urbana;Otra Señal;No existe;Intersección;S/D;S/D;Diurna;S/D;Múltiple;S/D;Colisión;S/D;Horizontal,Vertical
8308;2021;22/10/2021;Viernes;10:20:00;;0.0;2;Moto/Ciclomotor,Moto/Ciclomotor;Calle 26 - Bolívar Y Calle 31-Newbery;3;1;0;2;0;0;Calle;RECONQUISTA;Constitución;Asfalto;No existe;IX;Dentro;Urbana;Otra Señal;No existe;Intersección;Otro;Buena;Diurna;S/D;Múltiple;S/D;Colisión;Ninguna;Faltante
8309;2021;22/10/2021;Viernes;12:05:00;;0.0;2;Automóvil,Moto/Ciclomotor;Calle 26 - Bolívar Y Calle 29-Alte Brown;2;1;0;1;0;0;Calle;RECONQUISTA;Constitución;Asfalto;No existe;IX;Dentro;Urbana;Otra Señal;No existe;Intersección;Bueno;Buena;Diurna;Buen Tiempo;Múltiple;S/D;Colisión;Ninguna;Faltante
8310;2021;22/10/2021;Viernes;16:25:00;;0.0;2;Automóvil,Moto/Ciclomotor;Calle 28 - San Lorenzo Y Calle 29-Alte Brown;2;1;0;1;0;0;Calle;RECONQUISTA;Constitución;Asfalto;No existe;IX;Dentro;Urbana;Otra Señal;No existe;Intersección;Bueno;Buena;Diurna;Buen Tiempo;Múltiple;S/D;Colisión;Ninguna;Faltante
8311;2021;22/10/2021;Viernes;14:10:00;Ruta Nacional 11;0.0;1;Moto/Ciclomotor;Calle 11-Alvear Y Calle 34;1;1;0;0;0;0;Ruta;RECONQUISTA;Constitución;Asfalto;No existe;IX;Dentro;Urbana;Otra Señal;No existe;Intersección;Bueno;Buena;Diurna;S/D;Múltiple;S/D;Colisión;Ninguna;Horizontal
8312;2021;22/10/2021;Viernes;10:40:00;;0.0;2;Automóvil,Moto/Ciclomotor;Calle 25-Rivadavia 843;2;1;0;1;0;0;Calle;RECONQUISTA;Constitución;Asfalto;No existe;IX;Dentro;Urbana;Otra Señal;No existe;Intersección;Bueno;Buena;Diurna;Buen Tiempo;Múltiple;S/D;Colisión;Ninguna;Faltante
8313;2021;22/10/2021;Viernes;19:00:00;;0.0;1;Bicicleta;Av. Avellaneda B Y Bv. Seguí;1;1;0;0;0;0;Calle;ROSARIO;Constitución;Asfalto;No existe;II;Dentro;Urbana;Otra Señal;Funciona;Intersección;Bueno;S/D;Diurna;S/D;Múltiple;S/D;Colisión;Ninguna;Horizontal,Vertical
8314;2021;22/10/2021;Viernes;15:00:00;;0.0;1;Bicicleta; ;1;1;0;0;0;0;S/D;ROSARIO;Constitución;S/D;S/D;II;S/D;S/D;Otra Señal;S/D;Intersección;S/D;S/D;Diurna;S/D;Múltiple;S/D;Colisión;S/D;S/D
8315;2021;22/10/2021;Viernes;08:30:00;;0.0;1;Moto/Ciclomotor;Av. Pte. Perón Y Valparaíso;1;1;0;0;0;0;Calle;ROSARIO;Constitución;Asfalto;No existe;II;Dentro;Urbana;Otra Señal;No existe;Intersección;Bueno;S/D;Diurna;S/D;Múltiple;S/D;Colisión;S/D;Horizontal
8316;2021;22/10/2021;Viernes;22:00:00;;0.0;1;Otros; ;1;1;0;0;0;0;Calle;ROSARIO;Constitución;S/D;S/D;II;Dentro;Urbana;Otra Señal;S/D;Intersección;S/D;S/D;Nocturna;S/D;Múltiple;S/D;Colisión;S/D;S/D
8317;2021;22/10/2021;Viernes;13:30:00;;0.0;1;Moto/Ciclomotor;Ayacucho Y Bv. Seguí;1;1;0;0;0;0;Calle;ROSARIO;Constitución;Asfalto;No existe;II;Dentro;Urbana;Otra Señal;No existe;Intersección;Bueno;S/D;Diurna;S/D;Múltiple;S/D;Colisión;Ninguna;Faltante
8318;2021;22/10/2021;Viernes;08:30:00;;0.0;1;Peatón;Crespo Y Pje. Noruega;1;1;0;0;0;0;Calle;ROSARIO;Constitución;Asfalto;No existe;II;Dentro;Urbana;Otra Señal;No existe;Intersección;Bueno;S/D;Diurna;S/D;Múltiple;S/D;Colisión;Ninguna;Faltante
8319;2021;22/10/2021;Viernes;12:45:00;;0.0;1;Automóvil;Av. Pte. Perón Y Castellanos;2;1;0;0;0;1;Calle;ROSARIO;Constitución;Asfalto;No existe;II;Dentro;Urbana;Otra Señal;Funciona;Intersección;Bueno;S/D;Diurna;S/D;Múltiple;S/D;Colisión;Ninguna;Horizontal,Vertical
8320;2021;22/10/2021;Viernes;12:50:00;;0.0;2;Moto/Ciclomotor,Automóvil;Bv. Avellaneda Y La Paz;4;1;0;2;0;0;Avenida;ROSARIO;Constitución;Asfalto;No existe;II;Dentro;Urbana;Otra Señal;No existe;Intersección;Bueno;S/D;Diurna;Buen Tiempo;Múltiple;S/D;Colisión;Ninguna;Horizontal
8321;2021;22/10/2021;Viernes;16:15:00;;0.0;2;Moto/Ciclomotor,Automóvil;Melian 6500;2;0;0;0;0;1;Calle;ROSARIO;Constitución;Asfalto;No existe;II;Dentro;Urbana;Otra Señal;No existe;Intersección;Bueno;Buena;Diurna;Buen Tiempo;Múltiple;S/D;Colisión;Ninguna;Faltante
8322;2021;22/10/2021;Viernes;06:00:00;Ruta Nacional 11;0.0;2;Moto/Ciclomotor,Transporte de Pasajeros Urbano (> 8 asientos);Av. San Martin Y General Richieri;2;0;0;1;0;0;Ruta;FRAY LUIS BELTRÁN;Constitución;Asfalto;No existe;XVII;Dentro;Urbana;Otra Señal;Funciona;Intersección;S/D;S/D;Nocturna;S/D;Múltiple;S/D;Colisión;S/D;Horizontal,Vertical
8323;2021;22/10/2021;Viernes;14:00:00;;0.0;1;Moto/Ciclomotor; ;1;0;0;0;0;0;S/D;ROSARIO;Rosario;S/D;S/D;II;S/D;S/D;Otra Señal;S/D;Intersección;S/D;S/D;Diurna;S/D;Múltiple;S/D;Colisión;S/D;S/D
8324;2021;23/10/2021;Sabado;00:05:00;;0.0;1;Moto/Ciclomotor;Av. Peñaloza Y Chaco;3;2;0;0;1;0;Avenida;SANTA FE;La Capital;Asfalto;No existe;I;S/D;Urbana;Otra Señal;No existe;Intersección;Bueno;Buena;Nocturna;Viento Fuerte;Múltiple;S/D;Colisión;Ninguna;Faltante
8325;2021;23/10/2021;Sabado;03:10:00;Ruta Nacional 9;365.0;2;Moto/Ciclomotor,Automóvil;Ruta Nac 9 ;2;0;0;1;1;0;Ruta;CORREA;Iriondo;Asfalto;Natural;X;S/D;Rural;Otra Señal;No existe;Intersección;S/D;S/D;Nocturna;S/D;Múltiple;S/D;Colisión;S/D;Faltante
8326;2021;23/10/2021;Sabado;19:30:00;Ruta Provincial 13;68.5;2;Moto/Ciclomotor,Automóvil;Ruta Provincial 13 ;3;0;0;2;1;0;Ruta;SAN JORGE;San MARTÍN;Asfalto;Natural;XVIII;S/D;Rural;Otra Señal;No existe;Intersección;Bueno;S/D;Nocturna;S/D;Múltiple;S/D;Colisión;S/D;Faltante
8327;2021;23/10/2021;Sabado;15:00:00;Ruta Nacional 33;776.0;2;Moto/Ciclomotor,Automóvil; ;3;2;0;1;0;0;Ruta;ZAVALLA;Rosario;Asfalto;Natural;II;Dentro;Rural;Otra Señal;No existe;Intersección;Bueno;Buena;Diurna;Buen Tiempo;Múltiple;S/D;Colisión;Ninguna;Horizontal
8328;2021;23/10/2021;Sabado;11:00:00;;0.0;2;Moto/Ciclomotor,Automóvil;San Luis Y Sargento Cabral;2;1;0;1;0;0;Calle;SAN LORENZO;San Lorenzo;Asfalto;No existe;XVII;Dentro;Urbana;Otra Señal;No existe;Intersección;Bueno;Buena;Diurna;Buen Tiempo;Múltiple;S/D;Colisión;Ninguna;Vertical
8329;2021;23/10/2021;Sabado;21:20:00;Ruta Nacional 11;0.0;2;Moto/Ciclomotor,Automóvil;José E Uriburu Y Ruta Nac 11;2;1;0;1;0;0;Ruta;SAUCE VIEJO;La Capital;Asfalto;Ripio;I;Dentro;Urbana;Otra Señal;No existe;Intersección;Bueno;Buena;Nocturna;Buen Tiempo;Múltiple;S/D;Colisión;Ninguna;Horizontal
8330;2021;23/10/2021;Sabado;22:20:00;Ruta Nacional 11;452.0;2;Moto/Ciclomotor,Pickup/Utilitario;España Y Ruta Nac 11;2;1;0;1;0;0;Ruta;SAUCE VIEJO;La Capital;Asfalto;Ripio;I;Dentro;Urbana;Otra Señal;No existe;Intersección;Bueno;Buena;Nocturna;Buen Tiempo;Múltiple;S/D;Colisión;Ninguna;Horizontal
8331;2021;23/10/2021;Sabado;17:50:00;Autopista Provincial Brigadier E.LÓPEZ;11.0;2;Camión c / Semirremolque,Camión;Autopista Sta. Fe/Rosario ;3;2;0;1;0;0;Autopista;FRAY LUIS BELTRÁN;San Lorenzo;Asfalto;Natural;XVII;Dentro;Rural;Otra Señal;No existe;Intersección;Bueno;Buena;Diurna;Buen Tiempo;Múltiple;S/D;Colisión;Ninguna;Horizontal
8332;2021;23/10/2021;Sabado;06:00:00;Ruta Nacional 11;0.0;2;Automóvil,Camión c / Acoplado;Gaboto Y Ruta Nac 11;2;1;0;1;0;0;Ruta;TIMBÚES;Constitución;Asfalto;No existe;XVII;Dentro;Urbana;Otra Señal;No existe;Intersección;Bueno;Buena;Nocturna;Buen Tiempo;Múltiple;S/D;Colisión;Ninguna;Faltante
8333;2021;23/10/2021;Sabado;;;0.0;2;Pickup/Utilitario,Moto/Ciclomotor;Bv Belgrano Y Estanislao López;2;1;0;1;0;0;Avenida;CALCHAQUÍ;Constitución;S/D;S/D;XIX;Dentro;Urbana;Otra Señal;S/D;Intersección;S/D;S/D;S/D;S/D;Múltiple;S/D;Colisión;S/D;S/D
8334;2021;23/10/2021;Sabado;21:00:00;;0.0;2;Peatón,Otros;Entre Ríos Y Neuquén;2;1;0;0;0;1;Calle;TOSTADO;Constitución;Ripio;No existe;XII;Dentro;Urbana;Otra Señal;No existe;Intersección;Bueno;Buena;Nocturna;Buen Tiempo;Múltiple;Peatón;Colisión;Ninguna;Faltante
8335;2021;23/10/2021;Sabado;18:00:00;;0.0;1;Moto/Ciclomotor;Sarmiento D 2100;1;1;0;0;0;0;Calle;VERA;Constitución;Asfalto;No existe;XIX;Dentro;Urbana;Otra Señal;No existe;Intersección;Bueno;Buena;Diurna;Buen Tiempo;Múltiple;S/D;Colisión;Ninguna;Faltante
8336;2021;23/10/2021;Sabado;17:20:00;;0.0;2;Moto/Ciclomotor,Moto/Ciclomotor;Dr. Zavalla Y 3 de Febrero;3;2;0;1;0;0;Calle;SANTA FE;Constitución;Asfalto;No existe;I;Dentro;Urbana;Otra Señal;No existe;Intersección;Bueno;Buena;Diurna;Buen Tiempo;Múltiple;S/D;Colisión;Ninguna;Faltante
8337;2021;23/10/2021;Sabado;18:00:00;;0.0;2;Moto/Ciclomotor,Moto/Ciclomotor;ALMA MARITANO  Y DOMINGO CANDIA ;3;1;0;1;0;1;Calle;ROSARIO;Constitución;Asfalto;No existe;II;Dentro;Urbana;Otra Señal;No existe;Intersección;Bueno;Buena;Diurna;Buen Tiempo;Múltiple;S/D;Colisión;Ninguna;Faltante
8338;2021;23/10/2021;Sabado;09:45:00;;0.0;2;Moto/Ciclomotor,Automóvil;Bordabehere 4000;3;2;0;1;0;0;Calle;ROSARIO;Constitución;Asfalto;No existe;II;Dentro;Urbana;Otra Señal;No existe;Intersección;Bueno;Buena;Diurna;Buen Tiempo;Múltiple;S/D;Colisión;Ninguna;Faltante
8339;2021;23/10/2021;Sabado;19:10:00;Ruta Provincial 1;2.0;2;Moto/Ciclomotor,Automóvil; ;2;1;0;1;0;0;Ruta;COLASTINE;Constitución;Asfalto;Pavimento;I;Dentro;Urbana;Otra Señal;No existe;Intersección;Bueno;Buena;Atardecer;Buen Tiempo;Múltiple;S/D;Colisión;Ninguna;Horizontal
8340;2021;23/10/2021;Sabado;04:10:00;Ruta Nacional 11;0.0;1;Taxi/Remis;Av. San Martin 1535;1;1;0;0;0;0;Ruta;SAN LORENZO;Constitución;Asfalto;No existe;XVII;Dentro;Urbana;Otra Señal;No existe;Intersección;Bueno;S/D;Nocturna;S/D;Múltiple;S/D;Colisión;S/D;Horizontal
8341;2021;23/10/2021;Sabado;;Ruta Secundaria 87-s;0.0;2;Automóvil,Moto/Ciclomotor; ;2;1;0;1;0;0;Ruta;MARGARITA;Constitución;Tierra;Natural;XIX;Dentro;Rural;Otra Señal;No existe;Intersección;S/D;S/D;S/D;S/D;Múltiple;S/D;Colisión;S/D;S/D
8342;2021;23/10/2021;Sabado;00:25:00;Autopista Provincial Brigadier E.LÓPEZ;87.0;1;Camión c / Acoplado; ;1;1;0;0;0;0;Autopista;SAN FABIÁN;Constitución;Asfalto;Pavimento;XV;Dentro;Rural;Otra Señal;No existe;Intersección;Resbaladiza;S/D;Nocturna;Lluvia;Múltiple;S/D;Colisión;Agua;Horizontal
8343;2021;23/10/2021;Sabado;16:45:00;Ruta Nacional 11;0.0;2;Automóvil,Camión;Av. Circunvalación Y Teniente Loza;2;2;0;0;0;0;Ruta;SANTA FE;Constitución;Asfalto;Ripio;I;Dentro;Urbana;Otra Señal;No existe;Intersección;S/D;S/D;Diurna;S/D;Múltiple;S/D;Colisión;S/D;Horizontal
8344;2021;23/10/2021;Sabado;17:45:00;Ruta Nacional 11;0.0;1;Moto/Ciclomotor;Av. Circunvalación Y Iturraspe;3;3;0;0;0;0;Ruta;SANTA FE;Constitución;Asfalto;No existe;I;Dentro;Urbana;Otra Señal;Funciona;Intersección;S/D;S/D;Diurna;S/D;Múltiple;S/D;Colisión;S/D;Horizontal,Vertical