ID_Accidente;A�o;Fecha;Dia;Hopra;Ruta/Autop;km;Participantes;Tipo;Lugar;Total;Heridos Leves;Heridos Graves;Ilesos;Fallecidos;Sin datos;desc_tipo_via;desc_loc;desc_dpto;|;desc_tipo_banquina;desc_unidad_regional;desc_lugar_calzada;desc_zona;desc_prioridad;desc_estado_semaforo;desc_lugar_via;desc_estado_via;desc_estado_visibilidad;desc_luminosidad;desc_estado_clima;desc_tipo_colision;desc_tipo_atropello;desc_tipo_hecho;desc_pres_calzada;desc_senializacion
8345;2021;23/10/2021;Sabado;08:50:00;;0.0;2;Automóvil,Bicicleta;25 de Mayo Y Lisandro de la Torre;2;1;0;1;0;0;Calle;VENADO TUERTO;Constitución;Asfalto;No existe;VIII;Dentro;Urbana;Otra Señal;No existe;Intersección;S/D;S/D;Diurna;S/D;Múltiple;Ciclista;Colisión;S/D;Faltante
8346;2021;23/10/2021;Sabado;14:00:00;;0.0;2;Moto/Ciclomotor,Automóvil;Estados Unidos Y Falucho;2;1;0;1;0;0;Calle;VENADO TUERTO;Constitución;Asfalto;No existe;VIII;Dentro;Urbana;Otra Señal;No existe;Intersección;Bueno;S/D;Diurna;S/D;Múltiple;S/D;Colisión;S/D;Faltante
8347;2021;23/10/2021;Sabado;19:15:00;;0.0;2;Moto/Ciclomotor,Moto/Ciclomotor;Bartolomé Mitre Y Presbítero Luis A Sponton;3;3;0;0;0;0;Calle;VILLA OCAMPO;Constitución;S/D;No existe;IX;Dentro;Urbana;Otra Señal;S/D;Intersección;S/D;S/D;Nocturna;S/D;Múltiple;S/D;Colisión;S/D;S/D
8348;2021;23/10/2021;Sabado;;;0.0;1;Pickup/Utilitario; ;1;1;0;0;0;0;Calle;SANTO TOMÉ;Constitución;S/D;S/D;I;Dentro;Urbana;Otra Señal;S/D;Intersección;S/D;S/D;S/D;S/D;Múltiple;S/D;Colisión;S/D;S/D
8349;2021;23/10/2021;Sabado;20:10:00;;0.0;2;Automóvil,Moto/Ciclomotor;Av. San Martin Y Viamonte;3;2;0;1;0;0;Calle;GRANADERO BAIGORRIA;Constitución;Asfalto;No existe;II;Dentro;Urbana;Otra Señal;Funciona;Intersección;Bueno;Buena;Nocturna;Buen Tiempo;Múltiple;S/D;Colisión;Ninguna;Horizontal,Vertical
8350;2021;23/10/2021;Sabado;15:00:00;;0.0;1;Moto/Ciclomotor;Bv. 27 De Febrero Y Av. Pte. Perón;2;2;0;0;0;0;Calle;ROSARIO;Constitución;Asfalto;No existe;II;Dentro;Urbana;Otra Señal;Funciona;Intersección;Bueno;S/D;Diurna;S/D;Múltiple;S/D;Colisión;Ninguna;Horizontal,Vertical
8351;2021;23/10/2021;Sabado;20:00:00;Autovía Nacional Gral. Juan Jose Valle;0.0;1;Moto/Ciclomotor;Av. Eva Perón Y Venezuela;1;1;0;0;0;0;Autovía;ROSARIO;Constitución;Asfalto;No existe;II;Dentro;Urbana;Otra Señal;No existe;Intersección;Bueno;S/D;Nocturna;S/D;Múltiple;S/D;Colisión;Ninguna;Faltante
8352;2021;23/10/2021;Sabado;02:00:00;;0.0;1;Automóvil;Bv. Seguí Y Bv. Avellaneda;1;1;0;0;0;0;Calle;ROSARIO;Constitución;Asfalto;No existe;II;Dentro;Urbana;Otra Señal;Funciona;Intersección;Bueno;S/D;Nocturna;S/D;Múltiple;S/D;Colisión;Ninguna;Horizontal,Vertical
8353;2021;23/10/2021;Sabado;16:30:00;;0.0;1;Bicicleta;Av. Pellegrini Y Matienzo;1;1;0;0;0;0;Calle;ROSARIO;Constitución;Asfalto;No existe;II;Dentro;Urbana;Otra Señal;Funciona;Intersección;Bueno;S/D;Diurna;S/D;Múltiple;S/D;Colisión;S/D;Horizontal,Vertical
8354;2021;23/10/2021;Sabado;12:30:00;;0.0;1;Automóvil;Bv. Rondeau Y Washington;1;1;0;0;0;0;Calle;ROSARIO;Constitución;Asfalto;No existe;II;Dentro;Urbana;Otra Señal;Funciona;Intersección;Bueno;S/D;Diurna;S/D;Múltiple;S/D;Colisión;Ninguna;Horizontal,Vertical
8355;2021;23/10/2021;Sabado;02:55:00;;0.0;1;Automóvil;Av. Belgrano ;2;0;0;0;1;0;Calle;CAPITÁN BERMÚDEZ;Constitución;Asfalto,Tierra;No existe;XVII;S/D;Urbana;Otra Señal;No existe;Intersección;Bueno;Reducida;Nocturna;Viento Fuerte;Múltiple;S/D;Colisión;Agua;Faltante
8356;2021;23/10/2021;Sabado;05:15:00;Autopista Nacional A008;0.0;1;Pickup/Utilitario;Av. Circunvalación Y Av. Eva Perón;2;1;0;0;0;0;Autopista;ROSARIO;Constitución;Asfalto;No existe;II;Dentro;Urbana;Otra Señal;No existe;Intersección;Bueno;Buena;Nocturna,Con luz artificial;Lluvia;Múltiple;S/D;Colisión;Agua;Horizontal
8357;2021;23/10/2021;Sabado;;;0.0;2;Automóvil,Automóvil; ;2;0;0;1;0;0;S/D;ESPERANZA;Constitución;S/D;S/D;XI;S/D;S/D;Otra Señal;S/D;Intersección;S/D;S/D;S/D;S/D;Múltiple;S/D;Colisión;S/D;S/D
8358;2021;23/10/2021;Sabado;20:00:00;;0.0;1;Moto/Ciclomotor; ;1;0;0;0;0;0;S/D;ROSARIO;Rosario;S/D;S/D;II;S/D;S/D;Otra Señal;S/D;Intersección;S/D;S/D;Diurna;S/D;Múltiple;S/D;Colisión;S/D;S/D
8359;2021;24/10/2021;Domingo;03:10:00;;0.0;2;Moto/Ciclomotor,Automóvil;Chubut Y Garzón;4;1;0;3;0;0;Calle;ROSARIO;Rosario;Asfalto;No existe;II;Dentro;Urbana;Otra Señal;No existe;Intersección;Bueno;Buena;Nocturna;Buen Tiempo;Múltiple;S/D;Colisión;Ninguna;Faltante
8360;2021;24/10/2021;Domingo;18:35:00;;0.0;2;Peatón,Tren;Cochabamba Y Méjico;2;1;0;1;0;0;Calle;ROSARIO;Rosario;Asfalto;No existe;II;Dentro;Urbana;Otra Señal;No existe;Intersección;Bueno;Buena;Diurna;Buen Tiempo;Múltiple;Peatón;Colisión;Ninguna;Vertical
8361;2021;24/10/2021;Domingo;14:40:00;;0.0;2;Moto/Ciclomotor,Moto/Ciclomotor;Estrella Federal 7100;2;1;0;0;0;1;Calle;ROSARIO;Rosario;Asfalto;No existe;II;Dentro;Urbana;Otra Señal;No existe;Intersección;Bueno;Buena;Diurna;Buen Tiempo;Múltiple;S/D;Colisión;Ninguna;Faltante
8362;2021;24/10/2021;Domingo;20:40:00;;0.0;1;Moto/Ciclomotor;Islas Malvinas 3500;1;1;0;0;0;0;Calle;SAN LORENZO;San Lorenzo;Asfalto;No existe;XVII;Dentro;Urbana;Otra Señal;No existe;Intersección;Bueno;Buena;Nocturna,Con luz artificial;Buen Tiempo;Múltiple;S/D;Colisión;Ninguna;Faltante
8363;2021;24/10/2021;Domingo;19:30:00;Ruta Secundaria 93-s;0.0;2;Automóvil,Moto/Ciclomotor;Av. Estanislao López Y Santa Fe;3;1;0;2;0;0;Ruta;LA CRIOLLA;Constitución;Hormigón;No existe;XVI;Dentro;Urbana;Otra Señal;No existe;Intersección;Bueno;Buena;Nocturna,Con luz artificial;Buen Tiempo;Múltiple;S/D;Colisión;Ninguna;Faltante
8364;2021;24/10/2021;Domingo;18:15:00;Ruta Nacional 11;722.0;2;Automóvil,Automóvil; ;3;3;0;0;0;0;Ruta;VERA;Constitución;Asfalto;Ripio;XIX;Dentro;Urbana;Otra Señal;No existe;Intersección;Bueno;Buena;Nocturna;Buen Tiempo;Múltiple;S/D;Colisión;Ninguna;Horizontal
8365;2021;24/10/2021;Domingo;19:15:00;;0.0;2;Automóvil,Moto/Ciclomotor;Av. De La Libertad Y Perú;2;1;0;1;0;0;Avenida;ROSARIO;Constitución;Asfalto;No existe;II;Dentro;Urbana;Otra Señal;No existe;Intersección;Bueno;Buena;Atardecer;Buen Tiempo;Múltiple;S/D;Colisión;Ninguna;Faltante
8366;2021;24/10/2021;Domingo;15:00:00;;0.0;2;Moto/Ciclomotor,Moto/Ciclomotor;Amenábar Y Zavalia;2;1;0;1;0;0;Calle;SANTA FE;Constitución;Asfalto;No existe;I;Dentro;Urbana;Otra Señal;No existe;Intersección;Bueno;Buena;Diurna;Buen Tiempo;Múltiple;S/D;Colisión;Ninguna;Faltante
8367;2021;24/10/2021;Domingo;02:15:00;;0.0;1;Moto/Ciclomotor;Av. Pte. Perón Y Ecuador;1;1;0;0;0;0;Avenida;SANTA FE;Constitución;Asfalto;No existe;I;Dentro;Urbana;Otra Señal;No existe;Intersección;Bueno;Buena;Diurna;Buen Tiempo;Múltiple;S/D;Colisión;Ninguna;Horizontal
8368;2021;24/10/2021;Domingo;10:45:00;;0.0;2;Automóvil,Moto/Ciclomotor;Bv. Seguí Y Sarmiento;2;1;0;1;0;0;Avenida;ROSARIO;Constitución;Asfalto;No existe;II;Dentro;Urbana;Otra Señal;No existe;Intersección;Bueno;Buena;Diurna;Buen Tiempo;Múltiple;S/D;Colisión;Ninguna;Horizontal
8369;2021;24/10/2021;Domingo;19:30:00;;0.0;2;Automóvil,Automóvil;Gálvez Y Pte. Roca;3;1;0;2;0;0;Calle;ROSARIO;Constitución;Asfalto;No existe;II;Dentro;Urbana;Otra Señal;No existe;Intersección;Bueno;Buena;Atardecer;Buen Tiempo;Múltiple;S/D;Colisión;Ninguna;Faltante
8370;2021;24/10/2021;Domingo;07:50:00;;0.0;2;Automóvil,Automóvil;Bv. Oroño Y Gálvez;4;1;0;3;0;0;Avenida;ROSARIO;Constitución;Asfalto;No existe;II;Dentro;Urbana;Otra Señal;No existe;Intersección;Bueno;Buena;Diurna;Buen Tiempo;Múltiple;S/D;Colisión;Ninguna;Horizontal,Vertical
8371;2021;24/10/2021;Domingo;;;0.0;2;Moto/Ciclomotor,Taxi/Remis;Mendoza Y Presidente Bernardino Rivadavia;5;1;0;4;0;0;Calle;CASILDA;Constitución;Asfalto;No existe;IV;Dentro;Urbana;Otra Señal;No existe;Intersección;S/D;S/D;S/D;S/D;Múltiple;S/D;Colisión;S/D;Faltante
8372;2021;24/10/2021;Domingo;;;0.0;2;Pickup/Utilitario,Moto/Ciclomotor; ;2;1;0;1;0;0;S/D;ESPERANZA;Constitución;S/D;S/D;XI;S/D;S/D;Otra Señal;S/D;Intersección;S/D;S/D;S/D;S/D;Múltiple;S/D;Colisión;S/D;S/D
8373;2021;24/10/2021;Domingo;;;0.0;2;Automóvil,Moto/Ciclomotor; ;2;1;0;1;0;0;S/D;ESPERANZA;Constitución;S/D;S/D;XI;S/D;S/D;Otra Señal;S/D;Intersección;S/D;S/D;S/D;S/D;Múltiple;S/D;Colisión;S/D;S/D
8374;2021;24/10/2021;Domingo;;Ruta Nacional 11;0.0;1;Automóvil;Tierra del Fuego Y Ruta Nacional 11;2;1;0;1;0;0;Ruta;RECREO;Constitución;Asfalto;Ripio;I;Dentro;Urbana;Otra Señal;No existe;Intersección;S/D;S/D;S/D;S/D;Múltiple;S/D;Colisión;S/D;Horizontal
8375;2021;24/10/2021;Domingo;;;0.0;1;Bicicleta;Av. Freyre Y Bv Pellegrini;1;1;0;0;0;0;Avenida;SANTA FE;Constitución;Asfalto;No existe;I;Dentro;Urbana;Otra Señal;No existe;Intersección;S/D;S/D;S/D;S/D;Múltiple;S/D;Colisión;S/D;Horizontal,Vertical
8376;2021;24/10/2021;Domingo;16:15:00;;0.0;2;Moto/Ciclomotor,Moto/Ciclomotor;Amanda de Clotet Y Manuel Leiva;2;1;0;1;0;0;Calle;CORONDA;Constitución;S/D;S/D;XV;Dentro;Urbana;Otra Señal;S/D;Intersección;S/D;S/D;Diurna;S/D;Múltiple;S/D;Colisión;S/D;S/D
8377;2021;24/10/2021;Domingo;20:40:00;Autopista Provincial Brigadier E.LÓPEZ;0.0;2;Moto/Ciclomotor,Moto/Ciclomotor; ;2;1;0;1;0;0;Autopista;ROSARIO;Constitución;Asfalto;No existe;II;Dentro;Urbana;Otra Señal;No existe;Intersección;S/D;S/D;Nocturna;S/D;Múltiple;S/D;Colisión;S/D;Horizontal
8378;2021;24/10/2021;Domingo;17:00:00;Ruta Nacional 34;217.0;1;Automóvil; ;1;1;0;0;0;0;Ruta;SUSANA;Constitución;Asfalto;Natural;V;Dentro;Rural;Otra Señal;No existe;Intersección;S/D;S/D;Diurna;S/D;Múltiple;S/D;Colisión;S/D;Horizontal
8379;2021;24/10/2021;Domingo;08:00:00;Ruta Nacional 9;365.0;1;Pickup/Utilitario; ;3;3;0;0;0;0;Ruta;CAÑADA DE GÓMEZ;Constitución;Asfalto;Pavimento;X;Dentro;Rural;Otra Señal;No existe;Intersección;Bueno;S/D;Diurna;S/D;Múltiple;S/D;Colisión;Ninguna;Horizontal
8380;2021;24/10/2021;Domingo;;;0.0;2;Moto/Ciclomotor,Automóvil;Av. Luis Fanti Y M Oliber;2;1;0;1;0;0;Avenida;RAFAELA;Constitución;Asfalto;No existe;V;Dentro;Urbana;Otra Señal;No existe;Intersección;S/D;S/D;S/D;S/D;Múltiple;S/D;Colisión;S/D;Vertical
8381;2021;24/10/2021;Domingo;11:00:00;;0.0;2;Moto/Ciclomotor,Moto/Ciclomotor;Bv. López Y Iriondo;3;3;0;0;0;0;Avenida;CAÑADA DE GÓMEZ;Constitución;S/D;S/D;X;Dentro;Urbana;Otra Señal;S/D;Intersección;S/D;S/D;Diurna;S/D;Múltiple;S/D;Colisión;S/D;S/D
8382;2021;24/10/2021;Domingo;00:00:00;Autopista Provincial Brigadier E.LÓPEZ;99.0;1;Automóvil; ;2;2;0;0;0;0;Autopista;AROCENA;Constitución;Asfalto;Natural;I;Dentro;Rural;Otra Señal;No existe;Intersección;S/D;S/D;Nocturna;S/D;Múltiple;S/D;Colisión;S/D;Horizontal
8383;2021;24/10/2021;Domingo;03:45:00;;0.0;1;Moto/Ciclomotor;Calle 12 Y Calle 21;2;2;0;0;0;0;Calle;AVELLANEDA;Constitución;Asfalto;No existe;X;Dentro;Urbana;Otra Señal;No existe;Intersección;Bueno;S/D;Diurna;S/D;Múltiple;S/D;Colisión;Ninguna;Faltante
8384;2021;24/10/2021;Domingo;03:40:00;Ruta Nacional 11;0.0;1;Moto/Ciclomotor; ;1;1;0;0;0;0;Ruta;SAN ANTONIO DE OBLIGADO;Constitución;Hormigón;Natural;IX;Dentro;Urbana;Otra Señal;No existe;Intersección;Bueno;Buena;Nocturna,Con luz artificial;Buen Tiempo;Múltiple;S/D;Colisión;Ninguna;Horizontal
8385;2021;24/10/2021;Domingo;18:15:00;;0.0;2;Moto/Ciclomotor,Otros;Calle 19-Habegger Y Calle 24 - Olessio;2;1;0;1;0;0;Calle;RECONQUISTA;Constitución;Asfalto;No existe;IX;Dentro;Urbana;Otra Señal;Funciona;Intersección;Bueno;Buena;Diurna;Buen Tiempo;Múltiple;S/D;Colisión;Ninguna;Horizontal,Vertical
8386;2021;24/10/2021;Domingo;22:00:00;;0.0;1;Moto/Ciclomotor;Dr. Rivas Y Alsina;1;1;0;0;0;0;Calle;ROSARIO;Constitución;Asfalto;No existe;II;Dentro;Urbana;Otra Señal;No existe;Intersección;Bueno;S/D;Nocturna;S/D;Múltiple;S/D;Colisión;Ninguna;Faltante
8387;2021;24/10/2021;Domingo;13:00:00;;0.0;1;Automóvil;Av. Arijon Y Paraguay;1;1;0;0;0;0;Calle;ROSARIO;Constitución;Asfalto;No existe;II;Dentro;Urbana;Otra Señal;No existe;Intersección;Bueno;S/D;Diurna;S/D;Múltiple;S/D;Colisión;Ninguna;Faltante
8388;2021;24/10/2021;Domingo;21:30:00;;0.0;1;Moto/Ciclomotor;Dr. Maradona Y Roullon;1;1;0;0;0;0;Calle;ROSARIO;Constitución;Asfalto,Tierra;No existe;II;Dentro;Urbana;Otra Señal;No existe;Intersección;Bueno;S/D;Nocturna;S/D;Múltiple;S/D;Colisión;Ninguna;Faltante
8389;2021;24/10/2021;Domingo;10:45:00;;0.0;1;Moto/Ciclomotor; ;1;1;0;0;0;0;S/D;ROSARIO;Constitución;S/D;S/D;II;S/D;S/D;Otra Señal;S/D;Intersección;S/D;S/D;Diurna;S/D;Múltiple;S/D;Colisión;S/D;S/D
8390;2021;24/10/2021;Domingo;00:20:00;Ruta Secundaria 225-s;0.0;1;Moto/Ciclomotor;San Martin 7000;1;1;0;0;0;0;Ruta;ROSARIO;Constitución;Asfalto;Pavimento;II;Dentro;Urbana;Otra Señal;No existe;Intersección;Bueno;S/D;Nocturna;S/D;Múltiple;S/D;Colisión;Ninguna;Faltante
8391;2021;24/10/2021;Domingo;10:45:00;;0.0;2;Moto/Ciclomotor,Automóvil;9 de julio Y Avenida General San Martin;2;0;0;1;0;0;Calle;LEHMANN;Constitución;Asfalto;No existe;V;Dentro;Urbana;Otra Señal;No existe;Intersección;Bueno;Buena;Diurna;Buen Tiempo;Múltiple;S/D;Colisión;Ninguna;Faltante
8392;2021;24/10/2021;Domingo;00:50:00;;0.0;2;Moto/Ciclomotor,Moto/Ciclomotor;San Martin Y Platón;3;1;0;0;0;1;Avenida;ROSARIO;Constitución;Asfalto,Tierra;No existe;II;Dentro;Urbana;Otra Señal;No existe;Intersección;Bueno;Buena;Nocturna,Con luz artificial;Buen Tiempo;Múltiple;S/D;Colisión;Ninguna;Horizontal
8393;2021;24/10/2021;Domingo;02:30:00;Ruta Provincial 1;1.0;1;Moto/Ciclomotor; ;2;0;0;1;0;0;Ruta;COLASTINE;Constitución;Asfalto;No existe;I;Dentro;Urbana;Otra Señal;No existe;Intersección;Bueno;Reducida;Nocturna;Buen Tiempo;Múltiple;S/D;Colisión;Ninguna;Faltante
8394;2021;24/10/2021;Domingo;07:00:00;Ruta Provincial 64;0.1;1;Otros;Av. Perón ;1;0;0;0;0;0;Ruta;CORONDA;Constitución;Asfalto;Natural;XV;Dentro;Urbana;Otra Señal;No existe;Intersección;S/D;S/D;Nocturna;S/D;Múltiple;S/D;Colisión;S/D;Horizontal
8395;2021;24/10/2021;Domingo;03:00:00;;0.0;1;Moto/Ciclomotor; ;1;0;0;0;0;0;S/D;ROSARIO;Rosario;S/D;S/D;II;S/D;S/D;Otra Señal;S/D;Intersección;S/D;S/D;Nocturna;S/D;Múltiple;S/D;Colisión;S/D;S/D
8396;2021;24/10/2021;Domingo;00:20:00;;0.0;2;Moto/Ciclomotor,Automóvil;Gral. José de San Martin Y Simón de Iriondo;3;0;0;1;0;0;Calle;PUJATO;San Lorenzo;Asfalto;No existe;XVII;Dentro;Urbana;Otra Señal;No existe;Intersección;Bueno;Buena;Nocturna,Con luz artificial;Buen Tiempo;Múltiple;S/D;Colisión;Ninguna;Vertical
8397;2021;25/10/2021;Lunes;07:30:00;Ruta Nacional 11;636.0;2;Automóvil,Camión; ;3;0;0;2;1;0;Ruta;LA CRIOLLA;San Justo;Asfalto;Ripio;XVI;Dentro;Urbana;Otra Señal;No existe;Intersección;Bueno;Buena;Diurna;Buen Tiempo;Múltiple;S/D;Colisión;Ninguna;Horizontal,Vertical
8398;2021;25/10/2021;Lunes;20:35:00;Ruta Nacional 8;359.0;2;Moto/Ciclomotor,Camión Chasis;Ruta Nac 8 ;3;0;0;1;2;0;Ruta;VENADO TUERTO;General LÓPEZ;Asfalto;Natural;VIII;S/D;Rural;Otra Señal;No existe;Intersección;Bueno;S/D;Nocturna;S/D;Múltiple;S/D;Colisión;Ninguna;Faltante
8399;2021;25/10/2021;Lunes;18:00:00;;0.0;2;Automóvil,Moto/Ciclomotor;Bv. 27 De Febrero 6400;3;1;0;2;0;0;Avenida;ROSARIO;Rosario;Asfalto;No existe;II;Dentro;Urbana;Otra Señal;No existe;Intersección;Bueno;Buena;Nocturna;Buen Tiempo;Múltiple;S/D;Colisión;Ninguna;Faltante
8400;2021;25/10/2021;Lunes;07:50:00;;0.0;2;Moto/Ciclomotor,Transporte de Pasajeros (H/ 8 asientos);Bv. Avellaneda Y Gálvez;2;1;0;1;0;0;Calle;ROSARIO;Rosario;Asfalto;No existe;II;Dentro;Rural;Otra Señal;No existe;Intersección;Bueno;Buena;Diurna;Buen Tiempo;Múltiple;S/D;Colisión;Ninguna;Faltante
8401;2021;25/10/2021;Lunes;16:30:00;;0.0;2;Moto/Ciclomotor,Bicicleta;Perdriel Y Republica de Chile;3;2;0;0;0;1;Calle;SAN LORENZO;San Lorenzo;Ripio;No existe;XVII;Dentro;Urbana;Otra Señal;No existe;Intersección;Bueno;Buena;Diurna;Buen Tiempo;Múltiple;Ciclista;Colisión;Ninguna;Faltante
8402;2021;25/10/2021;Lunes;13:30:00;;0.0;1;Moto/Ciclomotor;Fray de las Casas Y Teniente Loza;1;1;0;0;0;0;Calle;SANTA FE;Constitución;Asfalto;No existe;I;Dentro;Urbana;Otra Señal;No existe;Intersección;Bueno;Buena;Diurna;Buen Tiempo;Múltiple;S/D;Colisión;Ninguna;Faltante
8403;2021;25/10/2021;Lunes;09:40:00;;0.0;2;Moto/Ciclomotor,Pickup/Utilitario;Lavalle Y Salvador del Carril;4;2;0;2;0;0;Calle;SANTA FE;Constitución;Asfalto;No existe;I;Dentro;Urbana;Otra Señal;No existe;Intersección;Bueno;Buena;Diurna;Buen Tiempo;Múltiple;S/D;Colisión;Ninguna;Faltante
8404;2021;25/10/2021;Lunes;08:50:00;;0.0;2;Bicicleta,Automóvil;Hipólito Yrigoyen Y San Jerónimo;2;1;0;1;0;0;Calle;SANTA FE;Constitución;Asfalto;No existe;I;Dentro;Urbana;Otra Señal;No existe;Intersección;Bueno;Buena;Diurna;Buen Tiempo;Múltiple;Ciclista;Colisión;Ninguna;Faltante
8405;2021;25/10/2021;Lunes;18:30:00;;0.0;2;Pickup/Utilitario,Moto/Ciclomotor;9 de Julio Y Roque Sáenz PEÑA;3;1;0;2;0;0;Calle;CALCHAQUÍ;Constitución;S/D;No existe;XIX;Dentro;Urbana;Otra Señal;S/D;Intersección;S/D;S/D;Diurna;S/D;Múltiple;S/D;Colisión;S/D;S/D
8406;2021;25/10/2021;Lunes;15:20:00;Ruta Provincial 70;39.0;1;Moto/Ciclomotor; ;1;1;0;0;0;0;Ruta;COLONIA NUEVA;Constitución;Asfalto;Natural;XI;Dentro;Rural;Otra Señal;No existe;Intersección;Bueno;Buena;Diurna;Buen Tiempo;Múltiple;S/D;Colisión;Ninguna;Horizontal
8407;2021;25/10/2021;Lunes;09:30:00;;0.0;2;Automóvil,Moto/Ciclomotor;Mendoza Y Pje Quiroga;2;1;0;1;0;0;Calle;SANTA FE;Constitución;Asfalto;No existe;I;Dentro;Urbana;Otra Señal;No existe;Intersección;Bueno;Buena;Diurna;Buen Tiempo;Múltiple;S/D;Colisión;Ninguna;Faltante
8408;2021;25/10/2021;Lunes;13:20:00;;0.0;2;Automóvil,Moto/Ciclomotor;Iturraspe Y San Martin;2;1;0;1;0;0;Calle;SANTA FE;Constitución;Asfalto;No existe;I;Dentro;Urbana;Otra Señal;No existe;Intersección;Bueno;Buena;Diurna;Buen Tiempo;Múltiple;S/D;Colisión;Ninguna;Vertical
8409;2021;25/10/2021;Lunes;11:10:00;;0.0;2;Moto/Ciclomotor,Automóvil;Avenida 21 900;3;2;0;1;0;0;Avenida;LAS PAREJAS;Constitución;Asfalto;No existe;III;Dentro;Urbana;Otra Señal;No existe;Intersección;Bueno;Buena;Diurna;Buen Tiempo;Múltiple;S/D;Colisión;Ninguna;Faltante
8410;2021;25/10/2021;Lunes;13:15:00;;0.0;2;Moto/Ciclomotor,Automóvil;Gorostiaga Y Roque Sáenz PEÑA;3;2;0;1;0;0;Calle;SANTA FE;Constitución;Asfalto;No existe;I;Dentro;Urbana;Otra Señal;No existe;Intersección;Bueno;Buena;Diurna;Buen Tiempo;Múltiple;S/D;Colisión;Ninguna;Faltante
8411;2021;25/10/2021;Lunes;17:30:00;Ruta Nacional 9;416.0;2;Automóvil,Automóvil; ;3;1;0;2;0;0;Ruta;TORTUGAS;Constitución;Asfalto;Pavimento;III;Dentro;Rural;Otra Señal;No existe;Intersección;Deteriorada;Buena;Diurna;Buen Tiempo;Múltiple;S/D;Colisión;Otro;Horizontal
8412;2021;25/10/2021;Lunes;10:15:00;Ruta Provincial 1;85.0;2;Moto/Ciclomotor,Camión Chasis; ;3;1;0;2;0;0;Ruta;HELVECIA;Constitución;Asfalto;Pavimento;VII;Dentro;Urbana;Otra Señal;No existe;Intersección;S/D;S/D;Diurna;S/D;Múltiple;S/D;Colisión;S/D;Horizontal
8413;2021;25/10/2021;Lunes;18:40:00;;0.0;2;Pickup/Utilitario,Automóvil;Entre Ríos Y Saavedra;6;3;0;3;0;0;Calle;ROSARIO;Constitución;Asfalto;No existe;II;Dentro;Urbana;Otra Señal;No existe;Intersección;Bueno;Buena;Diurna;Buen Tiempo;Múltiple;S/D;Colisión;Ninguna;Faltante
8414;2021;25/10/2021;Lunes;02:50:00;;0.0;2;Pickup/Utilitario,Moto/Ciclomotor;Av. Alberdi Bis Y Bv. Avellaneda;3;1;0;2;0;0;Avenida;ROSARIO;Constitución;Asfalto;No existe;II;Dentro;Urbana;Otra Señal;Funciona;Intersección;Bueno;Buena;Diurna;Buen Tiempo;Múltiple;S/D;Colisión;Ninguna;Horizontal,Vertical
8415;2021;25/10/2021;Lunes;10:40:00;;0.0;2;Automóvil,Pickup/Utilitario;Av. Illia Y Sarmiento;3;1;0;2;0;0;Avenida;ROSARIO;Constitución;Asfalto;No existe;II;Dentro;Urbana;Otra Señal;Funciona;Intersección;Bueno;Buena;Diurna;Buen Tiempo;Múltiple;S/D;Colisión;Ninguna;Horizontal,Vertical
8416;2021;25/10/2021;Lunes;17:45:00;;0.0;2;Moto/Ciclomotor,Automóvil;Av. Belgrano 840;2;1;0;1;0;0;Avenida;ROSARIO;Constitución;Asfalto;No existe;II;Dentro;Urbana;Otra Señal;Funciona;Intersección;Bueno;Buena;Diurna;Buen Tiempo;Múltiple;S/D;Colisión;Ninguna;Horizontal,Vertical
8417;2021;25/10/2021;Lunes;19:00:00;;0.0;2;Peatón,Automóvil;Dorrego Y Gálvez;2;1;0;1;0;0;Calle;ROSARIO;Constitución;Asfalto;No existe;II;Dentro;Urbana;Otra Señal;No existe;Intersección;Deteriorada;Buena;Nocturna;Buen Tiempo;Múltiple;Peatón;Colisión;Ninguna;Faltante
8418;2021;25/10/2021;Lunes;19:45:00;;0.0;2;Moto/Ciclomotor,Automóvil;Ayacucho Y Cochabamba;2;1;0;1;0;0;Calle;ROSARIO;Constitución;Asfalto;No existe;II;Dentro;Urbana;Otra Señal;No existe;Intersección;Bueno;Buena;Nocturna;S/D;Múltiple;S/D;Colisión;Ninguna;Vertical
8419;2021;25/10/2021;Lunes;17:15:00;;0.0;2;Bicicleta,Taxi/Remis;Cochabamba Y Necochea;2;1;0;1;0;0;Calle;ROSARIO;Constitución;Asfalto;No existe;II;Dentro;Urbana;Otra Señal;No existe;Intersección;Bueno;Buena;Diurna;Buen Tiempo;Múltiple;Ciclista;Colisión;Ninguna;Horizontal
8420;2021;25/10/2021;Lunes;;;0.0;2;Moto/Ciclomotor,Pickup/Utilitario; ;2;1;0;1;0;0;S/D;SAN JERÓNIMO NORTE;Constitución;S/D;S/D;XI;S/D;S/D;Otra Señal;S/D;Intersección;S/D;S/D;S/D;S/D;Múltiple;S/D;Colisión;S/D;S/D