ID_Accidente;A�o;Fecha;Dia;Hopra;Ruta/Autop;km;Participantes;Tipo;Lugar;Total;Heridos Leves;Heridos Graves;Ilesos;Fallecidos;Sin datos;desc_tipo_via;desc_loc;desc_dpto;|;desc_tipo_banquina;desc_unidad_regional;desc_lugar_calzada;desc_zona;desc_prioridad;desc_estado_semaforo;desc_lugar_via;desc_estado_via;desc_estado_visibilidad;desc_luminosidad;desc_estado_clima;desc_tipo_colision;desc_tipo_atropello;desc_tipo_hecho;desc_pres_calzada;desc_senializacion
8421;2021;25/10/2021;Lunes;06:50:00;Autopista Provincial Brigadier E.LÓPEZ;6.0;1;Automóvil; ;2;2;0;0;0;0;Autopista;CAPITÁN BERMÚDEZ;Constitución;Asfalto;Pavimento;XVII;Dentro;Rural;Otra Señal;No existe;Intersección;S/D;S/D;Diurna;S/D;Múltiple;S/D;Colisión;S/D;Horizontal
8422;2021;25/10/2021;Lunes;18:40:00;;0.0;1;Bicicleta;25 de Mayo 2400;1;1;0;0;0;0;Calle;VERA;Constitución;S/D;S/D;XIX;Dentro;Urbana;Otra Señal;S/D;Intersección;S/D;S/D;S/D;S/D;Múltiple;S/D;Colisión;S/D;S/D
8423;2021;25/10/2021;Lunes;08:45:00;;0.0;2;Automóvil,Automóvil;Av. Belgrano 658;3;1;0;2;0;0;Calle;CAPITÁN BERMÚDEZ;Constitución;Tierra;No existe;XVII;Dentro;Urbana;Otra Señal;S/D;Intersección;S/D;S/D;Diurna;S/D;Múltiple;S/D;Colisión;S/D;Faltante
8424;2021;25/10/2021;Lunes;13:00:00;Ruta Nacional 11;0.0;2;Pickup/Utilitario,Moto/Ciclomotor;Bv Domingo F Sarmiento Y 3 de Febrero;2;1;0;1;0;0;Ruta;MACIEL;Constitución;S/D;S/D;XV;Dentro;Urbana;Otra Señal;No existe;Intersección;S/D;S/D;Diurna;S/D;Múltiple;S/D;Colisión;S/D;Faltante
8425;2021;25/10/2021;Lunes;13:00:00;;0.0;2;Moto/Ciclomotor,Pickup/Utilitario;Balcarce Y Roque Sáenz PEÑA;2;1;0;1;0;0;Calle;VENADO TUERTO;Constitución;Ripio;No existe;VIII;Dentro;Urbana;Otra Señal;No existe;Intersección;Bueno;S/D;Diurna;Buen Tiempo;Múltiple;S/D;Colisión;Ninguna;Faltante
8426;2021;25/10/2021;Lunes;11:15:00;;0.0;2;Peatón,Moto/Ciclomotor;Cristóbal Colon Y Lisandro de la Torre;2;2;0;0;0;0;Calle;VENADO TUERTO;Constitución;Asfalto;No existe;VIII;Dentro;Urbana;Otra Señal;No existe;Intersección;Bueno;S/D;Diurna;S/D;Múltiple;Peatón;Colisión;Ninguna;Faltante
8427;2021;25/10/2021;Lunes;07:45:00;;0.0;2;Bicicleta,Pickup/Utilitario;Balcarce Y Cristóbal Colon;4;1;0;3;0;0;Calle;VENADO TUERTO;Constitución;Asfalto;No existe;VIII;Dentro;Urbana;Otra Señal;No existe;Intersección;Bueno;Buena;Diurna;Buen Tiempo;Múltiple;Ciclista;Colisión;Ninguna;Faltante
8428;2021;25/10/2021;Lunes;02:00:00;;0.0;2;Moto/Ciclomotor,Automóvil; ;2;2;0;0;0;0;Camino Rural;VILLA OCAMPO;Constitución;Tierra;S/D;IX;Dentro;Rural;Otra Señal;S/D;Intersección;S/D;S/D;Nocturna;S/D;Múltiple;S/D;Colisión;S/D;S/D
8429;2021;25/10/2021;Lunes;10:50:00;;0.0;2;Moto/Ciclomotor,Automóvil;Avenida San Martin Y Bv Sarmiento;2;1;0;1;0;0;Avenida;VILLA OCAMPO;Constitución;Asfalto;No existe;IX;Dentro;Urbana;Otra Señal;No existe;Intersección;Bueno;S/D;Diurna;S/D;Múltiple;S/D;Colisión;Ninguna;S/D
8430;2021;25/10/2021;Lunes;15:30:00;;0.0;1;Moto/Ciclomotor;Colon Y Vélez Sarsfield;1;1;0;0;0;0;Calle;RAFAELA;Constitución;Asfalto;No existe;V;Dentro;Urbana;Otra Señal;No existe;Intersección;Bueno;S/D;Diurna;S/D;Múltiple;S/D;Colisión;Ninguna;Faltante
8431;2021;25/10/2021;Lunes;11:00:00;;0.0;1;Moto/Ciclomotor;Mendoza ;1;1;0;0;0;0;Calle;ROSARIO;Constitución;S/D;S/D;II;Dentro;Urbana;Otra Señal;S/D;Intersección;S/D;S/D;Diurna;S/D;Múltiple;S/D;Colisión;S/D;S/D
8432;2021;25/10/2021;Lunes;19:00:00;;0.0;1;Moto/Ciclomotor;3 De Febrero 1400;1;1;0;0;0;0;Calle;ROSARIO;Constitución;Asfalto;No existe;II;Dentro;Urbana;Otra Señal;Funciona;Intersección;Bueno;S/D;Diurna;S/D;Múltiple;S/D;Colisión;Ninguna;Horizontal,Vertical
8433;2021;25/10/2021;Lunes;20:00:00;;0.0;1;Moto/Ciclomotor;Cochabamba 245;1;1;0;0;0;0;Calle;ROSARIO;Constitución;Asfalto;No existe;II;Dentro;Urbana;Otra Señal;No existe;Intersección;Bueno;S/D;Nocturna;S/D;Múltiple;S/D;Colisión;Ninguna;Faltante
8434;2021;25/10/2021;Lunes;19:40:00;;0.0;2;Moto/Ciclomotor,Automóvil;Avellaneda Y San Juan;3;1;0;1;0;0;Calle;ROLDÁN;Constitución;Asfalto;No existe;XVII;Dentro;Urbana;Otra Señal;No existe;Intersección;Bueno;Buena;Nocturna;S/D;Múltiple;S/D;Colisión;Ninguna;Faltante
8435;2021;25/10/2021;Lunes;09:40:00;;0.0;1;Moto/Ciclomotor;M Güemes Y Urquiza;1;0;0;0;0;0;Calle;CAPITÁN BERMÚDEZ;Constitución;Tierra;S/D;XVII;Dentro;Urbana;Otra Señal;No existe;Intersección;Deteriorada;S/D;Diurna;S/D;Múltiple;S/D;Colisión;S/D;Faltante
8436;2021;26/10/2021;Martes;10:40:00;;0.0;2;Automóvil,Moto/Ciclomotor;Av. Eva Perón Y Fraga;3;2;0;1;0;0;Avenida;ROSARIO;Rosario;Asfalto;No existe;II;Dentro;Urbana;Otra Señal;Funciona;Intersección;Bueno;Buena;Diurna;Buen Tiempo;Múltiple;S/D;Colisión;Ninguna;Horizontal,Vertical
8437;2021;26/10/2021;Martes;07:50:00;;0.0;2;Automóvil,Moto/Ciclomotor;C.Larralde Y Rivarola;2;1;0;1;0;0;Calle;ROSARIO;Rosario;Asfalto;No existe;II;Dentro;Urbana;Otra Señal;No existe;Intersección;Bueno;Buena;Diurna;Buen Tiempo;Múltiple;S/D;Colisión;Ninguna;Faltante
8438;2021;26/10/2021;Martes;19:15:00;;0.0;2;Moto/Ciclomotor,Automóvil;Fray T Luque Y Urquiza;4;1;0;3;0;0;Avenida;SAN LORENZO;San Lorenzo;Asfalto;No existe;XVII;Dentro;Urbana;Otra Señal;No existe;Intersección;Bueno;Buena;Nocturna;Buen Tiempo;Múltiple;S/D;Colisión;Ninguna;Vertical
8439;2021;26/10/2021;Martes;21:30:00;;0.0;2;Bicicleta,Automóvil;4 de enero Y Estanislao del Campo;2;1;0;1;0;0;Calle;RAFAELA;Constitución;Asfalto;No existe;V;Dentro;Urbana;Otra Señal;No existe;Intersección;Bueno;Buena;Nocturna,Con luz artificial;Buen Tiempo;Múltiple;Ciclista;Colisión;Ninguna;Vertical
8440;2021;26/10/2021;Martes;17:50:00;;0.0;2;Moto/Ciclomotor,Moto/Ciclomotor;AV BELGRANO  Y EL PROVENIR;4;2;0;2;0;0;Calle;CAPITÁN BERMÚDEZ;Constitución;Tierra;No existe;XVII;Dentro;Urbana;Otra Señal;No existe;Intersección;Deteriorada;Buena;Diurna;Buen Tiempo;Múltiple;S/D;Colisión;Ninguna;Faltante
8441;2021;26/10/2021;Martes;12:15:00;;0.0;2;Moto/Ciclomotor,Automóvil;La Pampa Y San Juan;2;1;0;1;0;0;Calle;TOSTADO;Constitución;Asfalto;No existe;XII;Dentro;Urbana;Otra Señal;No existe;Intersección;Bueno;Buena;Diurna;Buen Tiempo;Múltiple;S/D;Colisión;Ninguna;Faltante
8442;2021;26/10/2021;Martes;10:50:00;Ruta Nacional 168;0.0;2;Moto/Ciclomotor,Automóvil; ;3;2;0;1;0;0;Ruta;SANTA FE;Constitución;Asfalto;No existe;I;Dentro;Urbana;Otra Señal;No existe;Intersección;Bueno;Buena;Diurna;Buen Tiempo;Múltiple;S/D;Colisión;Ninguna;Horizontal
8443;2021;26/10/2021;Martes;18:45:00;;0.0;2;Automóvil,Moto/Ciclomotor;J J Paso Y Saavedra;2;1;0;1;0;0;Avenida;SANTA FE;Constitución;Asfalto;No existe;I;Dentro;Urbana;Otra Señal;No existe;Intersección;Bueno;Buena;Diurna;Buen Tiempo;Múltiple;S/D;Colisión;Ninguna;Faltante
8444;2021;26/10/2021;Martes;16:30:00;;0.0;2;Moto/Ciclomotor,Automóvil;Av. Pte. Perón Y Pje Irala;3;2;0;1;0;0;Avenida;SANTA FE;Constitución;Asfalto;No existe;I;Dentro;Urbana;Otra Señal;No existe;Intersección;Bueno;Buena;Diurna;Buen Tiempo;Múltiple;S/D;Colisión;Ninguna;Faltante
8445;2021;26/10/2021;Martes;21:30:00;;0.0;2;Moto/Ciclomotor,Automóvil;Av. López y Planes Y Pedro Diaz Colodrero;2;1;0;1;0;0;Avenida;SANTA FE;Constitución;Asfalto;No existe;I;Dentro;Urbana;Otra Señal;Funciona;Intersección;Bueno;Buena;Nocturna,Con luz artificial;Buen Tiempo;Múltiple;S/D;Colisión;Ninguna;Horizontal,Vertical
8446;2021;26/10/2021;Martes;14:35:00;;0.0;2;Automóvil,Bicicleta;Nicolas Laguna Y Salvat;2;1;0;1;0;0;Calle;ROSARIO;Constitución;Asfalto;No existe;II;Dentro;Urbana;Otra Señal;No existe;Intersección;Bueno;Buena;Diurna;Buen Tiempo;Múltiple;Ciclista;Colisión;Ninguna;Faltante
8447;2021;26/10/2021;Martes;08:15:00;;0.0;1;Bicicleta;Cerrito Y Necochea;1;1;0;0;0;0;Calle;ROSARIO;Constitución;Asfalto;No existe;II;Dentro;Urbana;Otra Señal;No existe;Intersección;Bueno;Buena;Diurna;S/D;Múltiple;S/D;Colisión;S/D;Horizontal
8448;2021;26/10/2021;Martes;12:00:00;;0.0;2;Bicicleta,Automóvil;Av. Córdoba Y Juan José Paso;2;1;0;1;0;0;Avenida;ESPERANZA;Constitución;Asfalto;No existe;XI;Dentro;Urbana;Otra Señal;No existe;Intersección;Bueno;Buena;Diurna;Buen Tiempo;Múltiple;Ciclista;Colisión;Ninguna;Faltante
8449;2021;26/10/2021;Martes;13:20:00;;0.0;2;Moto/Ciclomotor,Automóvil;Cesar M Pittier Y General Manuel Belgrano;2;1;0;1;0;0;Calle;ESPERANZA;Constitución;Ripio;No existe;XI;Dentro;Urbana;Otra Señal;No existe;Intersección;Bueno;Buena;Diurna;Buen Tiempo;Múltiple;S/D;Colisión;Ninguna;Faltante
8450;2021;26/10/2021;Martes;14:00:00;;0.0;2;Moto/Ciclomotor,Automóvil;Av. Belgrano Y Av. Pellegrini;2;1;0;1;0;0;Avenida;ROSARIO;Constitución;Asfalto;No existe;II;Dentro;Urbana;Otra Señal;No existe;Intersección;Bueno;Buena;Diurna;Buen Tiempo;Múltiple;S/D;Colisión;Ninguna;Horizontal,Vertical
8451;2021;26/10/2021;Martes;;;0.0;1;Bicicleta; ;1;1;0;0;0;0;S/D;ESPERANZA;Constitución;S/D;S/D;XI;S/D;S/D;Otra Señal;S/D;Intersección;S/D;S/D;S/D;S/D;Múltiple;S/D;Colisión;S/D;S/D
8452;2021;26/10/2021;Martes;21:15:00;;0.0;1;Moto/Ciclomotor;Av. Belgrano Y Porvenir;1;1;0;0;0;0;Calle;CAPITÁN BERMÚDEZ;Constitución;Tierra;S/D;XVII;Dentro;Urbana;Otra Señal;S/D;Intersección;S/D;S/D;Nocturna,Con luz artificial;S/D;Múltiple;S/D;Colisión;S/D;S/D
8453;2021;26/10/2021;Martes;22:00:00;Autopista Nacional Rosario -Cordoba;0.0;2;Automóvil,Automóvil; ;3;1;0;2;0;0;Autopista;ROLDÁN;Constitución;S/D;Natural;XVII;Dentro;Rural;Otra Señal;No existe;Intersección;S/D;Buena;Nocturna;S/D;Múltiple;S/D;Colisión;S/D;Horizontal
8454;2021;26/10/2021;Martes;;;0.0;2;Automóvil,Bicicleta;Centeno Y San Martin;2;1;0;1;0;0;Avenida;ROSARIO;Constitución;Asfalto;No existe;II;Dentro;Urbana;Otra Señal;No existe;Intersección;Bueno;S/D;S/D;S/D;Múltiple;Ciclista;Colisión;Ninguna;Horizontal,Vertical
8455;2021;26/10/2021;Martes;19:00:00;;0.0;2;Bicicleta,Automóvil;Ballesteros Y España;2;1;0;1;0;0;Calle;CAÑADA DE GÓMEZ;Constitución;Asfalto;No existe;X;Dentro;Urbana;Otra Señal;No existe;Intersección;S/D;S/D;Diurna;S/D;Múltiple;Ciclista;Colisión;S/D;Faltante
8456;2021;26/10/2021;Martes;17:55:00;;0.0;2;Moto/Ciclomotor,Pickup/Utilitario;Calle 327 297;2;1;0;1;0;0;Calle;AVELLANEDA;Constitución;S/D;S/D;IX;Dentro;Urbana;Otra Señal;S/D;Intersección;S/D;S/D;Diurna;S/D;Múltiple;S/D;Colisión;S/D;S/D
8457;2021;26/10/2021;Martes;16:00:00;Ruta Nacional 11;0.0;2;Pickup/Utilitario,Moto/Ciclomotor;Calle 31 Y Ruta Nacional 11;4;3;0;1;0;0;Ruta;LAS TOSCAS;Constitución;Asfalto,Ripio;Ripio;IX;Dentro;Urbana;Otra Señal;No existe;Intersección;Bueno;S/D;Diurna;S/D;Múltiple;S/D;Colisión;S/D;Horizontal
8458;2021;26/10/2021;Martes;18:20:00;;0.0;2;Moto/Ciclomotor,Automóvil; ;2;1;0;1;0;0;S/D;AVELLANEDA;Constitución;S/D;S/D;IX;S/D;Urbana;Otra Señal;S/D;Intersección;S/D;S/D;Diurna;S/D;Múltiple;S/D;Colisión;S/D;S/D
8459;2021;26/10/2021;Martes;21:15:00;;0.0;1;Otros; ;2;2;0;0;0;0;Camino Rural;LAS ROSAS;Constitución;S/D;S/D;III;Dentro;Rural;Otra Señal;S/D;Intersección;S/D;S/D;S/D;S/D;Múltiple;S/D;Colisión;S/D;S/D
8460;2021;26/10/2021;Martes;03:00:00;Autopista Nacional Gral. Juan Jose Valle;119.0;2;Camión c / Acoplado,Camión c / Acoplado; ;2;2;0;0;0;0;Autopista;DESVÍO ARIJÓN;Constitución;Asfalto;Natural;XV;Dentro;Rural;Otra Señal;No existe;Intersección;S/D;S/D;Nocturna;S/D;Múltiple;S/D;Colisión;S/D;Horizontal
8461;2021;26/10/2021;Martes;18:20:00;Ruta Nacional 11;0.0;2;Moto/Ciclomotor,Automóvil;Calle 21-Gdor. Iriondo ;2;1;0;1;0;0;Ruta;RECONQUISTA;Constitución;Asfalto;Pavimento;IX;Dentro;Urbana;Otra Señal;No existe;Intersección;Bueno;Buena;Diurna;Buen Tiempo;Múltiple;S/D;Colisión;Ninguna;Horizontal
8462;2021;26/10/2021;Martes;09:10:00;;0.0;1;Moto/Ciclomotor;Liniers Y Cerrito;1;1;0;0;0;0;Calle;ROSARIO;Constitución;Asfalto;No existe;II;Dentro;Urbana;Otra Señal;No existe;Intersección;Bueno;S/D;Diurna;S/D;Múltiple;S/D;Colisión;Ninguna;Faltante
8463;2021;26/10/2021;Martes;18:00:00;;0.0;1;Moto/Ciclomotor;Av. Provincias Unidas Y Riobamba;1;1;0;0;0;0;Calle;ROSARIO;Constitución;Asfalto;No existe;II;Dentro;Urbana;Otra Señal;Funciona;Intersección;Bueno;S/D;Diurna;S/D;Múltiple;S/D;Colisión;Ninguna;Horizontal,Vertical
8464;2021;26/10/2021;Martes;16:30:00;;0.0;1;Moto/Ciclomotor;Gaboto Y Mitre;1;1;0;0;0;0;Calle;ROSARIO;Constitución;Asfalto;No existe;II;Dentro;Urbana;Otra Señal;No existe;Intersección;Bueno;S/D;Diurna;S/D;Múltiple;S/D;Colisión;Ninguna;Faltante
8465;2021;26/10/2021;Martes;17:30:00;;0.0;1;Moto/Ciclomotor;Av. Francia Y Dean Funes;1;1;0;0;0;0;Calle;ROSARIO;Constitución;Asfalto;No existe;II;Dentro;Urbana;Otra Señal;No existe;Intersección;Bueno;S/D;Diurna;S/D;Múltiple;S/D;Colisión;Ninguna;Faltante
8466;2021;26/10/2021;Martes;12:30:00;;0.0;2;Automóvil,Moto/Ciclomotor;F.More Y San Luis;2;0;0;0;0;1;Calle;ROSARIO;Constitución;Asfalto;No existe;II;Dentro;Urbana;Otra Señal;No existe;Intersección;Bueno;Buena;Diurna;Buen Tiempo;Múltiple;S/D;Colisión;Ninguna;Faltante
8467;2021;26/10/2021;Martes;05:20:00;;0.0;1;Moto/Ciclomotor;Bv B Mitre Y M Diaz Vélez;1;0;0;0;0;0;Avenida;SAN LORENZO;Constitución;Asfalto;No existe;XVII;Dentro;Urbana;Otra Señal;No existe;Intersección;Bueno;Buena;Diurna;S/D;Múltiple;S/D;Colisión;Ninguna;Faltante
8468;2021;26/10/2021;Martes;09:00:00;;0.0;2;Moto/Ciclomotor,Camión;Av. Belgrano 2000;2;0;0;1;0;0;Avenida;ROSARIO;Constitución;Asfalto;No existe;II;Dentro;Urbana;Otra Señal;No existe;Intersección;Bueno;Buena;Diurna;Buen Tiempo;Múltiple;S/D;Colisión;Ninguna;Horizontal
8469;2021;26/10/2021;Martes;12:30:00;;0.0;2;Peatón,Moto/Ciclomotor;Av. Pellegrini Y Constitución;2;0;0;1;0;0;Avenida;ROSARIO;Constitución;Asfalto;No existe;II;Dentro;Urbana;Otra Señal;Funciona;Intersección;Bueno;Buena;Diurna;Buen Tiempo;Múltiple;Peatón;Colisión;Ninguna;Horizontal,Vertical
8470;2021;27/10/2021;Miercoles;11:00:00;;0.0;2;Pickup/Utilitario,Moto/Ciclomotor;ENTRE RÍOS Y SAN LUIS;2;1;0;1;0;0;Calle;PUEBLO ESTHER;Rosario;Ripio;No existe;II;Dentro;Urbana;Otra Señal;No existe;Intersección;Resbaladiza;Buena;Diurna;Buen Tiempo;Múltiple;S/D;Colisión;Ninguna;Faltante
8471;2021;27/10/2021;Miercoles;00:30:00;;0.0;3;Automóvil,Automóvil,Automóvil;Av. Jorge Newbery Y Tarragona;7;2;0;5;0;0;Calle;ROSARIO;Rosario;Asfalto;No existe;II;Dentro;Urbana;Otra Señal;Funciona;Intersección;Bueno;Buena;Nocturna;S/D;Múltiple;S/D;Colisión;Agua;Faltante
8472;2021;27/10/2021;Miercoles;10:30:00;;0.0;2;Automóvil,Moto/Ciclomotor;Gral. Alvear Y Riobamba;4;1;0;3;0;0;Calle;SAN CRISTÓBAL;San CRISTÓBAL;Tierra;No existe;XIII;Dentro;Urbana;Otra Señal;No existe;Intersección;Bueno;S/D;Diurna;Otro;Múltiple;S/D;Colisión;Ninguna;Faltante
8473;2021;27/10/2021;Miercoles;22:10:00;Ruta Nacional 33;788.0;2;Automóvil,Moto/Ciclomotor; ;2;1;0;1;0;0;Ruta;PEREZ;Rosario;Asfalto;Natural;II;Dentro;Rural;Otra Señal;No existe;Intersección;Bueno;Reducida;Nocturna,Con luz artificial;Buen Tiempo;Múltiple;S/D;Colisión;Ninguna;Horizontal
8474;2021;27/10/2021;Miercoles;13:00:00;;0.0;2;Peatón,Pickup/Utilitario;ARTURO JAURETCHE Y LARRALDE;2;1;0;1;0;0;Calle;ROSARIO;Rosario;Asfalto;No existe;II;Dentro;Urbana;Otra Señal;No existe;Intersección;Deteriorada;Buena;Diurna;Buen Tiempo;Múltiple;Peatón;Colisión;Ninguna;Faltante
8475;2021;27/10/2021;Miercoles;11:15:00;Ruta Nacional 11;0.0;2;Moto/Ciclomotor,Automóvil;Bv Oroño Y Ruta Nac 11;2;1;0;1;0;0;Ruta;SAN LORENZO;San Lorenzo;Asfalto;No existe;XVII;Dentro;Urbana;Otra Señal;Funciona;Intersección;Bueno;Buena;Diurna;Buen Tiempo;Múltiple;S/D;Colisión;Agua;Horizontal,Vertical
8476;2021;27/10/2021;Miercoles;08:35:00;Ruta Secundaria 81-s;0.0;2;Automóvil,Moto/Ciclomotor;JUAN DOMINGO PERIN Y RUTA PROVINCIAL 81S;2;1;0;1;0;0;Ruta;LEHMANN;Constitución;Asfalto;Natural;V;Dentro;Urbana;Otra Señal;No existe;Intersección;Con baches;Buena;Diurna;Buen Tiempo;Múltiple;S/D;Colisión;Ninguna;Faltante
8477;2021;27/10/2021;Miercoles;17:50:00;;0.0;2;Moto/Ciclomotor,Moto/Ciclomotor;Gorostiaga Y Las Heras;2;1;0;0;0;1;Calle;SANTA FE;Constitución;Asfalto;No existe;I;Dentro;Urbana;Otra Señal;No existe;Intersección;Bueno;Buena;Diurna;Buen Tiempo;Múltiple;S/D;Colisión;Ninguna;Faltante
8478;2021;27/10/2021;Miercoles;12:10:00;;0.0;2;Automóvil,Moto/Ciclomotor;Pueyrredón Y San Lorenzo;3;2;0;1;0;0;Calle;CALCHAQUÍ;Constitución;Asfalto;No existe;XIX;Dentro;Urbana;Otra Señal;S/D;Intersección;S/D;S/D;Diurna;S/D;Múltiple;S/D;Colisión;S/D;S/D
8479;2021;27/10/2021;Miercoles;08:20:00;;0.0;2;Automóvil,Moto/Ciclomotor;Uruguay Y San Lorenzo;2;1;0;1;0;0;Calle;SANTA FE;Constitución;Asfalto;No existe;I;Dentro;Urbana;Otra Señal;No existe;Intersección;Bueno;Buena;Diurna;Buen Tiempo;Múltiple;S/D;Colisión;Ninguna;Faltante
8480;2021;27/10/2021;Miercoles;13:15:00;;0.0;2;Taxi/Remis,Moto/Ciclomotor;España Y Garibaldi;3;1;0;0;0;2;Calle;ROSARIO;Constitución;Asfalto;No existe;II;Dentro;Urbana;Otra Señal;No existe;Intersección;Bueno;Buena;Diurna;Buen Tiempo;Múltiple;S/D;Colisión;Ninguna;Faltante
8481;2021;27/10/2021;Miercoles;06:35:00;;0.0;2;Bicicleta,Taxi/Remis;Paraguay 2350;2;1;0;1;0;0;Calle;ROSARIO;Constitución;Asfalto;No existe;II;Dentro;Urbana;Otra Señal;No existe;Intersección;Bueno;Buena;Diurna;Buen Tiempo;Múltiple;Ciclista;Colisión;Ninguna;Faltante
8482;2021;27/10/2021;Miercoles;09:55:00;Ruta Provincial 1;2.0;2;Pickup/Utilitario,Camión c / Acoplado; ;2;1;0;1;0;0;Ruta;COLASTINE;Constitución;Asfalto;Pavimento;I;Dentro;Urbana;Otra Señal;No existe;Intersección;Bueno;Buena;Diurna;Buen Tiempo;Múltiple;S/D;Colisión;Ninguna;Horizontal
8483;2021;27/10/2021;Miercoles;;;0.0;2;Moto/Ciclomotor,Automóvil;Av. Blas Parera Y Millan Medina;2;1;0;1;0;0;Avenida;SANTA FE;Constitución;Asfalto;No existe;I;Dentro;Urbana;Otra Señal;Funciona;Intersección;Bueno;S/D;Nocturna,Con luz artificial;Buen Tiempo;Múltiple;S/D;Colisión;Ninguna;Horizontal,Vertical
8484;2021;27/10/2021;Miercoles;22:30:00;;0.0;2;Moto/Ciclomotor,Moto/Ciclomotor;Maritano 1300;2;1;0;1;0;0;Calle;SAN GENARO;Constitución;Asfalto;No existe;XV;Dentro;Urbana;Otra Señal;No existe;Intersección;Bueno;Buena;Nocturna,Con luz artificial;Buen Tiempo;Múltiple;S/D;Colisión;Ninguna;Faltante
8485;2021;27/10/2021;Miercoles;;;0.0;2;Moto/Ciclomotor,Bicicleta;Boulevard Pescio Y 1 de Mayo;3;3;0;0;0;0;Calle;CASILDA;Constitución;Asfalto;No existe;IV;Dentro;Urbana;Otra Señal;No existe;Intersección;Bueno;S/D;S/D;S/D;Múltiple;Ciclista;Colisión;Ninguna;Faltante
8486;2021;27/10/2021;Miercoles;;;0.0;2;Moto/Ciclomotor,Pickup/Utilitario;Buenos Aires 2600;2;1;0;1;0;0;Calle;CASILDA;Constitución;Asfalto;No existe;IV;Dentro;Urbana;Otra Señal;No existe;Intersección;Bueno;S/D;S/D;S/D;Múltiple;S/D;Colisión;Ninguna;Faltante
8487;2021;27/10/2021;Miercoles;;;0.0;2;Pickup/Utilitario,Automóvil;Boulevard Pescio Y Presidente Domingo Faustino Sa;3;3;0;0;0;0;Calle;CASILDA;Constitución;Asfalto;No existe;IV;Dentro;Urbana;Otra Señal;No existe;Intersección;Bueno;S/D;S/D;Buen Tiempo;Múltiple;S/D;Colisión;Ninguna;Faltante
8488;2021;27/10/2021;Miercoles;16:00:00;Autopista Nacional Rosario -Cordoba;285.0;3;Automóvil,Automóvil,Pickup/Utilitario; ;5;1;0;4;0;0;Autopista;ROSARIO;Constitución;Asfalto;Natural;II;Dentro;Urbana;Otra Señal;No existe;Intersección;Bueno;S/D;Diurna;S/D;Múltiple;S/D;Colisión;S/D;Horizontal
8489;2021;27/10/2021;Miercoles;21:35:00;;0.0;1;Moto/Ciclomotor;Boulevard Centenario Y Independencia;1;1;0;0;0;0;Calle;CAÑADA DE GÓMEZ;Constitución;Asfalto;No existe;X;Dentro;Urbana;Otra Señal;No existe;Intersección;S/D;S/D;Nocturna;S/D;Múltiple;S/D;Colisión;S/D;Faltante
8490;2021;27/10/2021;Miercoles;10:50:00;;0.0;2;Automóvil,Moto/Ciclomotor;Santa Fe 500;2;1;0;1;0;0;Calle;FLORENCIA;Constitución;S/D;S/D;IX;Dentro;Urbana;Otra Señal;S/D;Intersección;S/D;S/D;Diurna;S/D;Múltiple;S/D;Colisión;S/D;S/D
8491;2021;27/10/2021;Miercoles;22:05:00;;0.0;2;Bicicleta,Moto/Ciclomotor; ;2;2;0;0;0;0;Calle;VENADO TUERTO;Constitución;Asfalto;No existe;VIII;Dentro;Urbana;Otra Señal;No existe;Intersección;S/D;S/D;Nocturna;S/D;Múltiple;Ciclista;Colisión;S/D;Horizontal,Vertical
8492;2021;27/10/2021;Miercoles;08:15:00;;0.0;2;Automóvil,Moto/Ciclomotor;Italia Y Maipú;2;1;0;1;0;0;Calle;VENADO TUERTO;Constitución;Asfalto;No existe;VIII;Dentro;Urbana;Otra Señal;No existe;Intersección;Bueno;S/D;Diurna;S/D;Múltiple;S/D;Colisión;S/D;Vertical
8493;2021;27/10/2021;Miercoles;08:05:00;;0.0;2;Automóvil,Moto/Ciclomotor;Chacabuco Y Francia;2;1;0;1;0;0;Calle;VENADO TUERTO;Constitución;Asfalto;No existe;VIII;Dentro;Urbana;Otra Señal;No existe;Intersección;Bueno;S/D;Diurna;S/D;Múltiple;S/D;Colisión;S/D;Faltante
8494;2021;27/10/2021;Miercoles;;;0.0;2;Moto/Ciclomotor,Bicicleta;Calle 47-Islas Malvinas Y Calle 48;3;3;0;0;0;0;Calle;RECONQUISTA;Constitución;S/D;No existe;IX;Dentro;Urbana;Otra Señal;S/D;Intersección;S/D;S/D;Diurna;S/D;Múltiple;Ciclista;Colisión;S/D;S/D
8495;2021;27/10/2021;Miercoles;13:00:00;;0.0;2;Moto/Ciclomotor,Moto/Ciclomotor;9 de Julio Y Av. Aristóbulo del Valle;2;2;0;0;0;0;Avenida;RAFAELA;Constitución;Asfalto;No existe;V;Dentro;Urbana;Otra Señal;No existe;Intersección;S/D;S/D;Diurna;S/D;Múltiple;S/D;Colisión;S/D;Horizontal