ID_Accidente;A�o;Fecha;Dia;Hopra;Ruta/Autop;km;Participantes;Tipo;Lugar;Total;Heridos Leves;Heridos Graves;Ilesos;Fallecidos;Sin datos;desc_tipo_via;desc_loc;desc_dpto;|;desc_tipo_banquina;desc_unidad_regional;desc_lugar_calzada;desc_zona;desc_prioridad;desc_estado_semaforo;desc_lugar_via;desc_estado_via;desc_estado_visibilidad;desc_luminosidad;desc_estado_clima;desc_tipo_colision;desc_tipo_atropello;desc_tipo_hecho;desc_pres_calzada;desc_senializacion
8496;2021;27/10/2021;Miercoles;;;0.0;2;Automóvil,Bicicleta;Gral. Juan Pablo López Y Mons. A Brasca;2;1;0;1;0;0;Calle;RAFAELA;Constitución;S/D;No existe;V;Dentro;Urbana;Otra Señal;S/D;Intersección;S/D;S/D;S/D;S/D;Múltiple;Ciclista;Colisión;S/D;S/D
8497;2021;27/10/2021;Miercoles;09:00:00;;0.0;2;Moto/Ciclomotor,Automóvil;Ayacucho Y Simón Bolívar;3;2;0;1;0;0;Calle;RAFAELA;Constitución;Asfalto;No existe;V;Dentro;Urbana;Otra Señal;No existe;Intersección;S/D;S/D;Diurna;S/D;Múltiple;S/D;Colisión;S/D;Horizontal
8498;2021;27/10/2021;Miercoles;;;0.0;1;Moto/Ciclomotor;1 de Mayo Y San Juan;1;1;0;0;0;0;Calle;ROSARIO;Constitución;S/D;S/D;II;S/D;Urbana;Otra Señal;S/D;Intersección;S/D;S/D;S/D;S/D;Múltiple;S/D;Colisión;S/D;S/D
8499;2021;27/10/2021;Miercoles;16:45:00;;0.0;1;Moto/Ciclomotor;Bv. Seguí Y Av. Ovidio Lagos;1;1;0;0;0;0;Calle;ROSARIO;Constitución;Asfalto;No existe;II;Dentro;Urbana;Otra Señal;Funciona;Intersección;Bueno;S/D;Diurna;S/D;Múltiple;S/D;Colisión;Ninguna;Horizontal,Vertical
8500;2021;27/10/2021;Miercoles;08:00:00;;0.0;1;Moto/Ciclomotor;Mariano Moreno 2500;1;1;0;0;0;0;Calle;ROSARIO;Constitución;Asfalto;No existe;II;Dentro;Urbana;Otra Señal;No existe;Intersección;Bueno;S/D;Diurna;S/D;Múltiple;S/D;Colisión;Ninguna;Faltante
8501;2021;27/10/2021;Miercoles;00:00:00;;0.0;1;Moto/Ciclomotor;J F Kennedy ;1;1;0;0;0;0;Calle;VILLA GOBERNADOR GÁLVEZ;Constitución;S/D;S/D;II;Dentro;Urbana;Otra Señal;S/D;Intersección;S/D;S/D;Nocturna;S/D;Múltiple;S/D;Colisión;S/D;S/D
8502;2021;27/10/2021;Miercoles;08:00:00;;0.0;1;Bicicleta;Callao Y Salta;1;1;0;0;0;0;Calle;ROSARIO;Constitución;Asfalto;No existe;II;Dentro;Urbana;Otra Señal;Funciona;Intersección;Bueno;S/D;Diurna;S/D;Múltiple;S/D;Colisión;Ninguna;Horizontal,Vertical
8503;2021;27/10/2021;Miercoles;19:30:00;;0.0;1;Moto/Ciclomotor;Av. Uriburu Y Esmeralda;1;1;0;0;0;0;Calle;ROSARIO;Constitución;Asfalto;No existe;II;Dentro;Urbana;Otra Señal;No existe;Intersección;Bueno;S/D;Nocturna;S/D;Múltiple;S/D;Colisión;Ninguna;Faltante
8504;2021;27/10/2021;Miercoles;20:00:00;;0.0;2;Moto/Ciclomotor,Moto/Ciclomotor;Cullen Bis Y Bielsa;2;2;0;0;0;0;Calle;ROSARIO;Constitución;Asfalto;No existe;II;Dentro;Urbana;Otra Señal;No existe;Intersección;Bueno;S/D;Nocturna;S/D;Múltiple;S/D;Colisión;Ninguna;Faltante
8505;2021;27/10/2021;Miercoles;10:00:00;;0.0;1;Automóvil;Av. Uriburu ;1;1;0;0;0;0;Calle;ROSARIO;Constitución;Asfalto;S/D;II;Dentro;Urbana;Otra Señal;S/D;Intersección;S/D;S/D;Diurna;S/D;Múltiple;S/D;Colisión;S/D;S/D
8506;2021;27/10/2021;Miercoles;09:15:00;;0.0;1;Automóvil;Rivadavia Y Pueyrredón Bis;1;1;0;0;0;0;Calle;ROSARIO;Constitución;Asfalto;No existe;II;Dentro;Urbana;Otra Señal;Funciona;Intersección;Bueno;S/D;Diurna;S/D;Múltiple;S/D;Colisión;Ninguna;Horizontal,Vertical
8507;2021;27/10/2021;Miercoles;17:45:00;Ruta Provincial 1;225.0;2;Moto/Ciclomotor,Automóvil;Ruta Prov. 1 ;3;0;0;1;1;0;Ruta;ALEJANDRA;Constitución;Hormigón;Natural;XIV;S/D;Rural;Otra Señal;No existe;Intersección;Bueno;Buena;Diurna;Buen Tiempo;Múltiple;S/D;Colisión;Ninguna;Vertical
8508;2021;27/10/2021;Miercoles;16:20:00;;0.0;2;Taxi/Remis,Moto/Ciclomotor;Fraga Y Ocampo;3;1;0;1;0;0;Calle;ROSARIO;Constitución;Asfalto;No existe;II;Dentro;Urbana;Otra Señal;No existe;Intersección;Bueno;Buena;Diurna;Buen Tiempo;Múltiple;S/D;Colisión;Ninguna;Faltante
8509;2021;27/10/2021;Miercoles;15:20:00;Ruta Provincial 1;3.0;2;Moto/Ciclomotor,Automóvil; ;2;0;0;1;0;0;Ruta;COLASTINE;Constitución;Asfalto;Ripio;I;Dentro;Urbana;Otra Señal;No existe;Intersección;Bueno;Buena;Diurna;Buen Tiempo;Múltiple;S/D;Colisión;Ninguna;Horizontal,Vertical
8510;2021;27/10/2021;Miercoles;05:20:00;Ruta Provincial 6;49.0;2;Moto/Ciclomotor,Bicicleta; ;2;1;0;0;0;0;Ruta;FRANCK;Constitución;Asfalto;Pavimento;XI;Dentro;Rural;Otra Señal;No existe;Intersección;Bueno;Buena;Nocturna;Buen Tiempo;Múltiple;Ciclista;Colisión;Ninguna;Horizontal
8511;2021;27/10/2021;Miercoles;17:30:00;;0.0;2;Moto/Ciclomotor,Automóvil; ;2;0;0;1;0;0;S/D;CARCARAÑÁ;Constitución;S/D;S/D;XVII;S/D;S/D;Otra Señal;S/D;Intersección;S/D;S/D;Diurna;S/D;Múltiple;S/D;Colisión;S/D;S/D
8512;2021;27/10/2021;Miercoles;20:40:00;;0.0;2;Moto/Ciclomotor,Moto/Ciclomotor;Calle 10 Y Calle 33;4;3;0;0;0;0;Calle;LAS TOSCAS;Constitución;S/D;S/D;IX;Dentro;Urbana;Otra Señal;S/D;Intersección;S/D;S/D;S/D;S/D;Múltiple;S/D;Colisión;S/D;S/D
8513;2021;27/10/2021;Miercoles;05:50:00;Ruta Nacional 11;246.0;2;Camión Chasis,Camión c / Semirremolque; ;2;0;0;1;0;0;Ruta;ATALIVA;Constitución;Asfalto;Ripio;V;Dentro;Urbana;Otra Señal;No existe;Intersección;S/D;S/D;Nocturna;S/D;Múltiple;S/D;Colisión;S/D;Horizontal
8514;2021;27/10/2021;Miercoles;00:05:00;;0.0;1;Moto/Ciclomotor;M.Gonzalez Y Rivarola;1;0;0;0;0;0;Calle;ROSARIO;Rosario;Asfalto;No existe;II;Dentro;Urbana;Otra Señal;No existe;Intersección;S/D;S/D;Nocturna;S/D;Múltiple;S/D;Colisión;S/D;Horizontal
8515;2021;28/10/2021;Jueves;14:00:00;;0.0;2;Automóvil,Automóvil;Av. Arijon Y Pueyrredón;2;2;0;0;0;0;Avenida;ROSARIO;Rosario;Asfalto;No existe;II;Dentro;Urbana;Otra Señal;Funciona;Intersección;Bueno;Buena;Diurna;Buen Tiempo;Múltiple;S/D;Colisión;Ninguna;Horizontal,Vertical
8516;2021;28/10/2021;Jueves;10:15:00;Ruta Nacional 33;0.0;2;Automóvil,Camión c / Acoplado;Dr. Borzone ;4;1;0;3;0;0;Ruta;PEREZ;Rosario;Asfalto;Pavimento;II;Dentro;Urbana;Otra Señal;No existe;Intersección;Bueno;Buena;Diurna;Buen Tiempo;Múltiple;S/D;Colisión;Ninguna;Vertical
8517;2021;28/10/2021;Jueves;17:00:00;;0.0;2;Moto/Ciclomotor,Automóvil;Juan de Garay Y Zeballos bis;2;1;0;1;0;0;Calle;FRAY LUIS BELTRÁN;San Lorenzo;Asfalto,Ripio;No existe;XVII;Dentro;Urbana;Otra Señal;No existe;Intersección;Bueno;Buena;Diurna;Buen Tiempo;Múltiple;S/D;Colisión;Ninguna;Faltante
8518;2021;28/10/2021;Jueves;14:50:00;;0.0;2;Bicicleta,Moto/Ciclomotor;Av. Santa Fe Y Teniente Loza;2;2;0;0;0;0;Avenida;SANTA FE;Constitución;Asfalto;No existe;I;Dentro;Urbana;Otra Señal;No existe;Intersección;Bueno;Buena;Diurna;Buen Tiempo;Múltiple;Ciclista;Colisión;Agua;Faltante
8519;2021;28/10/2021;Jueves;00:05:00;;0.0;2;Moto/Ciclomotor,Automóvil;Avellaneda Y Pje Calcena;2;1;0;1;0;0;Calle;SANTA FE;Constitución;Asfalto;No existe;I;Dentro;Urbana;Otra Señal;No existe;Intersección;Otro;Buena;Nocturna;Buen Tiempo;Múltiple;S/D;Colisión;Ninguna;Faltante
8520;2021;28/10/2021;Jueves;08:15:00;;0.0;2;Moto/Ciclomotor,Pickup/Utilitario;Laprida Y Salvador del Carril;2;1;0;1;0;0;Calle;SANTA FE;Constitución;Asfalto;No existe;I;Dentro;Urbana;Otra Señal;No existe;Intersección;Bueno;Buena;Diurna;Buen Tiempo;Múltiple;S/D;Colisión;Ninguna;Faltante
8521;2021;28/10/2021;Jueves;11:35:00;;0.0;2;Moto/Ciclomotor,Automóvil;Salvador del Carril Y Vélez Sarsfield;3;2;0;1;0;0;Calle;SANTA FE;Constitución;Asfalto;No existe;I;Dentro;Urbana;Otra Señal;No existe;Intersección;Bueno;Buena;Diurna;Buen Tiempo;Múltiple;S/D;Colisión;Ninguna;Faltante
8522;2021;28/10/2021;Jueves;11:50:00;;0.0;2;Automóvil,Moto/Ciclomotor;Av. Gral. López Y San Lorenzo;3;1;0;2;0;0;Avenida;SANTA FE;Constitución;Asfalto;No existe;I;Dentro;Urbana;Otra Señal;No existe;Intersección;Bueno;Buena;Diurna;Buen Tiempo;Múltiple;S/D;Colisión;Ninguna;Horizontal
8523;2021;28/10/2021;Jueves;18:40:00;;0.0;2;Moto/Ciclomotor,Pickup/Utilitario;Cochabamba Y Perú;2;1;0;1;0;0;Calle;SANTA FE;Constitución;Asfalto;No existe;I;Dentro;Urbana;Otra Señal;No existe;Intersección;Bueno;Buena;Diurna;Buen Tiempo;Múltiple;S/D;Colisión;Ninguna;S/D
8524;2021;28/10/2021;Jueves;12:15:00;;0.0;2;Pickup/Utilitario,Peatón;Pte. Roca Y Urquiza;2;1;0;1;0;0;Calle;ROSARIO;Constitución;Asfalto;No existe;II;Dentro;Urbana;Otra Señal;No existe;Intersección;Bueno;Buena;Diurna;Buen Tiempo;Múltiple;Peatón;Colisión;Ninguna;Horizontal
8525;2021;28/10/2021;Jueves;20:15:00;;0.0;2;Automóvil,Pickup/Utilitario;Av. Belgrano Y Florida;4;3;0;1;0;0;Avenida;CAPITÁN BERMÚDEZ;Constitución;Asfalto;No existe;XVII;Dentro;Urbana;Otra Señal;No existe;Intersección;Bueno;Buena;Nocturna;S/D;Múltiple;S/D;Colisión;Ninguna;Faltante
8526;2021;28/10/2021;Jueves;;;0.0;2;Moto/Ciclomotor,Automóvil;ALVEAR  Y SANTIAGO DEL ESTERO;2;1;0;1;0;0;Calle;ESTACIÓN DÍAZ;Constitución;Hormigón;No existe;XV;Dentro;Urbana;Otra Señal;No existe;Intersección;Bueno;S/D;S/D;S/D;Múltiple;S/D;Colisión;Ninguna;Faltante
8527;2021;28/10/2021;Jueves;19:15:00;;0.0;2;Moto/Ciclomotor,Automóvil;Cnel. Rodríguez Y Rivadavia;3;2;0;1;0;0;Calle;CORONDA;Constitución;Asfalto;S/D;XV;Dentro;Urbana;Otra Señal;S/D;Intersección;Bueno;Buena;Nocturna;S/D;Múltiple;S/D;Colisión;Ninguna;Faltante
8528;2021;28/10/2021;Jueves;15:35:00;;0.0;2;Moto/Ciclomotor,Pickup/Utilitario;French y Berutti Y Sarmiento;3;1;0;2;0;0;Calle;CORONDA;Constitución;Ripio;No existe;XV;Dentro;Urbana;Otra Señal;No existe;Intersección;Bueno;Buena;Diurna;S/D;Múltiple;S/D;Colisión;Ninguna;Faltante
8529;2021;28/10/2021;Jueves;01:40:00;Ruta Nacional 8;0.0;1;Automóvil;Bv 12 de octubre Y Iturraspe;1;1;0;0;0;0;Ruta;VENADO TUERTO;Constitución;Asfalto;Pavimento;VIII;Dentro;Urbana;Otra Señal;Funciona;Intersección;S/D;S/D;Nocturna;S/D;Múltiple;S/D;Colisión;S/D;Horizontal,Vertical
8530;2021;28/10/2021;Jueves;;Ruta Nacional 34;224.0;2;Automóvil,Pickup/Utilitario; ;2;2;0;0;0;0;Ruta;RAFAELA;Constitución;Asfalto;Ripio;V;Dentro;Rural;Otra Señal;No existe;Intersección;S/D;S/D;S/D;S/D;Múltiple;S/D;Colisión;S/D;Horizontal
8531;2021;28/10/2021;Jueves;08:00:00;Ruta Provincial 1;308.0;2;Automóvil,Bicicleta; ;3;2;0;1;0;0;Ruta;RECONQUISTA;Constitución;Asfalto;Natural;IX;Dentro;Rural;Otra Señal;No existe;Intersección;S/D;S/D;Diurna;S/D;Múltiple;Ciclista;Colisión;S/D;Horizontal
8532;2021;28/10/2021;Jueves;13:00:00;;0.0;1;Moto/Ciclomotor;San Lorenzo Y Muniagurria;1;1;0;0;0;0;Calle;ROSARIO;Constitución;Asfalto;No existe;II;Dentro;Urbana;Otra Señal;No existe;Intersección;Bueno;S/D;Diurna;S/D;Múltiple;S/D;Colisión;Ninguna;Faltante
8533;2021;28/10/2021;Jueves;17:00:00;;0.0;1;Moto/Ciclomotor;San Martin Y Lamadrid;1;1;0;0;0;0;Calle;ROSARIO;Constitución;Asfalto;No existe;II;Dentro;Urbana;Otra Señal;Funciona;Intersección;Bueno;S/D;Diurna;S/D;Múltiple;S/D;Colisión;Ninguna;Horizontal,Vertical
8534;2021;28/10/2021;Jueves;11:50:00;;0.0;2;Pickup/Utilitario,Moto/Ciclomotor;Azcuénaga Y Iturraspe;2;0;0;1;0;0;Calle;SAN CRISTÓBAL;Constitución;Ripio;No existe;XIII;Dentro;Urbana;Otra Señal;No existe;Intersección;Bueno;Buena;Diurna;Buen Tiempo;Múltiple;S/D;Colisión;Ninguna;Faltante
8535;2021;28/10/2021;Jueves;21:05:00;;0.0;2;Moto/Ciclomotor,Automóvil;Florida Y Jujuy;2;0;0;1;0;0;Calle;CAPITÁN BERMÚDEZ;Constitución;Asfalto;No existe;XVII;Dentro;Urbana;Otra Señal;No existe;Intersección;Bueno;Buena;Nocturna,Con luz artificial;Buen Tiempo;Múltiple;S/D;Colisión;Ninguna;Faltante
8536;2021;28/10/2021;Jueves;21:50:00;Ruta Nacional 8;0.0;2;Pickup/Utilitario,Moto/Ciclomotor;Guillermo Dimmer Y Marcos Ciani;2;0;0;1;0;0;Ruta;VENADO TUERTO;Constitución;Asfalto,Tierra;Ripio;VIII;Dentro;Urbana;Otra Señal;No existe;Intersección;S/D;S/D;Nocturna;S/D;Múltiple;S/D;Colisión;S/D;Horizontal
8537;2021;28/10/2021;Jueves;16:30:00;;0.0;1;Automóvil; ;2;0;0;0;0;1;S/D;ROSARIO;Rosario;S/D;S/D;II;S/D;S/D;Otra Señal;S/D;Intersección;S/D;S/D;Diurna;S/D;Múltiple;S/D;Colisión;S/D;S/D
8538;2021;29/10/2021;Viernes;23:40:00;Autopista Provincial Brigadier E.LÓPEZ;96.0;2;Camión c / Acoplado,Camión Chasis; ;2;1;0;0;1;0;Autopista;AROCENA;San JERÓNIMO;Asfalto;Pavimento;XV;S/D;Rural;Otra Señal;No existe;Intersección;Bueno;S/D;Nocturna;S/D;Múltiple;S/D;Colisión;Ninguna;Horizontal
8539;2021;29/10/2021;Viernes;10:10:00;;0.0;1;Moto/Ciclomotor;Av. J.Bernhein Y Ezeiza;2;2;0;0;0;0;Avenida;ROSARIO;Rosario;Asfalto;No existe;II;Dentro;Urbana;Otra Señal;No existe;Intersección;Bueno;Buena;Diurna;Buen Tiempo;Múltiple;S/D;Colisión;Ninguna;Faltante
8540;2021;29/10/2021;Viernes;09:45:00;;0.0;2;Moto/Ciclomotor,Automóvil;Almte. Brown Y Bv Estanislao López;2;1;0;1;0;0;Calle;ROLDÁN;San Lorenzo;Asfalto;No existe;XVII;Dentro;Urbana;Otra Señal;No existe;Intersección;Bueno;Buena;Diurna;Buen Tiempo;Múltiple;S/D;Colisión;Ninguna;Faltante
8541;2021;29/10/2021;Viernes;18:25:00;Ruta Nacional 11;0.0;2;Moto/Ciclomotor,Automóvil;Bv Oroño Y Clemente Albelo;2;1;0;1;0;0;Ruta;SAN LORENZO;San Lorenzo;Asfalto;Pavimento;XVII;Dentro;Urbana;Otra Señal;No existe;Intersección;Bueno;Buena;Diurna;Buen Tiempo;Múltiple;S/D;Colisión;Ninguna;Faltante
8542;2021;29/10/2021;Viernes;10:20:00;Ruta Nacional 33;788.0;2;Automóvil,Automóvil; ;2;1;0;1;0;0;Ruta;PEREZ;Constitución;Asfalto;Pavimento;II;Dentro;Rural;Otra Señal;No existe;Intersección;Bueno;Reducida p/ objetos;Diurna;Buen Tiempo;Múltiple;S/D;Colisión;Ninguna;Horizontal
8543;2021;29/10/2021;Viernes;18:35:00;;0.0;2;Moto/Ciclomotor,Automóvil;Necochea Y Quintana;3;2;0;1;0;0;Calle;SANTA FE;Constitución;Asfalto;No existe;I;Dentro;Rural;Otra Señal;No existe;Intersección;Bueno;Buena;Diurna;Buen Tiempo;Múltiple;S/D;Colisión;Ninguna;Faltante
8544;2021;29/10/2021;Viernes;23:00:00;;0.0;2;Moto/Ciclomotor,Automóvil;Av. Gral. Paz Y Pedro Diaz Colodrero;3;2;0;1;0;0;Avenida;SANTA FE;Constitución;Asfalto;No existe;I;Dentro;Urbana;Otra Señal;No existe;Intersección;Bueno;Buena;Nocturna;Buen Tiempo;Múltiple;S/D;Colisión;Ninguna;Horizontal
8545;2021;29/10/2021;Viernes;23:55:00;;0.0;2;Moto/Ciclomotor,Moto/Ciclomotor;Av. Galicia Y Avellaneda;5;2;0;0;0;3;Avenida;SANTA FE;Constitución;Asfalto;No existe;I;Dentro;Urbana;Otra Señal;No existe;Intersección;Bueno;Buena;Nocturna;Buen Tiempo;Múltiple;S/D;Colisión;Ninguna;Faltante
8546;2021;29/10/2021;Viernes;18:20:00;;0.0;2;Pickup/Utilitario,Moto/Ciclomotor;Gral. Belgrano 500;2;1;0;1;0;0;Calle;GOBERNADOR CRESPO;Constitución;Asfalto;No existe;XVI;Dentro;Urbana;Otra Señal;No existe;Intersección;Bueno;Buena;Diurna;Buen Tiempo;Múltiple;S/D;Colisión;Ninguna;Faltante
8547;2021;29/10/2021;Viernes;11:40:00;;0.0;2;Automóvil,Automóvil;Av. A del Valle Y Av. Galicia;2;1;0;1;0;0;Avenida;SANTA FE;Constitución;Asfalto;No existe;I;Dentro;Urbana;Otra Señal;Funciona;Intersección;Bueno;Buena;Diurna;Buen Tiempo;Múltiple;S/D;Colisión;Ninguna;Horizontal,Vertical
8548;2021;29/10/2021;Viernes;16:30:00;;0.0;2;Moto/Ciclomotor,Automóvil;Av. López y Planes Y Martin Zapata;2;1;0;1;0;0;Avenida;SANTA FE;Constitución;Asfalto;No existe;I;Dentro;Urbana;Otra Señal;Funciona;Intersección;Bueno;Buena;Diurna;Buen Tiempo;Múltiple;S/D;Colisión;Ninguna;Vertical
8549;2021;29/10/2021;Viernes;16:00:00;;0.0;2;Moto/Ciclomotor,Automóvil;Av. López y Planes Y Luciano Molinas;2;1;0;1;0;0;Avenida;SANTA FE;Constitución;Asfalto;No existe;I;Dentro;Urbana;Otra Señal;Funciona;Intersección;Bueno;Buena;Diurna;Buen Tiempo;Múltiple;S/D;Colisión;Ninguna;Horizontal,Vertical
8550;2021;29/10/2021;Viernes;09:20:00;Ruta Provincial 1;77.0;1;Automóvil; ;5;4;0;1;0;0;Ruta;CAMPO DEL MEDIO;Constitución;Tierra,Arena;Natural;VII;Fuera;Urbana;Otra Señal;No existe;Intersección;Bueno;Buena;Diurna;Buen Tiempo;Múltiple;S/D;Colisión;Ninguna;Faltante
8551;2021;29/10/2021;Viernes;12:15:00;;0.0;1;Moto/Ciclomotor; ;2;2;0;0;0;0;S/D;SAN GENARO;Constitución;Asfalto;S/D;XV;S/D;S/D;Otra Señal;S/D;Intersección;S/D;S/D;Diurna;S/D;Múltiple;S/D;Colisión;S/D;S/D
8552;2021;29/10/2021;Viernes;;;0.0;2;Automóvil,Moto/Ciclomotor;Pres Domingo Faustino Sarmiento Y Simón de Iriondo;3;2;0;1;0;0;Calle;SANTO TOMÉ;Constitución;Asfalto;No existe;I;Dentro;Urbana;Otra Señal;No existe;Intersección;Bueno;S/D;S/D;S/D;Múltiple;S/D;Colisión;Ninguna;Faltante
8553;2021;29/10/2021;Viernes;13:00:00;Autopista Nacional A012;41.0;2;Automóvil,Bicicleta; ;2;1;0;1;0;0;Autopista;ROLDÁN;Constitución;Asfalto;Natural;XVII;Dentro;Rural;Otra Señal;No existe;Intersección;S/D;S/D;Diurna;S/D;Múltiple;Ciclista;Colisión;S/D;Horizontal
8554;2021;29/10/2021;Viernes;;;0.0;2;Automóvil,Moto/Ciclomotor;Bv. Seguí Y Dorrego;2;1;0;0;0;1;Avenida;ROSARIO;Constitución;Asfalto;No existe;II;Dentro;Urbana;Otra Señal;No existe;Intersección;Deteriorada;S/D;S/D;S/D;Múltiple;S/D;Colisión;S/D;Horizontal
8555;2021;29/10/2021;Viernes;19:00:00;Ruta Provincial 70;5.0;1;Automóvil; ;1;1;0;0;0;0;Ruta;COLONIA PUJOL;Constitución;Asfalto;Natural;XI;Dentro;Urbana;Otra Señal;No existe;Intersección;S/D;S/D;Nocturna;S/D;Múltiple;S/D;Colisión;S/D;Horizontal
8556;2021;29/10/2021;Viernes;06:10:00;;0.0;2;Moto/Ciclomotor,Automóvil;Iturbide Y Leandro N Alem;2;1;0;1;0;0;Calle;VENADO TUERTO;Constitución;Asfalto;No existe;VIII;Dentro;Urbana;Otra Señal;No existe;Intersección;S/D;S/D;Nocturna;S/D;Múltiple;S/D;Colisión;S/D;Faltante
8557;2021;29/10/2021;Viernes;13:20:00;;0.0;2;Camión Chasis,Moto/Ciclomotor;Calle 6-Ituzaingo 874;2;1;0;1;0;0;Calle;RECONQUISTA;Constitución;Asfalto;No existe;IX;Dentro;Urbana;Otra Señal;No existe;Intersección;Bueno;Buena;Diurna;Buen Tiempo;Múltiple;S/D;Colisión;Ninguna;Faltante
8558;2021;29/10/2021;Viernes;19:30:00;;0.0;1;Bicicleta;Sarmiento Y E.Zeballos;1;1;0;0;0;0;Calle;ROSARIO;Constitución;Asfalto;No existe;II;Dentro;Urbana;Otra Señal;No existe;Intersección;Bueno;S/D;Nocturna;S/D;Múltiple;S/D;Colisión;Ninguna;Horizontal
8559;2021;29/10/2021;Viernes;13:30:00;;0.0;1;Bicicleta;Tte.Agneta ;1;1;0;0;0;0;Calle;ROSARIO;Constitución;S/D;S/D;II;Dentro;Urbana;Otra Señal;S/D;Intersección;S/D;S/D;Diurna;S/D;Múltiple;S/D;Colisión;S/D;S/D
8560;2021;29/10/2021;Viernes;14:00:00;Ruta Nacional 33;0.0;1;Moto/Ciclomotor; ;1;1;0;0;0;0;Ruta;ROSARIO;Constitución;Asfalto;S/D;II;S/D;Rural;Otra Señal;S/D;Intersección;S/D;S/D;Diurna;S/D;Múltiple;S/D;Colisión;S/D;S/D
8561;2021;29/10/2021;Viernes;16:30:00;;0.0;1;Moto/Ciclomotor;Montecarlo Y Punta Del Indio;1;1;0;0;0;0;Calle;ROSARIO;Constitución;Asfalto;No existe;II;Dentro;Urbana;Otra Señal;No existe;Intersección;Bueno;S/D;Diurna;S/D;Múltiple;S/D;Colisión;Ninguna;Faltante
8562;2021;29/10/2021;Viernes;19:30:00;;0.0;1;Moto/Ciclomotor;J.J.Paso Y Perú Bis;1;1;0;0;0;0;Calle;ROSARIO;Constitución;Asfalto;No existe;II;Dentro;Urbana;Otra Señal;No existe;Intersección;Bueno;S/D;Nocturna;S/D;Múltiple;S/D;Colisión;Ninguna;Faltante
8563;2021;29/10/2021;Viernes;23:30:00;;0.0;1;Moto/Ciclomotor;Roullon Y Pasco;1;1;0;0;0;0;Calle;ROSARIO;Constitución;Asfalto;No existe;II;Dentro;Urbana;Otra Señal;No existe;Intersección;Bueno;S/D;Nocturna;S/D;Múltiple;S/D;Colisión;Ninguna;Faltante
8564;2021;29/10/2021;Viernes;21:00:00;;0.0;1;Moto/Ciclomotor;San Nicolas Y Salta;1;1;0;0;0;0;Calle;ROSARIO;Constitución;Asfalto;No existe;II;Dentro;Urbana;Otra Señal;Funciona;Intersección;Bueno;S/D;Nocturna;S/D;Múltiple;S/D;Colisión;Ninguna;Horizontal,Vertical
8565;2021;29/10/2021;Viernes;14:45:00;;0.0;1;Bicicleta;Av. Francia Y 24 De Setiembre;1;1;0;0;0;0;Calle;ROSARIO;Constitución;Asfalto;No existe;II;Dentro;Urbana;Otra Señal;No existe;Intersección;Bueno;S/D;Diurna;S/D;Múltiple;S/D;Colisión;Ninguna;Horizontal
8566;2021;29/10/2021;Viernes;18:45:00;;0.0;2;Pickup/Utilitario,Peatón;Carbia Y Montevideo;2;0;0;1;0;0;Calle;ROSARIO;Constitución;Asfalto;No existe;II;Dentro;Urbana;Otra Señal;No existe;Intersección;Bueno;Buena;Diurna;Buen Tiempo;Múltiple;Peatón;Colisión;S/D;S/D
8567;2021;29/10/2021;Viernes;08:40:00;;0.0;2;Moto/Ciclomotor,Automóvil;Congreso Y Republica de Chile;4;0;0;3;0;0;Calle;SAN LORENZO;Constitución;Tierra;No existe;XVII;Dentro;Urbana;Otra Señal;No existe;Intersección;Deteriorada;S/D;Diurna;Buen Tiempo;Múltiple;S/D;Colisión;Material Suelto;Faltante
8568;2021;29/10/2021;Viernes;11:55:00;;0.0;2;Moto/Ciclomotor,Bicicleta;9 de Julio Y 25 de Mayo;2;0;0;1;0;0;Calle;VILLA MINETTI;Constitución;Asfalto;No existe;XII;Dentro;Urbana;Otra Señal;No existe;Intersección;Bueno;Buena;Diurna;Buen Tiempo;Múltiple;Ciclista;Colisión;Ninguna;Faltante
8569;2021;29/10/2021;Viernes;11:30:00;;0.0;2;Automóvil,Moto/Ciclomotor;Córdoba Y San Carlos;2;0;0;1;0;0;Calle;SANTA CLARA DE BUENA VISTA;Constitución;Hormigón;No existe;XI;Dentro;Urbana;Otra Señal;No existe;Intersección;Bueno;Buena;Diurna;Buen Tiempo;Múltiple;S/D;Colisión;Ninguna;Faltante
8570;2021;29/10/2021;Viernes;16:50:00;;0.0;2;Moto/Ciclomotor,Automóvil;Italia Y Marcos Avellaneda;2;0;0;1;0;0;Calle;ESPERANZA;Constitución;Ripio;No existe;XI;Dentro;Urbana;Otra Señal;No existe;Intersección;Bueno;Buena;Diurna;Buen Tiempo;Múltiple;S/D;Colisión;Ninguna;Faltante