ID_Accidente;A�o;Fecha;Dia;Hopra;Ruta/Autop;km;Participantes;Tipo;Lugar;Total;Heridos Leves;Heridos Graves;Ilesos;Fallecidos;Sin datos;desc_tipo_via;desc_loc;desc_dpto;|;desc_tipo_banquina;desc_unidad_regional;desc_lugar_calzada;desc_zona;desc_prioridad;desc_estado_semaforo;desc_lugar_via;desc_estado_via;desc_estado_visibilidad;desc_luminosidad;desc_estado_clima;desc_tipo_colision;desc_tipo_atropello;desc_tipo_hecho;desc_pres_calzada;desc_senializacion
8571;2021;29/10/2021;Viernes;06:00:00;;0.0;2;Automóvil,Moto/Ciclomotor;Av. Pellegrini Y Liniers;2;0;0;0;0;1;Avenida;ROSARIO;Rosario;Asfalto;No existe;II;Dentro;Urbana;Otra Señal;Funciona;Intersección;S/D;S/D;Diurna;S/D;Múltiple;S/D;Colisión;S/D;Horizontal,Vertical
8572;2021;29/10/2021;Viernes;13:00:00;;0.0;1;Moto/Ciclomotor;Bv. Seguí Y Lavalle;1;0;0;0;0;0;Avenida;ROSARIO;Rosario;Asfalto;No existe;II;Dentro;Urbana;Otra Señal;No existe;Intersección;S/D;S/D;Diurna;S/D;Múltiple;S/D;Colisión;S/D;Horizontal
8573;2021;29/10/2021;Viernes;14:20:00;;0.0;1;Moto/Ciclomotor;Dorrego Y San Juan;1;0;0;0;0;0;Calle;ROSARIO;Rosario;Asfalto;No existe;II;Dentro;Urbana;Otra Señal;No existe;Intersección;S/D;S/D;Diurna;S/D;Múltiple;S/D;Colisión;S/D;Horizontal
8574;2021;30/10/2021;Sabado;02:25:00;Ruta Provincial 66;76.0;3;Automóvil,Camión c / Acoplado,Pickup/Utilitario; ;3;0;0;2;1;0;Ruta;CARLOS PELLEGRINI;San MARTÍN;Asfalto;Natural;XVIII;S/D;Rural;Otra Señal;No existe;Intersección;Bueno;S/D;Nocturna;S/D;Múltiple;S/D;Colisión;Ninguna;Faltante
8575;2021;30/10/2021;Sabado;18:30:00;;0.0;2;Moto/Ciclomotor,Moto/Ciclomotor;Aristóbulo del Valle Y Domingo Faustino Sarmiento;2;2;0;0;0;0;Calle;ESPERANZA;Las Colonias;Asfalto;Pavimento;XI;Dentro;Urbana;Otra Señal;No existe;Intersección;Bueno;Buena;Diurna;Buen Tiempo;Múltiple;S/D;Colisión;Ninguna;Faltante
8576;2021;30/10/2021;Sabado;20:45:00;;0.0;2;Moto/Ciclomotor,Automóvil;Av. de los Trabaj. Ferroviario 900;3;2;0;1;0;0;Calle;SAN CRISTÓBAL;San CRISTÓBAL;Asfalto;No existe;XIII;Dentro;Urbana;Otra Señal;No existe;Intersección;Bueno;Buena;Nocturna;Buen Tiempo;Múltiple;S/D;Colisión;Ninguna;Faltante
8577;2021;30/10/2021;Sabado;04:55:00;;0.0;2;Pickup/Utilitario,Moto/Ciclomotor;Benito Juárez Y Pueyrredón;3;1;0;2;0;0;Calle;ROSARIO;Rosario;Asfalto;No existe;II;Dentro;Urbana;Otra Señal;No existe;Intersección;Bueno;Buena;Diurna;Buen Tiempo;Múltiple;S/D;Colisión;Ninguna;Faltante
8578;2021;30/10/2021;Sabado;18:20:00;;0.0;2;Peatón,Automóvil;Luis Braille Y Urquiza;2;2;0;0;0;0;Calle;SAN LORENZO;San Lorenzo;Asfalto;No existe;XVII;Dentro;Urbana;Otra Señal;No existe;Intersección;Bueno;Buena;Diurna;Buen Tiempo;Múltiple;Peatón;Colisión;Ninguna;Vertical
8579;2021;30/10/2021;Sabado;01:35:00;;0.0;2;Bicicleta,Moto/Ciclomotor;INTENDENTE RAÚL VIVAS Y SANTIAGO DEL ESTERO;3;2;0;0;0;1;Calle;SAN LORENZO;San Lorenzo;Asfalto;No existe;XVII;Dentro;Urbana;Otra Señal;No existe;Intersección;Bueno;Buena;Nocturna,Con luz artificial;Buen Tiempo;Múltiple;Ciclista;Colisión;Ninguna;Faltante
8580;2021;30/10/2021;Sabado;13:00:00;;0.0;2;Moto/Ciclomotor,Moto/Ciclomotor;Belgrano Y Mitre;4;3;0;1;0;0;Calle;TIMBÚES;Constitución;Asfalto;No existe;XVII;Dentro;Urbana;Otra Señal;No existe;Intersección;Bueno;Buena;Diurna;Buen Tiempo;Múltiple;S/D;Colisión;Ninguna;Faltante
8581;2021;30/10/2021;Sabado;18:00:00;;0.0;2;Pickup/Utilitario,Moto/Ciclomotor;Jujuy Y 9 de Julio;2;1;0;1;0;0;Calle;TOSTADO;Constitución;Ripio;No existe;XII;Dentro;Urbana;Otra Señal;No existe;Intersección;Bueno;Buena;Diurna;Buen Tiempo;Múltiple;S/D;Colisión;Ninguna;Faltante
8582;2021;30/10/2021;Sabado;10:45:00;Ruta Provincial 70;0.0;2;Automóvil,Moto/Ciclomotor;América Y Ruta provincial 70;2;1;0;1;0;0;Ruta;ESPERANZA;Constitución;Asfalto;No existe;XI;Dentro;Urbana;Otra Señal;Funciona;Intersección;Bueno;Buena;Diurna;Buen Tiempo;Múltiple;S/D;Colisión;Ninguna;Horizontal,Vertical
8583;2021;30/10/2021;Sabado;05:00:00;Ruta Nacional 19;49.0;1;Camión c / Acoplado; ;1;1;0;0;0;0;Ruta;SA PEREIRA;Constitución;Asfalto;Natural;XI;Dentro;Rural;Otra Señal;No existe;Intersección;Bueno;Buena;Nocturna;Buen Tiempo;Múltiple;S/D;Colisión;Ninguna;Horizontal
8584;2021;30/10/2021;Sabado;10:20:00;;0.0;2;Moto/Ciclomotor,Automóvil;SAN MARTIN Y TOMAS DEAN;3;2;0;1;0;0;Calle;ARMSTRONG;Constitución;Asfalto;No existe;III;Dentro;Urbana;Otra Señal;No existe;Intersección;Bueno;Buena;Diurna;Buen Tiempo;Múltiple;S/D;Colisión;Ninguna;Faltante
8585;2021;30/10/2021;Sabado;22:30:00;Ruta Nacional 168;0.0;2;Pickup/Utilitario,Moto/Ciclomotor; ;2;1;0;1;0;0;Ruta;SANTA FE;Constitución;Asfalto;No existe;I;Dentro;Urbana;Otra Señal;No existe;Intersección;Bueno;Buena;Nocturna;Buen Tiempo;Múltiple;S/D;Colisión;Ninguna;Horizontal
8586;2021;30/10/2021;Sabado;;;0.0;2;Automóvil,Bicicleta; ;2;1;0;1;0;0;S/D;ESPERANZA;Constitución;S/D;S/D;XI;S/D;S/D;Otra Señal;S/D;Intersección;S/D;S/D;S/D;S/D;Múltiple;Ciclista;Colisión;S/D;S/D
8587;2021;30/10/2021;Sabado;11:20:00;;0.0;2;Moto/Ciclomotor,Automóvil;Av. Galicia Y Belgrano;2;1;0;1;0;0;Avenida;SANTA FE;Constitución;Asfalto;No existe;I;Dentro;Urbana;Otra Señal;No existe;Intersección;Bueno;Buena;Diurna;Buen Tiempo;Múltiple;S/D;Colisión;Ninguna;Faltante
8588;2021;30/10/2021;Sabado;;Autopista Nacional A007;0.0;1;Automóvil; ;1;1;0;0;0;0;Autopista;SANTA FE;Constitución;Asfalto;No existe;I;Dentro;Urbana;Otra Señal;No existe;Intersección;Bueno;S/D;S/D;Buen Tiempo;Múltiple;S/D;Colisión;Ninguna;Faltante
8589;2021;30/10/2021;Sabado;15:40:00;;0.0;2;Moto/Ciclomotor,Automóvil;López y Planes Y Sarmiento;3;2;0;1;0;0;Calle;CORONDA;Constitución;Asfalto;No existe;XV;Dentro;Urbana;Otra Señal;No existe;Intersección;Bueno;Buena;Diurna;Buen Tiempo;Múltiple;S/D;Colisión;Ninguna;Faltante
8590;2021;30/10/2021;Sabado;19:00:00;;0.0;1;Pickup/Utilitario;López y Planes Y W Maradona;1;1;0;0;0;0;Calle;ESPERANZA;Constitución;S/D;S/D;XI;Dentro;Urbana;Otra Señal;S/D;Intersección;S/D;S/D;Nocturna;S/D;Múltiple;S/D;Colisión;S/D;S/D
8591;2021;30/10/2021;Sabado;17:00:00;;0.0;2;Moto/Ciclomotor,Pickup/Utilitario;Neuquén Y Soldado Aguirre;3;2;0;1;0;0;Calle;VILLA GOBERNADOR GÁLVEZ;Constitución;Asfalto,Tierra;No existe;II;Dentro;Urbana;Otra Señal;No existe;Intersección;Bueno;Buena;Diurna;S/D;Múltiple;S/D;Colisión;Ninguna;Faltante
8592;2021;30/10/2021;Sabado;20:30:00;;0.0;2;Moto/Ciclomotor,Pickup/Utilitario;Pte. Illia Y Suchon;2;1;0;1;0;0;Calle;SAN CARLOS CENTRO;Constitución;S/D;S/D;XI;Dentro;Urbana;Otra Señal;S/D;Intersección;S/D;S/D;S/D;S/D;Múltiple;S/D;Colisión;S/D;S/D
8593;2021;30/10/2021;Sabado;;;0.0;2;Automóvil,Moto/Ciclomotor;Moreno Y San Martín;3;2;0;1;0;0;Calle;FLORENCIA;Constitución;Asfalto;No existe;IX;Dentro;Urbana;Otra Señal;S/D;Intersección;S/D;S/D;S/D;S/D;Múltiple;S/D;Colisión;S/D;S/D
8594;2021;30/10/2021;Sabado;;Ruta Nacional 11;0.0;2;Moto/Ciclomotor,Pickup/Utilitario;Belgrano Y Juan de Garay;2;1;0;1;0;0;Ruta;FLORENCIA;Constitución;Asfalto,Ripio;Pavimento;IX;Dentro;Urbana;Otra Señal;No existe;Intersección;Bueno;S/D;S/D;S/D;Múltiple;S/D;Colisión;S/D;Horizontal
8595;2021;30/10/2021;Sabado;12:40:00;;0.0;2;Moto/Ciclomotor,Moto/Ciclomotor;Calle 22- 25 de Mayo Y Calle 47-Islas Malvinas;2;2;0;0;0;0;Calle;RECONQUISTA;Constitución;S/D;No existe;IX;Dentro;Urbana;Otra Señal;S/D;Intersección;S/D;S/D;S/D;S/D;Múltiple;S/D;Colisión;S/D;Faltante
8596;2021;30/10/2021;Sabado;09:45:00;;0.0;2;Moto/Ciclomotor,Peatón;Calle 35-España Y Calle 8-Chacabuco;2;1;0;1;0;0;Calle;RECONQUISTA;Constitución;Asfalto,Ripio;No existe;IX;Dentro;Urbana;Otra Señal;No existe;Intersección;Bueno;Buena;Diurna;Buen Tiempo;Múltiple;Peatón;Colisión;Ninguna;Faltante
8597;2021;30/10/2021;Sabado;;;0.0;2;Moto/Ciclomotor,Automóvil;E Poggi Y M Guay;5;1;0;4;0;0;Calle;RAFAELA;Constitución;Asfalto;No existe;V;Dentro;Urbana;Otra Señal;No existe;Intersección;S/D;S/D;S/D;S/D;Múltiple;S/D;Colisión;S/D;S/D
8598;2021;30/10/2021;Sabado;;Ruta Provincial 70;0.0;2;Automóvil,Moto/Ciclomotor;Bv H Irigoyen Y Chacabuco;2;1;0;1;0;0;Ruta;RAFAELA;Constitución;Asfalto;Pavimento;V;Dentro;Urbana;Otra Señal;No existe;Intersección;Bueno;S/D;S/D;S/D;Múltiple;S/D;Colisión;S/D;Horizontal
8599;2021;30/10/2021;Sabado;;;0.0;2;Automóvil,Moto/Ciclomotor;Av. Italia Y Gabriel Maggi;2;1;0;1;0;0;Avenida;RAFAELA;Constitución;S/D;No existe;V;Dentro;Urbana;Otra Señal;No existe;Intersección;S/D;S/D;Diurna;S/D;Múltiple;S/D;Colisión;S/D;S/D
8600;2021;30/10/2021;Sabado;;;0.0;2;Automóvil,Pickup/Utilitario; ;2;2;0;0;0;0;Camino Rural;VILA;Constitución;S/D;S/D;V;Dentro;Rural;Otra Señal;S/D;Intersección;S/D;S/D;S/D;S/D;Múltiple;S/D;Colisión;S/D;S/D
8601;2021;30/10/2021;Sabado;;;0.0;2;Moto/Ciclomotor,Automóvil;Lavalle Juan Y Maipú;2;1;0;1;0;0;Calle;ATALIVA;Constitución;Asfalto;No existe;V;Dentro;Urbana;Otra Señal;No existe;Intersección;S/D;S/D;S/D;S/D;Múltiple;S/D;Colisión;S/D;Faltante
8602;2021;30/10/2021;Sabado;;;0.0;2;Moto/Ciclomotor,Moto/Ciclomotor;ENTRE RÍOS Y SAN LORENZO;2;2;0;0;0;0;Calle;SAN VICENTE.;Constitución;Asfalto;No existe;V;Dentro;Urbana;Otra Señal;No existe;Intersección;S/D;S/D;S/D;S/D;Múltiple;S/D;Colisión;S/D;Faltante
8603;2021;30/10/2021;Sabado;04:30:00;;0.0;1;Moto/Ciclomotor; ;1;1;0;0;0;0;S/D;ROSARIO;Constitución;S/D;S/D;II;S/D;S/D;Otra Señal;S/D;Intersección;S/D;S/D;Nocturna;S/D;Múltiple;S/D;Colisión;S/D;S/D
8604;2021;30/10/2021;Sabado;18:00:00;;0.0;2;Moto/Ciclomotor,Moto/Ciclomotor;Neuquén Y Soldado Aguirre;2;2;0;0;0;0;Calle;VILLA GOBERNADOR GÁLVEZ;Constitución;Asfalto,Tierra;No existe;II;Dentro;Urbana;Otra Señal;No existe;Intersección;Bueno;S/D;Diurna;S/D;Múltiple;S/D;Colisión;Ninguna;Faltante
8605;2021;30/10/2021;Sabado;;Autovía Nacional Gral. Juan Jose Valle;0.0;1;Automóvil; ;1;1;0;0;0;0;Autovía;ROSARIO;Constitución;Asfalto;S/D;II;S/D;Rural;Otra Señal;S/D;Intersección;Bueno;S/D;S/D;S/D;Múltiple;S/D;Colisión;S/D;S/D
8606;2021;30/10/2021;Sabado;14:00:00;;0.0;1;Moto/Ciclomotor;Entre Ríos Y Pasco;1;1;0;0;0;0;Calle;ROSARIO;Constitución;Asfalto;No existe;II;Dentro;Urbana;Otra Señal;No existe;Intersección;Bueno;S/D;Diurna;S/D;Múltiple;S/D;Colisión;Ninguna;Faltante
8607;2021;30/10/2021;Sabado;22:00:00;;0.0;1;Moto/Ciclomotor;Campbell ;1;1;0;0;0;0;Calle;ROSARIO;Constitución;S/D;S/D;II;Dentro;Urbana;Otra Señal;S/D;Intersección;S/D;S/D;Nocturna;S/D;Múltiple;S/D;Colisión;S/D;S/D
8608;2021;30/10/2021;Sabado;;;0.0;1;Moto/Ciclomotor;Suipacha Y Salta;1;1;0;0;0;0;Calle;ROSARIO;Constitución;Asfalto;No existe;II;Dentro;Urbana;Otra Señal;Funciona;Intersección;Bueno;S/D;S/D;S/D;Múltiple;S/D;Colisión;Ninguna;Horizontal,Vertical
8609;2021;30/10/2021;Sabado;;;0.0;2;Automóvil,Moto/Ciclomotor;Belgrano Y Bv Sarmiento;2;0;0;1;0;0;Calle;ROLDÁN;Constitución;Asfalto;No existe;XVII;Dentro;Urbana;Otra Señal;No existe;Intersección;Bueno;Buena;Diurna;Buen Tiempo;Múltiple;S/D;Colisión;Ninguna;Faltante
8610;2021;30/10/2021;Sabado;;;0.0;2;Automóvil,Moto/Ciclomotor; ;2;0;0;1;0;0;S/D;ESPERANZA;Constitución;S/D;S/D;XI;S/D;S/D;Otra Señal;S/D;Intersección;S/D;S/D;S/D;S/D;Múltiple;S/D;Colisión;S/D;S/D
8611;2021;30/10/2021;Sabado;12:00:00;Autopista Nacional Rosario -Cordoba;282.0;1;Automóvil; ;2;1;0;0;0;0;Autopista;GENERAL LAGOS;Constitución;Asfalto;Pavimento;II;Fuera;Rural;Otra Señal;No existe;Intersección;Bueno;S/D;Diurna;S/D;Múltiple;S/D;Colisión;Ninguna;Horizontal
8612;2021;30/10/2021;Sabado;;Ruta Provincial 70;0.0;2;Pickup/Utilitario,Moto/Ciclomotor; ;3;1;0;1;0;0;Ruta;RAFAELA;Constitución;Asfalto;No existe;V;Dentro;Urbana;Otra Señal;Funciona;Intersección;Bueno;Buena;S/D;S/D;Múltiple;S/D;Colisión;S/D;Horizontal,Vertical
8613;2021;30/10/2021;Sabado;;;0.0;2;Moto/Ciclomotor,Moto/Ciclomotor;América Y Gobernador Crespo;2;1;0;0;0;0;Calle;RAFAELA;Constitución;Asfalto;No existe;V;Dentro;Urbana;Otra Señal;No existe;Intersección;Bueno;S/D;S/D;S/D;Múltiple;S/D;Colisión;S/D;Faltante
8614;2021;30/10/2021;Sabado;13:30:00;Autopista Nacional 9;280.0;1;Automóvil; ;3;2;0;0;0;0;Autopista;PUEBLO ESTHER;Constitución;Asfalto;Natural;V;Dentro;Urbana;Otra Señal;No existe;Intersección;S/D;S/D;Diurna;S/D;Múltiple;S/D;Colisión;S/D;Horizontal
8615;2021;30/10/2021;Sabado;22:00:00;;0.0;2;Automóvil,Bicicleta;Bv. Avellaneda Y Bv. Seguí;2;0;0;0;0;1;Avenida;ROSARIO;Rosario;Asfalto;No existe;II;Dentro;Urbana;Otra Señal;Funciona;Intersección;S/D;S/D;Nocturna;S/D;Múltiple;Ciclista;Colisión;S/D;Horizontal,Vertical
8616;2021;31/10/2021;Domingo;00:05:00;Ruta Nacional 11;318.0;1;Automóvil; ;2;1;0;0;1;0;Ruta;CAPITÁN BERMÚDEZ;San Lorenzo;Asfalto;Natural;XVII;S/D;Rural;Otra Señal;No existe;Intersección;Bueno;S/D;Nocturna;S/D;Múltiple;S/D;Colisión;S/D;Faltante
8617;2021;31/10/2021;Domingo;20:40:00;Ruta Secundaria 83-s;19.0;2;Peatón,Automóvil;Ruta Provincial 83-s ;2;0;0;1;1;0;Ruta;LA GALLARETA;Vera;Asfalto;S/D;XIX;S/D;Rural;Otra Señal;S/D;Intersección;S/D;S/D;Nocturna;S/D;Múltiple;Peatón;Colisión;S/D;S/D
8618;2021;31/10/2021;Domingo;20:15:00;;0.0;2;Moto/Ciclomotor,Moto/Ciclomotor;Calle 34 3540;2;0;0;0;1;1;Calle;RECONQUISTA;General Obligado;S/D;S/D;IX;S/D;Urbana;Otra Señal;S/D;Intersección;S/D;S/D;Nocturna;S/D;Múltiple;S/D;Colisión;S/D;S/D
8619;2021;31/10/2021;Domingo;20:10:00;;0.0;2;Moto/Ciclomotor,Automóvil;Chaparro Y White;3;2;0;1;0;0;Calle;ROSARIO;Rosario;Asfalto;No existe;II;Dentro;Urbana;Otra Señal;No existe;Intersección;Bueno;Buena;Diurna;Buen Tiempo;Múltiple;S/D;Colisión;Ninguna;Faltante
8620;2021;31/10/2021;Domingo;01:00:00;;0.0;2;Moto/Ciclomotor,Automóvil;San Lorenzo 600;3;2;0;1;0;0;Calle;ÁLVAREZ;Constitución;Ripio;No existe;II;Dentro;Urbana;Otra Señal;No existe;Intersección;Bueno;Buena;Nocturna;Buen Tiempo;Múltiple;S/D;Colisión;Ninguna;Faltante
8621;2021;31/10/2021;Domingo;01:50:00;;0.0;2;Moto/Ciclomotor,Taxi/Remis;Av. A del Valle Y J P López;2;1;0;1;0;0;Avenida;SANTA FE;Constitución;Asfalto;No existe;I;Dentro;Urbana;Otra Señal;Funciona;Intersección;Bueno;Buena;Nocturna;Buen Tiempo;Múltiple;S/D;Colisión;Ninguna;Horizontal,Vertical
8622;2021;31/10/2021;Domingo;08:00:00;Ruta Nacional 11;598.5;1;Moto/Ciclomotor; ;1;1;0;0;0;0;Ruta;MARCELINO ESCALADA;Constitución;Asfalto;Natural;XVI;Fuera;Rural;Otra Señal;No existe;Intersección;Bueno;Buena;Diurna;Buen Tiempo;Múltiple;S/D;Colisión;Ninguna;Horizontal
8623;2021;31/10/2021;Domingo;00:30:00;;0.0;2;Moto/Ciclomotor,Pickup/Utilitario;Belgrano 1776;2;1;0;1;0;0;Calle;SAN JUSTO;Constitución;Asfalto;No existe;XVI;Dentro;Urbana;Otra Señal;No existe;Intersección;Bueno;Buena;Nocturna;Buen Tiempo;Múltiple;S/D;Colisión;Ninguna;Faltante
8624;2021;31/10/2021;Domingo;13:30:00;Ruta Nacional 11;0.0;2;Moto/Ciclomotor,Moto/Ciclomotor;San Martin ;2;1;0;1;0;0;Ruta;CALCHAQUÍ;Constitución;Asfalto;No existe;XIX;Dentro;Urbana;Otra Señal;Funciona;Intersección;Bueno;Buena;Diurna;Buen Tiempo;Múltiple;S/D;Colisión;Ninguna;Horizontal,Vertical
8625;2021;31/10/2021;Domingo;03:30:00;;0.0;2;Moto/Ciclomotor,Pickup/Utilitario;Alvear Y Rosario;5;4;0;1;0;0;Calle;VERA;Constitución;Asfalto;No existe;XIX;Dentro;Urbana;Otra Señal;No existe;Intersección;Bueno;Buena;Nocturna;Buen Tiempo;Múltiple;S/D;Colisión;Ninguna;Faltante
8626;2021;31/10/2021;Domingo;02:30:00;;0.0;1;Moto/Ciclomotor;Buenos Aires Y Urquiza;1;1;0;0;0;0;Calle;VERA;Constitución;Asfalto;No existe;XIX;Dentro;Urbana;Otra Señal;No existe;Intersección;Ahuellamiento;Buena;Nocturna;Buen Tiempo;Múltiple;S/D;Colisión;Ninguna;Faltante
8627;2021;31/10/2021;Domingo;19:40:00;Ruta Provincial 6;60.5;3;Camión c / Acoplado,Automóvil,Automóvil; ;5;1;0;4;0;0;Ruta;FRANCK;Constitución;Asfalto;Natural;XI;Dentro;Rural;Otra Señal;No existe;Intersección;Bueno;Buena;Nocturna;Buen Tiempo;Múltiple;S/D;Colisión;Ninguna;Horizontal
8628;2021;31/10/2021;Domingo;19:30:00;;0.0;2;Moto/Ciclomotor,Automóvil;Entre Ríos Y Mitre;3;2;0;1;0;0;Calle;SAN CARLOS CENTRO;Constitución;Ripio;No existe;XI;Dentro;Urbana;Otra Señal;No existe;Intersección;Bueno;Buena;Nocturna,Con luz artificial;Buen Tiempo;Múltiple;S/D;Colisión;Ninguna;Faltante
8629;2021;31/10/2021;Domingo;07:25:00;;0.0;1;Automóvil;Brasil Y Dr. Ricardo Fischer;1;1;0;0;0;0;Calle;ARMSTRONG;Constitución;Asfalto;No existe;II;Dentro;Urbana;Otra Señal;No existe;Intersección;Bueno;Buena;Diurna;Buen Tiempo;Múltiple;S/D;Colisión;Ninguna;Vertical
8630;2021;31/10/2021;Domingo;;Ruta Provincial 1;0.0;2;Peatón,Automóvil; ;2;1;0;1;0;0;Ruta;HELVECIA;Constitución;Asfalto;S/D;VII;Dentro;Urbana;Otra Señal;S/D;Intersección;S/D;S/D;S/D;S/D;Múltiple;Peatón;Colisión;S/D;S/D
8631;2021;31/10/2021;Domingo;00:15:00;Ruta Provincial 1;49.0;2;Pickup/Utilitario,Moto/Ciclomotor; ;2;0;0;1;0;0;Ruta;SANTA ROSA DE CALCHINES;Constitución;Asfalto;Natural;VII;Dentro;Rural;Otra Señal;No existe;Intersección;Bueno;Buena;Nocturna;Buen Tiempo;Múltiple;S/D;Colisión;S/D;Horizontal
8632;2021;31/10/2021;Domingo;23:00:00;;0.0;1;Moto/Ciclomotor; ;1;1;0;0;0;0;Calle;FORTÍN OLMOS;Constitución;S/D;No existe;XIX;Dentro;Urbana;Otra Señal;No existe;Intersección;S/D;S/D;Nocturna;S/D;Múltiple;S/D;Colisión;Material Suelto;S/D
8633;2021;31/10/2021;Domingo;11:40:00;;0.0;2;Peatón,Automóvil;Dr. Héctor López ;2;1;0;0;0;1;Calle;CORONDA;Constitución;S/D;S/D;XV;Dentro;Urbana;Otra Señal;S/D;Intersección;S/D;S/D;Diurna;S/D;Múltiple;Ciclista;Colisión;S/D;S/D
8634;2021;31/10/2021;Domingo;10:00:00;Ruta Provincial 94;34.0;1;Automóvil; ;1;1;0;0;0;0;Ruta;VILLA CAÑAS;Constitución;Asfalto;No existe;VIII;Dentro;Rural;Otra Señal;No existe;Intersección;Bueno;Buena;Diurna;Buen Tiempo;Múltiple;S/D;Colisión;Ninguna;Horizontal
8635;2021;31/10/2021;Domingo;;;0.0;2;Moto/Ciclomotor,Pickup/Utilitario; ;2;1;0;0;0;1;S/D;FRANCK;Constitución;S/D;S/D;XI;S/D;S/D;Otra Señal;S/D;Intersección;S/D;S/D;S/D;S/D;Múltiple;S/D;Colisión;S/D;S/D
8636;2021;31/10/2021;Domingo;07:10:00;Ruta Provincial 1;2.0;1;Automóvil; ;2;1;0;1;0;0;Ruta;COLASTINE;Constitución;Asfalto;Pavimento;I;Dentro;Urbana;Otra Señal;No existe;Intersección;Bueno;Buena;Diurna;Buen Tiempo;Múltiple;S/D;Colisión;Ninguna;Horizontal
8637;2021;31/10/2021;Domingo;13:50:00;Ruta Nacional 8;0.0;1;Automóvil; ;1;1;0;0;0;0;Ruta;VENADO TUERTO;Constitución;Asfalto;Natural;VIII;Fuera;Rural;Otra Señal;No existe;Intersección;S/D;S/D;Diurna;S/D;Múltiple;S/D;Colisión;S/D;Horizontal
8638;2021;31/10/2021;Domingo;;;0.0;2;Moto/Ciclomotor,Pickup/Utilitario;Limite de Propiedad Y Calle 60;2;0;0;1;0;0;Calle;FRONTERA;Constitución;Asfalto;No existe;V;Dentro;Urbana;Otra Señal;No existe;Intersección;Bueno;S/D;S/D;S/D;Múltiple;S/D;Colisión;Ninguna;Faltante
8639;2021;31/10/2021;Domingo;;Ruta Nacional 11;0.0;1;Moto/Ciclomotor;Av. San Martin Y Julián Cervera;1;1;0;0;0;0;Ruta;SAN LORENZO;Constitución;Asfalto;No existe;XVII;Dentro;Urbana;Otra Señal;No existe;Intersección;Bueno;S/D;S/D;S/D;Múltiple;S/D;Colisión;Ninguna;Vertical
8640;2021;31/10/2021;Domingo;00:05:00;;0.0;1;Moto/Ciclomotor;Mendoza 8000;1;1;0;0;0;0;Calle;ROSARIO;Constitución;Asfalto;No existe;II;Dentro;Urbana;Otra Señal;No existe;Intersección;Bueno;S/D;Nocturna;S/D;Múltiple;S/D;Colisión;Ninguna;Faltante
8641;2021;31/10/2021;Domingo;07:15:00;Autopista Nacional Gral. Juan Jose Valle;99.0;2;Camión c / Acoplado,Camión Chasis; ;3;0;0;2;0;0;Autopista;AROCENA;Constitución;Asfalto;Natural;XV;Dentro;Rural;Otra Señal;No existe;Intersección;Bueno;Buena;Diurna;Buen Tiempo;Múltiple;S/D;Colisión;Ninguna;Horizontal
8642;2021;31/10/2021;Domingo;06:30:00;;0.0;1;Bicicleta;Bv. Seguí ;1;0;0;0;0;0;Avenida;ROSARIO;Rosario;Asfalto;S/D;II;Dentro;Urbana;Otra Señal;S/D;Intersección;S/D;S/D;Diurna;S/D;Múltiple;S/D;Colisión;S/D;S/D
8643;2021;1/11/2021;Lunes;13:00:00;Ruta Provincial 2;0.0;2;Moto/Ciclomotor,Automóvil;Ruta pcial 2 Av. San Martin 5800;2;1;0;1;0;0;Ruta;MONTE VERA;Constitución;Asfalto;Ripio;I;Dentro;Urbana;Otra Señal;No existe;Intersección;Bueno;Buena;Diurna;Otro;Múltiple;S/D;Colisión;Ninguna;Faltante
8644;2021;1/11/2021;Lunes;10:40:00;;0.0;2;Moto/Ciclomotor,Moto/Ciclomotor;La Rioja Y J Macia;2;1;0;1;0;0;S/D;SANTO TOMÉ;Constitución;Asfalto;No existe;I;Dentro;Urbana;Otra Señal;No existe;Intersección;Bueno;Buena;Diurna;Buen Tiempo;Múltiple;S/D;Colisión;Ninguna;Faltante
8645;2021;1/11/2021;Lunes;05:55:00;;0.0;2;Moto/Ciclomotor,Automóvil;Padre Genesio Y Alvear;2;1;0;0;0;1;Avenida;SANTA FE;Constitución;S/D;No existe;I;Dentro;Urbana;Otra Señal;No existe;Intersección;Otro;Reducida;Diurna;Otro;Múltiple;S/D;Colisión;Otro;Faltante
8646;2021;1/11/2021;Lunes;18:10:00;;0.0;2;Moto/Ciclomotor,Automóvil;Martin Zapata 2500;2;1;0;1;0;0;Avenida;SANTA FE;Constitución;Asfalto;No existe;I;S/D;Urbana;Otra Señal;No existe;Intersección;Bueno;Buena;Diurna;Buen Tiempo;Múltiple;S/D;Colisión;Ninguna;S/D
8647;2021;1/11/2021;Lunes;08:30:00;;0.0;2;Pickup/Utilitario,Bicicleta;Dr. Zavalla 1300;2;0;0;1;0;1;Calle;SANTA FE;Constitución;Asfalto;Pavimento;I;Dentro;Urbana;Otra Señal;No existe;Intersección;Bueno;Buena;S/D;Buen Tiempo;Múltiple;Ciclista;Colisión;Ninguna;Horizontal