ID_Accidente;A�o;Fecha;Dia;Hopra;Ruta/Autop;km;Participantes;Tipo;Lugar;Total;Heridos Leves;Heridos Graves;Ilesos;Fallecidos;Sin datos;desc_tipo_via;desc_loc;desc_dpto;|;desc_tipo_banquina;desc_unidad_regional;desc_lugar_calzada;desc_zona;desc_prioridad;desc_estado_semaforo;desc_lugar_via;desc_estado_via;desc_estado_visibilidad;desc_luminosidad;desc_estado_clima;desc_tipo_colision;desc_tipo_atropello;desc_tipo_hecho;desc_pres_calzada;desc_senializacion
8648;2021;1/11/2021;Lunes;11:10:00;;0.0;2;Automóvil,Moto/Ciclomotor;Saavedra Y Uruguay;3;2;0;1;0;0;Calle;SANTA FE;Constitución;Asfalto;No existe;I;Dentro;Urbana;Otra Señal;No existe;Intersección;Bueno;Buena;Diurna;Buen Tiempo;Múltiple;S/D;Colisión;Ninguna;Horizontal
8649;2021;1/11/2021;Lunes;;;0.0;2;Pickup/Utilitario,Moto/Ciclomotor;Av. Urquiza Y J J Paso;3;2;0;1;0;0;Calle;SANTA FE;Constitución;Asfalto;Pavimento;I;Fuera;Urbana;Otra Señal;No existe;Intersección;Bueno;Buena;Diurna;Buen Tiempo;Múltiple;S/D;Colisión;Ninguna;Faltante
8650;2021;1/11/2021;Lunes;19:20:00;Ruta Provincial 21;0.0;2;Moto/Ciclomotor,Automóvil; ;3;2;0;0;0;1;Ruta;ALVEAR;Constitución;S/D;S/D;II;S/D;Urbana;Otra Señal;S/D;Intersección;S/D;S/D;S/D;S/D;Múltiple;S/D;Colisión;S/D;S/D
8651;2021;1/11/2021;Lunes;12:50:00;;0.0;1;Moto/Ciclomotor;Laprida Y Av. Juan Domingo Perón;2;2;0;0;0;0;Calle;VILLA GOBERNADOR GÁLVEZ;Constitución;Asfalto;No existe;II;Dentro;Urbana;Otra Señal;No existe;Intersección;Bueno;Buena;Diurna;Buen Tiempo;Múltiple;S/D;Colisión;Ninguna;Faltante
8652;2021;1/11/2021;Lunes;18:50:00;;0.0;2;Moto/Ciclomotor,Transporte de Pasajeros (H/ 8 asientos);Av. Juan Domingo Perón Y Bv San diego;2;1;0;1;0;0;Calle;VILLA GOBERNADOR GÁLVEZ;Constitución;Asfalto;No existe;II;Dentro;Urbana;Otra Señal;Funciona;Intersección;Bueno;Buena;Atardecer;Buen Tiempo;Múltiple;S/D;Colisión;Ninguna;Faltante
8653;2021;1/11/2021;Lunes;17:45:00;;0.0;2;Moto/Ciclomotor,Automóvil;Av. Provincias Unidas Y Marcos Paz;2;1;0;1;0;0;Avenida;ROSARIO;Constitución;Asfalto;No existe;II;Dentro;Urbana;Otra Señal;Funciona;Intersección;Resbaladiza;Reducida;Diurna;Lluvia;Múltiple;S/D;Colisión;Agua;S/D
8654;2021;1/11/2021;Lunes;10:45:00;;0.0;2;Automóvil,Moto/Ciclomotor;Mitre ;3;1;0;2;0;0;Calle;CALCHAQUÍ;Constitución;Asfalto;S/D;XIX;Dentro;Urbana;Otra Señal;No existe;Intersección;S/D;Buena;Diurna;S/D;Múltiple;S/D;Colisión;S/D;S/D
8655;2021;1/11/2021;Lunes;02:15:00;Ruta Nacional 11;0.0;2;Moto/Ciclomotor,Automóvil;9 de Julio ;2;1;0;1;0;0;Ruta;SAN JUSTO;Constitución;Asfalto;Pavimento;XVI;S/D;Urbana;Otra Señal;Funciona;Intersección;Bueno;Buena;Nocturna;Buen Tiempo;Múltiple;S/D;Colisión;Ninguna;S/D
8656;2021;1/11/2021;Lunes;19:45:00;;0.0;2;Pickup/Utilitario,Moto/Ciclomotor;Av. San Martin Y Francia;2;1;0;1;0;0;Avenida;SAN LORENZO;Constitución;Asfalto;S/D;XVII;Dentro;Urbana;Otra Señal;S/D;Intersección;S/D;S/D;S/D;S/D;Múltiple;S/D;Colisión;S/D;S/D
8657;2021;1/11/2021;Lunes;11:30:00;;0.0;2;Moto/Ciclomotor,Automóvil;Bv Pellegrini Y Córdoba;2;1;0;1;0;0;S/D;ROLDÁN;Constitución;Asfalto;S/D;XVII;S/D;S/D;Otra Señal;No existe;Intersección;Bueno;S/D;S/D;S/D;Múltiple;S/D;Colisión;S/D;S/D
8658;2021;1/11/2021;Lunes;11:05:00;;0.0;2;Moto/Ciclomotor,Automóvil;Richieri ;3;1;0;2;0;0;S/D;SAN LORENZO;Constitución;S/D;S/D;XVII;S/D;Urbana;Otra Señal;S/D;Intersección;S/D;S/D;S/D;S/D;Múltiple;S/D;Colisión;S/D;S/D
8659;2021;1/11/2021;Lunes;;;0.0;2;Moto/Ciclomotor,Moto/Ciclomotor; ;2;2;0;0;0;0;S/D;ESPERANZA;Constitución;S/D;S/D;XI;S/D;S/D;Otra Señal;S/D;Intersección;S/D;S/D;S/D;S/D;Múltiple;S/D;Colisión;S/D;S/D
8660;2021;1/11/2021;Lunes;07:30:00;;0.0;2;Automóvil,Automóvil; ;2;2;0;0;0;0;S/D;ROLDÁN;Constitución;S/D;S/D;XVII;S/D;S/D;Otra Señal;S/D;Intersección;S/D;S/D;S/D;S/D;Múltiple;S/D;Colisión;S/D;S/D
8661;2021;1/11/2021;Lunes;14:25:00;;0.0;2;Automóvil,Pickup/Utilitario; ;4;4;0;0;0;0;S/D;CAPITÁN BERMÚDEZ;Constitución;S/D;S/D;XVII;S/D;S/D;Otra Señal;S/D;Intersección;S/D;S/D;S/D;S/D;Múltiple;S/D;Colisión;S/D;S/D
8662;2021;1/11/2021;Lunes;19:00:00;;0.0;2;Moto/Ciclomotor,Bicicleta;Calle 24 - Olessio 2900;2;1;0;1;0;0;Calle;RECONQUISTA;Constitución;S/D;S/D;IX;Dentro;Urbana;Otra Señal;S/D;Intersección;S/D;S/D;S/D;S/D;Múltiple;Ciclista;Colisión;S/D;S/D
8663;2021;1/11/2021;Lunes;15:00:00;;0.0;1;Moto/Ciclomotor;Suipacha Y 9 De Julio;1;1;0;0;0;0;Calle;ROSARIO;Constitución;S/D;S/D;II;Dentro;Urbana;Otra Señal;S/D;Intersección;S/D;S/D;S/D;S/D;Múltiple;S/D;Colisión;S/D;S/D
8664;2021;1/11/2021;Lunes;16:00:00;Ruta Nacional 34;0.0;1;Moto/Ciclomotor;Varela ;1;1;0;0;0;0;Ruta;ROSARIO;Constitución;S/D;S/D;II;Dentro;Urbana;Otra Señal;S/D;Intersección;S/D;S/D;S/D;S/D;Múltiple;S/D;Colisión;S/D;S/D
8665;2021;1/11/2021;Lunes;08:50:00;;0.0;1;Moto/Ciclomotor;Pje. Eva Perón ;1;1;0;0;0;0;Calle;ROSARIO;Constitución;S/D;S/D;II;Dentro;Urbana;Otra Señal;S/D;Intersección;S/D;S/D;S/D;S/D;Múltiple;S/D;Colisión;S/D;S/D
8666;2021;1/11/2021;Lunes;00:00:00;;0.0;1;Moto/Ciclomotor; ;1;1;0;0;0;0;Calle;ROSARIO;Constitución;S/D;S/D;II;Dentro;Urbana;Otra Señal;S/D;Intersección;S/D;S/D;S/D;S/D;Múltiple;S/D;Colisión;S/D;S/D
8667;2021;1/11/2021;Lunes;12:30:00;;0.0;1;Automóvil;Santa Fe 4600;1;1;0;0;0;0;Calle;ROSARIO;Constitución;S/D;S/D;II;Dentro;Urbana;Otra Señal;S/D;Intersección;S/D;S/D;S/D;S/D;Múltiple;S/D;Colisión;S/D;S/D
8668;2021;1/11/2021;Lunes;;;0.0;1;Moto/Ciclomotor; ;1;1;0;0;0;0;Calle;ROSARIO;Constitución;S/D;S/D;II;Dentro;Urbana;Otra Señal;S/D;Intersección;S/D;S/D;S/D;S/D;Múltiple;S/D;Colisión;S/D;S/D
8669;2021;1/11/2021;Lunes;21:30:00;;0.0;1;Moto/Ciclomotor;Bv. Seguí Y Bv. Oroño;1;1;0;0;0;0;Calle;ROSARIO;Constitución;S/D;S/D;II;Dentro;Urbana;Otra Señal;S/D;Intersección;S/D;S/D;S/D;S/D;Múltiple;S/D;Colisión;S/D;S/D
8670;2021;1/11/2021;Lunes;21:00:00;;0.0;1;Moto/Ciclomotor;Av. Candioti 2500;1;0;0;0;0;0;Avenida;LAGUNA PAIVA;Constitución;Asfalto;Ripio;I;Dentro;Urbana;Otra Señal;No existe;Intersección;Bueno;Buena;Diurna;Buen Tiempo;Múltiple;S/D;Colisión;Ninguna;Horizontal
8671;2021;1/11/2021;Lunes;19:30:00;;0.0;2;Moto/Ciclomotor,Automóvil;Av. Facundo Zuviria Y Vieytes;3;1;0;1;0;0;Avenida;SANTA FE;Constitución;Asfalto;Pavimento;I;S/D;Urbana;Otra Señal;No existe;Intersección;Bueno;Buena;Atardecer;Buen Tiempo;Múltiple;S/D;Colisión;Ninguna;S/D
8672;2021;1/11/2021;Lunes;12:45:00;;0.0;2;Moto/Ciclomotor,Automóvil;Francia Y Primera Junta;3;1;0;1;0;0;Calle;SANTA FE;La Capital;S/D;S/D;I;Dentro;Urbana;Otra Señal;S/D;Intersección;S/D;S/D;S/D;S/D;Múltiple;S/D;Colisión;S/D;S/D
8673;2021;1/11/2021;Lunes;18:30:00;;0.0;1;Bicicleta;Av. Facundo Zuviria 7000;1;0;0;0;0;0;Avenida;SANTA FE;La Capital;S/D;S/D;I;Dentro;Urbana;Otra Señal;S/D;Intersección;S/D;S/D;S/D;S/D;Múltiple;Ciclista;Colisión;S/D;S/D
8674;2021;2/11/2021;Martes;;;0.0;2;Automóvil,Moto/Ciclomotor;Azopardo Y Reg. 12 de Infantería;2;1;0;1;0;0;Calle;SANTA FE;Constitución;Asfalto;No existe;I;Dentro;Urbana;Otra Señal;No existe;Intersección;Bueno;Buena;Diurna;Buen Tiempo;Múltiple;S/D;Colisión;Ninguna;Faltante
8675;2021;2/11/2021;Martes;07:40:00;Ruta Provincial 2;0.0;2;Moto/Ciclomotor,Automóvil; ;2;1;0;1;0;0;Ruta;MONTE VERA;Constitución;Asfalto;Pavimento;I;Fuera;Rural;Otra Señal;No existe;Intersección;Bueno;Reducida;Amanecer;Buen Tiempo;Múltiple;S/D;Colisión;Ninguna;Faltante
8676;2021;2/11/2021;Martes;22:45:00;Ruta Nacional 11;0.0;2;Automóvil,Moto/Ciclomotor;Calle 12 - Mate ;2;1;0;1;0;0;Ruta;SAUCE VIEJO;Constitución;Asfalto;Ripio;I;S/D;Urbana;Otra Señal;No existe;Intersección;Bueno;Reducida;Nocturna;Buen Tiempo;Múltiple;S/D;Colisión;Ninguna;Faltante
8677;2021;2/11/2021;Martes;07:55:00;;0.0;2;Moto/Ciclomotor,Automóvil;Alberti Y Güemes;2;0;0;0;0;2;Avenida;SANTA FE;Constitución;S/D;No existe;I;Dentro;Urbana;Otra Señal;S/D;Intersección;Otro;Reducida;S/D;Otro;Múltiple;S/D;Colisión;Otro;Faltante
8678;2021;2/11/2021;Martes;16:15:00;;0.0;2;Otros,Transporte de Pasajeros (H/ 8 asientos);Av. A del Valle Y Ángel Cassanello;2;1;0;1;0;0;Avenida;SANTA FE;Constitución;S/D;No existe;I;S/D;Urbana;Otra Señal;No existe;Intersección;Bueno;Buena;Diurna;Buen Tiempo;Múltiple;S/D;Colisión;Ninguna;S/D
8679;2021;2/11/2021;Martes;;;0.0;2;Bicicleta,Pickup/Utilitario;Pedro Centeno Y Perú;2;0;0;0;0;2;Calle;SANTA FE;Constitución;Asfalto;No existe;I;Dentro;Urbana;Otra Señal;Funciona;Intersección;Bueno;Buena;Diurna;Buen Tiempo;Múltiple;Ciclista;Colisión;Ninguna;Vertical
8680;2021;2/11/2021;Martes;15:50:00;;0.0;2;Moto/Ciclomotor,Automóvil;Av. Peñaloza Y Martin Zapata;2;1;0;1;0;0;Avenida;SANTA FE;Constitución;Asfalto;No existe;I;S/D;Urbana;Otra Señal;Funciona;Intersección;Bueno;Buena;Diurna;Buen Tiempo;Múltiple;S/D;Colisión;Ninguna;Vertical
8681;2021;2/11/2021;Martes;12:50:00;;0.0;2;Bicicleta,Pickup/Utilitario;Av. López y Planes Y Artigas;2;1;0;1;0;0;Avenida;SANTA FE;Constitución;Asfalto;No existe;I;S/D;Urbana;Otra Señal;Funciona;Intersección;Bueno;Buena;Diurna;Buen Tiempo;Múltiple;Ciclista;Colisión;Ninguna;Vertical
8682;2021;2/11/2021;Martes;17:30:00;;0.0;2;Automóvil,Moto/Ciclomotor;Francia Y Corrientes;2;1;0;0;0;1;Calle;SANTA FE;Constitución;Asfalto;Pavimento;I;Dentro;Urbana;Otra Señal;No existe;Intersección;Bueno;Buena;Diurna;Buen Tiempo;Múltiple;S/D;Colisión;Ninguna;Faltante
8683;2021;2/11/2021;Martes;20:00:00;;0.0;2;Moto/Ciclomotor,Automóvil;J J Paso Y 4 de Enero;2;1;0;1;0;0;Calle;SANTA FE;Constitución;Asfalto;Pavimento;I;Dentro;Urbana;Otra Señal;No existe;Intersección;Bueno;Buena;Nocturna,Con luz artificial;Buen Tiempo;Múltiple;S/D;Colisión;Ninguna;S/D
8684;2021;2/11/2021;Martes;22:30:00;;0.0;2;Automóvil,Moto/Ciclomotor;Brasil Y Ituzaingó;2;0;0;0;0;2;S/D;ROSARIO;Constitución;Asfalto;S/D;II;S/D;S/D;Otra Señal;S/D;Intersección;Bueno;Buena;Diurna;Buen Tiempo;Múltiple;S/D;Colisión;Ninguna;S/D
8685;2021;2/11/2021;Martes;21:30:00;;0.0;2;Moto/Ciclomotor,Moto/Ciclomotor;G López Y San Juan;3;1;0;2;0;0;S/D;VILLA GOBERNADOR GÁLVEZ;Constitución;Asfalto;S/D;II;S/D;S/D;Otra Señal;S/D;Intersección;Bueno;S/D;S/D;Buen Tiempo;Múltiple;S/D;Colisión;Ninguna;Faltante
8686;2021;2/11/2021;Martes;16:08:00;;0.0;2;Moto/Ciclomotor,Automóvil;Necochea Y Amenábar;2;1;0;1;0;0;Calle;ROSARIO;Constitución;Asfalto;No existe;II;Dentro;Urbana;Otra Señal;No existe;Intersección;Bueno;Buena;Diurna;Buen Tiempo;Múltiple;S/D;Colisión;Ninguna;Faltante
8687;2021;2/11/2021;Martes;03:50:00;Ruta Nacional 19;0.0;1;Pickup/Utilitario; ;5;1;0;4;0;0;Ruta;ESTACIÓN CLUCELLAS;Constitución;Hormigón;Natural;V;Dentro;Rural;Otra Señal;No existe;Intersección;Bueno;S/D;Nocturna;S/D;Múltiple;S/D;Colisión;Agua;Horizontal
8688;2021;2/11/2021;Martes;00:50:00;;0.0;1;Moto/Ciclomotor;Av. San Martin Y Cayetano Nerbutti;1;1;0;0;0;0;Calle;PUERTO SAN MARTÍN;Constitución;Asfalto;No existe;XVII;Dentro;Urbana;Otra Señal;No existe;Intersección;Bueno;Buena;Nocturna;Buen Tiempo;Múltiple;S/D;Colisión;Otro;Faltante
8689;2021;2/11/2021;Martes;13:40:00;;0.0;2;Moto/Ciclomotor,Automóvil;La Paz Y Chaco;2;1;0;1;0;0;Calle;PUERTO SAN MARTÍN;Constitución;Asfalto;No existe;XVII;Dentro;Urbana;Otra Señal;No existe;Intersección;Bueno;Buena;Diurna;Buen Tiempo;Múltiple;S/D;Colisión;Ninguna;Faltante
8690;2021;2/11/2021;Martes;;;0.0;2;Moto/Ciclomotor,Automóvil;J Castelli Y Av. Blas Parera;2;2;0;0;0;0;Avenida;SANTA FE;Constitución;S/D;S/D;I;Dentro;Urbana;Otra Señal;S/D;Intersección;S/D;S/D;S/D;S/D;Múltiple;S/D;Colisión;S/D;S/D
8691;2021;2/11/2021;Martes;;;0.0;2;Moto/Ciclomotor,Moto/Ciclomotor; ;2;2;0;0;0;0;Calle;ESPERANZA;Constitución;S/D;S/D;XI;S/D;S/D;Otra Señal;S/D;Intersección;S/D;S/D;S/D;S/D;Múltiple;S/D;Colisión;S/D;S/D
8692;2021;2/11/2021;Martes;10:20:00;;0.0;2;Automóvil,Tren;Córdoba ;2;1;0;0;0;1;Calle;PUERTO SAN MARTÍN;Constitución;S/D;S/D;XVII;Dentro;Urbana;Otra Señal;S/D;Intersección;S/D;S/D;S/D;S/D;Múltiple;S/D;Colisión;S/D;S/D
8693;2021;2/11/2021;Martes;09:10:00;;0.0;2;Moto/Ciclomotor,Automóvil;25 de Mayo Y Santa Fe;2;1;0;1;0;0;Calle;VENADO TUERTO;Constitución;S/D;S/D;VIII;Dentro;Urbana;Otra Señal;S/D;Intersección;S/D;S/D;S/D;S/D;Múltiple;S/D;Colisión;S/D;S/D
8694;2021;2/11/2021;Martes;14:12:00;;0.0;1;Moto/Ciclomotor;San Lorenzo 1200;1;1;0;0;0;0;Calle;VENADO TUERTO;Constitución;S/D;S/D;VIII;Dentro;Urbana;Otra Señal;S/D;Intersección;S/D;S/D;S/D;S/D;Múltiple;S/D;Colisión;S/D;S/D
8695;2021;2/11/2021;Martes;15:11:00;;0.0;2;Automóvil,Moto/Ciclomotor;Italia Y 9 de Julio;2;1;0;1;0;0;Calle;VENADO TUERTO;Constitución;S/D;S/D;VIII;Dentro;Urbana;Otra Señal;S/D;Intersección;S/D;S/D;S/D;S/D;Múltiple;S/D;Colisión;S/D;S/D
8696;2021;2/11/2021;Martes;18:00:00;;0.0;2;Moto/Ciclomotor,Otros;Florentino Ameghino Y Ciudad de Esperanza;2;1;0;1;0;0;Calle;RAFAELA;Constitución;S/D;S/D;V;Dentro;Urbana;Otra Señal;S/D;Intersección;S/D;S/D;S/D;S/D;Múltiple;S/D;Colisión;S/D;S/D
8697;2021;2/11/2021;Martes;13:00:00;Ruta Nacional 11;0.0;2;Moto/Ciclomotor,Automóvil; ;3;1;0;2;0;0;Ruta;RECONQUISTA;Constitución;S/D;S/D;IX;Dentro;Urbana;Otra Señal;S/D;Intersección;S/D;S/D;S/D;S/D;Múltiple;S/D;Colisión;S/D;S/D
8698;2021;2/11/2021;Martes;20:05:00;Ruta Provincial 32;0.0;2;Camión c / Acoplado,Automóvil; ;3;2;0;1;0;0;Ruta;VILLA OCAMPO;Constitución;S/D;S/D;IX;Dentro;Urbana;Otra Señal;S/D;Intersección;S/D;S/D;S/D;S/D;Múltiple;S/D;Colisión;S/D;S/D
8699;2021;2/11/2021;Martes;;;0.0;1;Camión c / Acoplado; ;1;1;0;0;0;0;S/D;BUSTINZA;Constitución;S/D;S/D;X;Dentro;Urbana;Otra Señal;S/D;Intersección;S/D;S/D;S/D;S/D;Múltiple;S/D;Colisión;S/D;S/D
8700;2021;2/11/2021;Martes;;;0.0;3;Automóvil,Moto/Ciclomotor,Moto/Ciclomotor;Gálvez Y Vera Mujica;4;3;0;1;0;0;Calle;ROSARIO;Constitución;S/D;S/D;II;Dentro;Urbana;Otra Señal;S/D;Intersección;S/D;S/D;S/D;S/D;Múltiple;S/D;Colisión;S/D;S/D
8701;2021;2/11/2021;Martes;;;0.0;2;Moto/Ciclomotor,Pickup/Utilitario;Ricchieri ;2;1;0;1;0;0;Calle;ROSARIO;Constitución;S/D;S/D;II;Dentro;Urbana;Otra Señal;S/D;Intersección;S/D;S/D;S/D;S/D;Múltiple;S/D;Colisión;S/D;S/D
8702;2021;2/11/2021;Martes;11:30:00;;0.0;1;Automóvil;Bv. Oroño Y Av. Pellegrini;1;1;0;0;0;0;Calle;ROSARIO;Constitución;S/D;S/D;II;Dentro;Urbana;Otra Señal;S/D;Intersección;S/D;S/D;S/D;S/D;Múltiple;S/D;Colisión;S/D;S/D
8703;2021;2/11/2021;Martes;20:00:00;;0.0;1;Moto/Ciclomotor;Mariano Moreno 900;1;1;0;0;0;0;Calle;ROSARIO;Constitución;S/D;S/D;II;Dentro;Urbana;Otra Señal;S/D;Intersección;S/D;S/D;S/D;S/D;Múltiple;S/D;Colisión;S/D;S/D
8704;2021;2/11/2021;Martes;22:45:00;;0.0;1;Moto/Ciclomotor; ;1;1;0;0;0;0;Calle;ROSARIO;Constitución;S/D;S/D;II;Dentro;Urbana;Otra Señal;S/D;Intersección;S/D;S/D;S/D;S/D;Múltiple;S/D;Colisión;S/D;S/D
8705;2021;2/11/2021;Martes;;;0.0;1;Moto/Ciclomotor; ;1;1;0;0;0;0;Calle;ROSARIO;Constitución;S/D;S/D;II;Dentro;Urbana;Otra Señal;S/D;Intersección;S/D;S/D;S/D;S/D;Múltiple;S/D;Colisión;S/D;S/D
8706;2021;2/11/2021;Martes;06:15:00;Ruta Nacional 11;0.0;2;Automóvil,Moto/Ciclomotor; ;3;2;0;0;0;0;Ruta;CORONDA;San JERÓNIMO;S/D;S/D;XV;Dentro;Urbana;Otra Señal;S/D;Intersección;S/D;S/D;S/D;S/D;Múltiple;S/D;Colisión;S/D;S/D
8707;2021;2/11/2021;Martes;;;0.0;1;Moto/Ciclomotor; ;1;0;0;0;0;0;Calle;ROSARIO;Rosario;S/D;S/D;II;Dentro;Urbana;Otra Señal;S/D;Intersección;S/D;S/D;S/D;S/D;Múltiple;S/D;Colisión;S/D;S/D
8708;2021;2/11/2021;Martes;;;0.0;1;Moto/Ciclomotor;Av. Las Palmeras ;1;0;0;0;0;0;Calle;PEREZ;Rosario;S/D;S/D;II;Dentro;Urbana;Otra Señal;S/D;Intersección;S/D;S/D;S/D;S/D;Múltiple;S/D;Colisión;S/D;S/D
8709;2021;3/11/2021;Miercoles;11:40:00;;0.0;2;Bicicleta,Automóvil;Bv Gálvez Y Candioti;2;0;0;1;1;0;Calle;SANTA FE;La Capital;Asfalto;No existe;I;S/D;Urbana;Otra Señal;Funciona;Intersección;Bueno;S/D;Diurna;S/D;Múltiple;Ciclista;Colisión;S/D;Vertical
8710;2021;3/11/2021;Miercoles;11:00:00;;0.0;2;Moto/Ciclomotor,Otros;Avenida 18 Y Calle 34 bis;3;1;0;2;0;0;Calle;LAS PAREJAS;Constitución;Ripio;No existe;III;Dentro;Urbana;Otra Señal;No existe;Intersección;Otro;Reducida;Nocturna,Con luz artificial;Buen Tiempo;Múltiple;S/D;Colisión;Ninguna;Horizontal
8711;2021;3/11/2021;Miercoles;14:35:00;;0.0;2;Moto/Ciclomotor,Automóvil;LIMA ;2;1;0;1;0;0;Avenida;ANGEL GALLARDO;Constitución;Asfalto;Ripio;I;Dentro;Urbana;Otra Señal;No existe;Intersección;Bueno;Buena;Diurna;Buen Tiempo;Múltiple;S/D;Colisión;Ninguna;Faltante
8712;2021;3/11/2021;Miercoles;13:00:00;;0.0;2;Camión c / Acoplado,Moto/Ciclomotor;Cibils José Y 3 de febrero;2;1;0;1;0;0;Calle;SANTO TOMÉ;Constitución;Tierra;S/D;I;Dentro;Urbana;Otra Señal;No existe;Intersección;Bueno;Buena;Diurna;Buen Tiempo;Múltiple;S/D;Colisión;Ninguna;Faltante
8713;2021;3/11/2021;Miercoles;18:20:00;;0.0;2;Taxi/Remis,Moto/Ciclomotor;Vicente López y Planes Y Mariano Moreno;2;1;0;1;0;0;S/D;SANTO TOMÉ;Constitución;Asfalto;No existe;I;S/D;Urbana;Otra Señal;No existe;Intersección;Bueno;Buena;Diurna;S/D;Múltiple;S/D;Colisión;Ninguna;Faltante
8714;2021;3/11/2021;Miercoles;20:35:00;;0.0;2;Peatón,Moto/Ciclomotor;9 de Julio 5800;2;1;0;1;0;0;Calle;SANTA FE;Constitución;S/D;No existe;I;S/D;Urbana;Otra Señal;No existe;Intersección;Bueno;Buena;Diurna;Buen Tiempo;Múltiple;Peatón;Colisión;Ninguna;S/D
8715;2021;3/11/2021;Miercoles;09:20:00;;0.0;2;Automóvil,Bicicleta;Bv Gálvez Y Candioti;2;1;0;1;0;0;Calle;SANTA FE;Constitución;Asfalto;No existe;I;Dentro;Urbana;Otra Señal;Funciona;Intersección;Bueno;S/D;Diurna;S/D;Múltiple;Ciclista;Colisión;S/D;S/D
8716;2021;3/11/2021;Miercoles;13:40:00;;0.0;2;Moto/Ciclomotor,Pickup/Utilitario;Mariano Comas Y San Jerónimo;2;1;0;1;0;0;Calle;SANTA FE;Constitución;Asfalto;Pavimento;I;Dentro;Urbana;Otra Señal;No existe;Intersección;Bueno;Buena;Diurna;Buen Tiempo;Múltiple;S/D;Colisión;Ninguna;Faltante
8717;2021;3/11/2021;Miercoles;06:27:00;;0.0;2;Pickup/Utilitario,Pickup/Utilitario;Mendoza Y Vera Mujica;5;2;0;3;0;0;Calle;ROSARIO;Constitución;Asfalto;No existe;II;Dentro;Urbana;Otra Señal;No existe;Intersección;Bueno;Buena;Amanecer;Buen Tiempo;Múltiple;S/D;Colisión;Ninguna;Faltante
8718;2021;3/11/2021;Miercoles;11:30:00;;0.0;2;Bicicleta,Automóvil;Rio Negro 6200;2;1;0;1;0;0;Calle;ROSARIO;Constitución;Asfalto;S/D;II;S/D;Urbana;Otra Señal;No existe;Intersección;Bueno;Buena;Diurna;Buen Tiempo;Múltiple;Ciclista;Colisión;Ninguna;Faltante
8719;2021;3/11/2021;Miercoles;15:35:00;;0.0;2;Automóvil,Bicicleta;Av. Provincias Unidas Y Mendoza;2;1;0;1;0;0;Avenida;ROSARIO;Constitución;Asfalto;S/D;II;Dentro;Urbana;Otra Señal;Funciona;Intersección;Bueno;Buena;Diurna;Buen Tiempo;Múltiple;Ciclista;Colisión;Ninguna;Horizontal,Vertical
8720;2021;3/11/2021;Miercoles;08:35:00;;0.0;2;Bicicleta,Automóvil;J.J.Paso Y Pje. Banco Nación;2;1;0;1;0;0;Calle;ROSARIO;Constitución;Asfalto;No existe;II;Dentro;Urbana;Otra Señal;No existe;Intersección;Bueno;Buena;Diurna;Buen Tiempo;Múltiple;Ciclista;Colisión;Ninguna;Faltante
8721;2021;3/11/2021;Miercoles;14:25:00;;0.0;2;Automóvil,Automóvil;Entre Ríos Y Ocampo;5;1;0;4;0;0;Calle;ROSARIO;Constitución;Asfalto;No existe;II;Dentro;Urbana;Otra Señal;No existe;Intersección;Bueno;Buena;Diurna;Buen Tiempo;Múltiple;S/D;Colisión;Ninguna;Faltante
8722;2021;3/11/2021;Miercoles;22:40:00;;0.0;2;Moto/Ciclomotor,Automóvil;San Martin ;2;1;0;1;0;0;Avenida;ROSARIO;Constitución;Asfalto;No existe;II;S/D;Urbana;Otra Señal;No existe;Intersección;Bueno;Buena;Nocturna,Con luz artificial;Buen Tiempo;Múltiple;S/D;Colisión;Ninguna;Faltante
8723;2021;3/11/2021;Miercoles;18:45:00;;0.0;2;Moto/Ciclomotor,Automóvil;N Figueredo Y Belgrano;2;1;0;1;0;0;Calle;SAN JUSTO;Constitución;Hormigón;No existe;XVI;Dentro;Urbana;Otra Señal;No existe;Intersección;Resbaladiza;Buena;Diurna;Buen Tiempo;Múltiple;S/D;Colisión;Agua;Faltante
8724;2021;3/11/2021;Miercoles;11:30:00;;0.0;2;Pickup/Utilitario,Automóvil;San Martin Y Malvinas Argentinas;2;0;0;0;0;2;Calle;CARCARAÑÁ;Constitución;Asfalto;No existe;XVII;S/D;Urbana;Otra Señal;No existe;Intersección;Bueno;Buena;Diurna;Buen Tiempo;Múltiple;S/D;Colisión;Ninguna;S/D
8725;2021;3/11/2021;Miercoles;;;0.0;2;Automóvil,Camión c / Acoplado; ;2;1;0;1;0;0;S/D;SAN LORENZO;Constitución;S/D;S/D;XVII;S/D;S/D;Otra Señal;S/D;Intersección;S/D;S/D;S/D;S/D;Múltiple;S/D;Colisión;S/D;S/D
8726;2021;3/11/2021;Miercoles;18:35:00;;0.0;2;Automóvil,Moto/Ciclomotor;Albert Sabin Y Almafuerte;2;1;0;1;0;0;S/D;ROSARIO;Constitución;Asfalto;S/D;II;S/D;Urbana;Otra Señal;Funciona;Intersección;Bueno;Buena;Atardecer;S/D;Múltiple;S/D;Colisión;Ninguna;S/D
8727;2021;3/11/2021;Miercoles;19:50:00;;0.0;2;Moto/Ciclomotor,Bicicleta;Calle 27-Gdor Freyre ;2;2;0;0;0;0;Calle;RECONQUISTA;Constitución;Asfalto;Pavimento;IX;Dentro;Urbana;Otra Señal;No existe;Intersección;Bueno;Buena;Nocturna;Buen Tiempo;Múltiple;Ciclista;Colisión;Ninguna;Vertical
8728;2021;3/11/2021;Miercoles;11:25:00;;0.0;2;Moto/Ciclomotor,Automóvil;Calle 10-Ludueña Y Calle 17-Bartolome Mitre;2;1;0;1;0;0;Calle;RECONQUISTA;Constitución;Asfalto;No existe;IX;Dentro;Urbana;Otra Señal;No existe;Intersección;Bueno;Buena;Diurna;Buen Tiempo;Múltiple;S/D;Colisión;Ninguna;Horizontal,Vertical