ID_Accidente;A�o;Fecha;Dia;Hopra;Ruta/Autop;km;Participantes;Tipo;Lugar;Total;Heridos Leves;Heridos Graves;Ilesos;Fallecidos;Sin datos;desc_tipo_via;desc_loc;desc_dpto;|;desc_tipo_banquina;desc_unidad_regional;desc_lugar_calzada;desc_zona;desc_prioridad;desc_estado_semaforo;desc_lugar_via;desc_estado_via;desc_estado_visibilidad;desc_luminosidad;desc_estado_clima;desc_tipo_colision;desc_tipo_atropello;desc_tipo_hecho;desc_pres_calzada;desc_senializacion
8729;2021;3/11/2021;Miercoles;07:00:00;Ruta Nacional 33;0.0;2;Moto/Ciclomotor,Automóvil;Boulevard Ovidio Lagos ;3;2;0;1;0;0;Ruta;CASILDA;Constitución;S/D;S/D;IV;Dentro;Urbana;Otra Señal;S/D;Intersección;S/D;S/D;S/D;S/D;Múltiple;S/D;Colisión;S/D;S/D
8730;2021;3/11/2021;Miercoles;18:35:00;;0.0;2;Moto/Ciclomotor,Moto/Ciclomotor;Nazareno C Rossi Y Sgo de Liniers;2;2;0;0;0;0;Calle;GÁLVEZ;Constitución;S/D;S/D;XV;Dentro;Urbana;Otra Señal;S/D;Intersección;S/D;S/D;S/D;S/D;Múltiple;S/D;Colisión;S/D;S/D
8731;2021;3/11/2021;Miercoles;;;0.0;1;Automóvil; ;1;1;0;0;0;0;Calle;ESPERANZA;Constitución;S/D;S/D;XI;Dentro;Urbana;Otra Señal;S/D;Intersección;S/D;S/D;S/D;S/D;Múltiple;S/D;Colisión;S/D;S/D
8732;2021;3/11/2021;Miercoles;;;0.0;2;Pickup/Utilitario,Vehículo Oficial;Hipólito Yrigoyen Y Rivadavia;2;1;0;0;0;1;Calle;SANTA FE;Constitución;S/D;S/D;I;Dentro;Urbana;Otra Señal;S/D;Intersección;S/D;S/D;S/D;S/D;Múltiple;S/D;Colisión;S/D;S/D
8733;2021;3/11/2021;Miercoles;11:30:00;;0.0;2;Moto/Ciclomotor,Automóvil;Calle 17-Bartolome Mitre Y Calle 10-Ludueña;2;1;0;1;0;0;Calle;RECONQUISTA;Constitución;S/D;S/D;IX;Dentro;Urbana;Otra Señal;S/D;Intersección;S/D;S/D;S/D;S/D;Múltiple;S/D;Colisión;S/D;S/D
8734;2021;3/11/2021;Miercoles;22:15:00;;0.0;1;Moto/Ciclomotor;Italia Y Nicolas Avellaneda;2;2;0;0;0;0;Calle;VENADO TUERTO;Constitución;S/D;S/D;VIII;Dentro;Urbana;Otra Señal;S/D;Intersección;S/D;S/D;S/D;S/D;Múltiple;S/D;Colisión;S/D;S/D
8735;2021;3/11/2021;Miercoles;07:45:00;;0.0;2;Automóvil,Automóvil;Bartolomé Mitre Y Juan Lavalle;3;3;0;0;0;0;Calle;VENADO TUERTO;Constitución;S/D;S/D;VIII;Dentro;Urbana;Otra Señal;S/D;Intersección;S/D;S/D;S/D;S/D;Múltiple;S/D;Colisión;S/D;S/D
8736;2021;3/11/2021;Miercoles;;;0.0;1;Peatón; ;1;1;0;0;0;0;Calle;ROSARIO;Constitución;S/D;S/D;II;Dentro;Urbana;Otra Señal;S/D;Intersección;S/D;S/D;S/D;S/D;Múltiple;Peatón;Colisión;S/D;S/D
8737;2021;3/11/2021;Miercoles;14:00:00;;0.0;1;Bicicleta; ;1;1;0;0;0;0;Calle;VILLA GOBERNADOR GÁLVEZ;Constitución;S/D;S/D;II;Dentro;Urbana;Otra Señal;S/D;Intersección;S/D;S/D;S/D;S/D;Múltiple;Ciclista;Colisión;S/D;S/D
8738;2021;3/11/2021;Miercoles;20:00:00;;0.0;1;Automóvil;Mendoza Y Av. Circunvalación;1;1;0;0;0;0;Calle;ROSARIO;Constitución;S/D;S/D;II;Dentro;Urbana;Otra Señal;S/D;Intersección;S/D;S/D;S/D;S/D;Múltiple;S/D;Colisión;S/D;S/D
8739;2021;3/11/2021;Miercoles;15:20:00;;0.0;2;Moto/Ciclomotor,Automóvil;Julio A Roca ;2;0;0;1;0;0;Calle;TOSTADO;Constitución;Asfalto;No existe;XII;Dentro;Urbana;Otra Señal;No existe;Intersección;Bueno;Buena;Diurna;Buen Tiempo;Múltiple;S/D;Colisión;Ninguna;Faltante
8740;2021;3/11/2021;Miercoles;19:00:00;;0.0;1;Moto/Ciclomotor; ;1;0;0;0;0;0;Calle;SAN LORENZO;San Lorenzo;S/D;S/D;XVII;Dentro;Rural;Otra Señal;S/D;Intersección;S/D;S/D;S/D;S/D;Múltiple;S/D;Colisión;S/D;S/D
8741;2021;3/11/2021;Miercoles;18:00:00;;0.0;1;Automóvil;Mitre Y Av. Uriburu;1;0;0;0;0;0;Calle;ROSARIO;Rosario;S/D;S/D;II;Dentro;Urbana;Otra Señal;S/D;Intersección;S/D;S/D;S/D;S/D;Múltiple;S/D;Colisión;S/D;S/D
8742;2021;4/11/2021;Jueves;22:05:00;;0.0;1;Moto/Ciclomotor;San Martin Y Salta;1;0;0;0;1;0;Calle;CALCHAQUÍ;Vera;Asfalto;S/D;XIX;S/D;Urbana;Otra Señal;No existe;Intersección;S/D;Reducida;Nocturna;Lluvia;Múltiple;S/D;Colisión;Agua;S/D
8743;2021;4/11/2021;Jueves;17:00:00;Autovía Nacional 19;6.3;2;Bicicleta,Pickup/Utilitario; ;2;0;0;1;1;0;Autovía;COLONIA SAN JOSÉ.;Las Colonias;Asfalto;Pavimento;XI;S/D;Rural;Otra Señal;No existe;Intersección;Bueno;S/D;Diurna;S/D;Múltiple;Ciclista;Colisión;Ninguna;Horizontal
8744;2021;4/11/2021;Jueves;23:25:00;Ruta Provincial 1;153.0;2;Bicicleta,Camión;Ruta Nº 1 ;2;0;0;1;1;0;Ruta;SAN JAVIER;San Javier;Asfalto;Natural;XIV;S/D;Rural;Otra Señal;No existe;Intersección;Bueno;S/D;Nocturna;S/D;Múltiple;Ciclista;Colisión;Ninguna;Faltante
8745;2021;4/11/2021;Jueves;22:00:00;Autovía Nacional 19;0.0;1;Automóvil; ;3;2;0;1;0;0;Autovía;SA PEREIRA;Constitución;Asfalto;Natural;XI;Fuera;Rural;Otra Señal;No existe;Intersección;Bueno;Reducida;Nocturna;Lluvia;Múltiple;S/D;Colisión;Agua;Faltante
8746;2021;4/11/2021;Jueves;18:45:00;Ruta Provincial 2;35.0;2;Moto/Ciclomotor,Moto/Ciclomotor; ;2;1;0;1;0;0;Ruta;LAGUNA PAIVA;Constitución;Asfalto;Natural;I;Dentro;Urbana;Otra Señal;No existe;Intersección;Bueno;Buena;Diurna;Buen Tiempo;Múltiple;S/D;Colisión;Ninguna;Horizontal
8747;2021;4/11/2021;Jueves;18:30:00;;0.0;2;Moto/Ciclomotor,Automóvil;Av. Santa Fe ;2;1;0;1;0;0;Calle;NELSON;Constitución;Asfalto;Natural;I;S/D;Urbana;Otra Señal;No existe;Intersección;Bueno;Buena;Diurna;Buen Tiempo;Múltiple;S/D;Colisión;Ninguna;Horizontal
8748;2021;4/11/2021;Jueves;12:45:00;;0.0;2;Peatón,Automóvil;Monseñor Zaspe 3400;2;1;0;1;0;0;Calle;SANTA FE;Constitución;Asfalto;No existe;I;Dentro;Urbana;Otra Señal;No existe;Intersección;Bueno;Buena;Diurna;Buen Tiempo;Múltiple;Peatón;Colisión;Ninguna;Faltante
8749;2021;4/11/2021;Jueves;09:30:00;;0.0;2;Automóvil,Moto/Ciclomotor;Balcarce Y Avellaneda;2;1;0;1;0;0;Calle;SANTA FE;Constitución;Asfalto;S/D;I;Dentro;Urbana;Otra Señal;No existe;Intersección;Bueno;S/D;Diurna;S/D;Múltiple;S/D;Colisión;S/D;S/D
8750;2021;4/11/2021;Jueves;08:30:00;;0.0;2;Bicicleta,Automóvil;J J Paso Y 4 de Enero;2;1;0;1;0;0;Calle;SANTA FE;Constitución;Asfalto;Pavimento;I;Dentro;Urbana;Otra Señal;No existe;Intersección;Bueno;Buena;Diurna;Buen Tiempo;Múltiple;Ciclista;Colisión;Ninguna;Faltante
8751;2021;4/11/2021;Jueves;17:00:00;;0.0;2;Bicicleta,Automóvil;Junín Y 25 de Mayo;2;1;0;1;0;0;Calle;SANTA FE;Constitución;Asfalto;Pavimento;I;Dentro;Urbana;Otra Señal;Funciona;Intersección;Bueno;Buena;Diurna;Buen Tiempo;Múltiple;Ciclista;Colisión;Ninguna;Faltante
8752;2021;4/11/2021;Jueves;17:45:00;;0.0;1;Moto/Ciclomotor;Bv. Wilde Y Cam De Las Carretas;1;1;0;0;0;0;Avenida;ROSARIO;Constitución;Asfalto;No existe;II;Dentro;Urbana;Otra Señal;S/D;Intersección;Bueno;Buena;Diurna;Buen Tiempo;Múltiple;S/D;Colisión;Ninguna;S/D
8753;2021;4/11/2021;Jueves;08:00:00;;0.0;2;Moto/Ciclomotor,Pickup/Utilitario;Gutenberg Y Mendoza;2;0;0;1;0;0;Calle;ROSARIO;Constitución;Asfalto;No existe;II;Dentro;Urbana;Otra Señal;No existe;Intersección;Bueno;Buena;Diurna;Buen Tiempo;Múltiple;S/D;Colisión;Ninguna;Faltante
8754;2021;4/11/2021;Jueves;20:30:00;;0.0;2;Automóvil,Moto/Ciclomotor;Chubut Y Alberti;2;1;0;1;0;0;Calle;VILLA GOBERNADOR GÁLVEZ;Constitución;Asfalto;Pavimento;II;Dentro;Urbana;Otra Señal;No existe;Intersección;Deteriorada;Reducida;Nocturna;Otro;Múltiple;S/D;Colisión;S/D;Faltante
8755;2021;4/11/2021;Jueves;07:20:00;;0.0;2;Peatón,Automóvil;Av. Provincias Unidas ;2;1;0;1;0;0;Avenida;ROSARIO;Constitución;Asfalto;No existe;II;S/D;Urbana;Otra Señal;No existe;Intersección;Bueno;Buena;Diurna;Buen Tiempo;Múltiple;Peatón;Colisión;Ninguna;Horizontal,Vertical
8756;2021;4/11/2021;Jueves;16:50:00;;0.0;2;Bicicleta,Automóvil;Centenario ;2;1;0;1;0;0;Avenida;ROSARIO;Constitución;Asfalto;No existe;II;Dentro;Urbana;Otra Señal;S/D;Intersección;Bueno;Buena;Atardecer;S/D;Múltiple;Ciclista;Colisión;S/D;S/D
8757;2021;4/11/2021;Jueves;15:00:00;;0.0;2;Moto/Ciclomotor,Automóvil;La Rioja Y Mitre B;2;1;0;1;0;0;Calle;VERA;Constitución;Ripio;No existe;XIX;Dentro;Urbana;Otra Señal;No existe;Intersección;Con baches;Buena;Diurna;Buen Tiempo;Múltiple;S/D;Colisión;Ninguna;Faltante
8758;2021;4/11/2021;Jueves;23:25:00;;0.0;2;Automóvil,Moto/Ciclomotor;Moreno Y B Irigoyen;2;1;0;1;0;0;Calle;VERA;Constitución;Asfalto;S/D;XIX;Dentro;Urbana;Otra Señal;S/D;Intersección;Deteriorada;Reducida;Nocturna;Buen Tiempo;Múltiple;S/D;Colisión;Ninguna;Faltante
8759;2021;4/11/2021;Jueves;;;0.0;2;Moto/Ciclomotor,Moto/Ciclomotor;1ro de Mayo Y Mantovani J;2;2;0;0;0;0;Calle;SAN JUSTO;Constitución;Hormigón;No existe;XVI;Dentro;Urbana;Otra Señal;No existe;Intersección;Bueno;Buena;Amanecer;Buen Tiempo;Múltiple;S/D;Colisión;Ninguna;Faltante
8760;2021;4/11/2021;Jueves;17:55:00;;0.0;2;Moto/Ciclomotor,Moto/Ciclomotor;Fray Mamerto Esquiu Y Francisco Ramírez;2;2;0;0;0;0;Calle;ROLDÁN;Constitución;Asfalto;S/D;XVII;Dentro;Urbana;Otra Señal;No existe;Intersección;S/D;S/D;S/D;Buen Tiempo;Múltiple;S/D;Colisión;S/D;S/D
8761;2021;4/11/2021;Jueves;10:00:00;;0.0;2;Bicicleta,Pickup/Utilitario;Avda. Roque Sáenz PEÑA Y Gaboto;3;1;0;2;0;0;S/D;FRAY LUIS BELTRÁN;Constitución;Asfalto;No existe;XVII;S/D;S/D;Otra Señal;No existe;Intersección;Bueno;Buena;Diurna;Otro;Múltiple;Ciclista;Colisión;Ninguna;Faltante
8762;2021;4/11/2021;Jueves;02:20:00;;0.0;2;Moto/Ciclomotor,Peatón;Av. San Martin Y General Richieri;2;2;0;0;0;0;S/D;FRAY LUIS BELTRÁN;Constitución;Asfalto;Pavimento;XVII;S/D;S/D;Otra Señal;Funciona;Intersección;Bueno;Buena;Nocturna;Otro;Múltiple;Peatón;Colisión;Ninguna;Faltante
8763;2021;4/11/2021;Jueves;10:40:00;;0.0;2;Moto/Ciclomotor,Automóvil;Urquiza ;2;1;0;1;0;0;S/D;SAN LORENZO;Constitución;S/D;S/D;XVII;S/D;Urbana;Otra Señal;S/D;Intersección;S/D;S/D;S/D;S/D;Múltiple;S/D;Colisión;S/D;S/D
8764;2021;4/11/2021;Jueves;;;0.0;2;Automóvil,Peatón; ;2;1;0;1;0;0;Calle;ROSARIO;Constitución;S/D;S/D;II;S/D;Urbana;Otra Señal;S/D;Intersección;S/D;S/D;S/D;S/D;Múltiple;Peatón;Colisión;S/D;S/D
8765;2021;4/11/2021;Jueves;09:10:00;;0.0;2;Moto/Ciclomotor,Automóvil; ;2;1;0;1;0;0;Calle;ROSARIO;Constitución;S/D;S/D;II;Dentro;Urbana;Otra Señal;S/D;Intersección;S/D;S/D;S/D;S/D;Múltiple;S/D;Colisión;S/D;S/D
8766;2021;4/11/2021;Jueves;;;0.0;2;Moto/Ciclomotor,Automóvil; ;3;2;0;1;0;0;Calle;ESPERANZA;Constitución;S/D;S/D;XI;Dentro;Urbana;Otra Señal;S/D;Intersección;S/D;S/D;S/D;S/D;Múltiple;S/D;Colisión;S/D;S/D
8767;2021;4/11/2021;Jueves;;;0.0;2;Moto/Ciclomotor,Automóvil;Bv Lisandro de la Torre Y Urquiza;2;1;0;1;0;0;Calle;SAN GENARO;Constitución;S/D;S/D;XV;Dentro;Urbana;Otra Señal;S/D;Intersección;S/D;S/D;S/D;S/D;Múltiple;S/D;Colisión;S/D;S/D
8768;2021;4/11/2021;Jueves;18:05:00;;0.0;2;Moto/Ciclomotor,Pickup/Utilitario;9 de Julio Y Chaco;4;4;0;0;0;0;Calle;VERA;Constitución;S/D;S/D;XIX;Dentro;Urbana;Otra Señal;S/D;Intersección;S/D;S/D;S/D;S/D;Múltiple;S/D;Colisión;S/D;S/D
8769;2021;4/11/2021;Jueves;;;0.0;2;Pickup/Utilitario,Moto/Ciclomotor; ;4;3;0;1;0;0;Calle;SANTA FE;Constitución;S/D;S/D;I;Dentro;Urbana;Otra Señal;S/D;Intersección;S/D;S/D;S/D;S/D;Múltiple;S/D;Colisión;S/D;S/D
8770;2021;4/11/2021;Jueves;;;0.0;2;Moto/Ciclomotor,Automóvil;Av. Italia Y Carrero Podio;3;2;0;1;0;0;Calle;RAFAELA;Constitución;S/D;S/D;V;Dentro;Urbana;Otra Señal;S/D;Intersección;S/D;S/D;S/D;S/D;Múltiple;S/D;Colisión;S/D;S/D
8771;2021;4/11/2021;Jueves;;;0.0;2;Bicicleta,Pickup/Utilitario;Bv G L Lehmann Y Simón Bolívar;2;1;0;1;0;0;Calle;RAFAELA;Constitución;S/D;S/D;V;Dentro;Urbana;Otra Señal;S/D;Intersección;S/D;S/D;S/D;S/D;Múltiple;Ciclista;Colisión;S/D;S/D
8772;2021;4/11/2021;Jueves;;;0.0;2;Automóvil,Moto/Ciclomotor;Av. Doctor E Salva Y José Hernández;2;1;0;1;0;0;Calle;RAFAELA;Constitución;S/D;S/D;V;Dentro;Urbana;Otra Señal;S/D;Intersección;S/D;S/D;S/D;S/D;Múltiple;S/D;Colisión;S/D;S/D
8773;2021;4/11/2021;Jueves;;;0.0;2;Moto/Ciclomotor,Automóvil;Lavalle Y Sarmiento;2;1;0;1;0;0;Calle;RAFAELA;Constitución;S/D;S/D;V;Dentro;Urbana;Otra Señal;S/D;Intersección;S/D;S/D;S/D;S/D;Múltiple;S/D;Colisión;S/D;S/D
8774;2021;4/11/2021;Jueves;;;0.0;2;Moto/Ciclomotor,Moto/Ciclomotor;Tucumán Y Ramon y Cajal;2;2;0;0;0;0;Calle;RAFAELA;Constitución;S/D;S/D;V;Dentro;Urbana;Otra Señal;S/D;Intersección;S/D;S/D;S/D;S/D;Múltiple;S/D;Colisión;S/D;S/D
8775;2021;4/11/2021;Jueves;;;0.0;2;Pickup/Utilitario,Moto/Ciclomotor;Carlos Gardel Y B Geuna;3;2;0;1;0;0;Calle;RAFAELA;Constitución;S/D;S/D;V;Dentro;Urbana;Otra Señal;S/D;Intersección;S/D;S/D;S/D;S/D;Múltiple;S/D;Colisión;S/D;S/D
8776;2021;4/11/2021;Jueves;;;0.0;2;Moto/Ciclomotor,Pickup/Utilitario;Guillermo Brown Y Juan José Castelli;2;1;0;1;0;0;Calle;VENADO TUERTO;Constitución;S/D;S/D;VIII;Dentro;Urbana;Otra Señal;S/D;Intersección;S/D;S/D;S/D;S/D;Múltiple;S/D;Colisión;S/D;S/D
8777;2021;4/11/2021;Jueves;;;0.0;1;Moto/Ciclomotor;Antártida Argentina 800;2;2;0;0;0;0;Calle;VENADO TUERTO;Constitución;S/D;S/D;VIII;Dentro;Urbana;Otra Señal;S/D;Intersección;S/D;S/D;S/D;S/D;Múltiple;S/D;Colisión;S/D;S/D
8778;2021;4/11/2021;Jueves;;;0.0;2;Moto/Ciclomotor,Moto/Ciclomotor;Mariano Moreno Y Piacenza;3;3;0;0;0;0;Calle;VENADO TUERTO;Constitución;S/D;S/D;VIII;Dentro;Urbana;Otra Señal;S/D;Intersección;S/D;S/D;S/D;S/D;Múltiple;S/D;Colisión;S/D;S/D
8779;2021;4/11/2021;Jueves;23:00:00;;0.0;1;Moto/Ciclomotor; ;1;1;0;0;0;0;Calle;ROSARIO;Constitución;S/D;S/D;II;Dentro;Urbana;Otra Señal;S/D;Intersección;S/D;S/D;S/D;S/D;Múltiple;S/D;Colisión;S/D;S/D
8780;2021;4/11/2021;Jueves;13:00:00;;0.0;1;Moto/Ciclomotor;Tte.Agneta Y Pje. Jean Jaures;1;1;0;0;0;0;Calle;ROSARIO;Constitución;S/D;S/D;II;Dentro;Urbana;Otra Señal;S/D;Intersección;S/D;S/D;S/D;S/D;Múltiple;S/D;Colisión;S/D;S/D
8781;2021;4/11/2021;Jueves;00:00:00;;0.0;1;Moto/Ciclomotor;Necochea Y Viamonte;1;1;0;0;0;0;Calle;ROSARIO;Constitución;S/D;S/D;II;Dentro;Urbana;Otra Señal;S/D;Intersección;S/D;S/D;S/D;S/D;Múltiple;S/D;Colisión;S/D;S/D
8782;2021;4/11/2021;Jueves;;;0.0;1;Moto/Ciclomotor; ;1;1;0;0;0;0;Calle;ROSARIO;Constitución;S/D;S/D;II;Dentro;Urbana;Otra Señal;S/D;Intersección;S/D;S/D;S/D;S/D;Múltiple;S/D;Colisión;S/D;S/D
8783;2021;4/11/2021;Jueves;21:20:00;;0.0;1;Automóvil; ;2;0;0;1;0;0;Camino Rural;SAN MARTIN DE LAS ESCOBAS;San MARTÍN;Tierra;Natural;XVIII;Fuera;Rural;Otra Señal;No existe;Intersección;Resbaladiza;Reducida;Nocturna;Lluvia;Múltiple;S/D;Colisión;Agua;Faltante
8784;2021;4/11/2021;Jueves;16:30:00;Ruta Nacional 9;0.0;2;Moto/Ciclomotor,Automóvil;Avenida Alberdi ;2;0;0;1;0;0;Ruta;ROLDÁN;San Lorenzo;Asfalto;S/D;XVII;S/D;S/D;Otra Señal;No existe;Intersección;Bueno;Reducida p/ objetos;Diurna;S/D;Múltiple;S/D;Colisión;S/D;S/D
8785;2021;4/11/2021;Jueves;19:15:00;Ruta Nacional A012;0.0;2;Moto/Ciclomotor,Pickup/Utilitario;Bevilacua ;2;0;0;1;0;0;Ruta;RICARDONE;San Lorenzo;S/D;S/D;XVII;Dentro;Urbana;Otra Señal;S/D;Intersección;S/D;S/D;S/D;S/D;Múltiple;S/D;Colisión;S/D;S/D
8786;2021;4/11/2021;Jueves;17:30:00;;0.0;2;Moto/Ciclomotor,Automóvil;Bolívar Y Mitre;2;0;0;1;0;0;Calle;TIMBÚES;San Lorenzo;S/D;S/D;II;Dentro;Urbana;Otra Señal;S/D;Intersección;S/D;S/D;S/D;S/D;Múltiple;S/D;Colisión;S/D;S/D
8787;2021;4/11/2021;Jueves;;;0.0;1;Bicicleta; ;1;0;0;0;0;0;Calle;ROSARIO;Rosario;S/D;S/D;II;Dentro;Urbana;Otra Señal;S/D;Intersección;S/D;S/D;S/D;S/D;Múltiple;Ciclista;Colisión;S/D;S/D
8788;2021;5/11/2021;Viernes;06:20:00;Ruta Provincial 95;0.0;2;Pickup/Utilitario,Automóvil; ;7;7;0;0;0;0;Ruta;TOSTADO;Constitución;Asfalto;Natural;XII;Dentro;Urbana;Otra Señal;No existe;Intersección;Con baches,Resbaladiza;Reducida;Amanecer;Lluvia;Múltiple;S/D;Colisión;Agua;Faltante
8789;2021;5/11/2021;Viernes;13:10:00;;0.0;2;Otros,Otros;J Castelli Y Piedras;2;0;0;0;0;2;Calle;SANTA FE;Constitución;S/D;S/D;I;Dentro;Urbana;Otra Señal;S/D;Intersección;Otro;S/D;S/D;Otro;Múltiple;S/D;Colisión;Otro;S/D
8790;2021;5/11/2021;Viernes;02:10:00;;0.0;2;Taxi/Remis,Pickup/Utilitario;Mariano Moreno Y San Juan;3;1;0;1;0;1;Calle;ROSARIO;Constitución;Asfalto;No existe;II;Dentro;Urbana;Otra Señal;No existe;Intersección;Resbaladiza;Buena;Nocturna,Con luz artificial;Lluvia;Múltiple;S/D;Colisión;Ninguna;S/D
8791;2021;5/11/2021;Viernes;08:30:00;Ruta Nacional 9;0.0;2;Moto/Ciclomotor,Automóvil;Moreno ;2;1;0;1;0;0;Ruta;FUNES;Constitución;Asfalto;Ripio;II;Dentro;Urbana;Otra Señal;No existe;Intersección;Bueno;Buena;Nocturna,Con luz artificial;S/D;Múltiple;S/D;Colisión;Ninguna;S/D
8792;2021;5/11/2021;Viernes;18:45:00;;0.0;2;Moto/Ciclomotor,Moto/Ciclomotor;Magallanes Y Pellegrini;2;1;0;1;0;0;Calle;VILLA GOBERNADOR GÁLVEZ;Constitución;Asfalto;No existe;II;S/D;Urbana;Otra Señal;S/D;Intersección;Deteriorada;Reducida;Diurna,Con luz artificial;S/D;Múltiple;S/D;Colisión;Otro;S/D
8793;2021;5/11/2021;Viernes;19:20:00;;0.0;2;Moto/Ciclomotor,Automóvil;Soldado Aguirre Y Av. Cafferata;2;1;0;1;0;0;Calle;VILLA GOBERNADOR GÁLVEZ;Constitución;Asfalto;Pavimento;II;S/D;Urbana;Otra Señal;No existe;Intersección;Bueno;Buena;Amanecer;Otro;Múltiple;S/D;Colisión;Ninguna;Faltante
8794;2021;5/11/2021;Viernes;19:00:00;;0.0;2;Moto/Ciclomotor,Pickup/Utilitario;Humberto I Y Pje. Nueva York Bis;2;1;0;1;0;0;Calle;ROSARIO;Constitución;Asfalto;No existe;II;Dentro;Urbana;Otra Señal;No existe;Intersección;Bueno;Buena;Atardecer;Buen Tiempo;Múltiple;S/D;Colisión;S/D;S/D
8795;2021;5/11/2021;Viernes;07:55:00;;0.0;2;Automóvil,Automóvil;Balcarce Y Garibaldi;3;2;0;1;0;0;S/D;ROSARIO;Constitución;Asfalto;No existe;II;Dentro;Urbana;Otra Señal;No existe;Intersección;Bueno;S/D;S/D;S/D;Múltiple;S/D;Colisión;Ninguna;Faltante
8796;2021;5/11/2021;Viernes;19:00:00;;0.0;2;Moto/Ciclomotor,Moto/Ciclomotor;San Juan ;3;3;0;0;0;0;S/D;SAN LORENZO;Constitución;S/D;S/D;XVII;S/D;Urbana;Otra Señal;S/D;Intersección;S/D;S/D;S/D;S/D;Múltiple;S/D;Colisión;S/D;S/D
8797;2021;5/11/2021;Viernes;11:50:00;;0.0;2;Automóvil,Moto/Ciclomotor;Dr. Ghio Y San Carlos;3;2;0;1;0;0;S/D;SAN LORENZO;Constitución;S/D;S/D;XVII;S/D;Urbana;Otra Señal;S/D;Intersección;S/D;S/D;S/D;S/D;Múltiple;S/D;Colisión;S/D;S/D
8798;2021;5/11/2021;Viernes;15:25:00;;0.0;2;Peatón,Automóvil;Laprida Y Cabildo;2;1;0;0;0;1;Calle;CAPITÁN BERMÚDEZ;Constitución;S/D;S/D;XVII;Dentro;Urbana;Otra Señal;S/D;Intersección;S/D;S/D;S/D;S/D;Múltiple;Peatón;Colisión;S/D;S/D
8799;2021;5/11/2021;Viernes;;;0.0;2;Moto/Ciclomotor,Automóvil;Hipólito Yrigoyen Y Presidente Domingo Faustino Sa;2;1;0;1;0;0;Calle;CASILDA;Constitución;S/D;S/D;IV;Dentro;Urbana;Otra Señal;S/D;Intersección;S/D;S/D;S/D;S/D;Múltiple;S/D;Colisión;S/D;S/D
8800;2021;5/11/2021;Viernes;;;0.0;2;Moto/Ciclomotor,Moto/Ciclomotor; ;2;2;0;0;0;0;Calle;ESPERANZA;Constitución;S/D;S/D;XI;Dentro;Urbana;Otra Señal;S/D;Intersección;S/D;S/D;S/D;S/D;Múltiple;S/D;Colisión;S/D;S/D
8801;2021;5/11/2021;Viernes;09:35:00;;0.0;2;Peatón,Vehículo Oficial; ;2;1;0;1;0;0;S/D;SANTA FE;Constitución;S/D;S/D;I;Dentro;Urbana;Otra Señal;S/D;Intersección;S/D;S/D;S/D;S/D;Múltiple;Peatón;Colisión;S/D;S/D
8802;2021;5/11/2021;Viernes;09:00:00;;0.0;2;Moto/Ciclomotor,Moto/Ciclomotor;Bv. Avellaneda Y G.Carrasco;2;2;0;0;0;0;Calle;ROSARIO;Constitución;S/D;S/D;II;Dentro;Urbana;Otra Señal;S/D;Intersección;S/D;S/D;S/D;S/D;Múltiple;S/D;Colisión;S/D;S/D
8803;2021;5/11/2021;Viernes;00:50:00;;0.0;2;Moto/Ciclomotor,Vehículo Oficial;De Angelis Bis Y Av. Génova;2;1;0;1;0;0;Calle;ROSARIO;Constitución;S/D;S/D;II;Dentro;Urbana;Otra Señal;S/D;Intersección;S/D;S/D;S/D;S/D;Múltiple;S/D;Colisión;S/D;S/D
8804;2021;5/11/2021;Viernes;17:45:00;;0.0;2;Moto/Ciclomotor,Automóvil;Av. Corrientes Y Salta;3;2;0;1;0;0;Calle;ROSARIO;Constitución;S/D;S/D;II;Dentro;Urbana;Otra Señal;S/D;Intersección;S/D;S/D;S/D;S/D;Múltiple;S/D;Colisión;S/D;S/D
8805;2021;5/11/2021;Viernes;19:30:00;;0.0;2;Moto/Ciclomotor,Automóvil;Mariano Moreno Y Alberdi;3;2;0;1;0;0;Calle;CORONDA;Constitución;S/D;S/D;XV;Dentro;Urbana;Otra Señal;S/D;Intersección;S/D;S/D;S/D;S/D;Múltiple;S/D;Colisión;S/D;S/D
8806;2021;5/11/2021;Viernes;00:00:00;;0.0;1;Moto/Ciclomotor;De Angelis Bis Y Av. Génova;1;1;0;0;0;0;Calle;ROSARIO;Constitución;S/D;S/D;II;Dentro;Urbana;Otra Señal;S/D;Intersección;S/D;S/D;S/D;S/D;Múltiple;S/D;Colisión;S/D;S/D
8807;2021;5/11/2021;Viernes;08:10:00;;0.0;1;Moto/Ciclomotor;Bv. Avellaneda Y Lamadrid A;1;1;0;0;0;0;Calle;ROSARIO;Constitución;S/D;S/D;II;Dentro;Urbana;Otra Señal;S/D;Intersección;S/D;S/D;S/D;S/D;Múltiple;S/D;Colisión;S/D;S/D
8808;2021;5/11/2021;Viernes;;;0.0;1;Moto/Ciclomotor; ;1;1;0;0;0;0;Calle;ROSARIO;Constitución;S/D;S/D;II;Dentro;Urbana;Otra Señal;S/D;Intersección;S/D;S/D;S/D;S/D;Múltiple;S/D;Colisión;S/D;S/D
8809;2021;5/11/2021;Viernes;19:30:00;;0.0;1;Moto/Ciclomotor;Roullon Y Ocampo;1;1;0;0;0;0;Calle;ROSARIO;Constitución;S/D;S/D;II;Dentro;Urbana;Otra Señal;S/D;Intersección;S/D;S/D;S/D;S/D;Múltiple;S/D;Colisión;S/D;S/D
8810;2021;5/11/2021;Viernes;06:00:00;;0.0;1;Moto/Ciclomotor;San Nicolas ;1;1;0;0;0;0;Calle;ROSARIO;Constitución;S/D;S/D;II;Dentro;Urbana;Otra Señal;S/D;Intersección;S/D;S/D;S/D;S/D;Múltiple;S/D;Colisión;S/D;S/D
8811;2021;5/11/2021;Viernes;;;0.0;1;Automóvil; ;1;1;0;0;0;0;Calle;ROSARIO;Constitución;S/D;S/D;II;Dentro;Urbana;Otra Señal;S/D;Intersección;S/D;S/D;S/D;S/D;Múltiple;S/D;Colisión;S/D;S/D
8812;2021;5/11/2021;Viernes;05:00:00;;0.0;2;Automóvil,Automóvil;Av. Ovidio Lagos Y Calle 513;2;0;0;0;0;1;Calle;ROSARIO;Constitución;Asfalto;Pavimento;II;S/D;Urbana;Otra Señal;Funciona;Intersección;Bueno;Buena;Diurna;Buen Tiempo;Múltiple;S/D;Colisión;Ninguna;Horizontal,Vertical