ID_Accidente;A�o;Fecha;Dia;Hopra;Ruta/Autop;km;Participantes;Tipo;Lugar;Total;Heridos Leves;Heridos Graves;Ilesos;Fallecidos;Sin datos;desc_tipo_via;desc_loc;desc_dpto;|;desc_tipo_banquina;desc_unidad_regional;desc_lugar_calzada;desc_zona;desc_prioridad;desc_estado_semaforo;desc_lugar_via;desc_estado_via;desc_estado_visibilidad;desc_luminosidad;desc_estado_clima;desc_tipo_colision;desc_tipo_atropello;desc_tipo_hecho;desc_pres_calzada;desc_senializacion
8813;2021;5/11/2021;Viernes;;;0.0;1;Moto/Ciclomotor; ;1;0;0;0;0;0;Calle;ROSARIO;Rosario;S/D;S/D;II;Dentro;Urbana;Otra Señal;S/D;Intersección;S/D;S/D;S/D;S/D;Múltiple;S/D;Colisión;S/D;S/D
8814;2021;6/11/2021;Sabado;08:20:00;Ruta Provincial 17;1.5;1;Moto/Ciclomotor; ;2;0;0;0;1;0;Ruta;CERES;San CRISTÓBAL;Hormigón;No existe;XIII;Fuera;Rural;Otra Señal;No existe;Intersección;Bueno;Buena;Diurna;Buen Tiempo;Múltiple;S/D;Colisión;Ninguna;Faltante
8815;2021;6/11/2021;Sabado;03:00:00;;0.0;2;Moto/Ciclomotor,Camión Chasis;Avenida Mitre Y Pérez de Denis Gregoria;4;0;0;3;1;0;Avenida;CERES;San CRISTÓBAL;Asfalto;No existe;XIII;Dentro;Urbana;Otra Señal;No existe;Intersección;Bueno;Buena;Nocturna,Con luz artificial;Buen Tiempo;Múltiple;S/D;Colisión;Ninguna;Vertical
8816;2021;6/11/2021;Sabado;23:30:00;;0.0;2;Moto/Ciclomotor,Tractor;Calle 36 Y Av. 71;2;0;0;1;1;0;Calle;VILLA CAÑAS;General LÓPEZ;Tierra;No existe;VIII;S/D;Rural;Otra Señal;No existe;Intersección;Bueno;S/D;Nocturna;S/D;Múltiple;S/D;Colisión;Ninguna;Faltante
8817;2021;6/11/2021;Sabado;22:50:00;Ruta Provincial 1;0.0;2;Moto/Ciclomotor,Transporte de Pasajeros (H/ 8 asientos); ;2;1;0;1;0;0;Ruta;SAN JOSÉ DEL RINCÓN;Constitución;Asfalto;Pavimento;I;S/D;Urbana;Otra Señal;No existe;Intersección;Bueno;Reducida;Nocturna;Buen Tiempo;Múltiple;S/D;Colisión;Ninguna;Faltante
8818;2021;6/11/2021;Sabado;;;0.0;2;Moto/Ciclomotor,Moto/Ciclomotor;Av. Peñaloza Y Azcuénaga;2;1;0;1;0;0;Avenida;SANTA FE;Constitución;Hormigón;Pavimento;I;S/D;S/D;Otra Señal;Funciona;Intersección;Bueno;Buena;Con luz artificial;Otro;Múltiple;S/D;Colisión;Ninguna;S/D
8819;2021;6/11/2021;Sabado;19:30:00;;0.0;2;Moto/Ciclomotor,Automóvil;Av. Galicia Y Belgrano;2;0;0;1;0;1;Calle;SANTA FE;Constitución;S/D;No existe;I;Dentro;Urbana;Otra Señal;No existe;Intersección;Otro;S/D;Diurna;Otro;Múltiple;S/D;Colisión;Otro;Faltante
8820;2021;6/11/2021;Sabado;00:35:00;;0.0;2;Moto/Ciclomotor,Automóvil;Salvador del Carril Y Republica de Siria;3;1;0;2;0;0;Calle;SANTA FE;Constitución;S/D;No existe;I;Dentro;Urbana;Otra Señal;No existe;Intersección;Bueno;Buena;Nocturna;Buen Tiempo;Múltiple;S/D;Colisión;Ninguna;S/D
8821;2021;6/11/2021;Sabado;11:10:00;;0.0;2;Moto/Ciclomotor,Automóvil;Av. A del Valle Y Agustín Delgado;2;1;0;1;0;0;Avenida;SANTA FE;Constitución;Asfalto;No existe;I;Dentro;Urbana;Otra Señal;No existe;Intersección;Bueno;Buena;Diurna;Buen Tiempo;Múltiple;S/D;Colisión;Ninguna;Vertical
8822;2021;6/11/2021;Sabado;22:00:00;;0.0;2;Moto/Ciclomotor,Automóvil;9 de Julio Y Estanislao Zeballos;2;1;0;1;0;0;Avenida;SANTA FE;Constitución;Asfalto;No existe;I;S/D;Urbana;Otra Señal;No existe;Intersección;Bueno;Buena;Nocturna;Buen Tiempo;Múltiple;S/D;Colisión;Ninguna;S/D
8823;2021;6/11/2021;Sabado;16:30:00;;0.0;2;Moto/Ciclomotor,Automóvil;Monseñor Zaspe Y Dr. Zavalla;2;1;0;1;0;0;S/D;SANTA FE;Constitución;Asfalto;Pavimento;I;S/D;S/D;Otra Señal;No existe;Intersección;Bueno;Buena;Diurna;Buen Tiempo;Múltiple;S/D;Colisión;Ninguna;Faltante
8824;2021;6/11/2021;Sabado;08:18:00;;0.0;2;Automóvil,Moto/Ciclomotor; ;3;2;0;1;0;0;Calle;SANTA FE;Constitución;Asfalto;Natural;I;Dentro;Urbana;Otra Señal;No existe;Intersección;Bueno;S/D;Diurna;S/D;Múltiple;S/D;Colisión;S/D;S/D
8825;2021;6/11/2021;Sabado;13:50:00;;0.0;2;Moto/Ciclomotor,Pickup/Utilitario;Obispo Gelabert Y 4 de Enero;2;1;0;1;0;0;Calle;SANTA FE;Constitución;Asfalto;Pavimento;I;Dentro;Urbana;Otra Señal;No existe;Intersección;Bueno;Buena;Diurna;Buen Tiempo;Múltiple;S/D;Colisión;Ninguna;Faltante
8826;2021;6/11/2021;Sabado;16:00:00;;0.0;2;Automóvil,Automóvil;Av. Leandro Alem Y Belgrano;3;1;0;2;0;0;Calle;SANTA FE;Constitución;Asfalto;Pavimento;I;Dentro;Urbana;Otra Señal;Funciona;Intersección;Bueno;Buena;Diurna;Buen Tiempo;Múltiple;S/D;Colisión;Ninguna;Faltante
8827;2021;6/11/2021;Sabado;08:45:00;;0.0;2;Moto/Ciclomotor,Automóvil;Pedro Ríos Y Mitre;2;1;0;1;0;0;Calle;FUNES;Constitución;Asfalto;Natural;I;Dentro;Urbana;Otra Señal;S/D;Intersección;Bueno;Buena;Diurna;Buen Tiempo;Múltiple;S/D;Colisión;Ninguna;Faltante
8828;2021;6/11/2021;Sabado;;;0.0;2;Otros,Taxi/Remis;Av. Ovidio Lagos Y Dr. Rivas;2;0;0;0;0;2;Calle;ROSARIO;Constitución;S/D;S/D;II;Dentro;Urbana;Otra Señal;S/D;Intersección;Bueno;S/D;S/D;S/D;Múltiple;S/D;Colisión;S/D;S/D
8829;2021;6/11/2021;Sabado;19:45:00;;0.0;2;Moto/Ciclomotor,Moto/Ciclomotor;Rivarola Y C.Larralde;2;1;0;1;0;0;Calle;ROSARIO;Constitución;Asfalto;No existe;II;Dentro;Urbana;Otra Señal;No existe;Intersección;Bueno;Buena;Diurna;Buen Tiempo;Múltiple;S/D;Colisión;Ninguna;Faltante
8830;2021;6/11/2021;Sabado;13:15:00;;0.0;2;Moto/Ciclomotor,Automóvil;Pellegrini ;2;1;0;1;0;0;S/D;VILLA GOBERNADOR GÁLVEZ;Constitución;Tierra;No existe;II;S/D;Urbana;Otra Señal;No existe;Intersección;Deteriorada;Buena;Diurna;S/D;Múltiple;S/D;Colisión;Material Suelto;Faltante
8831;2021;6/11/2021;Sabado;20:20:00;;0.0;3;Automóvil,Moto/Ciclomotor,Peatón;Grandoli Y Pje. Becquer Bis;4;3;0;1;0;0;Avenida;ROSARIO;Constitución;Asfalto;No existe;II;Dentro;Urbana;Otra Señal;No existe;Intersección;Bueno;Buena;Nocturna,Con luz artificial;Buen Tiempo;Múltiple;Peatón;Colisión;Ninguna;Faltante
8832;2021;6/11/2021;Sabado;15:00:00;;0.0;2;Moto/Ciclomotor,Pickup/Utilitario;9 de Julio Y Gdor. Cabal;2;1;0;1;0;0;Avenida;SAN JUSTO;Constitución;Asfalto;Pavimento;XVI;S/D;Urbana;Otra Señal;No existe;Intersección;Bueno;Buena;Diurna;Buen Tiempo;Múltiple;S/D;Colisión;Ninguna;S/D
8833;2021;6/11/2021;Sabado;08:50:00;;0.0;2;Bicicleta,Tren; ;2;1;0;0;0;1;S/D;ROLDÁN;Constitución;S/D;S/D;XVII;S/D;Rural;Otra Señal;S/D;Intersección;S/D;S/D;S/D;S/D;Múltiple;Ciclista;Colisión;S/D;S/D
8834;2021;6/11/2021;Sabado;20:30:00;;0.0;1;Moto/Ciclomotor;Catamarca Y Nicasio Oroño;1;1;0;0;0;0;S/D;ROLDÁN;Constitución;Asfalto;S/D;XVII;S/D;Urbana;Otra Señal;No existe;Intersección;S/D;S/D;Nocturna;S/D;Múltiple;S/D;Colisión;S/D;S/D
8835;2021;6/11/2021;Sabado;03:45:00;;0.0;1;Automóvil;Chile 948;2;1;0;1;0;0;Calle;PUERTO SAN MARTÍN;Constitución;Asfalto;No existe;XVII;Dentro;Urbana;Otra Señal;No existe;Intersección;Bueno;Buena;Nocturna;Buen Tiempo;Múltiple;S/D;Colisión;Ninguna;Faltante
8836;2021;6/11/2021;Sabado;08:00:00;;0.0;2;Automóvil,Moto/Ciclomotor;Sánchez de Bustamante 3100;2;1;0;1;0;0;Calle;ROSARIO;Constitución;S/D;S/D;II;Dentro;Urbana;Otra Señal;S/D;Intersección;S/D;S/D;S/D;S/D;Múltiple;S/D;Colisión;S/D;S/D
8837;2021;6/11/2021;Sabado;;;0.0;2;Bicicleta,Pickup/Utilitario; ;2;1;0;0;0;1;Calle;ESPERANZA;Constitución;S/D;S/D;XI;Dentro;Urbana;Otra Señal;S/D;Intersección;S/D;S/D;S/D;S/D;Múltiple;Ciclista;Colisión;S/D;S/D
8838;2021;6/11/2021;Sabado;21:15:00;;0.0;2;Moto/Ciclomotor,Automóvil;Av. San Lorenzo Y Misiones;2;1;0;1;0;0;Calle;CAPITÁN BERMÚDEZ;Constitución;S/D;S/D;XVII;Dentro;Urbana;Otra Señal;S/D;Intersección;S/D;S/D;S/D;S/D;Múltiple;S/D;Colisión;S/D;S/D
8839;2021;6/11/2021;Sabado;19:03:00;;0.0;2;Moto/Ciclomotor,Automóvil;Juan José Castelli Y Félix Goumonde;2;1;0;1;0;0;Calle;VENADO TUERTO;Constitución;S/D;S/D;VIII;Dentro;Urbana;Otra Señal;S/D;Intersección;S/D;S/D;S/D;S/D;Múltiple;S/D;Colisión;S/D;S/D
8840;2021;6/11/2021;Sabado;21:04:00;;0.0;2;Peatón,Moto/Ciclomotor;Marconico Y Santa Fe;2;1;0;1;0;0;Calle;VENADO TUERTO;Constitución;S/D;S/D;VIII;Dentro;Urbana;Otra Señal;S/D;Intersección;S/D;S/D;S/D;S/D;Múltiple;Peatón;Colisión;S/D;S/D
8841;2021;6/11/2021;Sabado;02:50:00;;0.0;1;Moto/Ciclomotor;Cerrito 600;1;1;0;0;0;0;Calle;VENADO TUERTO;Constitución;S/D;S/D;VIII;Dentro;Urbana;Otra Señal;S/D;Intersección;S/D;S/D;S/D;S/D;Múltiple;S/D;Colisión;S/D;S/D
8842;2021;6/11/2021;Sabado;;;0.0;1;Automóvil; ;4;4;0;0;0;0;Calle;SUNCHALES;Constitución;S/D;S/D;V;Dentro;Urbana;Otra Señal;S/D;Intersección;S/D;S/D;S/D;S/D;Múltiple;S/D;Colisión;S/D;S/D
8843;2021;6/11/2021;Sabado;11:30:00;;0.0;2;Moto/Ciclomotor,Automóvil;Calle 16 Y Calle 11;3;2;0;1;0;0;Calle;AVELLANEDA;Constitución;S/D;S/D;IX;Dentro;Urbana;Otra Señal;S/D;Intersección;S/D;S/D;S/D;S/D;Múltiple;S/D;Colisión;S/D;S/D
8844;2021;6/11/2021;Sabado;20:30:00;;0.0;2;Automóvil,Moto/Ciclomotor;Calle 89 Y Calle 91;2;1;0;1;0;0;Calle;RECONQUISTA;Constitución;S/D;S/D;IX;Dentro;Urbana;Otra Señal;S/D;Intersección;S/D;S/D;S/D;S/D;Múltiple;S/D;Colisión;S/D;S/D
8845;2021;6/11/2021;Sabado;13:00:00;;0.0;2;Peatón,Otros;San Juan Y Alvear;2;1;0;1;0;0;Calle;ROSARIO;Constitución;S/D;S/D;II;Dentro;Urbana;Otra Señal;S/D;Intersección;S/D;S/D;S/D;S/D;Múltiple;Peatón;Colisión;S/D;S/D
8846;2021;6/11/2021;Sabado;12:15:00;;0.0;1;Automóvil;Av. Francia Y Acevedo Bis;2;2;0;0;0;0;Calle;ROSARIO;Constitución;S/D;S/D;II;Dentro;Urbana;Otra Señal;S/D;Intersección;S/D;S/D;S/D;S/D;Múltiple;S/D;Colisión;S/D;S/D
8847;2021;6/11/2021;Sabado;13:00:00;;0.0;2;Peatón,Otros;E.Zeballos Y Paraguay;2;1;0;1;0;0;Calle;ROSARIO;Constitución;S/D;S/D;II;Dentro;Urbana;Otra Señal;S/D;Intersección;S/D;S/D;S/D;S/D;Múltiple;Peatón;Colisión;S/D;S/D
8848;2021;6/11/2021;Sabado;07:00:00;;0.0;1;Moto/Ciclomotor;Laprida Y Reg.11 de Infantería;1;1;0;0;0;0;Calle;ROSARIO;Constitución;S/D;S/D;II;Dentro;Urbana;Otra Señal;S/D;Intersección;S/D;S/D;S/D;S/D;Múltiple;S/D;Colisión;S/D;S/D
8849;2021;6/11/2021;Sabado;00:23:00;;0.0;1;Moto/Ciclomotor;Valparaíso Y Bv. 27 De Febrero;1;1;0;0;0;0;Calle;ROSARIO;Constitución;S/D;S/D;II;Dentro;Urbana;Otra Señal;S/D;Intersección;S/D;S/D;S/D;S/D;Múltiple;S/D;Colisión;S/D;S/D
8850;2021;6/11/2021;Sabado;18:00:00;;0.0;1;Moto/Ciclomotor;Biedma Y F.More;1;1;0;0;0;0;Calle;ROSARIO;Constitución;S/D;S/D;II;Dentro;Urbana;Otra Señal;S/D;Intersección;S/D;S/D;S/D;S/D;Múltiple;S/D;Colisión;S/D;S/D
8851;2021;6/11/2021;Sabado;21:00:00;;0.0;1;Moto/Ciclomotor;Av. Belgrano ;1;1;0;0;0;0;Calle;ROSARIO;Constitución;S/D;S/D;II;Dentro;Urbana;Otra Señal;S/D;Intersección;S/D;S/D;S/D;S/D;Múltiple;S/D;Colisión;S/D;S/D
8852;2021;6/11/2021;Sabado;;;0.0;1;Moto/Ciclomotor; ;1;1;0;0;0;0;Calle;ROSARIO;Constitución;S/D;S/D;II;Dentro;Urbana;Otra Señal;S/D;Intersección;S/D;S/D;S/D;S/D;Múltiple;S/D;Colisión;S/D;S/D
8853;2021;6/11/2021;Sabado;;;0.0;1;Otros; ;1;1;0;0;0;0;Calle;ROSARIO;Constitución;S/D;S/D;II;Dentro;Urbana;Otra Señal;S/D;Intersección;S/D;S/D;S/D;S/D;Múltiple;S/D;Colisión;S/D;S/D
8854;2021;6/11/2021;Sabado;;;0.0;1;Moto/Ciclomotor; ;1;1;0;0;0;0;Calle;ROSARIO;Constitución;S/D;S/D;II;Dentro;Urbana;Otra Señal;S/D;Intersección;S/D;S/D;S/D;S/D;Múltiple;S/D;Colisión;S/D;S/D
8855;2021;6/11/2021;Sabado;13:00:00;;0.0;2;Moto/Ciclomotor,Pickup/Utilitario;Mariano Moreno Y Bartolomé Mitre Gral.;3;1;0;1;0;0;S/D;ARROYO SECO;Constitución;Asfalto;No existe;II;S/D;S/D;Otra Señal;No existe;Intersección;Deteriorada;Buena;Diurna;Buen Tiempo;Múltiple;S/D;Colisión;Ninguna;Faltante
8856;2021;6/11/2021;Sabado;00:10:00;Ruta Provincial 40;0.0;3;Moto/Ciclomotor,Moto/Ciclomotor,Moto/Ciclomotor; ;5;4;0;0;0;0;Ruta;PIAMONTE;San MARTÍN;Asfalto;Natural;XVIII;Dentro;Rural;Otra Señal;No existe;Intersección;Bueno;Reducida;Nocturna;Buen Tiempo;Múltiple;S/D;Colisión;Ninguna;Horizontal,Vertical
8857;2021;6/11/2021;Sabado;07:10:00;;0.0;2;Automóvil,Moto/Ciclomotor;Mangol Cacique ;3;0;0;2;0;0;Calle;TIMBÚES;San Lorenzo;Ripio;No existe;XVII;Dentro;Rural;Otra Señal;No existe;Intersección;Con baches;Reducida polvo;Diurna;Buen Tiempo;Múltiple;S/D;Colisión;Ninguna;Faltante
8858;2021;6/11/2021;Sabado;18:30:00;;0.0;2;Moto/Ciclomotor,Automóvil;Calle 2 ;2;0;0;1;0;0;Calle;MARÍA TERESA;General LÓPEZ;S/D;S/D;VIII;Dentro;Urbana;Otra Señal;S/D;Intersección;S/D;S/D;S/D;S/D;Múltiple;S/D;Colisión;S/D;S/D
8859;2021;6/11/2021;Sabado;;;0.0;2;Moto/Ciclomotor,Pickup/Utilitario;Soldano Y Francisco Beltramino;2;0;0;1;0;0;Calle;RAFAELA;Castellanos;S/D;S/D;V;Dentro;Urbana;Otra Señal;S/D;Intersección;S/D;S/D;S/D;S/D;Múltiple;S/D;Colisión;S/D;S/D
8860;2021;6/11/2021;Sabado;;;0.0;2;Automóvil,Moto/Ciclomotor;Luis Maggi Y M M Zavalla;2;0;0;1;0;0;Calle;RAFAELA;Castellanos;S/D;S/D;V;Dentro;Urbana;Otra Señal;S/D;Intersección;S/D;S/D;S/D;S/D;Múltiple;S/D;Colisión;S/D;S/D
8861;2021;6/11/2021;Sabado;;;0.0;1;Moto/Ciclomotor; ;1;0;0;0;0;0;Calle;ROSARIO;Rosario;S/D;S/D;II;Dentro;Urbana;Otra Señal;S/D;Intersección;S/D;S/D;S/D;S/D;Múltiple;S/D;Colisión;S/D;S/D
8862;2021;7/11/2021;Domingo;06:50:00;;0.0;1;Moto/Ciclomotor;Santiago del Estero Y General López;1;0;0;0;1;0;Calle;ELISA;Las Colonias;Asfalto;No existe;XI;Fuera;Urbana;Otra Señal;No existe;Intersección;Bueno;Buena;Nocturna;Buen Tiempo;Múltiple;S/D;Colisión;Ninguna;Faltante
8863;2021;7/11/2021;Domingo;18:30:00;Ruta Nacional 11;333.0;1;Moto/Ciclomotor;Ruta 18 S Y Ruta Nac 11;1;0;0;0;1;0;Ruta;PUERTO SAN MARTÍN;San Lorenzo;Asfalto;Ripio;XVII;Dentro;Urbana;Otra Señal;No existe;Intersección;Con baches;Buena;Diurna;Buen Tiempo;Múltiple;S/D;Colisión;Ninguna;Faltante
8864;2021;7/11/2021;Domingo;01:45:00;;0.0;2;Automóvil,Moto/Ciclomotor;Maipú 2500;2;1;0;1;0;0;Calle;LAGUNA PAIVA;Constitución;Asfalto;No existe;I;Dentro;Urbana;Otra Señal;No existe;Intersección;Bueno;S/D;S/D;Buen Tiempo;Múltiple;S/D;Colisión;Ninguna;Faltante
8865;2021;7/11/2021;Domingo;02:45:00;;0.0;2;Moto/Ciclomotor,Taxi/Remis;Gorriti Y Av. Blas Parera;3;2;0;1;0;0;Avenida;SANTA FE;Constitución;Asfalto;S/D;I;S/D;Urbana;Otra Señal;S/D;Intersección;Bueno;S/D;S/D;Buen Tiempo;Múltiple;S/D;Colisión;Ninguna;Vertical
8866;2021;7/11/2021;Domingo;11:00:00;;0.0;2;Peatón,Moto/Ciclomotor;Cafferata Y Córdoba;3;1;0;2;0;0;Calle;ROSARIO;Constitución;Asfalto;No existe;II;Dentro;Urbana;Otra Señal;No existe;Intersección;Bueno;Buena;Diurna;Otro;Múltiple;Peatón;Colisión;Ninguna;Faltante
8867;2021;7/11/2021;Domingo;12:55:00;;0.0;2;Moto/Ciclomotor,Moto/Ciclomotor;Alsina Y Pte. Quintana;3;1;0;0;0;2;S/D;ROSARIO;Constitución;Asfalto;No existe;II;S/D;Urbana;Otra Señal;No funciona;Intersección;Bueno;Buena;Diurna;Buen Tiempo;Múltiple;S/D;Colisión;Ninguna;Faltante
8868;2021;7/11/2021;Domingo;11:20:00;;0.0;2;Automóvil,Automóvil;Sánchez de Bustamante Y Alvear;4;0;0;0;0;4;Calle;ROSARIO;Constitución;Asfalto;Pavimento;II;Dentro;Urbana;Otra Señal;No existe;Intersección;Bueno;Buena;Diurna;Buen Tiempo;Múltiple;S/D;Colisión;Ninguna;Horizontal,Vertical
8869;2021;7/11/2021;Domingo;09:45:00;;0.0;1;Moto/Ciclomotor;Belgrano 1800;1;1;0;0;0;0;Calle;VILLA GOBERNADOR GÁLVEZ;Constitución;Asfalto;No existe;II;Dentro;Urbana;Otra Señal;No existe;Intersección;Bueno;Buena;Diurna;Buen Tiempo;Múltiple;S/D;Colisión;Ninguna;Faltante
8870;2021;7/11/2021;Domingo;21:30:00;;0.0;2;Moto/Ciclomotor,Automóvil;Independencia Y Domingo Faustino Sarmiento Bis;3;2;0;1;0;0;Avenida;ARROYO SECO;Constitución;Asfalto;No existe;II;Dentro;Urbana;Otra Señal;No existe;Intersección;Deteriorada;Reducida;Nocturna;Buen Tiempo;Múltiple;S/D;Colisión;Ninguna;Faltante
8871;2021;7/11/2021;Domingo;;;0.0;1;Automóvil;Tucumán ;1;1;0;0;0;0;Calle;ROSARIO;Constitución;Asfalto;S/D;II;Dentro;Urbana;Otra Señal;S/D;Intersección;S/D;S/D;S/D;S/D;Múltiple;S/D;Colisión;S/D;S/D
8872;2021;7/11/2021;Domingo;02:50:00;;0.0;1;Pickup/Utilitario;Bv. Rondeau Y Washington;2;1;0;0;0;1;S/D;ROSARIO;Constitución;Asfalto;Pavimento;II;S/D;Urbana;Otra Señal;Funciona;Intersección;Bueno;S/D;Nocturna;Lluvia;Múltiple;S/D;Colisión;Agua;Horizontal
8873;2021;7/11/2021;Domingo;01:35:00;;0.0;2;Automóvil,Moto/Ciclomotor;Víctor Mercante Y Av. Génova;3;2;0;0;0;1;Avenida;ROSARIO;Constitución;Asfalto;Pavimento;II;Dentro;Urbana;Otra Señal;S/D;Intersección;Bueno;Buena;Nocturna;Buen Tiempo;Múltiple;S/D;Colisión;Ninguna;S/D
8874;2021;7/11/2021;Domingo;04:20:00;;0.0;1;Moto/Ciclomotor;Bv. Oroño 4396;2;1;0;1;0;0;Avenida;ROSARIO;Constitución;Asfalto;No existe;II;S/D;Urbana;Otra Señal;No existe;Intersección;Bueno;Buena;Nocturna,Con luz artificial;Buen Tiempo;Múltiple;S/D;Colisión;Ninguna;Faltante
8875;2021;7/11/2021;Domingo;02:20:00;;0.0;2;Automóvil,Bicicleta;9 de Julio Y Gral. Urquiza;2;1;0;1;0;0;Calle;SAN JUSTO;Constitución;Asfalto;No existe;XVI;Dentro;Urbana;Otra Señal;No existe;Intersección;Bueno;Reducida;Nocturna;Buen Tiempo;Múltiple;Ciclista;Colisión;Ninguna;Faltante
8876;2021;7/11/2021;Domingo;00:15:00;Ruta Provincial 61;0.0;1;Automóvil; ;7;3;0;4;0;0;Ruta;VIDELA;Constitución;Ripio;Natural;XVI;Fuera;Rural;Otra Señal;No existe;Intersección;Con baches;Reducida polvo;Nocturna;Buen Tiempo;Múltiple;S/D;Colisión;Material Suelto;Faltante
8877;2021;7/11/2021;Domingo;17:00:00;;0.0;2;Moto/Ciclomotor,Automóvil;Falucho ;3;2;0;0;0;1;S/D;SAN LORENZO;Constitución;S/D;S/D;XVII;S/D;Urbana;Otra Señal;S/D;Intersección;S/D;S/D;S/D;S/D;Múltiple;S/D;Colisión;S/D;S/D
8878;2021;7/11/2021;Domingo;20:45:00;;0.0;2;Moto/Ciclomotor,Automóvil;Bv Oroño ;4;4;0;0;0;0;S/D;SAN LORENZO;Constitución;S/D;S/D;XVII;S/D;Urbana;Otra Señal;S/D;Intersección;S/D;S/D;S/D;S/D;Múltiple;S/D;Colisión;S/D;S/D
8879;2021;7/11/2021;Domingo;05:20:00;;0.0;1;Automóvil;Pellegrini Y Reconquista;1;1;0;0;0;0;Calle;FRAY LUIS BELTRÁN;Constitución;S/D;S/D;XVII;Dentro;Urbana;Otra Señal;S/D;Intersección;S/D;S/D;S/D;S/D;Múltiple;S/D;Colisión;S/D;S/D
8880;2021;7/11/2021;Domingo;04:00:00;;0.0;2;Taxi/Remis,Peatón;Av. San Lorenzo Y Santa fe;2;1;0;1;0;0;Calle;CAPITÁN BERMÚDEZ;Constitución;S/D;S/D;XVII;Dentro;Urbana;Otra Señal;S/D;Intersección;S/D;S/D;S/D;S/D;Múltiple;Peatón;Colisión;S/D;S/D
8881;2021;7/11/2021;Domingo;;;0.0;2;Moto/Ciclomotor,Automóvil; ;4;3;0;1;0;0;Calle;CHAPUY;Constitución;S/D;S/D;VIII;Dentro;Urbana;Otra Señal;S/D;Intersección;S/D;S/D;S/D;S/D;Múltiple;S/D;Colisión;S/D;S/D
8882;2021;7/11/2021;Domingo;16:50:00;;0.0;1;Bicicleta; ;1;1;0;0;0;0;Calle;RECONQUISTA;Constitución;S/D;S/D;IX;Dentro;Urbana;Otra Señal;S/D;Intersección;S/D;S/D;S/D;S/D;Múltiple;Ciclista;Colisión;S/D;S/D
8883;2021;7/11/2021;Domingo;00:15:00;Ruta Provincial 61;0.0;1;Pickup/Utilitario; ;7;7;0;0;0;0;Ruta;SAN JUSTO;Constitución;S/D;S/D;XVI;Dentro;Urbana;Otra Señal;S/D;Intersección;S/D;S/D;S/D;S/D;Múltiple;S/D;Colisión;S/D;S/D
8884;2021;7/11/2021;Domingo;;;0.0;1;Moto/Ciclomotor; ;1;1;0;0;0;0;Calle;ROSARIO;Constitución;S/D;S/D;II;Dentro;Urbana;Otra Señal;S/D;Intersección;S/D;S/D;S/D;S/D;Múltiple;S/D;Colisión;S/D;S/D
8885;2021;7/11/2021;Domingo;12:00:00;;0.0;1;Moto/Ciclomotor;Iriondo Y Bv. Seguí;1;1;0;0;0;0;Calle;ROSARIO;Constitución;S/D;S/D;II;Dentro;Urbana;Otra Señal;S/D;Intersección;S/D;S/D;S/D;S/D;Múltiple;S/D;Colisión;S/D;S/D
8886;2021;7/11/2021;Domingo;19:30:00;;0.0;1;Bicicleta;Av. Génova Y Olavarría Bis;1;1;0;0;0;0;Calle;ROSARIO;Constitución;S/D;S/D;II;Dentro;Urbana;Otra Señal;S/D;Intersección;S/D;S/D;S/D;S/D;Múltiple;Ciclista;Colisión;S/D;S/D
8887;2021;7/11/2021;Domingo;;;0.0;1;Moto/Ciclomotor; ;1;1;0;0;0;0;Calle;ROSARIO;Constitución;S/D;S/D;II;Dentro;Urbana;Otra Señal;S/D;Intersección;S/D;S/D;S/D;S/D;Múltiple;S/D;Colisión;S/D;S/D
8888;2021;7/11/2021;Domingo;13:30:00;;0.0;1;Automóvil;Catamarca Y Iriondo;1;1;0;0;0;0;Calle;ROSARIO;Constitución;S/D;S/D;II;Dentro;Urbana;Otra Señal;S/D;Intersección;S/D;S/D;S/D;S/D;Múltiple;S/D;Colisión;S/D;S/D
8889;2021;7/11/2021;Domingo;17:00:00;;0.0;1;Moto/Ciclomotor; ;1;1;0;0;0;0;Calle;ROSARIO;Constitución;S/D;S/D;II;Dentro;Urbana;Otra Señal;S/D;Intersección;S/D;S/D;S/D;S/D;Múltiple;S/D;Colisión;S/D;S/D
8890;2021;7/11/2021;Domingo;18:35:00;Ruta Provincial 21;0.0;2;Automóvil,Bicicleta;Guido y Spano ;2;0;0;1;0;0;Ruta;FIGHIERA;Constitución;Asfalto;Natural;II;Dentro;Urbana;Otra Señal;No existe;Intersección;Bueno;Buena;Con luz artificial;Buen Tiempo;Múltiple;Ciclista;Colisión;Ninguna;S/D
8891;2021;7/11/2021;Domingo;00:57:00;;0.0;2;Taxi/Remis,Automóvil;Necochea 2700;3;1;0;1;0;0;Calle;ROSARIO;Constitución;Asfalto;No existe;II;Dentro;Urbana;Otra Señal;No existe;Intersección;Bueno;Buena;Nocturna,Con luz artificial;Buen Tiempo;Múltiple;S/D;Colisión;Ninguna;Faltante
8892;2021;7/11/2021;Domingo;21:15:00;;0.0;1;Moto/Ciclomotor;Larrea ;1;0;0;0;0;0;Calle;ROSARIO;Rosario;S/D;S/D;II;Dentro;Urbana;Otra Señal;S/D;Intersección;S/D;S/D;S/D;S/D;Múltiple;S/D;Colisión;S/D;S/D
8893;2021;8/11/2021;Lunes;21:30:00;;0.0;2;Moto/Ciclomotor,Automóvil;San Martin Y Belgrano;2;1;0;0;0;1;Calle;SAN JERÓNIMO NORTE;Constitución;Asfalto;No existe;XI;Dentro;Urbana;Otra Señal;No existe;Intersección;Bueno;Buena;Nocturna;Buen Tiempo;Múltiple;S/D;Colisión;Ninguna;Faltante
8894;2021;8/11/2021;Lunes;15:40:00;;0.0;2;Moto/Ciclomotor,Automóvil;Ing.Laporte Y Pintor Musto;2;1;0;1;0;0;Calle;ROSARIO;Constitución;Asfalto;No existe;II;Dentro;Urbana;Otra Señal;No existe;Intersección;Bueno;S/D;Diurna;Buen Tiempo;Múltiple;S/D;Colisión;S/D;Faltante