ID_Accidente;A�o;Fecha;Dia;Hopra;Ruta/Autop;km;Participantes;Tipo;Lugar;Total;Heridos Leves;Heridos Graves;Ilesos;Fallecidos;Sin datos;desc_tipo_via;desc_loc;desc_dpto;|;desc_tipo_banquina;desc_unidad_regional;desc_lugar_calzada;desc_zona;desc_prioridad;desc_estado_semaforo;desc_lugar_via;desc_estado_via;desc_estado_visibilidad;desc_luminosidad;desc_estado_clima;desc_tipo_colision;desc_tipo_atropello;desc_tipo_hecho;desc_pres_calzada;desc_senializacion
8895;2021;8/11/2021;Lunes;22:40:00;Ruta Nacional 11;0.0;2;Automóvil,Moto/Ciclomotor; ;3;1;0;2;0;0;Ruta;RECREO;Constitución;Asfalto;Ripio;I;Dentro;Urbana;Otra Señal;No existe;Intersección;Bueno;Buena;Nocturna;Buen Tiempo;Múltiple;S/D;Colisión;Ninguna;S/D
8896;2021;8/11/2021;Lunes;07:50:00;;0.0;2;Moto/Ciclomotor,Automóvil;Ricardo Aldao Y Candioti;2;1;0;1;0;0;Calle;SANTA FE;Constitución;Asfalto;No existe;I;S/D;Urbana;Otra Señal;No existe;Intersección;Bueno;Buena;Diurna;Buen Tiempo;Múltiple;S/D;Colisión;Ninguna;Faltante
8897;2021;8/11/2021;Lunes;06:50:00;;0.0;2;Bicicleta,Automóvil;Santa Fe Y Rodo;2;1;0;1;0;0;Calle;ROSARIO;Constitución;Asfalto;No existe;II;Dentro;Urbana;Otra Señal;S/D;Intersección;Bueno;Buena;Diurna;Buen Tiempo;Múltiple;Ciclista;Colisión;Ninguna;S/D
8898;2021;8/11/2021;Lunes;;;0.0;2;Bicicleta,Automóvil;Av. Los Talas Y El Gorrión;3;2;0;1;0;0;Calle;PEREZ;Constitución;Asfalto;No existe;II;Dentro;Urbana;Otra Señal;No existe;Intersección;Deteriorada;Buena;Diurna;Buen Tiempo;Múltiple;Ciclista;Colisión;Ninguna;Faltante
8899;2021;8/11/2021;Lunes;11:05:00;;0.0;2;Bicicleta,Bicicleta;Pje. Ricardone Y Entre Ríos;2;1;0;1;0;0;Calle;ROSARIO;Constitución;Asfalto;S/D;II;Dentro;Urbana;Otra Señal;S/D;Intersección;Bueno;Buena;Diurna;Buen Tiempo;Múltiple;Ciclista;Colisión;Ninguna;Faltante
8900;2021;8/11/2021;Lunes;11:20:00;;0.0;2;Automóvil,Moto/Ciclomotor;San Lorenzo ;2;1;0;1;0;0;Calle;ROSARIO;Constitución;Asfalto;No existe;II;Dentro;Urbana;Otra Señal;No existe;Intersección;Bueno;Buena;Diurna;Buen Tiempo;Múltiple;S/D;Colisión;Ninguna;Faltante
8901;2021;8/11/2021;Lunes;00:10:00;;0.0;2;Automóvil,Automóvil;J.M.de Rosas 8000;4;0;0;0;0;4;Calle;ROSARIO;Constitución;Asfalto;Pavimento;II;S/D;Urbana;Otra Señal;Funciona;Intersección;Bueno;Buena;Nocturna;Buen Tiempo;Múltiple;S/D;Colisión;Ninguna;Horizontal,Vertical
8902;2021;8/11/2021;Lunes;16:00:00;;0.0;2;Bicicleta,Automóvil;J.Colombres Y Irurtia;2;1;0;0;0;1;Calle;ROSARIO;Constitución;Asfalto;No existe;II;Dentro;Urbana;Otra Señal;No existe;Intersección;Bueno;Buena;Diurna;Buen Tiempo;Múltiple;Ciclista;Colisión;Ninguna;Faltante
8903;2021;8/11/2021;Lunes;14:10:00;;0.0;2;Moto/Ciclomotor,Vehículo Oficial;17 de Octubre Y J A Roca;3;2;0;1;0;0;Calle;VILLA GOBERNADOR GÁLVEZ;Constitución;Asfalto;No existe;II;Dentro;Urbana;Otra Señal;No existe;Intersección;Bueno;Buena;Diurna;Buen Tiempo;Múltiple;S/D;Colisión;Ninguna;Faltante
8904;2021;8/11/2021;Lunes;18:10:00;;0.0;2;Moto/Ciclomotor,Automóvil;Av. Provincias Unidas Y Rio Negro;3;2;0;1;0;0;Avenida;ROSARIO;Constitución;Asfalto;S/D;II;Dentro;Urbana;Otra Señal;S/D;Intersección;Bueno;S/D;S/D;Buen Tiempo;Múltiple;S/D;Colisión;Ninguna;S/D
8905;2021;8/11/2021;Lunes;20:30:00;;0.0;2;Moto/Ciclomotor,Automóvil;Bv. 27 De Febrero Y Ayacucho;2;1;0;1;0;0;Calle;ROSARIO;Constitución;Asfalto;No existe;II;Dentro;Urbana;Otra Señal;No existe;Intersección;Bueno;Buena;Con luz artificial;Buen Tiempo;Múltiple;S/D;Colisión;Ninguna;Faltante
8906;2021;8/11/2021;Lunes;14:20:00;;0.0;2;Bicicleta,Automóvil;Buenos Aires Y Pasco;2;1;0;1;0;0;Calle;ROSARIO;Constitución;Asfalto;No existe;II;Dentro;Urbana;Otra Señal;S/D;Intersección;Bueno;S/D;S/D;Buen Tiempo;Múltiple;Ciclista;Colisión;Ninguna;Faltante
8907;2021;8/11/2021;Lunes;18:50:00;;0.0;2;Moto/Ciclomotor,Transporte de Pasajeros Urbano (> 8 asientos);Grandoli 4058;3;2;0;1;0;0;Avenida;ROSARIO;Constitución;Asfalto;No existe;II;S/D;Urbana;Otra Señal;No existe;Intersección;Bueno;Buena;Atardecer;Buen Tiempo;Múltiple;S/D;Colisión;Ninguna;Faltante
8908;2021;8/11/2021;Lunes;18:00:00;;0.0;2;Moto/Ciclomotor,Automóvil;Garibaldi Y Balcarce;4;1;0;3;0;0;Calle;ROSARIO;Constitución;Asfalto;No existe;II;Dentro;Urbana;Otra Señal;No existe;Intersección;Bueno;Buena;Diurna;Buen Tiempo;Múltiple;S/D;Colisión;Ninguna;Faltante
8909;2021;8/11/2021;Lunes;08:40:00;Ruta Nacional 19;0.0;2;Pickup/Utilitario,Pickup/Utilitario; ;4;1;0;3;0;0;Ruta;ESTACIÓN CLUCELLAS;Constitución;Asfalto;Pavimento;V;Dentro;Rural;Otra Señal;No existe;Intersección;Bueno;Buena;Diurna;Buen Tiempo;Múltiple;S/D;Colisión;Ninguna;Horizontal
8910;2021;8/11/2021;Lunes;23:40:00;;0.0;2;Moto/Ciclomotor,Moto/Ciclomotor;Mitre Y Padre O Madesma;2;2;0;0;0;0;Calle;TIMBÚES;Constitución;Ripio;No existe;XVII;Dentro;Urbana;Otra Señal;No existe;Intersección;Con baches;Buena;Nocturna;Buen Tiempo;Múltiple;S/D;Colisión;Ninguna;Faltante
8911;2021;8/11/2021;Lunes;13:35:00;;0.0;2;Bicicleta,Automóvil;9 de Julio Y Buenos Aires;2;1;0;1;0;0;S/D;PUERTO SAN MARTÍN;Constitución;Asfalto;No existe;XVII;S/D;Urbana;Otra Señal;No existe;Intersección;Bueno;Buena;Diurna;Buen Tiempo;Múltiple;Ciclista;Colisión;Ninguna;Faltante
8912;2021;8/11/2021;Lunes;09:40:00;;0.0;2;Moto/Ciclomotor,Automóvil;San Juan ;2;1;0;1;0;0;S/D;SAN LORENZO;Constitución;S/D;S/D;XVII;S/D;S/D;Otra Señal;S/D;Intersección;S/D;S/D;S/D;S/D;Múltiple;S/D;Colisión;S/D;S/D
8913;2021;8/11/2021;Lunes;17:10:00;;0.0;2;Moto/Ciclomotor,Automóvil; ;3;1;0;2;0;0;S/D;SAN LORENZO;Constitución;S/D;S/D;XVII;Dentro;Urbana;Otra Señal;S/D;Intersección;S/D;S/D;S/D;S/D;Múltiple;S/D;Colisión;S/D;S/D
8914;2021;8/11/2021;Lunes;13:40:00;;0.0;2;Moto/Ciclomotor,Pickup/Utilitario;Calle 33-Pueyrredon Y Calle 30-Lucas Funes;2;1;0;1;0;0;Calle;RECONQUISTA;Constitución;Asfalto;No existe;IX;S/D;Urbana;Otra Señal;No existe;Intersección;Bueno;Buena;Diurna;Buen Tiempo;Múltiple;S/D;Colisión;Ninguna;Horizontal,Vertical
8915;2021;8/11/2021;Lunes;08:40:00;;0.0;2;Moto/Ciclomotor,Pickup/Utilitario;Calle 31-Newbery ;2;1;0;1;0;0;Calle;RECONQUISTA;Constitución;Asfalto;No existe;IX;Dentro;Urbana;Otra Señal;No existe;Intersección;Bueno;Buena;Diurna;Buen Tiempo;Múltiple;S/D;Colisión;Ninguna;Vertical
8916;2021;8/11/2021;Lunes;09:50:00;Autopista Nacional A008;0.0;4;Camión,Otros,Automóvil,Pickup/Utilitario;Av. Circunvalación ;5;5;0;0;0;0;Autopista;ROSARIO;Constitución;S/D;S/D;II;Dentro;Urbana;Otra Señal;S/D;Intersección;S/D;S/D;S/D;S/D;Múltiple;S/D;Colisión;S/D;S/D
8917;2021;8/11/2021;Lunes;;;0.0;1;Automóvil; ;1;1;0;0;0;0;Calle;ROSARIO;Constitución;S/D;S/D;II;Dentro;Urbana;Otra Señal;S/D;Intersección;S/D;S/D;S/D;S/D;Múltiple;S/D;Colisión;S/D;S/D
8918;2021;8/11/2021;Lunes;13:35:00;;0.0;2;Bicicleta,Automóvil;9 de Julio Y Buenos Aires;2;1;0;1;0;0;Calle;PUERTO SAN MARTÍN;Constitución;S/D;S/D;XVII;Dentro;Urbana;Otra Señal;S/D;Intersección;S/D;S/D;S/D;S/D;Múltiple;Ciclista;Colisión;S/D;S/D
8919;2021;8/11/2021;Lunes;12:30:00;;0.0;3;Moto/Ciclomotor,Automóvil,Camión;Calle 9-Mariano Moreno ;3;1;0;2;0;0;Calle;RECONQUISTA;Constitución;S/D;S/D;IX;Dentro;Urbana;Otra Señal;S/D;Intersección;S/D;S/D;S/D;S/D;Múltiple;S/D;Colisión;S/D;S/D
8920;2021;8/11/2021;Lunes;23:40:00;;0.0;2;Moto/Ciclomotor,Automóvil;Calle 37-Bvard. Lovato ;2;1;0;1;0;0;Calle;RECONQUISTA;Constitución;S/D;S/D;IX;Dentro;Urbana;Otra Señal;S/D;Intersección;S/D;S/D;S/D;S/D;Múltiple;S/D;Colisión;S/D;S/D
8921;2021;8/11/2021;Lunes;;Ruta Nacional 34;0.0;2;Pickup/Utilitario,Pickup/Utilitario; ;3;2;0;1;0;0;Ruta;LEHMANN;Constitución;S/D;S/D;V;Dentro;Urbana;Otra Señal;S/D;Intersección;S/D;S/D;S/D;S/D;Múltiple;S/D;Colisión;S/D;S/D
8922;2021;8/11/2021;Lunes;;;0.0;2;Moto/Ciclomotor,Moto/Ciclomotor;SANTA FE Y 25 DE MAYO;2;1;0;1;0;0;Calle;ALDAO;Constitución;S/D;S/D;XVII;Dentro;Urbana;Otra Señal;S/D;Intersección;S/D;S/D;S/D;S/D;Múltiple;S/D;Colisión;S/D;S/D
8923;2021;8/11/2021;Lunes;15:00:00;;0.0;1;Automóvil; ;1;1;0;0;0;0;Calle;ARROYO CEIBAL;Constitución;S/D;S/D;IX;Dentro;Urbana;Otra Señal;S/D;Intersección;S/D;S/D;S/D;S/D;Múltiple;S/D;Colisión;S/D;S/D
8924;2021;8/11/2021;Lunes;00:00:00;;0.0;2;Peatón,Otros; ;2;1;0;1;0;0;Calle;ROSARIO;Constitución;S/D;S/D;II;Dentro;Urbana;Otra Señal;S/D;Intersección;S/D;S/D;S/D;S/D;Múltiple;Peatón;Colisión;S/D;S/D
8925;2021;8/11/2021;Lunes;;;0.0;1;Moto/Ciclomotor; ;1;1;0;0;0;0;Calle;ROSARIO;Constitución;S/D;S/D;II;Dentro;Urbana;Otra Señal;S/D;Intersección;S/D;S/D;S/D;S/D;Múltiple;S/D;Colisión;S/D;S/D
8926;2021;8/11/2021;Lunes;21:45:00;;0.0;1;Moto/Ciclomotor; ;1;1;0;0;0;0;Calle;ROSARIO;Constitución;S/D;S/D;II;Dentro;Urbana;Otra Señal;S/D;Intersección;S/D;S/D;S/D;S/D;Múltiple;S/D;Colisión;S/D;S/D
8927;2021;8/11/2021;Lunes;18:50:00;;0.0;1;Moto/Ciclomotor;Rivadavia Y Colon;1;0;0;0;0;0;Calle;SAN JORGE;San MARTÍN;Asfalto;S/D;XVIII;Dentro;Urbana;Otra Señal;No existe;Intersección;Bueno;Buena;Diurna;Buen Tiempo;Múltiple;S/D;Colisión;Ninguna;S/D
8928;2021;8/11/2021;Lunes;22:05:00;;0.0;2;Moto/Ciclomotor,Pickup/Utilitario;Calle 30-Lucas Funes Y Calle 47-Islas Malvinas;5;3;0;1;0;0;Calle;RECONQUISTA;General Obligado;S/D;S/D;IX;Dentro;Urbana;Otra Señal;S/D;Intersección;S/D;S/D;S/D;S/D;Múltiple;S/D;Colisión;S/D;S/D
8929;2021;9/11/2021;Martes;11:30:00;Autopista Nacional A008;11.0;2;Moto/Ciclomotor,Camión;Bv. 27 De Febrero Y Av. Circunvalación;2;0;0;1;1;0;Autopista;ROSARIO;Rosario;Asfalto;No existe;II;S/D;Urbana;Otra Señal;No existe;Intersección;Bueno;S/D;Diurna;S/D;Múltiple;S/D;Colisión;Ninguna;Faltante
8930;2021;9/11/2021;Martes;23:50:00;;0.0;1;Automóvil; ;2;2;0;0;0;0;Calle;VILLA MINETTI;Constitución;Asfalto;No existe;XII;Dentro;Urbana;Otra Señal;No existe;Intersección;Con baches;Reducida;Nocturna;Buen Tiempo;Múltiple;S/D;Colisión;Agua;Faltante
8931;2021;9/11/2021;Martes;00:25:00;Ruta Provincial 1;0.0;2;Automóvil,Pickup/Utilitario; ;3;1;0;2;0;0;Ruta;COLASTINE;Constitución;Asfalto;Pavimento;I;Dentro;Urbana;Otra Señal;Funciona;Intersección;Bueno;Reducida;Nocturna;Buen Tiempo;Múltiple;S/D;Colisión;Ninguna;Faltante
8932;2021;9/11/2021;Martes;13:00:00;;0.0;2;Taxi/Remis,Moto/Ciclomotor;Pres Domingo Faustino Sarmiento Y Fidela Valdez;3;1;0;2;0;0;Calle;SANTO TOMÉ;Constitución;Hormigón;S/D;I;Dentro;Urbana;Otra Señal;No existe;Intersección;Bueno;Buena;Diurna;Buen Tiempo;Múltiple;S/D;Colisión;Ninguna;Faltante
8933;2021;9/11/2021;Martes;23:20:00;;0.0;2;Moto/Ciclomotor,Automóvil;Av. Blas Parera Y Florencio Fernández;2;1;0;1;0;0;Avenida;SANTA FE;Constitución;Asfalto;S/D;I;S/D;Urbana;Otra Señal;Funciona;Intersección;Bueno;Buena;Nocturna;Buen Tiempo;Múltiple;S/D;Colisión;S/D;Vertical
8934;2021;9/11/2021;Martes;14:30:00;;0.0;2;Moto/Ciclomotor,Automóvil;Av. A del Valle Y Agustín Delgado;2;1;0;1;0;0;Avenida;SANTA FE;Constitución;Asfalto;No existe;I;Dentro;Urbana;Otra Señal;No existe;Intersección;Bueno;Buena;Diurna;Buen Tiempo;Múltiple;S/D;Colisión;Ninguna;Vertical
8935;2021;9/11/2021;Martes;12:45:00;;0.0;2;Moto/Ciclomotor,Pickup/Utilitario;9 de Julio Y Pedro Diaz Colodrero;2;1;0;1;0;0;Avenida;SANTA FE;Constitución;Asfalto;No existe;I;S/D;Urbana;Otra Señal;S/D;Intersección;Bueno;S/D;S/D;Buen Tiempo;Múltiple;S/D;Colisión;Ninguna;S/D
8936;2021;9/11/2021;Martes;21:30:00;;0.0;2;Moto/Ciclomotor,Automóvil;Saavedra Y Martin Zapata;2;1;0;0;0;1;Calle;SANTA FE;Constitución;Asfalto;No existe;I;Dentro;Urbana;Otra Señal;Funciona;Intersección;Bueno;Buena;Con luz artificial;Buen Tiempo;Múltiple;S/D;Colisión;Ninguna;Vertical
8937;2021;9/11/2021;Martes;15:30:00;;0.0;2;Moto/Ciclomotor,Automóvil;Pedro Centeno Y Pje Quiroga;2;1;0;1;0;0;Calle;SANTA FE;Constitución;Asfalto;No existe;I;Dentro;Urbana;Otra Señal;Funciona;Intersección;Bueno;Buena;Diurna;Buen Tiempo;Múltiple;S/D;Colisión;Ninguna;Vertical
8938;2021;9/11/2021;Martes;12:20:00;;0.0;2;Moto/Ciclomotor,Automóvil;Av. Pte. Perón Y Pedro Centeno;2;1;0;1;0;0;Avenida;SANTA FE;Constitución;Asfalto;No existe;I;S/D;Urbana;Otra Señal;Funciona;Intersección;Bueno;S/D;Diurna;Buen Tiempo;Múltiple;S/D;Colisión;Ninguna;Vertical
8939;2021;9/11/2021;Martes;08:05:00;Ruta Nacional 33;0.0;2;Pickup/Utilitario,Automóvil;25 de Mayo ;2;1;0;1;0;0;Ruta;ZAVALLA;Constitución;Asfalto;Ripio;II;Dentro;Urbana;Otra Señal;No existe;Intersección;Bueno;Buena;Diurna;Buen Tiempo;Múltiple;S/D;Colisión;Ninguna;Faltante
8940;2021;9/11/2021;Martes;08:00:00;;0.0;2;Moto/Ciclomotor,Automóvil;Urquiza Y Entre Ríos;2;1;0;1;0;0;Calle;ROSARIO;Constitución;Asfalto;No existe;II;Dentro;Urbana;Otra Señal;No existe;Intersección;Bueno;Buena;Diurna;Buen Tiempo;Múltiple;S/D;Colisión;Ninguna;Faltante
8941;2021;9/11/2021;Martes;13:00:00;Ruta Nacional 9;0.0;3;Automóvil,Moto/Ciclomotor,Bicicleta; ;3;2;0;1;0;0;Ruta;FUNES;Constitución;Ripio;S/D;II;S/D;Urbana;Otra Señal;S/D;Intersección;S/D;S/D;S/D;Buen Tiempo;Múltiple;Ciclista;Colisión;S/D;S/D
8942;2021;9/11/2021;Martes;07:40:00;;0.0;2;Moto/Ciclomotor,Moto/Ciclomotor;Bv. Avellaneda ;2;0;0;0;0;2;S/D;ROSARIO;Constitución;S/D;S/D;II;S/D;Urbana;Otra Señal;S/D;Intersección;S/D;S/D;S/D;S/D;Múltiple;S/D;Colisión;S/D;S/D
8943;2021;9/11/2021;Martes;10:45:00;;0.0;2;Automóvil,Moto/Ciclomotor;Sánchez de Bustamante Y Flamarion;2;0;0;0;0;2;Calle;ROSARIO;Constitución;S/D;Pavimento;II;S/D;Urbana;Otra Señal;No existe;Intersección;Otro;Buena;Diurna;Buen Tiempo;Múltiple;S/D;Colisión;Ninguna;Faltante
8944;2021;9/11/2021;Martes;17:15:00;Ruta Provincial 22;0.0;2;Moto/Ciclomotor,Moto/Ciclomotor;Av. Costera Saladillo ;2;2;0;0;0;0;Ruta;VILLA GOBERNADOR GÁLVEZ;Constitución;Asfalto;No existe;II;S/D;Urbana;Otra Señal;No existe;Intersección;Bueno;Buena;Diurna;Buen Tiempo;Múltiple;S/D;Colisión;Ninguna;Faltante
8945;2021;9/11/2021;Martes;11:50:00;;0.0;2;Moto/Ciclomotor,Moto/Ciclomotor;17 de Octubre Y 3 de Febrero;3;1;0;0;0;2;S/D;VILLA GOBERNADOR GÁLVEZ;Constitución;Asfalto;S/D;II;S/D;Urbana;Otra Señal;S/D;Intersección;Deteriorada;Buena;Diurna;Buen Tiempo;Múltiple;S/D;Colisión;Ninguna;Faltante
8946;2021;9/11/2021;Martes;23:15:00;;0.0;2;Automóvil,Peatón;Av. Pellegrini Y Mitre;2;1;0;1;0;0;Calle;ROSARIO;Constitución;Asfalto;No existe;II;Dentro;Urbana;Otra Señal;No existe;Intersección;Bueno;Buena;Nocturna;Buen Tiempo;Múltiple;Peatón;Colisión;Ninguna;Faltante
8947;2021;9/11/2021;Martes;10:25:00;;0.0;2;Moto/Ciclomotor,Automóvil;Diaz Vélez Y Rubén Darío;3;1;0;2;0;0;Calle;ROSARIO;Constitución;Asfalto;S/D;II;S/D;Urbana;Otra Señal;S/D;Intersección;Bueno;S/D;S/D;Buen Tiempo;Múltiple;S/D;Colisión;S/D;S/D
8948;2021;9/11/2021;Martes;13:40:00;;0.0;2;Automóvil,Automóvil;Bv. Seguí Y Buenos Aires;5;1;0;4;0;0;Avenida;ROSARIO;Constitución;Asfalto;No existe;II;S/D;Urbana;Otra Señal;No existe;Intersección;Bueno;Buena;Diurna;Buen Tiempo;Múltiple;S/D;Colisión;Ninguna;Faltante
8949;2021;9/11/2021;Martes;08:00:00;;0.0;2;Bicicleta,Automóvil;Mitre Y Bv Simón Iriondo;2;1;0;1;0;0;Calle;ACEBAL;Constitución;Hormigón;No existe;II;Dentro;Urbana;Otra Señal;No existe;Intersección;Bueno;Buena;Diurna;Buen Tiempo;Múltiple;Ciclista;Colisión;S/D;Faltante
8950;2021;9/11/2021;Martes;21:20:00;;0.0;1;Moto/Ciclomotor;San Martin Y Colon;1;1;0;0;0;0;Calle;CALCHAQUÍ;Constitución;Asfalto;S/D;XIX;Dentro;Urbana;Otra Señal;No existe;Intersección;S/D;S/D;Nocturna;S/D;Múltiple;S/D;Colisión;S/D;S/D
8951;2021;9/11/2021;Martes;13:15:00;;0.0;2;Moto/Ciclomotor,Pickup/Utilitario;Av. Moreno Y Pedroni;2;1;0;1;0;0;Calle;SUNCHALES;Constitución;Hormigón;Pavimento;V;Dentro;Urbana;Otra Señal;No existe;Intersección;Bueno;Buena;Diurna;Buen Tiempo;Múltiple;S/D;Colisión;Ninguna;Horizontal
8952;2021;9/11/2021;Martes;10:30:00;;0.0;2;Pickup/Utilitario,Bicicleta;Bv Oroño Y Av. San Martin;2;1;0;1;0;0;Avenida;SAN LORENZO;Constitución;Asfalto;S/D;XVII;Dentro;Urbana;Otra Señal;S/D;Intersección;S/D;S/D;S/D;S/D;Múltiple;Ciclista;Colisión;S/D;S/D
8953;2021;9/11/2021;Martes;;;0.0;1;Pickup/Utilitario; ;1;1;0;0;0;0;Calle;SANTA FE;Constitución;S/D;S/D;I;Dentro;Urbana;Otra Señal;S/D;Intersección;S/D;S/D;S/D;S/D;Múltiple;S/D;Colisión;S/D;S/D
8954;2021;9/11/2021;Martes;;;0.0;2;Automóvil,Moto/Ciclomotor;Bv Oroño Y French y Berutti;2;1;0;1;0;0;Calle;CORONDA;Constitución;S/D;S/D;XV;Dentro;Urbana;Otra Señal;S/D;Intersección;S/D;S/D;S/D;S/D;Múltiple;S/D;Colisión;S/D;S/D
8955;2021;9/11/2021;Martes;19:00:00;;0.0;2;Bicicleta,Automóvil;Bvard 20 de Junio Y Avda. 25 de Mayo;2;1;0;1;0;0;Calle;GÁLVEZ;Constitución;S/D;S/D;XV;Dentro;Urbana;Otra Señal;S/D;Intersección;S/D;S/D;S/D;S/D;Múltiple;S/D;Colisión;S/D;S/D
8956;2021;9/11/2021;Martes;21:35:00;Ruta Provincial 15;0.0;1;Camión c / Acoplado; ;1;1;0;0;0;0;Ruta;ARTEAGA;Constitución;Asfalto;Natural;IV;S/D;Rural;Otra Señal;No existe;Intersección;Bueno;S/D;Nocturna;S/D;Múltiple;S/D;Colisión;Ninguna;S/D
8957;2021;9/11/2021;Martes;07:50:00;;0.0;2;Automóvil,Moto/Ciclomotor;Calle 45-47 Paraguay ;2;1;0;1;0;0;Calle;RECONQUISTA;Constitución;S/D;S/D;IX;Dentro;Urbana;Otra Señal;S/D;Intersección;S/D;S/D;S/D;S/D;Múltiple;S/D;Colisión;S/D;S/D
8958;2021;9/11/2021;Martes;16:00:00;;0.0;2;Automóvil,Moto/Ciclomotor;Calle 41-43 Y Calle 48;3;2;0;1;0;0;Calle;RECONQUISTA;Constitución;S/D;S/D;IX;Dentro;Urbana;Otra Señal;S/D;Intersección;S/D;S/D;S/D;S/D;Múltiple;S/D;Colisión;S/D;S/D
8959;2021;9/11/2021;Martes;09:15:00;;0.0;2;Moto/Ciclomotor,Pickup/Utilitario;Bv General Obligado Y Fray Luis Beltrán;2;1;0;1;0;0;Calle;VILLA OCAMPO;Constitución;S/D;S/D;IX;Dentro;Urbana;Otra Señal;S/D;Intersección;S/D;S/D;S/D;S/D;Múltiple;S/D;Colisión;S/D;S/D
8960;2021;9/11/2021;Martes;09:00:00;;0.0;1;Moto/Ciclomotor;San Martín Y 25 de Mayo;2;2;0;0;0;0;Calle;FLORENCIA;Constitución;S/D;S/D;IX;Dentro;Urbana;Otra Señal;S/D;Intersección;S/D;S/D;S/D;S/D;Múltiple;S/D;Colisión;S/D;S/D
8961;2021;9/11/2021;Martes;;;0.0;2;Moto/Ciclomotor,Automóvil;Constitución 40;2;1;0;1;0;0;Calle;RAFAELA;Constitución;S/D;S/D;V;Dentro;Urbana;Otra Señal;S/D;Intersección;S/D;S/D;S/D;S/D;Múltiple;S/D;Colisión;S/D;S/D
8962;2021;9/11/2021;Martes;;;0.0;2;Automóvil,Bicicleta;Tucumán ;2;1;0;1;0;0;Calle;RAFAELA;Constitución;S/D;S/D;V;Dentro;Urbana;Otra Señal;S/D;Intersección;S/D;S/D;S/D;S/D;Múltiple;Ciclista;Colisión;S/D;S/D
8963;2021;9/11/2021;Martes;;;0.0;2;Automóvil,Moto/Ciclomotor;Avenida General San Martin Y Santa Fe;3;1;0;2;0;0;Calle;LEHMANN;Constitución;S/D;S/D;V;Dentro;Urbana;Otra Señal;S/D;Intersección;S/D;S/D;S/D;S/D;Múltiple;S/D;Colisión;S/D;S/D
8964;2021;9/11/2021;Martes;20:00:00;;0.0;1;Moto/Ciclomotor;Bv. 27 De Febrero Y Bv. Oroño;2;2;0;0;0;0;Calle;ROSARIO;Constitución;S/D;S/D;I;Dentro;Urbana;Otra Señal;S/D;Intersección;S/D;S/D;S/D;S/D;Múltiple;S/D;Colisión;S/D;S/D
8965;2021;9/11/2021;Martes;11:00:00;;0.0;1;Bicicleta;España Y Av. Pellegrini;1;1;0;0;0;0;Calle;ROSARIO;Constitución;S/D;S/D;II;Dentro;Urbana;Otra Señal;S/D;Intersección;S/D;S/D;S/D;S/D;Múltiple;Ciclista;Colisión;S/D;S/D
8966;2021;9/11/2021;Martes;07:30:00;;0.0;1;Moto/Ciclomotor;Cazadores Y Cereseto;1;1;0;0;0;0;Calle;ROSARIO;Constitución;S/D;S/D;II;Dentro;Urbana;Otra Señal;S/D;Intersección;S/D;S/D;S/D;S/D;Múltiple;S/D;Colisión;S/D;S/D
8967;2021;9/11/2021;Martes;20:00:00;;0.0;1;Pickup/Utilitario; ;1;1;0;0;0;0;Calle;FUNES;Constitución;S/D;S/D;II;Dentro;Urbana;Otra Señal;S/D;Intersección;S/D;S/D;S/D;S/D;Múltiple;S/D;Colisión;S/D;S/D
8968;2021;9/11/2021;Martes;00:00:00;;0.0;1;Moto/Ciclomotor;Viamonte Y Brasil;1;1;0;0;0;0;Calle;ROSARIO;Constitución;S/D;S/D;II;Dentro;Urbana;Otra Señal;S/D;Intersección;S/D;S/D;S/D;S/D;Múltiple;S/D;Colisión;S/D;S/D
8969;2021;9/11/2021;Martes;17:20:00;;0.0;2;Peatón,Automóvil; ;2;0;0;0;0;1;Avenida;ROSARIO;Constitución;S/D;S/D;II;Dentro;Urbana;Otra Señal;S/D;Intersección;S/D;S/D;S/D;S/D;Múltiple;Peatón;Colisión;S/D;S/D
8970;2021;9/11/2021;Martes;16:30:00;;0.0;2;Moto/Ciclomotor,Bicicleta;Av. De Las Palmeras Y Av. Pte. Perón;2;0;0;1;0;0;Calle;ROSARIO;Constitución;Asfalto;No existe;II;Dentro;Urbana;Otra Señal;No existe;Intersección;Bueno;Buena;Diurna;Buen Tiempo;Múltiple;Ciclista;Colisión;Ninguna;Faltante
8971;2021;9/11/2021;Martes;11:00:00;;0.0;2;Moto/Ciclomotor,Automóvil;Bv Pte. Roca Y Arenales;2;0;0;1;0;0;Calle;RAFAELA;Castellanos;Asfalto;S/D;V;S/D;Urbana;Otra Señal;Funciona;Intersección;Bueno;Buena;Diurna;Buen Tiempo;Múltiple;S/D;Colisión;S/D;Vertical
8972;2021;9/11/2021;Martes;;;0.0;1;Moto/Ciclomotor; ;1;0;0;0;0;0;Calle;ESPERANZA;Las Colonias;S/D;S/D;XI;Dentro;Urbana;Otra Señal;S/D;Intersección;S/D;S/D;S/D;S/D;Múltiple;S/D;Colisión;S/D;S/D
8973;2021;9/11/2021;Martes;20:35:00;;0.0;2;Moto/Ciclomotor,Automóvil;Av. Federico Carlos Sigel Y Belgrano;2;0;0;1;0;0;Calle;MALABRIGO;General Obligado;S/D;S/D;IX;Dentro;Urbana;Otra Señal;S/D;Intersección;S/D;S/D;S/D;S/D;Múltiple;S/D;Colisión;S/D;S/D
8974;2021;9/11/2021;Martes;12:00:00;;0.0;2;Pickup/Utilitario,Moto/Ciclomotor;Pbro Emiliano Cerdán Y Santos Dumont;2;0;0;1;0;0;Calle;RAFAELA;Castellanos;S/D;S/D;V;Dentro;Urbana;Otra Señal;S/D;Intersección;S/D;S/D;S/D;S/D;Múltiple;S/D;Colisión;S/D;S/D