ID_Accidente;A�o;Fecha;Dia;Hopra;Ruta/Autop;km;Participantes;Tipo;Lugar;Total;Heridos Leves;Heridos Graves;Ilesos;Fallecidos;Sin datos;desc_tipo_via;desc_loc;desc_dpto;|;desc_tipo_banquina;desc_unidad_regional;desc_lugar_calzada;desc_zona;desc_prioridad;desc_estado_semaforo;desc_lugar_via;desc_estado_via;desc_estado_visibilidad;desc_luminosidad;desc_estado_clima;desc_tipo_colision;desc_tipo_atropello;desc_tipo_hecho;desc_pres_calzada;desc_senializacion
8975;2021;9/11/2021;Martes;21:00:00;;0.0;1;Bicicleta;Bv. Seguí Y Av. Provincias Unidas;1;0;0;0;0;0;Calle;ROSARIO;Rosario;S/D;S/D;II;Dentro;Urbana;Otra Señal;S/D;Intersección;S/D;S/D;S/D;S/D;Múltiple;Ciclista;Colisión;S/D;S/D
8976;2021;9/11/2021;Martes;23:00:00;;0.0;2;Peatón,Otros;Derqui ;2;0;0;1;0;0;Calle;ROSARIO;Rosario;S/D;S/D;II;Dentro;Urbana;Otra Señal;S/D;Intersección;S/D;S/D;S/D;S/D;Múltiple;Peatón;Colisión;S/D;S/D
8977;2021;10/11/2021;Miercoles;09:45:00;;0.0;2;Moto/Ciclomotor,Moto/Ciclomotor;Lavalle Y San Lorenzo;2;1;0;1;0;0;Calle;LAS ROSAS;Constitución;Asfalto;No existe;III;Dentro;Urbana;Otra Señal;No existe;Intersección;Bueno;Buena;Diurna;Buen Tiempo;Múltiple;S/D;Colisión;Ninguna;Faltante
8978;2021;10/11/2021;Miercoles;09:45:00;;0.0;2;Automóvil,Moto/Ciclomotor;Lavalle Y San Lorenzo;2;1;0;1;0;0;Calle;LAS ROSAS;Constitución;Hormigón;No existe;III;Dentro;Urbana;Otra Señal;No existe;Intersección;Bueno;Buena;Diurna;Buen Tiempo;Múltiple;S/D;Colisión;Ninguna;Faltante
8979;2021;10/11/2021;Miercoles;07:00:00;;0.0;2;Moto/Ciclomotor,Pickup/Utilitario;General López Y Córdoba;2;1;0;1;0;0;Calle;SARMIENTO;Constitución;Asfalto;Natural;XI;Dentro;Urbana;Otra Señal;No existe;Intersección;Bueno;Buena;Diurna;Buen Tiempo;Múltiple;S/D;Colisión;Ninguna;Faltante
8980;2021;10/11/2021;Miercoles;17:30:00;Ruta Provincial 10;0.0;2;Pickup/Utilitario,Camión c / Acoplado; ;2;1;0;1;0;0;Ruta;PILAR;Constitución;Asfalto;Natural;XI;Dentro;Urbana;Otra Señal;No existe;Intersección;Ahuellamiento;Buena;Diurna;Buen Tiempo;Múltiple;S/D;Colisión;Ninguna;Faltante
8981;2021;10/11/2021;Miercoles;11:50:00;;0.0;2;Automóvil,Moto/Ciclomotor;San Martin Y Manfredi;2;1;0;1;0;0;Calle;FRANCK;Constitución;Asfalto;Pavimento;XI;Dentro;Urbana;Otra Señal;Funciona;Intersección;Bueno;Buena;Diurna;Buen Tiempo;Múltiple;S/D;Colisión;Ninguna;Horizontal,Vertical
8982;2021;10/11/2021;Miercoles;19:30:00;;0.0;2;Otros,Automóvil;Rivadavia Y Islas Malvinas;3;1;0;2;0;0;Calle;SAN CARLOS CENTRO;Constitución;Asfalto;No existe;XI;Dentro;Urbana;Otra Señal;No existe;Intersección;Bueno;Buena;Diurna;Buen Tiempo;Múltiple;S/D;Colisión;S/D;S/D
8983;2021;10/11/2021;Miercoles;08:30:00;;0.0;2;Camión c / Acoplado,Moto/Ciclomotor;Brigadier Estanislao López Y Formosa;2;1;0;1;0;0;S/D;MONTE VERA;Constitución;Ripio;No existe;I;S/D;Urbana;Otra Señal;No existe;Intersección;S/D;Buena;Amanecer;Otro;Múltiple;S/D;Colisión;S/D;S/D
8984;2021;10/11/2021;Miercoles;14:10:00;;0.0;2;Moto/Ciclomotor,Automóvil;9 de Julio Y Pedro Centeno;2;1;0;1;0;0;Calle;SANTA FE;Constitución;Asfalto;No existe;I;Dentro;Urbana;Otra Señal;No existe;Intersección;Bueno;Buena;Diurna;Buen Tiempo;Múltiple;S/D;Colisión;Ninguna;Vertical
8985;2021;10/11/2021;Miercoles;14:30:00;;0.0;2;Moto/Ciclomotor,Automóvil;Francia Y Av. Gral. López;2;1;0;1;0;0;Calle;SANTA FE;Constitución;Asfalto;Pavimento;I;Dentro;Urbana;Otra Señal;No existe;Intersección;Bueno;Buena;Diurna;Buen Tiempo;Múltiple;S/D;Colisión;Ninguna;Horizontal
8986;2021;10/11/2021;Miercoles;15:20:00;;0.0;2;Moto/Ciclomotor,Automóvil;San Jerónimo Y Obispo Gelabert;3;1;0;2;0;0;Calle;SANTA FE;Constitución;Asfalto;Pavimento;I;Dentro;Urbana;Otra Señal;No existe;Intersección;Bueno;Buena;Diurna;Buen Tiempo;Múltiple;S/D;Colisión;Ninguna;Faltante
8987;2021;10/11/2021;Miercoles;07:55:00;;0.0;2;Moto/Ciclomotor,Moto/Ciclomotor;Mendoza Y Ricardo Rojas;2;1;0;1;0;0;Avenida;ROSARIO;Constitución;Asfalto;No existe;II;Dentro;Urbana;Otra Señal;S/D;Intersección;Bueno;Buena;Diurna;Buen Tiempo;Múltiple;S/D;Colisión;Ninguna;S/D
8988;2021;10/11/2021;Miercoles;22:15:00;;0.0;2;Pickup/Utilitario,Moto/Ciclomotor;El Picaflor Y Las Casuarinas;3;1;0;2;0;0;Calle;PEREZ;Constitución;Asfalto;S/D;II;Dentro;Urbana;Otra Señal;No existe;Intersección;Bueno;S/D;S/D;Buen Tiempo;Múltiple;S/D;Colisión;Ninguna;Faltante
8989;2021;10/11/2021;Miercoles;11:00:00;Ruta Nacional 9;0.0;2;Automóvil,Pickup/Utilitario; ;2;1;0;1;0;0;Ruta;FUNES;Constitución;Asfalto;Pavimento;II;S/D;Urbana;Otra Señal;No existe;Intersección;Bueno;Buena;Diurna;Buen Tiempo;Múltiple;S/D;Colisión;Ninguna;S/D
8990;2021;10/11/2021;Miercoles;19:00:00;;0.0;2;Moto/Ciclomotor,Taxi/Remis;Bv. Oroño Y Montevideo;2;1;0;0;0;1;Calle;ROSARIO;Constitución;S/D;S/D;II;Dentro;Urbana;Otra Señal;S/D;Intersección;S/D;S/D;S/D;S/D;Múltiple;S/D;Colisión;S/D;S/D
8991;2021;10/11/2021;Miercoles;11:40:00;;0.0;2;Automóvil,Automóvil;Av. Pte. Perón Y Av. De Las Palmeras;2;1;0;1;0;0;S/D;ROSARIO;Constitución;S/D;S/D;II;S/D;S/D;Otra Señal;S/D;Intersección;Bueno;Buena;Diurna;Buen Tiempo;Múltiple;S/D;Colisión;Ninguna;S/D
8992;2021;10/11/2021;Miercoles;17:20:00;;0.0;2;Moto/Ciclomotor,Automóvil;Sánchez de Bustamante Y F.Malaponte;2;1;0;1;0;0;S/D;ROSARIO;Constitución;Asfalto;No existe;II;S/D;S/D;Otra Señal;No existe;Intersección;Bueno;Buena;Diurna;Buen Tiempo;Múltiple;S/D;Colisión;Ninguna;Faltante
8993;2021;10/11/2021;Miercoles;10:15:00;;0.0;2;Peatón,Otros;Grandoli Y Pte. Quintana;2;1;0;1;0;0;Avenida;ROSARIO;Constitución;Asfalto;No existe;II;S/D;Urbana;Otra Señal;No existe;Intersección;S/D;Buena;Diurna;Buen Tiempo;Múltiple;Peatón;Colisión;Ninguna;Faltante
8994;2021;10/11/2021;Miercoles;13:00:00;;0.0;1;Moto/Ciclomotor;Tucumán Y Falucho;2;2;0;0;0;0;Calle;SUNCHALES;Constitución;Asfalto;Pavimento;V;Dentro;Urbana;Otra Señal;No existe;Intersección;Bueno;Buena;Diurna;Buen Tiempo;Múltiple;S/D;Colisión;Ninguna;Faltante
8995;2021;10/11/2021;Miercoles;20:11:00;;0.0;2;Moto/Ciclomotor,Moto/Ciclomotor;Dorrego ;2;2;0;0;0;0;S/D;SAN LORENZO;Constitución;S/D;S/D;XVII;S/D;Urbana;Otra Señal;S/D;Intersección;S/D;S/D;S/D;S/D;Múltiple;S/D;Colisión;S/D;S/D
8996;2021;10/11/2021;Miercoles;21:30:00;;0.0;2;Bicicleta,Peatón;Av. Belgrano Y Cervantes;2;1;0;1;0;0;Calle;CAPITÁN BERMÚDEZ;Constitución;S/D;S/D;XVII;Dentro;Urbana;Otra Señal;S/D;Intersección;S/D;S/D;S/D;S/D;Múltiple;Ciclista,Peatón;Colisión;S/D;S/D
8997;2021;10/11/2021;Miercoles;11:45:00;;0.0;2;Pickup/Utilitario,Moto/Ciclomotor;Brigadier Estanislao López Y 2 de Abril;3;2;0;1;0;0;Calle;VILLA OCAMPO;Constitución;S/D;S/D;IX;Dentro;Urbana;Otra Señal;S/D;Intersección;S/D;S/D;S/D;S/D;Múltiple;S/D;Colisión;S/D;S/D
8998;2021;10/11/2021;Miercoles;;Autopista Provincial Brigadier E.LÓPEZ;0.0;2;Moto/Ciclomotor,Moto/Ciclomotor; ;3;3;0;0;0;0;Autopista;SANTA FE;Constitución;S/D;S/D;I;Dentro;Urbana;Otra Señal;S/D;Intersección;S/D;S/D;S/D;S/D;Múltiple;S/D;Colisión;S/D;S/D
8999;2021;10/11/2021;Miercoles;16:54:00;;0.0;2;Moto/Ciclomotor,Automóvil;Calle 121 Y Calle 112;2;1;0;1;0;0;Calle;AVELLANEDA;Constitución;S/D;S/D;IX;Dentro;Urbana;Otra Señal;S/D;Intersección;S/D;S/D;S/D;S/D;Múltiple;S/D;Colisión;S/D;S/D
9000;2021;10/11/2021;Miercoles;13:20:00;;0.0;2;Automóvil,Moto/Ciclomotor;Calle 12 San Martin Y Calle 65-Canada;2;1;0;0;0;1;Calle;RECONQUISTA;Constitución;S/D;S/D;IX;Dentro;Urbana;Otra Señal;S/D;Intersección;S/D;S/D;S/D;S/D;Múltiple;S/D;Colisión;S/D;S/D
9001;2021;10/11/2021;Miercoles;15:40:00;;0.0;2;Moto/Ciclomotor,Moto/Ciclomotor;Calle 75-Lisandro de la Torre ;3;1;0;0;0;2;Calle;RECONQUISTA;Constitución;S/D;S/D;IX;Dentro;Urbana;Otra Señal;S/D;Intersección;S/D;S/D;S/D;S/D;Múltiple;S/D;Colisión;S/D;S/D
9002;2021;10/11/2021;Miercoles;19:00:00;;0.0;1;Bicicleta;Bv. Seguí Y Roullon;1;1;0;0;0;0;Calle;ROSARIO;Constitución;S/D;S/D;II;Dentro;Urbana;Otra Señal;S/D;Intersección;S/D;S/D;S/D;S/D;Múltiple;Ciclista;Colisión;S/D;S/D
9003;2021;10/11/2021;Miercoles;19:30:00;;0.0;1;Moto/Ciclomotor;Lima Y E.Zeballos;1;1;0;0;0;0;Calle;ROSARIO;Constitución;S/D;S/D;II;Dentro;Urbana;Otra Señal;S/D;Intersección;S/D;S/D;S/D;S/D;Múltiple;S/D;Colisión;S/D;S/D
9004;2021;10/11/2021;Miercoles;18:00:00;;0.0;1;Moto/Ciclomotor;Av. Corrientes ;1;1;0;0;0;0;Calle;ROSARIO;Constitución;S/D;S/D;II;Dentro;Urbana;Otra Señal;S/D;Intersección;S/D;S/D;S/D;S/D;Múltiple;S/D;Colisión;S/D;S/D
9005;2021;10/11/2021;Miercoles;14:45:00;;0.0;1;Bicicleta; ;1;1;0;0;0;0;Calle;ROSARIO;Constitución;S/D;S/D;II;Dentro;Urbana;Otra Señal;S/D;Intersección;S/D;S/D;S/D;S/D;Múltiple;Ciclista;Colisión;S/D;S/D
9006;2021;10/11/2021;Miercoles;18:30:00;;0.0;1;Bicicleta;Bordabehere Y Alberdi;1;1;0;0;0;0;Calle;ROSARIO;Constitución;S/D;S/D;II;Dentro;Urbana;Otra Señal;S/D;Intersección;S/D;S/D;S/D;S/D;Múltiple;S/D;Colisión;S/D;S/D
9007;2021;10/11/2021;Miercoles;20:25:00;Ruta Provincial 1;0.0;1;Pickup/Utilitario; ;1;0;0;0;0;0;Ruta;SALADERO CABAL;Constitución;Asfalto;Natural;VII;Dentro;Urbana;Otra Señal;No existe;Intersección;Bueno;Buena;Nocturna;Buen Tiempo;Múltiple;S/D;Colisión;Ninguna;Horizontal
9008;2021;10/11/2021;Miercoles;08:10:00;;0.0;2;Pickup/Utilitario,Moto/Ciclomotor;Avenida 13 Y Avenida 16;4;2;0;1;0;0;Calle;LAS PAREJAS;Constitución;Hormigón;No existe;III;Dentro;Urbana;Otra Señal;Funciona;Intersección;Bueno;Buena;Diurna;Buen Tiempo;Múltiple;S/D;Colisión;Ninguna;Vertical
9009;2021;10/11/2021;Miercoles;11:00:00;;0.0;2;Bicicleta,Pickup/Utilitario;Sánchez de Loria Y Av. Eva Perón;2;0;0;1;0;0;Avenida;ROSARIO;Constitución;Asfalto;No existe;II;Dentro;Urbana;Otra Señal;Funciona;Intersección;Bueno;Buena;Diurna;Buen Tiempo;Múltiple;Ciclista;Colisión;Ninguna;Faltante
9010;2021;10/11/2021;Miercoles;21:00:00;;0.0;2;Moto/Ciclomotor,Automóvil;Castellanos Y Pje. Gordillo;3;0;0;0;0;2;Calle;ROSARIO;Constitución;Asfalto;No existe;II;Dentro;Urbana;Otra Señal;No existe;Intersección;Bueno;S/D;Diurna;Buen Tiempo;Múltiple;S/D;Colisión;Ninguna;Faltante
9011;2021;10/11/2021;Miercoles;18:50:00;;0.0;2;Pickup/Utilitario,Moto/Ciclomotor;Lavalle Y Cerrito;2;1;0;0;0;0;S/D;ROSARIO;Constitución;Asfalto;S/D;II;S/D;S/D;Otra Señal;S/D;Intersección;Bueno;Buena;Diurna;Buen Tiempo;Múltiple;S/D;Colisión;Ninguna;Faltante
9012;2021;10/11/2021;Miercoles;18:30:00;;0.0;2;Pickup/Utilitario,Moto/Ciclomotor;España Y Lamadrid;2;0;0;1;0;0;Calle;ROSARIO;Constitución;Asfalto;No existe;II;S/D;Urbana;Otra Señal;No existe;Intersección;Bueno;Buena;Diurna;Buen Tiempo;Múltiple;S/D;Colisión;Ninguna;Faltante
9013;2021;10/11/2021;Miercoles;14:45:00;Autopista Provincial Brigadier E.LÓPEZ;0.0;2;Moto/Ciclomotor,Moto/Ciclomotor; ;2;0;0;0;0;0;Autopista;SANTO TOMÉ;La Capital;Asfalto;No existe;I;Dentro;Urbana;Otra Señal;No existe;Intersección;Bueno;Buena;Diurna;Buen Tiempo;Múltiple;S/D;Colisión;Ninguna;Faltante
9014;2021;11/11/2021;Jueves;20:40:00;Ruta Provincial 6;48.0;2;Automóvil,Pickup/Utilitario; ;2;1;0;0;1;0;Ruta;FRANCK;Las Colonias;Asfalto;Natural;XI;Dentro;Rural;Otra Señal;No existe;Intersección;Bueno;Reducida;Nocturna;Buen Tiempo;Múltiple;S/D;Colisión;Ninguna;Vertical
9015;2021;11/11/2021;Jueves;15:20:00;;0.0;2;Moto/Ciclomotor,Moto/Ciclomotor;Juan Francisco Seguí Y Gregorio Gamboa;2;1;0;1;0;0;Calle;SAN JOSÉ DEL RINCÓN;Constitución;Asfalto,Arena;Natural;I;Dentro;Urbana;Otra Señal;No existe;Intersección;Bueno;Buena;Diurna;Buen Tiempo;Múltiple;S/D;Colisión;Ninguna;Faltante
9016;2021;11/11/2021;Jueves;12:05:00;;0.0;2;Automóvil,Moto/Ciclomotor;La Rioja Y Juan José Castelli;3;2;0;1;0;0;Calle;SANTO TOMÉ;Constitución;Asfalto;No existe;I;Dentro;Urbana;Otra Señal;No existe;Intersección;Bueno;Buena;Diurna;Buen Tiempo;Múltiple;S/D;Colisión;Ninguna;Faltante
9017;2021;11/11/2021;Jueves;18:10:00;;0.0;2;Moto/Ciclomotor,Automóvil;Av. Galicia Y Las Heras;2;1;0;1;0;0;Avenida;SANTA FE;Constitución;Asfalto;S/D;I;S/D;Urbana;Otra Señal;S/D;Intersección;Bueno;Buena;S/D;Buen Tiempo;Múltiple;S/D;Colisión;Ninguna;S/D
9018;2021;11/11/2021;Jueves;08:20:00;;0.0;2;Moto/Ciclomotor,Automóvil;24 De Setiembre Y Bv. Avellaneda;2;0;0;0;0;2;Calle;ROSARIO;Constitución;Asfalto;Pavimento;II;Dentro;Urbana;Otra Señal;No existe;Intersección;Bueno;Buena;Diurna;Buen Tiempo;Múltiple;S/D;Colisión;Ninguna;Faltante
9019;2021;11/11/2021;Jueves;17:15:00;;0.0;2;Pickup/Utilitario,Moto/Ciclomotor;Av. Freyre 1965;3;2;0;1;0;0;Avenida;SANTA FE;Constitución;Asfalto;Ripio;I;Fuera;Urbana;Otra Señal;No existe;Intersección;Bueno;Buena;Diurna;Buen Tiempo;Múltiple;S/D;Colisión;Ninguna;Faltante
9020;2021;11/11/2021;Jueves;14:25:00;;0.0;2;Camión c / Acoplado,Moto/Ciclomotor;Bv. 27 De Febrero Y Francia F;2;1;0;1;0;0;Avenida;ROSARIO;Constitución;Asfalto;No existe;II;Dentro;Urbana;Otra Señal;Funciona;Intersección;Bueno;Buena;Diurna;Buen Tiempo;Múltiple;S/D;Colisión;Ninguna;Faltante
9021;2021;11/11/2021;Jueves;22:00:00;;0.0;3;Automóvil,Automóvil,Camión Chasis;Bv. 27 De Febrero 6400;3;2;0;0;0;1;S/D;ROSARIO;Constitución;Asfalto;S/D;II;S/D;S/D;Otra Señal;S/D;Intersección;Bueno;S/D;S/D;Buen Tiempo;Múltiple;S/D;Colisión;S/D;S/D
9022;2021;11/11/2021;Jueves;15:10:00;;0.0;2;Moto/Ciclomotor,Automóvil;Ayacucho ;2;1;0;1;0;0;Calle;VILLA GOBERNADOR GÁLVEZ;Constitución;Asfalto;No existe;II;Dentro;Urbana;Otra Señal;No existe;Intersección;Bueno;Buena;Diurna;Buen Tiempo;Múltiple;S/D;Colisión;Ninguna;Faltante
9023;2021;11/11/2021;Jueves;20:20:00;;0.0;2;Moto/Ciclomotor,Automóvil;Av. Provincias Unidas Y La Republica;2;1;0;1;0;0;Calle;ROSARIO;Constitución;Asfalto;No existe;II;Dentro;Urbana;Otra Señal;No existe;Intersección;Deteriorada;Buena;Con luz artificial;Otro;Múltiple;S/D;Colisión;Otro;Faltante
9024;2021;11/11/2021;Jueves;12:00:00;;0.0;2;Moto/Ciclomotor,Automóvil;Baigorria Y Unión;2;1;0;1;0;0;S/D;ROSARIO;Constitución;S/D;S/D;II;S/D;S/D;Otra Señal;S/D;Intersección;S/D;S/D;S/D;S/D;Múltiple;S/D;Colisión;S/D;S/D
9025;2021;11/11/2021;Jueves;09:20:00;;0.0;2;Moto/Ciclomotor,Automóvil;San Martin Y León;2;1;0;1;0;0;Avenida;ROSARIO;Constitución;Asfalto;S/D;II;S/D;S/D;Otra Señal;S/D;Intersección;Bueno;S/D;S/D;Buen Tiempo;Múltiple;S/D;Colisión;Ninguna;Faltante
9026;2021;11/11/2021;Jueves;23:00:00;Ruta Provincial 13;0.0;2;Automóvil,Pickup/Utilitario; ;5;4;0;1;0;0;Ruta;PIÑERO;Constitución;Asfalto;Ripio;II;Dentro;Rural;Otra Señal;No existe;Intersección;Ahuellamiento;Buena;Nocturna;Buen Tiempo;Múltiple;S/D;Colisión;Ninguna;S/D
9027;2021;11/11/2021;Jueves;09:15:00;Ruta Nacional 11;0.0;2;Moto/Ciclomotor,Pickup/Utilitario;Cno San Roque ;2;1;0;0;0;1;Ruta;SAN JUSTO;Constitución;Asfalto;Natural;XVI;S/D;S/D;Otra Señal;No existe;Intersección;Bueno;Buena;Diurna;Buen Tiempo;Múltiple;S/D;Colisión;Ninguna;Faltante
9028;2021;11/11/2021;Jueves;17:00:00;Ruta Nacional 11;0.0;2;Automóvil,Moto/Ciclomotor; ;2;1;0;1;0;0;Ruta;TIMBÚES;Constitución;Asfalto;Ripio;XVII;Dentro;Urbana;Otra Señal;No existe;Intersección;Bueno;Buena;Diurna;Buen Tiempo;Múltiple;S/D;Colisión;Ninguna;Vertical
9029;2021;11/11/2021;Jueves;14:40:00;;0.0;2;Moto/Ciclomotor,Automóvil;25 de Mayo ;2;1;0;1;0;0;S/D;SAN LORENZO;Constitución;S/D;S/D;XVII;S/D;Urbana;Otra Señal;S/D;Intersección;S/D;S/D;S/D;S/D;Múltiple;S/D;Colisión;S/D;S/D
9030;2021;11/11/2021;Jueves;16:20:00;;0.0;2;Moto/Ciclomotor,Automóvil;Ayohuma ;2;1;0;1;0;0;S/D;SAN LORENZO;Constitución;S/D;S/D;XVII;S/D;Urbana;Otra Señal;S/D;Intersección;S/D;S/D;S/D;S/D;Múltiple;S/D;Colisión;S/D;S/D
9031;2021;11/11/2021;Jueves;19:55:00;;0.0;2;Peatón,Automóvil;Av. Blas Parera Y Florencio Fernández;2;1;0;0;0;1;Calle;SANTA FE;Constitución;S/D;S/D;I;Dentro;Urbana;Otra Señal;S/D;Intersección;S/D;S/D;S/D;S/D;Múltiple;Peatón;Colisión;S/D;S/D
9032;2021;11/11/2021;Jueves;;;0.0;2;Automóvil,Bicicleta;Neuquén Y Cayetano Silva;2;1;0;1;0;0;Calle;VENADO TUERTO;Constitución;S/D;S/D;VIII;Dentro;Urbana;Otra Señal;S/D;Intersección;S/D;S/D;S/D;S/D;Múltiple;Ciclista;Colisión;S/D;S/D
9033;2021;11/11/2021;Jueves;;Ruta Nacional 34;342.1;1;Automóvil; ;1;1;0;0;0;0;Ruta;ARRUFÓ;Constitución;S/D;S/D;XIII;Dentro;Urbana;Otra Señal;S/D;Intersección;S/D;S/D;S/D;S/D;Múltiple;S/D;Colisión;S/D;S/D
9034;2021;11/11/2021;Jueves;06:15:00;;0.0;2;Moto/Ciclomotor,Automóvil;Italia Y Dean Funes;2;1;0;1;0;0;Calle;VENADO TUERTO;Constitución;S/D;S/D;VIII;Dentro;Urbana;Otra Señal;S/D;Intersección;S/D;S/D;S/D;S/D;Múltiple;S/D;Colisión;S/D;S/D
9035;2021;11/11/2021;Jueves;17:50:00;;0.0;2;Moto/Ciclomotor,Pickup/Utilitario;Larrea A Y Juan B Justo;5;4;0;1;0;0;Calle;VENADO TUERTO;Constitución;S/D;S/D;VIII;Dentro;Urbana;Otra Señal;S/D;Intersección;S/D;S/D;S/D;S/D;Múltiple;S/D;Colisión;S/D;S/D
9036;2021;11/11/2021;Jueves;20:33:00;;0.0;2;Moto/Ciclomotor,Automóvil;Quintana Y Junín;2;1;0;1;0;0;Calle;VENADO TUERTO;Constitución;S/D;S/D;VIII;Dentro;Urbana;Otra Señal;S/D;Intersección;S/D;S/D;S/D;S/D;Múltiple;S/D;Colisión;S/D;S/D
9037;2021;11/11/2021;Jueves;16:20:00;;0.0;2;Pickup/Utilitario,Moto/Ciclomotor;Calle 113 Y Calle 102;2;1;0;1;0;0;Calle;AVELLANEDA;Constitución;S/D;S/D;IX;Dentro;Urbana;Otra Señal;S/D;Intersección;S/D;S/D;S/D;S/D;Múltiple;S/D;Colisión;S/D;S/D
9038;2021;11/11/2021;Jueves;22:45:00;;0.0;1;Transporte de Pasajeros Urbano (> 8 asientos);Campbell Y Bv. 27 De Febrero;1;1;0;0;0;0;Calle;ROSARIO;Constitución;S/D;S/D;II;Dentro;Urbana;Otra Señal;S/D;Intersección;S/D;S/D;S/D;S/D;Múltiple;S/D;Colisión;S/D;S/D
9039;2021;11/11/2021;Jueves;18:00:00;;0.0;2;Automóvil,Moto/Ciclomotor;Pje. San Gerónimo Y Vélez Sarsfield;2;0;0;1;0;0;Calle;ROSARIO;Constitución;Asfalto;No existe;II;Dentro;Urbana;Otra Señal;No existe;Intersección;Otro;Reducida;Atardecer;Otro;Múltiple;S/D;Colisión;Otro;Faltante
9040;2021;11/11/2021;Jueves;20:20:00;;0.0;2;Moto/Ciclomotor,Pickup/Utilitario;Rivadavia ;3;1;0;1;0;0;Avenida;VILLA TRINIDAD;San CRISTÓBAL;Asfalto;S/D;XIII;Dentro;S/D;Otra Señal;S/D;Intersección;Bueno;Buena;Nocturna;Buen Tiempo;Múltiple;S/D;Colisión;Ninguna;Vertical
9041;2021;12/11/2021;Viernes;13:13:00;;0.0;2;Moto/Ciclomotor,Moto/Ciclomotor;Entre Ríos Y Neuquén;2;1;0;1;0;0;Calle;TOSTADO;Constitución;Ripio;No existe;XII;Dentro;Urbana;Otra Señal;No existe;Intersección;Bueno;Buena;Diurna;Buen Tiempo;Múltiple;S/D;Colisión;Ninguna;Faltante
9042;2021;12/11/2021;Viernes;13:00:00;;0.0;2;Moto/Ciclomotor,Pickup/Utilitario;A Rossi Y Uruguay;2;1;0;1;0;0;Calle;SANTA ROSA DE CALCHINES;Constitución;Asfalto;No existe;VII;Dentro;Urbana;Otra Señal;No existe;Intersección;Bueno;Buena;Diurna;Buen Tiempo;Múltiple;S/D;Colisión;Ninguna;Faltante
9043;2021;12/11/2021;Viernes;;;0.0;2;Bicicleta,Otros;San Martin 200;2;1;0;0;0;1;S/D;SAN CARLOS CENTRO;Constitución;Asfalto;No existe;XI;Dentro;Urbana;Otra Señal;No existe;Intersección;Bueno;Buena;Diurna;Buen Tiempo;Múltiple;Ciclista;Colisión;Ninguna;Faltante
9044;2021;12/11/2021;Viernes;13:00:00;;0.0;2;Automóvil,Moto/Ciclomotor;Roverano ;2;1;0;1;0;0;Calle;SANTO TOMÉ;Constitución;Tierra;No existe;I;Dentro;Urbana;Otra Señal;No existe;Intersección;Deteriorada;Buena;Diurna;Buen Tiempo;Múltiple;S/D;Colisión;Ninguna;Faltante
9045;2021;12/11/2021;Viernes;;;0.0;2;Moto/Ciclomotor,Automóvil;Reg. 12 de Infantería Y San Juan;2;1;0;1;0;0;Calle;SANTA FE;Constitución;Asfalto;Pavimento;I;S/D;S/D;Otra Señal;Funciona;Intersección;Bueno;Buena;Con luz artificial;Otro;Múltiple;S/D;Colisión;Agua;S/D
9046;2021;12/11/2021;Viernes;05:00:00;;0.0;1;Automóvil;Hipólito Irigoyen Y Manuel Dorrego;3;2;0;1;0;0;Calle;SANTO TOMÉ;Constitución;Tierra;No existe;I;Dentro;Urbana;Otra Señal;No existe;Intersección;Bueno;Buena;Amanecer;Buen Tiempo;Múltiple;S/D;Colisión;Ninguna;Faltante
9047;2021;12/11/2021;Viernes;17:20:00;;0.0;2;Moto/Ciclomotor,Automóvil;Gorriti Y Sarmiento;3;1;0;2;0;0;Calle;SANTA FE;Constitución;S/D;No existe;I;Dentro;Urbana;Otra Señal;S/D;Intersección;Otro;S/D;S/D;Viento Fuerte;Múltiple;S/D;Colisión;Otro;Faltante
9048;2021;12/11/2021;Viernes;;;0.0;1;Automóvil;Av. Circunvalación Y Mendoza;1;1;0;0;0;0;Calle;SANTA FE;Constitución;Asfalto;S/D;I;S/D;Urbana;Otra Señal;No existe;Intersección;Bueno;Buena;Nocturna;Buen Tiempo;Múltiple;S/D;Colisión;Ninguna;Faltante
9049;2021;12/11/2021;Viernes;21:15:00;;0.0;2;Automóvil,Moto/Ciclomotor;Bv Gálvez Y Necochea;2;1;0;1;0;0;S/D;SANTA FE;Constitución;Asfalto;S/D;I;S/D;S/D;Otra Señal;S/D;Intersección;Bueno;Buena;Nocturna;Buen Tiempo;Múltiple;S/D;Colisión;Ninguna;S/D
9050;2021;12/11/2021;Viernes;10:00:00;;0.0;2;Bicicleta,Otros;Sarmiento Y Santa Fe;2;1;0;1;0;0;Calle;ROSARIO;Constitución;Asfalto;No existe;II;Dentro;Urbana;Otra Señal;No existe;Intersección;Bueno;Buena;Diurna;Buen Tiempo;Múltiple;Ciclista;Colisión;Ninguna;Faltante
9051;2021;12/11/2021;Viernes;09:20:00;Ruta Nacional 9;0.0;2;Automóvil,Moto/Ciclomotor; ;2;1;0;1;0;0;Ruta;FUNES;Constitución;Asfalto;Ripio;II;Dentro;Urbana;Otra Señal;Funciona;Intersección;Bueno;Buena;Diurna;Buen Tiempo;Múltiple;S/D;Colisión;Ninguna;Vertical