ID_Accidente;A�o;Fecha;Dia;Hopra;Ruta/Autop;km;Participantes;Tipo;Lugar;Total;Heridos Leves;Heridos Graves;Ilesos;Fallecidos;Sin datos;desc_tipo_via;desc_loc;desc_dpto;|;desc_tipo_banquina;desc_unidad_regional;desc_lugar_calzada;desc_zona;desc_prioridad;desc_estado_semaforo;desc_lugar_via;desc_estado_via;desc_estado_visibilidad;desc_luminosidad;desc_estado_clima;desc_tipo_colision;desc_tipo_atropello;desc_tipo_hecho;desc_pres_calzada;desc_senializacion
9052;2021;12/11/2021;Viernes;15:30:00;;0.0;2;Moto/Ciclomotor,Automóvil;Bv. Oroño Y Av. Ponce;4;1;0;3;0;0;Avenida;ROSARIO;Constitución;Asfalto;No existe;II;Dentro;Urbana;Otra Señal;No existe;Intersección;Bueno;Buena;Diurna;Buen Tiempo;Múltiple;S/D;Colisión;Ninguna;Faltante
9053;2021;12/11/2021;Viernes;00:00:00;;0.0;2;Moto/Ciclomotor,Automóvil;Francia F Y Bv. Seguí;3;0;0;0;0;3;Calle;ROSARIO;Constitución;S/D;S/D;II;Dentro;Urbana;Otra Señal;S/D;Intersección;S/D;S/D;S/D;S/D;Múltiple;S/D;Colisión;S/D;S/D
9054;2021;12/11/2021;Viernes;15:10:00;S/D Nacional A008;0.0;1;Moto/Ciclomotor;Av. Pellegrini Y Av. Circunvalación;1;1;0;0;0;0;S/D;ROSARIO;Constitución;Asfalto;S/D;II;S/D;S/D;Otra Señal;S/D;Intersección;Bueno;Buena;Diurna;Buen Tiempo;Múltiple;S/D;Colisión;Ninguna;S/D
9055;2021;12/11/2021;Viernes;07:55:00;;0.0;2;Moto/Ciclomotor,Pickup/Utilitario;Pasco ;2;0;0;0;0;2;S/D;ROSARIO;Constitución;S/D;S/D;II;S/D;S/D;Otra Señal;S/D;Intersección;Bueno;S/D;S/D;Buen Tiempo;Múltiple;S/D;Colisión;Ninguna;S/D
9056;2021;12/11/2021;Viernes;16:20:00;;0.0;2;Automóvil,Moto/Ciclomotor;CÓRDOBA ;2;1;0;1;0;0;Calle;PUEBLO ESTHER;Constitución;Asfalto;No existe;II;S/D;Urbana;Otra Señal;No existe;Intersección;Bueno;Buena;Diurna;Buen Tiempo;Múltiple;S/D;Colisión;Ninguna;Faltante
9057;2021;12/11/2021;Viernes;07:40:00;;0.0;2;Bicicleta,Moto/Ciclomotor;Rio Negro Y Perú;2;1;0;1;0;0;Calle;ROSARIO;Constitución;Asfalto;S/D;II;Dentro;Urbana;Otra Señal;No existe;Intersección;Bueno;Buena;Diurna;Buen Tiempo;Múltiple;Ciclista;Colisión;Ninguna;Horizontal
9058;2021;12/11/2021;Viernes;12:30:00;;0.0;2;Automóvil,Automóvil;Av. Eva Perón Y Dr. Maradona;2;1;0;1;0;0;Calle;ROSARIO;Constitución;Asfalto;Ripio;II;Dentro;Urbana;Otra Señal;No existe;Intersección;Bueno;Buena;Diurna;Buen Tiempo;Múltiple;S/D;Colisión;Ninguna;S/D
9059;2021;12/11/2021;Viernes;20:30:00;Ruta Provincial 21;0.0;2;Automóvil,Moto/Ciclomotor; ;2;1;0;1;0;0;Ruta;ARROYO SECO;Constitución;Asfalto;Natural;II;Dentro;Rural;Otra Señal;No existe;Intersección;Bueno;Reducida;Nocturna;Buen Tiempo;Múltiple;S/D;Colisión;Ninguna;Faltante
9060;2021;12/11/2021;Viernes;13:55:00;;0.0;2;Moto/Ciclomotor,Automóvil;Grandoli Y Bv. Seguí;2;1;0;1;0;0;Avenida;ROSARIO;Constitución;Asfalto;No existe;II;S/D;S/D;Otra Señal;No existe;Intersección;Bueno;Buena;Diurna;Buen Tiempo;Múltiple;S/D;Colisión;Ninguna;Faltante
9061;2021;12/11/2021;Viernes;06:15:00;Autopista Nacional A008;0.0;2;Moto/Ciclomotor,Otros;Av. Ntra.Sra.del Rosario Y Av. Circunvalación;3;1;0;2;0;0;Autopista;ROSARIO;Constitución;Asfalto;No existe;II;S/D;S/D;Otra Señal;No existe;Intersección;Bueno;Buena;Diurna;Buen Tiempo;Múltiple;S/D;Colisión;Ninguna;Faltante
9062;2021;12/11/2021;Viernes;10:55:00;;0.0;1;Moto/Ciclomotor;San Martin Y Colon;2;1;0;1;0;0;Calle;VERA;Constitución;Asfalto;No existe;XIX;Dentro;Urbana;Otra Señal;No existe;Intersección;Bueno;Buena;Diurna;Buen Tiempo;Múltiple;S/D;Colisión;Ninguna;S/D
9063;2021;12/11/2021;Viernes;17:50:00;;0.0;2;Moto/Ciclomotor,Bicicleta;San Martin Y Rivadavia;2;1;0;0;0;1;Calle;CALCHAQUÍ;Constitución;Asfalto;S/D;XIX;S/D;Urbana;Otra Señal;S/D;Intersección;S/D;S/D;Diurna;S/D;Múltiple;Ciclista;Colisión;S/D;S/D
9064;2021;12/11/2021;Viernes;19:50:00;;0.0;1;Automóvil; ;3;2;0;1;0;0;Camino Rural;SAN JUSTO;Constitución;Ripio;Natural;XVI;Dentro;Rural;Otra Señal;No existe;Intersección;Resbaladiza,Ahuellamiento;Reducida;Atardecer;Buen Tiempo;Múltiple;S/D;Colisión;Ninguna;Faltante
9065;2021;12/11/2021;Viernes;16:35:00;;0.0;1;Moto/Ciclomotor;Dorrego 557;1;1;0;0;0;0;S/D;FRAY LUIS BELTRÁN;Constitución;Ripio;No existe;XVII;S/D;S/D;Otra Señal;No existe;Intersección;Ahuellamiento;Buena;Diurna;Otro;Múltiple;S/D;Colisión;Ninguna;Faltante
9066;2021;12/11/2021;Viernes;07:19:00;;0.0;2;Moto/Ciclomotor,Automóvil;Av. San Martin Y French;2;1;0;1;0;0;S/D;FRAY LUIS BELTRÁN;Constitución;Asfalto;Pavimento;XVII;S/D;S/D;Otra Señal;No existe;Intersección;Bueno;Buena;Diurna;Otro;Múltiple;S/D;Colisión;Ninguna;Faltante
9067;2021;12/11/2021;Viernes;20:30:00;;0.0;2;Automóvil,Moto/Ciclomotor;San Juan Y Cortada Jujuy;2;1;0;1;0;0;Calle;EL TRÉBOL;Constitución;Asfalto;S/D;XVIII;S/D;Urbana;Otra Señal;No existe;Intersección;Bueno;Buena;Nocturna;Buen Tiempo;Múltiple;S/D;Colisión;Ninguna;S/D
9068;2021;12/11/2021;Viernes;;;0.0;2;Moto/Ciclomotor,Automóvil; ;3;1;0;2;0;0;Calle;ESPERANZA;Constitución;S/D;S/D;XI;Dentro;Urbana;Otra Señal;S/D;Intersección;S/D;S/D;S/D;S/D;Múltiple;S/D;Colisión;S/D;S/D
9069;2021;12/11/2021;Viernes;18:00:00;;0.0;2;Moto/Ciclomotor,Bicicleta;HIPÓLITO HIRIGOYEN Y GRAL. LÓPEZ;2;1;0;1;0;0;Avenida;RECONQUISTA;Constitución;Asfalto;Pavimento;IX;Dentro;Urbana;Otra Señal;No existe;Intersección;Bueno;Buena;Diurna;Buen Tiempo;Múltiple;S/D;Colisión;Ninguna;Horizontal
9070;2021;12/11/2021;Viernes;14:10:00;;0.0;2;Automóvil,Automóvil; ;2;2;0;0;0;0;Calle;ROSARIO;Constitución;S/D;S/D;II;Dentro;Urbana;Otra Señal;S/D;Intersección;S/D;S/D;S/D;S/D;Múltiple;S/D;Colisión;S/D;S/D
9071;2021;12/11/2021;Viernes;21:45:00;Ruta Provincial 92;62.0;2;Moto/Ciclomotor,Automóvil; ;4;2;0;0;2;0;Ruta;ARTEAGA;Constitución;Asfalto;Natural;IV;Dentro;Urbana;Otra Señal;No existe;Intersección;Bueno;Buena;Nocturna;Buen Tiempo;Múltiple;S/D;Colisión;Ninguna;Horizontal
9072;2021;12/11/2021;Viernes;12:50:00;;0.0;3;Automóvil,Moto/Ciclomotor,Automóvil;Moreno Y Presbítero José Houriet;3;1;0;2;0;0;Calle;VERA;Constitución;S/D;S/D;XIX;Dentro;Urbana;Otra Señal;S/D;Intersección;S/D;S/D;S/D;S/D;Múltiple;S/D;Colisión;S/D;S/D
9073;2021;12/11/2021;Viernes;18:40:00;;0.0;2;Bicicleta,Automóvil;San Martin Y Rivadavia;2;1;0;0;0;1;Calle;CALCHAQUÍ;Constitución;S/D;S/D;XIX;Dentro;Urbana;Otra Señal;S/D;Intersección;S/D;S/D;S/D;S/D;Múltiple;Ciclista;Colisión;S/D;S/D
9074;2021;12/11/2021;Viernes;21:20:00;Ruta Nacional 11;0.0;2;Bicicleta,Moto/Ciclomotor; ;2;1;0;1;0;0;Ruta;CORONDA;Constitución;S/D;S/D;XV;Dentro;Urbana;Otra Señal;S/D;Intersección;S/D;S/D;S/D;S/D;Múltiple;Ciclista;Colisión;S/D;S/D
9075;2021;12/11/2021;Viernes;11:23:00;;0.0;2;Bicicleta,Pickup/Utilitario;Laprida Y Caseros;2;1;0;1;0;0;Calle;VENADO TUERTO;Constitución;S/D;S/D;VIII;Dentro;Urbana;Otra Señal;S/D;Intersección;S/D;S/D;S/D;S/D;Múltiple;Ciclista;Colisión;S/D;S/D
9076;2021;12/11/2021;Viernes;14:00:00;;0.0;2;Moto/Ciclomotor,Automóvil;Gral. Manuel Belgrano Y Marconico;4;3;0;1;0;0;Calle;VENADO TUERTO;Constitución;S/D;S/D;VIII;Dentro;Urbana;Otra Señal;S/D;Intersección;S/D;S/D;S/D;S/D;Múltiple;S/D;Colisión;S/D;S/D
9077;2021;12/11/2021;Viernes;20:00:00;;0.0;2;Moto/Ciclomotor,Automóvil;Carlos Pellegrini Y Casey;2;1;0;1;0;0;Calle;VENADO TUERTO;Constitución;S/D;S/D;VIII;Dentro;Urbana;Otra Señal;S/D;Intersección;S/D;S/D;S/D;S/D;Múltiple;S/D;Colisión;S/D;S/D
9078;2021;12/11/2021;Viernes;18:10:00;;0.0;2;Moto/Ciclomotor,Automóvil;Calle 21 Y Calle 12;3;2;0;1;0;0;Calle;AVELLANEDA;Constitución;S/D;S/D;IX;Dentro;Urbana;Otra Señal;S/D;Intersección;S/D;S/D;S/D;S/D;Múltiple;S/D;Colisión;S/D;S/D
9079;2021;12/11/2021;Viernes;;;0.0;2;Moto/Ciclomotor,Automóvil; ;2;1;0;1;0;0;Calle;RICARDONE;Constitución;S/D;S/D;XVII;Dentro;Urbana;Otra Señal;S/D;Intersección;S/D;S/D;S/D;S/D;Múltiple;S/D;Colisión;S/D;S/D
9080;2021;12/11/2021;Viernes;03:30:00;;0.0;1;Bicicleta;Av. Pellegrini ;1;1;0;0;0;0;Calle;ROSARIO;Constitución;S/D;S/D;II;Dentro;Urbana;Otra Señal;S/D;Intersección;S/D;S/D;S/D;S/D;Múltiple;Ciclista;Colisión;S/D;S/D
9081;2021;12/11/2021;Viernes;17:30:00;;0.0;1;Bicicleta;Mariano Moreno ;2;2;0;0;0;0;Calle;ROSARIO;Constitución;S/D;S/D;II;Dentro;Urbana;Otra Señal;S/D;Intersección;S/D;S/D;S/D;S/D;Múltiple;Ciclista;Colisión;S/D;S/D
9082;2021;12/11/2021;Viernes;23:20:00;;0.0;2;Moto/Ciclomotor,Pickup/Utilitario;Bv San Martin Y Santa Fe;3;1;0;1;0;0;Avenida;FELICIA;Constitución;Asfalto,Ripio;No existe;XI;Dentro;Urbana;Otra Señal;No existe;Intersección;Bueno;Buena;Con luz artificial;Buen Tiempo;Múltiple;S/D;Colisión;Ninguna;S/D
9083;2021;12/11/2021;Viernes;18:15:00;;0.0;2;Automóvil,Moto/Ciclomotor;Bv. Avellaneda Y Lamadrid;2;0;0;0;0;1;Calle;ROSARIO;Constitución;Asfalto;Pavimento;II;Dentro;Urbana;Otra Señal;No existe;Intersección;Bueno;Buena;Diurna;Buen Tiempo;Múltiple;S/D;Colisión;Ninguna;Faltante
9084;2021;12/11/2021;Viernes;21:45:00;;0.0;2;Automóvil,Pickup/Utilitario;Av. Provincias Unidas Y Marcos Paz;4;3;0;0;0;0;Avenida;ROSARIO;Constitución;Hormigón;Pavimento;II;Dentro;Urbana;Otra Señal;Funciona;Intersección;Bueno;Buena;Nocturna;Buen Tiempo;Múltiple;S/D;Colisión;Ninguna;S/D
9085;2021;12/11/2021;Viernes;01:30:00;;0.0;1;Moto/Ciclomotor;Av. Eva Perón ;1;0;0;0;0;0;Calle;ROSARIO;Rosario;S/D;S/D;II;Dentro;Urbana;Otra Señal;S/D;Intersección;S/D;S/D;S/D;S/D;Múltiple;S/D;Colisión;S/D;S/D
9086;2021;12/11/2021;Viernes;23:36:00;Autopista Nacional Rosario -Cordoba;0.0;1;Moto/Ciclomotor; ;1;0;0;0;0;0;Autopista;ROSARIO;Rosario;S/D;S/D;II;Dentro;Urbana;Otra Señal;S/D;Intersección;S/D;S/D;S/D;S/D;Múltiple;S/D;Colisión;S/D;S/D
9087;2021;12/11/2021;Viernes;;;0.0;3;Automóvil,Pickup/Utilitario,Automóvil;Av. Circunvalación Y Av. Uriburu;9;7;0;0;0;0;S/D;ROSARIO;Rosario;S/D;S/D;II;Dentro;Urbana;S/D;S/D;Intersección;S/D;S/D;S/D;S/D;S/D;S/D;Colisión;S/D;S/D
9088;2021;13/11/2021;Sabado;18:20:00;;0.0;1;Moto/Ciclomotor;Tucumán ;1;0;0;0;1;0;Camino Rural;EL TRÉBOL;San MARTÍN;Tierra;Natural;XVIII;S/D;Rural;Otra Señal;No existe;Intersección;Ahuellamiento,Otro;Buena;Diurna;Buen Tiempo;Múltiple;S/D;Colisión;S/D;Faltante
9089;2021;13/11/2021;Sabado;04:02:00;;0.0;2;Pickup/Utilitario,Automóvil;Av. Cobos Y A Victorero;3;2;0;0;1;0;Avenida;RUFINO;General LÓPEZ;Asfalto;No existe;VIII;S/D;Urbana;Otra Señal;No existe;Intersección;Bueno;S/D;Nocturna;S/D;Múltiple;S/D;Colisión;Ninguna;Faltante
9090;2021;13/11/2021;Sabado;10:00:00;;0.0;2;Moto/Ciclomotor,Camión c / Acoplado;Calle 5 Y San Francisco de Asís-Calle 66;3;1;0;1;1;0;Calle;FRONTERA;Castellanos;Asfalto;No existe;V;S/D;Urbana;Otra Señal;No existe;Intersección;Bueno;S/D;Diurna;Buen Tiempo;Múltiple;S/D;Colisión;Ninguna;Faltante
9091;2021;13/11/2021;Sabado;18:15:00;;0.0;2;Moto/Ciclomotor,Pickup/Utilitario;Carlos Silvestre Begnis ;3;2;0;1;0;0;Calle;TOSTADO;Constitución;Asfalto;No existe;XII;Dentro;Urbana;Otra Señal;Funciona;Intersección;Bueno;Buena;Diurna;Buen Tiempo;Múltiple;S/D;Colisión;S/D;S/D
9092;2021;13/11/2021;Sabado;06:40:00;;0.0;1;Moto/Ciclomotor; ;1;1;0;0;0;0;S/D;ARMSTRONG;Constitución;Tierra;No existe;III;S/D;Rural;Otra Señal;No existe;Intersección;Otro;Buena;Diurna;Buen Tiempo;Múltiple;S/D;Colisión;Ninguna;S/D
9093;2021;13/11/2021;Sabado;00:20:00;;0.0;2;Moto/Ciclomotor,Moto/Ciclomotor;Laprida Y 25 de Mayo;2;1;0;1;0;0;Calle;SARMIENTO;Constitución;Asfalto;S/D;XI;Dentro;Urbana;Otra Señal;S/D;Intersección;S/D;Buena;Con luz artificial;Buen Tiempo;Múltiple;S/D;Colisión;S/D;S/D
9094;2021;13/11/2021;Sabado;14:45:00;;0.0;1;Moto/Ciclomotor;Pres Domingo Faustino Sarmiento Y Juan José Paso;2;2;0;0;0;0;Calle;SANTO TOMÉ;Constitución;Asfalto;No existe;I;Dentro;Urbana;Otra Señal;No existe;Intersección;Bueno;Buena;Diurna;Buen Tiempo;Múltiple;S/D;Colisión;Ninguna;Faltante
9095;2021;13/11/2021;Sabado;23:00:00;;0.0;2;Otros,Otros; ;2;0;0;0;0;2;Calle;SANTA FE;Constitución;S/D;S/D;I;Dentro;Urbana;Otra Señal;S/D;Intersección;S/D;S/D;S/D;S/D;Múltiple;S/D;Colisión;S/D;S/D
9096;2021;13/11/2021;Sabado;13:30:00;;0.0;2;Automóvil,Moto/Ciclomotor;Av. A del Valle Y Quintana;2;1;0;1;0;0;Calle;SANTA FE;Constitución;Asfalto;No existe;I;Dentro;Urbana;Otra Señal;No existe;Intersección;Bueno;Buena;Diurna;Buen Tiempo;Múltiple;S/D;Colisión;Ninguna;Vertical
9097;2021;13/11/2021;Sabado;01:30:00;;0.0;2;Moto/Ciclomotor,Moto/Ciclomotor;Mendoza Y Estrada;4;2;0;2;0;0;Calle;SANTA FE;Constitución;Asfalto;No existe;I;Dentro;Urbana;Otra Señal;No existe;Intersección;Bueno;Buena;Con luz artificial;Buen Tiempo;Múltiple;S/D;Colisión;Ninguna;Faltante
9098;2021;13/11/2021;Sabado;21:20:00;;0.0;2;Pickup/Utilitario,Bicicleta;Av. Gral. Paz Y Pedro Centeno;2;1;0;1;0;0;Calle;SANTA FE;Constitución;Asfalto;No existe;I;Dentro;Urbana;Otra Señal;S/D;Intersección;Bueno;Buena;Nocturna;S/D;Múltiple;Ciclista;Colisión;Ninguna;S/D
9099;2021;13/11/2021;Sabado;;;0.0;2;Transporte de Pasajeros Urbano (> 8 asientos),Moto/Ciclomotor;Bv Gálvez Y Belgrano;2;1;0;1;0;0;Calle;SANTA FE;Constitución;Asfalto;No existe;I;Dentro;Urbana;Otra Señal;Funciona;Intersección;Bueno;S/D;S/D;S/D;Múltiple;S/D;Colisión;Ninguna;S/D
9100;2021;13/11/2021;Sabado;14:40:00;;0.0;2;Automóvil,Moto/Ciclomotor;Bv. Avellaneda Y Córdoba;4;2;0;2;0;0;S/D;ROSARIO;Constitución;Asfalto;No existe;II;S/D;S/D;Otra Señal;No existe;Intersección;Bueno;Buena;Diurna;Buen Tiempo;Múltiple;S/D;Colisión;Ninguna;Faltante
9101;2021;13/11/2021;Sabado;23:10:00;;0.0;2;Moto/Ciclomotor,Pickup/Utilitario;Sarmiento Y Montevideo;2;1;0;1;0;0;Calle;ROSARIO;Constitución;Asfalto;No existe;II;Dentro;Urbana;Otra Señal;No existe;Intersección;Bueno;Buena;Nocturna,Con luz artificial;Buen Tiempo;Múltiple;S/D;Colisión;Ninguna;Faltante
9102;2021;13/11/2021;Sabado;20:55:00;;0.0;2;Moto/Ciclomotor,Otros;Bv. 27 De Febrero ;2;1;0;0;0;1;S/D;ROSARIO;Constitución;Asfalto;No existe;II;S/D;S/D;Otra Señal;Funciona;Intersección;Bueno;Buena;Atardecer;Buen Tiempo;Múltiple;S/D;Colisión;Ninguna;Faltante
9103;2021;13/11/2021;Sabado;17:00:00;;0.0;2;Moto/Ciclomotor,Moto/Ciclomotor;Av. Gral. San Martin 2500;2;2;0;0;0;0;Calle;VILLA GOBERNADOR GÁLVEZ;Constitución;Asfalto;No existe;II;Dentro;Urbana;Otra Señal;No existe;Intersección;Bueno;Buena;Diurna;Buen Tiempo;Múltiple;S/D;Colisión;Ninguna;Faltante
9104;2021;13/11/2021;Sabado;08:25:00;;0.0;2;Automóvil,Moto/Ciclomotor;Moreno Y Pasteur;2;1;0;1;0;0;Calle;VILLA GOBERNADOR GÁLVEZ;Constitución;Asfalto;Pavimento;II;S/D;Urbana;Otra Señal;No existe;Intersección;Deteriorada;Buena;Diurna;S/D;Múltiple;S/D;Colisión;Ninguna;S/D
9105;2021;13/11/2021;Sabado;10:30:00;;0.0;2;Moto/Ciclomotor,Camión Chasis;Mendoza Y Estrada;3;2;0;1;0;0;Calle;SANTA FE;Constitución;Asfalto;No existe;I;Dentro;Urbana;Otra Señal;No existe;Intersección;Bueno;Buena;Diurna;Buen Tiempo;Múltiple;S/D;Colisión;Ninguna;Faltante
9106;2021;13/11/2021;Sabado;21:30:00;;0.0;2;Automóvil,Moto/Ciclomotor;San Martin Y Av. Arijon;3;1;0;2;0;0;S/D;ROSARIO;Constitución;Asfalto;No existe;II;S/D;S/D;Otra Señal;Funciona;Intersección;Bueno;Buena;Nocturna;Buen Tiempo;Múltiple;S/D;Colisión;Ninguna;Vertical
9107;2021;13/11/2021;Sabado;16:13:00;;0.0;2;Bicicleta,Automóvil;Av. Uriburu Y España;2;1;0;1;0;0;Avenida;ROSARIO;Constitución;Asfalto;No existe;II;S/D;S/D;Otra Señal;No existe;Intersección;Bueno;Buena;Diurna;S/D;Múltiple;Ciclista;Colisión;Ninguna;Faltante
9108;2021;13/11/2021;Sabado;09:10:00;;0.0;2;Moto/Ciclomotor,Moto/Ciclomotor;Sarmiento D Y 9 de Julio;2;1;0;1;0;0;Calle;VERA;Constitución;Asfalto;No existe;XIX;Dentro;Urbana;Otra Señal;No existe;Intersección;Bueno;Buena;Diurna;Buen Tiempo;Múltiple;S/D;Colisión;Ninguna;Faltante
9109;2021;13/11/2021;Sabado;01:00:00;;0.0;2;Moto/Ciclomotor,Automóvil;Santa Fe Y Sarmiento;2;1;0;1;0;0;S/D;FRAY LUIS BELTRÁN;Constitución;Asfalto;No existe;XVII;S/D;S/D;Otra Señal;No existe;Intersección;Bueno;Buena;Nocturna;Otro;Múltiple;S/D;Colisión;Ninguna;Faltante
9110;2021;13/11/2021;Sabado;14:40:00;;0.0;2;Moto/Ciclomotor,Pickup/Utilitario;Rivadavia Y Gabriela Mistral;2;1;0;1;0;0;Calle;VERA;Constitución;S/D;S/D;XIX;Dentro;Urbana;Otra Señal;S/D;Intersección;S/D;S/D;S/D;S/D;Múltiple;S/D;Colisión;S/D;S/D
9111;2021;13/11/2021;Sabado;12:30:00;;0.0;2;Moto/Ciclomotor,Moto/Ciclomotor; ;2;2;0;0;0;0;Calle;MACIEL;Constitución;S/D;S/D;XV;Dentro;Urbana;Otra Señal;S/D;Intersección;S/D;S/D;S/D;S/D;Múltiple;S/D;Colisión;S/D;S/D
9112;2021;13/11/2021;Sabado;16:30:00;;0.0;2;Moto/Ciclomotor,Pickup/Utilitario; ;2;1;0;1;0;0;Calle;TIMBÚES;Constitución;S/D;S/D;XVII;Dentro;Urbana;Otra Señal;S/D;Intersección;S/D;S/D;S/D;S/D;Múltiple;S/D;Colisión;S/D;S/D
9113;2021;13/11/2021;Sabado;11:15:00;;0.0;2;Automóvil,Vehículo Oficial;Boulevard Villada Y Formosa;3;1;0;2;0;0;Calle;CASILDA;Constitución;S/D;S/D;IV;Dentro;Urbana;Otra Señal;S/D;Intersección;S/D;S/D;S/D;S/D;Múltiple;S/D;Colisión;S/D;S/D
9114;2021;13/11/2021;Sabado;;;0.0;2;Moto/Ciclomotor,Pickup/Utilitario;Av. Ntra.Sra.del Rosario ;2;1;0;1;0;0;Calle;ROSARIO;Constitución;S/D;S/D;II;Dentro;Urbana;Otra Señal;S/D;Intersección;S/D;S/D;S/D;S/D;Múltiple;S/D;Colisión;S/D;S/D
9115;2021;13/11/2021;Sabado;;;0.0;1;Moto/Ciclomotor;Monteagudo Y Rivadavia;1;1;0;0;0;0;Calle;RAFAELA;Constitución;S/D;S/D;V;Dentro;Urbana;Otra Señal;S/D;Intersección;S/D;S/D;S/D;S/D;Múltiple;S/D;Colisión;S/D;S/D
9116;2021;13/11/2021;Sabado;18:50:00;;0.0;2;Moto/Ciclomotor,Automóvil;Calle 33-Pueyrredon Y Calle 24 - Olessio;2;1;0;1;0;0;Calle;RECONQUISTA;Constitución;S/D;S/D;IX;Dentro;Urbana;Otra Señal;S/D;Intersección;S/D;S/D;S/D;S/D;Múltiple;S/D;Colisión;S/D;S/D
9117;2021;13/11/2021;Sabado;08:30:00;;0.0;2;Moto/Ciclomotor,Moto/Ciclomotor;Santa Rosa Y Quintana;2;1;0;1;0;0;Calle;CAÑADA DE GÓMEZ;Constitución;S/D;S/D;IX;Dentro;Urbana;Otra Señal;S/D;Intersección;S/D;S/D;S/D;S/D;Múltiple;S/D;Colisión;S/D;S/D
9118;2021;13/11/2021;Sabado;20:30:00;;0.0;2;Automóvil,Camión; ;2;1;0;1;0;0;Calle;RICARDONE;Constitución;S/D;S/D;XVII;Dentro;Urbana;Otra Señal;S/D;Intersección;S/D;S/D;S/D;S/D;Múltiple;S/D;Colisión;S/D;S/D
9119;2021;13/11/2021;Sabado;08:00:00;;0.0;1;Automóvil; ;3;3;0;0;0;0;Calle;SAN JUSTO;Constitución;S/D;S/D;XVI;Dentro;Urbana;Otra Señal;S/D;Intersección;S/D;S/D;S/D;S/D;Múltiple;S/D;Colisión;S/D;S/D
9120;2021;13/11/2021;Sabado;;;0.0;1;Moto/Ciclomotor; ;1;1;0;0;0;0;Calle;ROSARIO;Constitución;S/D;S/D;II;Dentro;Urbana;Otra Señal;S/D;Intersección;S/D;S/D;S/D;S/D;Múltiple;S/D;Colisión;S/D;S/D
9121;2021;13/11/2021;Sabado;12:10:00;;0.0;1;Moto/Ciclomotor;Biedma Y Crespo;2;2;0;0;0;0;Calle;ROSARIO;Constitución;S/D;S/D;II;Dentro;Urbana;Otra Señal;S/D;Intersección;S/D;S/D;S/D;S/D;Múltiple;S/D;Colisión;S/D;S/D
9122;2021;13/11/2021;Sabado;16:30:00;;0.0;1;Moto/Ciclomotor;Pasco 7000;1;1;0;0;0;0;Calle;ROSARIO;Constitución;S/D;S/D;II;Dentro;Urbana;Otra Señal;S/D;Intersección;S/D;S/D;S/D;S/D;Múltiple;S/D;Colisión;S/D;S/D
9123;2021;13/11/2021;Sabado;;;0.0;1;Automóvil; ;1;1;0;0;0;0;Calle;ROSARIO;Constitución;S/D;S/D;II;Dentro;Urbana;Otra Señal;S/D;Intersección;S/D;S/D;S/D;S/D;Múltiple;S/D;Colisión;S/D;S/D
9124;2021;13/11/2021;Sabado;21:30:00;;0.0;1;Moto/Ciclomotor; ;1;1;0;0;0;0;Calle;ROSARIO;Constitución;S/D;S/D;II;Dentro;Urbana;Otra Señal;S/D;Intersección;S/D;S/D;S/D;S/D;Múltiple;S/D;Colisión;S/D;S/D
9125;2021;13/11/2021;Sabado;17:00:00;;0.0;2;Moto/Ciclomotor,Pickup/Utilitario;Rivadavia Y A Gaminara;2;0;0;1;0;0;Calle;SAN CARLOS CENTRO;Constitución;Ripio;No existe;XI;Dentro;Urbana;Otra Señal;No existe;Intersección;Bueno;Buena;Atardecer;Buen Tiempo;Múltiple;S/D;Colisión;Ninguna;S/D
9126;2021;13/11/2021;Sabado;14:40:00;;0.0;2;Automóvil,Moto/Ciclomotor;Montevideo ;2;0;0;1;0;0;Calle;ROSARIO;Constitución;S/D;S/D;II;Dentro;Urbana;Otra Señal;S/D;Intersección;S/D;S/D;S/D;S/D;Múltiple;S/D;Colisión;S/D;S/D
9127;2021;13/11/2021;Sabado;10:00:00;;0.0;2;Automóvil,Moto/Ciclomotor;Cno San Roque Y N Figueredo;2;1;0;0;0;0;Calle;SAN JUSTO;Constitución;Asfalto;S/D;XVI;Dentro;Urbana;Otra Señal;S/D;Intersección;Bueno;S/D;S/D;Buen Tiempo;Múltiple;S/D;Colisión;Ninguna;Faltante
9128;2021;13/11/2021;Sabado;;Ruta Provincial 32;0.0;2;Moto/Ciclomotor,Camión; ;2;0;0;1;0;0;Ruta;GARIBALDI;Castellanos;S/D;S/D;V;Dentro;Urbana;Otra Señal;S/D;Intersección;S/D;S/D;S/D;S/D;Múltiple;S/D;Colisión;S/D;S/D
9129;2021;13/11/2021;Sabado;00:15:00;;0.0;1;Moto/Ciclomotor;La Paz 700;1;0;0;0;0;0;Calle;ROSARIO;Rosario;S/D;S/D;II;Dentro;Urbana;Otra Señal;S/D;Intersección;S/D;S/D;S/D;S/D;Múltiple;S/D;Colisión;S/D;S/D
9130;2021;13/11/2021;Sabado;05:30:00;;0.0;1;Bicicleta; ;1;0;0;0;0;0;Calle;ROSARIO;Rosario;S/D;S/D;II;Dentro;Urbana;Otra Señal;S/D;Intersección;S/D;S/D;S/D;S/D;Múltiple;Ciclista;Colisión;S/D;S/D
9131;2021;13/11/2021;Sabado;19:50:00;Ruta Provincial 23;0.0;2;Automóvil,Automóvil; ;6;4;0;0;0;0;Ruta;SAN GUILLERMO;San CRISTÓBAL;Asfalto;Natural;XIII;Dentro;Urbana;Otra Señal;S/D;Intersección;Bueno;Buena;Atardecer;Buen Tiempo;Frontal;S/D;Colisión;Ninguna;Vertical
9132;2021;14/11/2021;Domingo;00:30:00;Ruta Provincial 2;286.0;1;Camión c / Acoplado; ;1;1;0;0;0;0;Ruta;ESTEBAN RAMS;Constitución;Asfalto;Natural;XII;Dentro;Rural;Otra Señal;No existe;Intersección;Bueno;Reducida;Nocturna;Lluvia;Múltiple;S/D;Colisión;Agua;Horizontal,Vertical