ID_Accidente;A�o;Fecha;Dia;Hopra;Ruta/Autop;km;Participantes;Tipo;Lugar;Total;Heridos Leves;Heridos Graves;Ilesos;Fallecidos;Sin datos;desc_tipo_via;desc_loc;desc_dpto;|;desc_tipo_banquina;desc_unidad_regional;desc_lugar_calzada;desc_zona;desc_prioridad;desc_estado_semaforo;desc_lugar_via;desc_estado_via;desc_estado_visibilidad;desc_luminosidad;desc_estado_clima;desc_tipo_colision;desc_tipo_atropello;desc_tipo_hecho;desc_pres_calzada;desc_senializacion
9133;2021;14/11/2021;Domingo;22:40:00;Ruta Provincial 1;0.0;1;Moto/Ciclomotor; ;1;1;0;0;0;0;Ruta;SANTA ROSA DE CALCHINES;Constitución;Asfalto;Natural;VII;Dentro;Urbana;Otra Señal;No existe;Intersección;Bueno;Buena;Nocturna;Buen Tiempo;Múltiple;S/D;Colisión;Ninguna;Faltante
9134;2021;14/11/2021;Domingo;20:55:00;Ruta Nacional 9;0.0;2;Moto/Ciclomotor,Otros; ;2;1;0;0;0;1;Ruta;ARMSTRONG;Constitución;Asfalto;No existe;III;S/D;Rural;Otra Señal;No existe;Intersección;Bueno;Buena;Nocturna;Buen Tiempo;Múltiple;S/D;Colisión;Ninguna;Horizontal,Vertical
9135;2021;14/11/2021;Domingo;00:20:00;Ruta Secundaria 36-s;0.0;1;Automóvil; ;4;4;0;0;0;0;Ruta;MATILDE;Constitución;Asfalto;Natural;XI;Fuera;Rural;Otra Señal;No existe;Intersección;Resbaladiza;Buena;Nocturna;Lluvia;Múltiple;S/D;Colisión;Agua;Faltante
9136;2021;14/11/2021;Domingo;23:10:00;;0.0;2;Moto/Ciclomotor,Automóvil;Aaron Castellanos Y Mariano Moreno;3;1;0;2;0;0;Calle;ESPERANZA;Constitución;Asfalto;No existe;XI;Dentro;Urbana;Otra Señal;No existe;Intersección;Bueno;Buena;Nocturna;Buen Tiempo;Múltiple;S/D;Colisión;Ninguna;Vertical
9137;2021;14/11/2021;Domingo;21:30:00;Ruta Provincial 2;13.0;2;Automóvil,Peatón; ;2;1;0;1;0;0;Ruta;MONTE VERA;Constitución;Asfalto;Natural;I;Dentro;Rural;Otra Señal;S/D;Intersección;Con baches;Buena;Con luz artificial;Buen Tiempo;Múltiple;Peatón;Colisión;Ninguna;Faltante
9138;2021;14/11/2021;Domingo;01:20:00;;0.0;2;Moto/Ciclomotor,Automóvil;Obispo Gelabert Y San Jerónimo;2;1;0;1;0;0;Calle;SANTA FE;Constitución;Asfalto;Pavimento;I;Dentro;Urbana;Otra Señal;No existe;Intersección;Bueno;Buena;Nocturna,Con luz artificial;Buen Tiempo;Múltiple;S/D;Colisión;Ninguna;Faltante
9139;2021;14/11/2021;Domingo;20:40:00;Autopista Nacional A008;0.0;2;Automóvil,Moto/Ciclomotor;Mendoza Y Av. Circunvalación;3;1;0;2;0;0;Autopista;ROSARIO;Constitución;Asfalto;No existe;II;Dentro;Urbana;Otra Señal;S/D;Intersección;Bueno;Buena;S/D;Buen Tiempo;Múltiple;S/D;Colisión;Ninguna;S/D
9140;2021;14/11/2021;Domingo;23:00:00;;0.0;2;Moto/Ciclomotor,Automóvil;Bv. Oroño Y Gálvez;2;1;0;1;0;0;Calle;ROSARIO;Constitución;Asfalto;No existe;II;Dentro;Urbana;Otra Señal;No existe;Intersección;Bueno;Buena;Con luz artificial;Buen Tiempo;Múltiple;S/D;Colisión;Ninguna;Faltante
9141;2021;14/11/2021;Domingo;02:50:00;Autopista Nacional A008;0.0;3;Automóvil,Automóvil,Automóvil;Av. Circunvalación Y Godoy Cruz;4;0;0;1;0;3;Autopista;ROSARIO;Constitución;Asfalto;No existe;II;S/D;Urbana;Otra Señal;No existe;Intersección;Bueno;Buena;S/D;Buen Tiempo;Múltiple;S/D;Colisión;Ninguna;Faltante
9142;2021;14/11/2021;Domingo;15:45:00;Ruta Provincial 21;0.0;2;Moto/Ciclomotor,Transporte de Pasajeros Urbano (> 8 asientos); ;3;2;0;1;0;0;Ruta;GENERAL LAGOS;Constitución;Asfalto;Natural;II;S/D;S/D;Otra Señal;No existe;Intersección;Bueno;Buena;Diurna;Buen Tiempo;Múltiple;S/D;Colisión;Ninguna;S/D
9143;2021;14/11/2021;Domingo;14:50:00;;0.0;2;Moto/Ciclomotor,Automóvil;Soldado Aguirre Y P Opicci;3;2;0;1;0;0;Calle;VILLA GOBERNADOR GÁLVEZ;Constitución;Asfalto;Pavimento;II;Dentro;Urbana;Otra Señal;S/D;Intersección;Bueno;Buena;Diurna;Buen Tiempo;Múltiple;S/D;Colisión;S/D;S/D
9144;2021;14/11/2021;Domingo;01:00:00;;0.0;2;Moto/Ciclomotor,Automóvil;Centenario Y Salva;2;1;0;1;0;0;Calle;ROSARIO;Constitución;Asfalto;No existe;II;Dentro;Urbana;Otra Señal;No existe;Intersección;Bueno;Buena;Nocturna;Buen Tiempo;Múltiple;S/D;Colisión;Ninguna;Faltante
9145;2021;14/11/2021;Domingo;14:15:00;;0.0;2;Automóvil,Automóvil;Catamarca Y Manuel Alberti;4;2;0;2;0;0;S/D;ROLDÁN;Constitución;S/D;Natural;XVII;S/D;Urbana;Otra Señal;S/D;Intersección;Bueno;S/D;Diurna;S/D;Múltiple;S/D;Colisión;S/D;S/D
9146;2021;14/11/2021;Domingo;15:30:00;;0.0;2;Moto/Ciclomotor,Automóvil;Avenida 17 Y Calle 28;3;2;0;1;0;0;Calle;LAS PAREJAS;Constitución;S/D;S/D;III;Dentro;Urbana;Otra Señal;S/D;Intersección;S/D;S/D;S/D;S/D;Múltiple;S/D;Colisión;S/D;S/D
9147;2021;14/11/2021;Domingo;;;0.0;2;Pickup/Utilitario,Moto/Ciclomotor;Colon Y Primitivo Galán;2;1;0;1;0;0;Calle;RUFINO;Constitución;S/D;S/D;VIII;Dentro;Urbana;Otra Señal;S/D;Intersección;S/D;S/D;S/D;S/D;Múltiple;S/D;Colisión;S/D;S/D
9148;2021;14/11/2021;Domingo;;;0.0;2;Vehículo Oficial,Moto/Ciclomotor;Av. Blas Parera Y Gorostiaga;2;1;0;1;0;0;Calle;SANTA FE;Constitución;S/D;S/D;I;Dentro;Urbana;Otra Señal;S/D;Intersección;S/D;S/D;S/D;S/D;Múltiple;S/D;Colisión;S/D;S/D
9149;2021;14/11/2021;Domingo;23:16:00;;0.0;2;Automóvil,Automóvil;José Aufranc ;2;2;0;0;0;0;Calle;VENADO TUERTO;Constitución;S/D;S/D;VIII;Dentro;Urbana;Otra Señal;S/D;Intersección;S/D;S/D;S/D;S/D;Múltiple;S/D;Colisión;S/D;S/D
9150;2021;14/11/2021;Domingo;;;0.0;2;Moto/Ciclomotor,Pickup/Utilitario;Bv G L Lehmann Y Mariano Moreno;2;1;0;1;0;0;Calle;RAFAELA;Constitución;S/D;S/D;V;Dentro;Urbana;Otra Señal;S/D;Intersección;S/D;S/D;S/D;S/D;Múltiple;S/D;Colisión;S/D;S/D
9151;2021;14/11/2021;Domingo;08:00:00;;0.0;2;Peatón,Otros;24 De Setiembre ;2;1;0;1;0;0;Calle;ROSARIO;Constitución;S/D;S/D;II;Dentro;Urbana;Otra Señal;S/D;Intersección;S/D;S/D;S/D;S/D;Múltiple;Peatón;Colisión;S/D;S/D
9152;2021;14/11/2021;Domingo;13:30:00;;0.0;1;Bicicleta;Vélez Sarsfield ;1;1;0;0;0;0;Calle;ROSARIO;Constitución;S/D;S/D;II;Dentro;Urbana;Otra Señal;S/D;Intersección;S/D;S/D;S/D;S/D;Múltiple;S/D;Colisión;S/D;S/D
9153;2021;14/11/2021;Domingo;11:45:00;;0.0;2;Automóvil,Moto/Ciclomotor;Juan de Garay Y Gral. Facundo Quiroga;2;0;0;0;0;1;Calle;RECREO;Constitución;S/D;S/D;I;Dentro;Urbana;Otra Señal;S/D;Intersección;S/D;S/D;S/D;Lluvia;Múltiple;S/D;Colisión;S/D;S/D
9154;2021;14/11/2021;Domingo;;;0.0;2;Bicicleta,Automóvil;J Buffa Y Av. Brasil;2;0;0;1;0;0;Calle;RAFAELA;Castellanos;S/D;S/D;V;Dentro;Urbana;Otra Señal;S/D;Intersección;S/D;S/D;S/D;S/D;Múltiple;Ciclista;Colisión;S/D;S/D
9155;2021;14/11/2021;Domingo;;;0.0;2;Moto/Ciclomotor,Automóvil;Bv Pte. Roca Y Suipacha Av.;2;0;0;1;0;0;Calle;RAFAELA;Castellanos;S/D;S/D;V;Dentro;Urbana;Otra Señal;S/D;Intersección;S/D;S/D;S/D;S/D;Múltiple;S/D;Colisión;S/D;S/D
9156;2021;14/11/2021;Domingo;02:00:00;Ruta Provincial 2;0.0;2;Automóvil,Automóvil; ;6;4;0;0;0;0;Ruta;JUAN DE GARAY;9 de Julio;Asfalto;Natural;XII;Dentro;Urbana;Otra Señal;No existe;Intersección;Bueno;Reducida;Nocturna;Lluvia;Múltiple;S/D;Colisión;Agua;Faltante
9157;2021;15/11/2021;Lunes;23:30:00;;0.0;2;Automóvil,Moto/Ciclomotor;Bv Bell Ville Y Vergara;2;1;0;1;0;0;Calle;ARMSTRONG;Constitución;Asfalto;No existe;III;Dentro;Urbana;Otra Señal;No existe;Intersección;Bueno;Buena;Nocturna,Con luz artificial;Buen Tiempo;Múltiple;S/D;Colisión;Ninguna;Faltante
9158;2021;15/11/2021;Lunes;15:50:00;;0.0;2;Pickup/Utilitario,Moto/Ciclomotor;Av. Los Colonizadores Y Ingeniero Gadda;2;1;0;1;0;0;Calle;ESPERANZA;Constitución;Asfalto;No existe;XI;Dentro;Urbana;Otra Señal;No existe;Intersección;Bueno;Buena;Diurna;Buen Tiempo;Múltiple;S/D;Colisión;S/D;Horizontal
9159;2021;15/11/2021;Lunes;11:30:00;;0.0;2;Pickup/Utilitario,Moto/Ciclomotor;4 de Enero Y Boneo;2;1;0;1;0;0;Calle;SANTA FE;Constitución;Asfalto;No existe;I;Dentro;Urbana;Otra Señal;No existe;Intersección;Bueno;Buena;Diurna;Buen Tiempo;Múltiple;S/D;Colisión;Ninguna;Vertical
9160;2021;15/11/2021;Lunes;14:45:00;;0.0;2;Automóvil,Moto/Ciclomotor;Nicolas Rodríguez PEÑA Y Reconquista;2;1;0;1;0;0;Calle;SANTA FE;Constitución;Asfalto;No existe;I;Dentro;Urbana;Otra Señal;No existe;Intersección;Bueno;Buena;Diurna;Buen Tiempo;Múltiple;S/D;Colisión;Ninguna;Faltante
9161;2021;15/11/2021;Lunes;12:50:00;Ruta Nacional 9;0.0;2;Automóvil,Moto/Ciclomotor;Gral. Guido ;2;1;0;1;0;0;Ruta;FUNES;Constitución;Asfalto;Ripio;II;Dentro;Urbana;Otra Señal;No existe;Intersección;Bueno;Buena;Diurna;Buen Tiempo;Múltiple;S/D;Colisión;Ninguna;Faltante
9162;2021;15/11/2021;Lunes;19:15:00;;0.0;2;Automóvil,Moto/Ciclomotor;Las Ranas Y Varela;2;1;0;1;0;0;Calle;FUNES;Constitución;Ripio;Natural;II;S/D;Urbana;Otra Señal;No existe;Intersección;Bueno;Buena;Diurna;Buen Tiempo;Múltiple;S/D;Colisión;Ninguna;S/D
9163;2021;15/11/2021;Lunes;07:50:00;Ruta Provincial 16;0.0;2;Automóvil,Moto/Ciclomotor;CALLE 12 ;2;1;0;1;0;0;Ruta;PUEBLO ESTHER;Constitución;Asfalto;Pavimento;II;Dentro;Rural;Otra Señal;No existe;Intersección;Bueno;Buena;Diurna;Buen Tiempo;Múltiple;S/D;Colisión;Ninguna;Faltante
9164;2021;15/11/2021;Lunes;17:30:00;;0.0;2;Otros,Automóvil;Reconquista Y De Angelis Bis;2;1;0;1;0;0;Calle;ROSARIO;Constitución;Asfalto;No existe;II;Dentro;Urbana;Otra Señal;No existe;Intersección;Bueno;Buena;Diurna;Buen Tiempo;Múltiple;S/D;Colisión;Ninguna;Faltante
9165;2021;15/11/2021;Lunes;13:30:00;;0.0;2;Moto/Ciclomotor,Automóvil;Albert Sabin Y French;3;2;0;1;0;0;S/D;ROSARIO;Constitución;S/D;S/D;II;S/D;Urbana;Otra Señal;S/D;Intersección;S/D;S/D;S/D;S/D;Múltiple;S/D;Colisión;S/D;S/D
9166;2021;15/11/2021;Lunes;;;0.0;1;Moto/Ciclomotor;San Martin Y Pje. Ámsterdam;1;1;0;0;0;0;Calle;ROSARIO;Constitución;Asfalto;No existe;II;Dentro;Urbana;Otra Señal;No existe;Intersección;Bueno;Buena;S/D;Otro;Múltiple;S/D;Colisión;Ninguna;Faltante
9167;2021;15/11/2021;Lunes;12:40:00;;0.0;2;Moto/Ciclomotor,Camión Chasis;M S M de Balcarce Y Gdor. Cabal;2;1;0;1;0;0;Calle;SAN JUSTO;Constitución;Hormigón;No existe;XVI;Dentro;Urbana;Otra Señal;No existe;Intersección;Bueno;Buena;Diurna;Buen Tiempo;Múltiple;S/D;Colisión;Ninguna;Faltante
9168;2021;15/11/2021;Lunes;22:40:00;Ruta Provincial 13;0.0;2;Moto/Ciclomotor,Moto/Ciclomotor; ;2;2;0;0;0;0;Ruta;SAN JORGE;Constitución;Asfalto;Natural;XVIII;Dentro;S/D;Otra Señal;No existe;Intersección;Bueno;Buena;Nocturna;Buen Tiempo;Múltiple;S/D;Colisión;Ninguna;Faltante
9169;2021;15/11/2021;Lunes;06:25:00;Ruta Nacional 19;0.0;2;Pickup/Utilitario,Camión c / Acoplado; ;2;1;0;1;0;0;Ruta;RAFAELA;Constitución;Asfalto;Pavimento;V;Dentro;Rural;Otra Señal;No existe;Intersección;Bueno;Buena;Diurna;Buen Tiempo;Múltiple;S/D;Colisión;Ninguna;Horizontal,Vertical
9170;2021;15/11/2021;Lunes;11:30:00;;0.0;1;Automóvil; ;2;2;0;0;0;0;Calle;BERNARDO DE IRIGOYEN;Constitución;S/D;S/D;XV;Dentro;Urbana;Otra Señal;S/D;Intersección;S/D;S/D;S/D;S/D;Múltiple;S/D;Colisión;S/D;S/D
9171;2021;15/11/2021;Lunes;;;0.0;2;Automóvil,Automóvil;18 DE JULIO ;3;3;0;0;0;0;Calle;COLONIA ALDAO;Constitución;S/D;S/D;V;Dentro;Urbana;Otra Señal;S/D;Intersección;S/D;S/D;S/D;S/D;Múltiple;S/D;Colisión;S/D;S/D
9172;2021;15/11/2021;Lunes;;Ruta Nacional 19;0.0;2;Pickup/Utilitario,Camión; ;2;1;0;1;0;0;Ruta;ESTACIÓN CLUCELLAS;Constitución;S/D;S/D;V;Dentro;Urbana;Otra Señal;S/D;Intersección;S/D;S/D;S/D;S/D;Múltiple;S/D;Colisión;S/D;S/D
9173;2021;15/11/2021;Lunes;23:50:00;;0.0;2;Moto/Ciclomotor,Pickup/Utilitario;Ituzaingó-Calle 72 ;3;1;0;2;0;0;Calle;FRONTERA;Constitución;S/D;S/D;V;Dentro;Urbana;Otra Señal;S/D;Intersección;S/D;S/D;S/D;S/D;Múltiple;S/D;Colisión;S/D;S/D
9174;2021;15/11/2021;Lunes;19:45:00;;0.0;2;Moto/Ciclomotor,Moto/Ciclomotor;Calle 9 Y Calle 6;2;1;0;1;0;0;Calle;TACUARENDÍ;Constitución;S/D;S/D;IX;Dentro;Urbana;Otra Señal;S/D;Intersección;S/D;S/D;S/D;S/D;Múltiple;S/D;Colisión;S/D;S/D
9175;2021;15/11/2021;Lunes;20:30:00;;0.0;2;Pickup/Utilitario,Moto/Ciclomotor;Calle 75-Lisandro de la Torre 300;2;1;0;1;0;0;Calle;RECONQUISTA;Constitución;S/D;S/D;IX;Dentro;Urbana;Otra Señal;S/D;Intersección;S/D;S/D;S/D;S/D;Múltiple;S/D;Colisión;S/D;S/D
9176;2021;15/11/2021;Lunes;20:00:00;;0.0;1;Moto/Ciclomotor;Roullon Y Viamonte;1;1;0;0;0;0;Calle;ROSARIO;Constitución;S/D;S/D;II;Dentro;Urbana;Otra Señal;S/D;Intersección;S/D;S/D;S/D;S/D;Múltiple;S/D;Colisión;S/D;S/D
9177;2021;15/11/2021;Lunes;00:00:00;;0.0;1;Moto/Ciclomotor;Av. Pte. Perón Y F.More;1;1;0;0;0;0;Calle;ROSARIO;Constitución;S/D;S/D;II;Dentro;Urbana;Otra Señal;S/D;Intersección;S/D;S/D;S/D;S/D;Múltiple;S/D;Colisión;S/D;S/D
9178;2021;15/11/2021;Lunes;06:30:00;;0.0;1;Bicicleta;Mendoza Y Rio De Janeiro;1;1;0;0;0;0;Calle;ROSARIO;Constitución;S/D;S/D;II;Dentro;Urbana;Otra Señal;S/D;Intersección;S/D;S/D;S/D;S/D;Múltiple;Ciclista;Colisión;S/D;S/D
9179;2021;15/11/2021;Lunes;10:00:00;Ruta Nacional 34;0.0;1;Moto/Ciclomotor; ;1;1;0;0;0;0;Ruta;IBARLUCEA;Constitución;S/D;S/D;II;Dentro;Urbana;Otra Señal;S/D;Intersección;S/D;S/D;S/D;S/D;Múltiple;S/D;Colisión;S/D;S/D
9180;2021;15/11/2021;Lunes;11:00:00;;0.0;2;Peatón,Otros;Bv. 27 De Febrero ;2;1;0;1;0;0;Calle;ROSARIO;Constitución;S/D;S/D;II;Dentro;Urbana;Otra Señal;S/D;Intersección;S/D;S/D;S/D;S/D;Múltiple;Peatón;Colisión;S/D;S/D
9181;2021;15/11/2021;Lunes;;;0.0;2;Peatón,Otros; ;2;1;0;1;0;0;Calle;ROSARIO;Constitución;S/D;S/D;II;Dentro;Urbana;Otra Señal;S/D;Intersección;S/D;S/D;S/D;S/D;Múltiple;Peatón;Colisión;S/D;S/D
9182;2021;15/11/2021;Lunes;14:00:00;;0.0;1;Moto/Ciclomotor;Amenábar Y Alsina;1;1;0;0;0;0;Calle;ROSARIO;Constitución;S/D;S/D;II;Dentro;Urbana;Otra Señal;S/D;Intersección;S/D;S/D;S/D;S/D;Múltiple;S/D;Colisión;S/D;S/D
9183;2021;15/11/2021;Lunes;;;0.0;1;Moto/Ciclomotor; ;1;0;0;0;0;0;Calle;ROSARIO;Rosario;S/D;S/D;II;Dentro;Urbana;Otra Señal;S/D;Intersección;S/D;S/D;S/D;S/D;Múltiple;S/D;Colisión;S/D;S/D
9184;2021;16/11/2021;Martes;12:35:00;;0.0;2;Moto/Ciclomotor,Automóvil;Italia Y Roque Sáenz PEÑA;2;0;0;1;1;0;Calle;VENADO TUERTO;General LÓPEZ;Tierra;No existe;VIII;S/D;Urbana;Otra Señal;No existe;Intersección;Bueno;S/D;Diurna;S/D;Múltiple;S/D;Colisión;Ninguna;Faltante
9185;2021;16/11/2021;Martes;00:20:00;Ruta Nacional 178;184.0;1;Automóvil; ;5;5;0;0;0;0;Ruta;LAS PAREJAS;Constitución;Asfalto;Natural;III;Dentro;Rural;Otra Señal;No existe;Intersección;Bueno;Reducida;Nocturna;Buen Tiempo;Múltiple;S/D;Colisión;Fluidos;Horizontal
9186;2021;16/11/2021;Martes;18:15:00;;0.0;2;Moto/Ciclomotor,Automóvil;9 de Julio Y Manfredi;2;1;0;1;0;0;Calle;FRANCK;Constitución;Asfalto;No existe;XI;Dentro;Urbana;Otra Señal;No existe;Intersección;Bueno;Buena;Diurna;Buen Tiempo;Múltiple;S/D;Colisión;Ninguna;Vertical
9187;2021;16/11/2021;Martes;12:30:00;;0.0;2;Moto/Ciclomotor,Camión c / Acoplado;López y Planes Y Domingo Faustino Sarmiento;3;2;0;1;0;0;Calle;ESPERANZA;Constitución;Asfalto;Pavimento;XI;Dentro;Urbana;Otra Señal;No existe;Intersección;Bueno;Buena;Diurna;Buen Tiempo;Múltiple;S/D;Colisión;Ninguna;S/D
9188;2021;16/11/2021;Martes;09:40:00;;0.0;2;Automóvil,Moto/Ciclomotor;Fresnos Y Orquídeas;2;1;0;1;0;0;Calle;SAUCE VIEJO;Constitución;Ripio;Ripio;I;Dentro;Urbana;Otra Señal;No existe;Intersección;Bueno;Buena;Diurna;Buen Tiempo;Múltiple;S/D;Colisión;Ninguna;Faltante
9189;2021;16/11/2021;Martes;09:30:00;Ruta Nacional 11;453.2;2;Camión Chasis,Automóvil; ;3;2;0;1;0;0;Ruta;SAUCE VIEJO;Constitución;Asfalto;Natural;I;S/D;Urbana;Otra Señal;No existe;Intersección;Bueno;Buena;Diurna;S/D;Múltiple;S/D;Colisión;Ninguna;S/D
9190;2021;16/11/2021;Martes;20:15:00;;0.0;2;Bicicleta,Taxi/Remis;Hernandarias Y Sarmiento;2;1;0;1;0;0;Calle;SANTA FE;Constitución;Asfalto;No existe;I;S/D;Urbana;Otra Señal;No existe;Intersección;Bueno;Buena;Nocturna;Buen Tiempo;Múltiple;Ciclista;Colisión;Ninguna;S/D
9191;2021;16/11/2021;Martes;08:45:00;;0.0;2;Moto/Ciclomotor,Pickup/Utilitario;Av. A del Valle Y Agustín Delgado;2;1;0;1;0;0;Avenida;SANTA FE;Constitución;Asfalto;No existe;I;Dentro;Urbana;Otra Señal;No existe;Intersección;Bueno;Buena;Diurna;Buen Tiempo;Múltiple;S/D;Colisión;Ninguna;Vertical
9192;2021;16/11/2021;Martes;21:05:00;;0.0;2;Moto/Ciclomotor,Automóvil;La Paz Y Fray C Rodríguez;2;1;0;1;0;0;Calle;SANTA FE;Constitución;Asfalto;No existe;I;Dentro;Urbana;Otra Señal;Funciona;Intersección;Bueno;Buena;Nocturna,Con luz artificial;Buen Tiempo;Múltiple;S/D;Colisión;Ninguna;Vertical
9193;2021;16/11/2021;Martes;10:30:00;;0.0;2;Moto/Ciclomotor,Pickup/Utilitario;Av. Ovidio Lagos Y Catamarca;2;1;0;1;0;0;Avenida;ROSARIO;Constitución;Asfalto;S/D;II;Dentro;Urbana;Otra Señal;S/D;Intersección;Bueno;S/D;Diurna;S/D;Múltiple;S/D;Colisión;S/D;S/D
9194;2021;16/11/2021;Martes;08:05:00;;0.0;2;Moto/Ciclomotor,Automóvil;Av. Alberti ;2;1;0;1;0;0;Avenida;ROSARIO;Constitución;Asfalto;S/D;II;Dentro;Urbana;Otra Señal;S/D;Intersección;Bueno;Buena;Diurna;Buen Tiempo;Múltiple;S/D;Colisión;S/D;S/D
9195;2021;16/11/2021;Martes;10:00:00;;0.0;1;Otros;Av. Pellegrini Y Entre Ríos;1;1;0;0;0;0;Avenida;ROSARIO;Constitución;Asfalto;No existe;II;Dentro;Urbana;Otra Señal;Funciona;Intersección;Bueno;Buena;Diurna;Buen Tiempo;Múltiple;S/D;Colisión;Ninguna;Faltante
9196;2021;16/11/2021;Martes;18:30:00;;0.0;2;Automóvil,Moto/Ciclomotor;Guido Spano Y Liniers;3;1;0;2;0;0;Calle;FRAY LUIS BELTRÁN;Constitución;Asfalto;No existe;XVII;Dentro;Urbana;Otra Señal;No existe;Intersección;Bueno;Buena;Atardecer;Otro;Múltiple;S/D;Colisión;Ninguna;Faltante
9197;2021;16/11/2021;Martes;;;0.0;1;Moto/Ciclomotor;Bv Centenario B 700;1;1;0;0;0;0;Calle;CAÑADA DE GÓMEZ;Constitución;Asfalto;S/D;X;Dentro;Urbana;Otra Señal;S/D;Intersección;S/D;S/D;S/D;S/D;Múltiple;S/D;Colisión;S/D;S/D
9198;2021;16/11/2021;Martes;;;0.0;2;Camión,Moto/Ciclomotor;Luis Maggi Y S A Rodríguez;2;1;0;1;0;0;Calle;RAFAELA;Constitución;Asfalto;S/D;V;Dentro;Urbana;Otra Señal;S/D;Intersección;S/D;S/D;Diurna;S/D;Múltiple;S/D;Colisión;S/D;S/D
9199;2021;16/11/2021;Martes;21:40:00;Ruta Secundaria 80-s;0.0;1;Bicicleta; ;1;1;0;0;0;0;Ruta;GÁLVEZ;Constitución;Asfalto;S/D;XV;Dentro;Rural;Otra Señal;No existe;Intersección;S/D;S/D;Nocturna;S/D;Múltiple;Ciclista;Colisión;S/D;S/D
9200;2021;16/11/2021;Martes;18:56:00;;0.0;2;Moto/Ciclomotor,Automóvil;Aconcagua Y Gregoria Matorras;3;2;0;1;0;0;Calle;GÁLVEZ;Constitución;Asfalto;S/D;XV;Dentro;Urbana;Otra Señal;S/D;Intersección;S/D;S/D;Atardecer;S/D;Múltiple;S/D;Colisión;S/D;S/D
9201;2021;16/11/2021;Martes;18:15:00;;0.0;2;Moto/Ciclomotor,Pickup/Utilitario;ALVEAR Y SANTIAGO DEL ESTERO;2;1;0;1;0;0;Calle;ESTACIÓN DÍAZ;Constitución;S/D;S/D;XV;Dentro;Urbana;Otra Señal;S/D;Intersección;S/D;S/D;Atardecer;S/D;Múltiple;S/D;Colisión;S/D;S/D
9202;2021;16/11/2021;Martes;18:15:00;Ruta Provincial 10;0.0;2;Moto/Ciclomotor,Automóvil;Rinaldi Y Silvio Arcas;4;2;0;2;0;0;Ruta;GÁLVEZ;Constitución;S/D;S/D;XV;Dentro;Urbana;Otra Señal;S/D;Intersección;S/D;S/D;Atardecer;S/D;Múltiple;S/D;Colisión;S/D;S/D
9203;2021;16/11/2021;Martes;10:50:00;;0.0;1;Moto/Ciclomotor; ;1;1;0;0;0;0;S/D;ROSARIO;Constitución;S/D;S/D;II;S/D;S/D;Otra Señal;S/D;Intersección;S/D;S/D;S/D;S/D;Múltiple;S/D;Colisión;S/D;S/D
9204;2021;16/11/2021;Martes;21:00:00;;0.0;1;Moto/Ciclomotor;Aurora Y Constitución;1;1;0;0;0;0;Calle;ROSARIO;Constitución;Asfalto;S/D;II;Dentro;Urbana;Otra Señal;S/D;Intersección;S/D;S/D;Nocturna;S/D;Múltiple;S/D;Colisión;S/D;S/D
9205;2021;16/11/2021;Martes;00:40:00;Ruta Nacional 178;0.0;1;Automóvil; ;5;3;0;0;0;0;Ruta;LAS PAREJAS;Belgrano;Asfalto;S/D;III;Dentro;Rural;Otra Señal;No existe;Intersección;S/D;S/D;Nocturna;S/D;Atropello animal;S/D;Colisión;S/D;S/D
9206;2021;17/11/2021;Miercoles;18:45:00;;0.0;1;Cuatriciclo;Santa Fe Y Rosendo M. Fraga;1;0;0;0;1;0;Calle;EL TRÉBOL;San MARTÍN;Asfalto;No existe;XVIII;S/D;Urbana;Otra Señal;No existe;Intersección;Bueno;Buena;Diurna;Buen Tiempo;Múltiple;S/D;Colisión;Ninguna;Horizontal
9207;2021;17/11/2021;Miercoles;15:35:00;;0.0;2;Automóvil,Bicicleta;9 de Julio Y Sarmiento;2;1;0;1;0;0;Calle;SAN CARLOS CENTRO;Constitución;Asfalto;No existe;XI;Dentro;Urbana;Otra Señal;No existe;Intersección;Bueno;Buena;Diurna;Buen Tiempo;Múltiple;S/D;Colisión;Ninguna;Faltante
9208;2021;17/11/2021;Miercoles;14:15:00;Ruta Nacional 11;0.0;2;Pickup/Utilitario,Moto/Ciclomotor; ;3;2;0;1;0;0;Ruta;RECREO;Constitución;Asfalto;Pavimento;I;S/D;Urbana;Otra Señal;No existe;Intersección;Bueno;Buena;Diurna;Buen Tiempo;Múltiple;S/D;Colisión;Ninguna;S/D
9209;2021;17/11/2021;Miercoles;10:00:00;;0.0;2;Moto/Ciclomotor,Automóvil;Av. Gral. Paz Y Espora;2;1;0;1;0;0;Avenida;SANTA FE;Constitución;Asfalto;No existe;I;Dentro;Urbana;Otra Señal;No existe;Intersección;S/D;Reducida;Diurna;S/D;Múltiple;S/D;Colisión;S/D;Horizontal
9210;2021;17/11/2021;Miercoles;10:30:00;;0.0;2;Moto/Ciclomotor,Automóvil;Av. Gral. Paz Y Martin Zapata;2;1;0;1;0;0;Avenida;SANTA FE;Constitución;Asfalto;No existe;I;Dentro;Urbana;Otra Señal;No existe;Intersección;Bueno;Buena;Diurna;Buen Tiempo;Múltiple;S/D;Colisión;Ninguna;S/D
9211;2021;17/11/2021;Miercoles;18:30:00;;0.0;2;Bicicleta,Automóvil;Pedro Alejandro Vittori 4100;2;1;0;1;0;0;Calle;SANTA FE;Constitución;Asfalto;No existe;I;Dentro;Urbana;Otra Señal;No existe;Intersección;Bueno;Buena;Diurna;Buen Tiempo;Múltiple;Ciclista;Colisión;Ninguna;Vertical