ID_Accidente;A�o;Fecha;Dia;Hopra;Ruta/Autop;km;Participantes;Tipo;Lugar;Total;Heridos Leves;Heridos Graves;Ilesos;Fallecidos;Sin datos;desc_tipo_via;desc_loc;desc_dpto;|;desc_tipo_banquina;desc_unidad_regional;desc_lugar_calzada;desc_zona;desc_prioridad;desc_estado_semaforo;desc_lugar_via;desc_estado_via;desc_estado_visibilidad;desc_luminosidad;desc_estado_clima;desc_tipo_colision;desc_tipo_atropello;desc_tipo_hecho;desc_pres_calzada;desc_senializacion
9212;2021;17/11/2021;Miercoles;13:00:00;;0.0;2;Moto/Ciclomotor,Moto/Ciclomotor;Av. Leandro Alem Y Alberdi;2;1;0;1;0;0;Avenida;SANTA FE;Constitución;Asfalto;S/D;I;Dentro;Urbana;Otra Señal;S/D;Intersección;Bueno;Buena;Diurna;S/D;Múltiple;S/D;Colisión;S/D;S/D
9213;2021;17/11/2021;Miercoles;13:30:00;;0.0;2;Moto/Ciclomotor,Automóvil;1ro de Mayo Y Tucumán;3;2;0;1;0;0;Calle;SANTA FE;Constitución;Asfalto;Pavimento;I;Dentro;Urbana;Otra Señal;No existe;Intersección;Bueno;Buena;Diurna;Buen Tiempo;Múltiple;S/D;Colisión;Ninguna;Faltante
9214;2021;17/11/2021;Miercoles;18:00:00;;0.0;2;Automóvil,Moto/Ciclomotor;Av. Gral. San Martin Y Emilio Zola;2;1;0;1;0;0;Calle;VILLA GOBERNADOR GÁLVEZ;Constitución;Asfalto;No existe;II;S/D;Urbana;Otra Señal;No existe;Intersección;Bueno;Reducida;Atardecer;Otro;Múltiple;S/D;Colisión;Ninguna;S/D
9215;2021;17/11/2021;Miercoles;18:00:00;;0.0;2;Moto/Ciclomotor,Pickup/Utilitario;Soldado Aguirre Y Buenos Aires;2;1;0;1;0;0;Calle;VILLA GOBERNADOR GÁLVEZ;Constitución;Asfalto;S/D;II;Dentro;Urbana;Otra Señal;S/D;Intersección;Deteriorada;S/D;Atardecer;S/D;Múltiple;S/D;Colisión;S/D;S/D
9216;2021;17/11/2021;Miercoles;09:50:00;;0.0;2;Automóvil,Moto/Ciclomotor;Av. Eva Perón Y Camilo Aldao;2;1;0;1;0;0;Avenida;ROSARIO;Constitución;Asfalto;Pavimento;II;Dentro;Urbana;Otra Señal;Funciona;Intersección;Bueno;Buena;Diurna;Buen Tiempo;Múltiple;S/D;Colisión;Ninguna;Horizontal
9217;2021;17/11/2021;Miercoles;03:10:00;;0.0;1;Pickup/Utilitario;Bv. Wilde Y Benegas;1;1;0;0;0;0;Calle;ROSARIO;Constitución;Asfalto;No existe;II;S/D;Urbana;Otra Señal;No existe;Intersección;Bueno;Buena;Nocturna;Buen Tiempo;Múltiple;S/D;Colisión;Ninguna;Faltante
9218;2021;17/11/2021;Miercoles;19:20:00;;0.0;2;Automóvil,Moto/Ciclomotor;Gral. Paz ;2;1;0;1;0;0;Calle;FUNES;Constitución;Asfalto;No existe;II;Dentro;Urbana;Otra Señal;No existe;Intersección;Bueno;Buena;Atardecer;Buen Tiempo;Múltiple;S/D;Colisión;Ninguna;Faltante
9219;2021;17/11/2021;Miercoles;10:50:00;Ruta Nacional 33;0.0;2;Automóvil,Pickup/Utilitario; ;3;1;0;2;0;0;Ruta;PEREZ;Constitución;Asfalto;Pavimento;II;Dentro;Rural;Otra Señal;No existe;Intersección;Bueno;Buena;Diurna;Buen Tiempo;Múltiple;S/D;Colisión;Ninguna;Vertical
9220;2021;17/11/2021;Miercoles;17:20:00;;0.0;1;Moto/Ciclomotor;San Martin Y Sánchez de Bustamante;1;1;0;0;0;0;Calle;ROSARIO;Constitución;Asfalto;No existe;II;Dentro;Urbana;Otra Señal;No existe;Intersección;Bueno;Buena;Diurna;Buen Tiempo;Múltiple;S/D;Colisión;Ninguna;Faltante
9221;2021;17/11/2021;Miercoles;18:15:00;;0.0;2;Moto/Ciclomotor,Automóvil;Lamadrid Y Castro;3;2;0;1;0;0;Calle;ROSARIO;Constitución;Asfalto;No existe;II;Dentro;Urbana;Otra Señal;No existe;Intersección;Bueno;Buena;Diurna;Buen Tiempo;Múltiple;S/D;Colisión;Ninguna;Faltante
9222;2021;17/11/2021;Miercoles;00:40:00;Autopista Nacional Rosario -Cordoba;70.0;2;Camión,Camión; ;2;1;0;1;0;0;Autopista;ANGÉLICA;Constitución;Asfalto;Pavimento;V;Dentro;Rural;Otra Señal;No existe;Intersección;Bueno;Buena;Nocturna;Buen Tiempo;Múltiple;S/D;Colisión;Ninguna;Faltante
9223;2021;17/11/2021;Miercoles;14:00:00;;0.0;2;Moto/Ciclomotor,Automóvil;J B Alberdi Y España;2;1;0;1;0;0;Calle;SAN LORENZO;Constitución;Asfalto;S/D;XVII;Dentro;Urbana;Otra Señal;S/D;Intersección;S/D;S/D;Diurna;S/D;Múltiple;S/D;Colisión;S/D;S/D
9224;2021;17/11/2021;Miercoles;;Ruta Nacional 11;0.0;4;Camión,Tren,Camión,Camión;Pte. Juan D Perón Y Ruta Nac 11;4;1;0;3;0;0;Ruta;PUERTO SAN MARTÍN;Constitución;Asfalto;Ripio;XVII;Dentro;Rural;Otra Señal;No existe;Intersección;Con baches;Buena;Nocturna;Buen Tiempo;Múltiple;S/D;Colisión;Ninguna;Faltante
9225;2021;17/11/2021;Miercoles;;Ruta Provincial 13;0.0;1;Moto/Ciclomotor; ;1;1;0;0;0;0;Ruta;HUMBERTO 1°;Constitución;Asfalto;S/D;III;Dentro;Rural;Otra Señal;S/D;Intersección;S/D;S/D;S/D;S/D;Múltiple;S/D;Colisión;S/D;S/D
9226;2021;17/11/2021;Miercoles;08:00:00;Autopista Nacional Rosario -Cordoba;0.0;1;Automóvil; ;1;1;0;0;0;0;Autopista;COLONIA CELLO;Constitución;Asfalto;S/D;V;Dentro;Urbana;Otra Señal;No existe;Intersección;S/D;S/D;Diurna;S/D;Múltiple;S/D;Colisión;S/D;S/D
9227;2021;17/11/2021;Miercoles;07:50:00;;0.0;2;Bicicleta,Automóvil; ;2;1;0;1;0;0;Calle;VENADO TUERTO;Constitución;S/D;S/D;VIII;Dentro;Urbana;Otra Señal;S/D;Intersección;S/D;S/D;Diurna;S/D;Múltiple;Ciclista;Colisión;S/D;S/D
9228;2021;17/11/2021;Miercoles;;;0.0;2;Moto/Ciclomotor,Automóvil; ;2;1;0;1;0;0;S/D;VENADO TUERTO;Constitución;S/D;S/D;VIII;S/D;S/D;Otra Señal;S/D;Intersección;S/D;S/D;S/D;S/D;Múltiple;S/D;Colisión;S/D;S/D
9229;2021;17/11/2021;Miercoles;22:00:00;;0.0;2;Moto/Ciclomotor,Automóvil;Calle 57-Prof Roberto Roveda Y Calle 30-Lucas Funes;2;1;0;1;0;0;Calle;RECONQUISTA;Constitución;Asfalto;S/D;XI;Dentro;Urbana;Otra Señal;S/D;Intersección;S/D;S/D;Nocturna;S/D;Múltiple;S/D;Colisión;S/D;S/D
9230;2021;17/11/2021;Miercoles;10:45:00;;0.0;2;Moto/Ciclomotor,Bicicleta;Avda. Jorge Newbery bis 247;2;2;0;0;0;0;Calle;GÁLVEZ;Constitución;S/D;S/D;XV;Dentro;Urbana;Otra Señal;S/D;Intersección;S/D;S/D;Diurna;S/D;Múltiple;Ciclista;Colisión;S/D;S/D
9231;2021;17/11/2021;Miercoles;17:30:00;Ruta Nacional 11;0.0;2;Moto/Ciclomotor,Automóvil; ;2;1;0;1;0;0;Ruta;FRAY LUIS BELTRÁN;Constitución;Asfalto;S/D;XVII;Dentro;Urbana;Otra Señal;S/D;Intersección;S/D;S/D;Diurna;S/D;Múltiple;S/D;Colisión;S/D;S/D
9232;2021;17/11/2021;Miercoles;20:20:00;;0.0;2;Moto/Ciclomotor,Automóvil;Crespo Y Gaboto;2;0;0;1;0;0;Calle;ROSARIO;Constitución;Asfalto;Pavimento;II;Dentro;Urbana;Otra Señal;No existe;Intersección;Otro;Buena;Nocturna;Buen Tiempo;Múltiple;S/D;Colisión;Ninguna;Faltante
9233;2021;17/11/2021;Miercoles;20:30:00;;0.0;2;Moto/Ciclomotor,Automóvil;Italia Y Av. Uriburu;2;0;0;1;0;0;Avenida;ROSARIO;Constitución;Asfalto;No existe;II;S/D;Urbana;Otra Señal;No existe;Intersección;S/D;Buena;Diurna;Buen Tiempo;Múltiple;S/D;Colisión;S/D;Faltante
9234;2021;17/11/2021;Miercoles;16:00:00;;0.0;2;Moto/Ciclomotor,Automóvil;Roullon Y Gorriti;4;0;0;2;0;0;Calle;ROSARIO;Rosario;Asfalto;No existe;II;Dentro;Urbana;Otra Señal;No existe;Intersección;Otro;Buena;Atardecer;Otro;S/D;S/D;Colisión;Otro;Faltante
9235;2021;18/11/2021;Jueves;20:10:00;;0.0;1;Moto/Ciclomotor;Avenida 13 Y Calle 22;1;1;0;0;0;0;Avenida;LAS PAREJAS;Constitución;Hormigón;No existe;III;Dentro;Urbana;Otra Señal;No existe;Intersección;Bueno;Buena;Nocturna;Buen Tiempo;Múltiple;S/D;Colisión;Ninguna;Faltante
9236;2021;18/11/2021;Jueves;11:50:00;;0.0;2;Moto/Ciclomotor,Automóvil;Calle 15 Y Calle 20;2;1;0;1;0;0;Calle;LAS PAREJAS;Constitución;Hormigón;No existe;III;Dentro;Urbana;Otra Señal;No existe;Intersección;Bueno;Buena;Diurna;Buen Tiempo;Múltiple;S/D;Colisión;Ninguna;Faltante
9237;2021;18/11/2021;Jueves;07:30:00;;0.0;2;Moto/Ciclomotor,Automóvil;Calle 11 Y Calle 26;2;1;0;1;0;0;Calle;LAS PAREJAS;Constitución;Hormigón;No existe;III;Dentro;Urbana;Otra Señal;No existe;Intersección;Bueno;Buena;Diurna;Buen Tiempo;Múltiple;S/D;Colisión;Ninguna;Faltante
9238;2021;18/11/2021;Jueves;07:00:00;;0.0;2;Moto/Ciclomotor,Automóvil;Calle 11 Y Calle 12;2;1;0;1;0;0;Calle;LAS PAREJAS;Constitución;Asfalto;No existe;III;Dentro;Urbana;Otra Señal;No existe;Intersección;Bueno;Buena;Diurna;Buen Tiempo;Múltiple;S/D;Colisión;Ninguna;Faltante
9239;2021;18/11/2021;Jueves;15:30:00;Ruta Provincial 1;10.5;1;Automóvil; ;1;1;0;0;0;0;Ruta;ARROYO LEYES;Constitución;Asfalto;Natural;I;S/D;Urbana;Otra Señal;No existe;Intersección;Bueno;Buena;Diurna;Buen Tiempo;Múltiple;S/D;Colisión;Ninguna;Horizontal,Vertical
9240;2021;18/11/2021;Jueves;;;0.0;2;Moto/Ciclomotor,Automóvil;Av. Blas Parera ;2;1;0;1;0;0;Avenida;SANTA FE;Constitución;Asfalto;Pavimento;I;Dentro;Urbana;Otra Señal;Funciona;Intersección;Bueno;Buena;Con luz artificial;Buen Tiempo;Múltiple;S/D;Colisión;Ninguna;Horizontal
9241;2021;18/11/2021;Jueves;16:30:00;;0.0;2;Moto/Ciclomotor,Automóvil;9 de Julio Y Pedro Ferre;2;1;0;1;0;0;Calle;SANTA FE;Constitución;S/D;No existe;I;Dentro;Urbana;Otra Señal;No existe;Intersección;Bueno;Buena;Diurna;Buen Tiempo;Múltiple;S/D;Colisión;Ninguna;S/D
9242;2021;18/11/2021;Jueves;08:05:00;;0.0;2;Peatón,Pickup/Utilitario;4 de Enero Y Obispo Gelabert;2;1;0;1;0;0;Calle;SANTA FE;Constitución;Asfalto;Pavimento;I;Dentro;Urbana;Otra Señal;No existe;Intersección;Bueno;Buena;Diurna;Buen Tiempo;Múltiple;Peatón;Colisión;Ninguna;Faltante
9243;2021;18/11/2021;Jueves;15:50:00;;0.0;2;Automóvil,Moto/Ciclomotor;Constitución Y La Paz;2;1;0;1;0;0;Calle;ROSARIO;Constitución;Asfalto;No existe;II;Dentro;Urbana;Otra Señal;No existe;Intersección;Bueno;Buena;Diurna;Buen Tiempo;Múltiple;S/D;Colisión;Ninguna;Faltante
9244;2021;18/11/2021;Jueves;14:00:00;;0.0;2;Moto/Ciclomotor,Camión Chasis; ;2;1;0;1;0;0;Calle;GENERAL LAGOS;Constitución;Asfalto;Natural;II;S/D;Urbana;Otra Señal;No existe;Intersección;S/D;Buena;Diurna;Buen Tiempo;Múltiple;S/D;Colisión;Ninguna;S/D
9245;2021;18/11/2021;Jueves;11:00:00;;0.0;2;Bicicleta,Automóvil;Tucumán Y Sánchez de Loria;2;1;0;1;0;0;Calle;ROSARIO;Constitución;Asfalto;No existe;II;Dentro;Urbana;Otra Señal;S/D;Intersección;Bueno;Buena;Diurna;Buen Tiempo;Múltiple;Ciclista;Colisión;Ninguna;S/D
9246;2021;18/11/2021;Jueves;12:00:00;Ruta Nacional 9;0.0;2;Moto/Ciclomotor,Automóvil; ;2;1;0;1;0;0;Ruta;FUNES;Constitución;Asfalto;Natural;II;Dentro;Urbana;Otra Señal;No existe;Intersección;Bueno;Buena;Diurna;Buen Tiempo;Múltiple;S/D;Colisión;Ninguna;Horizontal
9247;2021;18/11/2021;Jueves;16:00:00;;0.0;2;Automóvil,Moto/Ciclomotor;E.Zeballos 2500;2;1;0;1;0;0;Calle;ROSARIO;Constitución;Asfalto;No existe;II;Dentro;Urbana;Otra Señal;No existe;Intersección;Bueno;Buena;Diurna;Buen Tiempo;Múltiple;S/D;Colisión;Ninguna;Faltante
9248;2021;18/11/2021;Jueves;15:00:00;;0.0;2;Bicicleta,Automóvil;Mariano Moreno Y E.Zeballos;2;1;0;1;0;0;Calle;ROSARIO;Constitución;Asfalto;No existe;II;Dentro;Urbana;Otra Señal;No existe;Intersección;Bueno;Buena;Diurna;Buen Tiempo;Múltiple;Ciclista;Colisión;Ninguna;Faltante
9249;2021;18/11/2021;Jueves;;;0.0;2;Moto/Ciclomotor,Automóvil;Bv. 27 De Febrero Y Pueyrredón;2;1;0;1;0;0;Avenida;ROSARIO;Constitución;Asfalto;No existe;II;Dentro;Urbana;Otra Señal;Funciona;Intersección;Bueno;Buena;S/D;Buen Tiempo;Múltiple;S/D;Colisión;Ninguna;S/D
9250;2021;18/11/2021;Jueves;18:56:00;Autopista Nacional Rosario -Cordoba;325.0;1;Automóvil; ;1;1;0;0;0;0;Autopista;SAN JERÓNIMO SUR;Constitución;Asfalto;Ripio;XVII;Dentro;Rural;Otra Señal;No existe;Intersección;Bueno;Buena;Atardecer;Buen Tiempo;Múltiple;S/D;Colisión;Ninguna;Faltante
9251;2021;18/11/2021;Jueves;13:00:00;Ruta Nacional 9;0.0;2;Automóvil,Moto/Ciclomotor;Ruta Nacional 9 ;2;1;0;1;0;0;Ruta;ROLDÁN;Constitución;Asfalto;S/D;XVII;S/D;S/D;Otra Señal;S/D;Intersección;Bueno;S/D;Diurna;S/D;Múltiple;S/D;Colisión;S/D;S/D
9252;2021;18/11/2021;Jueves;17:30:00;Autopista Provincial Brigadier E.LÓPEZ;0.0;1;Automóvil; ;1;1;0;0;0;0;Autopista;SAUCE VIEJO;Constitución;Asfalto;Pavimento;I;Dentro;Rural;Otra Señal;No existe;Intersección;S/D;S/D;Diurna;S/D;Múltiple;S/D;Colisión;S/D;S/D
9253;2021;18/11/2021;Jueves;12:15:00;Ruta Nacional 11;0.0;2;Moto/Ciclomotor,Automóvil;Ruta Nacional 11 Y Calle 33-Pueyrredon;2;1;0;1;0;0;Ruta;RECONQUISTA;Constitución;Asfalto;S/D;XI;Dentro;Urbana;Otra Señal;S/D;Intersección;S/D;S/D;S/D;S/D;Múltiple;S/D;Colisión;S/D;S/D
9254;2021;18/11/2021;Jueves;;;0.0;3;Moto/Ciclomotor,Moto/Ciclomotor,Moto/Ciclomotor;14 de Julio Y A Marini;3;2;0;1;0;0;Calle;RAFAELA;Constitución;Asfalto;S/D;V;Dentro;Urbana;Otra Señal;S/D;Intersección;S/D;S/D;S/D;S/D;Múltiple;S/D;Colisión;S/D;S/D
9255;2021;18/11/2021;Jueves;07:00:00;Ruta Nacional 11;0.0;2;Moto/Ciclomotor,Automóvil;Corrientes Y Ruta Nacional 11;6;6;0;0;0;0;Ruta;VERA;Constitución;Asfalto;S/D;XIX;Dentro;Urbana;Otra Señal;S/D;Intersección;S/D;S/D;Diurna;S/D;Múltiple;S/D;Colisión;S/D;S/D
9256;2021;18/11/2021;Jueves;;;0.0;2;Moto/Ciclomotor,Automóvil;Juan Bautista Alberdi Y Mariano Candioti;2;1;0;1;0;0;Calle;SANTO TOMÉ;Constitución;Asfalto;S/D;I;Dentro;Urbana;Otra Señal;S/D;Intersección;S/D;S/D;S/D;S/D;Múltiple;S/D;Colisión;S/D;S/D
9257;2021;18/11/2021;Jueves;;;0.0;2;Moto/Ciclomotor,Pickup/Utilitario;Esteban Echeverria ;3;2;0;1;0;0;Calle;CASILDA;Constitución;S/D;S/D;IV;Dentro;Urbana;Otra Señal;S/D;Intersección;S/D;S/D;Diurna;S/D;Múltiple;S/D;Colisión;S/D;S/D
9258;2021;18/11/2021;Jueves;15:00:00;Ruta Provincial 26;0.0;2;Pickup/Utilitario,Pickup/Utilitario;Boulevard Lisandro de la Torre Y Boulevard Ovidio Lagos;3;1;0;2;0;0;Ruta;CASILDA;Constitución;Asfalto;S/D;IV;Dentro;Urbana;Otra Señal;S/D;Intersección;S/D;S/D;Diurna;S/D;Múltiple;S/D;Colisión;S/D;S/D
9259;2021;18/11/2021;Jueves;19:20:00;;0.0;2;Moto/Ciclomotor,Automóvil;Boulevard 9 de julio Y Boulevard Lisandro de la Torre;2;1;0;1;0;0;Calle;CASILDA;Constitución;Asfalto;S/D;IV;Dentro;Urbana;Otra Señal;S/D;Intersección;S/D;S/D;Atardecer;S/D;Múltiple;S/D;Colisión;S/D;S/D
9260;2021;18/11/2021;Jueves;;;0.0;1;Bicicleta; ;1;1;0;0;0;0;S/D;ESPERANZA;Constitución;S/D;S/D;XI;S/D;S/D;Otra Señal;S/D;Intersección;S/D;S/D;S/D;S/D;Múltiple;S/D;Colisión;S/D;S/D
9261;2021;18/11/2021;Jueves;19:30:00;;0.0;1;Moto/Ciclomotor;Bv. Oroño Y Lamadrid;1;1;0;0;0;0;Calle;ROSARIO;Constitución;Asfalto;S/D;II;Dentro;Urbana;Otra Señal;S/D;Intersección;S/D;S/D;Atardecer;S/D;Múltiple;S/D;Colisión;S/D;S/D
9262;2021;18/11/2021;Jueves;09:30:00;;0.0;1;Moto/Ciclomotor;Pje. Sauce ;1;1;0;0;0;0;Calle;ROSARIO;Constitución;Asfalto;S/D;II;Dentro;Urbana;Otra Señal;S/D;Intersección;S/D;S/D;Diurna;S/D;Múltiple;S/D;Colisión;S/D;S/D
9263;2021;18/11/2021;Jueves;22:35:00;;0.0;1;Moto/Ciclomotor;Centeno Y Dorrego;1;1;0;0;0;0;Calle;ROSARIO;Constitución;Asfalto;S/D;II;Dentro;Urbana;Otra Señal;S/D;Intersección;S/D;S/D;Nocturna;S/D;Múltiple;S/D;Colisión;S/D;S/D
9264;2021;18/11/2021;Jueves;;;0.0;1;Moto/Ciclomotor; ;1;1;0;0;0;0;S/D;ROSARIO;Constitución;S/D;S/D;II;S/D;S/D;Otra Señal;S/D;Intersección;S/D;S/D;S/D;S/D;Múltiple;S/D;Colisión;S/D;S/D
9265;2021;18/11/2021;Jueves;10:50:00;;0.0;2;Bicicleta,Automóvil;17 de Octubre Y G López;2;0;0;1;0;0;Calle;VILLA GOBERNADOR GÁLVEZ;Constitución;Asfalto;No existe;II;Dentro;Urbana;Otra Señal;No existe;Intersección;Con baches;Buena;Diurna;Buen Tiempo;Múltiple;Ciclista;Colisión;Ninguna;Faltante
9266;2021;18/11/2021;Jueves;14:30:00;;0.0;2;Bicicleta,Automóvil;San Lorenzo 235;2;0;0;1;0;0;Calle;ROLDÁN;Constitución;Asfalto;S/D;XVII;S/D;Urbana;Otra Señal;No existe;Intersección;Bueno;S/D;Diurna;S/D;Múltiple;Ciclista;Colisión;S/D;Faltante
9267;2021;18/11/2021;Jueves;11:00:00;;0.0;2;Moto/Ciclomotor,Automóvil;Mendoza Y 9 de Julio;2;0;0;1;0;0;Calle;PUERTO SAN MARTÍN;Constitución;Asfalto;No existe;XVII;Dentro;Urbana;Otra Señal;No existe;Intersección;Bueno;Buena;Diurna;Buen Tiempo;Múltiple;S/D;Colisión;Ninguna;Faltante
9268;2021;18/11/2021;Jueves;21:05:00;;0.0;2;Moto/Ciclomotor,Automóvil;Braidotti Y Cipres;2;0;0;1;0;0;Calle;SAN LORENZO;Constitución;Asfalto;S/D;XVII;Dentro;Urbana;Otra Señal;S/D;Intersección;S/D;S/D;Nocturna;S/D;Múltiple;S/D;Colisión;S/D;S/D
9269;2021;18/11/2021;Jueves;15:15:00;;0.0;2;Moto/Ciclomotor,Pickup/Utilitario;Hernandarias Y Pbro. d Balbiano;2;0;0;1;0;0;Calle;GÁLVEZ;San JERÓNIMO;Asfalto;S/D;XV;Dentro;Urbana;Otra Señal;S/D;Intersección;S/D;S/D;Diurna;S/D;Múltiple;S/D;Colisión;S/D;S/D
9270;2021;19/11/2021;Viernes;18:40:00;;0.0;2;Moto/Ciclomotor,Bicicleta;Rivadavia 2500;2;1;0;0;1;0;Calle;PUERTO SAN MARTÍN;San Lorenzo;Asfalto;No existe;XVII;Dentro;Urbana;Otra Señal;No existe;Intersección;Bueno;Buena;Diurna;Buen Tiempo;Múltiple;Ciclista;Colisión;Ninguna;Faltante
9271;2021;19/11/2021;Viernes;20:30:00;;0.0;2;Moto/Ciclomotor,Automóvil;Avenida 13 Y Avenida 18;2;1;0;1;0;0;Avenida;LAS PAREJAS;Constitución;Hormigón;No existe;III;Dentro;Urbana;Otra Señal;No existe;Intersección;Bueno;Buena;Nocturna;Buen Tiempo;Múltiple;S/D;Colisión;Ninguna;Horizontal
9272;2021;19/11/2021;Viernes;10:20:00;;0.0;2;Automóvil,Automóvil;Belgrano Manuel Y Mendoza;4;1;0;3;0;0;Calle;SAN CARLOS CENTRO;Constitución;Ripio;No existe;XI;Dentro;Urbana;Otra Señal;No existe;Intersección;Bueno;Buena;Diurna;Buen Tiempo;Múltiple;S/D;Colisión;Ninguna;Vertical
9273;2021;19/11/2021;Viernes;18:30:00;Ruta Provincial 2;0.0;3;Automóvil,Automóvil,Automóvil;Neuquén Y Ruta pcial 2 Av. San Martin;5;1;0;4;0;0;Ruta;MONTE VERA;Constitución;Hormigón;Natural;I;S/D;Urbana;Otra Señal;Funciona;Intersección;Bueno;Buena;Diurna;Buen Tiempo;Múltiple;S/D;Colisión;Ninguna;Vertical
9274;2021;19/11/2021;Viernes;04:40:00;Ruta Provincial 2;0.0;2;Automóvil,Transporte de Pasajeros Larga Distancia (Doble Piso);Misiones Y Ruta pcial 2 Av. San Martin;2;1;0;1;0;0;Ruta;MONTE VERA;Constitución;Asfalto;Ripio;I;Dentro;Urbana;Otra Señal;No existe;Intersección;Con baches;Buena;Nocturna,Con luz artificial;Buen Tiempo;Múltiple;S/D;Colisión;Ninguna;S/D
9275;2021;19/11/2021;Viernes;10:10:00;Ruta Provincial 1;0.0;2;Moto/Ciclomotor,Automóvil; ;2;1;0;1;0;0;Ruta;COLASTINE;Constitución;Asfalto;Pavimento;I;Dentro;Urbana;Otra Señal;Funciona;Intersección;Bueno;S/D;Atardecer;Buen Tiempo;Múltiple;S/D;Colisión;Ninguna;Vertical
9276;2021;19/11/2021;Viernes;14:30:00;;0.0;2;Automóvil,Moto/Ciclomotor;French Y Republica de Siria;2;1;0;1;0;0;Calle;SANTA FE;Constitución;S/D;No existe;I;Dentro;Urbana;Otra Señal;No existe;Intersección;S/D;Reducida;Diurna;Otro;Múltiple;S/D;Colisión;Otro;Faltante
9277;2021;19/11/2021;Viernes;20:50:00;;0.0;2;Moto/Ciclomotor,Automóvil;Av. Gral. Paz Y Llerena;2;1;0;1;0;0;Avenida;SANTA FE;Constitución;Asfalto;No existe;I;Dentro;Urbana;Otra Señal;No existe;Intersección;Bueno;Buena;Nocturna;Buen Tiempo;Múltiple;S/D;Colisión;S/D;S/D
9278;2021;19/11/2021;Viernes;16:20:00;;0.0;2;Camión Chasis,Automóvil;Pasteur 2456;4;3;0;1;0;0;Calle;VILLA GOBERNADOR GÁLVEZ;Constitución;Asfalto;S/D;II;Dentro;Urbana;Otra Señal;No existe;Intersección;Deteriorada;Buena;Diurna;S/D;Múltiple;S/D;Colisión;S/D;S/D
9279;2021;19/11/2021;Viernes;17:20:00;;0.0;2;Moto/Ciclomotor,Automóvil;Tarragona Y Morrison;2;1;0;1;0;0;Calle;ROSARIO;Constitución;Asfalto;No existe;II;Dentro;Urbana;Otra Señal;No existe;Intersección;Bueno;Buena;Diurna;Buen Tiempo;Múltiple;S/D;Colisión;Ninguna;Faltante
9280;2021;19/11/2021;Viernes;13:00:00;Ruta Provincial 14;0.0;2;Moto/Ciclomotor,Automóvil;13 Antártida Argentina Y Brig López;2;1;0;1;0;0;Ruta;SOLDINI;Constitución;Asfalto;Natural;II;Dentro;Urbana;Otra Señal;No existe;Intersección;Bueno;Buena;Diurna;Buen Tiempo;Múltiple;S/D;Colisión;S/D;Faltante
9281;2021;19/11/2021;Viernes;11:30:00;;0.0;2;Moto/Ciclomotor,Automóvil;Mariano Moreno Y Dorrego;2;1;0;1;0;0;Calle;ROSARIO;Constitución;Asfalto;No existe;II;Dentro;Urbana;Otra Señal;Funciona;Intersección;Bueno;Buena;Diurna;Buen Tiempo;Múltiple;S/D;Colisión;Ninguna;Faltante
9282;2021;19/11/2021;Viernes;11:50:00;;0.0;2;Camión Chasis,Transporte de Pasajeros Urbano (> 8 asientos);San Lorenzo Y San Nicolas;3;2;0;1;0;0;Calle;ROSARIO;Constitución;Asfalto;S/D;II;Dentro;Urbana;Otra Señal;S/D;Intersección;S/D;S/D;Diurna;S/D;Múltiple;S/D;Colisión;S/D;S/D
9283;2021;19/11/2021;Viernes;16:20:00;Autopista Nacional Rosario -Cordoba;323.5;1;Automóvil; ;3;3;0;0;0;0;Autopista;SAN JERÓNIMO SUR;Constitución;Asfalto;Ripio;XVII;Dentro;Urbana;Otra Señal;No existe;Intersección;Bueno;Buena;Diurna;Buen Tiempo;Múltiple;S/D;Colisión;Ninguna;Horizontal
9284;2021;19/11/2021;Viernes;20:45:00;Ruta Nacional 11;0.0;1;Moto/Ciclomotor;Av. San Martin Y Maestra Barragán - Ex Bs.As.;2;1;0;1;0;0;Ruta;FRAY LUIS BELTRÁN;Constitución;Asfalto;No existe;XVII;Dentro;Urbana;Otra Señal;No existe;Intersección;Bueno;Reducida;Nocturna;Otro;Múltiple;S/D;Colisión;Ninguna;Faltante
9285;2021;19/11/2021;Viernes;19:30:00;;0.0;2;Moto/Ciclomotor,Pickup/Utilitario;Gral. Güemes Y Mendoza;2;1;0;1;0;0;Calle;SAN JORGE;Constitución;Asfalto;No existe;XVIII;Dentro;Urbana;Otra Señal;No existe;Intersección;Bueno;Buena;Diurna;Buen Tiempo;Múltiple;S/D;Colisión;S/D;S/D
9286;2021;19/11/2021;Viernes;08:30:00;Ruta Nacional 34;261.0;2;Automóvil,Pickup/Utilitario; ;3;1;0;2;0;0;Ruta;SUNCHALES;Constitución;Asfalto;S/D;V;Dentro;Urbana;Otra Señal;S/D;Intersección;S/D;S/D;Diurna;S/D;Múltiple;S/D;Colisión;S/D;S/D
9287;2021;19/11/2021;Viernes;01:20:00;;0.0;2;Moto/Ciclomotor,Automóvil;Calle 24-Alessio Y Calle 11-Alvear;3;2;0;1;0;0;Calle;RECONQUISTA;Constitución;Asfalto;S/D;XI;Dentro;Urbana;Otra Señal;S/D;Intersección;S/D;S/D;Nocturna;S/D;Múltiple;S/D;Colisión;S/D;S/D