ID_Accidente;A�o;Fecha;Dia;Hopra;Ruta/Autop;km;Participantes;Tipo;Lugar;Total;Heridos Leves;Heridos Graves;Ilesos;Fallecidos;Sin datos;desc_tipo_via;desc_loc;desc_dpto;|;desc_tipo_banquina;desc_unidad_regional;desc_lugar_calzada;desc_zona;desc_prioridad;desc_estado_semaforo;desc_lugar_via;desc_estado_via;desc_estado_visibilidad;desc_luminosidad;desc_estado_clima;desc_tipo_colision;desc_tipo_atropello;desc_tipo_hecho;desc_pres_calzada;desc_senializacion
9288;2021;19/11/2021;Viernes;;;0.0;2;Bicicleta,Bicicleta;Av. 27 de Febrero Y Lisandro de la Torre;2;2;0;0;0;0;Avenida;SANTA FE;Constitución;Asfalto;S/D;I;Dentro;Urbana;Otra Señal;S/D;Intersección;S/D;S/D;Diurna;S/D;Múltiple;Ciclista;Colisión;S/D;S/D
9289;2021;19/11/2021;Viernes;;Ruta Nacional 9;403.0;2;Moto/Ciclomotor,Bicicleta; ;2;2;0;0;0;0;Ruta;TORTUGAS;Constitución;S/D;S/D;III;Dentro;Urbana;Otra Señal;S/D;Intersección;S/D;S/D;S/D;S/D;Múltiple;Ciclista;Colisión;S/D;S/D
9290;2021;19/11/2021;Viernes;10:50:00;Ruta Nacional 11;0.0;1;Moto/Ciclomotor; ;1;1;0;0;0;0;Ruta;CORONDA;Constitución;Asfalto;S/D;XV;Dentro;Urbana;Otra Señal;S/D;Intersección;S/D;S/D;Diurna;S/D;Múltiple;S/D;Colisión;S/D;S/D
9291;2021;19/11/2021;Viernes;11:50:00;;0.0;2;Pickup/Utilitario,Moto/Ciclomotor;Alte. Brown Y Mariano Moreno;2;1;0;1;0;0;Calle;DESVÍO ARIJÓN;Constitución;Asfalto;S/D;XV;Dentro;Urbana;Otra Señal;S/D;Intersección;S/D;S/D;Diurna;S/D;Múltiple;S/D;Colisión;S/D;S/D
9292;2021;19/11/2021;Viernes;22:35:00;;0.0;2;Moto/Ciclomotor,Moto/Ciclomotor;9 de Julio Y Belgrano;2;2;0;0;0;0;Calle;CORONDA;Constitución;Asfalto;S/D;XV;Dentro;Urbana;Otra Señal;S/D;Intersección;S/D;S/D;Nocturna;S/D;Múltiple;S/D;Colisión;S/D;S/D
9293;2021;19/11/2021;Viernes;08:25:00;;0.0;1;Moto/Ciclomotor;Santiago Y San Luis;1;1;0;0;0;0;Calle;ROSARIO;Constitución;Asfalto;S/D;II;Dentro;Urbana;Otra Señal;S/D;Intersección;S/D;S/D;Diurna;S/D;Múltiple;S/D;Colisión;S/D;S/D
9294;2021;19/11/2021;Viernes;08:20:00;;0.0;1;Otros;Alvear Y Pje. Quiroga;1;1;0;0;0;0;Calle;ROSARIO;Constitución;Asfalto;S/D;II;Dentro;Urbana;Otra Señal;No existe;Intersección;S/D;S/D;Diurna;S/D;Múltiple;S/D;Colisión;S/D;S/D
9295;2021;19/11/2021;Viernes;13:00:00;;0.0;1;Moto/Ciclomotor;Urquiza Y Lavalle;1;1;0;0;0;0;Calle;ROSARIO;Constitución;Asfalto;S/D;II;Dentro;Urbana;Otra Señal;S/D;Intersección;S/D;S/D;Diurna;S/D;Múltiple;S/D;Colisión;S/D;S/D
9296;2021;19/11/2021;Viernes;15:30:00;;0.0;1;Moto/Ciclomotor;Av. Ovidio Lagos 8000;2;2;0;0;0;0;Avenida;ROSARIO;Constitución;Asfalto;S/D;II;Dentro;Urbana;Otra Señal;S/D;Intersección;S/D;S/D;Diurna;S/D;Múltiple;S/D;Colisión;S/D;S/D
9297;2021;19/11/2021;Viernes;00:00:00;;0.0;2;Peatón,Otros; ;2;1;0;0;0;1;S/D;ROSARIO;Constitución;S/D;S/D;II;S/D;S/D;Otra Señal;S/D;Intersección;S/D;S/D;Nocturna;S/D;Múltiple;Peatón;Colisión;S/D;S/D
9298;2021;19/11/2021;Viernes;21:10:00;;0.0;1;Moto/Ciclomotor;SANTA FE ;2;1;0;0;0;0;Camino Rural;PUJATO NORTE;Constitución;Tierra;Natural;XI;S/D;Rural;Otra Señal;No existe;Intersección;Bueno;Reducida polvo;Nocturna;Buen Tiempo;Múltiple;S/D;Colisión;Ninguna;Faltante
9299;2021;19/11/2021;Viernes;17:50:00;;0.0;2;Moto/Ciclomotor,Automóvil;Av. Provincias Unidas 1500;4;0;0;3;0;0;Avenida;ROSARIO;Constitución;Asfalto;No existe;II;Dentro;Urbana;Otra Señal;S/D;Intersección;Con baches;Buena;Diurna;Buen Tiempo;Múltiple;S/D;Colisión;Ninguna;Faltante
9300;2021;19/11/2021;Viernes;09:40:00;Ruta Provincial 14;0.0;2;Moto/Ciclomotor,Camión Chasis;Ruta Pcial 14 ;2;0;0;1;0;0;Ruta;SOLDINI;Constitución;Asfalto;Natural;II;Dentro;Urbana;Otra Señal;No existe;Intersección;Bueno;Buena;Diurna;Buen Tiempo;Múltiple;S/D;Colisión;Ninguna;Vertical
9301;2021;20/11/2021;Sabado;04:20:00;Ruta Provincial 13;269.0;2;Moto/Ciclomotor,Automóvil;Ruta 13 ;6;2;0;3;1;0;Ruta;SAN CRISTÓBAL;San CRISTÓBAL;Asfalto;Natural;XIII;Dentro;Rural;Otra Señal;No existe;Intersección;Deteriorada;Reducida;Nocturna;Buen Tiempo;Múltiple;S/D;Colisión;Ninguna;Faltante
9302;2021;20/11/2021;Sabado;21:10:00;;0.0;2;Moto/Ciclomotor,Automóvil;Pasaje Falucho Y Fray Mamerto Esquiu;2;0;0;0;1;1;Calle;SAN JERÓNIMO NORTE;Las Colonias;Asfalto;No existe;XI;S/D;Urbana;Otra Señal;No existe;Intersección;Bueno;S/D;Nocturna;S/D;Múltiple;S/D;Colisión;Ninguna;Faltante
9303;2021;20/11/2021;Sabado;18:00:00;;0.0;2;Automóvil,Moto/Ciclomotor;Belgrano Y Bv Luis Sanguinetti;4;2;0;2;0;0;Calle;ARMSTRONG;Constitución;Asfalto;No existe;III;Dentro;Urbana;Otra Señal;No existe;Intersección;Bueno;Buena;Atardecer;Buen Tiempo;Múltiple;S/D;Colisión;Ninguna;Faltante
9304;2021;20/11/2021;Sabado;20:00:00;;0.0;2;Automóvil,Moto/Ciclomotor;Calle 26 Y Calle 9;2;1;0;1;0;0;Calle;LAS PAREJAS;Constitución;Hormigón;No existe;III;Dentro;Urbana;Otra Señal;No existe;Intersección;Deteriorada;Buena;Nocturna;Buen Tiempo;Múltiple;S/D;Colisión;Ninguna;Faltante
9305;2021;20/11/2021;Sabado;05:30:00;;0.0;2;Automóvil,Moto/Ciclomotor;Pasaje General Belgrano Y Avenida General San Martin;5;4;0;1;0;0;Avenida;SA PEREIRA;Constitución;Ripio;Natural;XI;Dentro;Urbana;Otra Señal;No existe;Intersección;Bueno;Buena;Amanecer;Buen Tiempo;Múltiple;S/D;Colisión;Ninguna;Faltante
9306;2021;20/11/2021;Sabado;13:10:00;;0.0;2;Moto/Ciclomotor,Pickup/Utilitario;Calle s n ;2;1;0;1;0;0;Calle;MONTE VERA;Constitución;Ripio;No existe;I;S/D;Urbana;Otra Señal;No existe;Intersección;Otro;Buena;Diurna;Buen Tiempo;Múltiple;S/D;Colisión;Ninguna;Faltante
9307;2021;20/11/2021;Sabado;10:45:00;Ruta Provincial 2;12.5;2;Moto/Ciclomotor,Automóvil; ;2;1;0;1;0;0;Ruta;MONTE VERA;Constitución;Asfalto;Ripio;I;Dentro;Rural;Otra Señal;No existe;Intersección;Con baches;Buena;Amanecer;Otro;Múltiple;S/D;Colisión;Ninguna;Faltante
9308;2021;20/11/2021;Sabado;21:55:00;Ruta Provincial 1;0.0;1;Automóvil; ;1;1;0;0;0;0;Ruta;COLASTINE;Constitución;Asfalto;Pavimento;I;Dentro;Urbana;Otra Señal;No funciona;Intersección;Bueno;Reducida;Nocturna;Buen Tiempo;Múltiple;S/D;Colisión;Ninguna;Faltante
9309;2021;20/11/2021;Sabado;10:35:00;;0.0;2;Moto/Ciclomotor,Automóvil;La Rioja Y San Jerónimo;2;1;0;1;0;0;Calle;SANTA FE;Constitución;Asfalto;Pavimento;I;Dentro;Urbana;Otra Señal;No existe;Intersección;Bueno;Buena;Diurna;Buen Tiempo;Múltiple;S/D;Colisión;Ninguna;Faltante
9310;2021;20/11/2021;Sabado;17:00:00;;0.0;2;Moto/Ciclomotor,Automóvil;Av. 27 de Febrero Y Moreno;2;1;0;1;0;0;Avenida;SANTA FE;Constitución;Asfalto;Pavimento;I;Dentro;Urbana;Otra Señal;Funciona;Intersección;Bueno;Buena;Diurna;Buen Tiempo;Múltiple;S/D;Colisión;Ninguna;Faltante
9311;2021;20/11/2021;Sabado;;;0.0;2;Peatón,Pickup/Utilitario;Bv. 27 De Febrero 4115;2;1;0;1;0;0;Calle;ROSARIO;Constitución;Asfalto;No existe;II;Dentro;Urbana;Otra Señal;No existe;Intersección;Bueno;Buena;Diurna;Buen Tiempo;Múltiple;Peatón;Colisión;Ninguna;Horizontal
9312;2021;20/11/2021;Sabado;18:00:00;;0.0;2;Moto/Ciclomotor,Automóvil;Solís Y Junín;2;1;0;1;0;0;Calle;ROSARIO;Constitución;Asfalto;No existe;II;Dentro;Urbana;Otra Señal;Funciona;Intersección;Bueno;Buena;Atardecer;Otro;Múltiple;S/D;Colisión;Otro;Faltante
9313;2021;20/11/2021;Sabado;15:45:00;;0.0;2;Moto/Ciclomotor,Moto/Ciclomotor;Av. Provincias Unidas Y F.M.Esquiu;2;1;0;1;0;0;Avenida;ROSARIO;Constitución;Asfalto;No existe;II;Dentro;Urbana;Otra Señal;No existe;Intersección;Bueno;Buena;Diurna;Buen Tiempo;Múltiple;S/D;Colisión;Ninguna;Faltante
9314;2021;20/11/2021;Sabado;04:30:00;Ruta Secundaria 34-s;0.0;2;Moto/Ciclomotor,Otros; ;3;2;0;1;0;0;Ruta;IBARLUCEA;Constitución;Asfalto;Ripio;II;S/D;Urbana;Otra Señal;No existe;Intersección;Bueno;Buena;Nocturna;Buen Tiempo;Múltiple;S/D;Colisión;Ninguna;Faltante
9315;2021;20/11/2021;Sabado;;;0.0;1;Automóvil;Cochabamba Y Las Heras;3;1;0;2;0;0;Calle;SAN CRISTÓBAL;Constitución;Asfalto;No existe;XIII;Dentro;Urbana;Otra Señal;No existe;Intersección;Bueno;Buena;Nocturna,Con luz artificial;Buen Tiempo;Múltiple;S/D;Colisión;Ninguna;Faltante
9316;2021;20/11/2021;Sabado;12:50:00;;0.0;2;Bicicleta,Automóvil;Bv C Pellegrini Y Santa Fe;2;1;0;1;0;0;Calle;SAN JUSTO;Constitución;Hormigón;No existe;XVI;Dentro;Urbana;Otra Señal;No existe;Intersección;Bueno;Buena;Diurna;Buen Tiempo;Múltiple;Ciclista;Colisión;Ninguna;Faltante
9317;2021;20/11/2021;Sabado;10:10:00;;0.0;2;Moto/Ciclomotor,Automóvil;Bv R S PEÑA Y 9 de Julio;2;1;0;1;0;0;Avenida;SAN JUSTO;Constitución;Hormigón;No existe;XVI;Dentro;Urbana;Otra Señal;No existe;Intersección;Bueno;Buena;Diurna;Buen Tiempo;Múltiple;S/D;Colisión;Ninguna;Faltante
9318;2021;20/11/2021;Sabado;13:00:00;;0.0;2;Moto/Ciclomotor,Automóvil;Gálvez Y San Lorenzo;2;1;0;1;0;0;Calle;ROLDÁN;Constitución;Asfalto;S/D;XVII;S/D;Urbana;Otra Señal;S/D;Intersección;Bueno;S/D;Diurna;S/D;Múltiple;S/D;Colisión;S/D;S/D
9319;2021;20/11/2021;Sabado;19:10:00;Ruta Nacional 11;0.0;2;Automóvil,Automóvil;América Y Ruta Nac 11;6;2;0;4;0;0;Ruta;PUERTO SAN MARTÍN;Constitución;Asfalto;Ripio;XVII;Dentro;Urbana;Otra Señal;No existe;Intersección;Bueno;Buena;Diurna;Buen Tiempo;Múltiple;S/D;Colisión;Ninguna;Faltante
9320;2021;20/11/2021;Sabado;04:20:00;;0.0;1;Moto/Ciclomotor;Sargento Cabral Y Julián Cervera;1;1;0;0;0;0;Calle;SAN LORENZO;Constitución;Asfalto;S/D;XVII;S/D;Urbana;Otra Señal;S/D;Intersección;S/D;S/D;Nocturna;S/D;Múltiple;S/D;Colisión;S/D;S/D
9321;2021;20/11/2021;Sabado;15:15:00;;0.0;2;Moto/Ciclomotor,Automóvil;Luis Borghi ;5;2;0;3;0;0;Calle;SAN LORENZO;Constitución;Asfalto;S/D;XVII;Dentro;Urbana;Otra Señal;S/D;Intersección;S/D;S/D;Diurna;S/D;Múltiple;S/D;Colisión;S/D;S/D
9322;2021;20/11/2021;Sabado;18:30:00;Ruta Provincial 70;10.5;1;Automóvil; ;1;1;0;0;0;0;Ruta;ESPERANZA;Constitución;Asfalto;S/D;XI;Fuera;Rural;Otra Señal;No existe;Intersección;S/D;S/D;Atardecer;S/D;Múltiple;S/D;Colisión;S/D;S/D
9323;2021;20/11/2021;Sabado;;;0.0;2;Moto/Ciclomotor,Moto/Ciclomotor;Av. Italia Y Carrero Podio;2;2;0;0;0;0;Avenida;RAFAELA;Constitución;S/D;S/D;V;Dentro;Urbana;Otra Señal;S/D;Intersección;S/D;S/D;S/D;S/D;Múltiple;S/D;Colisión;S/D;S/D
9324;2021;20/11/2021;Sabado;09:05:00;;0.0;2;Pickup/Utilitario,Moto/Ciclomotor;Sarmiento Y Lavalle;2;1;0;1;0;0;Calle;RAFAELA;Constitución;Asfalto;S/D;V;Dentro;Urbana;Otra Señal;S/D;Intersección;S/D;S/D;Diurna;S/D;Múltiple;S/D;Colisión;S/D;S/D
9325;2021;20/11/2021;Sabado;;;0.0;2;Moto/Ciclomotor,Pickup/Utilitario;Garibaldi Y Paraguay;2;1;0;1;0;0;Calle;RAFAELA;Constitución;Asfalto;S/D;V;Dentro;Urbana;Otra Señal;S/D;Intersección;S/D;S/D;Nocturna;S/D;Múltiple;S/D;Colisión;S/D;S/D
9326;2021;20/11/2021;Sabado;20:20:00;;0.0;2;Moto/Ciclomotor,Automóvil;Calle 16 Y Calle 29;4;3;0;1;0;0;Calle;LAS TOSCAS;Constitución;Asfalto;S/D;XI;Dentro;Urbana;Otra Señal;S/D;Intersección;S/D;S/D;Nocturna;S/D;Múltiple;S/D;Colisión;S/D;S/D
9327;2021;20/11/2021;Sabado;11:30:00;;0.0;2;Moto/Ciclomotor,Automóvil;Calle 32 - Amenábar Y Calle 13-Iturraspe;3;2;0;1;0;0;Calle;RECONQUISTA;Constitución;Asfalto;S/D;XI;Dentro;Urbana;Otra Señal;S/D;Intersección;S/D;S/D;Diurna;S/D;Múltiple;S/D;Colisión;S/D;S/D
9328;2021;20/11/2021;Sabado;00:20:00;Ruta Secundaria 97-s;0.0;2;Moto/Ciclomotor,Automóvil;Calle s/n ;2;1;0;1;0;0;Ruta;LANTERI;Constitución;S/D;S/D;XI;Dentro;Urbana;Otra Señal;S/D;Intersección;S/D;S/D;Nocturna;S/D;Múltiple;S/D;Colisión;S/D;S/D
9329;2021;20/11/2021;Sabado;11:40:00;;0.0;2;Moto/Ciclomotor,Automóvil;Garay Y José de San Martin;2;1;0;1;0;0;Calle;CORONDA;Constitución;Asfalto;S/D;XV;Dentro;Urbana;Otra Señal;S/D;Intersección;S/D;S/D;Diurna;S/D;Múltiple;S/D;Colisión;S/D;S/D
9330;2021;20/11/2021;Sabado;;Ruta Nacional 11;0.0;1;Moto/Ciclomotor; ;3;3;0;0;0;0;Ruta;RECREO;Constitución;Asfalto;S/D;I;Dentro;Urbana;Otra Señal;No existe;Intersección;S/D;S/D;S/D;S/D;Múltiple;S/D;Colisión;S/D;S/D
9331;2021;20/11/2021;Sabado;;;0.0;2;Automóvil,Camión; ;3;2;0;1;0;0;S/D;ROLDÁN;Constitución;S/D;S/D;XVII;S/D;S/D;Otra Señal;S/D;Intersección;S/D;S/D;S/D;S/D;Múltiple;S/D;Colisión;S/D;S/D
9332;2021;20/11/2021;Sabado;;;0.0;2;Peatón,Automóvil; ;2;1;0;1;0;0;Camino Rural;CARMEN;Constitución;S/D;S/D;VIII;Dentro;Urbana;Otra Señal;No existe;Intersección;S/D;S/D;S/D;S/D;Múltiple;Peatón;Colisión;S/D;S/D
9333;2021;20/11/2021;Sabado;23:00:00;Autopista Nacional Rosario -Cordoba;325.0;1;Automóvil; ;1;1;0;0;0;0;Autopista;SAN JERÓNIMO SUR;Constitución;Asfalto;Pavimento;XVII;Dentro;Rural;Otra Señal;No existe;Intersección;S/D;S/D;Nocturna;S/D;Múltiple;S/D;Colisión;S/D;S/D
9334;2021;20/11/2021;Sabado;00:00:00;;0.0;1;Automóvil;Sánchez de Loria Y Mendoza;1;1;0;0;0;0;Calle;ROSARIO;Constitución;Asfalto;S/D;II;Dentro;Urbana;Otra Señal;S/D;Intersección;S/D;S/D;Nocturna;S/D;Múltiple;S/D;Colisión;S/D;S/D
9335;2021;20/11/2021;Sabado;13:00:00;;0.0;1;Bicicleta; ;1;1;0;0;0;0;Calle;ROSARIO;Constitución;S/D;S/D;II;Dentro;Urbana;Otra Señal;S/D;Intersección;S/D;S/D;Diurna;S/D;Múltiple;S/D;Colisión;S/D;S/D
9336;2021;20/11/2021;Sabado;13:00:00;;0.0;1;Moto/Ciclomotor;Suipacha Y E.Zeballos;1;1;0;0;0;0;Calle;ROSARIO;Constitución;Asfalto;S/D;II;Dentro;Urbana;Otra Señal;S/D;Intersección;S/D;S/D;Diurna;S/D;Múltiple;S/D;Colisión;S/D;S/D
9337;2021;20/11/2021;Sabado;;;0.0;1;Moto/Ciclomotor; ;1;1;0;0;0;0;S/D;ROSARIO;Constitución;Asfalto;S/D;II;S/D;S/D;Otra Señal;S/D;Intersección;S/D;S/D;S/D;S/D;Múltiple;S/D;Colisión;S/D;S/D
9338;2021;20/11/2021;Sabado;17:30:00;;0.0;1;Moto/Ciclomotor;Casiano Casas Y Uriarte;1;1;0;0;0;0;Calle;ROSARIO;Constitución;Asfalto;S/D;II;Dentro;Urbana;Otra Señal;S/D;Intersección;S/D;S/D;Diurna;S/D;Múltiple;S/D;Colisión;S/D;S/D
9339;2021;20/11/2021;Sabado;19:00:00;;0.0;1;Moto/Ciclomotor;24 De Setiembre Y Francia F;1;1;0;0;0;0;Calle;ROSARIO;Constitución;S/D;S/D;II;Dentro;Urbana;Otra Señal;S/D;Intersección;S/D;S/D;Diurna;S/D;Múltiple;S/D;Colisión;S/D;S/D
9340;2021;20/11/2021;Sabado;23:00:00;;0.0;1;Moto/Ciclomotor;Piedras Y Mariano Moreno;2;2;0;0;0;0;Calle;ROSARIO;Constitución;Asfalto;S/D;II;S/D;Urbana;Otra Señal;S/D;Intersección;S/D;S/D;Atardecer;S/D;Múltiple;S/D;Colisión;S/D;S/D
9341;2021;20/11/2021;Sabado;22:00:00;;0.0;2;Moto/Ciclomotor,Moto/Ciclomotor;Juan José Paso Y López y Planes;2;1;0;0;0;0;Calle;ESPERANZA;Constitución;Ripio;S/D;XI;Dentro;Urbana;Otra Señal;S/D;Intersección;Bueno;S/D;Nocturna;Buen Tiempo;Múltiple;S/D;Colisión;Ninguna;Vertical
9342;2021;20/11/2021;Sabado;;;0.0;2;Moto/Ciclomotor,Automóvil;Carriego Y Humberto I;3;0;0;2;0;0;Calle;ROSARIO;Constitución;Asfalto;No existe;II;Dentro;Urbana;Otra Señal;No existe;Intersección;Otro;S/D;Atardecer;Otro;Múltiple;S/D;Colisión;Otro;S/D
9343;2021;20/11/2021;Sabado;02:30:00;Ruta Nacional 11;0.0;2;Moto/Ciclomotor,Peatón; ;2;1;0;0;0;0;Ruta;MARCELINO ESCALADA;Constitución;Asfalto;Ripio;XVI;Dentro;Urbana;Otra Señal;Funciona;Intersección;Bueno;Buena;Nocturna;Buen Tiempo;Múltiple;S/D;Colisión;Ninguna;Horizontal
9344;2021;21/11/2021;Domingo;10:20:00;;0.0;2;Moto/Ciclomotor,Transporte de Pasajeros Urbano (> 8 asientos);Laprida Y Av. Battle y Ordoñez;2;0;0;1;1;0;Avenida;ROSARIO;Rosario;Asfalto;No existe;II;S/D;Urbana;Otra Señal;Funciona;Intersección;Bueno;Buena;Diurna;Buen Tiempo;Múltiple;S/D;Colisión;Ninguna;Vertical
9345;2021;21/11/2021;Domingo;11:45:00;;0.0;2;Moto/Ciclomotor,Pickup/Utilitario;Martin Fierro Y Falucho;3;0;0;0;1;2;Calle;CAPITÁN BERMÚDEZ;San Lorenzo;Asfalto;No existe;XVII;S/D;Urbana;Otra Señal;No existe;Intersección;Bueno;S/D;Diurna;S/D;Múltiple;S/D;Colisión;Ninguna;Faltante
9346;2021;21/11/2021;Domingo;22:15:00;;0.0;2;Moto/Ciclomotor,Pickup/Utilitario;6 de Caballería Y Carlos Silvestre Begnis;2;1;0;1;0;0;Calle;TOSTADO;Constitución;Asfalto;No existe;XII;Dentro;Urbana;Otra Señal;No existe;Intersección;Bueno;Buena;Nocturna;Buen Tiempo;Múltiple;S/D;Colisión;Ninguna;Horizontal
9347;2021;21/11/2021;Domingo;03:00:00;Ruta Nacional 178;0.0;2;Automóvil,Automóvil; ;4;1;0;3;0;0;Ruta;LAS PAREJAS;Constitución;Asfalto;No existe;III;S/D;Rural;Otra Señal;No existe;Intersección;Deteriorada;Reducida;Nocturna;Buen Tiempo;Múltiple;S/D;Colisión;Ninguna;Faltante
9348;2021;21/11/2021;Domingo;22:00:00;Ruta Provincial 1;0.5;2;Automóvil,Automóvil; ;7;5;0;2;0;0;Ruta;COLASTINE;Constitución;Asfalto;Pavimento;I;Dentro;Urbana;Otra Señal;Funciona;Intersección;Bueno;Reducida;Nocturna;Buen Tiempo;Múltiple;S/D;Colisión;Ninguna;Vertical
9349;2021;21/11/2021;Domingo;23:00:00;Ruta Nacional 11;0.0;2;Automóvil,Moto/Ciclomotor;Calle 12 - Mate Y Ruta Nac 11 Av. Gral. López;2;1;0;1;0;0;Ruta;SAUCE VIEJO;Constitución;Asfalto;Natural;I;Dentro;Urbana;Otra Señal;No existe;Intersección;Con baches;Reducida;Nocturna;S/D;Múltiple;S/D;Colisión;Ninguna;Faltante
9350;2021;21/11/2021;Domingo;02:00:00;;0.0;2;Automóvil,Moto/Ciclomotor;Av. A del Valle ;2;1;0;1;0;0;Avenida;SANTA FE;Constitución;Asfalto;Ripio;I;Dentro;Urbana;Otra Señal;No existe;Intersección;Otro;Reducida;Nocturna;Otro;Múltiple;S/D;Colisión;Otro;Faltante
9351;2021;21/11/2021;Domingo;17:00:00;;0.0;2;Moto/Ciclomotor,Automóvil;R Godoy Y Republica de Siria;2;1;0;1;0;0;Calle;SANTA FE;Constitución;Asfalto;No existe;I;S/D;Urbana;Otra Señal;No existe;Intersección;Bueno;S/D;Diurna;Buen Tiempo;Múltiple;S/D;Colisión;Ninguna;S/D
9352;2021;21/11/2021;Domingo;00:30:00;;0.0;2;Automóvil,Automóvil;Pje Calcena Y Av. Almte. Brown;3;2;0;1;0;0;Avenida;SANTA FE;Constitución;Asfalto;No existe;I;Dentro;Urbana;Otra Señal;No existe;Intersección;Bueno;Buena;Nocturna;Buen Tiempo;Múltiple;S/D;Colisión;Ninguna;S/D
9353;2021;21/11/2021;Domingo;09:05:00;;0.0;2;Automóvil,Automóvil;Domingo Silva 2692;2;1;0;1;0;0;Calle;SANTA FE;Constitución;Asfalto;No existe;I;Dentro;Urbana;Otra Señal;No existe;Intersección;S/D;Buena;Diurna;Buen Tiempo;Múltiple;S/D;Colisión;Ninguna;Vertical
9354;2021;21/11/2021;Domingo;23:00:00;;0.0;2;Bicicleta,Automóvil;Italia Y Av. Arijon;2;1;0;1;0;0;Calle;ROSARIO;Constitución;Asfalto;No existe;II;Dentro;Urbana;Otra Señal;Funciona;Intersección;Otro;Buena;Nocturna;Buen Tiempo;Múltiple;Ciclista;Colisión;Ninguna;Faltante
9355;2021;21/11/2021;Domingo;23:00:00;;0.0;2;Bicicleta,Otros;Magallanes Y Av. Filipini;2;1;0;1;0;0;Avenida;VILLA GOBERNADOR GÁLVEZ;Constitución;Asfalto;Pavimento;II;Dentro;Urbana;Otra Señal;No existe;Intersección;Deteriorada;Reducida;Nocturna;S/D;Múltiple;Ciclista;Colisión;S/D;S/D
9356;2021;21/11/2021;Domingo;06:40:00;;0.0;2;Moto/Ciclomotor,Moto/Ciclomotor;Fraga Y 24 De Setiembre;3;2;0;1;0;0;Calle;ROSARIO;Constitución;Asfalto;No existe;II;Dentro;Urbana;Otra Señal;No existe;Intersección;Bueno;Buena;Amanecer;Otro;Múltiple;S/D;Colisión;Otro;Faltante
9357;2021;21/11/2021;Domingo;18:00:00;;0.0;2;Pickup/Utilitario,Bicicleta;Buenos Aires Y Candelaria;2;1;0;1;0;0;Calle;FUNES;Constitución;Asfalto;No existe;II;Dentro;Urbana;Otra Señal;No existe;Intersección;Bueno;Buena;Diurna;Buen Tiempo;Múltiple;S/D;Colisión;Ninguna;S/D
9358;2021;21/11/2021;Domingo;;;0.0;2;Moto/Ciclomotor,Transporte de Pasajeros (H/ 8 asientos);Castellanos Y Rioja;2;1;0;1;0;0;Calle;ROSARIO;Constitución;Asfalto;S/D;II;Dentro;Urbana;Otra Señal;S/D;Intersección;S/D;S/D;S/D;S/D;Múltiple;S/D;Colisión;S/D;S/D
9359;2021;21/11/2021;Domingo;19:30:00;Ruta Nacional 34;0.0;1;Moto/Ciclomotor;Polledo ;1;1;0;0;0;0;Ruta;ROSARIO;Constitución;Asfalto;Pavimento;II;Dentro;Urbana;Otra Señal;Intermitente;Intersección;Bueno;Buena;Diurna;Buen Tiempo;Múltiple;S/D;Colisión;Ninguna;Faltante
9360;2021;21/11/2021;Domingo;07:30:00;Ruta Nacional 11;0.0;1;Moto/Ciclomotor;Av. San Martin Y San Luis;2;1;0;1;0;0;Ruta;SAN LORENZO;Constitución;Asfalto;S/D;XVII;Dentro;Urbana;Otra Señal;S/D;Intersección;S/D;S/D;Diurna;S/D;Múltiple;S/D;Colisión;S/D;S/D
9361;2021;21/11/2021;Domingo;13:45:00;;0.0;2;Moto/Ciclomotor,Automóvil;Mariano Moreno Y Guillermo Brown;2;1;0;1;0;0;Calle;VENADO TUERTO;Constitución;Asfalto;S/D;VIII;Dentro;Urbana;Otra Señal;S/D;Intersección;S/D;S/D;Diurna;S/D;Múltiple;S/D;Colisión;S/D;S/D
9362;2021;21/11/2021;Domingo;23:00:00;;0.0;1;Moto/Ciclomotor;P José T Maxwell 1300;1;1;0;0;0;0;Calle;VENADO TUERTO;Constitución;Asfalto;S/D;VIII;Dentro;Urbana;Otra Señal;S/D;Intersección;S/D;S/D;Nocturna;S/D;Múltiple;S/D;Colisión;S/D;S/D
9363;2021;21/11/2021;Domingo;23:24:00;;0.0;2;Moto/Ciclomotor,Automóvil;Chile Y Leandro N Alem;2;1;0;1;0;0;Calle;VENADO TUERTO;Constitución;Asfalto;S/D;VIII;Dentro;Urbana;Otra Señal;S/D;Intersección;S/D;S/D;Nocturna;S/D;Múltiple;S/D;Colisión;S/D;S/D
9364;2021;21/11/2021;Domingo;17:40:00;;0.0;1;Automóvil; ;2;2;0;0;0;0;Camino Rural;MARIA JUANA;Constitución;Asfalto;S/D;V;Dentro;Rural;Otra Señal;S/D;Intersección;S/D;S/D;Diurna;S/D;Múltiple;S/D;Colisión;S/D;S/D
9365;2021;21/11/2021;Domingo;;;0.0;2;Moto/Ciclomotor,Automóvil;25 de mayo Y Gálvez;2;1;0;1;0;0;Calle;SAN VICENTE.;Constitución;S/D;S/D;V;Dentro;Urbana;Otra Señal;S/D;Intersección;S/D;S/D;S/D;S/D;Múltiple;S/D;Colisión;S/D;S/D
9366;2021;21/11/2021;Domingo;;;0.0;2;Moto/Ciclomotor,Moto/Ciclomotor;San Martin ;3;3;0;0;0;0;Calle;ATALIVA;Constitución;S/D;S/D;V;Dentro;Urbana;Otra Señal;S/D;Intersección;S/D;S/D;S/D;S/D;Múltiple;S/D;Colisión;S/D;S/D