ID_Accidente;A�o;Fecha;Dia;Hopra;Ruta/Autop;km;Participantes;Tipo;Lugar;Total;Heridos Leves;Heridos Graves;Ilesos;Fallecidos;Sin datos;desc_tipo_via;desc_loc;desc_dpto;|;desc_tipo_banquina;desc_unidad_regional;desc_lugar_calzada;desc_zona;desc_prioridad;desc_estado_semaforo;desc_lugar_via;desc_estado_via;desc_estado_visibilidad;desc_luminosidad;desc_estado_clima;desc_tipo_colision;desc_tipo_atropello;desc_tipo_hecho;desc_pres_calzada;desc_senializacion
9367;2021;21/11/2021;Domingo;;;0.0;2;Moto/Ciclomotor,Pickup/Utilitario;Vicente López y Planes Y Carrero Podio;2;1;0;1;0;0;Calle;RAFAELA;Constitución;S/D;S/D;V;Dentro;Urbana;Otra Señal;S/D;Intersección;S/D;S/D;Diurna;S/D;Múltiple;S/D;Colisión;S/D;S/D
9368;2021;21/11/2021;Domingo;04:40:00;;0.0;1;Moto/Ciclomotor;Bv. Rondeau 4300;1;1;0;0;0;0;Avenida;ROSARIO;Constitución;Asfalto;S/D;II;Dentro;Urbana;Otra Señal;S/D;Intersección;S/D;S/D;Nocturna;S/D;Múltiple;S/D;Colisión;S/D;S/D
9369;2021;21/11/2021;Domingo;;;0.0;1;Automóvil;Calle 13 ;1;1;0;0;0;0;Calle;TACUARENDÍ;Constitución;Asfalto;S/D;IX;Dentro;Urbana;Otra Señal;S/D;Intersección;S/D;S/D;S/D;S/D;Múltiple;S/D;Colisión;S/D;S/D
9370;2021;21/11/2021;Domingo;04:20:00;;0.0;2;Moto/Ciclomotor,Moto/Ciclomotor;Calle 30-Lucas Funes Y Calle 5-Colon;2;2;0;0;0;0;Calle;RECONQUISTA;Constitución;Asfalto;No existe;IX;Dentro;Urbana;Otra Señal;No existe;Intersección;Bueno;Buena;Amanecer;Buen Tiempo;Múltiple;S/D;Colisión;Ninguna;Vertical
9371;2021;21/11/2021;Domingo;;;0.0;1;Moto/Ciclomotor; ;1;0;0;0;1;0;S/D;SANTA FE;Constitución;S/D;S/D;I;S/D;S/D;Otra Señal;S/D;Intersección;S/D;S/D;S/D;S/D;Múltiple;S/D;Colisión;S/D;S/D
9372;2021;21/11/2021;Domingo;00:40:00;;0.0;2;Automóvil,Moto/Ciclomotor;Boulevard Villada 4300;2;1;0;1;0;0;Avenida;CASILDA;Constitución;Asfalto;S/D;IV;Dentro;Urbana;Otra Señal;S/D;Intersección;S/D;S/D;Nocturna;S/D;Múltiple;S/D;Colisión;S/D;S/D
9373;2021;21/11/2021;Domingo;01:00:00;;0.0;1;Moto/Ciclomotor;Bv. 27 De Febrero Y Av. Circunvalación;1;1;0;0;0;0;Calle;ROSARIO;Constitución;Asfalto;S/D;II;Dentro;Urbana;Otra Señal;S/D;Intersección;S/D;S/D;Nocturna;S/D;Múltiple;S/D;Colisión;S/D;S/D
9374;2021;21/11/2021;Domingo;;;0.0;1;Moto/Ciclomotor; ;1;1;0;0;0;0;Calle;ROSARIO;Constitución;S/D;S/D;II;Dentro;Urbana;Otra Señal;S/D;Intersección;S/D;S/D;S/D;S/D;Múltiple;S/D;Colisión;S/D;S/D
9375;2021;21/11/2021;Domingo;07:00:00;;0.0;2;Peatón,Otros;9 De Julio Y Suipacha;2;1;0;0;0;1;Calle;ROSARIO;Constitución;Asfalto;S/D;II;Dentro;Urbana;Otra Señal;S/D;Intersección;S/D;S/D;Diurna;S/D;Múltiple;Peatón;Colisión;S/D;S/D
9376;2021;21/11/2021;Domingo;11:00:00;;0.0;1;Transporte de Pasajeros; ;1;1;0;0;0;0;S/D;ROSARIO;Constitución;S/D;S/D;I;S/D;S/D;Otra Señal;S/D;Intersección;S/D;S/D;Diurna;S/D;Múltiple;S/D;Colisión;S/D;S/D
9377;2021;21/11/2021;Domingo;;;0.0;1;Moto/Ciclomotor; ;1;1;0;0;0;0;S/D;ROSARIO;Constitución;S/D;S/D;II;S/D;S/D;Otra Señal;S/D;Intersección;S/D;S/D;S/D;S/D;Múltiple;S/D;Colisión;S/D;S/D
9378;2021;21/11/2021;Domingo;17:00:00;;0.0;1;Moto/Ciclomotor;Buenos Aires Y Cabildo;1;1;0;0;0;0;Calle;ROSARIO;Constitución;Asfalto;S/D;II;Dentro;Urbana;Otra Señal;S/D;Intersección;S/D;S/D;Diurna;S/D;Múltiple;S/D;Colisión;S/D;S/D
9379;2021;21/11/2021;Domingo;16:55:00;;0.0;1;Bicicleta;San Nicolas Y Salta;1;1;0;0;0;0;Calle;ROSARIO;Constitución;Asfalto;S/D;II;Dentro;Urbana;Otra Señal;S/D;Intersección;S/D;S/D;Diurna;S/D;Múltiple;S/D;Colisión;S/D;S/D
9380;2021;21/11/2021;Domingo;19:30:00;;0.0;2;Peatón,Otros;Lamadrid 1400;2;1;0;0;0;1;Calle;ROSARIO;Constitución;S/D;S/D;II;Dentro;Urbana;Otra Señal;S/D;Intersección;S/D;S/D;Diurna;S/D;Múltiple;Peatón;Colisión;S/D;S/D
9381;2021;21/11/2021;Domingo;;;0.0;1;Moto/Ciclomotor; ;1;1;0;0;0;0;S/D;ROSARIO;Constitución;S/D;S/D;II;S/D;S/D;Otra Señal;S/D;Intersección;S/D;S/D;S/D;S/D;Múltiple;S/D;Colisión;S/D;S/D
9382;2021;21/11/2021;Domingo;19:30:00;;0.0;2;Moto/Ciclomotor,Moto/Ciclomotor;Bernardino Rivadavia Y Dr. Solitario Montoto;3;2;0;0;0;0;Calle;VILLA MINETTI;Constitución;Ripio;No existe;XII;Dentro;Urbana;Otra Señal;No existe;Intersección;Con baches;Buena;Atardecer;Buen Tiempo;Múltiple;S/D;Colisión;Ninguna;Faltante
9383;2021;21/11/2021;Domingo;06:10:00;Ruta Provincial 2;22.0;1;Bicicleta;Ruta pcial 2 Av. San Martin 22;1;0;0;0;0;0;Ruta;MONTE VERA;Constitución;Asfalto;Natural;I;Dentro;Rural;Otra Señal;No existe;Intersección;Bueno;Buena;Amanecer;Otro;Múltiple;Ciclista;Colisión;Ninguna;Faltante
9384;2021;21/11/2021;Domingo;11:40:00;;0.0;2;Moto/Ciclomotor,Automóvil;Falucho Y Martin Fierro;3;0;0;2;0;0;Calle;CAPITÁN BERMÚDEZ;Constitución;S/D;S/D;XVII;Dentro;Urbana;Otra Señal;S/D;Intersección;S/D;S/D;Diurna;S/D;Múltiple;S/D;Colisión;S/D;S/D
9385;2021;21/11/2021;Domingo;10:00:00;Ruta Nacional 34;123.0;1;Camión c / Acoplado; ;1;0;0;0;0;0;Ruta;CASAS;San MARTÍN;Asfalto;Natural;XVIII;Fuera;Urbana;Otra Señal;No existe;Intersección;Bueno;Buena;Diurna;Buen Tiempo;Múltiple;S/D;Colisión;Ninguna;S/D
9386;2021;21/11/2021;Domingo;;;0.0;2;Moto/Ciclomotor,Automóvil;Avenida Belgrano Y Mitre Bartolomé;2;0;0;1;0;0;Calle;SUNCHALES;Castellanos;Asfalto;S/D;V;Dentro;Urbana;Otra Señal;S/D;Intersección;S/D;S/D;S/D;S/D;Múltiple;S/D;Colisión;S/D;S/D
9387;2021;21/11/2021;Domingo;;;0.0;1;Moto/Ciclomotor;Av. Leandro Alem ;1;0;0;0;0;0;Avenida;SANTA FE;La Capital;Asfalto;S/D;I;Dentro;Urbana;Otra Señal;S/D;Intersección;S/D;S/D;S/D;S/D;Múltiple;S/D;Colisión;S/D;S/D
9388;2021;21/11/2021;Domingo;05:00:00;;0.0;2;Tractor,Moto/Ciclomotor;Alberdi Y Bv San Martin;2;0;0;1;0;0;Calle;SAN CRISTÓBAL;San CRISTÓBAL;S/D;S/D;XIII;Dentro;Urbana;Otra Señal;S/D;Intersección;S/D;S/D;Amanecer;S/D;Múltiple;S/D;Colisión;S/D;S/D
9389;2021;22/11/2021;Lunes;12:00:00;;0.0;2;Moto/Ciclomotor,Moto/Ciclomotor;Gral. Enrique Mosconi Y Pres Domingo Faustino Sarmiento;2;1;0;1;0;0;Calle;SANTO TOMÉ;Constitución;Asfalto;No existe;I;Dentro;Urbana;Otra Señal;No existe;Intersección;Bueno;Buena;Diurna;Buen Tiempo;Múltiple;S/D;Colisión;Ninguna;Faltante
9390;2021;22/11/2021;Lunes;12:30:00;Ruta Nacional 11;0.0;2;Automóvil,Moto/Ciclomotor;José Uriburu Y Ruta Nac 11 Av. Gral. López;3;2;0;1;0;0;Ruta;SAUCE VIEJO;Constitución;Asfalto;Natural;I;Dentro;Urbana;Otra Señal;No existe;Intersección;Con baches;Buena;Diurna;Buen Tiempo;Múltiple;S/D;Colisión;Ninguna;Faltante
9391;2021;22/11/2021;Lunes;14:40:00;;0.0;2;Moto/Ciclomotor,Moto/Ciclomotor;Av. A del Valle Y Ricardo Aldao;5;4;0;1;0;0;Avenida;SANTA FE;Constitución;Asfalto;No existe;I;Dentro;Urbana;Otra Señal;No existe;Intersección;Bueno;Buena;Diurna;Buen Tiempo;Múltiple;S/D;Colisión;Ninguna;S/D
9392;2021;22/11/2021;Lunes;16:00:00;;0.0;2;Automóvil,Moto/Ciclomotor;Catamarca Y Santiago;2;1;0;1;0;0;Calle;ROSARIO;Constitución;Asfalto;S/D;II;Dentro;Urbana;Otra Señal;No existe;Intersección;Bueno;Buena;Diurna;Buen Tiempo;Múltiple;S/D;Colisión;Ninguna;Faltante
9393;2021;22/11/2021;Lunes;18:00:00;;0.0;2;Moto/Ciclomotor,Moto/Ciclomotor;Ricchieri Y Gálvez;4;2;0;2;0;0;Calle;ROSARIO;Constitución;Asfalto;No existe;II;Dentro;Urbana;Otra Señal;No existe;Intersección;Bueno;Buena;Atardecer;Buen Tiempo;Múltiple;S/D;Colisión;Ninguna;Faltante
9394;2021;22/11/2021;Lunes;04:40:00;;0.0;2;Taxi/Remis,Moto/Ciclomotor;L.N.Alem Y Biedma;3;2;0;1;0;0;Calle;ROSARIO;Constitución;Asfalto;No existe;II;Dentro;Urbana;Otra Señal;No existe;Intersección;Bueno;Buena;Nocturna;Buen Tiempo;Múltiple;S/D;Colisión;Ninguna;Faltante
9395;2021;22/11/2021;Lunes;14:30:00;;0.0;1;Bicicleta;ANGELONI 2020;1;1;0;0;0;0;Calle;SAN JUSTO;Constitución;Asfalto;No existe;XVI;Dentro;Urbana;Otra Señal;No existe;Intersección;Bueno;Buena;Diurna;Buen Tiempo;Múltiple;Ciclista;Colisión;Ninguna;Faltante
9396;2021;22/11/2021;Lunes;12:15:00;;0.0;2;Pickup/Utilitario,Moto/Ciclomotor;Santa Fe Y Gral. San Martin;3;2;0;1;0;0;Calle;PIAMONTE;Constitución;Ripio;Natural;XVIII;Dentro;Urbana;Otra Señal;No existe;Intersección;Bueno;Buena;Diurna;Buen Tiempo;Múltiple;S/D;Colisión;Ninguna;Vertical
9397;2021;22/11/2021;Lunes;07:15:00;Autopista Nacional Rosario -Cordoba;319.0;1;Automóvil; ;4;3;0;1;0;0;Autopista;ROLDÁN;Constitución;Asfalto;Natural;XVII;Dentro;Rural;Otra Señal;S/D;Intersección;Bueno;S/D;Diurna;S/D;Múltiple;S/D;Colisión;S/D;S/D
9398;2021;22/11/2021;Lunes;23:00:00;Autopista Provincial Brigadier E.LÓPEZ;0.0;1;Automóvil; ;3;2;0;1;0;0;Autopista;CAPITÁN BERMÚDEZ;Constitución;Asfalto;Pavimento;XVII;Dentro;Rural;Otra Señal;No existe;Intersección;S/D;S/D;Nocturna;S/D;Múltiple;S/D;Colisión;S/D;S/D
9399;2021;22/11/2021;Lunes;22:40:00;;0.0;2;Automóvil,Moto/Ciclomotor;Juan M De Rosas ;6;1;0;5;0;0;Calle;SAN LORENZO;Constitución;Asfalto;S/D;XVII;Dentro;Urbana;Otra Señal;S/D;Intersección;S/D;S/D;Nocturna;S/D;Múltiple;S/D;Colisión;S/D;S/D
9400;2021;22/11/2021;Lunes;09:05:00;;0.0;1;Automóvil;Falucho Y E Eterovich;1;1;0;0;0;0;Calle;VENADO TUERTO;Constitución;S/D;S/D;VIII;Dentro;Urbana;Otra Señal;S/D;Intersección;S/D;S/D;Nocturna;S/D;Múltiple;S/D;Colisión;S/D;S/D
9401;2021;22/11/2021;Lunes;06:00:00;Ruta Provincial 32;0.0;1;Automóvil; ;2;2;0;0;0;0;Ruta;VILLA OCAMPO;Constitución;Asfalto;S/D;IX;Dentro;Rural;Otra Señal;S/D;Intersección;S/D;S/D;Amanecer;S/D;Múltiple;S/D;Colisión;S/D;S/D
9402;2021;22/11/2021;Lunes;20:15:00;Ruta Nacional 11;0.0;2;Automóvil,Automóvil; ;5;2;0;3;0;0;Ruta;SAUCE VIEJO;Constitución;Asfalto;S/D;I;Dentro;Rural;Otra Señal;S/D;Intersección;S/D;S/D;Nocturna;S/D;Múltiple;S/D;Colisión;S/D;S/D
9403;2021;22/11/2021;Lunes;;;0.0;1;Moto/Ciclomotor; ;3;1;0;2;0;0;Camino Rural;LAS PAREJAS;Constitución;Tierra;S/D;III;Dentro;Rural;Otra Señal;No existe;Intersección;S/D;S/D;S/D;S/D;Múltiple;S/D;Colisión;S/D;S/D
9404;2021;22/11/2021;Lunes;20:15:00;;0.0;2;Moto/Ciclomotor,Moto/Ciclomotor;Quiroga Y Av. Fray Luis Beltrán;3;2;0;1;0;0;Avenida;FRAY LUIS BELTRÁN;Constitución;Asfalto;S/D;XVII;Dentro;Urbana;Otra Señal;S/D;Intersección;S/D;S/D;Nocturna;S/D;Múltiple;S/D;Colisión;S/D;S/D
9405;2021;22/11/2021;Lunes;;;0.0;1;Moto/Ciclomotor; ;1;1;0;0;0;0;S/D;ROSARIO;Constitución;S/D;S/D;II;S/D;S/D;Otra Señal;S/D;Intersección;S/D;S/D;S/D;S/D;Múltiple;S/D;Colisión;S/D;S/D
9406;2021;22/11/2021;Lunes;;;0.0;1;Automóvil; ;1;1;0;0;0;0;S/D;ROSARIO;Constitución;S/D;S/D;II;S/D;S/D;Otra Señal;S/D;Intersección;S/D;S/D;S/D;S/D;Múltiple;S/D;Colisión;S/D;S/D
9407;2021;22/11/2021;Lunes;23:00:00;;0.0;1;Moto/Ciclomotor; ;1;1;0;0;0;0;S/D;ROSARIO;Constitución;Asfalto;S/D;II;S/D;S/D;Otra Señal;S/D;Intersección;S/D;S/D;Nocturna;S/D;Múltiple;S/D;Colisión;S/D;S/D
9408;2021;22/11/2021;Lunes;07:00:00;Autopista Nacional Rosario -Cordoba;0.0;1;Automóvil; ;1;1;0;0;0;0;Autopista;ROSARIO;Constitución;Asfalto;Pavimento;I;Dentro;Rural;Otra Señal;No existe;Intersección;S/D;S/D;Diurna;S/D;Múltiple;S/D;Colisión;S/D;S/D
9409;2021;22/11/2021;Lunes;08:10:00;;0.0;1;Moto/Ciclomotor;Alsina Y E.Zeballos;2;2;0;0;0;0;Calle;ROSARIO;Constitución;Asfalto;S/D;II;Dentro;Urbana;Otra Señal;S/D;Intersección;S/D;S/D;Diurna;S/D;Múltiple;S/D;Colisión;S/D;S/D
9410;2021;22/11/2021;Lunes;06:00:00;;0.0;1;Moto/Ciclomotor;Pasco Y Matienzo;1;1;0;0;0;0;Calle;ROSARIO;Constitución;S/D;S/D;II;Dentro;Urbana;Otra Señal;S/D;Intersección;S/D;S/D;Amanecer;S/D;Múltiple;S/D;Colisión;S/D;S/D
9411;2021;22/11/2021;Lunes;16:00:00;;0.0;2;Peatón,Otros;Florida ;2;1;0;0;0;1;Calle;ROSARIO;Constitución;S/D;S/D;II;Dentro;Urbana;Otra Señal;S/D;Intersección;S/D;S/D;Diurna;S/D;Múltiple;Peatón;Colisión;S/D;S/D
9412;2021;22/11/2021;Lunes;21:40:00;;0.0;1;Moto/Ciclomotor;Francia F Y Av. Argentina;1;1;0;0;0;0;Avenida;ROSARIO;Constitución;S/D;S/D;II;Dentro;Urbana;Otra Señal;S/D;Intersección;S/D;S/D;Diurna;S/D;Múltiple;S/D;Colisión;S/D;S/D
9413;2021;22/11/2021;Lunes;22:25:00;;0.0;2;Automóvil,Moto/Ciclomotor;Bv. Rondeau Y Baigorria;2;0;0;1;0;0;Avenida;ROSARIO;Constitución;Asfalto;Pavimento;II;Dentro;Urbana;Otra Señal;Funciona;Intersección;Bueno;Buena;Nocturna;Buen Tiempo;Múltiple;S/D;Colisión;Ninguna;Horizontal
9414;2021;22/11/2021;Lunes;21:10:00;;0.0;1;Moto/Ciclomotor;San Martin Y Iriondo;1;0;0;0;0;0;Avenida;ROSARIO;Constitución;Hormigón;No existe;II;Dentro;Urbana;Otra Señal;No existe;Intersección;Bueno;Buena;Nocturna;Buen Tiempo;Múltiple;S/D;Colisión;Ninguna;Faltante
9415;2021;22/11/2021;Lunes;05:00:00;;0.0;5;Pickup/Utilitario,Peatón,Peatón,Peatón,Peatón; ;5;3;0;1;0;0;Calle;SANTO TOMÉ;La Capital;S/D;S/D;I;Dentro;Urbana;Otra Señal;S/D;Intersección;S/D;S/D;Nocturna;S/D;Múltiple;Peatón;Colisión;S/D;S/D
9416;2021;22/11/2021;Lunes;20:00:00;Ruta Nacional 11;427.0;2;Moto/Ciclomotor,Pickup/Utilitario; ;3;1;0;1;0;0;Ruta;CORONDA;San JERÓNIMO;Asfalto;S/D;XV;Dentro;Urbana;Otra Señal;S/D;Intersección;S/D;S/D;Nocturna;S/D;Múltiple;S/D;Colisión;S/D;S/D
9417;2021;23/11/2021;Martes;12:45:00;Ruta Provincial 4;24.0;1;Automóvil; ;1;1;0;0;0;0;Ruta;CULULÚ;Constitución;Asfalto;Natural;XI;Fuera;Rural;Otra Señal;No existe;Intersección;Bueno;Buena;Diurna;Buen Tiempo;Múltiple;S/D;Colisión;Ninguna;Horizontal
9418;2021;23/11/2021;Martes;;Ruta Nacional 11;0.0;2;Moto/Ciclomotor,Automóvil;Av. Blas Parera Y Reg. 12 de Infantería;2;1;0;1;0;0;Ruta;SANTA FE;Constitución;Asfalto;Pavimento;I;Dentro;Urbana;Otra Señal;S/D;Intersección;Bueno;Buena;S/D;Otro;Múltiple;S/D;Colisión;Ninguna;Faltante
9419;2021;23/11/2021;Martes;09:30:00;;0.0;2;Automóvil,Moto/Ciclomotor;Pavón 2400;2;1;0;1;0;0;Calle;SANTA FE;Constitución;Asfalto;S/D;I;Dentro;Urbana;Otra Señal;S/D;Intersección;Otro;S/D;Diurna;Otro;Múltiple;Ciclista;Colisión;Agua;Faltante
9420;2021;23/11/2021;Martes;20:30:00;;0.0;2;Moto/Ciclomotor,Otros;Tacuarí Y Hernandarias;2;1;0;1;0;0;Calle;SANTA FE;Constitución;Asfalto;No existe;I;Dentro;Urbana;Otra Señal;No existe;Intersección;Otro;Reducida;Diurna;Otro;Múltiple;S/D;Colisión;Otro;Faltante
9421;2021;23/11/2021;Martes;22:35:00;;0.0;2;Moto/Ciclomotor,Pickup/Utilitario;Alvear 5600;2;1;0;1;0;0;Calle;SANTA FE;Constitución;Asfalto;No existe;I;Dentro;Urbana;Otra Señal;No existe;Intersección;Bueno;S/D;Diurna;Buen Tiempo;Múltiple;S/D;Colisión;Ninguna;S/D
9422;2021;23/11/2021;Martes;06:20:00;;0.0;2;Peatón,Automóvil;Av. López y Planes Y Perú;3;2;0;1;0;0;Calle;SANTA FE;Constitución;Asfalto;No existe;I;Dentro;Urbana;Otra Señal;Funciona;Intersección;Bueno;Buena;Diurna;Buen Tiempo;Múltiple;Peatón;Colisión;Ninguna;Vertical
9423;2021;23/11/2021;Martes;12:15:00;;0.0;2;Automóvil,Moto/Ciclomotor;Av. Leandro Alem Y Candioti;3;2;0;1;0;0;Avenida;SANTA FE;Constitución;Asfalto;No existe;I;Dentro;Urbana;Otra Señal;S/D;Intersección;Bueno;Buena;Diurna;Buen Tiempo;Múltiple;S/D;Colisión;Ninguna;S/D
9424;2021;23/11/2021;Martes;08:45:00;;0.0;2;Automóvil,Moto/Ciclomotor;Balcarce Y Candioti;3;1;0;2;0;0;Calle;SANTA FE;Constitución;Asfalto;No existe;I;Dentro;Urbana;Otra Señal;S/D;Intersección;Bueno;Buena;Diurna;Buen Tiempo;Múltiple;S/D;Colisión;Ninguna;S/D
9425;2021;23/11/2021;Martes;19:55:00;;0.0;2;Peatón,Pickup/Utilitario;Av. Leandro Alem Y Belgrano;2;1;0;1;0;0;Avenida;SANTA FE;Constitución;Asfalto;Pavimento;I;Dentro;Urbana;Otra Señal;Funciona;Intersección;Bueno;Buena;Diurna;Buen Tiempo;Múltiple;Peatón;Colisión;Ninguna;Faltante
9426;2021;23/11/2021;Martes;20:15:00;;0.0;2;Automóvil,Pickup/Utilitario;Av. 27 de Febrero Y Juan de Garay;2;1;0;1;0;0;Avenida;SANTA FE;Constitución;Asfalto;Pavimento;I;Dentro;Urbana;Otra Señal;Funciona;Intersección;Bueno;Buena;Nocturna,Con luz artificial;Buen Tiempo;Múltiple;S/D;Colisión;Ninguna;Faltante
9427;2021;23/11/2021;Martes;18:45:00;;0.0;2;Automóvil,Bicicleta;Ituzaingó Y Cafferata;2;1;0;1;0;0;Calle;ROSARIO;Constitución;Asfalto;S/D;II;Dentro;Urbana;Otra Señal;S/D;Intersección;Bueno;Buena;Diurna;Buen Tiempo;Múltiple;Ciclista;Colisión;Ninguna;S/D
9428;2021;23/11/2021;Martes;17:50:00;;0.0;2;Moto/Ciclomotor,Automóvil;Arévalo Y Perú;2;1;0;1;0;0;Calle;ROSARIO;Constitución;Asfalto;No existe;II;Dentro;Urbana;Otra Señal;No existe;Intersección;Otro;Buena;Atardecer;Otro;Múltiple;S/D;Colisión;Otro;Faltante
9429;2021;23/11/2021;Martes;17:50:00;;0.0;2;Pickup/Utilitario,Moto/Ciclomotor;San Juan Y Mariano Moreno;2;1;0;1;0;0;Calle;ROSARIO;Constitución;Asfalto;No existe;II;Dentro;Urbana;Otra Señal;No existe;Intersección;Bueno;Buena;Diurna;Buen Tiempo;Múltiple;S/D;Colisión;Ninguna;Faltante
9430;2021;23/11/2021;Martes;19:30:00;;0.0;2;Automóvil,Moto/Ciclomotor;Av. Arijon Y Av. Bermúdez;2;1;0;1;0;0;Avenida;ROSARIO;Constitución;Asfalto;No existe;II;Dentro;Urbana;Otra Señal;No existe;Intersección;Bueno;Buena;Diurna;Buen Tiempo;Múltiple;S/D;Colisión;Ninguna;Vertical
9431;2021;23/11/2021;Martes;20:15:00;;0.0;1;Bicicleta;B de Tucumán ;1;1;0;0;0;0;Calle;SAN JUSTO;Constitución;Asfalto;Pavimento;XVI;Dentro;Urbana;Otra Señal;No existe;Intersección;Bueno;Buena;Nocturna;Buen Tiempo;Múltiple;Ciclista;Colisión;Ninguna;S/D
9432;2021;23/11/2021;Martes;08:05:00;;0.0;2;Moto/Ciclomotor,Automóvil;Irigoyen Y Suiza;2;1;0;1;0;0;Calle;SAN LORENZO;Constitución;Asfalto;S/D;XVII;Dentro;Urbana;Otra Señal;S/D;Intersección;S/D;S/D;Diurna;S/D;Múltiple;S/D;Colisión;S/D;S/D
9433;2021;23/11/2021;Martes;11:20:00;;0.0;1;Automóvil; ;1;1;0;0;0;0;Calle;PUERTO SAN MARTÍN;Constitución;Asfalto;No existe;XVII;Dentro;Urbana;Otra Señal;No existe;Intersección;Con baches;Buena;Diurna;Buen Tiempo;Múltiple;S/D;Colisión;Ninguna;Faltante
9434;2021;23/11/2021;Martes;08:00:00;;0.0;2;Automóvil,Moto/Ciclomotor;Rivadavia Y Junín;4;2;0;2;0;0;Calle;PUERTO SAN MARTÍN;Constitución;Asfalto;No existe;XVII;Dentro;Urbana;Otra Señal;No existe;Intersección;Bueno;Buena;Diurna;Buen Tiempo;Múltiple;S/D;Colisión;Ninguna;Faltante
9435;2021;23/11/2021;Martes;05:50:00;;0.0;1;Moto/Ciclomotor;J M Rosas ;1;1;0;0;0;0;Calle;CAPITÁN BERMÚDEZ;Constitución;S/D;S/D;XVII;Dentro;Urbana;Otra Señal;S/D;Intersección;S/D;S/D;Nocturna;S/D;Múltiple;S/D;Colisión;S/D;S/D
9436;2021;23/11/2021;Martes;12:50:00;;0.0;2;Moto/Ciclomotor,Automóvil;Calle 44-27 de Abril Y Pje 23-25-Antartida Argentina;3;1;0;2;0;0;Calle;RECONQUISTA;Constitución;S/D;S/D;IX;Dentro;Urbana;Otra Señal;S/D;Intersección;S/D;S/D;Diurna;S/D;Múltiple;S/D;Colisión;S/D;S/D
9437;2021;23/11/2021;Martes;11:40:00;;0.0;2;Automóvil,Moto/Ciclomotor;Caparros R Y Juan B Justo;2;1;0;1;0;0;Calle;VENADO TUERTO;Constitución;S/D;S/D;VIII;Dentro;Urbana;Otra Señal;Intermitente;Intersección;S/D;S/D;Diurna;S/D;Múltiple;S/D;Colisión;S/D;S/D
9438;2021;23/11/2021;Martes;20:15:00;Ruta Nacional A009;1.0;2;Moto/Ciclomotor,Moto/Ciclomotor; ;5;5;0;0;0;0;Ruta;RECONQUISTA;Constitución;S/D;S/D;IX;Dentro;Rural;Otra Señal;S/D;Intersección;S/D;S/D;Nocturna;S/D;Múltiple;S/D;Colisión;S/D;S/D
9439;2021;23/11/2021;Martes;11:50:00;Ruta Nacional 11;0.0;2;Moto/Ciclomotor,Pickup/Utilitario;Calle 29-Alte Brown Y Ruta Nacional 11;2;1;0;1;0;0;Ruta;RECONQUISTA;Constitución;Asfalto;No existe;IX;Dentro;Urbana;Otra Señal;S/D;Intersección;Bueno;Buena;Diurna;Buen Tiempo;Múltiple;S/D;Colisión;Ninguna;Horizontal,Vertical
9440;2021;23/11/2021;Martes;09:05:00;;0.0;1;Moto/Ciclomotor;De Angelis Bis Y Av. Génova;1;1;0;0;0;0;Avenida;ROSARIO;Constitución;Asfalto;S/D;II;Dentro;Urbana;Otra Señal;S/D;Intersección;S/D;S/D;Diurna;S/D;Múltiple;S/D;Colisión;S/D;S/D
9441;2021;23/11/2021;Martes;;;0.0;1;Moto/Ciclomotor; ;1;1;0;0;0;0;S/D;ROSARIO;Constitución;S/D;S/D;II;S/D;S/D;Otra Señal;S/D;Intersección;S/D;S/D;S/D;S/D;Múltiple;S/D;Colisión;S/D;S/D
9442;2021;23/11/2021;Martes;23:00:00;Ruta Nacional A007;0.0;1;Moto/Ciclomotor;Av. Circunvalación Y Bv. Oroño;1;1;0;0;0;0;Ruta;ROSARIO;Constitución;Asfalto;S/D;II;Dentro;Urbana;Otra Señal;S/D;Intersección;S/D;S/D;Diurna;S/D;Múltiple;S/D;Colisión;S/D;S/D
9443;2021;23/11/2021;Martes;;;0.0;1;Moto/Ciclomotor; ;1;1;0;0;0;0;S/D;ROSARIO;Constitución;S/D;S/D;II;S/D;S/D;Otra Señal;S/D;Intersección;S/D;S/D;S/D;S/D;Múltiple;S/D;Colisión;S/D;S/D
9444;2021;23/11/2021;Martes;18:30:00;;0.0;1;Moto/Ciclomotor;Santa Fe Y Virasoro;1;1;0;0;0;0;Calle;ROSARIO;Constitución;S/D;S/D;II;Dentro;Urbana;Otra Señal;S/D;Intersección;S/D;S/D;Diurna;S/D;Múltiple;S/D;Colisión;S/D;S/D
9445;2021;23/11/2021;Martes;;;0.0;1;Moto/Ciclomotor; ;1;1;0;0;0;0;S/D;ROSARIO;Constitución;S/D;S/D;II;S/D;S/D;Otra Señal;S/D;Intersección;S/D;S/D;S/D;S/D;Múltiple;S/D;Colisión;S/D;S/D
9446;2021;23/11/2021;Martes;19:30:00;;0.0;1;Moto/Ciclomotor;Centeno Y Virasoro;1;1;0;0;0;0;Calle;ROSARIO;Constitución;Asfalto;S/D;II;Dentro;Urbana;Otra Señal;S/D;Intersección;S/D;S/D;Atardecer;S/D;Múltiple;S/D;Colisión;S/D;S/D
9447;2021;23/11/2021;Martes;08:25:00;;0.0;2;Moto/Ciclomotor,Moto/Ciclomotor;Bv. 27 De Febrero Y Av. Provincias Unidas;2;1;0;0;0;0;Calle;ROSARIO;Constitución;Asfalto;S/D;II;Dentro;Urbana;Otra Señal;Funciona;Intersección;Bueno;S/D;Nocturna;Buen Tiempo;Múltiple;S/D;Colisión;Ninguna;S/D
9448;2021;23/11/2021;Martes;13:30:00;;0.0;1;Automóvil; ;1;0;0;0;0;0;Camino Rural;LOS CARDOS;San MARTÍN;Tierra;Natural;XVIII;Fuera;Rural;Otra Señal;No existe;Intersección;Bueno;Buena;Diurna;S/D;Múltiple;S/D;Colisión;Ninguna;Faltante