ID_Accidente;A�o;Fecha;Dia;Hopra;Ruta/Autop;km;Participantes;Tipo;Lugar;Total;Heridos Leves;Heridos Graves;Ilesos;Fallecidos;Sin datos;desc_tipo_via;desc_loc;desc_dpto;|;desc_tipo_banquina;desc_unidad_regional;desc_lugar_calzada;desc_zona;desc_prioridad;desc_estado_semaforo;desc_lugar_via;desc_estado_via;desc_estado_visibilidad;desc_luminosidad;desc_estado_clima;desc_tipo_colision;desc_tipo_atropello;desc_tipo_hecho;desc_pres_calzada;desc_senializacion
9449;2021;23/11/2021;Martes;;;0.0;4;Pickup/Utilitario,Moto/Ciclomotor,Moto/Ciclomotor,Peatón;Simón de Iriondo Y Pres Domingo Faustino Sarmiento;4;2;0;1;0;0;Calle;SANTO TOMÉ;La Capital;Asfalto;S/D;I;Dentro;Urbana;Otra Señal;S/D;Intersección;S/D;S/D;S/D;S/D;Múltiple;Peatón;Colisión;S/D;S/D
9450;2021;24/11/2021;Miercoles;02:15:00;Ruta Secundaria 80-s;7.0;1;Automóvil;Ruta Provincial 80 ;2;1;0;0;1;0;Ruta;LAGUNA PAIVA;La Capital;Tierra;No existe;I;Fuera;Rural;Otra Señal;No existe;Intersección;Otro;Reducida;Nocturna;Buen Tiempo;Múltiple;S/D;Colisión;Ninguna;Faltante
9451;2021;24/11/2021;Miercoles;01:40:00;Autopista Nacional Rosario -Cordoba;0.0;2;Camión c / Semirremolque,Camión c / Semirremolque; ;2;1;0;1;0;0;Autopista;ARMSTRONG;Constitución;Asfalto;Pavimento;III;Dentro;Rural;Otra Señal;No existe;Intersección;Bueno;Reducida;Nocturna;Buen Tiempo;Múltiple;S/D;Colisión;Ninguna;Faltante
9452;2021;24/11/2021;Miercoles;08:30:00;;0.0;2;Pickup/Utilitario,Moto/Ciclomotor; ;2;1;0;1;0;0;Calle;SANTA FE;Constitución;S/D;S/D;I;Dentro;Urbana;Otra Señal;S/D;Intersección;S/D;S/D;Diurna;Otro;Múltiple;S/D;Colisión;S/D;Faltante
9453;2021;24/11/2021;Miercoles;09:50:00;;0.0;2;Otros,Automóvil;Alvear Y Padre Genesio;2;1;0;1;0;0;Avenida;SANTA FE;Constitución;Asfalto;No existe;I;Dentro;Urbana;Otra Señal;No existe;Intersección;Otro;Reducida;Diurna;Otro;Múltiple;S/D;Colisión;Otro;Faltante
9454;2021;24/11/2021;Miercoles;10:00:00;;0.0;2;Moto/Ciclomotor,Automóvil;Independencia Y Dr. Zavalla;3;2;0;1;0;0;Calle;SANTA FE;Constitución;Asfalto;No existe;I;Dentro;Urbana;Otra Señal;No existe;Intersección;Bueno;Buena;Diurna;Buen Tiempo;Múltiple;S/D;Colisión;Ninguna;Faltante
9455;2021;24/11/2021;Miercoles;19:00:00;;0.0;2;Automóvil,Moto/Ciclomotor;Córdoba 850;2;1;0;1;0;0;Calle;EL TRÉBOL;Constitución;Asfalto;No existe;XVIII;Dentro;Urbana;Otra Señal;No existe;Intersección;S/D;Buena;Atardecer;Buen Tiempo;Múltiple;S/D;Colisión;S/D;Faltante
9456;2021;24/11/2021;Miercoles;22:50:00;;0.0;2;Moto/Ciclomotor,Automóvil;Mendoza Y Paraguay;2;1;0;1;0;0;Calle;ROSARIO;Constitución;Asfalto;No existe;II;Dentro;Urbana;Otra Señal;No existe;Intersección;Bueno;Buena;Nocturna,Con luz artificial;Buen Tiempo;Múltiple;S/D;Colisión;Ninguna;Faltante
9457;2021;24/11/2021;Miercoles;21:30:00;;0.0;2;Automóvil,Moto/Ciclomotor; ;2;1;0;1;0;0;Calle;ROSARIO;Constitución;Asfalto;No existe;II;Dentro;Urbana;Otra Señal;No existe;Intersección;Bueno;Buena;Nocturna,Con luz artificial;Buen Tiempo;Múltiple;S/D;Colisión;Ninguna;Faltante
9458;2021;24/11/2021;Miercoles;11:40:00;;0.0;2;Moto/Ciclomotor,Pickup/Utilitario;Av. Pellegrini Y España;2;1;0;1;0;0;Avenida;ROSARIO;Constitución;Asfalto;No existe;II;Dentro;Urbana;Otra Señal;No existe;Intersección;Bueno;Buena;Diurna;Buen Tiempo;Múltiple;S/D;Colisión;Ninguna;Faltante
9459;2021;24/11/2021;Miercoles;17:50:00;;0.0;2;Moto/Ciclomotor,Pickup/Utilitario;Bv. Rondeau ;3;1;0;2;0;0;Avenida;ROSARIO;Constitución;Asfalto;S/D;II;Dentro;Urbana;Otra Señal;S/D;Intersección;Bueno;S/D;Diurna;Buen Tiempo;Múltiple;S/D;Colisión;Ninguna;Horizontal
9460;2021;24/11/2021;Miercoles;15:20:00;;0.0;2;Automóvil,Moto/Ciclomotor;Balcarce Y Garibaldi;2;1;0;1;0;0;Calle;ROSARIO;Constitución;Asfalto;No existe;II;Dentro;Urbana;Otra Señal;No existe;Intersección;Bueno;Buena;Diurna;Buen Tiempo;Múltiple;S/D;Colisión;Ninguna;Faltante
9461;2021;24/11/2021;Miercoles;21:15:00;;0.0;2;Pickup/Utilitario,Moto/Ciclomotor;Rivadavia Y Moreno;2;1;0;1;0;0;Calle;CALCHAQUÍ;Constitución;Asfalto;S/D;XIX;Dentro;Urbana;Otra Señal;No existe;Intersección;S/D;S/D;Nocturna;Buen Tiempo;Múltiple;S/D;Colisión;S/D;S/D
9462;2021;24/11/2021;Miercoles;15:45:00;;0.0;2;Moto/Ciclomotor,Automóvil;Av. de los Trabaj. Ferroviario 1004;2;1;0;1;0;0;Avenida;SAN CRISTÓBAL;Constitución;Asfalto;Natural;XIII;Dentro;Urbana;Otra Señal;No existe;Intersección;Bueno;Buena;Diurna;Buen Tiempo;Múltiple;S/D;Colisión;Ninguna;Faltante
9463;2021;24/11/2021;Miercoles;09:05:00;;0.0;2;Automóvil,Moto/Ciclomotor;Av. Fray Luis Beltrán Y Quiroga;3;2;0;1;0;0;Avenida;FRAY LUIS BELTRÁN;Constitución;Asfalto;No existe;XVII;Dentro;Urbana;Otra Señal;No existe;Intersección;Bueno;Buena;Diurna;Otro;Múltiple;S/D;Colisión;Ninguna;Faltante
9464;2021;24/11/2021;Miercoles;12:15:00;;0.0;2;Moto/Ciclomotor,Automóvil;Alvear Y C Escalada;2;1;0;1;0;0;Calle;CAPITÁN BERMÚDEZ;Constitución;Asfalto;Pavimento;XVII;Dentro;Urbana;Otra Señal;S/D;Intersección;S/D;S/D;Diurna;S/D;Múltiple;S/D;Colisión;Ninguna;S/D
9465;2021;24/11/2021;Miercoles;;Autopista Provincial Brigadier E.LÓPEZ;68.0;1;Camión; ;1;1;0;0;0;0;Autopista;MONJE;Constitución;Asfalto;No existe;XV;Dentro;Rural;Otra Señal;No existe;Intersección;Bueno;Buena;Diurna;Buen Tiempo;Múltiple;S/D;Colisión;Ninguna;Horizontal,Vertical
9466;2021;24/11/2021;Miercoles;;;0.0;2;Pickup/Utilitario,Automóvil;Paraguay Y La Paz;2;2;0;0;0;0;Calle;ROSARIO;Constitución;Asfalto;S/D;II;Dentro;Urbana;Otra Señal;S/D;Intersección;S/D;S/D;S/D;S/D;Múltiple;S/D;Colisión;S/D;S/D
9467;2021;24/11/2021;Miercoles;;;0.0;2;Automóvil,Automóvil;Calle 21 Y Avenida Circunvalación;3;1;0;2;0;0;Avenida;AVELLANEDA;Constitución;S/D;S/D;IX;Dentro;Urbana;Otra Señal;S/D;Intersección;S/D;S/D;S/D;S/D;Múltiple;S/D;Colisión;S/D;S/D
9468;2021;24/11/2021;Miercoles;11:00:00;;0.0;2;Automóvil,Moto/Ciclomotor;España Y Boulevard Centenario;2;1;0;1;0;0;Calle;CAÑADA DE GÓMEZ;Constitución;S/D;S/D;X;Dentro;Urbana;Otra Señal;S/D;Intersección;S/D;S/D;Diurna;S/D;Múltiple;S/D;Colisión;S/D;S/D
9469;2021;24/11/2021;Miercoles;;;0.0;1;Moto/Ciclomotor;Av. Lisandro de la Torre ;1;1;0;0;0;0;Calle;SUNCHALES;Constitución;S/D;S/D;III;Dentro;Urbana;Otra Señal;S/D;Intersección;S/D;S/D;S/D;S/D;Múltiple;S/D;Colisión;S/D;S/D
9470;2021;24/11/2021;Miercoles;;;0.0;2;Automóvil,Automóvil;1ro de Mayo Y Tucumán;2;1;0;1;0;0;Calle;SANTA FE;Constitución;Asfalto;S/D;I;Dentro;Urbana;Otra Señal;S/D;Intersección;S/D;S/D;S/D;S/D;Múltiple;S/D;Colisión;S/D;S/D
9471;2021;24/11/2021;Miercoles;07:00:00;;0.0;2;Automóvil,Moto/Ciclomotor;Chacabuco ;2;1;0;1;0;0;Calle;CASILDA;Constitución;Asfalto;S/D;IV;Dentro;Urbana;Otra Señal;S/D;Intersección;S/D;S/D;Diurna;S/D;Múltiple;S/D;Colisión;S/D;S/D
9472;2021;24/11/2021;Miercoles;20:00:00;;0.0;1;Moto/Ciclomotor; ;1;1;0;0;0;0;Calle;ROSARIO;Constitución;Asfalto;S/D;II;Dentro;Urbana;Otra Señal;S/D;Intersección;S/D;S/D;Nocturna;S/D;Múltiple;S/D;Colisión;S/D;S/D
9473;2021;24/11/2021;Miercoles;12:00:00;;0.0;1;Moto/Ciclomotor;Mendoza Y Pje. Gallegos;1;1;0;0;0;0;Calle;ROSARIO;Constitución;Asfalto;S/D;II;Dentro;Urbana;Otra Señal;S/D;Intersección;S/D;S/D;Diurna;S/D;Múltiple;S/D;Colisión;S/D;S/D
9474;2021;24/11/2021;Miercoles;15:00:00;;0.0;1;Moto/Ciclomotor;Francia F Y Cerrito;1;1;0;0;0;0;Calle;ROSARIO;Constitución;Asfalto;S/D;II;Dentro;Urbana;Otra Señal;S/D;Intersección;S/D;S/D;Diurna;S/D;Múltiple;S/D;Colisión;S/D;S/D
9475;2021;24/11/2021;Miercoles;14:40:00;;0.0;1;Moto/Ciclomotor;Av. Pellegrini 2800;1;1;0;0;0;0;Avenida;ROSARIO;Constitución;Asfalto;S/D;II;Dentro;Urbana;Otra Señal;S/D;Intersección;S/D;S/D;Diurna;S/D;Múltiple;S/D;Colisión;S/D;S/D
9476;2021;24/11/2021;Miercoles;19:30:00;;0.0;1;Moto/Ciclomotor; ;1;1;0;0;0;0;S/D;ROSARIO;Constitución;S/D;S/D;II;S/D;S/D;Otra Señal;S/D;Intersección;S/D;S/D;Diurna;S/D;Múltiple;S/D;Colisión;S/D;S/D
9477;2021;24/11/2021;Miercoles;00:00:00;;0.0;1;Moto/Ciclomotor;Av. Avellaneda B Y Garibaldi;1;1;0;0;0;0;Calle;ROSARIO;Constitución;Asfalto;S/D;II;Dentro;Urbana;Otra Señal;S/D;Intersección;S/D;S/D;Nocturna;S/D;Múltiple;S/D;Colisión;S/D;S/D
9478;2021;24/11/2021;Miercoles;12:30:00;;0.0;1;Moto/Ciclomotor;Entre Ríos Y San Lorenzo;1;1;0;0;0;0;Calle;ROSARIO;Constitución;Asfalto;S/D;II;Dentro;Urbana;Otra Señal;S/D;Intersección;S/D;S/D;Diurna;S/D;Múltiple;S/D;Colisión;S/D;S/D
9479;2021;24/11/2021;Miercoles;08:45:00;Autopista Nacional A007;0.0;1;Moto/Ciclomotor;Rivarola Y Av. Circunvalación;1;1;0;0;0;0;Autopista;ROSARIO;Constitución;Asfalto;S/D;II;Dentro;Urbana;Otra Señal;S/D;Intersección;S/D;S/D;Diurna;S/D;Múltiple;S/D;Colisión;S/D;S/D
9480;2021;24/11/2021;Miercoles;18:00:00;Ruta Nacional 11;0.0;2;Automóvil,Moto/Ciclomotor;Sarmiento Y Ruta Nacional 11;3;0;0;2;0;0;Ruta;SAN JUSTO;Constitución;Asfalto;Ripio;XVI;Dentro;Urbana;Otra Señal;S/D;Intersección;Bueno;Buena;Atardecer;Buen Tiempo;Múltiple;S/D;Colisión;Ninguna;Vertical
9481;2021;24/11/2021;Miercoles;16:30:00;Ruta Nacional 9;0.0;2;Moto/Ciclomotor,Bicicleta;Sgto. J Cabral ;2;0;0;0;0;0;Ruta;ROLDÁN;San Lorenzo;S/D;S/D;XVII;S/D;Urbana;Otra Señal;S/D;Intersección;S/D;S/D;Diurna;S/D;S/D;S/D;Colisión;S/D;S/D
9482;2021;25/11/2021;Jueves;08:30:00;;0.0;2;Moto/Ciclomotor,Automóvil;Güemes Y Gobernador Crespo;2;1;0;1;0;0;Calle;ESPERANZA;Constitución;Asfalto;Pavimento;XI;Dentro;Urbana;Otra Señal;No existe;Intersección;Bueno;Buena;Diurna;Buen Tiempo;Múltiple;S/D;Colisión;Ninguna;S/D
9483;2021;25/11/2021;Jueves;10:10:00;;0.0;2;Moto/Ciclomotor,Pickup/Utilitario;Dalmacio Vélez Sarsfield 1268;2;1;0;1;0;0;Calle;SANTO TOMÉ;Constitución;Tierra;No existe;I;Dentro;Urbana;Otra Señal;No existe;Intersección;Deteriorada;Buena;Diurna;Buen Tiempo;Múltiple;S/D;Colisión;Ninguna;Faltante
9484;2021;25/11/2021;Jueves;23:15:00;Ruta Nacional 11;0.0;2;Moto/Ciclomotor,Automóvil;Ruta Nacional 11 Y Ruta Prov. 70;6;1;0;5;0;0;Ruta;RECREO;Constitución;Asfalto;Ripio;I;Dentro;Urbana;Otra Señal;No existe;Intersección;Bueno;Buena;Nocturna;Buen Tiempo;Múltiple;S/D;Colisión;Ninguna;Faltante
9485;2021;25/11/2021;Jueves;19:55:00;;0.0;2;Moto/Ciclomotor,Automóvil;Av. A del Valle Y Av. Galicia;2;1;0;1;0;0;Avenida;SANTA FE;Constitución;Asfalto;No existe;I;Dentro;Urbana;Otra Señal;No existe;Intersección;Otro;Buena;Nocturna;S/D;Múltiple;S/D;Colisión;Ninguna;S/D
9486;2021;25/11/2021;Jueves;19:20:00;;0.0;1;Moto/Ciclomotor;Av. A del Valle Y Ricardo Aldao;2;1;0;1;0;0;Avenida;SANTA FE;Constitución;Asfalto;No existe;I;Dentro;Urbana;Otra Señal;No existe;Intersección;Bueno;Buena;Atardecer;Buen Tiempo;Múltiple;S/D;Colisión;S/D;S/D
9487;2021;25/11/2021;Jueves;15:30:00;;0.0;2;Moto/Ciclomotor,Automóvil;Cochabamba Y Artigas;2;1;0;1;0;0;Calle;SANTA FE;Constitución;Asfalto;No existe;I;S/D;Urbana;Otra Señal;Funciona;Intersección;Bueno;Buena;Diurna;Buen Tiempo;Múltiple;S/D;Colisión;Ninguna;Vertical
9488;2021;25/11/2021;Jueves;14:40:00;;0.0;2;Automóvil,Automóvil;Eva Perón Y Las Heras;2;1;0;1;0;0;Calle;SANTA FE;Constitución;Asfalto;No existe;I;Dentro;Urbana;Otra Señal;No existe;Intersección;Bueno;S/D;Diurna;S/D;Múltiple;S/D;Colisión;S/D;S/D
9489;2021;25/11/2021;Jueves;13:30:00;;0.0;2;Automóvil,Automóvil;Ayacucho Y Av. Arijon;2;1;0;1;0;0;Avenida;ROSARIO;Constitución;Asfalto;No existe;II;Dentro;Urbana;Otra Señal;No existe;Intersección;Bueno;Buena;Diurna;Buen Tiempo;Múltiple;S/D;Colisión;Ninguna;Faltante
9490;2021;25/11/2021;Jueves;16:50:00;;0.0;2;Moto/Ciclomotor,Automóvil;Castellanos Y Santa Fe;3;1;0;2;0;0;Calle;ROSARIO;Constitución;Asfalto;No existe;II;Dentro;Urbana;Otra Señal;Funciona;Intersección;Bueno;Buena;Diurna;Buen Tiempo;Múltiple;S/D;Colisión;Ninguna;Vertical
9491;2021;25/11/2021;Jueves;10:10:00;;0.0;2;Moto/Ciclomotor,Automóvil;Pasco Y Pte. Roca;2;1;0;1;0;0;Calle;ROSARIO;Constitución;Asfalto;No existe;II;Dentro;Urbana;Otra Señal;No existe;Intersección;Bueno;Buena;Diurna;Buen Tiempo;Múltiple;S/D;Colisión;Ninguna;Faltante
9492;2021;25/11/2021;Jueves;11:50:00;;0.0;1;Automóvil;Bv. 27 De Febrero Y Bv. Oroño;2;1;0;1;0;0;Avenida;ROSARIO;Constitución;Asfalto;No existe;II;Dentro;Urbana;Otra Señal;No existe;Intersección;Bueno;Buena;Diurna;Buen Tiempo;Múltiple;S/D;Colisión;Ninguna;Faltante
9493;2021;25/11/2021;Jueves;15:30:00;;0.0;2;Moto/Ciclomotor,Pickup/Utilitario;M.Perdriel Y Medrano;2;1;0;1;0;0;Calle;ROSARIO;Constitución;Asfalto;Pavimento;II;Dentro;Urbana;Otra Señal;No existe;Intersección;Bueno;Buena;Diurna;Buen Tiempo;Múltiple;S/D;Colisión;Ninguna;Faltante
9494;2021;25/11/2021;Jueves;15:45:00;;0.0;1;Moto/Ciclomotor;1ro de Mayo Y Gral. Urquiza;1;1;0;0;0;0;Calle;SAN JUSTO;Constitución;Hormigón;No existe;XVI;Dentro;Urbana;Otra Señal;No existe;Intersección;Bueno;Buena;Diurna;Buen Tiempo;Múltiple;S/D;Colisión;Ninguna;Faltante
9495;2021;25/11/2021;Jueves;11:50:00;;0.0;2;Moto/Ciclomotor,Automóvil;B de Tucumán Y Gral. Urquiza;2;1;0;1;0;0;Calle;SAN JUSTO;Constitución;Hormigón;No existe;XVI;Dentro;Urbana;Otra Señal;No existe;Intersección;Bueno;Buena;Diurna;Buen Tiempo;Múltiple;S/D;Colisión;Agua;Faltante
9496;2021;25/11/2021;Jueves;07:30:00;Ruta Nacional 11;0.0;2;Moto/Ciclomotor,Pickup/Utilitario; ;2;1;0;1;0;0;Ruta;SAN JUSTO;Constitución;Ripio;Ripio;XVI;Fuera;Urbana;Otra Señal;No existe;Intersección;Deteriorada;Reducida;Diurna;Lluvia;Múltiple;S/D;Colisión;Material Suelto;Faltante
9497;2021;25/11/2021;Jueves;20:15:00;;0.0;2;Automóvil,Moto/Ciclomotor;Rivadavia Y Bv Lisandro de la Torre;3;2;0;1;0;0;Avenida;SAN JORGE;Constitución;Asfalto;S/D;XVIII;Dentro;Urbana;Otra Señal;No existe;Intersección;Bueno;Buena;Atardecer;S/D;Múltiple;S/D;Colisión;S/D;Faltante
9498;2021;25/11/2021;Jueves;02:00:00;Ruta Provincial 65;0.0;1;Camión c / Acoplado; ;1;1;0;0;0;0;Ruta;ESTACIÓN DÍAZ;Constitución;S/D;S/D;XV;Dentro;Urbana;Otra Señal;S/D;Intersección;S/D;S/D;Nocturna;S/D;Múltiple;S/D;Colisión;S/D;S/D
9499;2021;25/11/2021;Jueves;;Ruta Provincial 70;0.0;2;Moto/Ciclomotor,Automóvil;Bv Santa Fe Y L Cachero;2;1;0;1;0;0;Ruta;RAFAELA;Constitución;Asfalto;S/D;V;Dentro;Urbana;Otra Señal;S/D;Intersección;S/D;S/D;S/D;S/D;Múltiple;S/D;Colisión;S/D;S/D
9500;2021;25/11/2021;Jueves;19:00:00;;0.0;2;Automóvil,Moto/Ciclomotor;Juan de Garay Y Bartolomé Mitre;4;2;0;2;0;0;Calle;VILLA OCAMPO;Constitución;Asfalto;S/D;IX;Dentro;Urbana;Otra Señal;S/D;Intersección;S/D;S/D;Atardecer;S/D;Múltiple;S/D;Colisión;S/D;S/D
9501;2021;25/11/2021;Jueves;23:00:00;;0.0;1;Moto/Ciclomotor; ;2;2;0;0;0;0;Calle;MARÍA SUSANA;Constitución;S/D;S/D;VIII;Dentro;Urbana;Otra Señal;S/D;Intersección;S/D;S/D;Nocturna;S/D;Múltiple;S/D;Colisión;S/D;S/D
9502;2021;25/11/2021;Jueves;11:30:00;;0.0;1;Automóvil;Bv. 27 De Febrero ;1;1;0;0;0;0;Avenida;ROSARIO;Constitución;Asfalto;S/D;II;Dentro;Urbana;Otra Señal;S/D;Intersección;S/D;S/D;Diurna;S/D;Múltiple;S/D;Colisión;S/D;S/D
9503;2021;25/11/2021;Jueves;19:55:00;;0.0;1;Moto/Ciclomotor;Av. Pte. Perón Y Lima;1;1;0;0;0;0;Avenida;ROSARIO;Constitución;Asfalto;S/D;II;Dentro;Urbana;Otra Señal;S/D;Intersección;S/D;S/D;Atardecer;S/D;Múltiple;S/D;Colisión;S/D;S/D
9504;2021;25/11/2021;Jueves;17:20:00;;0.0;1;Moto/Ciclomotor;Brasil ;1;0;0;0;0;0;Calle;ARMSTRONG;Constitución;Asfalto;Pavimento;III;Dentro;Urbana;Otra Señal;No existe;Intersección;Bueno;Buena;Diurna;Buen Tiempo;Múltiple;S/D;Colisión;Material Suelto;S/D
9505;2021;25/11/2021;Jueves;11:30:00;Ruta Nacional 9;0.0;2;Moto/Ciclomotor,Automóvil;Eva Perón Y Ruta Nac 9;2;0;0;1;0;0;Ruta;CARCARAÑÁ;Constitución;Asfalto;Pavimento;XVII;Dentro;Urbana;Otra Señal;No existe;Intersección;Bueno;Buena;Diurna;Buen Tiempo;Múltiple;S/D;Colisión;Ninguna;S/D
9506;2021;25/11/2021;Jueves;;;0.0;2;Bicicleta,Moto/Ciclomotor;Salta ;3;1;0;1;0;0;Calle;SUNCHALES;Castellanos;S/D;S/D;V;Dentro;Urbana;Otra Señal;S/D;Intersección;S/D;S/D;S/D;S/D;Múltiple;Ciclista;Colisión;S/D;S/D
9507;2021;25/11/2021;Jueves;19:00:00;;0.0;2;Pickup/Utilitario,Bicicleta;Sarmiento Y Italia;2;0;0;1;0;0;Calle;SAN JUSTO;San Justo;Asfalto;S/D;XVI;Dentro;Urbana;Otra Señal;S/D;Intersección;S/D;S/D;Atardecer;S/D;Múltiple;Ciclista;Colisión;S/D;S/D
9508;2021;26/11/2021;Viernes;20:45:00;Ruta Provincial 10;216.0;2;Moto/Ciclomotor,Pickup/Utilitario; ;3;0;0;2;1;0;Ruta;SARMIENTO;Las Colonias;Asfalto;Natural;XI;Dentro;Rural;Otra Señal;No existe;Intersección;Bueno;Buena;Nocturna;Buen Tiempo;Múltiple;S/D;Colisión;Ninguna;Faltante
9509;2021;26/11/2021;Viernes;15:40:00;Ruta Secundaria 83-s;120.0;2;Tractor,Pickup/Utilitario;Ruta Prov. 83 S ;3;0;0;2;1;0;Ruta;FORTÍN OLMOS;Vera;Tierra;Natural;XIX;Fuera;Rural;Otra Señal;No existe;Intersección;Ahuellamiento;Buena;Diurna;Buen Tiempo;Múltiple;S/D;Colisión;Otro;Faltante
9510;2021;26/11/2021;Viernes;20:00:00;Ruta Provincial 40;0.5;3;Moto/Ciclomotor,Camión,Automóvil;Calle 46 ;3;0;0;2;1;0;Ruta;RECONQUISTA;General Obligado;Asfalto;No existe;IX;S/D;Urbana;Otra Señal;No existe;Intersección;S/D;S/D;Nocturna;S/D;Múltiple;S/D;Colisión;Ninguna;Faltante
9511;2021;26/11/2021;Viernes;21:00:00;;0.0;2;Pickup/Utilitario,Camión c / Semirremolque; ;6;4;0;2;0;0;Camino Rural;GREGORIA P. DE DENIS;Constitución;Asfalto;Natural;XII;Dentro;Rural;Otra Señal;No existe;Intersección;Bueno;Buena;Nocturna;Buen Tiempo;Múltiple;S/D;Colisión;Ninguna;Horizontal
9512;2021;26/11/2021;Viernes;12:30:00;Autopista Nacional Rosario -Cordoba;379.0;2;Automóvil,Camión Chasis; ;2;1;0;1;0;0;Autopista;ARMSTRONG;Constitución;Asfalto;Pavimento;III;Dentro;Rural;Otra Señal;No existe;Intersección;Bueno;Buena;Diurna;Buen Tiempo;Múltiple;S/D;Colisión;Ninguna;Horizontal,Vertical
9513;2021;26/11/2021;Viernes;12:00:00;;0.0;2;Moto/Ciclomotor,Automóvil;Calle 15 Y Avenida 18;4;2;0;2;0;0;Avenida;LAS PAREJAS;Constitución;Hormigón;No existe;III;Dentro;Urbana;Otra Señal;No existe;Intersección;Bueno;Buena;Diurna;Buen Tiempo;Múltiple;S/D;Colisión;Ninguna;Faltante
9514;2021;26/11/2021;Viernes;20:00:00;Ruta Secundaria 80-s;0.0;1;Otros; ;3;1;0;2;0;0;Ruta;HIPATIA;Constitución;Asfalto;Natural;XI;Fuera;Rural;Otra Señal;No existe;Intersección;Bueno;Buena;Diurna;Buen Tiempo;Múltiple;S/D;Colisión;Ninguna;Faltante
9515;2021;26/11/2021;Viernes;20:35:00;;0.0;2;Moto/Ciclomotor,Moto/Ciclomotor; ;2;2;0;0;0;0;Camino Rural;SAN AGUSTÍN;Constitución;Asfalto;Natural;XI;Dentro;Rural;Otra Señal;No existe;Intersección;Bueno;Reducida;Nocturna;Buen Tiempo;Múltiple;S/D;Colisión;Ninguna;Horizontal
9516;2021;26/11/2021;Viernes;21:15:00;;0.0;2;Moto/Ciclomotor,Moto/Ciclomotor;9 de Julio Y Saavedra;2;2;0;0;0;0;Calle;PILAR;Constitución;Asfalto;No existe;XI;S/D;Urbana;Otra Señal;No existe;Intersección;Bueno;Buena;Nocturna;Buen Tiempo;Múltiple;S/D;Colisión;Ninguna;Faltante
9517;2021;26/11/2021;Viernes;17:40:00;;0.0;1;Moto/Ciclomotor;Domingo Faustino Sarmiento Y Güemes;1;1;0;0;0;0;Calle;SAN JERÓNIMO NORTE;Constitución;Asfalto;No existe;XI;S/D;Urbana;Otra Señal;No existe;Intersección;Bueno;Buena;Atardecer;Buen Tiempo;Múltiple;S/D;Colisión;S/D;S/D
9518;2021;26/11/2021;Viernes;19:30:00;;0.0;2;Moto/Ciclomotor,Automóvil;Mitre Y L de la Torre;2;1;0;1;0;0;Calle;SAN CARLOS CENTRO;Constitución;Asfalto;No existe;XI;Dentro;Urbana;Otra Señal;No existe;Intersección;Bueno;Buena;Atardecer;Buen Tiempo;Múltiple;S/D;Colisión;Ninguna;Faltante
9519;2021;26/11/2021;Viernes;13:50:00;;0.0;2;Moto/Ciclomotor,Automóvil;Salvador del Carril Y Rivadavia;4;1;0;3;0;0;Avenida;SANTA FE;Constitución;S/D;No existe;I;Dentro;Urbana;Otra Señal;No existe;Intersección;Otro;Buena;Diurna;Buen Tiempo;Múltiple;S/D;Colisión;Ninguna;S/D
9520;2021;26/11/2021;Viernes;10:10:00;;0.0;2;Moto/Ciclomotor,Automóvil;Republica de Siria 3800;2;1;0;1;0;0;Calle;SANTA FE;Constitución;Asfalto;S/D;I;Dentro;Urbana;Otra Señal;No existe;Intersección;Bueno;S/D;Diurna;S/D;Múltiple;S/D;Colisión;S/D;S/D
9521;2021;26/11/2021;Viernes;14:40:00;;0.0;2;Bicicleta,Moto/Ciclomotor;José Ingenieros Y Av. Provincias Unidas;2;1;0;1;0;0;Avenida;ROSARIO;Constitución;Asfalto;No existe;II;Dentro;Urbana;Otra Señal;No existe;Intersección;Bueno;S/D;Diurna;Buen Tiempo;Múltiple;Ciclista;Colisión;Ninguna;Faltante
9522;2021;26/11/2021;Viernes;18:00:00;Autopista Nacional Rosario -Cordoba;15.0;2;Automóvil,Automóvil; ;3;2;0;1;0;0;Autopista;ROSARIO;Constitución;Asfalto;Ripio;II;Dentro;Urbana;Otra Señal;No existe;Intersección;Bueno;Buena;Diurna;Buen Tiempo;Múltiple;S/D;Colisión;Ninguna;S/D
9523;2021;26/11/2021;Viernes;11:40:00;Ruta Nacional 33;0.0;2;Moto/Ciclomotor,Automóvil;Dorrego Y Ruta Nac 33;2;1;0;1;0;0;Ruta;ZAVALLA;Constitución;Asfalto;Ripio;II;Dentro;Urbana;Otra Señal;No existe;Intersección;Bueno;Buena;Diurna;Buen Tiempo;Múltiple;S/D;Colisión;Ninguna;Faltante
9524;2021;26/11/2021;Viernes;01:15:00;;0.0;2;Automóvil,Automóvil;Francia F Y Córdoba;3;3;0;0;0;0;Calle;ROSARIO;Constitución;Asfalto;No existe;II;Dentro;Urbana;Otra Señal;Funciona;Intersección;Bueno;Buena;Nocturna,Con luz artificial;Buen Tiempo;Múltiple;S/D;Colisión;Ninguna;Faltante