ID_Accidente;A�o;Fecha;Dia;Hopra;Ruta/Autop;km;Participantes;Tipo;Lugar;Total;Heridos Leves;Heridos Graves;Ilesos;Fallecidos;Sin datos;desc_tipo_via;desc_loc;desc_dpto;|;desc_tipo_banquina;desc_unidad_regional;desc_lugar_calzada;desc_zona;desc_prioridad;desc_estado_semaforo;desc_lugar_via;desc_estado_via;desc_estado_visibilidad;desc_luminosidad;desc_estado_clima;desc_tipo_colision;desc_tipo_atropello;desc_tipo_hecho;desc_pres_calzada;desc_senializacion
9525;2021;26/11/2021;Viernes;14:30:00;;0.0;2;Bicicleta,Automóvil;Viamonte Y San Martin;2;1;0;1;0;0;Calle;ROSARIO;Constitución;Asfalto;S/D;II;Dentro;Urbana;Otra Señal;S/D;Intersección;S/D;S/D;Diurna;S/D;Múltiple;Ciclista;Colisión;S/D;S/D
9526;2021;26/11/2021;Viernes;19:40:00;;0.0;2;Moto/Ciclomotor,Automóvil;Riobamba 1075;2;1;0;1;0;0;Calle;ROSARIO;Constitución;Asfalto;No existe;II;Dentro;Urbana;Otra Señal;S/D;Intersección;Bueno;S/D;Atardecer;S/D;Múltiple;S/D;Colisión;S/D;S/D
9527;2021;26/11/2021;Viernes;00:20:00;;0.0;2;Automóvil,Taxi/Remis;Bv. 27 De Febrero Y Mitre;3;3;0;0;0;0;Calle;ROSARIO;Constitución;Asfalto;No existe;II;Dentro;Urbana;Otra Señal;Intermitente;Intersección;Bueno;Buena;Nocturna;Buen Tiempo;Múltiple;S/D;Colisión;Ninguna;Faltante
9528;2021;26/11/2021;Viernes;03:10:00;;0.0;2;Taxi/Remis,Automóvil;Bv. Argentino ;2;1;0;1;0;0;Calle;ROSARIO;Constitución;Asfalto;S/D;II;Dentro;Urbana;Otra Señal;No existe;Intersección;Bueno;Buena;Nocturna;Buen Tiempo;Múltiple;S/D;Colisión;Ninguna;Faltante
9529;2021;26/11/2021;Viernes;19:40:00;;0.0;3;Moto/Ciclomotor,Automóvil,Moto/Ciclomotor;9 de Julio Y Saavedra;3;2;0;1;0;0;Calle;VERA;Constitución;Tierra;S/D;XIX;Dentro;Urbana;Otra Señal;No existe;Intersección;Bueno;Reducida;Atardecer;Buen Tiempo;Múltiple;S/D;Colisión;Ninguna;S/D
9530;2021;26/11/2021;Viernes;17:10:00;;0.0;2;Moto/Ciclomotor,Pickup/Utilitario;9 de Julio Y Caseros;3;2;0;1;0;0;Calle;SAN CRISTÓBAL;Constitución;Asfalto;No existe;XIII;Dentro;Urbana;Otra Señal;No existe;Intersección;Bueno;Buena;Diurna;Buen Tiempo;Múltiple;S/D;Colisión;Ninguna;Faltante
9531;2021;26/11/2021;Viernes;15:45:00;;0.0;2;Moto/Ciclomotor,Camión c / Acoplado;1ro de Mayo Y L N Alem;2;1;0;1;0;0;Calle;SAN JUSTO;Constitución;Asfalto;No existe;XVI;Dentro;Urbana;Otra Señal;No existe;Intersección;Bueno;Buena;Diurna;Buen Tiempo;Múltiple;S/D;Colisión;Ninguna;Faltante
9532;2021;26/11/2021;Viernes;12:00:00;;0.0;2;Pickup/Utilitario,Bicicleta;Gral. Urquiza Y N Figueredo;3;2;0;1;0;0;Calle;SAN JUSTO;Constitución;Asfalto;No existe;XVII;Dentro;Urbana;Otra Señal;No existe;Intersección;Bueno;Buena;Diurna;Buen Tiempo;Múltiple;Ciclista;Colisión;Ninguna;Faltante
9533;2021;26/11/2021;Viernes;09:15:00;;0.0;1;Moto/Ciclomotor;Larrea A Y Leandro N Alem;2;2;0;0;0;0;Calle;VENADO TUERTO;Constitución;Asfalto;S/D;VIII;Dentro;Urbana;Otra Señal;S/D;Intersección;S/D;S/D;Diurna;S/D;Múltiple;S/D;Colisión;S/D;S/D
9534;2021;26/11/2021;Viernes;09:15:00;;0.0;2;Pickup/Utilitario,Moto/Ciclomotor;Avda. Jorge Newbery bis Y Primera Junta;2;1;0;1;0;0;Calle;GÁLVEZ;Constitución;S/D;S/D;XV;Dentro;Urbana;Otra Señal;S/D;Intersección;S/D;S/D;Diurna;S/D;Múltiple;S/D;Colisión;S/D;S/D
9535;2021;26/11/2021;Viernes;22:00:00;;0.0;2;Automóvil,Moto/Ciclomotor; ;2;1;0;1;0;0;S/D;SANCTI SPÍRITU;Constitución;S/D;S/D;VIII;S/D;S/D;Otra Señal;S/D;Intersección;S/D;S/D;Nocturna;S/D;Múltiple;S/D;Colisión;S/D;S/D
9536;2021;26/11/2021;Viernes;;;0.0;2;Automóvil,Moto/Ciclomotor; ;2;1;0;1;0;0;S/D;ESPERANZA;Constitución;S/D;S/D;XI;S/D;S/D;Otra Señal;S/D;Intersección;S/D;S/D;S/D;S/D;Múltiple;S/D;Colisión;S/D;S/D
9537;2021;26/11/2021;Viernes;;;0.0;1;Bicicleta; ;1;1;0;0;0;0;S/D;ESPERANZA;Constitución;S/D;S/D;XI;S/D;S/D;Otra Señal;S/D;Intersección;S/D;S/D;S/D;S/D;Múltiple;S/D;Colisión;S/D;S/D
9538;2021;26/11/2021;Viernes;;;0.0;2;Moto/Ciclomotor,Automóvil;Sarmiento Y Av. Dr. Caminos;2;1;0;1;0;0;Avenida;MONJE;Constitución;S/D;S/D;XV;Dentro;Urbana;Otra Señal;S/D;Intersección;S/D;S/D;S/D;S/D;Múltiple;S/D;Colisión;S/D;S/D
9539;2021;26/11/2021;Viernes;10:30:00;;0.0;2;Peatón,Otros;Córdoba Y Ricchieri;2;1;0;0;0;1;Calle;ROSARIO;Constitución;Asfalto;S/D;II;Dentro;Urbana;Otra Señal;S/D;Intersección;S/D;S/D;Diurna;S/D;Múltiple;Peatón;Colisión;S/D;S/D
9540;2021;26/11/2021;Viernes;22:00:00;;0.0;1;Moto/Ciclomotor;French Y Larrea;1;1;0;0;0;0;Calle;ROSARIO;Constitución;Asfalto;S/D;II;Dentro;Urbana;Otra Señal;S/D;Intersección;S/D;S/D;Nocturna;S/D;Múltiple;S/D;Colisión;S/D;S/D
9541;2021;26/11/2021;Viernes;19:30:00;;0.0;1;Moto/Ciclomotor;Ayala Gauna Y Tarragona;1;1;0;0;0;0;Calle;ROSARIO;Constitución;Asfalto;S/D;II;Dentro;Urbana;Otra Señal;S/D;Intersección;S/D;S/D;Diurna;S/D;Múltiple;S/D;Colisión;S/D;S/D
9542;2021;26/11/2021;Viernes;19:02:00;;0.0;1;Moto/Ciclomotor;Larrechea Y Medrano;1;1;0;0;0;0;Calle;ROSARIO;Constitución;Asfalto;S/D;II;Dentro;Urbana;Otra Señal;S/D;Intersección;S/D;S/D;Diurna;S/D;Múltiple;S/D;Colisión;S/D;S/D
9543;2021;26/11/2021;Viernes;;;0.0;2;Moto/Ciclomotor,Pickup/Utilitario;E Zeballos Y Arturo Frondizi;2;0;0;1;0;0;Calle;SUNCHALES;Castellanos;Asfalto;S/D;V;Dentro;Urbana;Otra Señal;S/D;Intersección;S/D;S/D;S/D;S/D;Múltiple;S/D;Colisión;S/D;S/D
9544;2021;27/11/2021;Sabado;04:05:00;;0.0;1;Automóvil;Av. San Martin Y Santa Fe;1;0;0;0;1;0;Avenida;FRAY LUIS BELTRÁN;San Lorenzo;Asfalto;Pavimento;XVII;S/D;Urbana;Otra Señal;No existe;Intersección;Bueno;Buena;Nocturna;Otro;Múltiple;S/D;Colisión;Ninguna;Faltante
9545;2021;27/11/2021;Sabado;20:00:00;;0.0;2;Bicicleta,Moto/Ciclomotor;25 de Mayo Y San Luis;2;0;0;0;1;1;Calle;SAN LORENZO;San Lorenzo;Asfalto;No existe;XVII;S/D;Urbana;Otra Señal;No existe;Intersección;Bueno;S/D;Nocturna;S/D;Múltiple;Ciclista;Colisión;Ninguna;Faltante
9546;2021;27/11/2021;Sabado;04:20:00;Ruta Nacional 178;0.0;1;Automóvil; ;4;4;0;0;0;0;Ruta;LAS PAREJAS;Constitución;Asfalto;Ripio;III;Fuera;Rural;Otra Señal;No existe;Intersección;Bueno;Reducida;Nocturna,Con luz artificial;Buen Tiempo;Múltiple;S/D;Colisión;Ninguna;S/D
9547;2021;27/11/2021;Sabado;07:30:00;;0.0;1;Automóvil; ;1;1;0;0;0;0;Camino Rural;MONTE VERA;Constitución;Tierra;No existe;I;Fuera;Rural;Otra Señal;No existe;Intersección;Bueno;Buena;Diurna;Buen Tiempo;Múltiple;S/D;Colisión;Ninguna;S/D
9548;2021;27/11/2021;Sabado;07:25:00;Ruta Nacional 11;0.0;1;Automóvil;Aragón ;2;1;0;1;0;0;Ruta;NELSON;Constitución;Asfalto;Ripio;I;Dentro;Urbana;Otra Señal;No existe;Intersección;S/D;Buena;Amanecer;Buen Tiempo;Múltiple;S/D;Colisión;S/D;S/D
9549;2021;27/11/2021;Sabado;23:55:00;;0.0;2;Moto/Ciclomotor,Automóvil;Pedro Ferre Y San Lorenzo;2;1;0;1;0;0;Calle;SANTA FE;Constitución;Asfalto;No existe;I;Dentro;Urbana;Otra Señal;Funciona;Intersección;Bueno;Buena;Nocturna,Con luz artificial;Buen Tiempo;Múltiple;S/D;Colisión;Ninguna;Vertical
9550;2021;27/11/2021;Sabado;14:50:00;;0.0;2;Automóvil,Automóvil;Av. Blas Parera ;2;1;0;1;0;0;Avenida;SANTA FE;Constitución;Asfalto;No existe;I;S/D;Urbana;Otra Señal;Funciona;Intersección;Bueno;Buena;Diurna;Buen Tiempo;Múltiple;S/D;Colisión;Ninguna;Vertical
9551;2021;27/11/2021;Sabado;14:10:00;;0.0;2;Automóvil,Bicicleta;Av. Battle y Ordoñez Y Pje. J.Blanco;2;1;0;1;0;0;Avenida;ROSARIO;Constitución;Asfalto;No existe;II;Dentro;Urbana;Otra Señal;No existe;Intersección;Bueno;Buena;Diurna;Buen Tiempo;Múltiple;Ciclista;Colisión;Ninguna;Faltante
9552;2021;27/11/2021;Sabado;17:15:00;;0.0;2;Bicicleta,Automóvil;Gaboto Y L.N.Alem;2;1;0;0;0;1;Calle;ROSARIO;Constitución;Asfalto;S/D;II;Dentro;Urbana;Otra Señal;S/D;Intersección;S/D;Buena;Diurna;Buen Tiempo;Múltiple;Ciclista;Colisión;S/D;S/D
9553;2021;27/11/2021;Sabado;09:30:00;;0.0;2;Moto/Ciclomotor,Automóvil;Alvear Y E.Zeballos;2;1;0;1;0;0;Calle;ROSARIO;Constitución;Asfalto;No existe;II;Dentro;Urbana;Otra Señal;No existe;Intersección;Bueno;Buena;Diurna;Buen Tiempo;Múltiple;S/D;Colisión;Ninguna;Faltante
9554;2021;27/11/2021;Sabado;13:30:00;;0.0;2;Moto/Ciclomotor,Automóvil;Bv. Oroño Y Av. Dante Alighieri;2;1;0;1;0;0;Avenida;ROSARIO;Constitución;Asfalto;S/D;II;Dentro;Urbana;Otra Señal;S/D;Intersección;Bueno;S/D;Diurna;S/D;Múltiple;S/D;Colisión;S/D;S/D
9555;2021;27/11/2021;Sabado;10:50:00;;0.0;2;Automóvil,Moto/Ciclomotor;Pje. Moussy ;3;1;0;2;0;0;Calle;ROSARIO;Constitución;S/D;S/D;II;Dentro;Urbana;Otra Señal;S/D;Intersección;S/D;S/D;Diurna;S/D;Múltiple;S/D;Colisión;S/D;S/D
9556;2021;27/11/2021;Sabado;22:10:00;;0.0;2;Peatón,Otros;French 2000;2;1;0;1;0;0;Calle;ROSARIO;Constitución;Asfalto;S/D;II;Dentro;Urbana;Otra Señal;S/D;Intersección;S/D;S/D;Nocturna;S/D;Múltiple;Peatón;Colisión;S/D;S/D
9557;2021;27/11/2021;Sabado;15:50:00;Ruta Nacional 11;479.5;2;Moto/Ciclomotor,Automóvil; ;4;1;0;3;0;0;Ruta;SANTA FE;Constitución;Hormigón;Ripio;I;S/D;Urbana;Otra Señal;No existe;Intersección;Bueno;Buena;Nocturna;Buen Tiempo;Múltiple;S/D;Colisión;Ninguna;Horizontal
9558;2021;27/11/2021;Sabado;20:20:00;;0.0;2;Moto/Ciclomotor,Automóvil;Avellaneda Y Libertad;2;1;0;1;0;0;Calle;ROLDÁN;Constitución;Asfalto;S/D;XVII;S/D;Urbana;Otra Señal;No existe;Intersección;Bueno;S/D;Nocturna;S/D;Múltiple;S/D;Colisión;S/D;S/D
9559;2021;27/11/2021;Sabado;11:20:00;Autopista Nacional Rosario -Cordoba;315.0;1;Automóvil; ;1;1;0;0;0;0;Autopista;ROLDÁN;Constitución;Asfalto;Natural;XVII;Dentro;Urbana;Otra Señal;S/D;Intersección;S/D;S/D;Diurna;S/D;Múltiple;S/D;Colisión;S/D;S/D
9560;2021;27/11/2021;Sabado;17:15:00;;0.0;1;Moto/Ciclomotor;Av. San Martin Y Sarmiento;2;1;0;1;0;0;Avenida;ALEJANDRA;Constitución;Asfalto;S/D;XIV;Dentro;Urbana;Otra Señal;No existe;Intersección;Bueno;Buena;Diurna;Buen Tiempo;Múltiple;S/D;Colisión;Ninguna;Faltante
9561;2021;27/11/2021;Sabado;07:30:00;;0.0;2;Moto/Ciclomotor,Moto/Ciclomotor;Calle 21-Gdor. Iriondo Y Calle 2-Constituyentes;2;2;0;0;0;0;Calle;RECONQUISTA;Constitución;Asfalto;S/D;IX;Dentro;Urbana;Otra Señal;S/D;Intersección;S/D;S/D;Diurna;S/D;Múltiple;S/D;Colisión;S/D;S/D
9562;2021;27/11/2021;Sabado;12:15:00;;0.0;1;Moto/Ciclomotor;Belgrano Y Fray Luis Beltrán;1;1;0;0;0;0;Calle;VILLA OCAMPO;Constitución;S/D;S/D;IX;Dentro;Urbana;Otra Señal;S/D;Intersección;S/D;S/D;Diurna;S/D;Múltiple;S/D;Colisión;S/D;S/D
9563;2021;27/11/2021;Sabado;;;0.0;1;Moto/Ciclomotor;San Juan 1700;1;1;0;0;0;0;Calle;SAN LORENZO;Constitución;Asfalto;S/D;XVII;Dentro;Urbana;Otra Señal;S/D;Intersección;S/D;S/D;S/D;S/D;Múltiple;S/D;Colisión;S/D;S/D
9564;2021;27/11/2021;Sabado;00:30:00;;0.0;1;Automóvil;Republica de Chile ;1;1;0;0;0;0;Calle;SAN LORENZO;Constitución;S/D;S/D;XVII;Dentro;Urbana;Otra Señal;S/D;Intersección;S/D;S/D;Nocturna;S/D;Múltiple;S/D;Colisión;S/D;S/D
9565;2021;27/11/2021;Sabado;;;0.0;2;Moto/Ciclomotor,Moto/Ciclomotor; ;3;2;0;1;0;0;Calle;SANTA FE;Constitución;S/D;S/D;I;Dentro;Urbana;Otra Señal;S/D;Intersección;S/D;S/D;S/D;S/D;Múltiple;S/D;Colisión;S/D;S/D
9566;2021;27/11/2021;Sabado;06:10:00;Ruta Nacional 178;0.0;1;Moto/Ciclomotor; ;1;1;0;0;0;0;Ruta;LAS PAREJAS;Constitución;Asfalto;Natural;III;Dentro;Rural;Otra Señal;S/D;Intersección;S/D;S/D;S/D;S/D;Múltiple;S/D;Colisión;S/D;S/D
9567;2021;27/11/2021;Sabado;01:00:00;;0.0;1;Moto/Ciclomotor;Matienzo 3200;1;1;0;0;0;0;Calle;ROSARIO;Constitución;Asfalto;S/D;II;Dentro;Urbana;Otra Señal;S/D;Intersección;S/D;S/D;Nocturna;S/D;Múltiple;S/D;Colisión;S/D;S/D
9568;2021;27/11/2021;Sabado;07:00:00;;0.0;1;Moto/Ciclomotor; ;1;1;0;0;0;0;S/D;ROSARIO;Constitución;S/D;S/D;II;S/D;S/D;Otra Señal;S/D;Intersección;S/D;S/D;Diurna;S/D;Múltiple;S/D;Colisión;S/D;S/D
9569;2021;27/11/2021;Sabado;;;0.0;1;Moto/Ciclomotor; ;1;1;0;0;0;0;S/D;ROSARIO;Constitución;S/D;S/D;II;S/D;S/D;Otra Señal;S/D;Intersección;S/D;S/D;S/D;S/D;Múltiple;S/D;Colisión;S/D;S/D
9570;2021;27/11/2021;Sabado;00:00:00;;0.0;1;Moto/Ciclomotor;Junín ;1;1;0;0;0;0;Calle;ROSARIO;Constitución;Asfalto;S/D;II;Dentro;Urbana;Otra Señal;S/D;Intersección;S/D;S/D;Nocturna;S/D;Múltiple;S/D;Colisión;S/D;S/D
9571;2021;27/11/2021;Sabado;15:00:00;;0.0;1;Moto/Ciclomotor;F.M.Esquiu Y Méjico;1;1;0;0;0;0;Calle;ROSARIO;Constitución;Asfalto;S/D;II;Dentro;Urbana;Otra Señal;S/D;Intersección;S/D;S/D;Diurna;S/D;Múltiple;S/D;Colisión;S/D;S/D
9572;2021;27/11/2021;Sabado;16:30:00;;0.0;1;Moto/Ciclomotor;Larrea Y Forest;1;1;0;0;0;0;Calle;ROSARIO;Constitución;Asfalto;S/D;II;Dentro;Urbana;Otra Señal;S/D;Intersección;S/D;S/D;Diurna;S/D;Múltiple;S/D;Colisión;S/D;S/D
9573;2021;27/11/2021;Sabado;00:00:00;;0.0;1;Moto/Ciclomotor;3 De Febrero Y Iriondo;1;1;0;0;0;0;Calle;ROSARIO;Constitución;Asfalto;S/D;II;Dentro;Urbana;Otra Señal;S/D;Intersección;S/D;S/D;Nocturna;S/D;Múltiple;S/D;Colisión;S/D;S/D
9574;2021;27/11/2021;Sabado;22:00:00;;0.0;1;Moto/Ciclomotor;Av. Provincias Unidas Y Av. Sorrento;1;1;0;0;0;0;Avenida;ROSARIO;Constitución;Asfalto;S/D;II;Dentro;Urbana;Otra Señal;S/D;Intersección;S/D;S/D;Nocturna;S/D;Múltiple;S/D;Colisión;S/D;S/D
9575;2021;27/11/2021;Sabado;13:10:00;;0.0;1;Moto/Ciclomotor;Av. Battle y Ordoñez ;2;2;0;0;0;0;Calle;ROSARIO;Constitución;Asfalto;S/D;II;Dentro;Urbana;Otra Señal;S/D;Intersección;S/D;S/D;Diurna;S/D;Múltiple;S/D;Colisión;S/D;S/D
9576;2021;27/11/2021;Sabado;21:55:00;;0.0;2;Moto/Ciclomotor,Peatón;E LÓPEZ SN ;2;1;0;0;0;0;Calle;LA GUARDIA;Constitución;Asfalto;Natural;I;Dentro;Urbana;Otra Señal;No existe;Intersección;Bueno;Reducida;Nocturna;Buen Tiempo;Múltiple;Peatón;Colisión;Ninguna;Faltante
9577;2021;27/11/2021;Sabado;08:05:00;Ruta Provincial 13;36.0;2;Moto/Ciclomotor,Camión;Ruta Prov. n.º 13 36;2;0;0;1;0;0;Ruta;EL TRÉBOL;Constitución;Hormigón;Natural;XVIII;Dentro;Rural;Otra Señal;No existe;Intersección;Bueno;Buena;Diurna;Buen Tiempo;Múltiple;S/D;Colisión;Ninguna;Faltante
9578;2021;27/11/2021;Sabado;09:15:00;Ruta Provincial 13;0.0;1;Automóvil;Bv Lisandro de la Torre Y Ruta Provincial 13;5;4;0;0;0;0;Ruta;SAN JORGE;Constitución;Asfalto;Ripio;XVIII;Dentro;Urbana;Otra Señal;No existe;Intersección;Bueno;Buena;Diurna;Buen Tiempo;Múltiple;S/D;Colisión;Otro;Faltante
9579;2021;27/11/2021;Sabado;18:30:00;;0.0;2;Moto/Ciclomotor,Bicicleta;Rev. 7 Jefes Y Rivadavia;2;0;0;1;0;0;Calle;SAN LORENZO;San Lorenzo;Asfalto;S/D;XVII;Dentro;Urbana;Otra Señal;S/D;Intersección;S/D;S/D;Atardecer;S/D;Múltiple;Ciclista;Colisión;S/D;S/D
9580;2021;27/11/2021;Sabado;06:30:00;Ruta Provincial 94;5.0;1;Automóvil; ;1;0;0;0;0;0;Ruta;VENADO TUERTO;General LÓPEZ;Asfalto;S/D;VIII;Fuera;Rural;Otra Señal;No existe;Intersección;S/D;S/D;Amanecer;S/D;Múltiple;S/D;Colisión;S/D;S/D
9581;2021;27/11/2021;Sabado;;;0.0;2;Moto/Ciclomotor,Moto/Ciclomotor;Dorrego Y Necochea;2;1;0;0;0;0;Calle;RAFAELA;Castellanos;S/D;S/D;V;Dentro;Urbana;Otra Señal;S/D;Intersección;S/D;S/D;S/D;S/D;Múltiple;S/D;Colisión;S/D;S/D
9582;2021;28/11/2021;Domingo;05:45:00;Ruta Nacional 11;872.0;1;Moto/Ciclomotor;Ruta Nacional 11 Y Ruta Provincial 32;2;1;0;0;1;0;Ruta;VILLA OCAMPO;General Obligado;Asfalto;Pavimento;IX;S/D;Rural;Otra Señal;No existe;Intersección;Bueno;S/D;Nocturna;Lluvia;Múltiple;S/D;Colisión;Agua;Faltante
9583;2021;28/11/2021;Domingo;11:00:00;;0.0;1;Moto/Ciclomotor;Uruguay Y San Martin;2;1;0;1;0;0;Calle;SANTA ROSA DE CALCHINES;Constitución;Asfalto;No existe;VII;Dentro;Urbana;Otra Señal;No existe;Intersección;Bueno;Buena;Diurna;Buen Tiempo;Múltiple;S/D;Colisión;Ninguna;Faltante
9584;2021;28/11/2021;Domingo;07:15:00;;0.0;1;Automóvil;Calle 40 Y Calle 5;4;1;0;3;0;0;Calle;ARROYO LEYES;Constitución;Tierra;No existe;I;Dentro;Urbana;Otra Señal;No existe;Intersección;Bueno;Buena;Diurna;Buen Tiempo;Múltiple;S/D;Colisión;Ninguna;Faltante
9585;2021;28/11/2021;Domingo;13:45:00;Ruta Provincial 13;0.0;1;Automóvil; ;1;1;0;0;0;0;Ruta;SANTA FE;Constitución;Hormigón;Pavimento;XVIII;S/D;Urbana;Otra Señal;No existe;Intersección;Bueno;Buena;Diurna;Buen Tiempo;Múltiple;S/D;Colisión;Ninguna;Faltante
9586;2021;28/11/2021;Domingo;02:25:00;;0.0;2;Taxi/Remis,Automóvil;Ayacucho Y Av. Battle y Ordoñez;2;2;0;0;0;0;Calle;ROSARIO;Constitución;Asfalto;No existe;II;S/D;Urbana;Otra Señal;Funciona;Intersección;Bueno;Buena;Nocturna,Con luz artificial;Buen Tiempo;Múltiple;S/D;Colisión;Ninguna;Faltante
9587;2021;28/11/2021;Domingo;04:30:00;;0.0;2;Taxi/Remis,Automóvil;San Juan Y Mariano Moreno;3;1;0;2;0;0;Calle;ROSARIO;Constitución;Asfalto;No existe;II;Dentro;Urbana;Otra Señal;No existe;Intersección;Resbaladiza;Reducida;Nocturna,Con luz artificial;Lluvia;Múltiple;S/D;Colisión;Ninguna;Faltante
9588;2021;28/11/2021;Domingo;12:00:00;;0.0;3;Taxi/Remis,Automóvil,Automóvil;Av. Corrientes 1500;4;2;0;2;0;0;Avenida;ROSARIO;Constitución;Asfalto;No existe;II;Dentro;Urbana;Otra Señal;S/D;Intersección;Bueno;Buena;Diurna;Buen Tiempo;Múltiple;S/D;Colisión;Ninguna;Faltante
9589;2021;28/11/2021;Domingo;03:50:00;;0.0;2;Automóvil,Transporte de Pasajeros Urbano (> 8 asientos);Bv. Seguí Y Entre Ríos;2;1;0;1;0;0;Avenida;ROSARIO;Constitución;Asfalto;No existe;II;Dentro;Urbana;Otra Señal;No existe;Intersección;Bueno;Buena;Nocturna,Con luz artificial;Buen Tiempo;Múltiple;S/D;Colisión;Ninguna;Faltante
9590;2021;28/11/2021;Domingo;23:40:00;Ruta Secundaria 40-s;0.0;1;Moto/Ciclomotor; ;1;1;0;0;0;0;Ruta;FORTÍN OLMOS;Constitución;Tierra;Natural;XIX;Dentro;Rural;Otra Señal;No existe;Intersección;Otro;Reducida;Nocturna;Otro;Múltiple;S/D;Colisión;Otro;Faltante
9591;2021;28/11/2021;Domingo;15:30:00;;0.0;2;Automóvil,Moto/Ciclomotor;Belgrano ;4;3;0;1;0;0;Calle;SAN LORENZO;Constitución;Asfalto;S/D;XVII;Dentro;Urbana;Otra Señal;S/D;Intersección;S/D;S/D;Diurna;S/D;Múltiple;S/D;Colisión;S/D;S/D
9592;2021;28/11/2021;Domingo;;;0.0;2;Moto/Ciclomotor,Automóvil;27 de setiembre Y Perú;3;2;0;1;0;0;Calle;RAFAELA;Constitución;S/D;S/D;V;Dentro;Urbana;Otra Señal;S/D;Intersección;S/D;S/D;S/D;S/D;Múltiple;S/D;Colisión;S/D;S/D
9593;2021;28/11/2021;Domingo;;;0.0;2;Automóvil,Bicicleta;Calle 11-Alvear Y Calle 2-Constituyentes;3;1;0;2;0;0;Calle;RECONQUISTA;Constitución;Asfalto;S/D;IX;Dentro;Urbana;Otra Señal;S/D;Intersección;S/D;S/D;S/D;S/D;Múltiple;Ciclista;Colisión;S/D;S/D
9594;2021;28/11/2021;Domingo;;;0.0;2;Pickup/Utilitario,Moto/Ciclomotor; ;2;1;0;1;0;0;S/D;ESPERANZA;Constitución;S/D;S/D;XI;S/D;S/D;Otra Señal;S/D;Intersección;S/D;S/D;S/D;S/D;Múltiple;S/D;Colisión;S/D;S/D
9595;2021;28/11/2021;Domingo;;;0.0;1;Moto/Ciclomotor; ;2;2;0;0;0;0;S/D;ESPERANZA;Constitución;S/D;S/D;XI;S/D;S/D;Otra Señal;S/D;Intersección;S/D;S/D;S/D;S/D;Múltiple;S/D;Colisión;S/D;S/D
9596;2021;28/11/2021;Domingo;00:15:00;;0.0;2;Otros,Otros; ;4;2;0;2;0;0;S/D;GÁLVEZ;Constitución;S/D;S/D;XV;S/D;S/D;Otra Señal;S/D;Intersección;S/D;S/D;Nocturna;S/D;Múltiple;S/D;Colisión;S/D;S/D
9597;2021;28/11/2021;Domingo;23:55:00;;0.0;2;Moto/Ciclomotor,Moto/Ciclomotor;Rivadavia Y Presbítero José Houriet;3;2;0;1;0;0;Calle;VERA;Constitución;Asfalto;S/D;XIX;Dentro;Urbana;Otra Señal;S/D;Intersección;S/D;S/D;Nocturna;S/D;Múltiple;S/D;Colisión;S/D;S/D
9598;2021;28/11/2021;Domingo;22:35:00;;0.0;1;Moto/Ciclomotor;Leiva Y San Martin;1;1;0;0;0;0;Calle;MARGARITA;Constitución;S/D;S/D;XIX;Dentro;Urbana;Otra Señal;S/D;Intersección;S/D;S/D;Nocturna;S/D;Múltiple;S/D;Colisión;S/D;S/D
9599;2021;28/11/2021;Domingo;;;0.0;1;Moto/Ciclomotor; ;1;1;0;0;0;0;Calle;ROSARIO;Constitución;S/D;S/D;II;Dentro;Urbana;Otra Señal;S/D;Intersección;S/D;S/D;S/D;S/D;Múltiple;S/D;Colisión;S/D;S/D
9600;2021;28/11/2021;Domingo;00:30:00;;0.0;1;Moto/Ciclomotor;J.J.Paso Y Acevedo Bis;1;1;0;0;0;0;Calle;ROSARIO;Constitución;Asfalto;S/D;II;Dentro;Urbana;Otra Señal;S/D;Intersección;S/D;S/D;Nocturna;S/D;Múltiple;S/D;Colisión;S/D;S/D
9601;2021;28/11/2021;Domingo;23:24:00;;0.0;1;Moto/Ciclomotor;Nicolas Laguna Y Pujato;1;1;0;0;0;0;Calle;ROSARIO;Constitución;Asfalto;S/D;II;Dentro;Urbana;Otra Señal;S/D;Intersección;S/D;S/D;Nocturna;S/D;Múltiple;S/D;Colisión;S/D;S/D
9602;2021;28/11/2021;Domingo;06:00:00;;0.0;2;Moto/Ciclomotor,Automóvil;Bv. Seguí Y Entre Ríos;2;1;0;0;0;0;Avenida;ROSARIO;Constitución;Asfalto;No existe;II;Dentro;Urbana;Otra Señal;No existe;Intersección;Resbaladiza;Buena;Diurna;Lluvia;Múltiple;S/D;Colisión;Agua;Faltante
9603;2021;29/11/2021;Lunes;20:40:00;Ruta Nacional 11;451.0;2;Peatón,Automóvil;Turquía ;3;0;0;2;1;0;Ruta;SAUCE VIEJO;La Capital;Asfalto;Ripio;I;S/D;Urbana;Otra Señal;No existe;Intersección;S/D;Buena;Nocturna;Buen Tiempo;Múltiple;Peatón;Colisión;Ninguna;Faltante
9604;2021;29/11/2021;Lunes;07:15:00;Ruta Provincial 1;80.0;1;Moto/Ciclomotor; ;2;2;0;0;0;0;Ruta;CAYASTA;Constitución;Tierra;Natural;VII;Dentro;Urbana;Otra Señal;No existe;Intersección;Bueno;Buena;Diurna;Buen Tiempo;Múltiple;S/D;Colisión;Ninguna;Vertical
9605;2021;29/11/2021;Lunes;02:30:00;;0.0;1;Moto/Ciclomotor;Av. Almte. Brown Y Pedro de Vega;2;1;0;1;0;0;Avenida;SANTA FE;Constitución;S/D;No existe;I;Dentro;Urbana;Otra Señal;No existe;Intersección;Bueno;Buena;Nocturna;Buen Tiempo;Múltiple;S/D;Colisión;Ninguna;S/D
9606;2021;29/11/2021;Lunes;;;0.0;2;Moto/Ciclomotor,Moto/Ciclomotor;Av. Peñaloza Y Llerena;2;2;0;0;0;0;Avenida;SANTA FE;Constitución;Asfalto;No existe;I;S/D;Urbana;Otra Señal;Funciona;Intersección;Bueno;Buena;Diurna;Buen Tiempo;Múltiple;S/D;Colisión;Ninguna;Vertical