ID_Accidente;A�o;Fecha;Dia;Hopra;Ruta/Autop;km;Participantes;Tipo;Lugar;Total;Heridos Leves;Heridos Graves;Ilesos;Fallecidos;Sin datos;desc_tipo_via;desc_loc;desc_dpto;|;desc_tipo_banquina;desc_unidad_regional;desc_lugar_calzada;desc_zona;desc_prioridad;desc_estado_semaforo;desc_lugar_via;desc_estado_via;desc_estado_visibilidad;desc_luminosidad;desc_estado_clima;desc_tipo_colision;desc_tipo_atropello;desc_tipo_hecho;desc_pres_calzada;desc_senializacion
9607;2021;29/11/2021;Lunes;11:30:00;;0.0;2;Automóvil,Moto/Ciclomotor;Salva Y Av. Battle y Ordoñez;2;1;0;1;0;0;Calle;ROSARIO;Constitución;Asfalto;No existe;II;Dentro;Urbana;Otra Señal;No existe;Intersección;Bueno;Buena;Diurna;Buen Tiempo;Múltiple;S/D;Colisión;Ninguna;Faltante
9608;2021;29/11/2021;Lunes;12:00:00;;0.0;1;Transporte de Pasajeros Urbano (> 8 asientos);Av. Ntra.Sra.del Rosario Y El Mangrullo;2;1;0;1;0;0;Avenida;ROSARIO;Constitución;Asfalto;No existe;II;Dentro;Urbana;Otra Señal;No existe;Intersección;Bueno;Buena;Diurna;Buen Tiempo;Múltiple;S/D;Colisión;Ninguna;Faltante
9609;2021;29/11/2021;Lunes;14:30:00;Ruta Nacional A012;62.0;2;Moto/Ciclomotor,Automóvil; ;2;1;0;1;0;0;Ruta;RICARDONE;Constitución;Asfalto;Natural;XVII;S/D;Urbana;Otra Señal;No existe;Intersección;Bueno;Buena;Diurna;Buen Tiempo;Múltiple;S/D;Colisión;Ninguna;Horizontal
9610;2021;29/11/2021;Lunes;07:50:00;;0.0;1;Camión c / Acoplado; ;1;1;0;0;0;0;Camino Rural;LUIS PALACIOS;Constitución;Tierra;No existe;XVII;Dentro;Rural;Otra Señal;No existe;Intersección;Otro;Buena;Diurna;Buen Tiempo;Múltiple;S/D;Colisión;Ninguna;Faltante
9611;2021;29/11/2021;Lunes;15:15:00;;0.0;1;Moto/Ciclomotor;Libertad Y Las Heras;1;1;0;0;0;0;Calle;ROLDÁN;Constitución;S/D;S/D;XVII;Dentro;Urbana;Otra Señal;S/D;Intersección;Bueno;S/D;Diurna;S/D;Múltiple;S/D;Colisión;S/D;S/D
9612;2021;29/11/2021;Lunes;20:20:00;;0.0;2;Moto/Ciclomotor,Automóvil;Sargento Cabral Y Urquiza;2;1;0;1;0;0;Calle;SAN LORENZO;Constitución;Asfalto;S/D;XVII;Dentro;Urbana;Otra Señal;S/D;Intersección;S/D;S/D;Nocturna;S/D;Múltiple;S/D;Colisión;S/D;S/D
9613;2021;29/11/2021;Lunes;09:50:00;;0.0;2;Automóvil,Moto/Ciclomotor;Calle 31-Newbery Y Calle 26 - Bolívar;2;1;0;1;0;0;Calle;RECONQUISTA;Constitución;Asfalto;No existe;IX;Dentro;Urbana;Otra Señal;No existe;Intersección;Otro;Buena;Diurna;Buen Tiempo;Múltiple;S/D;Colisión;Ninguna;Vertical
9614;2021;29/11/2021;Lunes;;Ruta Nacional 33;0.0;1;Automóvil; ;1;1;0;0;0;0;Ruta;PEREZ;Constitución;S/D;S/D;II;Fuera;Rural;Otra Señal;S/D;Intersección;S/D;S/D;Nocturna;S/D;Múltiple;S/D;Colisión;S/D;S/D
9615;2021;29/11/2021;Lunes;12:30:00;Ruta Nacional 9;0.0;1;Vehículo Oficial;San Sebastián Y Ruta Nacional 9;2;2;0;0;0;0;Ruta;FUNES;Constitución;S/D;S/D;II;Dentro;Urbana;Otra Señal;Funciona;Intersección;S/D;S/D;Diurna;S/D;Múltiple;S/D;Colisión;S/D;S/D
9616;2021;29/11/2021;Lunes;;Ruta Nacional 34;276.0;2;Automóvil,Camión; ;3;2;0;1;0;0;Ruta;TACURAL;Constitución;Asfalto;S/D;V;Dentro;Rural;Otra Señal;S/D;Intersección;S/D;S/D;S/D;S/D;Múltiple;S/D;Colisión;S/D;S/D
9617;2021;29/11/2021;Lunes;12:15:00;;0.0;2;Moto/Ciclomotor,Automóvil;Santa Fe ;2;1;0;1;0;0;Calle;SAN GENARO;Constitución;S/D;S/D;XV;Dentro;Urbana;Otra Señal;S/D;Intersección;S/D;S/D;Diurna;S/D;Múltiple;S/D;Colisión;S/D;S/D
9618;2021;29/11/2021;Lunes;19:30:00;;0.0;1;Moto/Ciclomotor;Biedma Y Lavalle;1;1;0;0;0;0;Calle;ROSARIO;Constitución;Asfalto;S/D;II;Dentro;Urbana;Otra Señal;S/D;Intersección;Bueno;S/D;Atardecer;S/D;Múltiple;S/D;Colisión;S/D;S/D
9619;2021;29/11/2021;Lunes;08:30:00;;0.0;1;Moto/Ciclomotor;Av. Avellaneda B Y Garay;1;1;0;0;0;0;Calle;ROSARIO;Constitución;Asfalto;S/D;II;Dentro;Urbana;Otra Señal;S/D;Intersección;S/D;S/D;Diurna;S/D;Múltiple;S/D;Colisión;S/D;S/D
9620;2021;29/11/2021;Lunes;14:00:00;;0.0;1;Moto/Ciclomotor;La Paz Y Av. Provincias Unidas;1;1;0;0;0;0;Calle;ROSARIO;Constitución;Asfalto;S/D;II;Dentro;Urbana;Otra Señal;S/D;Intersección;S/D;S/D;Diurna;S/D;Múltiple;S/D;Colisión;S/D;S/D
9621;2021;29/11/2021;Lunes;10:45:00;;0.0;1;Moto/Ciclomotor;Sarmiento Y Bv. Seguí;2;2;0;0;0;0;Avenida;ROSARIO;Constitución;Asfalto;S/D;II;Dentro;Urbana;Otra Señal;S/D;Intersección;S/D;S/D;Diurna;S/D;Múltiple;S/D;Colisión;S/D;S/D
9622;2021;29/11/2021;Lunes;19:00:00;;0.0;1;Moto/Ciclomotor;Gral.Mosconi Y Bv. Avellaneda;2;2;0;0;0;0;Avenida;ROSARIO;Constitución;Asfalto;S/D;II;Dentro;Urbana;Otra Señal;S/D;Intersección;S/D;S/D;Atardecer;S/D;Múltiple;S/D;Colisión;S/D;S/D
9623;2021;29/11/2021;Lunes;05:00:00;;0.0;1;Automóvil; ;1;1;0;0;0;0;S/D;TOTORAS;Constitución;S/D;S/D;X;S/D;S/D;Otra Señal;S/D;Intersección;S/D;S/D;Amanecer;S/D;Múltiple;S/D;Colisión;S/D;S/D
9624;2021;29/11/2021;Lunes;19:30:00;;0.0;1;Moto/Ciclomotor;Lavalle Y Biedma;1;1;0;0;0;0;Calle;ROSARIO;Constitución;Asfalto;S/D;II;Dentro;Urbana;Otra Señal;S/D;Intersección;S/D;S/D;Atardecer;S/D;Múltiple;S/D;Colisión;S/D;S/D
9625;2021;29/11/2021;Lunes;19:30:00;;0.0;1;Moto/Ciclomotor;J.J.Paso ;1;1;0;0;0;0;Calle;ROSARIO;Constitución;S/D;S/D;II;Dentro;Urbana;Otra Señal;S/D;Intersección;S/D;S/D;Atardecer;S/D;Múltiple;S/D;Colisión;S/D;S/D
9626;2021;29/11/2021;Lunes;05:30:00;;0.0;2;Peatón,Otros; ;2;0;0;0;0;1;S/D;ROSARIO;Rosario;S/D;S/D;II;S/D;S/D;Otra Señal;S/D;Intersección;S/D;S/D;Nocturna;S/D;Múltiple;Peatón;Colisión;S/D;S/D
9627;2021;30/11/2021;Martes;10:35:00;;0.0;1;Bicicleta;Falucho 645;1;0;0;0;1;0;Calle;RAFAELA;Castellanos;Asfalto;No existe;V;S/D;Urbana;Otra Señal;No existe;Intersección;Bueno;S/D;Diurna;S/D;Múltiple;S/D;Colisión;Ninguna;Horizontal
9628;2021;30/11/2021;Martes;01:15:00;Ruta Nacional 33;535.0;2;Moto/Ciclomotor,Pickup/Utilitario;Ruta Nacional 33 Y Azcuénaga;2;1;0;0;1;0;Ruta;RUFINO;General LÓPEZ;Asfalto;Pavimento;VIII;S/D;Rural;Otra Señal;No existe;Intersección;Bueno;S/D;Nocturna;S/D;Múltiple;S/D;Colisión;Ninguna;Faltante
9629;2021;30/11/2021;Martes;10:30:00;;0.0;2;Bicicleta,Camión;Bv. 27 De Febrero Y Campbell;2;0;0;1;1;0;Avenida;ROSARIO;Rosario;Asfalto;No existe;II;S/D;Urbana;Otra Señal;Funciona;Intersección;Bueno;S/D;Diurna;Buen Tiempo;Múltiple;Ciclista;Colisión;Ninguna;Horizontal,Vertical
9630;2021;30/11/2021;Martes;11:40:00;;0.0;2;Moto/Ciclomotor,Pickup/Utilitario;E Wuthrich Y Pueyrredón;3;1;0;2;0;0;Calle;SAN CARLOS CENTRO;Constitución;Asfalto;No existe;XI;Dentro;Urbana;Otra Señal;No existe;Intersección;Bueno;Buena;Diurna;Buen Tiempo;Múltiple;S/D;Colisión;Ninguna;Faltante
9631;2021;30/11/2021;Martes;08:25:00;;0.0;2;Bicicleta,Transporte de Pasajeros Urbano (> 8 asientos);Padre Quiroga Y Juan de Garay;2;1;0;1;0;0;Calle;SANTA FE;Constitución;Asfalto;No existe;I;Dentro;Urbana;Otra Señal;No existe;Intersección;Bueno;Buena;Diurna;Buen Tiempo;Múltiple;Ciclista;Colisión;Ninguna;S/D
9632;2021;30/11/2021;Martes;17:40:00;;0.0;2;Moto/Ciclomotor,Automóvil;L de la Torre Y Moreno;3;2;0;1;0;0;Calle;VERA;Constitución;Asfalto;S/D;XIX;Dentro;Urbana;Otra Señal;S/D;Intersección;Bueno;Buena;Diurna;Buen Tiempo;Múltiple;S/D;Colisión;Ninguna;Faltante
9633;2021;30/11/2021;Martes;12:50:00;;0.0;1;Moto/Ciclomotor;Colon Y A Lezama;1;1;0;0;0;0;Calle;VERA;Constitución;Asfalto;No existe;XIX;Dentro;Urbana;Otra Señal;No existe;Intersección;Bueno;Buena;Diurna;Buen Tiempo;Múltiple;S/D;Colisión;S/D;Vertical
9634;2021;30/11/2021;Martes;21:40:00;Ruta Nacional 34;232.0;3;Automóvil,Pickup/Utilitario,Camión c / Acoplado; ;3;1;0;2;0;0;Ruta;LEHMANN;Constitución;Asfalto;Natural;V;S/D;Rural;Otra Señal;No existe;Intersección;Bueno;Buena;Nocturna;Buen Tiempo;Múltiple;S/D;Colisión;Ninguna;Horizontal,Vertical
9635;2021;30/11/2021;Martes;17:00:00;Ruta Provincial 39;209.0;1;Automóvil; ;2;2;0;0;0;0;Ruta;ARRUFÓ;Constitución;S/D;S/D;XIII;Fuera;Rural;Otra Señal;S/D;Intersección;S/D;S/D;Diurna;S/D;Múltiple;S/D;Colisión;S/D;S/D
9636;2021;30/11/2021;Martes;19:00:00;;0.0;2;Moto/Ciclomotor,Moto/Ciclomotor; ;3;1;0;2;0;0;Calle;LAS GARZAS;Constitución;Asfalto;No existe;IX;Dentro;Urbana;Otra Señal;No existe;Intersección;Bueno;Buena;Diurna;Buen Tiempo;Múltiple;S/D;Colisión;Ninguna;Faltante
9637;2021;30/11/2021;Martes;10:35:00;;0.0;2;Automóvil,Moto/Ciclomotor;Calle 29-Alte Brown Y Calle 36 Entre Ríos;2;1;0;1;0;0;Calle;RECONQUISTA;Constitución;S/D;No existe;IX;Dentro;Urbana;Otra Señal;S/D;Intersección;Bueno;Buena;Diurna;Buen Tiempo;Múltiple;S/D;Colisión;Ninguna;Horizontal,Vertical
9638;2021;30/11/2021;Martes;09:15:00;;0.0;2;Automóvil,Moto/Ciclomotor;Calle 16 Gral. Obligado Y Calle 25-Rivadavia;2;1;0;1;0;0;Calle;RECONQUISTA;Constitución;Asfalto;S/D;IX;Dentro;Urbana;Otra Señal;S/D;Intersección;S/D;S/D;Diurna;S/D;Múltiple;S/D;Colisión;S/D;S/D
9639;2021;30/11/2021;Martes;15:00:00;Ruta Nacional 9;0.0;2;Transporte de Pasajeros Larga Distancia (> 8 asientos),Camión; ;4;3;0;1;0;0;Ruta;CORREA;Constitución;Asfalto;S/D;X;Dentro;Rural;Otra Señal;No existe;Intersección;S/D;S/D;Diurna;S/D;Múltiple;S/D;Colisión;S/D;S/D
9640;2021;30/11/2021;Martes;23:46:00;;0.0;1;Moto/Ciclomotor; ;1;0;0;0;1;0;S/D;ROSARIO;Constitución;S/D;S/D;II;S/D;S/D;Otra Señal;S/D;Intersección;S/D;S/D;Nocturna;S/D;Múltiple;S/D;Colisión;S/D;S/D
9641;2021;30/11/2021;Martes;;;0.0;2;Moto/Ciclomotor,Automóvil; ;2;1;0;1;0;0;S/D;ESPERANZA;Constitución;S/D;S/D;XI;S/D;S/D;Otra Señal;S/D;Intersección;S/D;S/D;S/D;S/D;Múltiple;S/D;Colisión;S/D;S/D
9642;2021;30/11/2021;Martes;19:30:00;;0.0;1;Moto/Ciclomotor;Lima Y Bv. 27 De Febrero;1;1;0;0;0;0;Avenida;ROSARIO;Constitución;Asfalto;S/D;II;Dentro;Urbana;Otra Señal;S/D;Intersección;S/D;S/D;Atardecer;S/D;Múltiple;S/D;Colisión;S/D;S/D
9643;2021;30/11/2021;Martes;15:00:00;;0.0;1;Moto/Ciclomotor;Cochabamba ;1;1;0;0;0;0;Calle;ROSARIO;Constitución;Asfalto;S/D;II;Dentro;Urbana;Otra Señal;S/D;Intersección;S/D;S/D;Diurna;S/D;Múltiple;S/D;Colisión;S/D;S/D
9644;2021;30/11/2021;Martes;09:05:00;;0.0;2;Peatón,Otros;Junín Y Barra;2;1;0;0;0;1;Calle;ROSARIO;Constitución;S/D;S/D;II;Dentro;Urbana;Otra Señal;S/D;Intersección;S/D;S/D;Diurna;S/D;Múltiple;Peatón;Colisión;S/D;S/D
9645;2021;30/11/2021;Martes;18:00:00;;0.0;2;Automóvil,Moto/Ciclomotor;Soldado Aguirre Y Av. Cafferata;2;0;0;1;0;0;Avenida;VILLA GOBERNADOR GÁLVEZ;Rosario;S/D;S/D;II;Dentro;Urbana;Otra Señal;S/D;Intersección;S/D;S/D;Diurna;S/D;Múltiple;S/D;Colisión;S/D;S/D
9646;2021;1/12/2021;Miercoles;15:20:00;;0.0;2;Bicicleta,Automóvil;Ayolas Y Buenos Aires;2;0;0;1;1;0;Calle;ROSARIO;Rosario;Asfalto;No existe;II;Dentro;Urbana;Otra Señal;Funciona;Intersección;Bueno;Buena;Diurna;Buen Tiempo;Múltiple;Ciclista;Colisión;Ninguna;Horizontal,Vertical
9647;2021;1/12/2021;Miercoles;19:20:00;;0.0;2;Moto/Ciclomotor,Pickup/Utilitario;Salta Y Uriburu;2;0;0;1;1;0;Calle;SAN LORENZO;San Lorenzo;Asfalto;No existe;XVII;S/D;Urbana;Otra Señal;No existe;Intersección;Bueno;S/D;Nocturna;S/D;Múltiple;S/D;Colisión;Ninguna;Faltante
9648;2021;1/12/2021;Miercoles;13:45:00;;0.0;2;Moto/Ciclomotor,Moto/Ciclomotor;Av. Mosconi Y Moreno;2;2;0;0;0;0;Avenida;SANTA FE;Constitución;Asfalto;No existe;I;Dentro;Urbana;Otra Señal;No existe;Intersección;Con baches;Buena;Diurna;Buen Tiempo;Múltiple;S/D;Colisión;Ninguna;Faltante
9649;2021;1/12/2021;Miercoles;07:50:00;Ruta Nacional 168;0.0;2;Bicicleta,Camión c / Acoplado; ;3;2;0;1;0;0;Ruta;SANTA FE;Constitución;Asfalto;Natural;I;Dentro;S/D;Otra Señal;No existe;Intersección;Bueno;Buena;Amanecer,Con luz artificial;S/D;Múltiple;Ciclista;Colisión;Ninguna;Horizontal
9650;2021;1/12/2021;Miercoles;21:30:00;;0.0;1;Moto/Ciclomotor;Humberto Primero Y P P Sellares;2;1;0;1;0;0;Calle;HELVECIA;Constitución;Asfalto;No existe;VII;Dentro;Urbana;Otra Señal;No existe;Intersección;Bueno;Buena;Diurna;Buen Tiempo;Múltiple;S/D;Colisión;Ninguna;Faltante
9651;2021;1/12/2021;Miercoles;11:00:00;;0.0;2;Automóvil,Bicicleta;Eva Perón Y 1ro de Mayo;2;1;0;1;0;0;Calle;SANTA FE;Constitución;Asfalto;No existe;I;Dentro;Urbana;Otra Señal;No existe;Intersección;Bueno;Buena;Diurna;Buen Tiempo;Múltiple;Ciclista;Colisión;Ninguna;Horizontal
9652;2021;1/12/2021;Miercoles;07:00:00;;0.0;2;Moto/Ciclomotor,Moto/Ciclomotor;Camino Viejo Soldini 3500;2;1;0;0;0;1;Avenida;ROSARIO;Constitución;Asfalto;No existe;II;Dentro;Urbana;Otra Señal;No existe;Intersección;Bueno;Buena;Diurna;Buen Tiempo;Múltiple;S/D;Colisión;Ninguna;Faltante
9653;2021;1/12/2021;Miercoles;16:30:00;;0.0;2;Bicicleta,Automóvil;Gálvez Y San Martin;2;1;0;1;0;0;Avenida;ROSARIO;Constitución;Asfalto;No existe;II;Dentro;Urbana;Otra Señal;Funciona;Intersección;Bueno;Buena;Diurna;Buen Tiempo;Múltiple;Ciclista;Colisión;Ninguna;Horizontal,Vertical
9654;2021;1/12/2021;Miercoles;09:00:00;;0.0;2;Moto/Ciclomotor,Automóvil;Av. Luis Carballo Y Bv. Avellaneda;2;1;0;1;0;0;Avenida;ROSARIO;Constitución;Asfalto;No existe;I;Dentro;Urbana;Otra Señal;Funciona;Intersección;Bueno;Buena;Diurna;Buen Tiempo;Múltiple;S/D;Colisión;Ninguna;Faltante
9655;2021;1/12/2021;Miercoles;13:40:00;;0.0;2;Automóvil,Otros;Av. Pellegrini Y Italia;3;1;0;2;0;0;Avenida;ROSARIO;Constitución;Asfalto;No existe;II;Dentro;Urbana;Otra Señal;Funciona;Intersección;Bueno;Buena;Diurna;Buen Tiempo;Múltiple;S/D;Colisión;Ninguna;Horizontal,Vertical
9656;2021;1/12/2021;Miercoles;19:15:00;;0.0;2;Automóvil,Bicicleta;13 de Diciembre Y Gral. Bolívar;2;1;0;1;0;0;Calle;SAN JORGE;Constitución;Asfalto;No existe;XVIII;Dentro;Urbana;Otra Señal;No existe;Intersección;Bueno;Buena;Diurna;Buen Tiempo;Múltiple;Ciclista;Colisión;Ninguna;Faltante
9657;2021;1/12/2021;Miercoles;15:40:00;;0.0;2;Moto/Ciclomotor,Automóvil;Osvaldo Fresedo 1100;2;1;0;1;0;0;Calle;ROSARIO;Constitución;Asfalto;No existe;II;Dentro;Urbana;Otra Señal;No existe;Intersección;Bueno;Buena;Diurna;Buen Tiempo;Múltiple;S/D;Colisión;Ninguna;Faltante
9658;2021;1/12/2021;Miercoles;10:30:00;;0.0;2;Automóvil,Pickup/Utilitario;Av. Génova Y Barra;4;2;0;2;0;0;Avenida;ROSARIO;Constitución;Asfalto;No existe;II;Dentro;Urbana;Otra Señal;No existe;Intersección;Bueno;Buena;Diurna;Buen Tiempo;Múltiple;S/D;Colisión;Ninguna;Faltante
9659;2021;1/12/2021;Miercoles;14:00:00;;0.0;2;Moto/Ciclomotor,Pickup/Utilitario;Tucumán 6500;3;2;0;1;0;0;Calle;ROSARIO;Constitución;Asfalto;No existe;II;Dentro;Urbana;Otra Señal;No existe;Intersección;Bueno;Buena;Diurna;Buen Tiempo;Múltiple;S/D;Colisión;Ninguna;Faltante
9660;2021;1/12/2021;Miercoles;;;0.0;2;Automóvil,Moto/Ciclomotor; ;2;1;0;1;0;0;S/D;ESPERANZA;Constitución;S/D;S/D;XI;S/D;S/D;Otra Señal;S/D;Intersección;S/D;S/D;S/D;S/D;Múltiple;S/D;Colisión;S/D;S/D
9661;2021;1/12/2021;Miercoles;;;0.0;2;Bicicleta,Pickup/Utilitario; ;2;1;0;1;0;0;S/D;ESPERANZA;Constitución;S/D;S/D;XI;S/D;S/D;Otra Señal;S/D;Intersección;S/D;S/D;S/D;S/D;Múltiple;Ciclista;Colisión;S/D;S/D
9662;2021;1/12/2021;Miercoles;17:10:00;;0.0;2;Taxi/Remis,Moto/Ciclomotor;Dr. Ghio Y Sargento Cabral;2;1;0;1;0;0;Calle;SAN LORENZO;Constitución;Asfalto;No existe;XVII;Dentro;Urbana;Otra Señal;No existe;Intersección;Bueno;S/D;Diurna;Buen Tiempo;Múltiple;S/D;Colisión;Ninguna;S/D
9663;2021;1/12/2021;Miercoles;12:50:00;;0.0;3;Automóvil,Automóvil,Moto/Ciclomotor;Ayohuma Y S Gaboto;5;1;0;4;0;0;Calle;SAN LORENZO;Constitución;Asfalto;No existe;XVII;Dentro;Urbana;Otra Señal;No existe;Intersección;Bueno;S/D;Diurna;Buen Tiempo;Múltiple;S/D;Colisión;S/D;Faltante
9664;2021;1/12/2021;Miercoles;20:30:00;;0.0;2;Moto/Ciclomotor,Automóvil;Calle 22- 25 de Mayo Y Calle 47-Islas Malvinas;2;1;0;1;0;0;Calle;RECONQUISTA;Constitución;Asfalto;No existe;IX;Dentro;Urbana;Otra Señal;No existe;Intersección;Bueno;Buena;Nocturna,Con luz artificial;S/D;Múltiple;S/D;Colisión;Ninguna;Faltante
9665;2021;1/12/2021;Miercoles;;;0.0;1;Moto/Ciclomotor;Brasil 800;1;1;0;0;0;0;Calle;SUNCHALES;Constitución;Asfalto;No existe;V;Dentro;Urbana;Otra Señal;No existe;Intersección;Bueno;S/D;S/D;S/D;Múltiple;S/D;Colisión;Ninguna;Faltante
9666;2021;1/12/2021;Miercoles;;;0.0;1;Bicicleta;Tucumán 100;1;1;0;0;0;0;Calle;SUNCHALES;Constitución;Asfalto;No existe;V;Dentro;Urbana;Otra Señal;No existe;Intersección;Bueno;S/D;S/D;S/D;Múltiple;S/D;Colisión;Ninguna;Faltante
9667;2021;1/12/2021;Miercoles;;;0.0;1;Moto/Ciclomotor;Rio De Janeiro ;1;1;0;0;0;0;Calle;ROSARIO;Constitución;S/D;S/D;II;Dentro;Urbana;Otra Señal;S/D;Intersección;S/D;S/D;S/D;S/D;Múltiple;S/D;Colisión;S/D;S/D
9668;2021;1/12/2021;Miercoles;17:50:00;;0.0;1;Moto/Ciclomotor;Ocampo Y Vera Mujica;1;1;0;0;0;0;Calle;ROSARIO;Constitución;Asfalto;No existe;II;Dentro;Urbana;Otra Señal;No existe;Intersección;Bueno;S/D;Diurna;S/D;Múltiple;S/D;Colisión;Ninguna;Faltante
9669;2021;1/12/2021;Miercoles;12:55:00;Autopista Nacional A008;0.0;3;Camión c / Semirremolque,Automóvil,Camión c / Acoplado;Av. Circunvalación Y Av. Ovidio Lagos;3;1;0;1;0;0;Autopista;ROSARIO;Constitución;Asfalto;No existe;II;Dentro;Urbana;Otra Señal;No existe;Intersección;Bueno;Buena;Diurna;Buen Tiempo;Múltiple;S/D;Colisión;Ninguna;Horizontal
9670;2021;1/12/2021;Miercoles;17:45:00;;0.0;2;Automóvil,Moto/Ciclomotor;Av. Battle y Ordoñez Y San Martin;5;0;0;4;0;0;Calle;ROSARIO;Rosario;Asfalto;No existe;II;Dentro;Urbana;Otra Señal;Funciona;Intersección;Bueno;Buena;Diurna;Buen Tiempo;Múltiple;S/D;Colisión;Ninguna;Horizontal,Vertical
9671;2021;1/12/2021;Miercoles;08:15:00;;0.0;2;Bicicleta,Automóvil;Ayacucho Y Bv. Seguí;2;0;0;1;0;0;Avenida;ROSARIO;Rosario;Asfalto;No existe;II;Dentro;Urbana;Otra Señal;No existe;Intersección;Bueno;Buena;Diurna;Buen Tiempo;Múltiple;Ciclista;Colisión;Ninguna;Faltante
9672;2021;1/12/2021;Miercoles;22:45:00;;0.0;2;Automóvil,Moto/Ciclomotor;Av. Jorge Newbery Y Bv. Wilde;4;2;0;1;0;0;Avenida;ROSARIO;Rosario;Asfalto;No existe;II;Dentro;Urbana;Otra Señal;No existe;Intersección;Bueno;S/D;Nocturna;S/D;Múltiple;S/D;Colisión;S/D;Faltante
9673;2021;1/12/2021;Miercoles;;;0.0;2;Moto/Ciclomotor,Automóvil;J M Williner Y Ituzaingó;2;0;0;1;0;0;Calle;RAFAELA;Castellanos;Asfalto;No existe;V;Dentro;Urbana;Otra Señal;No existe;Intersección;Bueno;S/D;S/D;S/D;Múltiple;S/D;Colisión;Ninguna;Faltante
9674;2021;1/12/2021;Miercoles;13:10:00;;0.0;2;Moto/Ciclomotor,Transporte de Pasajeros Urbano (> 8 asientos);Calle 18-Belgrano Y Calle 43;2;0;0;1;0;0;Calle;RECONQUISTA;General Obligado;Asfalto;No existe;IX;Dentro;Urbana;Otra Señal;No existe;Intersección;Bueno;S/D;Diurna;S/D;Múltiple;S/D;Colisión;Ninguna;Faltante
9675;2021;1/12/2021;Miercoles;;;0.0;2;Automóvil,Moto/Ciclomotor; ;3;0;0;1;0;0;Calle;SANTA FE;La Capital;Asfalto;No existe;I;Dentro;Urbana;Otra Señal;S/D;Intersección;S/D;S/D;S/D;S/D;S/D;S/D;Colisión;S/D;S/D
9676;2021;2/12/2021;Jueves;03:05:00;Ruta Provincial 65;87.0;2;Pickup/Utilitario,Camión c / Acoplado;Ruta Provincial 65 ;2;0;0;1;1;0;Ruta;LAS ROSAS;Belgrano;Asfalto;Natural;III;Dentro;Rural;Otra Señal;No existe;Intersección;Con baches;Buena;Nocturna;Buen Tiempo;Múltiple;S/D;Colisión;Material Suelto;Faltante
9677;2021;2/12/2021;Jueves;19:50:00;Autopista Nacional Rosario -Cordoba;304.0;1;Automóvil; ;1;0;0;0;1;0;Autopista;FUNES;Rosario;Asfalto;Natural;II;S/D;Rural;Otra Señal;No existe;Intersección;Deteriorada;S/D;Nocturna;S/D;Múltiple;S/D;Colisión;Ninguna;Faltante
9678;2021;2/12/2021;Jueves;18:30:00;Ruta Nacional 11;463.0;2;Automóvil,Moto/Ciclomotor; ;3;2;0;1;0;0;Ruta;SANTA FE;Constitución;Asfalto;No existe;I;Dentro;Urbana;Otra Señal;No existe;Intersección;Con baches;Buena;Diurna;S/D;Múltiple;S/D;Colisión;Ninguna;Horizontal
9679;2021;2/12/2021;Jueves;08:00:00;;0.0;2;Automóvil,Moto/Ciclomotor;Av. Mosconi Y Juan de Garay;2;1;0;1;0;0;Avenida;SANTA FE;Constitución;Asfalto;No existe;I;Dentro;Urbana;Otra Señal;No existe;Intersección;Con baches;Buena;Diurna;Buen Tiempo;Múltiple;S/D;Colisión;Ninguna;Faltante
9680;2021;2/12/2021;Jueves;16:45:00;;0.0;2;Otros,Moto/Ciclomotor;Reg. 12 de Infantería Y Italia;2;0;0;0;0;2;Calle;SANTA FE;Constitución;Asfalto;No existe;I;Dentro;Urbana;Otra Señal;No existe;Intersección;S/D;Reducida;Diurna;S/D;Múltiple;S/D;Colisión;S/D;Faltante
9681;2021;2/12/2021;Jueves;18:50:00;;0.0;2;Moto/Ciclomotor,Pickup/Utilitario;Bv Muttis Y Laprida;4;3;0;1;0;0;Avenida;SANTA FE;Constitución;Asfalto;No existe;I;Dentro;Urbana;Otra Señal;No existe;Intersección;Bueno;Buena;Diurna;S/D;Múltiple;S/D;Colisión;Ninguna;Horizontal
9682;2021;2/12/2021;Jueves;23:15:00;;0.0;2;Moto/Ciclomotor,Moto/Ciclomotor;Belgrano Y Lavaisse;2;2;0;0;0;0;Calle;SANTA FE;Constitución;Asfalto;No existe;I;Dentro;Urbana;Otra Señal;No existe;Intersección;S/D;Buena;Nocturna;Buen Tiempo;Múltiple;S/D;Colisión;Ninguna;Faltante
9683;2021;2/12/2021;Jueves;10:50:00;;0.0;2;Automóvil,Bicicleta;Av. Corrientes Y Cochabamba;2;1;0;1;0;0;Avenida;ROSARIO;Constitución;Asfalto;No existe;II;Dentro;Urbana;Otra Señal;No existe;Intersección;Bueno;Buena;Diurna;Buen Tiempo;Múltiple;S/D;Colisión;Ninguna;Horizontal
9684;2021;2/12/2021;Jueves;18:20:00;;0.0;2;Automóvil,Moto/Ciclomotor;Avenida Nuestra Señora del Luj Y Rca Oriental del Uruguay;2;1;0;1;0;0;Avenida;SANTO TOMÉ;Constitución;Asfalto;No existe;I;Dentro;Urbana;Otra Señal;No existe;Intersección;Bueno;Buena;Diurna;Buen Tiempo;Múltiple;S/D;Colisión;Ninguna;Faltante