ID_Accidente;A�o;Fecha;Dia;Hopra;Ruta/Autop;km;Participantes;Tipo;Lugar;Total;Heridos Leves;Heridos Graves;Ilesos;Fallecidos;Sin datos;desc_tipo_via;desc_loc;desc_dpto;|;desc_tipo_banquina;desc_unidad_regional;desc_lugar_calzada;desc_zona;desc_prioridad;desc_estado_semaforo;desc_lugar_via;desc_estado_via;desc_estado_visibilidad;desc_luminosidad;desc_estado_clima;desc_tipo_colision;desc_tipo_atropello;desc_tipo_hecho;desc_pres_calzada;desc_senializacion
9685;2021;2/12/2021;Jueves;11:50:00;;0.0;2;Moto/Ciclomotor,Moto/Ciclomotor;J B Justo Y Laprida;2;2;0;0;0;0;Calle;SAN CRISTÓBAL;Constitución;Asfalto;No existe;XIII;Dentro;Urbana;Otra Señal;No existe;Intersección;Bueno;Buena;Diurna;Buen Tiempo;Múltiple;S/D;Colisión;Ninguna;Faltante
9686;2021;2/12/2021;Jueves;13:15:00;;0.0;2;Moto/Ciclomotor,Bicicleta;Avenida 21 Y Calle 20;3;3;0;0;0;0;Avenida;LAS PAREJAS;Constitución;Asfalto;No existe;III;Dentro;Urbana;Otra Señal;No existe;Intersección;Deteriorada;Buena;Diurna;Buen Tiempo;Múltiple;Ciclista;Colisión;Ninguna;Faltante
9687;2021;2/12/2021;Jueves;10:50:00;;0.0;2;Moto/Ciclomotor,Moto/Ciclomotor;Candioti Y Sargento Cabral;2;1;0;1;0;0;Calle;SANTA FE;Constitución;Asfalto;No existe;I;Dentro;Urbana;Otra Señal;No existe;Intersección;Bueno;S/D;Diurna;Buen Tiempo;Múltiple;S/D;Colisión;Ninguna;Horizontal
9688;2021;2/12/2021;Jueves;13:15:00;;0.0;2;Bicicleta,Automóvil;Cándido Pujato Y Gdor. Candioti;2;1;0;1;0;0;Calle;SANTA FE;Constitución;Asfalto;No existe;I;Dentro;Urbana;Otra Señal;No existe;Intersección;Bueno;Buena;Diurna;Buen Tiempo;Múltiple;Ciclista;Colisión;Ninguna;Horizontal
9689;2021;2/12/2021;Jueves;;;0.0;2;Moto/Ciclomotor,Automóvil;Garibaldi 3400;2;1;0;0;0;1;Calle;ROSARIO;Constitución;Asfalto;No existe;II;Dentro;Urbana;Otra Señal;No existe;Intersección;Bueno;Buena;Diurna;Buen Tiempo;Múltiple;S/D;Colisión;Ninguna;Faltante
9690;2021;2/12/2021;Jueves;19:00:00;;0.0;2;Automóvil,Moto/Ciclomotor;Ayacucho 5341;2;1;0;1;0;0;Avenida;ROSARIO;Constitución;Asfalto;No existe;II;Dentro;Urbana;Otra Señal;No existe;Intersección;Bueno;Buena;Diurna;Buen Tiempo;Múltiple;S/D;Colisión;Ninguna;Horizontal
9691;2021;2/12/2021;Jueves;12:30:00;;0.0;2;Moto/Ciclomotor,Automóvil;Av. Uriburu Y 1 de Mayo;2;1;0;1;0;0;Avenida;ROSARIO;Constitución;Asfalto;No existe;II;Dentro;Urbana;Otra Señal;No existe;Intersección;Bueno;Buena;Diurna;Buen Tiempo;Múltiple;S/D;Colisión;Ninguna;Faltante
9692;2021;2/12/2021;Jueves;11:25:00;;0.0;3;Moto/Ciclomotor,Automóvil,Transporte de Pasajeros Urbano (> 8 asientos);Mendoza 3700;3;1;0;2;0;0;Calle;ROSARIO;Constitución;Asfalto;No existe;II;Dentro;Urbana;Otra Señal;Funciona;Intersección;Bueno;Buena;Diurna;Buen Tiempo;Múltiple;S/D;Colisión;Ninguna;Horizontal,Vertical
9693;2021;2/12/2021;Jueves;14:00:00;;0.0;2;Pickup/Utilitario,Moto/Ciclomotor;Av. Pellegrini Y Bv. Oroño;3;1;0;2;0;0;Avenida;ROSARIO;Constitución;Asfalto;No existe;II;Dentro;Urbana;Otra Señal;Funciona;Intersección;Bueno;Buena;Diurna;Buen Tiempo;Múltiple;S/D;Colisión;Ninguna;Horizontal,Vertical
9694;2021;2/12/2021;Jueves;12:30:00;;0.0;2;Bicicleta,Automóvil;Gral. Las Heras Y Hipólito Irigoyen;2;1;0;1;0;0;Calle;SAN JORGE;Constitución;Asfalto;No existe;XVIII;Dentro;Urbana;Otra Señal;No existe;Intersección;Bueno;Buena;Diurna;Buen Tiempo;Múltiple;Ciclista;Colisión;Ninguna;Faltante
9695;2021;2/12/2021;Jueves;08:45:00;;0.0;2;Automóvil,Moto/Ciclomotor;San Nicolas Y Soldado Aguirre;2;1;0;1;0;0;Calle;VILLA GOBERNADOR GÁLVEZ;Constitución;Asfalto;No existe;II;Dentro;Urbana;Otra Señal;No existe;Intersección;Deteriorada;Buena;Diurna;Buen Tiempo;Múltiple;S/D;Colisión;Ninguna;Horizontal
9696;2021;2/12/2021;Jueves;21:50:00;;0.0;2;Bicicleta,Moto/Ciclomotor;Av. Génova Y Campbell;2;2;0;0;0;0;Avenida;ROSARIO;Constitución;Asfalto;No existe;II;Dentro;Urbana;Otra Señal;No existe;Intersección;Bueno;Buena;Nocturna;Buen Tiempo;Múltiple;Ciclista;Colisión;Ninguna;Faltante
9697;2021;2/12/2021;Jueves;16:00:00;;0.0;2;Moto/Ciclomotor,Automóvil;AV NEWBERY  Y SOLDADO AGUIRRE;2;1;0;1;0;0;Avenida;ROSARIO;Constitución;Asfalto;No existe;II;Dentro;Urbana;Otra Señal;No existe;Intersección;Deteriorada;Buena;Diurna;Buen Tiempo;Múltiple;S/D;Colisión;Material Suelto;Faltante
9698;2021;2/12/2021;Jueves;15:15:00;Autopista Provincial Brigadier E.LÓPEZ;14.0;1;Moto/Ciclomotor;Ruta 18 S ;1;0;0;0;1;0;Autopista;PUERTO SAN MARTÍN;Constitución;Asfalto;Pavimento;XVII;Dentro;Rural;Otra Señal;No existe;Intersección;Bueno;S/D;Diurna;S/D;Múltiple;S/D;Colisión;S/D;Horizontal,Vertical
9699;2021;2/12/2021;Jueves;19:50:00;;0.0;1;Moto/Ciclomotor;Av. Mármol Y Gral. Paz;2;2;0;0;0;0;Avenida;CAPITÁN BERMÚDEZ;Constitución;Asfalto;No existe;XVII;Dentro;Urbana;Otra Señal;No existe;Intersección;S/D;S/D;Diurna;S/D;Múltiple;S/D;Colisión;S/D;Faltante
9700;2021;2/12/2021;Jueves;11:00:00;;0.0;2;Pickup/Utilitario,Automóvil;Rivadavia Y Tte. roca;3;1;0;2;0;0;Calle;SAN LORENZO;Constitución;Asfalto;No existe;XVII;Dentro;Urbana;Otra Señal;No existe;Intersección;S/D;S/D;Diurna;S/D;Múltiple;S/D;Colisión;S/D;Faltante
9701;2021;2/12/2021;Jueves;17:35:00;;0.0;2;Moto/Ciclomotor,Automóvil;Calle 23-Gral López Y Calle 24 - Olessio;3;2;0;1;0;0;Calle;RECONQUISTA;Constitución;Asfalto;No existe;IX;Dentro;Urbana;Otra Señal;No existe;Intersección;Bueno;Buena;Diurna;S/D;Múltiple;S/D;Colisión;Ninguna;Faltante
9702;2021;2/12/2021;Jueves;21:00:00;;0.0;1;Moto/Ciclomotor; ;1;1;0;0;0;0;S/D;ROSARIO;Constitución;S/D;S/D;II;S/D;S/D;Otra Señal;S/D;Intersección;S/D;S/D;Nocturna;S/D;Múltiple;S/D;Colisión;S/D;S/D
9703;2021;2/12/2021;Jueves;21:35:00;;0.0;1;Moto/Ciclomotor;Av. Pellegrini Y Dorrego;1;1;0;0;0;0;Avenida;ROSARIO;Constitución;Asfalto;No existe;II;Dentro;Urbana;Otra Señal;Funciona;Intersección;S/D;S/D;Nocturna;S/D;Múltiple;S/D;Colisión;Ninguna;Horizontal,Vertical
9704;2021;2/12/2021;Jueves;15:10:00;;0.0;2;Automóvil,Moto/Ciclomotor;Gaboto 2700;3;0;0;2;0;0;Calle;ROSARIO;Constitución;Asfalto;No existe;II;Dentro;Urbana;Otra Señal;No existe;Intersección;Bueno;Buena;Diurna;Buen Tiempo;Múltiple;S/D;Colisión;Ninguna;Faltante
9705;2021;3/12/2021;Viernes;17:10:00;;0.0;2;Moto/Ciclomotor,Pickup/Utilitario;Av. Gral. López Y Quintana;2;1;0;1;0;0;Calle;SANTA FE;Constitución;Asfalto;No existe;I;Dentro;Urbana;Otra Señal;No existe;Intersección;S/D;Buena;Diurna;Buen Tiempo;Múltiple;S/D;Colisión;Ninguna;Horizontal
9706;2021;3/12/2021;Viernes;21:20:00;;0.0;2;Automóvil,Moto/Ciclomotor;Las Heras Y Salvador del Carril;3;2;0;1;0;0;Calle;SANTA FE;Constitución;Asfalto;No existe;I;Dentro;Urbana;Otra Señal;No existe;Intersección;S/D;Buena;Nocturna;Buen Tiempo;Múltiple;S/D;Colisión;Ninguna;Horizontal
9707;2021;3/12/2021;Viernes;;;0.0;2;Bicicleta,Automóvil;Mariano Moreno Y Pueyrredón;2;1;0;1;0;0;Calle;ESPERANZA;Constitución;Asfalto;Pavimento;XI;Dentro;Urbana;Otra Señal;No existe;Intersección;Bueno;Buena;Diurna;Buen Tiempo;Múltiple;Ciclista;Colisión;Otro;Faltante
9708;2021;3/12/2021;Viernes;;;0.0;1;Moto/Ciclomotor;G Lehmann Y Mariano Moreno;1;1;0;0;0;0;Calle;ESPERANZA;Constitución;Asfalto;Pavimento;XI;Dentro;Urbana;Otra Señal;No existe;Intersección;Bueno;Buena;Diurna;S/D;Múltiple;S/D;Colisión;Ninguna;Horizontal,Vertical
9709;2021;3/12/2021;Viernes;22:15:00;;0.0;2;Moto/Ciclomotor,Peatón;Bv. 27 De Febrero Y Bv. Avellaneda;2;2;0;0;0;0;Avenida;ROSARIO;Constitución;Asfalto;No existe;II;Dentro;Urbana;Otra Señal;Funciona;Intersección;Bueno;Buena;Diurna;Buen Tiempo;Múltiple;Peatón;Colisión;Ninguna;Horizontal,Vertical
9710;2021;3/12/2021;Viernes;18:00:00;;0.0;2;Automóvil,Moto/Ciclomotor;Bv. Seguí Y Mitre;2;1;0;1;0;0;Avenida;ROSARIO;Constitución;Asfalto;No existe;II;Dentro;Urbana;Otra Señal;No existe;Intersección;Bueno;Buena;Diurna;Buen Tiempo;Múltiple;S/D;Colisión;Ninguna;Horizontal,Vertical
9711;2021;3/12/2021;Viernes;16:00:00;;0.0;2;Automóvil,Moto/Ciclomotor;Santa Fe 1200;2;1;0;1;0;0;Calle;ROSARIO;Constitución;Asfalto;No existe;II;Dentro;Urbana;Otra Señal;Funciona;Intersección;Bueno;Buena;Diurna;Buen Tiempo;Múltiple;S/D;Colisión;Ninguna;Horizontal,Vertical
9712;2021;3/12/2021;Viernes;23:50:00;Autopista Nacional A008;0.0;1;Moto/Ciclomotor;Av. Circunvalación Y Ruta Nac 34;1;1;0;0;0;0;Autopista;ROSARIO;Constitución;Asfalto;No existe;II;Dentro;Urbana;Otra Señal;No existe;Intersección;Bueno;Buena;Diurna;Buen Tiempo;Múltiple;S/D;Colisión;S/D;Horizontal
9713;2021;3/12/2021;Viernes;14:30:00;;0.0;2;Pickup/Utilitario,Moto/Ciclomotor;Av. Corrientes Y San Juan;2;1;0;1;0;0;Avenida;ROSARIO;Constitución;Asfalto;No existe;II;Dentro;Urbana;Otra Señal;Funciona;Intersección;Bueno;Buena;Diurna;Buen Tiempo;Múltiple;S/D;Colisión;Ninguna;Horizontal,Vertical
9714;2021;3/12/2021;Viernes;15:00:00;;0.0;2;Pickup/Utilitario,Moto/Ciclomotor;3 De Febrero Y Laprida;2;1;0;1;0;0;Calle;ROSARIO;Constitución;Asfalto;No existe;II;Dentro;Urbana;Otra Señal;No existe;Intersección;Bueno;Buena;Diurna;Buen Tiempo;Múltiple;S/D;Colisión;Ninguna;Horizontal,Vertical
9715;2021;3/12/2021;Viernes;19:30:00;Ruta Nacional 33;0.0;2;Moto/Ciclomotor,Bicicleta;San Lorenzo Y Ruta Nac 33;2;1;0;1;0;0;Ruta;ZAVALLA;Constitución;Asfalto;No existe;II;Dentro;Urbana;Otra Señal;No existe;Intersección;Bueno;Buena;Nocturna;Buen Tiempo;Múltiple;Ciclista;Colisión;Ninguna;Horizontal
9716;2021;3/12/2021;Viernes;07:30:00;;0.0;2;Automóvil,Bicicleta;Calle 18 - Gral. Belgrano Y Calle 33-Pueyrredon;3;1;0;2;0;0;Calle;RECONQUISTA;Constitución;Asfalto;No existe;IX;Dentro;Urbana;Otra Señal;No existe;Intersección;Bueno;Buena;Diurna;Buen Tiempo;Múltiple;S/D;Colisión;Ninguna;Horizontal
9717;2021;3/12/2021;Viernes;18:15:00;;0.0;2;Automóvil,Automóvil;Buenos Aires Y General Manuel Belgrano;2;1;0;1;0;0;Calle;CASILDA;Constitución;Asfalto;No existe;IV;Dentro;Urbana;Otra Señal;No existe;Intersección;S/D;S/D;Diurna;S/D;Múltiple;S/D;Colisión;S/D;Faltante
9718;2021;3/12/2021;Viernes;;;0.0;2;Pickup/Utilitario,Bicicleta;Pavón Y San Lorenzo;3;2;0;1;0;0;Calle;VENADO TUERTO;Constitución;Asfalto;No existe;VIII;Dentro;Urbana;Otra Señal;No existe;Intersección;Bueno;S/D;Diurna;S/D;Múltiple;Ciclista;Colisión;S/D;Faltante
9719;2021;3/12/2021;Viernes;22:45:00;;0.0;2;Bicicleta,Automóvil;Catamarca Y Corrientes;2;1;0;1;0;0;Calle;VENADO TUERTO;Constitución;Asfalto;No existe;VIII;Dentro;Urbana;Otra Señal;No existe;Intersección;Bueno;Buena;Diurna;Buen Tiempo;Múltiple;Ciclista;Colisión;Ninguna;Faltante
9720;2021;3/12/2021;Viernes;20:30:00;Ruta Nacional 11;894.0;3;Moto/Ciclomotor,Moto/Ciclomotor,Camión; ;4;3;0;1;0;0;Ruta;LAS TOSCAS;Constitución;Asfalto,Tierra;No existe;IX;Dentro;Urbana;Otra Señal;No existe;Intersección;Bueno;S/D;Nocturna;Buen Tiempo;Múltiple;S/D;Colisión;Ninguna;Faltante
9721;2021;3/12/2021;Viernes;;;0.0;1;Moto/Ciclomotor;Montevideo Y España;1;1;0;0;0;0;S/D;ROSARIO;Constitución;S/D;S/D;II;S/D;S/D;Otra Señal;S/D;Intersección;S/D;S/D;S/D;S/D;Múltiple;S/D;Colisión;S/D;S/D
9722;2021;3/12/2021;Viernes;;;0.0;1;Moto/Ciclomotor;Alsina Y Gálvez;1;1;0;0;0;0;Calle;ROSARIO;Constitución;S/D;S/D;II;S/D;Urbana;Otra Señal;S/D;Intersección;S/D;S/D;S/D;S/D;Múltiple;S/D;Colisión;S/D;S/D
9723;2021;3/12/2021;Viernes;;;0.0;1;Moto/Ciclomotor;Biedma Y Camilo Aldao;1;1;0;0;0;0;Calle;ROSARIO;Constitución;S/D;S/D;II;S/D;S/D;Otra Señal;S/D;Intersección;S/D;S/D;S/D;S/D;Múltiple;S/D;Colisión;S/D;S/D
9724;2021;3/12/2021;Viernes;;;0.0;1;Peatón; ;1;1;0;0;0;0;S/D;ROSARIO;Constitución;S/D;S/D;II;S/D;S/D;Otra Señal;S/D;Intersección;S/D;S/D;S/D;S/D;Múltiple;Peatón;Colisión;S/D;S/D
9725;2021;3/12/2021;Viernes;;;0.0;1;Moto/Ciclomotor; ;1;1;0;0;0;0;S/D;ROSARIO;Constitución;S/D;S/D;II;S/D;S/D;Otra Señal;S/D;Intersección;S/D;S/D;S/D;S/D;Múltiple;S/D;Colisión;S/D;S/D
9726;2021;3/12/2021;Viernes;05:10:00;Ruta Nacional 178;0.0;2;Peatón,Automóvil;Calle 10 Y Diagonal 3;2;0;0;1;0;0;Ruta;LAS PAREJAS;Constitución;Asfalto;Natural;III;Dentro;Urbana;Otra Señal;No existe;Intersección;Bueno;Buena;Diurna;Buen Tiempo;Múltiple;Peatón;Colisión;Ninguna;Horizontal
9727;2021;4/12/2021;Sabado;02:10:00;Ruta Provincial 2;30.0;2;Automóvil,Camión Chasis; ;3;0;0;2;1;0;Ruta;LAGUNA PAIVA;La Capital;Asfalto;Natural;I;Dentro;Rural;Otra Señal;No existe;Intersección;Bueno;Reducida;Nocturna;Buen Tiempo;Múltiple;S/D;Colisión;Ninguna;Horizontal
9728;2021;4/12/2021;Sabado;22:00:00;;0.0;2;Otros,Peatón;Intendente Manuel Irigoyen ;2;1;0;0;0;1;S/D;SANTA FE;Constitución;Asfalto;No existe;I;Dentro;Urbana;Otra Señal;No existe;Intersección;Con baches;Buena;Nocturna;S/D;Múltiple;Peatón;Colisión;Ninguna;Faltante
9729;2021;4/12/2021;Sabado;21:30:00;;0.0;2;Moto/Ciclomotor,Automóvil;4 de Enero Y Estanislao Zeballos;2;1;0;1;0;0;Calle;SANTA FE;Constitución;Asfalto;No existe;I;Dentro;Urbana;Otra Señal;No existe;Intersección;Bueno;S/D;Nocturna;S/D;Múltiple;S/D;Colisión;Ninguna;Faltante
9730;2021;4/12/2021;Sabado;15:40:00;;0.0;2;Moto/Ciclomotor,Automóvil;J Castelli Y Piedras;2;0;0;0;0;2;Calle;SANTA FE;Constitución;Asfalto;No existe;I;Dentro;Urbana;Otra Señal;No existe;Intersección;S/D;Reducida;Diurna;S/D;Múltiple;S/D;Colisión;S/D;Faltante
9731;2021;4/12/2021;Sabado;15:40:00;;0.0;2;Automóvil,Moto/Ciclomotor;Av. A del Valle 10000;2;0;0;0;0;2;Avenida;SANTA FE;Constitución;Asfalto;No existe;I;Dentro;Urbana;Otra Señal;No existe;Intersección;S/D;Reducida;Diurna;S/D;Múltiple;S/D;Colisión;S/D;Faltante
9732;2021;4/12/2021;Sabado;19:00:00;;0.0;2;Moto/Ciclomotor,Automóvil;Ángel Cassanello Y Av. Gral. Paz;2;1;0;1;0;0;Avenida;SANTA FE;Constitución;Asfalto;No existe;I;Dentro;Urbana;Otra Señal;Funciona;Intersección;Bueno;Buena;Diurna;S/D;Múltiple;S/D;Colisión;Ninguna;Vertical
9733;2021;4/12/2021;Sabado;22:30:00;;0.0;2;Automóvil,Moto/Ciclomotor;Alvear Y Pedro Centeno;3;2;0;1;0;0;Calle;SANTA FE;Constitución;Asfalto;No existe;I;Dentro;Urbana;Otra Señal;No existe;Intersección;S/D;Buena;Nocturna;Buen Tiempo;Múltiple;S/D;Colisión;Ninguna;Faltante
9734;2021;4/12/2021;Sabado;16:30:00;;0.0;2;Moto/Ciclomotor,Automóvil;Javier de la Rosa Y Pedro Espinosa;3;1;0;2;0;0;Calle;SANTA FE;Constitución;Tierra;No existe;I;Dentro;Urbana;Otra Señal;No existe;Intersección;Con baches;Buena;Diurna;Buen Tiempo;Múltiple;S/D;Colisión;Otro;Faltante
9735;2021;4/12/2021;Sabado;22:30:00;;0.0;2;Automóvil,Automóvil;Primera Junta 4420;5;5;0;0;0;0;Avenida;SANTA FE;Constitución;Asfalto;Natural;I;Dentro;Urbana;Otra Señal;No existe;Intersección;Bueno;Reducida;Nocturna;Buen Tiempo;Múltiple;S/D;Colisión;Ninguna;Horizontal
9736;2021;4/12/2021;Sabado;06:00:00;Ruta Nacional 11;537.0;2;Automóvil,Camión; ;4;1;0;3;0;0;Ruta;VIDELA;Constitución;Asfalto;Natural;XVI;Dentro;Urbana;Otra Señal;No existe;Intersección;Resbaladiza;S/D;Nocturna;Lluvia;Múltiple;S/D;Colisión;Agua;Horizontal
9737;2021;4/12/2021;Sabado;23:10:00;;0.0;2;Peatón,Otros;Av. Leandro Alem Y Belgrano;2;1;0;0;0;1;Calle;SANTA FE;Constitución;Asfalto;No existe;I;Dentro;Urbana;Otra Señal;Funciona;Intersección;Bueno;Buena;Nocturna;Buen Tiempo;Múltiple;Peatón;Colisión;Ninguna;Vertical
9738;2021;4/12/2021;Sabado;15:55:00;;0.0;2;Pickup/Utilitario,Moto/Ciclomotor;Bv Gálvez ;2;1;0;1;0;0;Avenida;SANTA FE;Constitución;Asfalto;No existe;I;Dentro;Urbana;Otra Señal;No existe;Intersección;Bueno;Buena;Diurna;S/D;Múltiple;S/D;Colisión;Ninguna;S/D
9739;2021;4/12/2021;Sabado;03:10:00;;0.0;2;Transporte de Pasajeros Urbano (> 8 asientos),Moto/Ciclomotor;Av. Gral. López Y Av. Urquiza;2;1;0;1;0;0;Avenida;SANTA FE;Constitución;Asfalto;No existe;I;Dentro;Urbana;Otra Señal;Funciona;Intersección;Bueno;Buena;Nocturna,Con luz artificial;Buen Tiempo;Múltiple;S/D;Colisión;Ninguna;Horizontal,Vertical
9740;2021;4/12/2021;Sabado;14:50:00;;0.0;2;Moto/Ciclomotor,Automóvil;Alberdi Y Calchines;2;1;0;1;0;0;Calle;SANTA FE;Constitución;Asfalto;No existe;I;Dentro;Urbana;Otra Señal;No existe;Intersección;Bueno;Buena;Diurna;Buen Tiempo;Múltiple;S/D;Colisión;Ninguna;Faltante
9741;2021;4/12/2021;Sabado;17:15:00;;0.0;2;Automóvil,Transporte de Pasajeros Urbano (> 8 asientos);Av. Battle y Ordoñez Y San Martin;2;1;0;1;0;0;Avenida;ROSARIO;Constitución;Asfalto;No existe;II;Dentro;Urbana;Otra Señal;Funciona;Intersección;Bueno;Buena;Atardecer;Buen Tiempo;Múltiple;S/D;Colisión;Ninguna;Horizontal,Vertical
9742;2021;4/12/2021;Sabado;15:00:00;;0.0;2;Moto/Ciclomotor,Pickup/Utilitario;Laprida Y Pje. Azara;3;1;0;2;0;0;Calle;ROSARIO;Constitución;Asfalto;No existe;II;Dentro;Urbana;Otra Señal;No existe;Intersección;Bueno;Buena;Diurna;Buen Tiempo;Múltiple;S/D;Colisión;Ninguna;Faltante
9743;2021;4/12/2021;Sabado;13:40:00;;0.0;2;Automóvil,Moto/Ciclomotor;JUAN PABLO II 1800;5;2;0;3;0;0;Calle;ROSARIO;Constitución;Asfalto;No existe;II;Dentro;Urbana;Otra Señal;No existe;Intersección;Bueno;Buena;Diurna;Buen Tiempo;Múltiple;S/D;Colisión;Ninguna;Horizontal
9744;2021;4/12/2021;Sabado;10:10:00;;0.0;1;Moto/Ciclomotor;Dr. Borzone Y 25 de Mayo;2;2;0;0;0;0;Calle;PEREZ;Constitución;Asfalto;No existe;II;Dentro;Urbana;Otra Señal;No existe;Intersección;Bueno;Buena;Diurna;Buen Tiempo;Múltiple;S/D;Colisión;Ninguna;Faltante
9745;2021;4/12/2021;Sabado;14:10:00;;0.0;2;Peatón,Moto/Ciclomotor;Mariano Cabal Bis 1300;2;2;0;0;0;0;Calle;ROSARIO;Constitución;Asfalto;No existe;II;Dentro;Urbana;Otra Señal;No existe;Intersección;Bueno;Buena;Diurna;Buen Tiempo;Múltiple;Ciclista;Colisión;Ninguna;Faltante
9746;2021;4/12/2021;Sabado;16:30:00;;0.0;2;Taxi/Remis,Moto/Ciclomotor;J.J.Paso 5600;3;2;0;1;0;0;Calle;ROSARIO;Constitución;Asfalto;No existe;II;Dentro;Urbana;Otra Señal;Funciona;Intersección;Bueno;S/D;Diurna;Buen Tiempo;Múltiple;S/D;Colisión;Ninguna;Horizontal,Vertical
9747;2021;4/12/2021;Sabado;18:50:00;Autopista Nacional Rosario -Cordoba;304.0;4;Automóvil,Automóvil,Automóvil,Automóvil; ;6;2;0;4;0;0;Autopista;ROLDÁN;Constitución;Asfalto;Ripio;II;Dentro;Rural;Otra Señal;No existe;Intersección;Bueno;Buena;Diurna;Buen Tiempo;Múltiple;S/D;Colisión;Ninguna;Horizontal
9748;2021;4/12/2021;Sabado;18:40:00;;0.0;2;Moto/Ciclomotor,Moto/Ciclomotor;Gral. Güemes Y Primera Junta;2;2;0;0;0;0;Calle;GÁLVEZ;Constitución;Asfalto;No existe;XV;Dentro;Urbana;Otra Señal;S/D;Intersección;S/D;S/D;Diurna;S/D;Múltiple;S/D;Colisión;S/D;S/D
9749;2021;4/12/2021;Sabado;19:05:00;;0.0;1;Moto/Ciclomotor;Mendoza Y Salta;1;1;0;0;0;0;Calle;MACIEL;Constitución;S/D;No existe;XV;Dentro;Urbana;Otra Señal;S/D;Intersección;S/D;S/D;S/D;S/D;Múltiple;S/D;Colisión;S/D;S/D
9750;2021;4/12/2021;Sabado;06:00:00;;0.0;2;Moto/Ciclomotor,Pickup/Utilitario;Estanislao López Y Pueyrredón;2;1;0;1;0;0;Calle;CAÑADA ROSQUÍN;Constitución;Asfalto;No existe;XVIII;Dentro;Urbana;Otra Señal;No existe;Intersección;S/D;S/D;Diurna;S/D;Múltiple;S/D;Colisión;S/D;Faltante
9751;2021;4/12/2021;Sabado;08:05:00;;0.0;2;Moto/Ciclomotor,Automóvil;Presbítero José Houriet Y Sarmiento D;2;1;0;1;0;0;Calle;VERA;Constitución;Asfalto;No existe;XIX;Dentro;Urbana;Otra Señal;No existe;Intersección;S/D;S/D;Diurna;S/D;Múltiple;S/D;Colisión;Ninguna;Faltante
9752;2021;4/12/2021;Sabado;20:30:00;Ruta Nacional 11;618.0;2;Pickup/Utilitario,Moto/Ciclomotor; ;5;1;0;4;0;0;Ruta;GOBERNADOR CRESPO;Constitución;Asfalto;Natural;XVI;Dentro;Urbana;Otra Señal;No existe;Intersección;Bueno;Buena;Nocturna;S/D;Múltiple;S/D;Colisión;Ninguna;Horizontal
9753;2021;4/12/2021;Sabado;12:45:00;;0.0;2;Automóvil,Automóvil;Dante Alighieri Y Leandro N Alem;2;2;0;0;0;0;Avenida;VENADO TUERTO;Constitución;Asfalto;No existe;VIII;Dentro;Urbana;Otra Señal;No existe;Intersección;Bueno;S/D;Diurna;S/D;Múltiple;S/D;Colisión;Ninguna;Faltante
9754;2021;4/12/2021;Sabado;03:30:00;Ruta Secundaria 7-s;0.0;1;Moto/Ciclomotor;Guillermo Dimmer Y Santa Fe;1;1;0;0;0;0;Ruta;VENADO TUERTO;Constitución;Asfalto;No existe;VIII;Dentro;Urbana;Otra Señal;No existe;Intersección;Bueno;S/D;Nocturna;Buen Tiempo;Múltiple;S/D;Colisión;Ninguna;Faltante
9755;2021;4/12/2021;Sabado;13:00:00;Ruta Provincial 3;0.0;1;Automóvil; ;1;1;0;0;0;0;Ruta;CAÑADA OMBÚ;Constitución;Asfalto;Natural;XIX;Dentro;Rural;Otra Señal;No existe;Intersección;Bueno;S/D;Diurna;S/D;Múltiple;S/D;Colisión;Ninguna;Faltante
9756;2021;4/12/2021;Sabado;21:45:00;;0.0;2;Moto/Ciclomotor,Moto/Ciclomotor;Calle 117 Y Calle 126;2;2;0;0;0;0;Calle;AVELLANEDA;Constitución;S/D;No existe;IX;Dentro;Urbana;Otra Señal;S/D;Intersección;S/D;S/D;Nocturna;S/D;Múltiple;S/D;Colisión;S/D;S/D
9757;2021;4/12/2021;Sabado;;;0.0;1;Moto/Ciclomotor;Pte. Quintana Y Balcarce;1;1;0;0;0;0;Calle;ROSARIO;Constitución;S/D;S/D;II;S/D;Urbana;Otra Señal;S/D;Intersección;S/D;S/D;S/D;S/D;Múltiple;S/D;Colisión;S/D;S/D
9758;2021;4/12/2021;Sabado;;Ruta Provincial 14;10.0;1;Taxi/Remis; ;2;2;0;0;0;0;Ruta;BOMBAL;Constitución;S/D;S/D;VI;S/D;S/D;Otra Señal;S/D;Intersección;S/D;S/D;S/D;S/D;Múltiple;S/D;Colisión;S/D;S/D