ID_Accidente;A�o;Fecha;Dia;Hopra;Ruta/Autop;km;Participantes;Tipo;Lugar;Total;Heridos Leves;Heridos Graves;Ilesos;Fallecidos;Sin datos;desc_tipo_via;desc_loc;desc_dpto;|;desc_tipo_banquina;desc_unidad_regional;desc_lugar_calzada;desc_zona;desc_prioridad;desc_estado_semaforo;desc_lugar_via;desc_estado_via;desc_estado_visibilidad;desc_luminosidad;desc_estado_clima;desc_tipo_colision;desc_tipo_atropello;desc_tipo_hecho;desc_pres_calzada;desc_senializacion
9911;2021;9/12/2021;Jueves;;;0.0;3;Moto/Ciclomotor,Moto/Ciclomotor,Peatón;Av. Mosconi Y Moreno;3;1;0;1;0;0;Avenida;SANTA FE;La Capital;Asfalto;No existe;I;Dentro;Urbana;Otra Señal;S/D;Intersección;S/D;S/D;S/D;S/D;Múltiple;Peatón;Colisión;S/D;S/D
9912;2021;9/12/2021;Jueves;04:30:00;;0.0;1;Moto/Ciclomotor;Soldado Aguirre 22;1;0;0;0;0;0;Avenida;VILLA GOBERNADOR GÁLVEZ;Rosario;Asfalto;No existe;II;Dentro;Urbana;Otra Señal;No existe;Intersección;Bueno;S/D;Nocturna;S/D;Múltiple;S/D;Colisión;Ninguna;Faltante
9913;2021;10/12/2021;Viernes;22:35:00;Ruta Nacional 8;376.0;2;Pickup/Utilitario,Camión c / Acoplado;Ruta Nac 8 ;3;0;0;1;2;0;Ruta;VENADO TUERTO;General LÓPEZ;Asfalto;Natural;VIII;S/D;Rural;Otra Señal;No existe;Intersección;Bueno;S/D;Nocturna;S/D;Múltiple;S/D;Colisión;Ninguna;Faltante
9914;2021;10/12/2021;Viernes;17:25:00;;0.0;2;Bicicleta,Pickup/Utilitario;Estanislao Zeballos Y Talcahuano;2;1;0;1;0;0;Calle;SANTA FE;Constitución;Asfalto;No existe;I;Dentro;Urbana;Otra Señal;No existe;Intersección;Bueno;Reducida;Diurna;S/D;Múltiple;S/D;Colisión;S/D;Faltante
9915;2021;10/12/2021;Viernes;18:00:00;Ruta Provincial 2;14.0;1;Automóvil; ;3;1;0;2;0;0;Ruta;MONTE VERA;Constitución;Asfalto;Natural;I;Dentro;Rural;Otra Señal;No existe;Intersección;Bueno;Buena;Diurna;Buen Tiempo;Múltiple;S/D;Colisión;Ninguna;Horizontal
9916;2021;10/12/2021;Viernes;11:00:00;;0.0;2;Moto/Ciclomotor,Bicicleta;Avenida Rivadavia Y Avenida San Martin;2;2;0;0;0;0;Avenida;TOSTADO;Constitución;Asfalto;No existe;XII;Dentro;Urbana;Otra Señal;No existe;Intersección;Bueno;Buena;Diurna;Buen Tiempo;Múltiple;Ciclista;Colisión;Ninguna;Horizontal
9917;2021;10/12/2021;Viernes;20:30:00;;0.0;2;Moto/Ciclomotor,Automóvil;Ituzaingó Y Rivadavia;2;1;0;1;0;0;Calle;LAS ROSAS;Constitución;Asfalto;No existe;III;Dentro;Urbana;Otra Señal;No existe;Intersección;Bueno;Buena;Diurna;Buen Tiempo;Múltiple;S/D;Colisión;Ninguna;Faltante
9918;2021;10/12/2021;Viernes;14:30:00;;0.0;2;Moto/Ciclomotor,Pickup/Utilitario;Belgrano Y Gdor. Crespo;2;1;0;1;0;0;Calle;SANTA FE;Constitución;Asfalto;No existe;I;Dentro;Urbana;Otra Señal;No existe;Intersección;Bueno;Buena;Diurna;Buen Tiempo;Múltiple;S/D;Colisión;Ninguna;Horizontal
9919;2021;10/12/2021;Viernes;13:40:00;;0.0;3;Automóvil,Automóvil,Automóvil;Av. Ovidio Lagos 4500;5;1;0;4;0;0;Avenida;ROSARIO;Constitución;Asfalto;No existe;II;Dentro;Urbana;Otra Señal;No existe;Intersección;Bueno;Buena;Diurna;Buen Tiempo;Múltiple;S/D;Colisión;Ninguna;Horizontal,Vertical
9920;2021;10/12/2021;Viernes;12:20:00;;0.0;2;Moto/Ciclomotor,Bicicleta;Onesimo Leguizamón 1100;2;2;0;0;0;0;Calle;ROSARIO;Constitución;Asfalto;No existe;II;Dentro;Urbana;Otra Señal;No existe;Intersección;Bueno;Buena;Diurna;Buen Tiempo;Múltiple;Ciclista;Colisión;Ninguna;Faltante
9921;2021;10/12/2021;Viernes;15:05:00;;0.0;2;Automóvil,Moto/Ciclomotor;Dorrego Y San Lorenzo;2;1;0;1;0;0;Calle;ROSARIO;Constitución;Asfalto;No existe;II;Dentro;Urbana;Otra Señal;No existe;Intersección;Bueno;Buena;Diurna;Buen Tiempo;Múltiple;S/D;Colisión;Ninguna;Horizontal,Vertical
9922;2021;10/12/2021;Viernes;15:50:00;;0.0;2;Moto/Ciclomotor,Automóvil;9 De Julio Y Dorrego;2;1;0;1;0;0;Calle;ROSARIO;Constitución;Asfalto;No existe;II;Dentro;Urbana;Otra Señal;No existe;Intersección;Bueno;Buena;Diurna;Otro;Múltiple;S/D;Colisión;Ninguna;Horizontal
9923;2021;10/12/2021;Viernes;11:20:00;;0.0;2;Peatón,Pickup/Utilitario;Paraguay Y San Lorenzo;2;1;0;1;0;0;Calle;ROSARIO;Constitución;Asfalto;No existe;II;Dentro;Urbana;Otra Señal;No existe;Intersección;Bueno;Buena;Diurna;Buen Tiempo;Múltiple;Peatón;Colisión;Ninguna;Horizontal,Vertical
9924;2021;10/12/2021;Viernes;10:20:00;;0.0;2;Moto/Ciclomotor,Automóvil;Biedma Y San Martin;3;1;0;2;0;0;Avenida;ROSARIO;Constitución;Asfalto;No existe;II;Dentro;Urbana;Otra Señal;No existe;Intersección;Bueno;Buena;Diurna;Buen Tiempo;Múltiple;S/D;Colisión;Ninguna;Faltante
9925;2021;10/12/2021;Viernes;14:15:00;;0.0;2;Bicicleta,Automóvil;Rene Favaloro Y 12 de Abril;2;1;0;1;0;0;Calle;ARROYO SECO;Constitución;Ripio;No existe;II;Dentro;Urbana;Otra Señal;No existe;Intersección;Resbaladiza;Buena;Diurna;Lluvia;Múltiple;Ciclista;Colisión;Agua;S/D
9926;2021;10/12/2021;Viernes;07:00:00;;0.0;2;Automóvil,Pickup/Utilitario;Av. Belgrano 300;2;1;0;1;0;0;Avenida;ROSARIO;Constitución;Asfalto;No existe;II;Dentro;Urbana;Otra Señal;Funciona;Intersección;Resbaladiza;Reducida;Nocturna;Lluvia;Múltiple;S/D;Colisión;Agua;Vertical
9927;2021;10/12/2021;Viernes;20:00:00;Ruta Provincial 14;0.0;2;Moto/Ciclomotor,Automóvil;Brig López Y 19 Brasil;2;1;0;1;0;0;Ruta;SOLDINI;Constitución;Hormigón;No existe;II;Dentro;Urbana;Otra Señal;Funciona;Intersección;Bueno;Buena;Diurna;Buen Tiempo;Múltiple;S/D;Colisión;Ninguna;Horizontal,Vertical
9928;2021;10/12/2021;Viernes;17:00:00;;0.0;2;Moto/Ciclomotor,Automóvil;Bielsa Y F.More;2;1;0;1;0;0;Calle;ROSARIO;Constitución;Asfalto;No existe;II;Dentro;Urbana;Otra Señal;No existe;Intersección;Deteriorada;Buena;Diurna;Buen Tiempo;Múltiple;S/D;Colisión;Ninguna;Faltante
9929;2021;10/12/2021;Viernes;11:10:00;;0.0;2;Moto/Ciclomotor,Automóvil;Boulevard Lisandro de la Torre Y Casado;2;1;0;1;0;0;Avenida;CASILDA;Constitución;Asfalto;No existe;IV;Dentro;Urbana;Otra Señal;No existe;Intersección;S/D;S/D;Diurna;S/D;Múltiple;S/D;Colisión;S/D;Horizontal
9930;2021;10/12/2021;Viernes;15:40:00;;0.0;2;Moto/Ciclomotor,Automóvil;H Irigoyen Y Rivadavia;2;1;0;1;0;0;Calle;CORONDA;Constitución;Asfalto;No existe;XV;Dentro;Urbana;Otra Señal;S/D;Intersección;S/D;S/D;Diurna;S/D;Múltiple;S/D;Colisión;S/D;S/D
9931;2021;10/12/2021;Viernes;14:30:00;;0.0;2;Taxi/Remis,Moto/Ciclomotor;España Y Italia;6;2;0;4;0;0;Calle;CORONDA;Constitución;Asfalto;No existe;XV;Dentro;Urbana;Otra Señal;No existe;Intersección;S/D;S/D;Diurna;S/D;Múltiple;S/D;Colisión;S/D;Faltante
9932;2021;10/12/2021;Viernes;18:25:00;Autopista Provincial Brigadier E.LÓPEZ;14.0;2;Automóvil,Automóvil; ;2;1;0;1;0;0;Autopista;SAN LORENZO;Constitución;Asfalto;Pavimento;XVII;Dentro;Urbana;Otra Señal;No existe;Intersección;S/D;S/D;Diurna;S/D;Múltiple;S/D;Colisión;S/D;Horizontal
9933;2021;10/12/2021;Viernes;10:10:00;;0.0;2;Automóvil,Pickup/Utilitario;Av. Belgrano Y Martin Fierro;2;2;0;0;0;0;Avenida;CAPITÁN BERMÚDEZ;Constitución;S/D;S/D;XVII;Dentro;Urbana;Otra Señal;S/D;Intersección;S/D;S/D;Diurna;S/D;Múltiple;S/D;Colisión;S/D;S/D
9934;2021;10/12/2021;Viernes;09:00:00;Autopista Nacional Rosario -Cordoba;0.0;1;Automóvil; ;2;2;0;0;0;0;Autopista;ROLDÁN;Constitución;Asfalto;Pavimento;XVII;Fuera;Rural;Otra Señal;No existe;Intersección;Bueno;S/D;Diurna;S/D;Múltiple;S/D;Colisión;Ninguna;Horizontal
9935;2021;10/12/2021;Viernes;11:20:00;;0.0;2;Moto/Ciclomotor,Automóvil;Calle 22- 25 de Mayo Y Calle 23-Gral López;2;1;0;0;0;1;Calle;RECONQUISTA;Constitución;Asfalto;No existe;IX;Dentro;Urbana;Otra Señal;No existe;Intersección;Bueno;S/D;Diurna;S/D;Múltiple;S/D;Colisión;Ninguna;Faltante
9936;2021;10/12/2021;Viernes;;Ruta Provincial 18;0.0;2;Automóvil,Moto/Ciclomotor;RUTA A012 ;3;3;0;0;0;0;Ruta;LA CAROLINA;Constitución;Asfalto;Pavimento;II;Dentro;Rural;Otra Señal;Funciona;Intersección;Bueno;S/D;Diurna;S/D;Múltiple;S/D;Colisión;Ninguna;Horizontal,Vertical
9937;2021;10/12/2021;Viernes;22:00:00;;0.0;1;Moto/Ciclomotor;Sanguinetti Y Pje. J.Casals;1;1;0;0;0;0;Calle;ROSARIO;Constitución;Asfalto;No existe;II;Dentro;Urbana;Otra Señal;No existe;Intersección;Bueno;S/D;Nocturna;S/D;Múltiple;S/D;Colisión;Ninguna;Faltante
9938;2021;10/12/2021;Viernes;18:00:00;;0.0;1;Moto/Ciclomotor;Bv. 27 De Febrero ;1;1;0;0;0;0;Calle;ROSARIO;Constitución;S/D;S/D;II;Dentro;Urbana;Otra Señal;S/D;Intersección;S/D;S/D;Diurna;S/D;Múltiple;S/D;Colisión;S/D;S/D
9939;2021;10/12/2021;Viernes;10:00:00;;0.0;1;Moto/Ciclomotor;Solís Y Av. Pte. Perón;1;1;0;0;0;0;Calle;ROSARIO;Constitución;Asfalto;No existe;II;Dentro;Urbana;Otra Señal;No existe;Intersección;Bueno;S/D;Diurna;S/D;Múltiple;S/D;Colisión;Ninguna;Horizontal
9940;2021;10/12/2021;Viernes;21:20:00;;0.0;2;Automóvil,Moto/Ciclomotor;Bv Pte. Perón Y Urquiza;2;0;0;1;0;0;Avenida;SAN JORGE;San MARTÍN;Asfalto;No existe;XVIII;Dentro;Urbana;Otra Señal;No existe;Intersección;Bueno;Buena;Diurna;S/D;Múltiple;S/D;Colisión;Ninguna;Horizontal
9941;2021;10/12/2021;Viernes;13:30:00;;0.0;1;Moto/Ciclomotor;Darragueira Y Luis Vila;1;0;0;0;0;0;Calle;ROSARIO;Rosario;Asfalto;No existe;II;Dentro;Urbana;Otra Señal;No existe;Intersección;Bueno;S/D;Diurna;S/D;Múltiple;S/D;Colisión;Ninguna;Faltante
9942;2021;10/12/2021;Viernes;;Ruta Nacional 95;937.0;1;Moto/Ciclomotor; ;3;0;0;0;0;0;Ruta;GATO COLORADO;9 de Julio;Asfalto;Pavimento;XII;Dentro;Rural;S/D;No existe;Intersección;S/D;S/D;S/D;S/D;Contra objeto fijo;S/D;Colisión;S/D;Horizontal
9943;2021;11/12/2021;Sabado;21:00:00;;0.0;1;Moto/Ciclomotor; ;2;0;0;0;2;0;Camino Rural;LEHMANN;Castellanos;Tierra;S/D;V;S/D;Rural;Otra Señal;S/D;Intersección;S/D;S/D;Nocturna;S/D;Múltiple;S/D;Colisión;S/D;S/D
9944;2021;11/12/2021;Sabado;04:30:00;;0.0;2;Moto/Ciclomotor,Automóvil;Gdor. Freyre Y Santiago del Estero;2;0;0;1;1;0;Calle;SANTA FE;La Capital;Asfalto;No existe;I;S/D;Urbana;Otra Señal;Funciona;Intersección;Bueno;S/D;Nocturna;S/D;Múltiple;S/D;Colisión;Ninguna;Vertical
9945;2021;11/12/2021;Sabado;11:15:00;;0.0;2;Moto/Ciclomotor,Automóvil;Av. A del Valle Y Domingo Silva;2;1;0;1;0;0;Avenida;SANTA FE;Constitución;Asfalto;No existe;I;Dentro;Urbana;Otra Señal;No existe;Intersección;Bueno;Buena;Diurna;Buen Tiempo;Múltiple;S/D;Colisión;Ninguna;Faltante
9946;2021;11/12/2021;Sabado;12:15:00;;0.0;2;Moto/Ciclomotor,Automóvil;Av. A del Valle Y Quintana;2;1;0;1;0;0;Avenida;SANTA FE;Constitución;Asfalto;No existe;I;Dentro;Urbana;Otra Señal;No existe;Intersección;Bueno;Buena;Diurna;Buen Tiempo;Múltiple;S/D;Colisión;Ninguna;Vertical
9947;2021;11/12/2021;Sabado;11:30:00;;0.0;2;Moto/Ciclomotor,Moto/Ciclomotor;L de la Torre Y R S PEÑA;3;2;0;1;0;0;Calle;VERA;Constitución;Asfalto;No existe;XIX;Dentro;Urbana;Otra Señal;No existe;Intersección;Bueno;Buena;Diurna;Buen Tiempo;Múltiple;S/D;Colisión;Ninguna;Faltante
9948;2021;11/12/2021;Sabado;18:40:00;Ruta Provincial 23;0.0;2;Pickup/Utilitario,Bicicleta;Jujuy ;3;2;0;1;0;0;Ruta;SAN GUILLERMO;Constitución;Asfalto;Ripio;XIII;Dentro;Urbana;Otra Señal;No existe;Intersección;Bueno;Buena;Nocturna;Buen Tiempo;Múltiple;Ciclista;Colisión;Ninguna;Horizontal
9949;2021;11/12/2021;Sabado;10:30:00;;0.0;2;Moto/Ciclomotor,Automóvil;Bv 25 de Mayo Y San Lorenzo;3;2;0;1;0;0;Avenida;SAN CRISTÓBAL;Constitución;Ripio;No existe;XIII;Dentro;Urbana;Otra Señal;No existe;Intersección;Bueno;Buena;Diurna;Buen Tiempo;Múltiple;S/D;Colisión;Ninguna;Faltante
9950;2021;11/12/2021;Sabado;23:00:00;;0.0;2;Automóvil,Pickup/Utilitario;Suipacha Y 9 de Julio;2;1;0;1;0;0;Calle;SANTA FE;Constitución;Asfalto;No existe;I;Dentro;Urbana;Otra Señal;Funciona;Intersección;Bueno;Buena;Diurna;Buen Tiempo;Múltiple;S/D;Colisión;Ninguna;Horizontal,Vertical
9951;2021;11/12/2021;Sabado;14:15:00;;0.0;2;Moto/Ciclomotor,Taxi/Remis;Av. Casiano Casas Y Uriarte;3;3;0;0;0;0;Calle;ROSARIO;Constitución;Asfalto;No existe;II;Dentro;Urbana;Otra Señal;Funciona;Intersección;Bueno;Buena;Diurna;Buen Tiempo;Múltiple;S/D;Colisión;Ninguna;Vertical
9952;2021;11/12/2021;Sabado;21:10:00;;0.0;2;Moto/Ciclomotor,Automóvil;Agüero Y Pintor Musto;2;1;0;1;0;0;Calle;ROSARIO;Constitución;Asfalto;No existe;II;Dentro;Urbana;Otra Señal;No existe;Intersección;Bueno;Buena;Nocturna;Buen Tiempo;Múltiple;S/D;Colisión;Ninguna;Faltante
9953;2021;11/12/2021;Sabado;15:35:00;;0.0;2;Moto/Ciclomotor,Automóvil;Biedma Y Pte. Roca;2;1;0;1;0;0;Calle;ROSARIO;Constitución;Asfalto;No existe;II;Dentro;Urbana;Otra Señal;No existe;Intersección;Bueno;Buena;Diurna;Buen Tiempo;Múltiple;S/D;Colisión;Ninguna;Faltante
9954;2021;11/12/2021;Sabado;20:40:00;;0.0;3;Moto/Ciclomotor,Automóvil,Moto/Ciclomotor;Cam De Las Carretas 8700;4;3;0;1;0;0;Calle;ROSARIO;Constitución;Asfalto;No existe;II;Dentro;Urbana;Otra Señal;No existe;Intersección;Bueno;Buena;Nocturna;Buen Tiempo;Múltiple;S/D;Colisión;Ninguna;Faltante
9955;2021;11/12/2021;Sabado;11:35:00;;0.0;2;Moto/Ciclomotor,Automóvil;SAN DIEGO  Y RIVADAVIA ;3;2;0;1;0;0;Avenida;VILLA GOBERNADOR GÁLVEZ;Constitución;Asfalto;No existe;II;Dentro;Urbana;Otra Señal;No existe;Intersección;Bueno;Buena;Diurna;Buen Tiempo;Múltiple;S/D;Colisión;Ninguna;Faltante
9956;2021;11/12/2021;Sabado;20:30:00;;0.0;2;Moto/Ciclomotor,Automóvil;Av. Gral. San Martin Y Lisandro de la Torre;2;1;0;0;0;1;Avenida;VILLA GOBERNADOR GÁLVEZ;Constitución;Asfalto;No existe;II;Dentro;Urbana;Otra Señal;No existe;Intersección;Bueno;Buena;Nocturna,Con luz artificial;Buen Tiempo;Múltiple;S/D;Colisión;Ninguna;Horizontal,Vertical
9957;2021;11/12/2021;Sabado;21:55:00;;0.0;2;Moto/Ciclomotor,Peatón;Av. Génova 6900;2;1;0;1;0;0;Avenida;ROSARIO;Constitución;Asfalto;No existe;II;Dentro;Urbana;Otra Señal;No existe;Intersección;Bueno;S/D;Nocturna,Con luz artificial;Otro;Múltiple;Peatón;Colisión;Ninguna;Faltante
9958;2021;11/12/2021;Sabado;12:15:00;Ruta Nacional 11;0.0;2;Automóvil,Moto/Ciclomotor;Av. L de la Torre-Ruta Nac 11 Y Melchor Martínez;2;1;0;1;0;0;Ruta;CORONDA;Constitución;Asfalto;No existe;XV;Dentro;Urbana;Otra Señal;No existe;Intersección;S/D;S/D;Diurna;S/D;Múltiple;S/D;Colisión;S/D;Faltante
9959;2021;11/12/2021;Sabado;15:15:00;;0.0;2;Automóvil,Moto/Ciclomotor;España Y Mitre;2;1;0;1;0;0;Calle;CORONDA;Constitución;Asfalto;No existe;XV;Dentro;Urbana;Otra Señal;No existe;Intersección;S/D;S/D;Diurna;S/D;Múltiple;S/D;Colisión;S/D;Faltante
9960;2021;11/12/2021;Sabado;11:50:00;;0.0;1;Moto/Ciclomotor;Dorrego Y Moreno;1;1;0;0;0;0;Calle;GÁLVEZ;Constitución;Asfalto;No existe;XV;Dentro;Urbana;Otra Señal;S/D;Intersección;S/D;S/D;Diurna;S/D;Múltiple;S/D;Colisión;S/D;S/D
9961;2021;11/12/2021;Sabado;15:15:00;Ruta Nacional 8;0.0;2;Camión c / Acoplado,Moto/Ciclomotor;Bvard Argentino ;3;2;0;1;0;0;Ruta;GÁLVEZ;Constitución;S/D;Ripio;XV;Dentro;Urbana;Otra Señal;S/D;Intersección;S/D;S/D;Diurna;S/D;Múltiple;S/D;Colisión;S/D;Vertical
9962;2021;11/12/2021;Sabado;06:00:00;Autopista Provincial Brigadier E.LÓPEZ;66.0;1;Camión c / Acoplado; ;1;1;0;0;0;0;Autopista;MONJE;Constitución;Asfalto;Natural;XV;Dentro;Urbana;Otra Señal;No existe;Intersección;S/D;S/D;Diurna;S/D;Múltiple;S/D;Colisión;S/D;Horizontal
9963;2021;11/12/2021;Sabado;08:00:00;Ruta Nacional 9;0.0;2;Automóvil,Automóvil;9 de Julio Y Ruta Nac 9;4;3;0;1;0;0;Ruta;CARCARAÑÁ;Constitución;Asfalto;Pavimento;XVII;Dentro;Urbana;Otra Señal;S/D;Intersección;S/D;S/D;Diurna;S/D;Múltiple;S/D;Colisión;S/D;Horizontal
9964;2021;11/12/2021;Sabado;17:00:00;;0.0;1;Moto/Ciclomotor;Av. Santa Fe Y Mitre;1;1;0;0;0;0;Calle;CORONDA;Constitución;S/D;S/D;XV;Dentro;Urbana;Otra Señal;S/D;Intersección;S/D;S/D;Diurna;S/D;Múltiple;S/D;Colisión;S/D;S/D
9965;2021;11/12/2021;Sabado;;;0.0;2;Moto/Ciclomotor,Automóvil;Sáenz PEÑA Y Santo Tome;2;1;0;1;0;0;Calle;CORONDA;Constitución;Asfalto;Pavimento;XV;Dentro;Urbana;Otra Señal;Funciona;Intersección;S/D;S/D;S/D;S/D;Múltiple;S/D;Colisión;S/D;Horizontal,Vertical
9966;2021;11/12/2021;Sabado;10:40:00;Ruta Nacional 8;0.0;2;Moto/Ciclomotor,Automóvil; ;2;1;0;1;0;0;Ruta;VENADO TUERTO;Constitución;Asfalto;Pavimento;VIII;Dentro;Rural;Otra Señal;No existe;Intersección;Bueno;Buena;Diurna;S/D;Múltiple;S/D;Colisión;Ninguna;Horizontal
9967;2021;11/12/2021;Sabado;16:25:00;Ruta Nacional 8;0.0;2;Automóvil,Moto/Ciclomotor;Ovidio Lagos Av. Y Quintana;3;2;0;1;0;0;Ruta;VENADO TUERTO;Constitución;Asfalto;No existe;VIII;Dentro;Urbana;Otra Señal;Funciona;Intersección;Bueno;Buena;Diurna;S/D;Múltiple;S/D;Colisión;Ninguna;Horizontal,Vertical
9968;2021;11/12/2021;Sabado;03:15:00;;0.0;1;Moto/Ciclomotor;Mariano Moreno Y Roca;1;1;0;0;0;0;Calle;VENADO TUERTO;Constitución;Asfalto;No existe;VIII;Dentro;Urbana;Otra Señal;No existe;Intersección;Bueno;Buena;Nocturna,Con luz artificial;S/D;Múltiple;S/D;Colisión;Ninguna;Faltante
9969;2021;11/12/2021;Sabado;18:40:00;Ruta Nacional A008;0.0;1;Moto/Ciclomotor;Av. Circunvalación ;1;1;0;0;0;0;Ruta;ROSARIO;Constitución;Asfalto;S/D;II;Dentro;Urbana;Otra Señal;S/D;Intersección;Bueno;S/D;Diurna;S/D;Múltiple;S/D;Colisión;S/D;S/D
9970;2021;11/12/2021;Sabado;19:30:00;;0.0;1;Moto/Ciclomotor;J.J.Paso Y Liniers Bis;1;1;0;0;0;0;Calle;ROSARIO;Constitución;Asfalto;No existe;II;Dentro;Urbana;Otra Señal;No existe;Intersección;Bueno;S/D;Nocturna;S/D;Múltiple;S/D;Colisión;Ninguna;Faltante
9971;2021;11/12/2021;Sabado;06:30:00;;0.0;1;Moto/Ciclomotor;Lavalle Y Bv. Seguí;1;0;0;0;1;0;Calle;ROSARIO;Constitución;Asfalto;No existe;II;Dentro;Urbana;Otra Señal;No existe;Intersección;Bueno;S/D;Diurna;S/D;Múltiple;S/D;Colisión;Ninguna;Faltante
9972;2021;11/12/2021;Sabado;20:30:00;;0.0;1;Moto/Ciclomotor;Bv. Seguí 6300;1;1;0;0;0;0;Calle;ROSARIO;Constitución;Asfalto;No existe;II;Dentro;Urbana;Otra Señal;No existe;Intersección;Bueno;S/D;Diurna;S/D;Múltiple;S/D;Colisión;Ninguna;Faltante
9973;2021;11/12/2021;Sabado;03:10:00;;0.0;1;Bicicleta;Sánchez de Loria ;1;1;0;0;0;0;Calle;ROSARIO;Constitución;S/D;S/D;II;Dentro;Urbana;Otra Señal;S/D;Intersección;S/D;S/D;Nocturna;S/D;Múltiple;S/D;Colisión;S/D;S/D
9974;2021;11/12/2021;Sabado;22:45:00;;0.0;2;Automóvil,Moto/Ciclomotor;Conde de Tessieres Y Rey Fernando;3;1;0;1;0;0;Calle;CAYASTA;Constitución;Tierra;No existe;VII;Dentro;Urbana;Otra Señal;No existe;Intersección;Bueno;Buena;Nocturna;Buen Tiempo;Múltiple;S/D;Colisión;Ninguna;Faltante
9975;2021;11/12/2021;Sabado;01:45:00;;0.0;1;Moto/Ciclomotor;L de la Torre Y Soldado Gómez;1;0;0;0;0;0;Calle;VERA;Constitución;Asfalto;No existe;XIX;Dentro;Urbana;Otra Señal;No existe;Intersección;Bueno;Reducida;Nocturna,Con luz artificial;Buen Tiempo;Múltiple;S/D;Colisión;Ninguna;Faltante
9976;2021;11/12/2021;Sabado;07:45:00;;0.0;2;Bicicleta,Moto/Ciclomotor;Abanderado Grandoli Y Isola Bis;2;0;0;0;0;1;Avenida;ROSARIO;Rosario;Asfalto;No existe;II;Dentro;Urbana;Otra Señal;No existe;Intersección;Bueno;Buena;Diurna;Buen Tiempo;Múltiple;Ciclista;Colisión;Ninguna;Faltante
9977;2021;11/12/2021;Sabado;12:30:00;;0.0;2;Moto/Ciclomotor,Automóvil;Nicaragua Y Mendoza;2;0;0;1;0;0;Calle;ROSARIO;Rosario;Asfalto;No existe;II;Dentro;Urbana;Otra Señal;Funciona;Intersección;Bueno;Buena;Diurna;Buen Tiempo;Múltiple;S/D;Colisión;Ninguna;Horizontal,Vertical
9978;2021;11/12/2021;Sabado;14:00:00;;0.0;2;Moto/Ciclomotor,Automóvil;Av. Jorge Newbery Y Sánchez de Loria;4;1;0;2;0;0;Avenida;ROSARIO;Rosario;Asfalto;Pavimento;II;Dentro;Urbana;Otra Señal;No existe;Intersección;Bueno;Buena;Diurna;Buen Tiempo;Múltiple;S/D;Colisión;Ninguna;Horizontal
9979;2021;11/12/2021;Sabado;22:00:00;Autovía Nacional A008;0.0;1;Moto/Ciclomotor;Av. Circunvalación Y Ayolas;1;0;0;0;0;0;Autovía;ROSARIO;Rosario;Asfalto;No existe;II;Dentro;Urbana;Otra Señal;No existe;Intersección;Bueno;S/D;Nocturna,Con luz artificial;S/D;Múltiple;S/D;Colisión;Ninguna;Horizontal
9980;2021;11/12/2021;Sabado;23:10:00;;0.0;3;Moto/Ciclomotor,Bicicleta,Bicicleta;Avenida Independencia ;3;1;0;0;0;0;Avenida;SAN MARTIN DE LAS ESCOBAS;San MARTÍN;Asfalto;No existe;XVIII;Dentro;Urbana;Otra Señal;No existe;Intersección;Bueno;Reducida;Nocturna;Buen Tiempo;S/D;Ciclista;Colisión;Ninguna;Faltante
9981;2021;11/12/2021;Sabado;22:15:00;Ruta Nacional A012;4.5;2;Camión c / Semirremolque,Automóvil; ;3;1;0;0;0;0;Ruta;ALVEAR;Rosario;Asfalto;Ripio;II;Dentro;Rural;Otra Señal;No existe;Intersección;Bueno;S/D;Nocturna;Buen Tiempo;Lateral;S/D;Colisión;Ninguna;Horizontal
9982;2021;12/12/2021;Domingo;18:00:00;;0.0;1;Moto/Ciclomotor;Bv Pellegrini Y Fray Luis Beltrán;1;0;0;0;1;0;Calle;ROLDÁN;San Lorenzo;Asfalto;No existe;XVII;S/D;Urbana;Otra Señal;No existe;Intersección;Bueno;S/D;Diurna;S/D;Múltiple;S/D;Colisión;Ninguna;Faltante
9983;2021;12/12/2021;Domingo;19:30:00;;0.0;2;Moto/Ciclomotor,Automóvil;25 de Mayo Y Moreno;3;2;0;1;0;0;Calle;HUMBOLDT;Constitución;Hormigón;No existe;XI;Dentro;Urbana;Otra Señal;No existe;Intersección;Bueno;Buena;Diurna;Buen Tiempo;Múltiple;S/D;Colisión;Ninguna;Faltante
9984;2021;12/12/2021;Domingo;20:10:00;;0.0;1;Moto/Ciclomotor;1 de Mayo Y Moreno;2;2;0;0;0;0;Calle;SAN CARLOS SUR;Constitución;Asfalto;No existe;XI;Dentro;Urbana;Otra Señal;No existe;Intersección;Resbaladiza;Reducida;Atardecer;Lluvia;Múltiple;S/D;Colisión;Agua;Horizontal