ID_Accidente;A�o;Fecha;Dia;Hopra;Ruta/Autop;km;Participantes;Tipo;Lugar;Total;Heridos Leves;Heridos Graves;Ilesos;Fallecidos;Sin datos;desc_tipo_via;desc_loc;desc_dpto;|;desc_tipo_banquina;desc_unidad_regional;desc_lugar_calzada;desc_zona;desc_prioridad;desc_estado_semaforo;desc_lugar_via;desc_estado_via;desc_estado_visibilidad;desc_luminosidad;desc_estado_clima;desc_tipo_colision;desc_tipo_atropello;desc_tipo_hecho;desc_pres_calzada;desc_senializacion
9985;2021;12/12/2021;Domingo;20:10:00;;0.0;1;Moto/Ciclomotor;A Lezama 2800;1;1;0;0;0;0;Calle;VERA;Constitución;Asfalto;No existe;XIX;Dentro;Urbana;Otra Señal;No existe;Intersección;Bueno;Buena;Atardecer;Buen Tiempo;Múltiple;S/D;Colisión;Ninguna;Faltante
9986;2021;12/12/2021;Domingo;21:37:00;;0.0;2;Moto/Ciclomotor,Automóvil;Belgrano Y General López;4;1;0;3;0;0;Calle;SAN LORENZO;Constitución;Asfalto;No existe;XVII;Dentro;Urbana;Otra Señal;No existe;Intersección;Bueno;S/D;Nocturna,Con luz artificial;S/D;Múltiple;S/D;Colisión;Ninguna;Horizontal
9987;2021;12/12/2021;Domingo;13:00:00;Ruta Provincial 2;26.5;2;Automóvil,Automóvil; ;2;1;0;1;0;0;Ruta;ARROYO AGUIAR;Constitución;Asfalto;Natural;I;Dentro;Rural;Otra Señal;No existe;Intersección;Bueno;Buena;Diurna;Buen Tiempo;Múltiple;S/D;Colisión;Ninguna;Horizontal
9988;2021;12/12/2021;Domingo;;;0.0;2;Automóvil,Moto/Ciclomotor;Av. Uriburu Y Bv. Oroño;4;4;0;0;0;0;Avenida;ROSARIO;Constitución;Asfalto;Pavimento;II;Dentro;Urbana;Otra Señal;Funciona;Intersección;Bueno;Buena;Nocturna,Con luz artificial;Buen Tiempo;Múltiple;S/D;Colisión;Ninguna;Horizontal,Vertical
9989;2021;12/12/2021;Domingo;16:00:00;;0.0;1;Taxi/Remis;Av. Pellegrini 1700;2;1;0;1;0;0;Avenida;ROSARIO;Constitución;Asfalto;No existe;II;Dentro;Urbana;Otra Señal;Funciona;Intersección;Bueno;Buena;Diurna;Buen Tiempo;Múltiple;S/D;Colisión;Ninguna;Horizontal,Vertical
9990;2021;12/12/2021;Domingo;22:15:00;;0.0;2;Automóvil,Moto/Ciclomotor;Albert Sabin Y Casilda;2;1;0;1;0;0;Calle;ROSARIO;Constitución;Asfalto;No existe;II;Dentro;Urbana;Otra Señal;Funciona;Intersección;Bueno;Buena;Diurna;Buen Tiempo;Múltiple;S/D;Colisión;Ninguna;Horizontal,Vertical
9991;2021;12/12/2021;Domingo;18:40:00;Autopista Nacional A008;0.0;2;Automóvil,Moto/Ciclomotor;Av. Circunvalación Y Baigorria;3;1;0;2;0;0;Autopista;ROSARIO;Constitución;Asfalto;Pavimento;II;Dentro;Urbana;Otra Señal;No existe;Intersección;Bueno;Buena;Diurna;Buen Tiempo;Múltiple;S/D;Colisión;Ninguna;Horizontal
9992;2021;12/12/2021;Domingo;21:00:00;;0.0;2;Moto/Ciclomotor,Automóvil;Calle 602 4000;3;1;0;2;0;0;Calle;ROSARIO;Constitución;Asfalto;No existe;II;Dentro;Urbana;Otra Señal;No existe;Intersección;Resbaladiza;Buena;Nocturna,Con luz artificial;Lluvia;Múltiple;S/D;Colisión;Agua;Faltante
9993;2021;12/12/2021;Domingo;15:15:00;Ruta Nacional 9;0.0;2;Moto/Ciclomotor,Automóvil;Cochet Y Ruta Nacional 9;3;2;0;1;0;0;Ruta;FUNES;Constitución;Asfalto;Pavimento;II;Dentro;Urbana;Otra Señal;No existe;Intersección;Bueno;Buena;Diurna;Buen Tiempo;Múltiple;S/D;Colisión;Ninguna;Horizontal
9994;2021;12/12/2021;Domingo;05:25:00;Ruta Secundaria 19-s;0.0;2;Moto/Ciclomotor,Automóvil;Boulevard Argentino Y Hipólito Yrigoyen;3;1;0;2;0;0;Ruta;CASILDA;Constitución;Asfalto;No existe;IV;Dentro;Urbana;Otra Señal;No existe;Intersección;S/D;S/D;Nocturna;S/D;Múltiple;S/D;Colisión;S/D;S/D
9995;2021;12/12/2021;Domingo;04:30:00;;0.0;1;Moto/Ciclomotor;Gral. Urquiza Y Mills Enrique;1;1;0;0;0;0;Calle;GÁLVEZ;Constitución;S/D;No existe;XV;Dentro;Urbana;Otra Señal;S/D;Intersección;S/D;S/D;Nocturna;S/D;Múltiple;S/D;Colisión;S/D;S/D
9996;2021;12/12/2021;Domingo;00:30:00;;0.0;2;Moto/Ciclomotor,Otros;C Escalada Y Genaro Roldan;4;1;0;0;0;3;Calle;SAN LORENZO;Constitución;S/D;No existe;XVII;Dentro;Urbana;Otra Señal;S/D;Intersección;S/D;S/D;Nocturna;S/D;Múltiple;S/D;Colisión;S/D;S/D
9997;2021;12/12/2021;Domingo;02:50:00;Ruta Nacional 11;0.0;2;Automóvil,Automóvil;Av. San Lorenzo Y Santa fe;2;1;0;1;0;0;Ruta;CAPITÁN BERMÚDEZ;Constitución;Asfalto;Pavimento;XVII;Dentro;Urbana;Otra Señal;Funciona;Intersección;S/D;S/D;Nocturna;S/D;Múltiple;S/D;Colisión;S/D;Horizontal,Vertical
9998;2021;12/12/2021;Domingo;16:10:00;Ruta Nacional 11;0.0;2;Moto/Ciclomotor,Moto/Ciclomotor;Calle 21 Y Ruta Nacional 11;3;1;0;2;0;0;Ruta;AVELLANEDA;Constitución;Asfalto;No existe;IX;Dentro;Urbana;Otra Señal;Funciona;Intersección;Bueno;S/D;Diurna;S/D;Múltiple;S/D;Colisión;S/D;Horizontal,Vertical
9999;2021;12/12/2021;Domingo;20:30:00;Ruta Provincial 6;0.0;1;Automóvil; ;1;1;0;0;0;0;Ruta;LOMA ALTA;Constitución;Asfalto;Natural;XI;Fuera;Rural;Otra Señal;No existe;Intersección;Bueno;S/D;Nocturna;Buen Tiempo;Múltiple;S/D;Colisión;Ninguna;Faltante
10000;2021;12/12/2021;Domingo;17:30:00;Ruta Provincial 62;19.0;1;Moto/Ciclomotor; ;1;1;0;0;0;0;Ruta;CAYASTA;Constitución;S/D;S/D;VII;Dentro;Rural;Otra Señal;S/D;Intersección;S/D;S/D;Diurna;S/D;Múltiple;S/D;Colisión;S/D;S/D
10001;2021;12/12/2021;Domingo;22:00:00;;0.0;1;Moto/Ciclomotor;Saavedra Y Maipú;2;2;0;0;0;0;Calle;ROSARIO;Constitución;Asfalto;No existe;II;Dentro;Urbana;Otra Señal;No existe;Intersección;Bueno;S/D;Nocturna;S/D;Múltiple;S/D;Colisión;Ninguna;Faltante
10002;2021;12/12/2021;Domingo;00:00:00;Ruta Secundaria 40-s;0.0;1;Moto/Ciclomotor; ;1;1;0;0;0;0;Ruta;EL TRÉBOL;Constitución;S/D;S/D;XVIII;Dentro;Rural;Otra Señal;S/D;Intersección;S/D;S/D;Nocturna;S/D;Múltiple;S/D;Colisión;S/D;S/D
10003;2021;12/12/2021;Domingo;14:00:00;;0.0;1;Moto/Ciclomotor; ;1;1;0;0;0;0;Calle;ROSARIO;Constitución;S/D;S/D;II;Dentro;Urbana;Otra Señal;S/D;Intersección;S/D;S/D;Diurna;S/D;Múltiple;S/D;Colisión;S/D;S/D
10004;2021;12/12/2021;Domingo;12:00:00;Ruta Nacional 8;0.0;2;Moto/Ciclomotor,Automóvil;Ovidio Lagos Av. 2150;2;0;0;1;0;0;Ruta;VENADO TUERTO;General LÓPEZ;Asfalto;Ripio;VIII;Dentro;Urbana;Otra Señal;No existe;Intersección;S/D;S/D;Diurna;S/D;Múltiple;S/D;Colisión;S/D;Horizontal
10005;2021;12/12/2021;Domingo;13:20:00;;0.0;2;Moto/Ciclomotor,Moto/Ciclomotor;Belgrano Y Mitre;2;1;0;0;0;0;Calle;TIMBÚES;San Lorenzo;Asfalto;No existe;XVII;Dentro;Urbana;Otra Señal;No existe;Intersección;S/D;S/D;Diurna;S/D;Múltiple;S/D;Colisión;S/D;S/D
10006;2021;12/12/2021;Domingo;;;0.0;2;Pickup/Utilitario,Moto/Ciclomotor;Av. Lisandro de la Torre Y Tucumán;2;0;0;1;0;0;Avenida;SUNCHALES;Castellanos;Asfalto;No existe;V;Dentro;Urbana;Otra Señal;No existe;Intersección;S/D;S/D;Nocturna;S/D;Múltiple;S/D;Colisión;S/D;Horizontal,Vertical
10007;2021;12/12/2021;Domingo;04:30:00;Autopista Nacional A008;0.0;2;Automóvil,Moto/Ciclomotor;Av. Circunvalación Y Cerrito;6;0;0;3;0;0;Autopista;ROSARIO;Rosario;Asfalto;No existe;II;Dentro;Urbana;Ninguna;No existe;Intersección;Bueno;Buena;Nocturna,Con luz artificial;Buen Tiempo;De alcance;S/D;Colisión;Ninguna;Horizontal
10008;2021;13/12/2021;Lunes;16:50:00;;0.0;2;Peatón,Transporte de Pasajeros Urbano (> 8 asientos);Garay Y Roullon;2;0;0;1;1;0;Calle;ROSARIO;Rosario;Asfalto;No existe;II;S/D;Urbana;Otra Señal;No existe;Intersección;Bueno;Buena;Diurna;Buen Tiempo;Múltiple;Peatón;Colisión;Ninguna;Faltante
10009;2021;13/12/2021;Lunes;23:50:00;Ruta Nacional 11;335.0;2;Moto/Ciclomotor,Camión c / Acoplado;Ruta Nac 11 ;2;0;0;1;1;0;Ruta;PUERTO SAN MARTÍN;San Lorenzo;Asfalto;Pavimento;XVII;S/D;Rural;Otra Señal;No existe;Intersección;Bueno;S/D;Nocturna;S/D;Múltiple;S/D;Colisión;Ninguna;Faltante
10010;2021;13/12/2021;Lunes;17:50:00;;0.0;2;Automóvil,Moto/Ciclomotor;Combate de Rincón Y Inés Álvarez;3;1;0;2;0;0;Calle;SAN JOSÉ DEL RINCÓN;Constitución;Arena;No existe;I;Dentro;Urbana;Otra Señal;No existe;Intersección;Bueno;Buena;Diurna;Buen Tiempo;Múltiple;S/D;Colisión;Ninguna;Faltante
10011;2021;13/12/2021;Lunes;01:00:00;Ruta Nacional 11;491.0;1;Moto/Ciclomotor; ;1;1;0;0;0;0;Ruta;CANDIOTI;Constitución;Asfalto;Natural;I;Dentro;Rural;Otra Señal;No existe;Intersección;Bueno;Reducida;Nocturna;Lluvia;Múltiple;S/D;Colisión;Agua;Horizontal
10012;2021;13/12/2021;Lunes;22:20:00;;0.0;2;Moto/Ciclomotor,Automóvil;G Alvear Y R P A Janssen;2;1;0;1;0;0;Calle;ESPERANZA;Constitución;Asfalto;No existe;XI;Dentro;Urbana;Otra Señal;No existe;Intersección;Bueno;Buena;Nocturna;Buen Tiempo;Múltiple;S/D;Colisión;Ninguna;Horizontal
10013;2021;13/12/2021;Lunes;07:15:00;;0.0;2;Automóvil,Bicicleta;B Iturraspe Y Mariano Moreno;2;1;0;1;0;0;Calle;ESPERANZA;Constitución;Asfalto;No existe;XI;Dentro;Urbana;Otra Señal;No existe;Intersección;Bueno;Buena;Diurna;Buen Tiempo;Múltiple;Ciclista;Colisión;Ninguna;Horizontal
10014;2021;13/12/2021;Lunes;04:00:00;;0.0;2;Moto/Ciclomotor,Automóvil;Cullen Y Nicolas Schneider;3;2;0;1;0;0;Calle;ESPERANZA;Constitución;Asfalto;No existe;XI;Dentro;Urbana;Otra Señal;No existe;Intersección;Bueno;Buena;Nocturna,Con luz artificial;Buen Tiempo;Múltiple;S/D;Colisión;Ninguna;Faltante
10015;2021;13/12/2021;Lunes;23:50:00;Ruta Provincial 32;0.0;2;Pickup/Utilitario,Moto/Ciclomotor;Av. Eduardo Minetti Y Bernardino Rivadavia;3;2;0;1;0;0;Ruta;VILLA MINETTI;Constitución;Ripio;No existe;XII;Dentro;Urbana;Otra Señal;No existe;Intersección;Con baches;S/D;Nocturna;S/D;Múltiple;S/D;Colisión;Ninguna;Faltante
10016;2021;13/12/2021;Lunes;12:15:00;;0.0;2;Automóvil,Moto/Ciclomotor;1 de Mayo Y Pasco;2;1;0;1;0;0;Calle;ROSARIO;Constitución;Asfalto;No existe;II;Dentro;Urbana;Otra Señal;No existe;Intersección;Bueno;Buena;Diurna;Buen Tiempo;Múltiple;S/D;Colisión;Ninguna;Horizontal
10017;2021;13/12/2021;Lunes;;;0.0;2;Moto/Ciclomotor,Automóvil;Corrientes Y Pres Domingo Faustino Sarmiento;2;1;0;1;0;0;Calle;SANTO TOMÉ;Constitución;Asfalto;No existe;I;Dentro;Urbana;Otra Señal;Funciona;Intersección;Bueno;Buena;Diurna;Buen Tiempo;Múltiple;S/D;Colisión;Ninguna;Vertical
10018;2021;13/12/2021;Lunes;10:00:00;;0.0;2;Bicicleta,Moto/Ciclomotor;Pasaje Carlos Pellegrini Y Pres Domingo Faustino Sarmiento;2;1;0;1;0;0;Calle;SANTO TOMÉ;Constitución;Asfalto;No existe;I;Dentro;Urbana;Otra Señal;No existe;Intersección;Bueno;Buena;Diurna;Buen Tiempo;Múltiple;Ciclista;Colisión;Ninguna;Faltante
10019;2021;13/12/2021;Lunes;18:45:00;;0.0;2;Automóvil,Moto/Ciclomotor;Mariano Moreno 4430;2;1;0;1;0;0;Calle;SANTO TOMÉ;Constitución;Tierra;No existe;I;Dentro;Urbana;Otra Señal;No existe;Intersección;Con baches;Buena;Diurna;Buen Tiempo;Múltiple;S/D;Colisión;Ninguna;Faltante
10020;2021;13/12/2021;Lunes;16:40:00;;0.0;2;Moto/Ciclomotor,Automóvil;Bv. Rondeau Y Godoy Cruz;3;2;0;1;0;0;Avenida;ROSARIO;Constitución;Asfalto;No existe;II;Dentro;Urbana;Otra Señal;No existe;Intersección;Bueno;Buena;Diurna;Buen Tiempo;Múltiple;S/D;Colisión;Ninguna;Horizontal
10021;2021;13/12/2021;Lunes;07:00:00;;0.0;1;Bicicleta;Mariano Candioti 4500;1;1;0;0;0;0;Calle;SANTO TOMÉ;Constitución;Asfalto;No existe;I;Dentro;Urbana;Otra Señal;No existe;Intersección;Bueno;Buena;Nocturna;Buen Tiempo;Múltiple;S/D;Colisión;Ninguna;Faltante
10022;2021;13/12/2021;Lunes;08:10:00;;0.0;2;Automóvil,Bicicleta;San Juan 966;2;1;0;1;0;0;Calle;ROSARIO;Constitución;Asfalto;No existe;II;Dentro;Urbana;Otra Señal;No existe;Intersección;Bueno;Buena;Diurna;Buen Tiempo;Múltiple;Ciclista;Colisión;Ninguna;Faltante
10023;2021;13/12/2021;Lunes;08:00:00;;0.0;2;Moto/Ciclomotor,Pickup/Utilitario;Ayacucho Y Rueda;2;1;0;0;0;1;Calle;ROSARIO;Constitución;Asfalto;No existe;II;Dentro;Urbana;Otra Señal;No existe;Intersección;Bueno;Buena;Diurna;Buen Tiempo;Múltiple;S/D;Colisión;Ninguna;Vertical
10024;2021;13/12/2021;Lunes;14:30:00;;0.0;2;Moto/Ciclomotor,Automóvil;Pavón Y Paulo VI;3;2;0;1;0;0;Calle;VILLA GOBERNADOR GÁLVEZ;Constitución;Asfalto;No existe;II;Dentro;Urbana;Otra Señal;No existe;Intersección;Deteriorada;Buena;Diurna;Buen Tiempo;Múltiple;S/D;Colisión;Ninguna;Faltante
10025;2021;13/12/2021;Lunes;17:25:00;;0.0;2;Bicicleta,Moto/Ciclomotor;Av. Provincias Unidas Y Zuviria;2;2;0;0;0;0;Avenida;ROSARIO;Constitución;Asfalto;No existe;II;Dentro;Urbana;Otra Señal;No existe;Intersección;Bueno;Buena;Diurna;Buen Tiempo;Múltiple;Ciclista;Colisión;Ninguna;Horizontal
10026;2021;13/12/2021;Lunes;10:15:00;;0.0;2;Bicicleta,Automóvil;Calle 27-Gdor Freyre Y Calle 30-Lucas Funes;2;1;0;1;0;0;Calle;RECONQUISTA;Constitución;Asfalto;No existe;IX;Dentro;Urbana;Otra Señal;No existe;Intersección;Bueno;Buena;Diurna;S/D;Múltiple;S/D;Colisión;Ninguna;Faltante
10027;2021;13/12/2021;Lunes;08:45:00;;0.0;2;Moto/Ciclomotor,Automóvil;Brown Y Falucho;3;1;0;2;0;0;Calle;SAN LORENZO;Constitución;Asfalto;No existe;XVII;Dentro;Urbana;Otra Señal;Funciona;Intersección;S/D;S/D;Diurna;S/D;Múltiple;S/D;Colisión;S/D;Vertical
10028;2021;13/12/2021;Lunes;09:00:00;Ruta Provincial 92;2.0;1;Automóvil; ;1;1;0;0;0;0;Ruta;CASILDA;Constitución;Asfalto;Natural;IV;Dentro;Rural;Otra Señal;No existe;Intersección;S/D;S/D;Diurna;S/D;Múltiple;S/D;Colisión;S/D;Horizontal
10029;2021;13/12/2021;Lunes;;;0.0;3;Automóvil,Automóvil,Automóvil; ;3;3;0;0;0;0;S/D;ESPERANZA;Constitución;S/D;S/D;XI;S/D;S/D;Otra Señal;S/D;Intersección;S/D;S/D;S/D;S/D;Múltiple;S/D;Colisión;S/D;S/D
10030;2021;13/12/2021;Lunes;16:15:00;;0.0;2;Moto/Ciclomotor,Automóvil;Belgrano Manuel Y L de la Torre;3;2;0;1;0;0;Calle;SAN CARLOS CENTRO;Constitución;S/D;S/D;XI;Dentro;Urbana;Otra Señal;S/D;Intersección;S/D;S/D;Diurna;S/D;Múltiple;S/D;Colisión;S/D;S/D
10031;2021;13/12/2021;Lunes;06:30:00;;0.0;1;Moto/Ciclomotor;F.More Y Garay;1;1;0;0;0;0;Calle;ROSARIO;Constitución;Asfalto;No existe;II;Dentro;Urbana;Otra Señal;No existe;Intersección;Bueno;S/D;Nocturna;S/D;Múltiple;S/D;Colisión;Ninguna;Faltante
10032;2021;13/12/2021;Lunes;;;0.0;1;Moto/Ciclomotor; ;1;1;0;0;0;0;S/D;VILLA AMELIA;Constitución;S/D;S/D;II;S/D;S/D;Otra Señal;S/D;Intersección;S/D;S/D;S/D;S/D;Múltiple;S/D;Colisión;S/D;S/D
10033;2021;13/12/2021;Lunes;04:55:00;;0.0;1;Moto/Ciclomotor;José Ignacio Gorriti Y Av. Urquiza;3;1;0;0;1;0;Calle;SANTA FE;Constitución;Asfalto,Tierra;No existe;I;S/D;Urbana;Otra Señal;No existe;Intersección;Bueno;S/D;Nocturna;S/D;Múltiple;S/D;Colisión;Ninguna;Faltante
10034;2021;13/12/2021;Lunes;19:40:00;Ruta Nacional A012;0.0;3;Automóvil,Camión c / Acoplado,Automóvil; ;5;3;0;1;0;0;Ruta;SAN LORENZO;Constitución;Asfalto;Natural;XVII;Dentro;Rural;Otra Señal;No existe;Intersección;Bueno;Buena;Diurna;Buen Tiempo;Múltiple;S/D;Colisión;Ninguna;Horizontal
10035;2021;13/12/2021;Lunes;09:50:00;;0.0;2;Moto/Ciclomotor,Automóvil;Av. J.Bernhein Y Cam De Las Carretas;2;0;0;1;0;0;Avenida;ROSARIO;Rosario;Asfalto;No existe;II;Dentro;Urbana;Otra Señal;No existe;Intersección;Bueno;Buena;Diurna;Buen Tiempo;Múltiple;S/D;Colisión;Ninguna;Faltante
10036;2021;13/12/2021;Lunes;20:00:00;;0.0;1;Moto/Ciclomotor;Dorrego Y Gaboto;1;0;0;0;0;0;Calle;ROSARIO;Rosario;Asfalto;No existe;II;Dentro;Urbana;Otra Señal;No existe;Intersección;Bueno;S/D;Nocturna,Con luz artificial;S/D;Múltiple;S/D;Colisión;Ninguna;Faltante
10037;2021;14/12/2021;Martes;19:45:00;;0.0;2;Moto/Ciclomotor,Automóvil;Ricardo Aldao Y Sarmiento;2;1;0;1;0;0;Calle;SANTA FE;Constitución;Asfalto;No existe;I;Dentro;Urbana;Otra Señal;No existe;Intersección;Bueno;Buena;Nocturna;S/D;Múltiple;S/D;Colisión;Ninguna;Horizontal,Vertical
10038;2021;14/12/2021;Martes;20:20:00;;0.0;2;Moto/Ciclomotor,Automóvil;Lavalle Y Quintana;2;1;0;1;0;0;Calle;SANTA FE;Constitución;Asfalto;No existe;I;Dentro;Urbana;Otra Señal;No existe;Intersección;Bueno;Buena;Nocturna;Buen Tiempo;Múltiple;S/D;Colisión;Ninguna;Faltante
10039;2021;14/12/2021;Martes;12:05:00;Ruta Provincial 1;0.0;1;Moto/Ciclomotor; ;2;2;0;0;0;0;Ruta;COLASTINE;Constitución;Asfalto;Pavimento;I;Dentro;Urbana;Otra Señal;No existe;Intersección;Bueno;Buena;Diurna;Buen Tiempo;Múltiple;S/D;Colisión;Ninguna;Horizontal
10040;2021;14/12/2021;Martes;23:15:00;Ruta Provincial 5;0.0;2;Moto/Ciclomotor,Pickup/Utilitario;Ruta pcial 2 Av. San Martin ;2;1;0;1;0;0;Ruta;MONTE VERA;Constitución;Asfalto;No existe;I;Dentro;Rural;Otra Señal;No existe;Intersección;Bueno;Buena;Nocturna,Con luz artificial;Buen Tiempo;Múltiple;S/D;Colisión;Ninguna;Horizontal
10041;2021;14/12/2021;Martes;23:30:00;Ruta Nacional 11;0.0;2;Moto/Ciclomotor,Automóvil;Quiroga Y Ruta Nacional 11;2;1;0;1;0;0;Ruta;RECREO;Constitución;Asfalto;Natural;I;Dentro;Urbana;Otra Señal;No existe;Intersección;Bueno;Buena;Nocturna;S/D;Múltiple;S/D;Colisión;Ninguna;Faltante
10042;2021;14/12/2021;Martes;18:45:00;;0.0;2;Automóvil,Moto/Ciclomotor;Chacabuco Y Nicolas Schneider;2;1;0;1;0;0;Calle;ESPERANZA;Constitución;Asfalto;No existe;XI;Dentro;Urbana;Otra Señal;No existe;Intersección;Bueno;Buena;Diurna;Buen Tiempo;Múltiple;S/D;Colisión;Ninguna;Vertical
10043;2021;14/12/2021;Martes;17:00:00;;0.0;2;Pickup/Utilitario,Moto/Ciclomotor;A Gaminara Y Sarmiento;2;1;0;1;0;0;Calle;SAN CARLOS CENTRO;Constitución;Asfalto;No existe;XI;Dentro;Urbana;Otra Señal;No existe;Intersección;Bueno;Buena;Atardecer;Buen Tiempo;Múltiple;S/D;Colisión;Ninguna;Faltante
10044;2021;14/12/2021;Martes;23:30:00;Ruta Provincial 1;39.0;2;Pickup/Utilitario,Bicicleta; ;2;1;0;1;0;0;Ruta;SANTA ROSA DE CALCHINES;Constitución;Asfalto;Natural;VII;Dentro;Urbana;Otra Señal;No existe;Intersección;Bueno;Buena;Nocturna;Buen Tiempo;Múltiple;Ciclista;Colisión;Ninguna;Horizontal
10045;2021;14/12/2021;Martes;17:50:00;;0.0;2;Moto/Ciclomotor,Moto/Ciclomotor;Buenos Aires Y Bv. 27 De Febrero;2;1;0;1;0;0;Calle;ROSARIO;Constitución;Asfalto;No existe;II;Dentro;Urbana;Otra Señal;Funciona;Intersección;Bueno;Buena;Diurna;Buen Tiempo;Múltiple;S/D;Colisión;Ninguna;Horizontal,Vertical
10046;2021;14/12/2021;Martes;12:45:00;;0.0;2;Automóvil,Peatón;Mitre Y Pasco;2;1;0;1;0;0;Calle;ROSARIO;Constitución;Asfalto;No existe;II;Dentro;Urbana;Otra Señal;No existe;Intersección;Bueno;Buena;Diurna;Buen Tiempo;Múltiple;Peatón;Colisión;Ninguna;Horizontal
10047;2021;14/12/2021;Martes;16:45:00;;0.0;2;Bicicleta,Camión Chasis;Bv. Oroño Y Virasoro;2;1;0;1;0;0;Calle;ROSARIO;Constitución;Asfalto;No existe;II;Dentro;Urbana;Otra Señal;Funciona;Intersección;Bueno;Buena;Diurna;S/D;Múltiple;Ciclista;Colisión;Ninguna;Horizontal,Vertical
10048;2021;14/12/2021;Martes;11:30:00;;0.0;2;Peatón,Automóvil; ;2;1;0;1;0;0;S/D;SANTA FE;Constitución;S/D;S/D;I;S/D;Urbana;Otra Señal;S/D;Intersección;S/D;S/D;Diurna;S/D;Múltiple;Peatón;Colisión;S/D;S/D
10049;2021;14/12/2021;Martes;12:00:00;Ruta Nacional 33;0.0;1;Camión Chasis;Av. Pte. Perón Y Calle 1712;2;1;0;1;0;0;Ruta;ROSARIO;Constitución;Asfalto;No existe;II;Dentro;Urbana;Otra Señal;No existe;Intersección;Bueno;Buena;Diurna;Buen Tiempo;Múltiple;S/D;Colisión;Ninguna;Faltante
10050;2021;14/12/2021;Martes;11:30:00;;0.0;2;Bicicleta,Automóvil;Anchorena 200;2;1;0;1;0;0;Calle;ROSARIO;Constitución;Asfalto;No existe;II;Dentro;Urbana;Otra Señal;No existe;Intersección;Bueno;Buena;Diurna;Buen Tiempo;Múltiple;Ciclista;Colisión;Ninguna;Faltante
10051;2021;14/12/2021;Martes;10:00:00;;0.0;2;Automóvil,Automóvil;9 De Julio Y Alsina;3;2;0;1;0;0;Calle;ROSARIO;Constitución;Asfalto;No existe;II;Dentro;Urbana;Otra Señal;No existe;Intersección;Bueno;Buena;Diurna;Buen Tiempo;Múltiple;S/D;Colisión;Ninguna;Faltante
10052;2021;14/12/2021;Martes;20:00:00;;0.0;2;Automóvil,Moto/Ciclomotor;D F Sarmiento Y Hipólito Irigoyen;2;1;0;1;0;0;Calle;PEREZ;Constitución;Asfalto;No existe;II;Dentro;Urbana;Otra Señal;No existe;Intersección;Bueno;Buena;Nocturna,Con luz artificial;Buen Tiempo;Múltiple;S/D;Colisión;Ninguna;Faltante
10053;2021;14/12/2021;Martes;17:30:00;;0.0;2;Moto/Ciclomotor,Pickup/Utilitario;Fraga Y José Ingenieros;3;1;0;2;0;0;Calle;ROSARIO;Constitución;Asfalto;No existe;II;Dentro;Urbana;Otra Señal;No existe;Intersección;Bueno;Buena;Diurna;Buen Tiempo;Múltiple;S/D;Colisión;Ninguna;Faltante
10054;2021;14/12/2021;Martes;18:00:00;;0.0;2;Bicicleta,Automóvil;Calle 9-Mariano Moreno Y Calle 20 9 de Julio;2;1;0;1;0;0;Calle;RECONQUISTA;Constitución;Asfalto;No existe;IX;Dentro;Urbana;Otra Señal;No existe;Intersección;Bueno;Buena;Diurna;Buen Tiempo;Múltiple;Ciclista;Colisión;Ninguna;Faltante
10055;2021;14/12/2021;Martes;12:55:00;;0.0;2;Moto/Ciclomotor,Automóvil;Calle 16 Gral. Obligado Y Calle 9-Mariano Moreno;2;1;0;1;0;0;Calle;RECONQUISTA;Constitución;Asfalto;No existe;IX;Dentro;Urbana;Otra Señal;No existe;Intersección;Bueno;Buena;Diurna;Buen Tiempo;Múltiple;S/D;Colisión;Ninguna;Horizontal,Vertical
10056;2021;14/12/2021;Martes;11:00:00;;0.0;2;Moto/Ciclomotor,Automóvil;Pte. Perón 260;2;1;0;1;0;0;S/D;CAPITÁN BERMÚDEZ;Constitución;Asfalto;No existe;XVII;Dentro;Urbana;Otra Señal;No existe;Intersección;S/D;S/D;Diurna;S/D;Múltiple;S/D;Colisión;S/D;Faltante
10057;2021;14/12/2021;Martes;17:30:00;;0.0;2;Automóvil,Bicicleta;Alberdi Y José de San Martin;2;1;0;1;0;0;Calle;CORONDA;Constitución;Asfalto;No existe;XV;Dentro;Urbana;Otra Señal;No existe;Intersección;S/D;S/D;Diurna;Buen Tiempo;Múltiple;Ciclista;Colisión;S/D;Faltante