ID_Accidente;A�o;Fecha;Dia;Hopra;Ruta/Autop;km;Participantes;Tipo;Lugar;Total;Heridos Leves;Heridos Graves;Ilesos;Fallecidos;Sin datos;desc_tipo_via;desc_loc;desc_dpto;|;desc_tipo_banquina;desc_unidad_regional;desc_lugar_calzada;desc_zona;desc_prioridad;desc_estado_semaforo;desc_lugar_via;desc_estado_via;desc_estado_visibilidad;desc_luminosidad;desc_estado_clima;desc_tipo_colision;desc_tipo_atropello;desc_tipo_hecho;desc_pres_calzada;desc_senializacion
10058;2021;14/12/2021;Martes;22:35:00;;0.0;1;Moto/Ciclomotor;Chaco Y Francia;1;1;0;0;0;0;Calle;ARTEAGA;Constitución;Asfalto;No existe;IV;Dentro;Urbana;Otra Señal;No existe;Intersección;Bueno;Buena;Nocturna,Con luz artificial;Buen Tiempo;Múltiple;S/D;Colisión;Ninguna;Faltante
10059;2021;14/12/2021;Martes;11:15:00;;0.0;2;Automóvil,Bicicleta;A Gaminara Y Mitre;2;1;0;1;0;0;Calle;SAN CARLOS CENTRO;Constitución;S/D;No existe;XI;Dentro;Urbana;Otra Señal;S/D;Intersección;S/D;S/D;Diurna;S/D;Múltiple;S/D;Colisión;S/D;S/D
10060;2021;14/12/2021;Martes;12:00:00;;0.0;2;Moto/Ciclomotor,Automóvil;Lavalle Y Tucumán;2;1;0;1;0;0;Calle;ROSARIO;Constitución;Asfalto;No existe;II;Dentro;Urbana;Otra Señal;No existe;Intersección;S/D;S/D;Diurna;S/D;Múltiple;S/D;Colisión;S/D;Vertical
10061;2021;14/12/2021;Martes;01:30:00;Autopista Nacional Rosario -Cordoba;369.0;1;Automóvil; ;4;4;0;0;0;0;Autopista;CAÑADA DE GÓMEZ;Constitución;Asfalto;Natural;X;Dentro;Urbana;Otra Señal;No existe;Intersección;Bueno;S/D;Nocturna;S/D;Múltiple;S/D;Colisión;Ninguna;Horizontal
10062;2021;14/12/2021;Martes;;;0.0;2;Moto/Ciclomotor,Pickup/Utilitario;Ángel Contardi Y Belgrano;2;1;0;1;0;0;Calle;ZENÓN PEREYRA;Constitución;S/D;No existe;V;Dentro;Urbana;Otra Señal;S/D;Intersección;S/D;S/D;Diurna;S/D;Múltiple;S/D;Colisión;S/D;S/D
10063;2021;14/12/2021;Martes;19:00:00;;0.0;1;Moto/Ciclomotor;Vera Mujica Y Pje. Ceres;1;1;0;0;0;0;Calle;ROSARIO;Constitución;Asfalto;No existe;II;Dentro;Urbana;Otra Señal;No existe;Intersección;Bueno;S/D;Diurna;S/D;Múltiple;S/D;Colisión;Ninguna;Faltante
10064;2021;14/12/2021;Martes;17:00:00;;0.0;1;Moto/Ciclomotor;Pueyrredón Y Amenábar;1;1;0;0;0;0;Calle;ROSARIO;Constitución;Asfalto;No existe;II;Dentro;Urbana;Otra Señal;No existe;Intersección;Bueno;S/D;Diurna;S/D;Múltiple;S/D;Colisión;Ninguna;Faltante
10065;2021;14/12/2021;Martes;13:00:00;;0.0;1;Moto/Ciclomotor;Urquiza Y Lavalle;1;1;0;0;0;0;Calle;ROSARIO;Constitución;Asfalto;No existe;II;Dentro;Urbana;Otra Señal;No existe;Intersección;Bueno;S/D;Diurna;S/D;Múltiple;S/D;Colisión;Ninguna;Faltante
10066;2021;14/12/2021;Martes;18:00:00;;0.0;1;Moto/Ciclomotor;San Juan Y Suipacha;1;1;0;0;0;0;Calle;ROSARIO;Constitución;Asfalto;No existe;II;Dentro;Urbana;Otra Señal;No existe;Intersección;Bueno;S/D;Diurna;S/D;Múltiple;S/D;Colisión;Ninguna;Horizontal
10067;2021;14/12/2021;Martes;08:00:00;;0.0;1;Automóvil;Bv. 27 De Febrero Y Castellanos;2;1;0;0;0;1;Calle;ROSARIO;Constitución;Asfalto;No existe;II;Dentro;Urbana;Otra Señal;No existe;Intersección;Bueno;S/D;Diurna;S/D;Múltiple;S/D;Colisión;Ninguna;Horizontal,Vertical
10068;2021;14/12/2021;Martes;07:30:00;;0.0;2;Automóvil,Bicicleta;B de Tucumán Y Gral. Urquiza;2;0;0;1;0;0;Calle;SAN JUSTO;Constitución;Asfalto;No existe;XVI;Dentro;Urbana;Otra Señal;No existe;Intersección;Bueno;Buena;Diurna;Buen Tiempo;Múltiple;Ciclista;Colisión;Ninguna;Faltante
10069;2021;14/12/2021;Martes;;;0.0;2;Moto/Ciclomotor,Automóvil;Gobernador Crespo Y Florencio Sánchez;2;0;0;1;0;0;Calle;RAFAELA;Castellanos;Asfalto;No existe;V;Dentro;Urbana;Otra Señal;No existe;Intersección;S/D;S/D;S/D;S/D;Múltiple;S/D;Colisión;S/D;Faltante
10070;2021;14/12/2021;Martes;15:20:00;;0.0;2;Moto/Ciclomotor,Moto/Ciclomotor;BV SAN MARTIN  Y COLOMBRES ;2;1;0;0;0;0;Avenida;VILLA GUILLERMINA;General Obligado;S/D;S/D;IX;Dentro;Urbana;Otra Señal;S/D;Intersección;S/D;S/D;Diurna;S/D;Múltiple;S/D;Colisión;S/D;S/D
10071;2021;14/12/2021;Martes;16:10:00;Autopista Provincial Brigadier E.LÓPEZ;72.0;2;Automóvil,Pickup/Utilitario; ;4;1;0;0;1;0;Autopista;MONJE;San JERÓNIMO;Asfalto;Natural;XV;S/D;Rural;Otra Señal;No existe;Intersección;Bueno;S/D;Diurna;S/D;Múltiple;S/D;Colisión;Ninguna;Faltante
10072;2021;14/12/2021;Martes;07:30:00;Ruta Secundaria 81-s;0.0;2;Moto/Ciclomotor,Moto/Ciclomotor;JUAN DOMINO PERÓN ;2;0;0;0;0;0;Ruta;LEHMANN;Castellanos;Asfalto;Natural;V;Dentro;Urbana;Otra Señal;No existe;Intersección;Con baches;Buena;Diurna;Buen Tiempo;Frontal;S/D;Colisión;Ninguna;Faltante
10073;2021;15/12/2021;Miercoles;19:15:00;Ruta Nacional 33;656.0;2;Moto/Ciclomotor,Pickup/Utilitario; ;2;0;0;1;1;0;Ruta;CARMEN;General LÓPEZ;Asfalto;Natural;VIII;S/D;Rural;Otra Señal;No existe;Intersección;Bueno;S/D;Nocturna;S/D;Múltiple;S/D;Colisión;Ninguna;Faltante
10074;2021;15/12/2021;Miercoles;06:00:00;Ruta Provincial 70;65.0;2;Peatón,Taxi/Remis;Ruta Provincial 70 ;3;0;0;2;1;0;Ruta;BELLA ITALIA;Castellanos;Asfalto;Natural;V;S/D;Rural;Otra Señal;No existe;Intersección;Bueno;S/D;Nocturna;S/D;Múltiple;Peatón;Colisión;Ninguna;Faltante
10075;2021;15/12/2021;Miercoles;13:30:00;;0.0;2;Automóvil,Moto/Ciclomotor;Salvador del Carril Y Sarmiento;2;1;0;1;0;0;Calle;SANTA FE;Constitución;Asfalto;No existe;I;Dentro;Urbana;Otra Señal;No existe;Intersección;Bueno;Buena;Diurna;S/D;Múltiple;S/D;Colisión;Ninguna;Faltante
10076;2021;15/12/2021;Miercoles;14:45:00;;0.0;2;Moto/Ciclomotor,Automóvil;Lucio Víctor Mansilla Y Teniente Loza;2;1;0;1;0;0;Calle;SANTA FE;Constitución;Asfalto;No existe;I;Dentro;Urbana;Otra Señal;No existe;Intersección;Bueno;Buena;Diurna;Buen Tiempo;Múltiple;S/D;Colisión;Ninguna;Faltante
10077;2021;15/12/2021;Miercoles;22:00:00;;0.0;1;Moto/Ciclomotor;Juan José Paso Y López y Planes;3;3;0;0;0;0;Calle;ESPERANZA;Constitución;Ripio;No existe;XI;Dentro;Urbana;Otra Señal;No existe;Intersección;Bueno;Buena;Nocturna;Buen Tiempo;Múltiple;S/D;Colisión;Material Suelto;Faltante
10078;2021;15/12/2021;Miercoles;12:25:00;Ruta Secundaria 98-s;0.0;1;Pickup/Utilitario; ;1;1;0;0;0;0;Ruta;TOSTADO;Constitución;Asfalto;No existe;XII;Dentro;Urbana;Otra Señal;No existe;Intersección;Bueno;Buena;Diurna;Buen Tiempo;Múltiple;S/D;Colisión;Ninguna;Faltante
10079;2021;15/12/2021;Miercoles;18:00:00;Autopista Nacional A008;0.0;2;Moto/Ciclomotor,Automóvil;Av. Circunvalación Y Bv. 27 De Febrero;2;1;0;1;0;0;Autopista;ROSARIO;Constitución;Asfalto;No existe;II;Dentro;Urbana;Otra Señal;Funciona;Intersección;Bueno;Buena;Diurna;Buen Tiempo;Múltiple;S/D;Colisión;Ninguna;Horizontal,Vertical
10080;2021;15/12/2021;Miercoles;13:00:00;;0.0;2;Otros,Moto/Ciclomotor;Dorrego Y Gálvez;2;1;0;1;0;0;Calle;ROSARIO;Constitución;Asfalto;No existe;II;Dentro;Urbana;Otra Señal;No existe;Intersección;Bueno;Buena;Diurna;Buen Tiempo;Múltiple;S/D;Colisión;Ninguna;Faltante
10081;2021;15/12/2021;Miercoles;21:40:00;;0.0;2;Moto/Ciclomotor,Automóvil;Bv R S PEÑA Y Italia;3;2;0;1;0;0;Avenida;SAN JUSTO;Constitución;Hormigón;No existe;XVI;Dentro;Urbana;Otra Señal;No existe;Intersección;Bueno;Buena;Nocturna;Buen Tiempo;Múltiple;S/D;Colisión;Material Suelto;Faltante
10082;2021;15/12/2021;Miercoles;02:30:00;Ruta Nacional 11;0.0;1;Automóvil;Juan José Paso Y Ruta 11 Avenida Richieri;1;1;0;0;0;0;Ruta;SANTO TOMÉ;Constitución;Asfalto;Ripio;I;Dentro;Urbana;Otra Señal;No existe;Intersección;Bueno;Buena;Nocturna,Con luz artificial;Buen Tiempo;Múltiple;S/D;Colisión;Ninguna;Horizontal
10083;2021;15/12/2021;Miercoles;01:15:00;;0.0;1;Moto/Ciclomotor;Calle 29 Y Calle 6;1;1;0;0;0;0;Calle;LAS PAREJAS;Constitución;Asfalto;No existe;III;Dentro;Urbana;Otra Señal;No existe;Intersección;Bueno;Buena;Nocturna,Con luz artificial;Buen Tiempo;Múltiple;S/D;Colisión;Ninguna;Faltante
10084;2021;15/12/2021;Miercoles;17:30:00;;0.0;2;Automóvil,Bicicleta;Ituzaingó Y Mitre;2;1;0;1;0;0;Calle;SANTA FE;Constitución;Asfalto;No existe;I;Dentro;Urbana;Otra Señal;No existe;Intersección;Bueno;S/D;Diurna;S/D;Múltiple;Ciclista;Colisión;Ninguna;Faltante
10085;2021;15/12/2021;Miercoles;20:20:00;;0.0;2;Peatón,Automóvil;Bv. Avellaneda 4600;2;1;0;1;0;0;Avenida;ROSARIO;Constitución;Asfalto;No existe;II;Fuera;Urbana;Otra Señal;No existe;Intersección;Bueno;Buena;Diurna;Buen Tiempo;Múltiple;Peatón;Colisión;Ninguna;Faltante
10086;2021;15/12/2021;Miercoles;17:20:00;;0.0;2;Peatón,Automóvil;Av. Casiano Casas Y F.Netri;2;1;0;1;0;0;Avenida;ROSARIO;Constitución;Asfalto;No existe;II;Dentro;Urbana;Otra Señal;Funciona;Intersección;Bueno;Buena;Diurna;Buen Tiempo;Múltiple;S/D;Colisión;Ninguna;Horizontal,Vertical
10087;2021;15/12/2021;Miercoles;10:30:00;Ruta Nacional 9;0.0;2;Peatón,Moto/Ciclomotor;Candelaria Y Ruta Nacional 9;2;1;0;1;0;0;Ruta;FUNES;Constitución;Asfalto;No existe;II;Dentro;Urbana;Otra Señal;No existe;Intersección;Bueno;Buena;Diurna;Buen Tiempo;Múltiple;Peatón;Colisión;Ninguna;Horizontal,Vertical
10088;2021;15/12/2021;Miercoles;14:45:00;;0.0;2;Moto/Ciclomotor,Automóvil;PABLO IV Y PICASSO;2;1;0;0;0;1;Calle;VILLA GOBERNADOR GÁLVEZ;Constitución;Asfalto;No existe;II;Dentro;Urbana;Otra Señal;No existe;Intersección;Bueno;Buena;Diurna;Buen Tiempo;Múltiple;S/D;Colisión;Ninguna;Faltante
10089;2021;15/12/2021;Miercoles;14:00:00;;0.0;2;Moto/Ciclomotor,Automóvil;Libertad Y 12 de Octubre;2;1;0;1;0;0;Calle;VILLA GOBERNADOR GÁLVEZ;Constitución;Asfalto;No existe;II;Dentro;Urbana;Otra Señal;No existe;Intersección;Bueno;Buena;Diurna;Buen Tiempo;Múltiple;S/D;Colisión;Ninguna;Faltante
10090;2021;15/12/2021;Miercoles;17:50:00;;0.0;2;Moto/Ciclomotor,Automóvil;Av. Provincias Unidas Y J.J.Paso;2;1;0;1;0;0;Avenida;ROSARIO;Constitución;Asfalto;No existe;II;Dentro;Urbana;Otra Señal;No existe;Intersección;Bueno;Buena;Diurna;Buen Tiempo;Múltiple;S/D;Colisión;Ninguna;Horizontal
10091;2021;15/12/2021;Miercoles;10:00:00;;0.0;1;Moto/Ciclomotor;Calle 19-Habegger 870;1;1;0;0;0;0;Calle;RECONQUISTA;Constitución;Asfalto;No existe;IX;Dentro;Urbana;Otra Señal;No existe;Intersección;Bueno;Buena;Diurna;Buen Tiempo;Múltiple;S/D;Colisión;Ninguna;Faltante
10092;2021;15/12/2021;Miercoles;;;0.0;2;Automóvil,Automóvil; ;3;1;0;2;0;0;S/D;SAN JERÓNIMO NORTE;Constitución;Asfalto;S/D;XI;S/D;S/D;Otra Señal;S/D;Intersección;S/D;S/D;S/D;S/D;Múltiple;S/D;Colisión;S/D;S/D
10093;2021;15/12/2021;Miercoles;;;0.0;2;Moto/Ciclomotor,Otros; ;3;2;0;1;0;0;Calle;SAN CARLOS CENTRO;Constitución;S/D;S/D;XI;Dentro;Urbana;Otra Señal;S/D;Intersección;S/D;S/D;S/D;S/D;Múltiple;S/D;Colisión;S/D;S/D
10094;2021;15/12/2021;Miercoles;20:40:00;Ruta Secundaria 83-s;0.0;2;Automóvil,Moto/Ciclomotor;Alberdi Y Brown;4;1;0;3;0;0;Ruta;LA GALLARETA;Constitución;S/D;No existe;XIX;Dentro;Urbana;Otra Señal;S/D;Intersección;S/D;S/D;Nocturna;S/D;Múltiple;S/D;Colisión;S/D;S/D
10095;2021;15/12/2021;Miercoles;00:00:00;;0.0;2;Moto/Ciclomotor,Peatón;Bv. Balcarce Y Sarmiento;3;3;0;0;0;0;Avenida;CAÑADA DE GÓMEZ;Constitución;Asfalto;No existe;X;Dentro;Urbana;Otra Señal;No existe;Intersección;S/D;S/D;Nocturna;S/D;Múltiple;Peatón;Colisión;S/D;Faltante
10096;2021;15/12/2021;Miercoles;16:30:00;;0.0;2;Automóvil,Moto/Ciclomotor;9 de Julio Y Storni;2;1;0;1;0;0;Calle;CAÑADA DE GÓMEZ;Constitución;Asfalto;No existe;X;Dentro;Urbana;Otra Señal;No existe;Intersección;S/D;S/D;Diurna;S/D;Múltiple;S/D;Colisión;S/D;Faltante
10097;2021;15/12/2021;Miercoles;07:40:00;;0.0;2;Moto/Ciclomotor,Moto/Ciclomotor;Bernardino Rivadavia Y Santa Fe;2;2;0;0;0;0;Calle;VENADO TUERTO;Constitución;Asfalto;No existe;VII;Dentro;Urbana;Otra Señal;Funciona;Intersección;S/D;S/D;Diurna;S/D;Múltiple;S/D;Colisión;S/D;Vertical
10098;2021;15/12/2021;Miercoles;11:20:00;;0.0;1;Bicicleta;Catamarca Y Chaco;1;1;0;0;0;0;Calle;VENADO TUERTO;Constitución;Asfalto;No existe;VIII;Dentro;Urbana;Otra Señal;No existe;Intersección;S/D;S/D;Diurna;S/D;Múltiple;S/D;Colisión;S/D;Faltante
10099;2021;15/12/2021;Miercoles;12:40:00;;0.0;2;Automóvil,Moto/Ciclomotor;Av. Estrugamou Y Cristóbal Colon;2;1;0;1;0;0;Avenida;VENADO TUERTO;Constitución;Asfalto;No existe;VIII;Dentro;Urbana;Otra Señal;No existe;Intersección;S/D;S/D;Diurna;S/D;Múltiple;S/D;Colisión;S/D;Vertical
10100;2021;15/12/2021;Miercoles;20:35:00;Ruta Nacional 8;0.0;1;Pickup/Utilitario;José Aufranc Y Ruta Nac 8;2;2;0;0;0;0;Ruta;VENADO TUERTO;Constitución;Asfalto;Ripio;VIII;Dentro;Urbana;Otra Señal;No existe;Intersección;S/D;S/D;Nocturna;S/D;Múltiple;S/D;Colisión;S/D;Horizontal
10101;2021;15/12/2021;Miercoles;20:15:00;;0.0;2;Automóvil,Moto/Ciclomotor;Juan Lavalle Y Vélez Sarsfield;3;2;0;1;0;0;Calle;VENADO TUERTO;Constitución;Asfalto;No existe;VIII;Dentro;Urbana;Otra Señal;No existe;Intersección;S/D;S/D;Nocturna;S/D;Múltiple;S/D;Colisión;S/D;Faltante
10102;2021;15/12/2021;Miercoles;21:00:00;Ruta Provincial 32;23.0;2;Moto/Ciclomotor,Bicicleta; ;2;2;0;0;0;0;Ruta;VILLA OCAMPO;Constitución;S/D;No existe;IX;Dentro;Rural;Otra Señal;S/D;Intersección;S/D;S/D;Nocturna;S/D;Múltiple;Ciclista;Colisión;S/D;S/D
10103;2021;15/12/2021;Miercoles;22:35:00;;0.0;2;Moto/Ciclomotor,Automóvil;25 de mayo Y San Martin;2;1;0;1;0;0;Calle;MALABRIGO;Constitución;S/D;No existe;IX;Dentro;Urbana;Otra Señal;No existe;Intersección;S/D;S/D;Nocturna;S/D;Múltiple;S/D;Colisión;S/D;S/D
10104;2021;15/12/2021;Miercoles;12:30:00;;0.0;1;Moto/Ciclomotor;Buenos Aires Y Rueda;2;2;0;0;0;0;Calle;ROSARIO;Constitución;Asfalto;No existe;II;Dentro;Urbana;Otra Señal;No existe;Intersección;Bueno;S/D;Diurna;S/D;Múltiple;S/D;Colisión;Ninguna;Horizontal
10105;2021;15/12/2021;Miercoles;13:00:00;;0.0;1;Automóvil;Av. Pellegrini Y Iriondo;2;1;0;0;0;1;Calle;ROSARIO;Constitución;Asfalto;No existe;II;Dentro;Urbana;Otra Señal;Funciona;Intersección;Bueno;S/D;Diurna;S/D;Múltiple;S/D;Colisión;Ninguna;Horizontal,Vertical
10106;2021;15/12/2021;Miercoles;15:00:00;Ruta Secundaria 91-s;0.0;1;Bicicleta; ;1;0;0;0;0;0;Ruta;VILLA MINETTI;Constitución;Ripio;Natural;XII;Fuera;Rural;Otra Señal;No existe;Intersección;Con baches;Buena;Atardecer;Buen Tiempo;Múltiple;S/D;Colisión;S/D;Faltante
10107;2021;15/12/2021;Miercoles;08:30:00;;0.0;1;Moto/Ciclomotor;Albert Sabin Y Av. Luis Carballo;1;0;0;0;0;0;Avenida;ROSARIO;Rosario;Asfalto;No existe;II;Dentro;Urbana;Otra Señal;Funciona;Intersección;Bueno;S/D;Diurna;S/D;Múltiple;S/D;Colisión;Ninguna;Horizontal,Vertical
10108;2021;15/12/2021;Miercoles;;;0.0;2;Moto/Ciclomotor,Moto/Ciclomotor;Ciudad de Esperanza Y Florentino Ameghino;2;0;0;0;0;0;Calle;RAFAELA;Castellanos;Asfalto;No existe;V;Dentro;Urbana;Otra Señal;No existe;Intersección;Bueno;S/D;S/D;S/D;S/D;S/D;Colisión;S/D;Vertical
10109;2021;16/12/2021;Jueves;13:00:00;;0.0;2;Moto/Ciclomotor,Pickup/Utilitario;J P López Y Republica de Siria;2;0;0;1;1;0;Calle;SANTA FE;La Capital;Asfalto;No existe;I;S/D;Urbana;Otra Señal;No existe;Intersección;Bueno;Buena;Diurna;Buen Tiempo;Múltiple;S/D;Colisión;Ninguna;S/D
10110;2021;16/12/2021;Jueves;12:40:00;Autopista Nacional A008;19.0;2;Peatón,Automóvil;Av. Circunvalación ;2;0;0;1;1;0;Autopista;ROSARIO;Rosario;Asfalto;No existe;II;S/D;Rural;Otra Señal;No existe;Intersección;Bueno;Buena;Diurna;Buen Tiempo;Múltiple;Peatón;Colisión;Ninguna;Faltante
10111;2021;16/12/2021;Jueves;08:30:00;;0.0;2;Moto/Ciclomotor,Automóvil;9 de Julio Y Agustín Delgado;2;1;0;1;0;0;Calle;SANTA FE;Constitución;Asfalto;No existe;I;Dentro;Urbana;Otra Señal;No existe;Intersección;Bueno;Buena;Diurna;Buen Tiempo;Múltiple;S/D;Colisión;Ninguna;Faltante
10112;2021;16/12/2021;Jueves;19:30:00;;0.0;2;Bicicleta,Automóvil;Av. Galicia Y Candioti;2;1;0;1;0;0;Avenida;SANTA FE;Constitución;Asfalto;No existe;I;Dentro;Urbana;Otra Señal;No existe;Intersección;Bueno;Buena;Diurna;Buen Tiempo;Múltiple;Ciclista;Colisión;Ninguna;Faltante
10113;2021;16/12/2021;Jueves;09:00:00;;0.0;2;Pickup/Utilitario,Moto/Ciclomotor;Cerrito Y Necochea;3;2;0;1;0;0;Calle;ROSARIO;Constitución;Asfalto;No existe;II;Dentro;Urbana;Otra Señal;No existe;Intersección;Bueno;Buena;Diurna;Buen Tiempo;Múltiple;S/D;Colisión;Ninguna;Horizontal,Vertical
10114;2021;16/12/2021;Jueves;20:10:00;;0.0;2;Moto/Ciclomotor,Automóvil;Av. Arronga Y Buenos Aires;3;2;0;1;0;0;Avenida;VERA;Constitución;Ripio;No existe;XIX;Dentro;Urbana;Otra Señal;No existe;Intersección;S/D;S/D;S/D;S/D;Múltiple;S/D;Colisión;S/D;S/D
10115;2021;16/12/2021;Jueves;22:00:00;;0.0;2;Moto/Ciclomotor,Moto/Ciclomotor;25 de Mayo Y Sarmiento D;4;2;0;2;0;0;Calle;VERA;Constitución;Asfalto;No existe;XIX;Dentro;Urbana;Otra Señal;No existe;Intersección;Bueno;Buena;Nocturna,Con luz artificial;Buen Tiempo;Múltiple;S/D;Colisión;Ninguna;Faltante
10116;2021;16/12/2021;Jueves;08:25:00;;0.0;2;Pickup/Utilitario,Moto/Ciclomotor;Mitre Y Moreno;5;3;0;2;0;0;Calle;CALCHAQUÍ;Constitución;Asfalto,Ripio;No existe;XIX;Dentro;Urbana;Otra Señal;No existe;Intersección;S/D;Buena;Diurna;Buen Tiempo;Múltiple;S/D;Colisión;S/D;S/D
10117;2021;16/12/2021;Jueves;16:20:00;;0.0;2;Moto/Ciclomotor,Pickup/Utilitario;Avenida 21 Y Calle 6;2;1;0;1;0;0;Avenida;LAS PAREJAS;Constitución;Asfalto;No existe;III;Dentro;Urbana;Otra Señal;No existe;Intersección;Deteriorada;Buena;Diurna;Buen Tiempo;Múltiple;S/D;Colisión;Ninguna;Faltante
10118;2021;16/12/2021;Jueves;13:00:00;;0.0;2;Moto/Ciclomotor,Moto/Ciclomotor;Flor De Nacar ;2;1;0;0;0;1;Calle;ROSARIO;Constitución;Asfalto;No existe;II;Dentro;Urbana;Otra Señal;No existe;Intersección;Con baches;Buena;Diurna;Buen Tiempo;Múltiple;S/D;Colisión;Agua;Faltante
10119;2021;16/12/2021;Jueves;15:00:00;Autopista Nacional A008;0.0;2;Automóvil,Moto/Ciclomotor;Av. Circunvalación Y Av. Uriburu;2;1;0;1;0;0;Autopista;ROSARIO;Constitución;Asfalto;No existe;II;Dentro;Urbana;Otra Señal;No existe;Intersección;Bueno;Buena;Diurna;Buen Tiempo;Múltiple;S/D;Colisión;Ninguna;Horizontal
10120;2021;16/12/2021;Jueves;08:35:00;;0.0;2;Moto/Ciclomotor,Moto/Ciclomotor;Balcarce Y Tucumán;2;1;0;1;0;0;Calle;ROSARIO;Constitución;Asfalto;No existe;II;Dentro;Urbana;Otra Señal;No existe;Intersección;Bueno;Buena;Diurna;Buen Tiempo;Múltiple;S/D;Colisión;Ninguna;Horizontal
10121;2021;16/12/2021;Jueves;09:40:00;;0.0;2;Moto/Ciclomotor,Taxi/Remis;España Y Rioja;2;1;0;1;0;0;Calle;ROSARIO;Constitución;Asfalto;No existe;II;Dentro;Urbana;Otra Señal;Funciona;Intersección;Bueno;Buena;Diurna;Buen Tiempo;Múltiple;S/D;Colisión;Ninguna;Horizontal,Vertical
10122;2021;16/12/2021;Jueves;08:05:00;;0.0;2;Automóvil,Moto/Ciclomotor;Donado Y Pje. Chazarreta;3;1;0;2;0;0;Calle;ROSARIO;Constitución;Asfalto;No existe;II;Dentro;Urbana;Otra Señal;No existe;Intersección;Bueno;Buena;Diurna;Buen Tiempo;Múltiple;S/D;Colisión;Ninguna;Faltante
10123;2021;16/12/2021;Jueves;21:20:00;;0.0;2;Moto/Ciclomotor,Automóvil;Eva Perón ;2;1;0;1;0;0;Calle;VILLA GOBERNADOR GÁLVEZ;Constitución;Asfalto;S/D;II;Dentro;Urbana;Otra Señal;S/D;Intersección;Bueno;S/D;Nocturna;Buen Tiempo;Múltiple;S/D;Colisión;Ninguna;S/D
10124;2021;16/12/2021;Jueves;07:40:00;;0.0;2;Moto/Ciclomotor,Automóvil;Av. Eva Perón Y Carriego;2;1;0;1;0;0;Avenida;ROSARIO;Constitución;Asfalto;No existe;II;Dentro;Urbana;Otra Señal;Funciona;Intersección;Bueno;Buena;Diurna;Buen Tiempo;Múltiple;S/D;Colisión;Ninguna;Horizontal,Vertical
10125;2021;16/12/2021;Jueves;17:50:00;;0.0;2;Bicicleta,Automóvil;Cullen Y La Republica;2;1;0;1;0;0;Calle;ROSARIO;Constitución;Asfalto;No existe;II;Dentro;Urbana;Otra Señal;No existe;Intersección;Deteriorada;Buena;Diurna;Buen Tiempo;Múltiple;Ciclista;Colisión;Ninguna;Faltante
10126;2021;16/12/2021;Jueves;;;0.0;2;Moto/Ciclomotor,Automóvil;MARTIN FIERRO Y Oroño ;3;2;0;0;0;1;Calle;PUEBLO ESTHER;Constitución;Asfalto;No existe;II;Dentro;Urbana;Otra Señal;No existe;Intersección;Bueno;Buena;Diurna;Buen Tiempo;Múltiple;S/D;Colisión;Ninguna;Faltante
10127;2021;16/12/2021;Jueves;;;0.0;1;Otros;Avda. Santa Fe Y Buenos Aires;1;0;0;0;1;0;Calle;FIRMAT;Constitución;S/D;S/D;VIII;Dentro;Urbana;Otra Señal;S/D;Intersección;S/D;S/D;S/D;S/D;Múltiple;S/D;Colisión;S/D;S/D
10128;2021;16/12/2021;Jueves;;;0.0;2;Automóvil,Moto/Ciclomotor;Av. Freyre Y Primera Junta;2;1;0;1;0;0;Avenida;SANTA FE;Constitución;Asfalto;No existe;I;Dentro;Urbana;Otra Señal;No existe;Intersección;Bueno;S/D;S/D;S/D;Múltiple;S/D;Colisión;S/D;Faltante
10129;2021;16/12/2021;Jueves;;Ruta Nacional 11;0.0;2;Automóvil,Moto/Ciclomotor;Avenida Del Trabajo Y Avenida Nuestra Señora del Luj;2;1;0;1;0;0;Ruta;SANTO TOMÉ;Constitución;Asfalto;No existe;I;Dentro;Urbana;Otra Señal;Funciona;Intersección;S/D;S/D;S/D;S/D;Múltiple;Ciclista;Colisión;S/D;Horizontal,Vertical
10130;2021;16/12/2021;Jueves;;;0.0;2;Moto/Ciclomotor,Automóvil;Boulevard Lisandro de la Torre 3000;2;1;0;1;0;0;Avenida;CASILDA;Constitución;Asfalto;No existe;V;Dentro;Urbana;Otra Señal;No existe;Intersección;S/D;S/D;S/D;S/D;Múltiple;S/D;Colisión;S/D;Faltante
10131;2021;16/12/2021;Jueves;13:45:00;;0.0;1;Moto/Ciclomotor;C de Rafaela Pje Y Reconquista;2;2;0;0;0;0;Calle;GÁLVEZ;Constitución;Asfalto;No existe;XV;Dentro;Urbana;Otra Señal;No existe;Intersección;S/D;S/D;Diurna;S/D;Múltiple;S/D;Colisión;Otro;S/D