ID_Accidente;A�o;Fecha;Dia;Hopra;Ruta/Autop;km;Participantes;Tipo;Lugar;Total;Heridos Leves;Heridos Graves;Ilesos;Fallecidos;Sin datos;desc_tipo_via;desc_loc;desc_dpto;|;desc_tipo_banquina;desc_unidad_regional;desc_lugar_calzada;desc_zona;desc_prioridad;desc_estado_semaforo;desc_lugar_via;desc_estado_via;desc_estado_visibilidad;desc_luminosidad;desc_estado_clima;desc_tipo_colision;desc_tipo_atropello;desc_tipo_hecho;desc_pres_calzada;desc_senializacion
10132;2021;16/12/2021;Jueves;14:00:00;;0.0;2;Pickup/Utilitario,Moto/Ciclomotor;Bv Sarmiento 350;4;3;0;1;0;0;Calle;ROLDÁN;Constitución;Asfalto;No existe;XVII;Dentro;Urbana;Otra Señal;No existe;Intersección;S/D;S/D;Diurna;S/D;Múltiple;S/D;Colisión;S/D;Faltante
10133;2021;16/12/2021;Jueves;19:55:00;Ruta Provincial 10;1.0;2;Ambulancia,Automóvil; ;8;3;0;5;0;0;Ruta;SAN LORENZO;Constitución;Asfalto;Ripio;XVII;Dentro;Urbana;Otra Señal;No existe;Intersección;S/D;S/D;Nocturna;S/D;Múltiple;S/D;Colisión;S/D;Faltante
10134;2021;16/12/2021;Jueves;20:10:00;Ruta Provincial 40;0.0;2;Moto/Ciclomotor,Automóvil;Calle 37-Bvard. Lovato 1800;2;1;0;1;0;0;Ruta;RECONQUISTA;Constitución;Asfalto;No existe;IX;Dentro;Urbana;Otra Señal;No existe;Intersección;S/D;S/D;Nocturna;S/D;Múltiple;S/D;Colisión;S/D;Faltante
10135;2021;16/12/2021;Jueves;21:30:00;Autopista Nacional Gral. Juan Jose Valle;278.0;2;Automóvil,Camión; ;2;1;0;1;0;0;Autopista;ALVEAR;Constitución;Asfalto;Natural;II;Dentro;Rural;Otra Señal;No existe;Intersección;S/D;S/D;Nocturna;S/D;Múltiple;S/D;Colisión;S/D;Horizontal
10136;2021;16/12/2021;Jueves;07:50:00;;0.0;1;Moto/Ciclomotor;Constitución Y Mendoza;2;2;0;0;0;0;Calle;ROSARIO;Constitución;Asfalto;No existe;II;Dentro;Urbana;Otra Señal;Funciona;Intersección;Bueno;S/D;Diurna;S/D;Múltiple;S/D;Colisión;Ninguna;Horizontal,Vertical
10137;2021;16/12/2021;Jueves;10:45:00;;0.0;2;Moto/Ciclomotor,Moto/Ciclomotor;San Martin ;2;1;0;0;0;0;Calle;VERA;Constitución;Asfalto;No existe;XIX;Dentro;Urbana;Otra Señal;Funciona;Intersección;Bueno;Buena;Diurna;Buen Tiempo;Múltiple;S/D;Colisión;Ninguna;Vertical
10138;2021;16/12/2021;Jueves;17:30:00;;0.0;2;Automóvil,Bicicleta;Diagonal s/n Y España;2;0;0;1;0;0;Calle;TIMBÚES;San Lorenzo;Asfalto;No existe;XVII;Dentro;Urbana;Otra Señal;No existe;Intersección;S/D;S/D;Diurna;S/D;Múltiple;S/D;Colisión;S/D;S/D
10139;2021;16/12/2021;Jueves;15:00:00;;0.0;1;Moto/Ciclomotor;Bv. Wilde Y Mendoza;1;0;0;0;0;0;Avenida;ROSARIO;Rosario;Asfalto;No existe;II;Dentro;Urbana;Otra Señal;No existe;Intersección;Bueno;S/D;Diurna;S/D;Múltiple;S/D;Colisión;Ninguna;Horizontal
10140;2021;17/12/2021;Viernes;05:30:00;Autopista Nacional A008;3.2;1;Pickup/Utilitario;Av. Circunvalación ;1;0;0;0;1;0;Autopista;ROSARIO;Rosario;Asfalto;Natural;II;S/D;Rural;Otra Señal;No existe;Intersección;Bueno;Buena;Nocturna;Buen Tiempo;Múltiple;S/D;Colisión;Ninguna;Faltante
10141;2021;17/12/2021;Viernes;11:15:00;;0.0;2;Automóvil,Bicicleta;Las Heras Y Ricardo Aldao;2;1;0;1;0;0;Calle;SANTA FE;Constitución;Asfalto;No existe;I;Dentro;Urbana;Otra Señal;No existe;Intersección;Bueno;S/D;Diurna;Buen Tiempo;Múltiple;Ciclista;Colisión;Ninguna;Faltante
10142;2021;17/12/2021;Viernes;15:30:00;;0.0;2;Moto/Ciclomotor,Automóvil;Las Heras Y Hernandarias;3;2;0;1;0;0;Calle;SANTA FE;Constitución;Asfalto;No existe;I;Dentro;Urbana;Otra Señal;No existe;Intersección;Bueno;Buena;Diurna;Buen Tiempo;Múltiple;S/D;Colisión;Agua;Faltante
10143;2021;17/12/2021;Viernes;18:30:00;;0.0;2;Moto/Ciclomotor,Bicicleta;Monseñor Rodríguez 7100;2;2;0;0;0;0;Calle;SANTA FE;Constitución;Asfalto;No existe;I;Dentro;Urbana;Otra Señal;No existe;Intersección;Bueno;Buena;Diurna;Buen Tiempo;Múltiple;Ciclista;Colisión;Ninguna;Horizontal
10144;2021;17/12/2021;Viernes;11:40:00;;0.0;2;Automóvil,Moto/Ciclomotor;Balcarce Y  Saavedra Miguel de Cervantes;2;1;0;1;0;0;Calle;SANTO TOMÉ;Constitución;Asfalto;No existe;I;Dentro;Urbana;Otra Señal;No existe;Intersección;Con baches;Buena;Diurna;Buen Tiempo;Múltiple;S/D;Colisión;Ninguna;Faltante
10145;2021;17/12/2021;Viernes;02:10:00;;0.0;2;Automóvil,Moto/Ciclomotor;Aristóbulo del Valle Y Simón de Iriondo;2;1;0;1;0;0;Calle;ESPERANZA;Constitución;Asfalto;No existe;XI;Dentro;Urbana;Otra Señal;No existe;Intersección;Bueno;Buena;Nocturna;Buen Tiempo;Múltiple;S/D;Colisión;Ninguna;Horizontal
10146;2021;17/12/2021;Viernes;13:00:00;;0.0;2;Moto/Ciclomotor,Automóvil;Av. Los Colonizadores Y General Manuel Belgrano;2;1;0;1;0;0;Avenida;ESPERANZA;Constitución;Asfalto;No existe;XI;Dentro;Urbana;Otra Señal;No existe;Intersección;Bueno;Buena;Diurna;Buen Tiempo;Múltiple;S/D;Colisión;Ninguna;Horizontal,Vertical
10147;2021;17/12/2021;Viernes;16:55:00;;0.0;2;Automóvil,Automóvil;Almafuerte Y Mariano Moreno;2;1;0;1;0;0;Calle;ESPERANZA;Constitución;Asfalto;No existe;XI;Dentro;Urbana;Otra Señal;No existe;Intersección;Bueno;S/D;Diurna;Buen Tiempo;Múltiple;S/D;Colisión;Ninguna;Horizontal
10148;2021;17/12/2021;Viernes;18:30:00;;0.0;2;Bicicleta,Automóvil;Alberdi Y Cullen;2;1;0;1;0;0;Calle;ESPERANZA;Constitución;Asfalto;No existe;XI;Dentro;Urbana;Otra Señal;No existe;Intersección;Bueno;Buena;Diurna;Buen Tiempo;Múltiple;Ciclista;Colisión;Ninguna;Vertical
10149;2021;17/12/2021;Viernes;00:05:00;Ruta Provincial 2;0.0;2;Moto/Ciclomotor,Automóvil;La Vuelta de Obligado ;3;2;0;1;0;0;Ruta;TOSTADO;Constitución;Asfalto;No existe;XII;Dentro;Urbana;Otra Señal;No existe;Intersección;Bueno;Buena;Nocturna;Buen Tiempo;Múltiple;S/D;Colisión;Ninguna;Faltante
10150;2021;17/12/2021;Viernes;19:00:00;;0.0;2;Moto/Ciclomotor,Moto/Ciclomotor;Azcuénaga Y 12 de septiembre;2;2;0;0;0;0;Calle;SANTO TOMÉ;Constitución;Asfalto;No existe;I;Dentro;Urbana;Otra Señal;No existe;Intersección;Bueno;Buena;Nocturna;Buen Tiempo;Múltiple;S/D;Colisión;Ninguna;Faltante
10151;2021;17/12/2021;Viernes;09:35:00;;0.0;2;Moto/Ciclomotor,Automóvil;Calle 15 Y Calle 24;2;1;0;1;0;0;Calle;LAS PAREJAS;Constitución;Asfalto;No existe;III;Dentro;Urbana;Otra Señal;No existe;Intersección;Bueno;Buena;Diurna;Buen Tiempo;Múltiple;S/D;Colisión;Ninguna;Faltante
10152;2021;17/12/2021;Viernes;07:30:00;;0.0;2;Moto/Ciclomotor,Automóvil;Av. Uriburu 2400;2;1;0;1;0;0;Avenida;ROSARIO;Constitución;Asfalto;No existe;II;Dentro;Urbana;Otra Señal;Intermitente;Intersección;Bueno;Buena;Diurna;Buen Tiempo;Múltiple;S/D;Colisión;Ninguna;Vertical
10153;2021;17/12/2021;Viernes;08:10:00;;0.0;1;Moto/Ciclomotor;Bv. Avellaneda Y Rueda;1;1;0;0;0;0;Avenida;ROSARIO;Constitución;Asfalto;No existe;II;Dentro;Urbana;Otra Señal;No existe;Intersección;Bueno;S/D;Diurna;Buen Tiempo;Múltiple;S/D;Colisión;Ninguna;Faltante
10154;2021;17/12/2021;Viernes;10:10:00;;0.0;2;Moto/Ciclomotor,Automóvil;Bv. Avellaneda Y Córdoba;2;1;0;1;0;0;Avenida;ROSARIO;Constitución;Asfalto;No existe;II;Dentro;Urbana;Otra Señal;No existe;Intersección;Bueno;Buena;Diurna;Buen Tiempo;Múltiple;S/D;Colisión;Ninguna;Horizontal,Vertical
10155;2021;17/12/2021;Viernes;22:40:00;Ruta Provincial 21;0.0;2;Moto/Ciclomotor,Automóvil;Av. Gral. San Martin Y J F Kennedy;2;1;0;0;0;1;Ruta;VILLA GOBERNADOR GÁLVEZ;Constitución;Asfalto;No existe;II;Dentro;Urbana;Otra Señal;No existe;Intersección;Bueno;Buena;Nocturna,Con luz artificial;Buen Tiempo;Múltiple;S/D;Colisión;Ninguna;Horizontal
10156;2021;17/12/2021;Viernes;12:00:00;;0.0;2;Automóvil,Moto/Ciclomotor;Calle 19-Habegger Y Calle 30-Lucas Funes;3;2;0;1;0;0;Calle;RECONQUISTA;Constitución;Asfalto;No existe;IX;Dentro;Urbana;Otra Señal;No existe;Intersección;Bueno;Buena;Diurna;Buen Tiempo;Múltiple;S/D;Colisión;Ninguna;Faltante
10157;2021;17/12/2021;Viernes;11:50:00;;0.0;2;Bicicleta,Automóvil;N Laprida Y Primera Junta;2;1;0;1;0;0;Calle;GÁLVEZ;Constitución;S/D;No existe;XV;Dentro;Urbana;Otra Señal;S/D;Intersección;S/D;S/D;Diurna;S/D;Múltiple;Ciclista;Colisión;S/D;S/D
10158;2021;17/12/2021;Viernes;17:20:00;;0.0;2;Automóvil,Moto/Ciclomotor;A Williams Y Jujuy;2;1;0;1;0;0;Calle;SAN LORENZO;Constitución;Asfalto;No existe;XVII;Dentro;Urbana;Otra Señal;No existe;Intersección;Bueno;S/D;Diurna;S/D;Múltiple;S/D;Colisión;Ninguna;Faltante
10159;2021;17/12/2021;Viernes;10:05:00;;0.0;1;Otros;Genaro Roldan Y F Quiroga;1;1;0;0;0;0;Calle;SAN LORENZO;Constitución;Asfalto;No existe;XVII;Dentro;Urbana;Otra Señal;No existe;Intersección;Bueno;Buena;Diurna;S/D;Múltiple;S/D;Colisión;Ninguna;Faltante
10160;2021;17/12/2021;Viernes;18:05:00;;0.0;2;Automóvil,Moto/Ciclomotor;Malvinas Argentinas Y Plumerillo;4;1;0;3;0;0;Calle;CAPITÁN BERMÚDEZ;Constitución;Asfalto;No existe;XVII;Dentro;Urbana;Otra Señal;No existe;Intersección;Bueno;S/D;Diurna;Buen Tiempo;Múltiple;S/D;Colisión;Ninguna;Faltante
10161;2021;17/12/2021;Viernes;07:05:00;;0.0;2;Automóvil,Moto/Ciclomotor;Ángel Marino Gervaso Y Balcarce;2;1;0;1;0;0;Avenida;CAPITÁN BERMÚDEZ;Constitución;Asfalto,Tierra;No existe;XVII;Dentro;Urbana;Otra Señal;No existe;Intersección;Deteriorada;S/D;Diurna;S/D;Múltiple;S/D;Colisión;Ninguna;Faltante
10162;2021;17/12/2021;Viernes;07:00:00;Ruta Secundaria 64-s;0.0;2;Moto/Ciclomotor,Transporte de Pasajeros Larga Distancia (> 8 asientos); ;4;1;0;3;0;0;Ruta;CORONDA;Constitución;Asfalto;Natural;XV;Dentro;Rural;Otra Señal;No existe;Intersección;S/D;S/D;Diurna;Otro;Múltiple;S/D;Colisión;S/D;Horizontal
10163;2021;17/12/2021;Viernes;;;0.0;2;Moto/Ciclomotor,Automóvil; ;2;1;0;1;0;0;S/D;SAN JERÓNIMO NORTE;Constitución;S/D;S/D;XI;S/D;S/D;Otra Señal;S/D;Intersección;S/D;S/D;S/D;S/D;Múltiple;S/D;Colisión;S/D;S/D
10164;2021;17/12/2021;Viernes;;;0.0;2;Moto/Ciclomotor,Automóvil; ;3;2;0;1;0;0;S/D;FRANCK;Constitución;S/D;S/D;XI;S/D;S/D;Otra Señal;S/D;Intersección;S/D;S/D;S/D;S/D;Múltiple;S/D;Colisión;S/D;S/D
10165;2021;17/12/2021;Viernes;;;0.0;2;Moto/Ciclomotor,Moto/Ciclomotor;Runciman Y Uruguay;2;1;0;1;0;0;Calle;VENADO TUERTO;Constitución;Asfalto;No existe;VIII;Dentro;Urbana;Otra Señal;No existe;Intersección;Bueno;S/D;S/D;S/D;Múltiple;S/D;Colisión;Ninguna;Faltante
10166;2021;17/12/2021;Viernes;17:30:00;;0.0;1;Moto/Ciclomotor;Moreno calle 3 Y 9 de Julio calle 12;1;1;0;0;0;0;Calle;LOS QUIRQUINCHOS;Constitución;Asfalto;No existe;IV;Dentro;Urbana;Otra Señal;No existe;Intersección;Bueno;Buena;Diurna;S/D;Múltiple;S/D;Colisión;Ninguna;Faltante
10167;2021;17/12/2021;Viernes;21:15:00;;0.0;2;Moto/Ciclomotor,Pickup/Utilitario; ;2;1;0;1;0;0;S/D;FORTÍN OLMOS;Constitución;S/D;S/D;XIX;S/D;Urbana;Otra Señal;S/D;Intersección;S/D;S/D;Nocturna;S/D;Múltiple;S/D;Colisión;S/D;S/D
10168;2021;17/12/2021;Viernes;;Autopista Nacional A008;0.0;2;Moto/Ciclomotor,Automóvil;Av. Circunvalación Y Av. Pellegrini;2;1;0;1;0;0;Autopista;ROSARIO;Constitución;Asfalto;Pavimento;II;Dentro;Urbana;Otra Señal;No existe;Intersección;Bueno;S/D;Diurna;S/D;Múltiple;S/D;Colisión;S/D;Horizontal
10169;2021;17/12/2021;Viernes;18:50:00;;0.0;2;Automóvil,Ambulancia;Guillermo Brown Y Miguel de Azcuénaga;5;5;0;0;0;0;Calle;VENADO TUERTO;Constitución;Asfalto;No existe;VIII;Dentro;Urbana;Otra Señal;No existe;Intersección;S/D;S/D;Diurna;S/D;Múltiple;S/D;Colisión;S/D;Faltante
10170;2021;17/12/2021;Viernes;;;0.0;2;Automóvil,Pickup/Utilitario;San Luis Y Rio De Janeiro;2;2;0;0;0;0;Calle;ROSARIO;Constitución;Asfalto;No existe;II;Dentro;Urbana;Otra Señal;No existe;Intersección;S/D;S/D;Diurna;S/D;Múltiple;S/D;Colisión;S/D;Faltante
10171;2021;17/12/2021;Viernes;05:00:00;Ruta Nacional 11;504.0;1;Automóvil; ;1;1;0;0;0;0;Ruta;NELSON;Constitución;Asfalto;Natural;I;Dentro;Urbana;Otra Señal;No existe;Intersección;S/D;S/D;Nocturna;S/D;Múltiple;S/D;Colisión;S/D;Horizontal
10172;2021;17/12/2021;Viernes;16:35:00;;0.0;2;Moto/Ciclomotor,Pickup/Utilitario;Moreno Y San Luis;3;1;0;1;0;0;Calle;SAN CARLOS CENTRO;Constitución;Ripio;No existe;XI;Dentro;Urbana;Otra Señal;No existe;Intersección;Bueno;Buena;Diurna;Buen Tiempo;Múltiple;S/D;Colisión;Ninguna;Faltante
10173;2021;17/12/2021;Viernes;17:55:00;;0.0;2;Moto/Ciclomotor,Automóvil;Moreno Y Presbítero Sponton;2;0;0;1;0;0;Calle;MALABRIGO;General Obligado;S/D;No existe;IX;Dentro;Urbana;Otra Señal;S/D;Intersección;S/D;S/D;Diurna;S/D;Múltiple;S/D;Colisión;S/D;S/D
10174;2021;17/12/2021;Viernes;10:00:00;;0.0;2;Peatón,Otros; ;2;0;0;0;0;1;S/D;ROSARIO;Rosario;S/D;S/D;II;S/D;S/D;Otra Señal;S/D;Intersección;S/D;S/D;Diurna;S/D;Múltiple;Peatón;Colisión;S/D;S/D
10175;2021;17/12/2021;Viernes;10:20:00;;0.0;1;Moto/Ciclomotor; ;1;0;0;0;0;0;S/D;ROSARIO;Rosario;S/D;S/D;II;S/D;S/D;Otra Señal;S/D;Intersección;S/D;S/D;Diurna;S/D;Múltiple;S/D;Colisión;S/D;S/D
10176;2021;18/12/2021;Sabado;10:50:00;;0.0;2;Moto/Ciclomotor,Pickup/Utilitario;San Martin Y J Castelli;2;0;0;1;1;0;Calle;SANTA FE;La Capital;Asfalto;No existe;I;Dentro;Urbana;Otra Señal;No existe;Intersección;Bueno;Buena;Diurna;Buen Tiempo;Múltiple;S/D;Colisión;Ninguna;Vertical
10177;2021;18/12/2021;Sabado;09:45:00;Ruta Provincial 4;17.4;2;Pickup/Utilitario,Camión c / Semirremolque;Ruta Prov. 4 ;6;0;0;1;4;0;Ruta;NELSON;La Capital;Asfalto;Natural;I;Dentro;Rural;Otra Señal;No existe;Intersección;Bueno;Buena;Diurna;Buen Tiempo;Múltiple;S/D;Colisión;Ninguna;Horizontal
10178;2021;18/12/2021;Sabado;07:30:00;;0.0;1;Automóvil;Monseñor Rodríguez Y Rosatti;1;0;0;0;1;0;Calle;SANTA FE;La Capital;Asfalto,Tierra;No existe;I;S/D;Rural;Otra Señal;No existe;Intersección;Bueno;S/D;Diurna;Buen Tiempo;Múltiple;S/D;Colisión;Ninguna;Faltante
10179;2021;18/12/2021;Sabado;23:00:00;;0.0;2;Moto/Ciclomotor,Vehículo Oficial;Av. Arijon 2300;4;0;0;3;1;0;Avenida;ROSARIO;Rosario;Asfalto;No existe;II;S/D;Urbana;Otra Señal;No existe;Intersección;Bueno;S/D;Nocturna;S/D;Múltiple;S/D;Colisión;Ninguna;Horizontal
10180;2021;18/12/2021;Sabado;08:30:00;Ruta Provincial 80;19.0;2;Pickup/Utilitario,Pickup/Utilitario; ;9;0;0;8;1;0;Ruta;GÁLVEZ;San JERÓNIMO;Asfalto;Pavimento;XV;S/D;Rural;Otra Señal;No existe;Intersección;Bueno;S/D;Diurna;S/D;Múltiple;S/D;Colisión;Ninguna;Faltante
10181;2021;18/12/2021;Sabado;21:20:00;Ruta Nacional 168;476.0;1;Moto/Ciclomotor; ;2;1;0;1;0;0;Ruta;SANTA FE;Constitución;Asfalto;Pavimento;I;Dentro;Urbana;Otra Señal;No existe;Intersección;Bueno;S/D;Nocturna;Buen Tiempo;Múltiple;S/D;Colisión;Ninguna;Horizontal
10182;2021;18/12/2021;Sabado;09:10:00;Ruta Provincial 1;1.0;1;Moto/Ciclomotor; ;1;1;0;0;0;0;Ruta;COLASTINE;Constitución;Asfalto;Pavimento;I;Dentro;Urbana;Otra Señal;Funciona;Intersección;Bueno;Buena;Diurna;Buen Tiempo;Múltiple;S/D;Colisión;Ninguna;Horizontal,Vertical
10183;2021;18/12/2021;Sabado;21:00:00;Ruta Provincial 1;1.0;2;Automóvil,Moto/Ciclomotor; ;2;1;0;1;0;0;Ruta;COLASTINE;Constitución;Asfalto;Pavimento;I;Dentro;Urbana;Otra Señal;No existe;Intersección;Bueno;Reducida;Nocturna;Buen Tiempo;Múltiple;S/D;Colisión;Ninguna;Horizontal
10184;2021;18/12/2021;Sabado;18:30:00;;0.0;2;Pickup/Utilitario,Automóvil;JUAN JOSÉ PASO Y LAS BRISAS;3;1;0;2;0;0;Camino Rural;MONTE VERA;Constitución;Tierra;No existe;I;Dentro;Rural;Otra Señal;No existe;Intersección;Con baches;Reducida polvo,Reducida p/ objetos;Diurna;Buen Tiempo;Múltiple;S/D;Colisión;Ninguna;Faltante
10185;2021;18/12/2021;Sabado;18:08:00;;0.0;1;Camión; ;2;1;0;1;0;0;Camino Rural;TOSTADO;Constitución;Asfalto;Natural;XII;Fuera;Rural;Otra Señal;No existe;Intersección;Bueno;Buena;Atardecer;Buen Tiempo;Múltiple;S/D;Colisión;Ninguna;Faltante
10186;2021;18/12/2021;Sabado;02:12:00;Ruta Nacional 34;0.0;1;Moto/Ciclomotor;Avenida Independencia Y Ruta Nacional 34;1;1;0;0;0;0;Ruta;SAN MARTIN DE LAS ESCOBAS;Constitución;Asfalto;Natural;XVIII;Dentro;Urbana;Otra Señal;No existe;Intersección;Bueno;Reducida;Nocturna,Con luz artificial;Buen Tiempo;Múltiple;S/D;Colisión;Ninguna;Horizontal
10187;2021;18/12/2021;Sabado;03:40:00;Ruta Provincial 70;10.0;1;Automóvil; ;2;2;0;0;0;0;Ruta;ESPERANZA;Constitución;Asfalto;No existe;XI;Dentro;Urbana;Otra Señal;No existe;Intersección;Bueno;Reducida;Nocturna;Buen Tiempo;Múltiple;S/D;Colisión;Ninguna;Vertical
10188;2021;18/12/2021;Sabado;;Ruta Provincial 1;0.0;1;Moto/Ciclomotor;La Paz ;1;1;0;0;0;0;Ruta;HELVECIA;Constitución;Asfalto;S/D;VII;Dentro;Urbana;Otra Señal;S/D;Intersección;S/D;S/D;S/D;S/D;Múltiple;S/D;Colisión;S/D;S/D
10189;2021;18/12/2021;Sabado;22:10:00;Ruta Provincial 1;38.0;2;Automóvil,Moto/Ciclomotor; ;3;1;0;2;0;0;Ruta;SANTA ROSA DE CALCHINES;Constitución;Asfalto;Natural;VII;Dentro;Urbana;Otra Señal;No existe;Intersección;Bueno;Buena;Nocturna;Buen Tiempo;Múltiple;S/D;Colisión;Ninguna;Horizontal
10190;2021;18/12/2021;Sabado;16:20:00;;0.0;2;Automóvil,Vehículo Oficial;Av. Ovidio Lagos Y Av. Pellegrini;3;2;0;1;0;0;Avenida;ROSARIO;Constitución;Asfalto;No existe;II;Dentro;Urbana;Otra Señal;Funciona;Intersección;Bueno;Buena;Diurna;Buen Tiempo;Múltiple;S/D;Colisión;Ninguna;Horizontal,Vertical
10191;2021;18/12/2021;Sabado;21:30:00;;0.0;2;Moto/Ciclomotor,Moto/Ciclomotor;Buenos Aires Y Rca Oriental del Uruguay;3;3;0;0;0;0;Calle;SANTO TOMÉ;Constitución;Ripio;No existe;I;Dentro;Urbana;Otra Señal;No existe;Intersección;Bueno;Buena;Nocturna,Con luz artificial;Buen Tiempo;Múltiple;S/D;Colisión;Ninguna;Faltante
10192;2021;18/12/2021;Sabado;17:50:00;;0.0;2;Moto/Ciclomotor,Automóvil;Bv. 27 De Febrero Y Bv. Oroño;2;1;0;1;0;0;Avenida;ROSARIO;Constitución;Asfalto;No existe;II;Dentro;Urbana;Otra Señal;Funciona;Intersección;Bueno;Buena;Diurna;Buen Tiempo;Múltiple;S/D;Colisión;Ninguna;Horizontal,Vertical
10193;2021;18/12/2021;Sabado;05:20:00;Ruta Provincial 3;2.0;1;Moto/Ciclomotor; ;2;2;0;0;0;0;Ruta;VERA;Constitución;Asfalto;Natural;XIX;Dentro;Urbana;Otra Señal;No existe;Intersección;Bueno;Buena;Nocturna;Buen Tiempo;Múltiple;S/D;Colisión;Ninguna;Horizontal
10194;2021;18/12/2021;Sabado;19:45:00;Ruta Provincial 3;5.0;1;Moto/Ciclomotor; ;1;1;0;0;0;0;Ruta;CARAGUATAY;Constitución;Tierra;No existe;XIX;Dentro;Urbana;Otra Señal;No existe;Intersección;Bueno;Reducida polvo;Atardecer;Buen Tiempo;Múltiple;S/D;Colisión;Ninguna;Vertical
10195;2021;18/12/2021;Sabado;;;0.0;2;Automóvil,Bicicleta;Rivadavia Y Roque Sáenz PEÑA;2;1;0;1;0;0;Calle;CALCHAQUÍ;Constitución;Asfalto;No existe;XIX;Dentro;Urbana;Otra Señal;No existe;Intersección;Bueno;S/D;S/D;S/D;Múltiple;Peatón;Colisión;S/D;S/D
10196;2021;18/12/2021;Sabado;14:00:00;;0.0;2;Bicicleta,Pickup/Utilitario;Salta Y 9 de Julio;2;1;0;1;0;0;Calle;SANTA FE;Constitución;Asfalto;No existe;I;Dentro;Urbana;Otra Señal;No existe;Intersección;Bueno;Buena;Diurna;Buen Tiempo;Múltiple;Ciclista;Colisión;Ninguna;Horizontal
10197;2021;18/12/2021;Sabado;13:10:00;;0.0;2;Moto/Ciclomotor,Pickup/Utilitario;Calle 34 bis Y Cortada 23 Bis;2;1;0;1;0;0;Calle;LAS PAREJAS;Constitución;Ripio;No existe;III;Dentro;Urbana;Otra Señal;No existe;Intersección;Bueno;Buena;Diurna;Buen Tiempo;Múltiple;S/D;Colisión;Ninguna;Faltante
10198;2021;18/12/2021;Sabado;15:00:00;;0.0;2;Bicicleta,Automóvil;Ituzaingó Y Mitre;2;1;0;1;0;0;Calle;SANTA FE;Constitución;Asfalto;No existe;I;Dentro;Urbana;Otra Señal;No existe;Intersección;Bueno;Buena;Diurna;Buen Tiempo;Múltiple;Ciclista;Colisión;Ninguna;Horizontal
10199;2021;18/12/2021;Sabado;16:30:00;;0.0;2;Moto/Ciclomotor,Moto/Ciclomotor;Barra Y Ocampo;3;3;0;0;0;0;Calle;ROSARIO;Constitución;Asfalto;No existe;II;Dentro;Urbana;Otra Señal;No existe;Intersección;Bueno;Buena;Diurna;Buen Tiempo;Múltiple;S/D;Colisión;Ninguna;Faltante
10200;2021;18/12/2021;Sabado;01:00:00;;0.0;2;Pickup/Utilitario,Moto/Ciclomotor;Calle 14 ;3;2;0;1;0;0;Calle;SAUCE VIEJO;Constitución;Ripio;No existe;I;Dentro;Urbana;Otra Señal;No existe;Intersección;Bueno;Buena;Nocturna;Buen Tiempo;Múltiple;Ciclista;Colisión;Material Suelto;Faltante
10201;2021;18/12/2021;Sabado;23:10:00;;0.0;2;Automóvil,Bicicleta;Humberto Primo ;2;1;0;1;0;0;Calle;ARROYO SECO;Constitución;Asfalto;No existe;II;Dentro;Urbana;Otra Señal;No existe;Intersección;Deteriorada,Ahuellamiento;Buena;Nocturna,Con luz artificial;Buen Tiempo;Múltiple;Ciclista;Colisión;Ninguna;Faltante
10202;2021;18/12/2021;Sabado;12:45:00;;0.0;2;Moto/Ciclomotor,Automóvil;Junín Y Tte.Agneta;2;1;0;1;0;0;Calle;ROSARIO;Constitución;Asfalto;No existe;II;Dentro;Urbana;Otra Señal;No existe;Intersección;Bueno;Reducida;Diurna;Lluvia;Múltiple;S/D;Colisión;Ninguna;Faltante
10203;2021;18/12/2021;Sabado;22:00:00;;0.0;2;Automóvil,Moto/Ciclomotor;Matienzo Y Santa Fe;2;1;0;1;0;0;Calle;ROSARIO;Constitución;Asfalto;No existe;II;Dentro;Urbana;Otra Señal;Funciona;Intersección;Bueno;Buena;Nocturna,Con luz artificial;Buen Tiempo;Múltiple;S/D;Colisión;Ninguna;Horizontal,Vertical
10204;2021;18/12/2021;Sabado;00:50:00;;0.0;2;Camión c / Acoplado,Automóvil; ;4;4;0;0;0;0;S/D;PUEBLO MIGUEL TORRES;Constitución;S/D;S/D;VIII;Dentro;S/D;Otra Señal;S/D;Intersección;S/D;S/D;Nocturna;S/D;Múltiple;S/D;Colisión;S/D;S/D
10205;2021;18/12/2021;Sabado;;;0.0;2;Bicicleta,Automóvil;Fray Luis Beltrán Y General Juan Lavalle;2;1;0;0;0;1;Calle;CASILDA;Constitución;Asfalto;No existe;IV;Dentro;Urbana;Otra Señal;No existe;Intersección;Bueno;S/D;S/D;S/D;Múltiple;Ciclista;Colisión;Ninguna;Faltante