ID_Accidente;A�o;Fecha;Dia;Hopra;Ruta/Autop;km;Participantes;Tipo;Lugar;Total;Heridos Leves;Heridos Graves;Ilesos;Fallecidos;Sin datos;desc_tipo_via;desc_loc;desc_dpto;|;desc_tipo_banquina;desc_unidad_regional;desc_lugar_calzada;desc_zona;desc_prioridad;desc_estado_semaforo;desc_lugar_via;desc_estado_via;desc_estado_visibilidad;desc_luminosidad;desc_estado_clima;desc_tipo_colision;desc_tipo_atropello;desc_tipo_hecho;desc_pres_calzada;desc_senializacion
10206;2021;18/12/2021;Sabado;12:10:00;;0.0;2;Moto/Ciclomotor,Automóvil;26 de Abril Y Cristóbal Colon;3;2;0;1;0;0;Calle;VENADO TUERTO;Constitución;S/D;No existe;VIII;Dentro;Urbana;Otra Señal;No existe;Intersección;S/D;S/D;Diurna;S/D;Múltiple;S/D;Colisión;S/D;Faltante
10207;2021;18/12/2021;Sabado;13:19:00;;0.0;2;Moto/Ciclomotor,Automóvil;Chacabuco Y Lisandro de la Torre;3;2;0;1;0;0;Calle;VENADO TUERTO;Constitución;Asfalto;No existe;VIII;Dentro;Urbana;Otra Señal;No existe;Intersección;S/D;S/D;Diurna;S/D;Múltiple;S/D;Colisión;S/D;Faltante
10208;2021;18/12/2021;Sabado;;;0.0;1;Automóvil;Castellanos 1300;1;1;0;0;0;0;Calle;SANTA FE;Constitución;Asfalto;No existe;I;Dentro;Urbana;Otra Señal;No existe;Intersección;S/D;S/D;Nocturna;S/D;Múltiple;S/D;Colisión;S/D;Faltante
10209;2021;18/12/2021;Sabado;20:15:00;;0.0;3;Automóvil,Moto/Ciclomotor,Peatón;Calle 22- 25 de Mayo Y Calle 37-Bvard. Lovato;3;2;0;1;0;0;Calle;RECONQUISTA;Constitución;Asfalto;No existe;IX;Dentro;Urbana;Otra Señal;No existe;Intersección;S/D;S/D;Nocturna;S/D;Múltiple;Peatón;Colisión;S/D;Faltante
10210;2021;18/12/2021;Sabado;;;0.0;2;Moto/Ciclomotor,Moto/Ciclomotor;Moreno Y San Martín;2;2;0;0;0;0;Calle;FLORENCIA;Constitución;S/D;No existe;IX;Dentro;Urbana;Otra Señal;S/D;Intersección;S/D;S/D;S/D;S/D;Múltiple;S/D;Colisión;S/D;S/D
10211;2021;18/12/2021;Sabado;;;0.0;2;Automóvil,Automóvil;Bv Centenario B Y Moreno;2;1;0;1;0;0;Avenida;CAÑADA DE GÓMEZ;Constitución;Asfalto;No existe;X;Dentro;Urbana;Otra Señal;No existe;Intersección;S/D;Buena;S/D;S/D;Múltiple;S/D;Colisión;S/D;Faltante
10212;2021;18/12/2021;Sabado;03:30:00;;0.0;1;Moto/Ciclomotor;Av. Belgrano Y Tucumán;1;1;0;0;0;0;Avenida;CAPITÁN BERMÚDEZ;Constitución;S/D;No existe;XVII;Dentro;Urbana;Otra Señal;No existe;Intersección;S/D;S/D;Nocturna;S/D;Múltiple;S/D;Colisión;S/D;S/D
10213;2021;18/12/2021;Sabado;16:00:00;;0.0;1;Moto/Ciclomotor;Larrea Y Rueda;1;1;0;0;0;0;Calle;ROSARIO;Constitución;Asfalto;No existe;II;Dentro;Urbana;Otra Señal;No existe;Intersección;Bueno;S/D;Diurna;S/D;Múltiple;S/D;Colisión;Ninguna;Vertical
10214;2021;18/12/2021;Sabado;11:15:00;;0.0;1;Moto/Ciclomotor;9 De Julio ;1;1;0;0;0;0;Calle;ROSARIO;Constitución;S/D;S/D;II;Dentro;Urbana;Otra Señal;S/D;Intersección;S/D;S/D;Diurna;S/D;Múltiple;S/D;Colisión;S/D;S/D
10215;2021;18/12/2021;Sabado;14:00:00;;0.0;1;Moto/Ciclomotor;Biedma ;1;1;0;0;0;0;Calle;ROSARIO;Constitución;S/D;S/D;II;Dentro;Urbana;Otra Señal;S/D;Intersección;S/D;S/D;Diurna;S/D;Múltiple;S/D;Colisión;S/D;S/D
10216;2021;18/12/2021;Sabado;14:00:00;;0.0;1;Moto/Ciclomotor;Camilo Aldao Y Bielsa;1;1;0;0;0;0;Calle;ROSARIO;Constitución;Asfalto;No existe;II;Dentro;Urbana;Otra Señal;No existe;Intersección;Bueno;S/D;Diurna;S/D;Múltiple;S/D;Colisión;Ninguna;Faltante
10217;2021;18/12/2021;Sabado;12:30:00;;0.0;1;Moto/Ciclomotor;Maipú Y Bv. Seguí;1;1;0;0;0;0;Calle;ROSARIO;Constitución;Asfalto;No existe;II;Dentro;Urbana;Otra Señal;No existe;Intersección;Bueno;S/D;Diurna;S/D;Múltiple;S/D;Colisión;Ninguna;Faltante
10218;2021;18/12/2021;Sabado;12:00:00;;0.0;1;Bicicleta;Bv. Oroño Y Gaboto;1;1;0;0;0;0;Calle;ROSARIO;Constitución;Asfalto;No existe;II;Dentro;Urbana;Otra Señal;Funciona;Intersección;Bueno;S/D;Diurna;S/D;Múltiple;S/D;Colisión;Ninguna;Horizontal,Vertical
10219;2021;18/12/2021;Sabado;;;0.0;1;Automóvil;Carriego Y Av. Pellegrini;2;1;0;0;0;1;Calle;ROSARIO;Constitución;Asfalto;No existe;II;Dentro;Urbana;Otra Señal;No existe;Intersección;Bueno;S/D;S/D;S/D;Múltiple;S/D;Colisión;Ninguna;Horizontal
10220;2021;18/12/2021;Sabado;19:00:00;;0.0;1;Moto/Ciclomotor; ;1;0;0;0;0;0;Camino Rural;GREGORIA P. DE DENIS;Constitución;Tierra;No existe;XII;Fuera;Rural;Otra Señal;No existe;Intersección;Deteriorada;Buena;Diurna;Buen Tiempo;Múltiple;S/D;Colisión;S/D;Faltante
10221;2021;18/12/2021;Sabado;20:00:00;;0.0;2;Automóvil,Moto/Ciclomotor;Laprade Y 3 de febrero;2;0;0;1;0;0;Calle;SANTO TOMÉ;Constitución;Ripio;No existe;I;Dentro;Urbana;Otra Señal;No existe;Intersección;Con baches;Buena;Nocturna,Con luz artificial;Buen Tiempo;Múltiple;S/D;Colisión;Ninguna;Faltante
10222;2021;18/12/2021;Sabado;11:40:00;Ruta Nacional 11;594.0;2;Moto/Ciclomotor,Automóvil; ;3;1;0;1;0;0;Ruta;MARCELINO ESCALADA;Constitución;Asfalto;No existe;XVI;Dentro;Urbana;Otra Señal;Funciona;Intersección;Deteriorada;Buena;Diurna;Buen Tiempo;Múltiple;S/D;Colisión;Ninguna;Horizontal
10223;2021;18/12/2021;Sabado;22:30:00;;0.0;2;Moto/Ciclomotor,Automóvil;Cochabamba Y Perú;3;1;0;1;0;0;Calle;ROSARIO;Rosario;Asfalto;No existe;II;Dentro;Urbana;Otra Señal;No existe;Intersección;Bueno;Buena;Atardecer;Buen Tiempo;Múltiple;S/D;Colisión;Ninguna;Faltante
10224;2021;18/12/2021;Sabado;17:20:00;;0.0;2;Automóvil,Moto/Ciclomotor;Av. San José De Calasanz 9030;4;2;0;1;0;0;Avenida;ROSARIO;Rosario;Asfalto;No existe;II;Dentro;Urbana;Otra Señal;No existe;Intersección;Bueno;Buena;Diurna;Buen Tiempo;Múltiple;S/D;Colisión;Ninguna;Faltante
10225;2021;19/12/2021;Domingo;17:15:00;;0.0;2;Moto/Ciclomotor,Automóvil;Avenida Nuestra Señora del Luj Y Martin Zavalla;2;0;0;1;1;0;Avenida;SANTO TOMÉ;La Capital;Asfalto;No existe;I;Dentro;Urbana;Otra Señal;No existe;Intersección;Bueno;Buena;Atardecer;Buen Tiempo;Múltiple;S/D;Colisión;Ninguna;Faltante
10226;2021;19/12/2021;Domingo;16:15:00;;0.0;2;Moto/Ciclomotor,Automóvil;Fdo Fader Y Sargento Cabral;2;0;0;1;1;0;Calle;RAFAELA;Castellanos;Asfalto;No existe;V;S/D;Urbana;Otra Señal;No existe;Intersección;Bueno;S/D;Diurna;S/D;Múltiple;S/D;Colisión;Ninguna;Faltante
10227;2021;19/12/2021;Domingo;00:20:00;Autopista Nacional A008;18.0;2;Moto/Ciclomotor,Automóvil;Av. Ovidio Lagos Y Av. Circunvalación;2;0;0;1;1;0;Autopista;ROSARIO;Rosario;Asfalto;No existe;II;S/D;Urbana;Otra Señal;No existe;Intersección;Bueno;S/D;Nocturna;S/D;Múltiple;S/D;Colisión;Ninguna;Faltante
10228;2021;19/12/2021;Domingo;01:00:00;;0.0;2;Moto/Ciclomotor,Automóvil;Cochabamba Y Necochea;2;1;0;1;0;0;Calle;ROSARIO;Constitución;Asfalto;No existe;II;Dentro;Urbana;Otra Señal;No existe;Intersección;S/D;Buena;Diurna;Buen Tiempo;Múltiple;S/D;Colisión;Ninguna;Horizontal,Vertical
10229;2021;19/12/2021;Domingo;02:15:00;Ruta Nacional 11;0.0;2;Automóvil,Automóvil;Primera Junta 4400;4;4;0;0;0;0;Ruta;SANTO TOMÉ;Constitución;Asfalto;Ripio;I;Dentro;Urbana;Otra Señal;No existe;Intersección;Bueno;Buena;Nocturna,Con luz artificial;Buen Tiempo;Múltiple;S/D;Colisión;Ninguna;Horizontal
10230;2021;19/12/2021;Domingo;19:40:00;;0.0;2;Pickup/Utilitario,Moto/Ciclomotor;A Méndez Y Mitre B;2;1;0;1;0;0;Calle;VERA;Constitución;Ripio;No existe;XIX;Dentro;Urbana;Otra Señal;No existe;Intersección;Bueno;Buena;Nocturna;Buen Tiempo;Múltiple;S/D;Colisión;Ninguna;Faltante
10231;2021;19/12/2021;Domingo;21:20:00;;0.0;2;Moto/Ciclomotor,Pickup/Utilitario;Las Heras Y San Lorenzo;4;1;0;3;0;0;Calle;LAS ROSAS;Constitución;Asfalto;No existe;III;Dentro;Urbana;Otra Señal;No existe;Intersección;Bueno;Buena;Nocturna;Buen Tiempo;Múltiple;S/D;Colisión;Ninguna;Faltante
10232;2021;19/12/2021;Domingo;22:40:00;;0.0;2;Moto/Ciclomotor,Automóvil;Centenario Y Leiva;2;1;0;1;0;0;Calle;ROSARIO;Constitución;Asfalto;No existe;II;Dentro;Urbana;Otra Señal;No existe;Intersección;Bueno;Buena;Nocturna,Con luz artificial;Buen Tiempo;Múltiple;S/D;Colisión;Ninguna;Faltante
10233;2021;19/12/2021;Domingo;22:55:00;;0.0;2;Bicicleta,Moto/Ciclomotor;Pasco Y Venezuela;3;3;0;0;0;0;Calle;ROSARIO;Constitución;Asfalto;No existe;II;Dentro;Urbana;Otra Señal;No existe;Intersección;Bueno;Buena;Nocturna;Buen Tiempo;Múltiple;Ciclista;Colisión;Ninguna;Faltante
10234;2021;19/12/2021;Domingo;13:15:00;;0.0;2;Automóvil,Moto/Ciclomotor;Constitución Y San Luis;2;1;0;1;0;0;Calle;ROSARIO;Constitución;Asfalto;No existe;II;Dentro;Urbana;Otra Señal;No existe;Intersección;Bueno;Buena;Diurna;Buen Tiempo;Múltiple;S/D;Colisión;Ninguna;Faltante
10235;2021;19/12/2021;Domingo;02:00:00;;0.0;2;Automóvil,Pickup/Utilitario;Nicaragua 760;3;2;0;1;0;0;Calle;ROSARIO;Constitución;Asfalto;No existe;II;Dentro;Urbana;Otra Señal;No existe;Intersección;Bueno;Buena;Nocturna,Con luz artificial;Buen Tiempo;Múltiple;S/D;Colisión;Ninguna;Faltante
10236;2021;19/12/2021;Domingo;07:20:00;Ruta Provincial 21;0.0;2;Automóvil,Pickup/Utilitario;Av. Gral. San Martin Y Eva Perón;4;1;0;3;0;0;Ruta;VILLA GOBERNADOR GÁLVEZ;Constitución;Asfalto;No existe;II;Dentro;Urbana;Otra Señal;Funciona;Intersección;Bueno;Buena;Diurna;Buen Tiempo;Múltiple;S/D;Colisión;Ninguna;Horizontal,Vertical
10237;2021;19/12/2021;Domingo;;Ruta Nacional 11;429.0;1;Pickup/Utilitario; ;2;1;0;1;0;0;Ruta;CORONDA;Constitución;Asfalto;Natural;XV;Dentro;Urbana;Otra Señal;No existe;Intersección;S/D;S/D;S/D;S/D;Múltiple;S/D;Colisión;S/D;Horizontal
10238;2021;19/12/2021;Domingo;04:05:00;;0.0;2;Automóvil,Camión;Coronel Dorrego Y Roque Sáenz PEÑA;3;2;0;1;0;0;Calle;VENADO TUERTO;Constitución;Asfalto;No existe;VIII;Dentro;Urbana;Otra Señal;No existe;Intersección;S/D;S/D;Nocturna;S/D;Múltiple;S/D;Colisión;S/D;Faltante
10239;2021;19/12/2021;Domingo;04:58:00;;0.0;2;Moto/Ciclomotor,Bicicleta;Calle 24 - Olessio Y Calle 37-Bvard. Lovato;3;2;0;1;0;0;Avenida;RECONQUISTA;Constitución;Asfalto;No existe;IX;Dentro;Urbana;Otra Señal;Funciona;Intersección;S/D;S/D;Nocturna;S/D;Múltiple;Ciclista;Colisión;S/D;Vertical
10240;2021;19/12/2021;Domingo;02:15:00;;0.0;2;Automóvil,Moto/Ciclomotor;J N Turbay Y Obligado;3;2;0;1;0;0;Calle;FLORENCIA;Constitución;S/D;No existe;IX;Dentro;Urbana;Otra Señal;S/D;Intersección;S/D;S/D;Nocturna;S/D;Múltiple;S/D;Colisión;S/D;S/D
10241;2021;19/12/2021;Domingo;15:30:00;;0.0;1;Moto/Ciclomotor; ;2;2;0;0;0;0;S/D;PUEBLO ESTHER;Constitución;S/D;S/D;II;S/D;S/D;Otra Señal;S/D;Intersección;S/D;S/D;Diurna;S/D;Múltiple;S/D;Colisión;S/D;S/D
10242;2021;19/12/2021;Domingo;13:00:00;;0.0;1;Moto/Ciclomotor;Av. Ovidio Lagos 5700;1;1;0;0;0;0;Calle;ROSARIO;Constitución;Asfalto;No existe;II;Dentro;Urbana;Otra Señal;Funciona;Intersección;Bueno;S/D;Diurna;S/D;Múltiple;S/D;Colisión;Ninguna;Horizontal,Vertical
10243;2021;19/12/2021;Domingo;00:00:00;;0.0;1;Automóvil; ;2;1;0;0;0;1;S/D;SOLDINI;Constitución;S/D;S/D;II;S/D;S/D;Otra Señal;S/D;Intersección;S/D;S/D;Nocturna;S/D;Múltiple;S/D;Colisión;S/D;S/D
10244;2021;19/12/2021;Domingo;00:30:00;;0.0;1;Moto/Ciclomotor;Av. Battle y Ordoñez Y Dorrego;1;1;0;0;0;0;Calle;ROSARIO;Constitución;Asfalto;No existe;II;Dentro;Urbana;Otra Señal;No existe;Intersección;Bueno;S/D;Nocturna;S/D;Múltiple;S/D;Colisión;Ninguna;Horizontal
10245;2021;19/12/2021;Domingo;;;0.0;1;Automóvil;Av. Pellegrini Y Castellanos;2;1;0;0;0;1;Avenida;ROSARIO;Constitución;S/D;S/D;II;S/D;Urbana;Otra Señal;S/D;Intersección;S/D;S/D;S/D;S/D;Múltiple;S/D;Colisión;S/D;S/D
10246;2021;19/12/2021;Domingo;18:18:00;;0.0;2;Automóvil,Moto/Ciclomotor;Pte. Quintana 3100;3;0;0;2;0;0;Calle;ROSARIO;Constitución;Asfalto;Pavimento;II;Dentro;Urbana;Otra Señal;No existe;Intersección;Bueno;Buena;Atardecer;Buen Tiempo;Múltiple;S/D;Colisión;Ninguna;Horizontal
10247;2021;19/12/2021;Domingo;;Ruta Nacional 11;0.0;2;Moto/Ciclomotor,Moto/Ciclomotor;Av. Santa Fe Y Pringles;3;2;0;0;0;0;Ruta;CORONDA;San JERÓNIMO;Asfalto;Pavimento;XV;Dentro;Urbana;Otra Señal;No existe;Intersección;S/D;S/D;S/D;S/D;Múltiple;S/D;Colisión;S/D;Horizontal
10248;2021;19/12/2021;Domingo;12:00:00;;0.0;1;Moto/Ciclomotor; ;1;0;0;0;0;0;S/D;ROSARIO;Rosario;S/D;S/D;II;S/D;S/D;Otra Señal;S/D;Intersección;S/D;S/D;Diurna;S/D;Múltiple;S/D;Colisión;S/D;S/D
10249;2021;19/12/2021;Domingo;21:10:00;;0.0;2;Moto/Ciclomotor,Moto/Ciclomotor;Cullen Y J.B.Justo;3;0;0;1;0;0;Calle;ROSARIO;Rosario;Asfalto;No existe;II;Dentro;Urbana;Otra Señal;No existe;Intersección;Bueno;Buena;Nocturna;Buen Tiempo;Lateral;S/D;Colisión;Ninguna;Faltante
10250;2021;19/12/2021;Domingo;;Ruta Provincial 61;93.0;1;Automóvil; ;2;0;0;0;0;0;Ruta;SOLEDAD;San CRISTÓBAL;S/D;Natural;XIII;Dentro;Urbana;S/D;S/D;Intersección;S/D;S/D;S/D;S/D;S/D;S/D;Colisión;S/D;S/D
10251;2021;20/12/2021;Lunes;16:15:00;;0.0;2;Moto/Ciclomotor,Automóvil;A Gaminara Y Rivadavia;5;1;0;4;0;0;Calle;SAN CARLOS CENTRO;Constitución;Asfalto;No existe;XI;Dentro;Urbana;Otra Señal;No existe;Intersección;Bueno;Buena;Atardecer;Buen Tiempo;Múltiple;S/D;Colisión;Ninguna;Faltante
10252;2021;20/12/2021;Lunes;17:00:00;;0.0;2;Moto/Ciclomotor,Automóvil;Ituzaingó Y L.N.Alem;2;1;0;1;0;0;Calle;ROSARIO;Constitución;Asfalto;No existe;II;Dentro;Urbana;Otra Señal;No existe;Intersección;Bueno;Buena;Diurna;Buen Tiempo;Múltiple;S/D;Colisión;Ninguna;Horizontal,Vertical
10253;2021;20/12/2021;Lunes;11:40:00;;0.0;2;Automóvil,Moto/Ciclomotor;Lavalle Y Saavedra;2;1;0;1;0;0;Calle;LAS ROSAS;Constitución;Ripio;No existe;III;Dentro;Urbana;Otra Señal;No existe;Intersección;Deteriorada;Buena;Diurna;Buen Tiempo;Múltiple;S/D;Colisión;Ninguna;Faltante
10254;2021;20/12/2021;Lunes;09:20:00;;0.0;2;Moto/Ciclomotor,Camión Chasis;Eva Perón Y San Jerónimo;2;1;0;1;0;0;Calle;SANTA FE;Constitución;Asfalto;No existe;I;Dentro;Urbana;Otra Señal;No existe;Intersección;Bueno;Buena;Diurna;Buen Tiempo;Múltiple;S/D;Colisión;Ninguna;Horizontal
10255;2021;20/12/2021;Lunes;10:30:00;;0.0;2;Tractor,Moto/Ciclomotor;Brown Y Dr. José Iraci;2;1;0;1;0;0;Calle;ARMSTRONG;Constitución;Asfalto;No existe;III;Dentro;Urbana;Otra Señal;No existe;Intersección;Bueno;Buena;Diurna;Buen Tiempo;Múltiple;S/D;Colisión;Ninguna;Vertical
10256;2021;20/12/2021;Lunes;09:35:00;Ruta Nacional 168;0.0;2;Moto/Ciclomotor,Automóvil;Bv Gálvez ;2;1;0;1;0;0;Ruta;SANTA FE;Constitución;Asfalto;No existe;I;Dentro;Urbana;Otra Señal;No existe;Intersección;Bueno;Buena;Diurna;Buen Tiempo;Múltiple;S/D;Colisión;Ninguna;Horizontal
10257;2021;20/12/2021;Lunes;09:40:00;;0.0;2;Automóvil,Moto/Ciclomotor;Av. Corrientes Y Av. Ntra.Sra.del Rosario;2;1;0;1;0;0;Avenida;ROSARIO;Constitución;Asfalto;No existe;II;Dentro;Urbana;Otra Señal;No existe;Intersección;Bueno;Buena;Diurna;Buen Tiempo;Múltiple;S/D;Colisión;Ninguna;Faltante
10258;2021;20/12/2021;Lunes;16:45:00;;0.0;2;Moto/Ciclomotor,Automóvil;Cerrito Y Ecuador;3;2;0;1;0;0;Calle;ROSARIO;Constitución;Asfalto;Pavimento;II;Dentro;Urbana;Otra Señal;No existe;Intersección;Bueno;Buena;Diurna;Buen Tiempo;Múltiple;S/D;Colisión;Ninguna;Faltante
10259;2021;20/12/2021;Lunes;17:55:00;;0.0;2;Automóvil,Moto/Ciclomotor;Pueyrredón Y Santa Fe;2;1;0;1;0;0;Calle;ROSARIO;Constitución;Asfalto;No existe;II;Dentro;Urbana;Otra Señal;Funciona;Intersección;Otro;Buena;Diurna;Buen Tiempo;Múltiple;S/D;Colisión;Ninguna;Horizontal,Vertical
10260;2021;20/12/2021;Lunes;19:25:00;;0.0;2;Peatón,Automóvil;Av. Belgrano Y Buenos Aires;2;1;0;1;0;0;Avenida;ROSARIO;Constitución;Asfalto;No existe;II;Dentro;Urbana;Otra Señal;Funciona;Intersección;Bueno;Buena;Nocturna;Otro;Múltiple;Peatón;Colisión;Ninguna;Vertical
10261;2021;20/12/2021;Lunes;10:20:00;;0.0;2;Automóvil,Automóvil;L.N.Alem Y Riobamba;3;1;0;2;0;0;Calle;ROSARIO;Constitución;Asfalto;No existe;II;Dentro;Urbana;Otra Señal;No existe;Intersección;Bueno;Buena;Diurna;Buen Tiempo;Múltiple;S/D;Colisión;Ninguna;Horizontal,Vertical
10262;2021;20/12/2021;Lunes;12:20:00;;0.0;2;Peatón,Moto/Ciclomotor;Eva Perón Y Junín;2;1;0;1;0;0;Avenida;GRANADERO BAIGORRIA;Constitución;Asfalto;No existe;II;Dentro;Urbana;Otra Señal;No existe;Intersección;Bueno;Buena;Diurna;Buen Tiempo;Múltiple;Peatón;Colisión;Ninguna;Faltante
10263;2021;20/12/2021;Lunes;14:00:00;;0.0;2;Automóvil,Automóvil;Castelli Y W Maradona;4;2;0;2;0;0;Calle;ESPERANZA;Constitución;Asfalto;No existe;XI;Dentro;Urbana;Otra Señal;No existe;Intersección;Bueno;Buena;Diurna;Buen Tiempo;Múltiple;S/D;Colisión;Ninguna;Faltante
10264;2021;20/12/2021;Lunes;06:25:00;;0.0;1;Moto/Ciclomotor;J B Alberdi Y San Martin;1;1;0;0;0;0;Calle;GÁLVEZ;Constitución;Asfalto;No existe;XV;Dentro;Urbana;Otra Señal;No existe;Intersección;S/D;S/D;Nocturna;S/D;Múltiple;S/D;Colisión;S/D;Faltante
10265;2021;20/12/2021;Lunes;12:15:00;Autopista Nacional A012;46.0;1;Automóvil; ;2;1;0;1;0;0;Autopista;SAN JERÓNIMO SUR;Constitución;Asfalto;Pavimento;XVII;Dentro;Rural;Otra Señal;No existe;Intersección;S/D;S/D;Diurna;S/D;Múltiple;S/D;Colisión;S/D;Horizontal
10266;2021;20/12/2021;Lunes;12:50:00;;0.0;2;Automóvil,Moto/Ciclomotor;N Avellaneda Y San Martin;3;2;0;1;0;0;Calle;CARLOS PELLEGRINI;Constitución;Asfalto;No existe;XVIII;Dentro;Urbana;Otra Señal;No existe;Intersección;S/D;S/D;Diurna;S/D;Múltiple;S/D;Colisión;S/D;Vertical
10267;2021;20/12/2021;Lunes;10:00:00;;0.0;1;Moto/Ciclomotor;Av. Ovidio Lagos Y Centeno;1;1;0;0;0;0;Calle;ROSARIO;Constitución;Asfalto;No existe;II;Dentro;Urbana;Otra Señal;No existe;Intersección;Bueno;S/D;Diurna;S/D;Múltiple;S/D;Colisión;Ninguna;Horizontal
10268;2021;20/12/2021;Lunes;12:00:00;;0.0;1;Moto/Ciclomotor;San Luis 1900;1;1;0;0;0;0;Calle;ROSARIO;Constitución;Asfalto;No existe;II;Dentro;Urbana;Otra Señal;No existe;Intersección;Bueno;S/D;Diurna;S/D;Múltiple;S/D;Colisión;Ninguna;Horizontal
10269;2021;20/12/2021;Lunes;09:15:00;;0.0;1;Automóvil;Av. Francia 1300;2;1;0;0;0;1;Calle;ROSARIO;Constitución;Asfalto;No existe;II;Dentro;Urbana;Otra Señal;Funciona;Intersección;Bueno;S/D;Diurna;S/D;Múltiple;S/D;Colisión;Ninguna;Horizontal,Vertical
10270;2021;20/12/2021;Lunes;00:00:00;;0.0;2;Otros,Peatón; ;2;1;0;0;0;1;S/D;ROSARIO;Constitución;S/D;S/D;II;S/D;S/D;Otra Señal;S/D;Intersección;S/D;S/D;Nocturna;S/D;Múltiple;Peatón;Colisión;S/D;S/D
10271;2021;20/12/2021;Lunes;04:00:00;;0.0;1;Bicicleta;Urquiza 4600;1;1;0;0;0;0;Calle;ROSARIO;Constitución;S/D;S/D;II;Dentro;Urbana;Otra Señal;S/D;Intersección;S/D;S/D;Nocturna;S/D;Múltiple;S/D;Colisión;S/D;S/D
10272;2021;20/12/2021;Lunes;10:00:00;;0.0;1;Bicicleta;Alsina ;1;1;0;0;0;0;Calle;ROSARIO;Constitución;S/D;S/D;II;Dentro;Urbana;Otra Señal;S/D;Intersección;S/D;S/D;Diurna;S/D;Múltiple;S/D;Colisión;S/D;S/D
10273;2021;20/12/2021;Lunes;17:10:00;;0.0;2;Automóvil,Moto/Ciclomotor;Colombia 1400;2;0;0;1;0;0;Calle;ROSARIO;Rosario;Asfalto;No existe;II;Dentro;Urbana;Otra Señal;No existe;Intersección;Bueno;Buena;Diurna;Buen Tiempo;Múltiple;S/D;Colisión;Ninguna;Faltante
10274;2021;20/12/2021;Lunes;16:00:00;;0.0;1;Moto/Ciclomotor;Buenos Aires ;1;0;0;0;0;0;S/D;ROSARIO;Rosario;S/D;S/D;II;S/D;Urbana;Otra Señal;S/D;Intersección;S/D;S/D;Diurna;S/D;Múltiple;S/D;Colisión;S/D;S/D
10275;2021;21/12/2021;Martes;03:30:00;Ruta Provincial 1;180.0;2;Moto/Ciclomotor,Tractor; ;2;0;0;1;1;0;Ruta;COLONIA TERESA;San Javier;Asfalto;Natural;XIV;S/D;Rural;Otra Señal;No existe;Intersección;Bueno;S/D;Nocturna;S/D;Múltiple;S/D;Colisión;Ninguna;Faltante
10276;2021;21/12/2021;Martes;09:30:00;;0.0;2;Moto/Ciclomotor,Automóvil;Bv Muttis Y Laprida;2;1;0;1;0;0;Avenida;SANTA FE;Constitución;Asfalto;No existe;I;Dentro;Urbana;Otra Señal;No existe;Intersección;Bueno;Buena;Diurna;S/D;Múltiple;S/D;Colisión;Ninguna;Horizontal
10277;2021;21/12/2021;Martes;20:40:00;;0.0;2;Moto/Ciclomotor,Automóvil;Avellaneda Y Llerena;4;2;0;2;0;0;Calle;SANTA FE;Constitución;Asfalto;No existe;I;Dentro;Urbana;Otra Señal;No existe;Intersección;Bueno;Buena;Nocturna;Buen Tiempo;Múltiple;S/D;Colisión;Ninguna;Faltante
10278;2021;21/12/2021;Martes;19:00:00;;0.0;2;Moto/Ciclomotor,Pickup/Utilitario;G Lehmann Y General Paz;3;1;0;2;0;0;Calle;ESPERANZA;Constitución;Asfalto;No existe;XI;Dentro;Urbana;Otra Señal;No existe;Intersección;Bueno;Buena;Diurna;Buen Tiempo;Múltiple;S/D;Colisión;Ninguna;Faltante
10279;2021;21/12/2021;Martes;10:40:00;;0.0;2;Automóvil,Moto/Ciclomotor;Mitre Y Pueyrredón;2;1;0;1;0;0;Calle;CALCHAQUÍ;Constitución;Asfalto;No existe;XIX;Dentro;Urbana;Otra Señal;S/D;Intersección;S/D;Buena;Diurna;Buen Tiempo;Múltiple;S/D;Colisión;S/D;S/D
10280;2021;21/12/2021;Martes;13:20:00;;0.0;2;Automóvil,Pickup/Utilitario;Eva Perón Y San Jerónimo;2;1;0;1;0;0;Calle;SANTA FE;Constitución;Asfalto;No existe;I;Dentro;Urbana;Otra Señal;No existe;Intersección;Bueno;Buena;Diurna;Buen Tiempo;Múltiple;S/D;Colisión;Ninguna;Horizontal
10281;2021;21/12/2021;Martes;18:00:00;;0.0;2;Moto/Ciclomotor,Automóvil;Lavalle Y Iturraspe;2;1;0;1;0;0;Calle;SANTA FE;Constitución;Asfalto;No existe;I;Dentro;Urbana;Otra Señal;No existe;Intersección;Bueno;Buena;Atardecer;Buen Tiempo;Múltiple;S/D;Colisión;Ninguna;Faltante
10282;2021;21/12/2021;Martes;16:20:00;;0.0;2;Bicicleta,Automóvil;Av. Ntra.Sra.del Rosario Y Lituania;2;1;0;1;0;0;Calle;ROSARIO;Constitución;Asfalto;No existe;II;Dentro;Urbana;Otra Señal;No existe;Intersección;Bueno;Buena;Diurna;Buen Tiempo;Múltiple;Ciclista;Colisión;Ninguna;Vertical