ID_Accidente;A�o;Fecha;Dia;Hopra;Ruta/Autop;km;Participantes;Tipo;Lugar;Total;Heridos Leves;Heridos Graves;Ilesos;Fallecidos;Sin datos;desc_tipo_via;desc_loc;desc_dpto;|;desc_tipo_banquina;desc_unidad_regional;desc_lugar_calzada;desc_zona;desc_prioridad;desc_estado_semaforo;desc_lugar_via;desc_estado_via;desc_estado_visibilidad;desc_luminosidad;desc_estado_clima;desc_tipo_colision;desc_tipo_atropello;desc_tipo_hecho;desc_pres_calzada;desc_senializacion
10283;2021;21/12/2021;Martes;17:00:00;;0.0;2;Automóvil,Moto/Ciclomotor;Liniers Y Pje. Lejarza;3;2;0;1;0;0;Calle;ROSARIO;Constitución;Asfalto;No existe;II;Dentro;Urbana;Otra Señal;No existe;Intersección;Bueno;Buena;Diurna;Buen Tiempo;Múltiple;S/D;Colisión;Ninguna;Faltante
10284;2021;21/12/2021;Martes;09:20:00;Autopista Nacional A008;0.0;2;Automóvil,Automóvil;Av. Circunvalación Y Av. Uriburu;2;2;0;0;0;0;Autopista;ROSARIO;Constitución;Asfalto;No existe;II;Dentro;Urbana;Otra Señal;No existe;Intersección;Bueno;Buena;Diurna;Buen Tiempo;Múltiple;S/D;Colisión;Ninguna;Horizontal
10285;2021;21/12/2021;Martes;09:45:00;;0.0;2;Taxi/Remis,Automóvil;Av. Corrientes 1034;4;1;0;3;0;0;Avenida;ROSARIO;Constitución;Asfalto;No existe;II;Dentro;Urbana;Otra Señal;No existe;Intersección;Bueno;Buena;Diurna;Buen Tiempo;Múltiple;S/D;Colisión;Ninguna;Faltante
10286;2021;21/12/2021;Martes;14:30:00;;0.0;2;Pickup/Utilitario,Automóvil;Av. Belgrano Y Av. Pellegrini;3;2;0;1;0;0;Avenida;ROSARIO;Constitución;Asfalto;No existe;II;Dentro;Urbana;Otra Señal;No existe;Intersección;Bueno;Buena;Diurna;Buen Tiempo;Múltiple;S/D;Colisión;Ninguna;Horizontal
10287;2021;21/12/2021;Martes;11:30:00;;0.0;2;Moto/Ciclomotor,Transporte de Pasajeros Urbano (> 8 asientos);L.N.Alem Y Pasco;3;1;0;2;0;0;Calle;ROSARIO;Constitución;Asfalto;No existe;II;Dentro;Urbana;Otra Señal;No existe;Intersección;Bueno;S/D;Diurna;Buen Tiempo;Múltiple;S/D;Colisión;Ninguna;Horizontal,Vertical
10288;2021;21/12/2021;Martes;17:15:00;;0.0;2;Moto/Ciclomotor,Automóvil;Bv. Wilde Y Urquiza;2;1;0;1;0;0;Avenida;ROSARIO;Constitución;Asfalto;No existe;II;Dentro;Urbana;Otra Señal;No existe;Intersección;Bueno;Buena;Diurna;Buen Tiempo;Múltiple;S/D;Colisión;Ninguna;Horizontal
10289;2021;21/12/2021;Martes;09:15:00;Autopista Nacional Rosario -Cordoba;301.0;1;Automóvil; ;1;1;0;0;0;0;Autopista;ROSARIO;Constitución;Asfalto;Natural;II;Dentro;Rural;Otra Señal;No existe;Intersección;Bueno;Buena;Diurna;Buen Tiempo;Múltiple;S/D;Colisión;Ninguna;Faltante
10290;2021;21/12/2021;Martes;21:42:00;;0.0;2;Automóvil,Automóvil;Lisandro de la Torre 100;5;1;0;4;0;0;Avenida;GENERAL LAGOS;Constitución;Hormigón;No existe;II;Dentro;Urbana;Otra Señal;No existe;Intersección;Bueno;Buena;Nocturna,Con luz artificial;Buen Tiempo;Múltiple;S/D;Colisión;Ninguna;Faltante
10291;2021;21/12/2021;Martes;16:15:00;Ruta Nacional 33;0.0;2;Moto/Ciclomotor,Taxi/Remis;Av. Pte. Perón Y Calle 1712;2;1;0;1;0;0;Ruta;ROSARIO;Constitución;Asfalto;Pavimento;II;Dentro;Urbana;Otra Señal;No existe;Intersección;Bueno;Buena;Diurna;Buen Tiempo;Múltiple;S/D;Colisión;Ninguna;Faltante
10292;2021;21/12/2021;Martes;13:10:00;Autopista Nacional Rosario -Cordoba;305.0;1;Automóvil; ;2;2;0;0;0;0;Autopista;FUNES;Constitución;Asfalto;Ripio;II;Dentro;Rural;Otra Señal;No existe;Intersección;Bueno;Buena;Diurna;Buen Tiempo;Múltiple;S/D;Colisión;Ninguna;Horizontal
10293;2021;21/12/2021;Martes;;;0.0;2;Automóvil,Moto/Ciclomotor;Juan Lavalle Y Quintana;2;1;0;1;0;0;Calle;VENADO TUERTO;Constitución;Asfalto;No existe;VIII;Dentro;Urbana;Otra Señal;No existe;Intersección;S/D;S/D;S/D;S/D;Múltiple;S/D;Colisión;S/D;Faltante
10294;2021;21/12/2021;Martes;;Ruta Nacional 98;0.0;2;Moto/Ciclomotor,Pickup/Utilitario;Neuquén Y Reconquista;3;2;0;1;0;0;Ruta;TOSTADO;Constitución;Asfalto;No existe;XII;Dentro;Urbana;Otra Señal;No existe;Intersección;S/D;S/D;S/D;S/D;Múltiple;S/D;Colisión;S/D;Faltante
10295;2021;21/12/2021;Martes;;;0.0;2;Taxi/Remis,Pickup/Utilitario;Av. Pellegrini Y España;4;1;0;3;0;0;Avenida;ROSARIO;Constitución;Asfalto;No existe;II;Dentro;Urbana;Otra Señal;Funciona;Intersección;S/D;S/D;S/D;S/D;Múltiple;S/D;Colisión;S/D;Horizontal,Vertical
10296;2021;21/12/2021;Martes;08:00:00;;0.0;2;Moto/Ciclomotor,Moto/Ciclomotor;Alberdi Y Caseros;2;1;0;1;0;0;Calle;VILLA OCAMPO;Constitución;S/D;No existe;IX;Dentro;Urbana;Otra Señal;S/D;Intersección;S/D;S/D;Diurna;S/D;Múltiple;S/D;Colisión;S/D;S/D
10297;2021;21/12/2021;Martes;00:00:00;;0.0;1;Bicicleta;Valparaíso 2900;1;1;0;0;0;0;Calle;ROSARIO;Constitución;Asfalto;No existe;II;Dentro;Urbana;Otra Señal;No existe;Intersección;Bueno;S/D;Nocturna;S/D;Múltiple;S/D;Colisión;Ninguna;Faltante
10298;2021;21/12/2021;Martes;21:00:00;;0.0;1;Moto/Ciclomotor;E.Zeballos Y Paraguay;1;1;0;0;0;0;Calle;ROSARIO;Constitución;Asfalto;No existe;II;Dentro;Urbana;Otra Señal;No existe;Intersección;Bueno;S/D;Nocturna;S/D;Múltiple;S/D;Colisión;Ninguna;Horizontal
10299;2021;21/12/2021;Martes;23:10:00;;0.0;2;Moto/Ciclomotor,Moto/Ciclomotor;Conscriptos Müller y Colombo Y Entre Ríos;2;1;0;0;0;0;Calle;ESPERANZA;Constitución;Tierra;No existe;XI;Dentro;Urbana;Otra Señal;No existe;Intersección;Bueno;Buena;Nocturna,Con luz artificial;Buen Tiempo;Múltiple;S/D;Colisión;Ninguna;Faltante
10300;2021;21/12/2021;Martes;21:10:00;;0.0;1;Moto/Ciclomotor;Doctor Dalfonso 1465;1;0;0;0;0;0;Calle;SAN MARTIN DE LAS ESCOBAS;Constitución;Asfalto;No existe;XVIII;Dentro;Urbana;Otra Señal;No existe;Intersección;Bueno;Buena;Nocturna;Buen Tiempo;Múltiple;S/D;Colisión;Ninguna;Horizontal
10301;2021;21/12/2021;Martes;07:10:00;Ruta Nacional 98;53.0;1;Automóvil; ;1;0;0;0;0;0;Ruta;VERA;Constitución;Asfalto;No existe;XIX;Dentro;Rural;Otra Señal;No existe;Intersección;Bueno;Buena;Diurna;Buen Tiempo;Múltiple;S/D;Colisión;Ninguna;Horizontal
10302;2021;21/12/2021;Martes;15:55:00;;0.0;2;Moto/Ciclomotor,Automóvil;España Y Saavedra;3;0;0;2;0;0;Calle;ROSARIO;Constitución;Asfalto;No existe;II;Dentro;Urbana;Otra Señal;No existe;Intersección;Bueno;Buena;Diurna;Buen Tiempo;Múltiple;S/D;Colisión;Ninguna;Faltante
10303;2021;21/12/2021;Martes;21:00:00;;0.0;2;Moto/Ciclomotor,Automóvil;Maipú 2000;3;1;0;1;0;0;Calle;GRANADERO BAIGORRIA;Rosario;Ripio;No existe;II;Dentro;Urbana;Otra Señal;No existe;Intersección;Bueno;Reducida;Nocturna;Buen Tiempo;Múltiple;S/D;Colisión;Ninguna;Faltante
10304;2021;21/12/2021;Martes;02:20:00;;0.0;2;Automóvil,Moto/Ciclomotor;AV PTE. PERÓN Y COLECTORA JOSÉ M. ROSA;2;0;0;1;0;0;Avenida;ROSARIO;Rosario;Asfalto;No existe;II;Dentro;Urbana;Otra Señal;No existe;Intersección;Bueno;Buena;Nocturna;Buen Tiempo;Múltiple;S/D;Colisión;Ninguna;Faltante
10305;2021;21/12/2021;Martes;;;0.0;2;Pickup/Utilitario,Moto/Ciclomotor; ;2;0;0;1;0;0;S/D;FIRMAT;General LÓPEZ;S/D;S/D;VIII;S/D;S/D;Otra Señal;S/D;Intersección;S/D;S/D;S/D;S/D;Múltiple;S/D;Colisión;S/D;S/D
10306;2021;22/12/2021;Miercoles;08:45:00;;0.0;1;Bicicleta;Laínez 640;1;0;0;0;1;0;Calle;SUNCHALES;Castellanos;Asfalto;No existe;V;Dentro;Urbana;Otra Señal;No existe;Intersección;Bueno;S/D;Diurna;S/D;Múltiple;S/D;Colisión;Ninguna;Faltante
10307;2021;22/12/2021;Miercoles;15:00:00;Ruta Nacional 11;423.0;2;Moto/Ciclomotor,Moto/Ciclomotor;Av. L de la Torre-Ruta Nac 11 Y J J Paso;3;2;0;0;1;0;Ruta;CORONDA;San JERÓNIMO;Asfalto;Pavimento;XV;S/D;Urbana;Otra Señal;No existe;Intersección;Bueno;Buena;Diurna;Buen Tiempo;Múltiple;S/D;Colisión;Ninguna;Faltante
10308;2021;22/12/2021;Miercoles;07:00:00;Autopista Nacional A008;26.0;2;Pickup/Utilitario,Automóvil;Av. Circunvalación ;2;0;0;1;1;0;Autopista;ROSARIO;Rosario;Asfalto;No existe;II;S/D;Rural;Otra Señal;No existe;Intersección;Bueno;S/D;Diurna;S/D;Múltiple;S/D;Colisión;Ninguna;Faltante
10309;2021;22/12/2021;Miercoles;10:30:00;;0.0;2;Moto/Ciclomotor,Automóvil;1ro de Mayo Y Estanislao Zeballos;4;1;0;3;0;0;Calle;SANTA FE;Constitución;Asfalto;No existe;I;Dentro;Urbana;Otra Señal;No existe;Intersección;Bueno;Buena;Diurna;Buen Tiempo;Múltiple;S/D;Colisión;Ninguna;Vertical
10310;2021;22/12/2021;Miercoles;14:30:00;;0.0;2;Moto/Ciclomotor,Automóvil;Ángel Cassanello Y Dorrego;3;1;0;2;0;0;Calle;SANTA FE;Constitución;Asfalto;No existe;I;Dentro;Urbana;Otra Señal;No existe;Intersección;Bueno;Buena;Diurna;Buen Tiempo;Múltiple;S/D;Colisión;Ninguna;S/D
10311;2021;22/12/2021;Miercoles;08:25:00;;0.0;2;Automóvil,Moto/Ciclomotor;Av. Gral. Paz Y Ricardo Aldao;2;1;0;1;0;0;Avenida;SANTA FE;Constitución;Asfalto;No existe;I;Dentro;Urbana;Otra Señal;No existe;Intersección;Bueno;Buena;Diurna;Buen Tiempo;Múltiple;S/D;Colisión;Ninguna;Faltante
10312;2021;22/12/2021;Miercoles;;Ruta Provincial 70;0.0;2;Automóvil,Moto/Ciclomotor;A Aufranc Y Rafaela;2;1;0;1;0;0;Ruta;ESPERANZA;Constitución;Asfalto;Pavimento;XI;Dentro;Urbana;Otra Señal;No existe;Intersección;Bueno;Buena;Diurna;Buen Tiempo;Múltiple;S/D;Colisión;Ninguna;Horizontal,Vertical
10313;2021;22/12/2021;Miercoles;19:50:00;;0.0;2;Pickup/Utilitario,Moto/Ciclomotor;Bv Risso Patrón Y Córdoba;2;1;0;1;0;0;Avenida;SANTA CLARA DE BUENA VISTA;Constitución;Asfalto;No existe;XI;Dentro;Urbana;Otra Señal;No existe;Intersección;Bueno;Buena;Atardecer;Buen Tiempo;Múltiple;S/D;Colisión;Ninguna;Faltante
10314;2021;22/12/2021;Miercoles;10:15:00;Autovía Nacional 19;58.0;1;Moto/Ciclomotor; ;1;1;0;0;0;0;Autovía;SA PEREIRA;Constitución;Asfalto;No existe;XI;Dentro;Urbana;Otra Señal;No existe;Intersección;Otro;Buena;Diurna;Buen Tiempo;Múltiple;S/D;Colisión;Ninguna;Horizontal
10315;2021;22/12/2021;Miercoles;13:45:00;;0.0;2;Moto/Ciclomotor,Pickup/Utilitario; ;2;1;0;1;0;0;Calle;LA PELADA;Constitución;Ripio;No existe;XI;Dentro;Urbana;Otra Señal;No existe;Intersección;Bueno;Buena;Diurna;Buen Tiempo;Múltiple;S/D;Colisión;Material Suelto;Faltante
10316;2021;22/12/2021;Miercoles;19:40:00;;0.0;2;Moto/Ciclomotor,Automóvil;Entre Ríos Y Ruta 11 Avenida Richieri;4;3;0;1;0;0;Avenida;SANTO TOMÉ;Constitución;Ripio;No existe;I;Dentro;Urbana;Otra Señal;No existe;Intersección;Bueno;Buena;Nocturna;Buen Tiempo;Múltiple;S/D;Colisión;Ninguna;Faltante
10317;2021;22/12/2021;Miercoles;23:00:00;;0.0;2;Automóvil,Moto/Ciclomotor;Alvear 2280;3;2;0;1;0;0;Calle;VERA;Constitución;Tierra;No existe;XIX;Dentro;Urbana;Otra Señal;No existe;Intersección;Bueno;Buena;Diurna;Buen Tiempo;Múltiple;S/D;Colisión;Ninguna;Faltante
10318;2021;22/12/2021;Miercoles;21:00:00;;0.0;2;Automóvil,Bicicleta;Alvear Y Maipú;2;1;0;1;0;0;Calle;SANTA FE;Constitución;Asfalto;No existe;I;Dentro;Urbana;Otra Señal;No existe;Intersección;Bueno;Buena;Diurna;Buen Tiempo;Múltiple;Ciclista;Colisión;Ninguna;Faltante
10319;2021;22/12/2021;Miercoles;20:10:00;;0.0;2;Automóvil,Moto/Ciclomotor;Saavedra Y Pje. J.Castelli;2;1;0;1;0;0;Calle;ROSARIO;Constitución;Asfalto;No existe;II;Dentro;Urbana;Otra Señal;No existe;Intersección;Bueno;Buena;Diurna;Buen Tiempo;Múltiple;S/D;Colisión;Ninguna;Faltante
10320;2021;22/12/2021;Miercoles;13:30:00;;0.0;2;Automóvil,Moto/Ciclomotor;3 De Febrero Y Vera Mujica;2;1;0;1;0;0;Calle;ROSARIO;Constitución;Asfalto;No existe;II;Dentro;Urbana;Otra Señal;No existe;Intersección;Bueno;Buena;Diurna;Buen Tiempo;Múltiple;S/D;Colisión;Ninguna;Faltante
10321;2021;22/12/2021;Miercoles;15:45:00;;0.0;1;Bicicleta;Bv. Oroño Y Brown;1;1;0;0;0;0;Avenida;ROSARIO;Constitución;Asfalto;No existe;II;Dentro;Urbana;Otra Señal;Funciona;Intersección;Bueno;Buena;Diurna;Buen Tiempo;Múltiple;S/D;Colisión;Ninguna;Horizontal,Vertical
10322;2021;22/12/2021;Miercoles;00:30:00;;0.0;2;Moto/Ciclomotor,Automóvil;Garzón Y Pje. Galileo;3;2;0;1;0;0;Calle;ROSARIO;Constitución;Asfalto;No existe;II;Dentro;Urbana;Otra Señal;No existe;Intersección;Bueno;Buena;Diurna;Buen Tiempo;Múltiple;S/D;Colisión;Ninguna;Faltante
10323;2021;22/12/2021;Miercoles;09:50:00;;0.0;2;Automóvil,Peatón;3 De Febrero Y España;2;1;0;1;0;0;Calle;ROSARIO;Constitución;Asfalto;No existe;II;Dentro;Urbana;Otra Señal;Funciona;Intersección;Bueno;Buena;Diurna;Buen Tiempo;Múltiple;Peatón;Colisión;Ninguna;Horizontal,Vertical
10324;2021;22/12/2021;Miercoles;20:00:00;;0.0;2;Automóvil,Moto/Ciclomotor;Bv 9 de Julio Y Tucumán;4;2;0;2;0;0;Avenida;SAN JORGE;Constitución;Asfalto;No existe;XVIII;Dentro;Urbana;Otra Señal;No existe;Intersección;Bueno;Buena;Nocturna;Buen Tiempo;Múltiple;S/D;Colisión;Ninguna;Faltante
10325;2021;22/12/2021;Miercoles;;;0.0;2;Moto/Ciclomotor,Automóvil;BAGADA VIGNADAZZI ;2;1;0;1;0;0;Calle;PUEBLO ESTHER;Constitución;Ripio;No existe;II;Dentro;Rural;Otra Señal;No existe;Intersección;Otro;S/D;S/D;S/D;Múltiple;S/D;Colisión;Ninguna;Faltante
10326;2021;22/12/2021;Miercoles;05:40:00;Autopista Nacional A008;0.0;1;Moto/Ciclomotor;Av. Circunvalación Y Av. Pte. Perón;1;1;0;0;0;0;Autopista;ROSARIO;Constitución;Asfalto;No existe;II;Dentro;Urbana;Otra Señal;Intermitente;Intersección;Bueno;Buena;Nocturna;Buen Tiempo;Múltiple;S/D;Colisión;Ninguna;Vertical
10327;2021;22/12/2021;Miercoles;20:15:00;;0.0;2;Moto/Ciclomotor,Automóvil;Junín Y Liniers;5;1;0;4;0;0;Calle;ROSARIO;Constitución;Asfalto;No existe;II;Dentro;Urbana;Otra Señal;No existe;Intersección;Bueno;Reducida;Nocturna,Con luz artificial;Buen Tiempo;Múltiple;S/D;Colisión;Ninguna;Faltante
10328;2021;22/12/2021;Miercoles;18:00:00;;0.0;2;Automóvil,Automóvil;Bv San Martin Y Rivadavia;3;1;0;2;0;0;Avenida;ÁLVAREZ;Constitución;Asfalto;No existe;II;Dentro;Urbana;Otra Señal;No existe;Intersección;Bueno;Buena;Diurna;Buen Tiempo;Múltiple;S/D;Colisión;Ninguna;Faltante
10329;2021;22/12/2021;Miercoles;;;0.0;1;Moto/Ciclomotor;25 de mayo Y Salta;1;1;0;0;0;0;Calle;SANTO TOMÉ;Constitución;Asfalto;No existe;I;Dentro;Urbana;Otra Señal;No existe;Intersección;S/D;S/D;S/D;S/D;Múltiple;S/D;Colisión;S/D;Horizontal
10330;2021;22/12/2021;Miercoles;;;0.0;2;Moto/Ciclomotor,Pickup/Utilitario;Av. Freyre Y Pedro de Vega;2;1;0;1;0;0;Avenida;SANTA FE;Constitución;Asfalto;No existe;I;Dentro;Urbana;Otra Señal;No existe;Intersección;S/D;S/D;S/D;S/D;Múltiple;S/D;Colisión;S/D;Faltante
10331;2021;22/12/2021;Miercoles;;Ruta Provincial 21;0.0;2;Automóvil,Moto/Ciclomotor;Av. Gral. San Martin Y Belgrano;2;1;0;1;0;0;Ruta;VILLA GOBERNADOR GÁLVEZ;Constitución;Asfalto;No existe;II;Dentro;Urbana;Otra Señal;No existe;Intersección;S/D;S/D;S/D;S/D;Múltiple;S/D;Colisión;S/D;Horizontal,Vertical
10332;2021;22/12/2021;Miercoles;;Ruta Nacional 33;0.0;2;Automóvil,Automóvil; ;3;3;0;0;0;0;Ruta;CASILDA;Constitución;Asfalto;S/D;IV;S/D;S/D;Otra Señal;S/D;Intersección;S/D;S/D;S/D;S/D;Múltiple;S/D;Colisión;S/D;S/D
10333;2021;22/12/2021;Miercoles;18:30:00;;0.0;2;Moto/Ciclomotor,Automóvil;Mitre Y Pte. Illia -Ex. Entre Ríos;2;1;0;1;0;0;Calle;FRAY LUIS BELTRÁN;Constitución;Asfalto;No existe;XVII;Dentro;Urbana;Otra Señal;No existe;Intersección;S/D;S/D;Diurna;S/D;Múltiple;S/D;Colisión;S/D;Faltante
10334;2021;22/12/2021;Miercoles;23:56:00;Ruta Provincial 95;0.0;2;Automóvil,Automóvil;Av. Colon Y Ruta Prov. 95;2;1;0;1;0;0;Ruta;GABOTO;Constitución;Asfalto;No existe;XV;Dentro;Urbana;Otra Señal;No existe;Intersección;S/D;S/D;Nocturna;S/D;Múltiple;S/D;Colisión;S/D;Faltante
10335;2021;22/12/2021;Miercoles;14:00:00;;0.0;2;Pickup/Utilitario,Moto/Ciclomotor;Calle 38-Corrientes Y Calle 47-Islas Malvinas;2;2;0;0;0;0;Calle;RECONQUISTA;Constitución;Asfalto;No existe;IX;Dentro;Urbana;Otra Señal;S/D;Intersección;S/D;S/D;Diurna;S/D;Múltiple;S/D;Colisión;S/D;S/D
10336;2021;22/12/2021;Miercoles;16:00:00;;0.0;1;Bicicleta;F.More ;1;1;0;0;0;0;Calle;ROSARIO;Constitución;S/D;S/D;II;Dentro;Urbana;Otra Señal;S/D;Intersección;S/D;S/D;Diurna;S/D;Múltiple;S/D;Colisión;S/D;S/D
10337;2021;22/12/2021;Miercoles;13:30:00;;0.0;1;Moto/Ciclomotor;San Luis Y Constitución;1;1;0;0;0;0;Calle;ROSARIO;Constitución;Asfalto;No existe;II;Dentro;Urbana;Otra Señal;No existe;Intersección;Bueno;S/D;Diurna;S/D;Múltiple;S/D;Colisión;Ninguna;Faltante
10338;2021;22/12/2021;Miercoles;06:30:00;;0.0;1;Moto/Ciclomotor;Amenábar ;1;1;0;0;0;0;Calle;ROSARIO;Constitución;S/D;S/D;II;Dentro;Urbana;Otra Señal;S/D;Intersección;S/D;S/D;Nocturna;S/D;Múltiple;S/D;Colisión;S/D;S/D
10339;2021;22/12/2021;Miercoles;00:00:00;Ruta Nacional A008;0.0;1;Automóvil;Av. Belgrano Y Av. Pellegrini;2;1;0;0;0;1;Ruta;ROSARIO;Constitución;Asfalto;No existe;II;Dentro;Urbana;Otra Señal;No existe;Intersección;Bueno;S/D;Nocturna;S/D;Múltiple;S/D;Colisión;Ninguna;Faltante
10340;2021;22/12/2021;Miercoles;00:00:00;;0.0;1;Moto/Ciclomotor; ;1;1;0;0;0;0;Calle;ROSARIO;Constitución;S/D;S/D;II;Dentro;Urbana;Otra Señal;S/D;Intersección;S/D;S/D;Nocturna;S/D;Múltiple;S/D;Colisión;S/D;S/D
10341;2021;22/12/2021;Miercoles;08:55:00;Ruta Provincial 15;142.0;2;Camión c / Semirremolque,Pickup/Utilitario; ;2;0;0;1;0;0;Ruta;ARMSTRONG;Constitución;Asfalto;No existe;III;Dentro;Urbana;Otra Señal;No existe;Intersección;Bueno;Buena;Diurna;Buen Tiempo;Múltiple;S/D;Colisión;Ninguna;Faltante
10342;2021;22/12/2021;Miercoles;09:30:00;Autopista Nacional A008;0.0;2;Automóvil,Moto/Ciclomotor;Av. Circunvalación Y Av. Uriburu;2;0;0;1;0;0;Autopista;ROSARIO;Rosario;Asfalto;No existe;II;Dentro;Urbana;Otra Señal;No existe;Intersección;Bueno;Buena;Diurna;Buen Tiempo;Múltiple;S/D;Colisión;Ninguna;Horizontal
10343;2021;22/12/2021;Miercoles;14:00:00;Ruta Nacional 19;122.0;2;Camión,Bicicleta; ;2;0;0;1;0;0;Ruta;JOSEFINA;Castellanos;Asfalto;Natural;V;Dentro;Urbana;Otra Señal;No existe;Intersección;S/D;S/D;Diurna;S/D;Múltiple;Ciclista;Colisión;S/D;Horizontal
10344;2021;22/12/2021;Miercoles;14:48:00;;0.0;1;Automóvil; ;1;0;0;0;0;0;Camino Rural;LAS PAREJAS;Belgrano;S/D;S/D;III;Dentro;Rural;Otra Señal;S/D;Intersección;S/D;S/D;Diurna;S/D;Múltiple;S/D;Colisión;S/D;S/D
10345;2021;22/12/2021;Miercoles;07:00:00;;0.0;1;Moto/Ciclomotor;ESPINOSA  Y ROULLON ;1;0;0;0;0;0;Calle;ROSARIO;Rosario;Asfalto;No existe;II;Dentro;Urbana;Otra Señal;No existe;Intersección;Bueno;S/D;Diurna;S/D;Múltiple;S/D;Colisión;S/D;Faltante
10346;2021;23/12/2021;Jueves;01:55:00;;0.0;1;Pickup/Utilitario;Matienzo 1755;3;0;0;2;1;0;Calle;ROSARIO;Rosario;Asfalto;No existe;II;S/D;Urbana;Otra Señal;No existe;Intersección;Bueno;S/D;Nocturna;S/D;Múltiple;S/D;Colisión;Ninguna;Faltante
10347;2021;23/12/2021;Jueves;;;0.0;2;Peatón,Automóvil;Av. Urquiza Y Estanislao Zeballos;2;1;0;1;0;0;Avenida;SANTA FE;Constitución;Asfalto;No existe;I;Dentro;Urbana;Otra Señal;No existe;Intersección;Bueno;Buena;Diurna;Buen Tiempo;Múltiple;Peatón;Colisión;Ninguna;Faltante
10348;2021;23/12/2021;Jueves;10:35:00;;0.0;2;Moto/Ciclomotor,Bicicleta;Lucio Víctor Mansilla Y Teniente Loza;2;2;0;0;0;0;Calle;SANTA FE;Constitución;Asfalto;No existe;I;Dentro;Urbana;Otra Señal;No existe;Intersección;Con baches;Buena;Diurna;Buen Tiempo;Múltiple;Ciclista;Colisión;Otro;Faltante
10349;2021;23/12/2021;Jueves;17:35:00;;0.0;3;Automóvil,Bicicleta,Moto/Ciclomotor;Estanislao Zeballos Y Mariano Moreno;4;2;0;2;0;0;Calle;ESPERANZA;Constitución;Asfalto;No existe;XI;Dentro;Urbana;Otra Señal;No existe;Intersección;Bueno;Buena;Diurna;Buen Tiempo;Múltiple;Ciclista;Colisión;Ninguna;Horizontal
10350;2021;23/12/2021;Jueves;18:55:00;;0.0;2;Moto/Ciclomotor,Automóvil;Gobernador Crespo Y José B García;4;2;0;2;0;0;Calle;ESPERANZA;Constitución;Ripio;No existe;XI;Dentro;Urbana;Otra Señal;No existe;Intersección;Bueno;Buena;Diurna;Buen Tiempo;Múltiple;S/D;Colisión;Ninguna;Vertical
10351;2021;23/12/2021;Jueves;10:30:00;;0.0;1;Moto/Ciclomotor;Rosario Y Salta;1;1;0;0;0;0;Calle;VERA;Constitución;Ripio;No existe;XIX;Dentro;Urbana;Otra Señal;No existe;Intersección;Bueno;Buena;Diurna;Buen Tiempo;Múltiple;S/D;Colisión;Fluidos;Vertical
10352;2021;23/12/2021;Jueves;02:00:00;;0.0;1;Moto/Ciclomotor;Colon Y San Martin;1;1;0;0;0;0;Calle;VERA;Constitución;Asfalto;No existe;XIX;Dentro;Urbana;Otra Señal;No existe;Intersección;Bueno;Buena;Diurna;Buen Tiempo;Múltiple;S/D;Colisión;Ninguna;Faltante
10353;2021;23/12/2021;Jueves;18:55:00;;0.0;2;Moto/Ciclomotor,Automóvil;Avenida Lassaga Y Azcuénaga;2;1;0;1;0;0;Avenida;SAN CRISTÓBAL;Constitución;Ripio;No existe;XIII;Dentro;Urbana;Otra Señal;No existe;Intersección;Con baches;Buena;Diurna;Buen Tiempo;Múltiple;S/D;Colisión;Ninguna;Faltante
10354;2021;23/12/2021;Jueves;11:20:00;;0.0;2;Pickup/Utilitario,Bicicleta;Italia Y Sarmiento;2;1;0;1;0;0;Calle;LAS ROSAS;Constitución;Asfalto;No existe;III;Dentro;Urbana;Otra Señal;No existe;Intersección;Bueno;Buena;Diurna;Buen Tiempo;Múltiple;Ciclista;Colisión;Ninguna;Faltante
10355;2021;23/12/2021;Jueves;12:50:00;;0.0;2;Moto/Ciclomotor,Automóvil;AV BELGRANO Y LIVIO DANTE PORTA;2;1;0;1;0;0;Avenida;ROSARIO;Constitución;Asfalto;No existe;II;Dentro;Urbana;Otra Señal;No existe;Intersección;Bueno;Buena;Diurna;Buen Tiempo;Múltiple;S/D;Colisión;Ninguna;Horizontal
10356;2021;23/12/2021;Jueves;19:00:00;;0.0;2;Automóvil,Moto/Ciclomotor;Córdoba 1680;2;1;0;1;0;0;Calle;ROSARIO;Constitución;Asfalto;No existe;II;Dentro;Urbana;Otra Señal;No existe;Intersección;Bueno;Buena;Diurna;Buen Tiempo;Múltiple;S/D;Colisión;Ninguna;Horizontal,Vertical