ID_Accidente;A�o;Fecha;Dia;Hopra;Ruta/Autop;km;Participantes;Tipo;Lugar;Total;Heridos Leves;Heridos Graves;Ilesos;Fallecidos;Sin datos;desc_tipo_via;desc_loc;desc_dpto;|;desc_tipo_banquina;desc_unidad_regional;desc_lugar_calzada;desc_zona;desc_prioridad;desc_estado_semaforo;desc_lugar_via;desc_estado_via;desc_estado_visibilidad;desc_luminosidad;desc_estado_clima;desc_tipo_colision;desc_tipo_atropello;desc_tipo_hecho;desc_pres_calzada;desc_senializacion
10357;2021;23/12/2021;Jueves;15:00:00;;0.0;2;Moto/Ciclomotor,Pickup/Utilitario;Av. Luis Carballo Y Ing.Thedy Bis;4;1;0;3;0;0;Avenida;ROSARIO;Constitución;Asfalto;No existe;II;Dentro;Urbana;Otra Señal;Funciona;Intersección;Bueno;Buena;Diurna;Buen Tiempo;Múltiple;S/D;Colisión;Ninguna;Horizontal,Vertical
10358;2021;23/12/2021;Jueves;11:40:00;;0.0;2;Automóvil,Pickup/Utilitario;Junín Y Monteagudo Bis;2;1;0;1;0;0;Calle;ROSARIO;Constitución;Asfalto;No existe;II;Dentro;Urbana;Otra Señal;Funciona;Intersección;Bueno;Buena;Diurna;Buen Tiempo;Múltiple;S/D;Colisión;Ninguna;Vertical
10359;2021;23/12/2021;Jueves;09:15:00;;0.0;2;Moto/Ciclomotor,Automóvil;Entre Ríos Y Pje. Newton;2;1;0;1;0;0;Calle;ROSARIO;Constitución;Asfalto;No existe;II;Dentro;Urbana;Otra Señal;No existe;Intersección;Bueno;Buena;Diurna;Buen Tiempo;Múltiple;S/D;Colisión;S/D;Faltante
10360;2021;23/12/2021;Jueves;10:00:00;Ruta Provincial 13;0.0;1;Moto/Ciclomotor;Ruta Prov. Nº 13 Y San Juan;2;1;0;1;0;0;Ruta;EL TRÉBOL;Constitución;Asfalto;Ripio;XVIII;Dentro;Urbana;Otra Señal;No existe;Intersección;Bueno;Buena;Diurna;Buen Tiempo;Múltiple;S/D;Colisión;Ninguna;Horizontal
10361;2021;23/12/2021;Jueves;08:20:00;;0.0;2;Automóvil,Bicicleta;Elorza Y Montevideo;2;1;0;1;0;0;Calle;FUNES;Constitución;Asfalto;No existe;II;Dentro;Urbana;Otra Señal;No existe;Intersección;Bueno;Buena;Diurna;Buen Tiempo;Múltiple;S/D;Colisión;Ninguna;Vertical
10362;2021;23/12/2021;Jueves;06:15:00;Ruta Nacional 11;0.0;2;Moto/Ciclomotor,Automóvil;Av. San Martin Y Viamonte;2;1;0;1;0;0;Ruta;GRANADERO BAIGORRIA;Constitución;Asfalto;No existe;II;Dentro;Urbana;Otra Señal;Funciona;Intersección;Bueno;Buena;Diurna;Buen Tiempo;Múltiple;S/D;Colisión;Ninguna;Horizontal,Vertical
10363;2021;23/12/2021;Jueves;05:40:00;;0.0;2;Moto/Ciclomotor,Moto/Ciclomotor;Brown Y Eva Perón;2;1;0;1;0;0;Calle;VILLA GOBERNADOR GÁLVEZ;Constitución;Asfalto;No existe;II;Dentro;Urbana;Otra Señal;No existe;Intersección;Bueno;Buena;Nocturna;Buen Tiempo;Múltiple;S/D;Colisión;Ninguna;Faltante
10364;2021;23/12/2021;Jueves;09:20:00;;0.0;2;Moto/Ciclomotor,Automóvil;Bolívar Y Buenos Aires;3;2;0;1;0;0;Calle;VILLA GOBERNADOR GÁLVEZ;Constitución;Asfalto;No existe;II;Dentro;Urbana;Otra Señal;No existe;Intersección;Deteriorada;Buena;Diurna;Buen Tiempo;Múltiple;S/D;Colisión;S/D;Faltante
10365;2021;23/12/2021;Jueves;15:30:00;;0.0;2;Pickup/Utilitario,Moto/Ciclomotor;Av. Filipini Y Jaures;3;2;0;1;0;0;Avenida;VILLA GOBERNADOR GÁLVEZ;Constitución;Asfalto;No existe;II;Dentro;Urbana;Otra Señal;No existe;Intersección;Bueno;Buena;Diurna;Buen Tiempo;Múltiple;S/D;Colisión;Ninguna;Faltante
10366;2021;23/12/2021;Jueves;16:00:00;;0.0;2;Moto/Ciclomotor,Automóvil;Nicaragua Y San Lorenzo;2;0;0;1;0;0;Calle;ROSARIO;Constitución;Asfalto;No existe;II;Dentro;Urbana;Otra Señal;No existe;Intersección;Bueno;Buena;Diurna;Buen Tiempo;Múltiple;S/D;Colisión;Ninguna;Faltante
10367;2021;23/12/2021;Jueves;17:10:00;;0.0;2;Automóvil,Moto/Ciclomotor;Calle 19-Habegger Y Calle 24 - Olessio;2;1;0;1;0;0;Calle;RECONQUISTA;Constitución;Asfalto;No existe;IX;Dentro;Urbana;Otra Señal;Funciona;Intersección;Bueno;Buena;Diurna;Buen Tiempo;Múltiple;S/D;Colisión;Ninguna;Horizontal,Vertical
10368;2021;23/12/2021;Jueves;23:50:00;;0.0;2;Moto/Ciclomotor,Automóvil;Calle 13-Iturraspe 580;2;1;0;1;0;0;Calle;RECONQUISTA;Constitución;Asfalto;No existe;IX;Dentro;Urbana;Otra Señal;No existe;Intersección;Bueno;S/D;Nocturna;Otro;Múltiple;S/D;Colisión;Ninguna;Faltante
10369;2021;23/12/2021;Jueves;18:05:00;;0.0;1;Automóvil;Sarmiento 600;2;2;0;0;0;0;Calle;CORONDA;Constitución;S/D;No existe;XV;Dentro;Urbana;Otra Señal;S/D;Intersección;S/D;S/D;Diurna;S/D;Múltiple;S/D;Colisión;S/D;S/D
10370;2021;23/12/2021;Jueves;17:40:00;Ruta Nacional 175;0.0;2;Automóvil,Moto/Ciclomotor;Av. San Martin Y Córdoba;2;1;0;1;0;0;Ruta;PUERTO SAN MARTÍN;Constitución;Asfalto;No existe;XVII;Dentro;Urbana;Otra Señal;No existe;Intersección;S/D;S/D;Diurna;Buen Tiempo;Múltiple;S/D;Colisión;S/D;Horizontal
10371;2021;23/12/2021;Jueves;11:05:00;;0.0;2;Pickup/Utilitario,Moto/Ciclomotor;Balcarce Y Marconico;2;1;0;1;0;0;Calle;VENADO TUERTO;Constitución;Asfalto;No existe;VIII;Dentro;Urbana;Otra Señal;No existe;Intersección;S/D;S/D;Diurna;S/D;Múltiple;S/D;Colisión;S/D;Faltante
10372;2021;23/12/2021;Jueves;12:20:00;;0.0;1;Moto/Ciclomotor;Chacabuco Y Gral. Manuel Belgrano;2;2;0;0;0;0;Calle;VENADO TUERTO;Constitución;Asfalto;No existe;VIII;Dentro;Urbana;Otra Señal;No existe;Intersección;S/D;S/D;Diurna;S/D;Múltiple;S/D;Colisión;S/D;Vertical
10373;2021;23/12/2021;Jueves;18:30:00;;0.0;2;Pickup/Utilitario,Moto/Ciclomotor;Calle 41-43 Y Pasaje 44-46;4;3;0;1;0;0;Calle;RECONQUISTA;Constitución;Asfalto;No existe;IX;Dentro;Urbana;Otra Señal;S/D;Intersección;S/D;S/D;S/D;S/D;Múltiple;S/D;Colisión;S/D;S/D
10374;2021;23/12/2021;Jueves;;;0.0;2;Taxi/Remis,Automóvil;A. Capdevila Y Quintana;4;3;0;1;0;0;Calle;CAÑADA DE GÓMEZ;Constitución;S/D;S/D;X;Dentro;Urbana;Otra Señal;S/D;Intersección;S/D;S/D;S/D;S/D;Múltiple;S/D;Colisión;S/D;S/D
10375;2021;23/12/2021;Jueves;19:00:00;;0.0;1;Moto/Ciclomotor;Navarro ;1;1;0;0;0;0;Calle;ROSARIO;Constitución;S/D;S/D;II;Dentro;Urbana;Otra Señal;S/D;Intersección;S/D;S/D;Diurna;S/D;Múltiple;S/D;Colisión;S/D;S/D
10376;2021;23/12/2021;Jueves;18:30:00;;0.0;1;Moto/Ciclomotor;Pte. Quintana Y Ayacucho;1;1;0;0;0;0;Calle;ROSARIO;Constitución;Asfalto;No existe;II;Dentro;Urbana;Otra Señal;No existe;Intersección;Bueno;S/D;Diurna;S/D;Múltiple;S/D;Colisión;Ninguna;Faltante
10377;2021;23/12/2021;Jueves;10:45:00;;0.0;1;Automóvil;Bv Pellegrini ;2;1;0;0;0;1;Calle;ROLDÁN;Constitución;S/D;S/D;XVII;Dentro;Urbana;Otra Señal;S/D;Intersección;S/D;S/D;Diurna;S/D;Múltiple;S/D;Colisión;S/D;S/D
10378;2021;23/12/2021;Jueves;08:30:00;;0.0;1;Moto/Ciclomotor;Bv. Seguí Y Constitución;1;1;0;0;0;0;Calle;ROSARIO;Constitución;Asfalto;No existe;II;Dentro;Urbana;Otra Señal;No existe;Intersección;Bueno;S/D;Diurna;S/D;Múltiple;S/D;Colisión;Ninguna;Horizontal
10379;2021;23/12/2021;Jueves;12:00:00;;0.0;1;Moto/Ciclomotor; ;1;1;0;0;0;0;Calle;ROSARIO;Constitución;S/D;S/D;II;Dentro;Urbana;Otra Señal;S/D;Intersección;S/D;S/D;Diurna;S/D;Múltiple;S/D;Colisión;S/D;S/D
10380;2021;23/12/2021;Jueves;13:45:00;;0.0;2;Moto/Ciclomotor,Moto/Ciclomotor;27 de Febrero Y Mariano Moreno;2;1;0;0;0;0;Calle;ESPERANZA;Constitución;Asfalto;No existe;XI;Dentro;Urbana;Otra Señal;No existe;Intersección;Bueno;Buena;Diurna;Buen Tiempo;Múltiple;S/D;Colisión;Ninguna;Vertical
10381;2021;23/12/2021;Jueves;;Ruta Nacional 11;0.0;2;Moto/Ciclomotor,Automóvil;Av. L de la Torre-Ruta Nac 11 Y Gral. López;2;0;0;1;0;0;Ruta;CORONDA;San JERÓNIMO;Asfalto;No existe;XV;Dentro;Urbana;Otra Señal;No existe;Intersección;S/D;S/D;S/D;S/D;Múltiple;S/D;Colisión;S/D;Faltante
10382;2021;23/12/2021;Jueves;04:20:00;Autopista Provincial Brigadier E.LÓPEZ;0.0;2;Camión c / Acoplado,Automóvil; ;3;0;0;1;0;0;Autopista;ROSARIO;Rosario;Asfalto;Pavimento;II;Dentro;Urbana;Otra Señal;No existe;Intersección;Bueno;Buena;Nocturna;Buen Tiempo;S/D;S/D;Colisión;Ninguna;Horizontal
10383;2021;24/12/2021;Viernes;02:55:00;Ruta Nacional 34;108.0;2;Automóvil,Transporte de Pasajeros Larga Distancia (Doble Piso); ;2;0;0;1;1;0;Ruta;LAS BANDURRIAS;San MARTÍN;Asfalto;Natural;XVIII;Dentro;Rural;Otra Señal;No existe;Intersección;Bueno;Reducida;Nocturna;Buen Tiempo;Múltiple;S/D;Colisión;Ninguna;Faltante
10384;2021;24/12/2021;Viernes;15:00:00;Autopista Provincial Brigadier E.LÓPEZ;3.0;2;Peatón,Automóvil; ;3;0;0;2;1;0;Autopista;GRANADERO BAIGORRIA;Rosario;Asfalto;Ripio;II;S/D;Rural;Otra Señal;No existe;Intersección;Bueno;Buena;Diurna;Buen Tiempo;Múltiple;Peatón;Colisión;Ninguna;Faltante
10385;2021;24/12/2021;Viernes;15:30:00;;0.0;2;Moto/Ciclomotor,Automóvil;Estanislao Zeballos Y San Martin;2;1;0;1;0;0;Calle;SANTA FE;Constitución;Asfalto;No existe;I;Dentro;Urbana;Otra Señal;No existe;Intersección;Bueno;Buena;Diurna;Buen Tiempo;Múltiple;S/D;Colisión;Ninguna;Faltante
10386;2021;24/12/2021;Viernes;22:40:00;Ruta Nacional 11;0.0;1;Moto/Ciclomotor;Austria Y Ruta Nac 11 Av. Gral. López;2;1;0;1;0;0;Ruta;SAUCE VIEJO;Constitución;Asfalto;Ripio;I;Dentro;Urbana;Otra Señal;No existe;Intersección;Bueno;Buena;Nocturna;S/D;Múltiple;S/D;Colisión;Ninguna;Horizontal
10387;2021;24/12/2021;Viernes;22:00:00;;0.0;2;Automóvil,Peatón;Formosa Y Hipólito Irigoyen;2;1;0;1;0;0;Calle;SANTO TOMÉ;Constitución;Asfalto;No existe;I;Dentro;Urbana;Otra Señal;No existe;Intersección;Bueno;Buena;Nocturna;Buen Tiempo;Múltiple;Peatón;Colisión;Ninguna;Faltante
10388;2021;24/12/2021;Viernes;22:10:00;Ruta Nacional 11;0.0;2;Moto/Ciclomotor,Automóvil;Juan Diaz De Solís Y Ruta Nac 11;2;1;0;1;0;0;Ruta;SAUCE VIEJO;Constitución;Asfalto;Natural;I;Dentro;Urbana;Otra Señal;No existe;Intersección;Bueno;Buena;Nocturna;Buen Tiempo;Múltiple;S/D;Colisión;Ninguna;Horizontal
10389;2021;24/12/2021;Viernes;09:50:00;;0.0;2;Moto/Ciclomotor,Automóvil;Gregorio Donnet Y Rafaela;2;1;0;1;0;0;Calle;ESPERANZA;Constitución;Asfalto;No existe;XI;Dentro;Urbana;Otra Señal;No existe;Intersección;Bueno;Buena;Diurna;Buen Tiempo;Múltiple;S/D;Colisión;Ninguna;Faltante
10390;2021;24/12/2021;Viernes;18:55:00;;0.0;2;Pickup/Utilitario,Moto/Ciclomotor;La Vuelta de Obligado Y Tucumán;3;1;0;2;0;0;Calle;TOSTADO;Constitución;Asfalto;No existe;XII;Dentro;Urbana;Otra Señal;No existe;Intersección;Bueno;Buena;Diurna;Buen Tiempo;Múltiple;S/D;Colisión;Ninguna;Faltante
10391;2021;24/12/2021;Viernes;03:15:00;;0.0;2;Moto/Ciclomotor,Automóvil;Bv C Pellegrini Y Gdor. Cabal;2;1;0;1;0;0;Avenida;SAN JUSTO;Constitución;Asfalto;No existe;XVI;Dentro;Urbana;Otra Señal;No existe;Intersección;Bueno;S/D;Nocturna;Buen Tiempo;Múltiple;S/D;Colisión;Ninguna;Faltante
10392;2021;24/12/2021;Viernes;21:00:00;Ruta Nacional 11;0.0;2;Moto/Ciclomotor,Automóvil;Buenos Aires Y Ruta 11 Avenida Richieri;3;2;0;1;0;0;Ruta;SANTO TOMÉ;Constitución;Ripio;No existe;I;Dentro;Urbana;Otra Señal;No existe;Intersección;Bueno;Buena;Nocturna,Con luz artificial;Buen Tiempo;Múltiple;S/D;Colisión;Ninguna;Faltante
10393;2021;24/12/2021;Viernes;23:50:00;;0.0;2;Pickup/Utilitario,Automóvil;3 de febrero Y 12 de septiembre;8;3;0;5;0;0;Calle;SANTO TOMÉ;Constitución;Ripio;No existe;I;Dentro;Urbana;Otra Señal;No existe;Intersección;Bueno;Buena;Nocturna;Buen Tiempo;Múltiple;S/D;Colisión;Ninguna;Faltante
10394;2021;24/12/2021;Viernes;14:00:00;;0.0;2;Moto/Ciclomotor,Moto/Ciclomotor;Amenábar Y Avellaneda;2;2;0;0;0;0;Calle;CERES;Constitución;Ripio;No existe;XIII;Dentro;Urbana;Otra Señal;No existe;Intersección;Bueno;Buena;Diurna;Buen Tiempo;Múltiple;S/D;Colisión;Material Suelto;Faltante
10395;2021;24/12/2021;Viernes;;Ruta Nacional 11;0.0;2;Automóvil,Moto/Ciclomotor;Juan De Garay Y Rivadavia;2;1;0;1;0;0;Ruta;CALCHAQUÍ;Constitución;Asfalto;Ripio;XIX;Dentro;Urbana;Otra Señal;No existe;Intersección;Bueno;Buena;Diurna;S/D;Múltiple;S/D;Colisión;Ninguna;Horizontal
10396;2021;24/12/2021;Viernes;16:10:00;;0.0;2;Moto/Ciclomotor,Automóvil;Dr. Rivas Y Mariano Moreno;2;1;0;1;0;0;Calle;ROSARIO;Constitución;Asfalto;No existe;II;Dentro;Urbana;Otra Señal;No existe;Intersección;Bueno;Buena;Diurna;Buen Tiempo;Múltiple;S/D;Colisión;Ninguna;Faltante
10397;2021;24/12/2021;Viernes;18:30:00;;0.0;2;Moto/Ciclomotor,Automóvil;Bv Lisandro de la Torre Y Gral. Lamadrid;2;1;0;1;0;0;Avenida;SAN JORGE;Constitución;Asfalto;No existe;XVIII;Dentro;Urbana;Otra Señal;No existe;Intersección;Bueno;Buena;Atardecer;Buen Tiempo;Múltiple;S/D;Colisión;Ninguna;Faltante
10398;2021;24/12/2021;Viernes;15:20:00;;0.0;2;Bicicleta,Automóvil;F.More Y Junín;2;1;0;1;0;0;Calle;ROSARIO;Constitución;Asfalto;No existe;II;Dentro;Urbana;Otra Señal;No existe;Intersección;Bueno;Buena;Diurna;Buen Tiempo;Múltiple;Ciclista;Colisión;Ninguna;Faltante
10399;2021;24/12/2021;Viernes;12:25:00;;0.0;1;Moto/Ciclomotor;ALBERDI  Y RIVADAVIA;2;2;0;0;0;0;Calle;PUEBLO ESTHER;Constitución;Asfalto;No existe;II;Dentro;Urbana;Otra Señal;No existe;Intersección;Bueno;Buena;Diurna;Buen Tiempo;Múltiple;S/D;Colisión;Ninguna;Faltante
10400;2021;24/12/2021;Viernes;;;0.0;2;Moto/Ciclomotor,Pickup/Utilitario;Cafferata 8400;5;2;0;3;0;0;Calle;SANTA FE;Constitución;Asfalto;No existe;I;Dentro;Urbana;Otra Señal;No existe;Intersección;S/D;S/D;S/D;S/D;Múltiple;S/D;Colisión;S/D;Faltante
10401;2021;24/12/2021;Viernes;;;0.0;2;Moto/Ciclomotor,Taxi/Remis;Av. Facundo Zuviria Y Pje Irala;3;1;0;2;0;0;Avenida;SANTA FE;Constitución;Asfalto;No existe;I;Dentro;Urbana;Otra Señal;No existe;Intersección;S/D;S/D;S/D;S/D;Múltiple;S/D;Colisión;S/D;Vertical
10402;2021;24/12/2021;Viernes;;;0.0;2;Pickup/Utilitario,Moto/Ciclomotor;Doctor Estanislao Zeballos Sev Y España;2;1;0;1;0;0;Calle;CASILDA;Constitución;Asfalto;No existe;IV;Dentro;Urbana;Otra Señal;No existe;Intersección;S/D;S/D;S/D;S/D;Múltiple;S/D;Colisión;S/D;Faltante
10403;2021;24/12/2021;Viernes;02:30:00;;0.0;2;Automóvil,Moto/Ciclomotor;Cnel. Rodríguez Y España;2;1;0;1;0;0;Calle;CORONDA;Constitución;Asfalto;No existe;XV;Dentro;Urbana;Otra Señal;No existe;Intersección;S/D;S/D;Nocturna;S/D;Múltiple;S/D;Colisión;S/D;Faltante
10404;2021;24/12/2021;Viernes;15:50:00;;0.0;2;Moto/Ciclomotor,Moto/Ciclomotor;España Y San Martin;3;2;0;1;0;0;Calle;GÁLVEZ;Constitución;Asfalto;No existe;XV;Dentro;Urbana;Otra Señal;No existe;Intersección;S/D;S/D;Diurna;S/D;Múltiple;S/D;Colisión;S/D;Faltante
10405;2021;24/12/2021;Viernes;21:10:00;Ruta Nacional 11;440.0;2;Moto/Ciclomotor,Automóvil; ;4;1;0;3;0;0;Ruta;DESVÍO ARIJÓN;Constitución;Asfalto;Pavimento;XV;Dentro;Rural;Otra Señal;No existe;Intersección;S/D;S/D;Nocturna;S/D;Múltiple;S/D;Colisión;S/D;Horizontal
10406;2021;24/12/2021;Viernes;19:45:00;;0.0;2;Automóvil,Moto/Ciclomotor;Adolfo Alsina Y Gral. Roca;2;1;0;1;0;0;Calle;CARLOS PELLEGRINI;Constitución;Asfalto;No existe;XVIII;Dentro;Urbana;Otra Señal;No existe;Intersección;S/D;S/D;Nocturna;S/D;Múltiple;S/D;Colisión;S/D;Faltante
10407;2021;24/12/2021;Viernes;15:15:00;;0.0;1;Automóvil;Dante Alighieri 900;1;1;0;0;0;0;Calle;VENADO TUERTO;Constitución;Asfalto;S/D;VIII;Dentro;Urbana;Otra Señal;No existe;Intersección;S/D;S/D;Diurna;S/D;Múltiple;S/D;Colisión;S/D;Faltante
10408;2021;24/12/2021;Viernes;12:15:00;;0.0;1;Moto/Ciclomotor;Av. Uriburu Y Av. Francia;1;1;0;0;0;0;Calle;ROSARIO;Constitución;Asfalto;No existe;II;Dentro;Urbana;Otra Señal;Funciona;Intersección;Bueno;S/D;Diurna;S/D;Múltiple;S/D;Colisión;Ninguna;Horizontal,Vertical
10409;2021;24/12/2021;Viernes;12:00:00;;0.0;1;Moto/Ciclomotor;F.More Y Av. Pellegrini;1;1;0;0;0;0;Calle;ROSARIO;Constitución;Asfalto;No existe;II;Dentro;Urbana;Otra Señal;Funciona;Intersección;Bueno;S/D;Diurna;S/D;Múltiple;S/D;Colisión;Ninguna;Horizontal,Vertical
10410;2021;24/12/2021;Viernes;03:30:00;Ruta Nacional A008;0.0;1;Moto/Ciclomotor;Av. Circunvalación ;1;1;0;0;0;0;Ruta;ROSARIO;Constitución;S/D;S/D;II;Dentro;Urbana;Otra Señal;S/D;Intersección;S/D;S/D;Nocturna;S/D;Múltiple;S/D;Colisión;S/D;S/D
10411;2021;24/12/2021;Viernes;21:45:00;;0.0;2;Automóvil,Moto/Ciclomotor;Urquiza Y Mitre;2;0;0;1;0;0;Calle;PIAMONTE;Constitución;Asfalto;No existe;XVIII;Dentro;Urbana;Otra Señal;No existe;Intersección;Bueno;Buena;Nocturna;Buen Tiempo;Múltiple;S/D;Colisión;Ninguna;Horizontal,Vertical
10412;2021;24/12/2021;Viernes;20:45:00;;0.0;2;Automóvil,Automóvil;Junín Y Tte.Agneta Bis;2;0;0;1;0;0;Calle;ROSARIO;Rosario;Asfalto;No existe;II;Dentro;Urbana;Otra Señal;No existe;Intersección;S/D;S/D;Nocturna;S/D;Múltiple;S/D;Colisión;S/D;Faltante
10413;2021;24/12/2021;Viernes;;;0.0;2;Moto/Ciclomotor,Pickup/Utilitario;Runciman Y Turner S;3;1;0;1;0;0;Calle;VENADO TUERTO;General LÓPEZ;Asfalto;No existe;VIII;Dentro;Urbana;Otra Señal;No existe;Intersección;S/D;S/D;S/D;S/D;Múltiple;S/D;Colisión;S/D;Faltante
10414;2021;24/12/2021;Viernes;13:05:00;;0.0;2;Moto/Ciclomotor,Automóvil;Coronel Dorrego Y Maestros Argentinos;2;0;0;1;0;0;Calle;VENADO TUERTO;General LÓPEZ;S/D;S/D;VIII;Dentro;Urbana;Otra Señal;S/D;Intersección;S/D;S/D;Diurna;S/D;Múltiple;S/D;Colisión;S/D;S/D
10415;2021;24/12/2021;Viernes;00:35:00;Ruta Nacional 11;0.0;2;Automóvil,Moto/Ciclomotor;Calle 23-Gral López Y Ruta Nacional 11;3;0;0;1;0;0;Ruta;RECONQUISTA;General Obligado;Asfalto;Ripio;IX;Dentro;Urbana;Paso Peatonal;No existe;Intersección;Bueno;S/D;Nocturna;S/D;S/D;S/D;Colisión;S/D;Horizontal,Vertical
10416;2021;25/12/2021;Sabado;01:50:00;Ruta Nacional 175;1.8;2;Moto/Ciclomotor,Automóvil;Córdoba Y Reconquista;4;2;0;0;2;0;Ruta;PUERTO SAN MARTÍN;San Lorenzo;Asfalto;No existe;XVII;S/D;Urbana;Otra Señal;No existe;Intersección;Bueno;S/D;Nocturna;S/D;Múltiple;S/D;Colisión;Ninguna;Horizontal
10417;2021;25/12/2021;Sabado;13:00:00;;0.0;2;Automóvil,Automóvil;Hernandarias Y San Jerónimo;2;1;0;1;0;0;Calle;SANTA FE;Constitución;Asfalto;No existe;I;Dentro;Urbana;Otra Señal;No existe;Intersección;Bueno;Buena;Diurna;Buen Tiempo;Múltiple;S/D;Colisión;Ninguna;S/D
10418;2021;25/12/2021;Sabado;05:00:00;;0.0;1;Automóvil;Av. Almte. Brown 6000;1;1;0;0;0;0;Avenida;SANTA FE;Constitución;Asfalto;No existe;I;Dentro;Urbana;Otra Señal;No existe;Intersección;Bueno;Buena;Diurna;Buen Tiempo;Múltiple;S/D;Colisión;Ninguna;Horizontal
10419;2021;25/12/2021;Sabado;06:00:00;Ruta Secundaria 80-s;0.0;1;Automóvil; ;2;2;0;0;0;0;Ruta;COLONIA RAQUEL;Constitución;Ripio,Arena;Natural;I;Dentro;Rural;Otra Señal;No existe;Intersección;Con baches,Ahuellamiento;Reducida polvo;Amanecer;Buen Tiempo;Múltiple;S/D;Colisión;Ninguna;Faltante
10420;2021;25/12/2021;Sabado;04:50:00;Ruta Provincial 2;0.0;1;Automóvil; ;2;2;0;0;0;0;Ruta;TOSTADO;Constitución;Asfalto;Natural;XII;Dentro;Urbana;Otra Señal;No existe;Intersección;Bueno;Buena;Nocturna;Buen Tiempo;Múltiple;S/D;Colisión;Ninguna;Horizontal
10421;2021;25/12/2021;Sabado;09:00:00;;0.0;1;Moto/Ciclomotor;SAN JUAN Y SAN LUIS;1;1;0;0;0;0;Calle;PROGRESO;Constitución;Asfalto;No existe;XI;Dentro;Urbana;Otra Señal;No existe;Intersección;Bueno;Buena;Amanecer;Buen Tiempo;Múltiple;S/D;Colisión;Ninguna;Faltante
10422;2021;25/12/2021;Sabado;13:00:00;;0.0;2;Automóvil,Automóvil;Ituzaingó Y 1 de Mayo;4;1;0;3;0;0;Calle;ROSARIO;Constitución;Asfalto;No existe;II;Dentro;Urbana;Otra Señal;No existe;Intersección;Bueno;Buena;Diurna;Buen Tiempo;Múltiple;S/D;Colisión;Ninguna;Faltante
10423;2021;25/12/2021;Sabado;03:05:00;Ruta Nacional 11;0.0;2;Moto/Ciclomotor,Automóvil;B de Tucumán Y Ruta Nacional 11;3;3;0;0;0;0;Ruta;SAN JUSTO;Constitución;Asfalto;Pavimento;XVI;Dentro;Urbana;Otra Señal;No existe;Intersección;Bueno;Buena;Nocturna;Buen Tiempo;Múltiple;S/D;Colisión;Ninguna;Horizontal
10424;2021;25/12/2021;Sabado;10:30:00;;0.0;2;Automóvil,Moto/Ciclomotor;Agustín Justo Y Luis Chiarra;3;1;0;2;0;0;Calle;CALCHAQUÍ;Constitución;Asfalto;No existe;XIX;Dentro;Urbana;Otra Señal;No existe;Intersección;S/D;Buena;Diurna;Buen Tiempo;Múltiple;S/D;Colisión;S/D;S/D
10425;2021;25/12/2021;Sabado;01:20:00;;0.0;2;Moto/Ciclomotor,Automóvil;Almirante Leandro N Alem Y Santa Fe;3;1;0;2;0;0;Calle;TORTUGAS;Constitución;Asfalto;No existe;III;Dentro;Urbana;Otra Señal;No existe;Intersección;Bueno;Buena;Nocturna,Con luz artificial;Buen Tiempo;Múltiple;S/D;Colisión;Ninguna;Faltante
10426;2021;25/12/2021;Sabado;11:35:00;;0.0;2;Automóvil,Camión;Av. Leandro Alem Y Vélez Sarsfield;3;1;0;2;0;0;Avenida;SANTA FE;Constitución;Asfalto;No existe;I;Dentro;Urbana;Otra Señal;Funciona;Intersección;Bueno;Buena;Diurna;Buen Tiempo;Múltiple;S/D;Colisión;Ninguna;Horizontal,Vertical
10427;2021;25/12/2021;Sabado;16:30:00;;0.0;2;Peatón,Moto/Ciclomotor;Campbell Bis 1400;3;1;0;0;0;2;Calle;ROSARIO;Constitución;Asfalto;No existe;II;Dentro;Urbana;Otra Señal;No existe;Intersección;Bueno;Buena;Diurna;Buen Tiempo;Múltiple;Peatón;Colisión;Ninguna;Horizontal
10428;2021;25/12/2021;Sabado;09:00:00;Ruta Nacional 34;0.0;2;Automóvil,Automóvil;RUTA 34S ;8;2;0;6;0;0;Ruta;IBARLUCEA;Constitución;Tierra,Ripio;No existe;II;Dentro;Urbana;Otra Señal;No existe;Intersección;Bueno;Buena;Diurna;Buen Tiempo;Múltiple;S/D;Colisión;Ninguna;Horizontal,Vertical
10429;2021;25/12/2021;Sabado;09:45:00;;0.0;2;Automóvil,Automóvil;Malvinas Argentinas Y San Martin;3;1;0;2;0;0;Avenida;CARCARAÑÁ;Constitución;Asfalto;No existe;XVII;Dentro;Urbana;Otra Señal;No existe;Intersección;Bueno;Buena;Diurna;Buen Tiempo;Múltiple;S/D;Colisión;Ninguna;Faltante