ID_Accidente;A�o;Fecha;Dia;Hopra;Ruta/Autop;km;Participantes;Tipo;Lugar;Total;Heridos Leves;Heridos Graves;Ilesos;Fallecidos;Sin datos;desc_tipo_via;desc_loc;desc_dpto;|;desc_tipo_banquina;desc_unidad_regional;desc_lugar_calzada;desc_zona;desc_prioridad;desc_estado_semaforo;desc_lugar_via;desc_estado_via;desc_estado_visibilidad;desc_luminosidad;desc_estado_clima;desc_tipo_colision;desc_tipo_atropello;desc_tipo_hecho;desc_pres_calzada;desc_senializacion
10430;2021;25/12/2021;Sabado;16:55:00;;0.0;2;Pickup/Utilitario,Moto/Ciclomotor;J J Paso Y Quiroga;2;1;0;1;0;0;Calle;FRAY LUIS BELTRÁN;Constitución;Asfalto,Ripio;No existe;XVII;Dentro;Urbana;Otra Señal;No existe;Intersección;Bueno;Buena;Diurna;Buen Tiempo;Múltiple;S/D;Colisión;Ninguna;S/D
10431;2021;25/12/2021;Sabado;20:00:00;;0.0;2;Otros,Automóvil;Florida Y Jujuy;2;1;0;1;0;0;Calle;CAPITÁN BERMÚDEZ;Constitución;Asfalto;No existe;XVII;Dentro;Urbana;Otra Señal;No existe;Intersección;Bueno;S/D;Nocturna;S/D;Múltiple;S/D;Colisión;Ninguna;Faltante
10432;2021;25/12/2021;Sabado;15:05:00;Autopista Provincial Brigadier E.LÓPEZ;69.0;1;Moto/Ciclomotor; ;1;1;0;0;0;0;Autopista;MONJE;Constitución;Asfalto;Natural;XV;Dentro;Rural;Otra Señal;No existe;Intersección;Deteriorada;S/D;Diurna;S/D;Múltiple;S/D;Colisión;S/D;Faltante
10433;2021;25/12/2021;Sabado;16:50:00;;0.0;2;Pickup/Utilitario,Moto/Ciclomotor;Balcarce Y Urquiza;3;1;0;2;0;0;Calle;ROSARIO;Constitución;Asfalto;No existe;II;Dentro;Urbana;Otra Señal;No existe;Intersección;Bueno;S/D;Diurna;Buen Tiempo;Múltiple;S/D;Colisión;Ninguna;Horizontal,Vertical
10434;2021;25/12/2021;Sabado;;;0.0;1;Moto/Ciclomotor;4 de Enero Y La Rioja;2;1;0;1;0;0;Calle;SANTA FE;Constitución;Asfalto;No existe;I;Dentro;Urbana;Otra Señal;No existe;Intersección;Resbaladiza;S/D;S/D;S/D;Múltiple;S/D;Colisión;Fluidos;Horizontal
10435;2021;25/12/2021;Sabado;15:00:00;Autopista Nacional A007;0.0;1;Moto/Ciclomotor;Mendoza ;3;3;0;0;0;0;Autopista;SANTA FE;Constitución;Asfalto;Ripio;I;Dentro;Urbana;Otra Señal;No existe;Intersección;Bueno;S/D;Diurna;S/D;Múltiple;S/D;Colisión;S/D;Horizontal
10436;2021;25/12/2021;Sabado;12:15:00;Ruta Nacional 8;0.0;2;Automóvil,Moto/Ciclomotor;Nicolas Avellaneda Y Ruta Nac 8;2;1;0;1;0;0;Ruta;VENADO TUERTO;Constitución;Asfalto;Pavimento;VIII;Dentro;Urbana;Otra Señal;S/D;Intersección;S/D;S/D;Diurna;S/D;Múltiple;S/D;Colisión;S/D;Horizontal,Vertical
10437;2021;25/12/2021;Sabado;00:00:00;;0.0;1;Moto/Ciclomotor;Av. Ovidio Lagos 2900;1;1;0;0;0;0;Calle;ROSARIO;Constitución;Asfalto;No existe;II;Dentro;Urbana;Otra Señal;Funciona;Intersección;Bueno;S/D;Nocturna;S/D;Múltiple;S/D;Colisión;Ninguna;Horizontal,Vertical
10438;2021;25/12/2021;Sabado;00:00:00;;0.0;1;Moto/Ciclomotor;DR. MEDINA 6300;1;1;0;0;0;0;Calle;ROSARIO;Constitución;Asfalto;No existe;II;Dentro;Urbana;Otra Señal;No existe;Intersección;Bueno;S/D;Nocturna;S/D;Múltiple;S/D;Colisión;Ninguna;Faltante
10439;2021;25/12/2021;Sabado;00:00:00;;0.0;1;Moto/Ciclomotor; ;1;1;0;0;0;0;S/D;ROSARIO;Constitución;S/D;S/D;II;S/D;S/D;Otra Señal;S/D;Intersección;S/D;S/D;Nocturna;S/D;Múltiple;S/D;Colisión;S/D;S/D
10440;2021;25/12/2021;Sabado;01:00:00;;0.0;2;Automóvil,Moto/Ciclomotor;Maipú Y Saavedra;2;0;0;1;0;0;Calle;TOSTADO;Constitución;Asfalto;No existe;XI;Dentro;Urbana;Otra Señal;No existe;Intersección;Bueno;Buena;Nocturna;Buen Tiempo;Múltiple;S/D;Colisión;Ninguna;Faltante
10441;2021;25/12/2021;Sabado;08:00:00;Ruta Nacional 11;418.0;1;Automóvil; ;1;0;0;0;0;0;Ruta;CORONDA;San JERÓNIMO;Asfalto;Natural;XV;Fuera;Rural;Otra Señal;No existe;Intersección;Bueno;Buena;Diurna;S/D;Múltiple;S/D;Colisión;Ninguna;Horizontal
10442;2021;26/12/2021;Domingo;03:30:00;Ruta Provincial 2;23.0;1;Pickup/Utilitario; ;2;1;0;0;1;0;Ruta;LAGUNA PAIVA;La Capital;Asfalto;Natural;I;Fuera;Rural;Otra Señal;No existe;Intersección;Bueno;S/D;Nocturna;Buen Tiempo;Múltiple;S/D;Colisión;Ninguna;Horizontal,Vertical
10443;2021;26/12/2021;Domingo;12:00:00;;0.0;1;Moto/Ciclomotor;Juan José Castelli 4400;1;0;0;0;1;0;Calle;SANTO TOMÉ;La Capital;Tierra;No existe;I;S/D;Urbana;Otra Señal;No existe;Intersección;Otro;S/D;Diurna;Buen Tiempo;Múltiple;S/D;Colisión;Ninguna;Faltante
10444;2021;26/12/2021;Domingo;12:50:00;;0.0;1;Moto/Ciclomotor; ;1;1;0;0;0;0;S/D;SAUCE VIEJO;Constitución;S/D;S/D;I;S/D;S/D;Otra Señal;S/D;Intersección;S/D;S/D;Diurna;S/D;Múltiple;S/D;Colisión;S/D;S/D
10445;2021;26/12/2021;Domingo;;Ruta Provincial 6;0.0;1;Moto/Ciclomotor;Av. Los Colonizadores ;2;2;0;0;0;0;Ruta;ESPERANZA;Constitución;Asfalto;No existe;XI;Dentro;Urbana;Otra Señal;Funciona;Intersección;Bueno;Buena;Nocturna;Buen Tiempo;Múltiple;S/D;Colisión;Ninguna;Vertical
10446;2021;26/12/2021;Domingo;10:55:00;;0.0;2;Automóvil,Moto/Ciclomotor;Belgrano Manuel Y Córdoba;2;1;0;1;0;0;Avenida;SAN CARLOS CENTRO;Constitución;Asfalto;No existe;XI;Dentro;Urbana;Otra Señal;No existe;Intersección;Bueno;Buena;Diurna;Buen Tiempo;Múltiple;S/D;Colisión;Ninguna;Faltante
10447;2021;26/12/2021;Domingo;09:30:00;;0.0;2;Moto/Ciclomotor,Pickup/Utilitario;Amenábar Y Italia;2;1;0;1;0;0;Calle;ROSARIO;Constitución;Asfalto;No existe;II;Dentro;Urbana;Otra Señal;No existe;Intersección;Bueno;Buena;Diurna;Buen Tiempo;Múltiple;S/D;Colisión;Ninguna;Vertical
10448;2021;26/12/2021;Domingo;13:30:00;Ruta Nacional 168;0.0;2;Transporte de Pasajeros (H/ 8 asientos),Pickup/Utilitario; ;3;2;0;1;0;0;Ruta;SANTA FE;Constitución;Hormigón;No existe;I;Dentro;Urbana;Otra Señal;No existe;Intersección;Bueno;Buena;Diurna;Buen Tiempo;Múltiple;S/D;Colisión;Ninguna;Horizontal
10449;2021;26/12/2021;Domingo;01:45:00;;0.0;2;Automóvil,Moto/Ciclomotor;Lavalle 10;2;1;0;1;0;0;Calle;ROSARIO;Constitución;Asfalto;No existe;II;Dentro;Urbana;Otra Señal;No existe;Intersección;Bueno;Buena;Nocturna;Buen Tiempo;Múltiple;S/D;Colisión;Ninguna;Horizontal
10450;2021;26/12/2021;Domingo;01:00:00;;0.0;2;Automóvil,Moto/Ciclomotor;Mariano Moreno Y Mendoza;2;1;0;1;0;0;Calle;ROSARIO;Constitución;Asfalto;No existe;II;Dentro;Urbana;Otra Señal;No existe;Intersección;Bueno;Buena;Nocturna;Buen Tiempo;Múltiple;S/D;Colisión;Ninguna;Horizontal
10451;2021;26/12/2021;Domingo;22:30:00;;0.0;2;Moto/Ciclomotor,Bicicleta;E Bordabehere Y Remedios Escalada;4;2;0;2;0;0;Calle;SAN JORGE;Constitución;Asfalto;No existe;XVIII;Dentro;Urbana;Otra Señal;No existe;Intersección;Bueno;Buena;Nocturna;Buen Tiempo;Múltiple;Ciclista;Colisión;Ninguna;Faltante
10452;2021;26/12/2021;Domingo;19:00:00;;0.0;2;Bicicleta,Automóvil;J.J.Paso Y Roullon;2;1;0;0;0;1;Avenida;ROSARIO;Constitución;Asfalto;No existe;II;Dentro;Urbana;Otra Señal;No existe;Intersección;Bueno;Buena;Diurna;Buen Tiempo;Múltiple;Ciclista;Colisión;Ninguna;Horizontal
10453;2021;26/12/2021;Domingo;17:00:00;Autopista Provincial Brigadier E.LÓPEZ;0.0;1;Automóvil; ;2;1;0;1;0;0;Autopista;SAN FABIÁN;Constitución;Asfalto;Natural;XV;Dentro;Rural;Otra Señal;No existe;Intersección;Bueno;S/D;Diurna;S/D;Múltiple;S/D;Colisión;Ninguna;Horizontal
10454;2021;26/12/2021;Domingo;18:30:00;Ruta Provincial 3;302.0;1;Automóvil; ;4;3;0;1;0;0;Ruta;GARABATO;Constitución;Asfalto;Natural;XIX;Fuera;Urbana;Otra Señal;No existe;Intersección;Bueno;Buena;Diurna;S/D;Múltiple;S/D;Colisión;Ninguna;Horizontal
10455;2021;26/12/2021;Domingo;;;0.0;1;Moto/Ciclomotor;San Martin Y Tucumán;1;1;0;0;0;0;Calle;CALCHAQUÍ;Constitución;S/D;S/D;XIX;Dentro;Urbana;Otra Señal;S/D;Intersección;S/D;S/D;S/D;S/D;Múltiple;S/D;Colisión;S/D;S/D
10456;2021;26/12/2021;Domingo;07:45:00;;0.0;1;Automóvil; ;1;1;0;0;0;0;Calle;CARCARAÑÁ;Constitución;S/D;S/D;XVII;Fuera;Urbana;Otra Señal;S/D;Intersección;S/D;S/D;Diurna;S/D;Múltiple;S/D;Colisión;S/D;S/D
10457;2021;26/12/2021;Domingo;12:20:00;;0.0;2;Moto/Ciclomotor,Automóvil;Gral. Manuel Belgrano Y Quintana;2;1;0;1;0;0;Calle;VENADO TUERTO;Constitución;Asfalto;No existe;VIII;Dentro;Urbana;Otra Señal;No existe;Intersección;Bueno;S/D;S/D;S/D;Múltiple;S/D;Colisión;S/D;Faltante
10458;2021;26/12/2021;Domingo;12:45:00;Ruta Secundaria 89-s;58.0;1;Automóvil; ;4;4;0;0;0;0;Ruta;FLORENCIA;Constitución;Ripio;Natural;IX;Dentro;Rural;Otra Señal;S/D;Intersección;S/D;S/D;S/D;S/D;Múltiple;S/D;Colisión;S/D;S/D
10459;2021;26/12/2021;Domingo;;;0.0;1;Moto/Ciclomotor;Av. Irigoyen Y E Echeverria;2;2;0;0;0;0;Avenida;SUNCHALES;Constitución;Asfalto;No existe;V;Dentro;Urbana;Otra Señal;No existe;Intersección;Bueno;S/D;S/D;S/D;Múltiple;S/D;Colisión;Ninguna;Faltante
10460;2021;26/12/2021;Domingo;;;0.0;2;Moto/Ciclomotor,Moto/Ciclomotor;E Zeballos Y J V González;2;2;0;0;0;0;Calle;SUNCHALES;Constitución;Asfalto;No existe;V;Dentro;Urbana;Otra Señal;No existe;Intersección;Bueno;S/D;S/D;S/D;Múltiple;S/D;Colisión;S/D;S/D
10461;2021;26/12/2021;Domingo;;;0.0;2;Tren,Peatón;PERÓN ;2;1;0;1;0;0;Calle;PUEBLO ESTHER;Constitución;S/D;S/D;II;Dentro;Urbana;Otra Señal;S/D;Intersección;S/D;S/D;S/D;S/D;Múltiple;Peatón;Colisión;S/D;S/D
10462;2021;26/12/2021;Domingo;12:00:00;;0.0;1;Bicicleta;Santa Fe Y Solís;1;1;0;0;0;0;Calle;ROSARIO;Constitución;Asfalto;No existe;II;Dentro;Urbana;Otra Señal;No existe;Intersección;Bueno;S/D;Diurna;S/D;Múltiple;S/D;Colisión;Ninguna;Faltante
10463;2021;26/12/2021;Domingo;15:00:00;;0.0;1;Moto/Ciclomotor;Av. Ovidio Lagos Y Av. Pellegrini;1;1;0;0;0;0;Calle;ROSARIO;Constitución;Asfalto;No existe;II;Dentro;Urbana;Otra Señal;Funciona;Intersección;Bueno;S/D;Diurna;S/D;Múltiple;S/D;Colisión;Ninguna;Horizontal,Vertical
10464;2021;26/12/2021;Domingo;21:00:00;;0.0;2;Otros,Peatón; ;2;1;0;0;0;1;Calle;ROSARIO;Constitución;S/D;S/D;II;Dentro;Urbana;Otra Señal;S/D;Intersección;S/D;S/D;Nocturna;S/D;Múltiple;Peatón;Colisión;S/D;S/D
10465;2021;26/12/2021;Domingo;06:00:00;;0.0;1;Moto/Ciclomotor; ;1;1;0;0;0;0;S/D;ROSARIO;Constitución;S/D;S/D;II;S/D;S/D;Otra Señal;S/D;Intersección;S/D;S/D;Nocturna;S/D;Múltiple;S/D;Colisión;S/D;S/D
10466;2021;26/12/2021;Domingo;00:00:00;;0.0;1;Moto/Ciclomotor; ;1;1;0;0;0;0;S/D;ROSARIO;Constitución;S/D;S/D;II;S/D;S/D;Otra Señal;S/D;Intersección;S/D;S/D;Nocturna;S/D;Múltiple;S/D;Colisión;S/D;S/D
10467;2021;26/12/2021;Domingo;18:15:00;;0.0;1;Automóvil;LOS EUCALIPTOS Y LOS PERALES;1;0;0;0;0;0;Calle;COLASTINE;Constitución;Arena;No existe;I;Dentro;Urbana;Otra Señal;No existe;Intersección;Deteriorada;Buena;Diurna;Buen Tiempo;Múltiple;S/D;Colisión;Ninguna;Faltante
10468;2021;26/12/2021;Domingo;13:20:00;Autopista Nacional Rosario -Cordoba;324.0;1;Automóvil; ;2;1;0;0;0;0;Autopista;ROLDÁN;San Lorenzo;Asfalto;Natural;XVII;Fuera;Rural;Otra Señal;No existe;Intersección;Bueno;Buena;Diurna;S/D;Múltiple;S/D;Colisión;Ninguna;Horizontal
10469;2021;26/12/2021;Domingo;11:30:00;Ruta Nacional 7;0.0;2;Moto/Ciclomotor,Pickup/Utilitario;Ruta Nacional 7 ;2;0;0;1;0;0;Ruta;RUFINO;General LÓPEZ;Asfalto;Pavimento;VIII;Dentro;Urbana;Otra Señal;No existe;Intersección;Bueno;S/D;Diurna;S/D;Múltiple;S/D;Colisión;Ninguna;Horizontal
10470;2021;26/12/2021;Domingo;15:30:00;;0.0;1;Moto/Ciclomotor;Av. Ovidio Lagos Y Av. Pellegrini;1;0;0;0;0;0;Calle;ROSARIO;Rosario;Asfalto;No existe;II;Dentro;Urbana;Otra Señal;Funciona;Intersección;Bueno;S/D;Diurna;S/D;Múltiple;S/D;Colisión;Ninguna;Horizontal,Vertical
10471;2021;27/12/2021;Lunes;23:40:00;Ruta Provincial 1;18.0;1;Moto/Ciclomotor; ;1;0;0;0;1;0;Ruta;ARROYO LEYES;La Capital;Asfalto;Natural;I;S/D;Urbana;Otra Señal;No existe;Intersección;Bueno;S/D;Nocturna;S/D;Múltiple;S/D;Colisión;Ninguna;Faltante
10472;2021;27/12/2021;Lunes;16:30:00;;0.0;2;Moto/Ciclomotor,Automóvil;J Castelli Y Rivadavia;2;1;0;1;0;0;Calle;SANTA FE;Constitución;Asfalto;No existe;I;Dentro;Urbana;Otra Señal;No existe;Intersección;Bueno;Buena;Diurna;Buen Tiempo;Múltiple;S/D;Colisión;Ninguna;Faltante
10473;2021;27/12/2021;Lunes;20:10:00;;0.0;2;Bicicleta,Automóvil;Av. A del Valle Y J Castelli;2;1;0;1;0;0;Avenida;SANTA FE;Constitución;Asfalto;No existe;I;Dentro;Urbana;Otra Señal;Funciona;Intersección;Bueno;Buena;Nocturna;Buen Tiempo;Múltiple;Ciclista;Colisión;Ninguna;Horizontal,Vertical
10474;2021;27/12/2021;Lunes;16:30:00;;0.0;2;Automóvil,Taxi/Remis;MAURI Y 13 DE DICIEMBRE ;2;1;0;1;0;0;Calle;SANTA FE;Constitución;Ripio;Natural;I;Dentro;Urbana;Otra Señal;No existe;Intersección;Bueno;Buena;Diurna,Con luz artificial;Buen Tiempo;Múltiple;S/D;Colisión;Ninguna;Faltante
10475;2021;27/12/2021;Lunes;10:15:00;;0.0;2;Pickup/Utilitario,Pickup/Utilitario;Chacabuco Y Republica de Siria;2;1;0;1;0;0;Calle;SANTA FE;Constitución;Asfalto;No existe;I;Dentro;Urbana;Otra Señal;No existe;Intersección;Bueno;Buena;Diurna;Buen Tiempo;Múltiple;S/D;Colisión;Ninguna;Faltante
10476;2021;27/12/2021;Lunes;07:30:00;;0.0;2;Moto/Ciclomotor,Moto/Ciclomotor;Av. Corrientes Y Mr.Ross;2;1;0;0;0;1;Calle;ROSARIO;Constitución;Asfalto;No existe;II;Dentro;Urbana;Otra Señal;No existe;Intersección;Bueno;Buena;Diurna;Buen Tiempo;Múltiple;S/D;Colisión;Ninguna;Faltante
10477;2021;27/12/2021;Lunes;22:10:00;Autopista Nacional A008;0.0;2;Pickup/Utilitario,Automóvil;Av. Circunvalación Y Mendoza;8;2;0;6;0;0;Autopista;ROSARIO;Constitución;Asfalto;No existe;II;Dentro;Urbana;Otra Señal;Funciona;Intersección;Bueno;Buena;Diurna;Buen Tiempo;Múltiple;S/D;Colisión;Ninguna;Horizontal,Vertical
10478;2021;27/12/2021;Lunes;12:20:00;;0.0;2;Moto/Ciclomotor,Moto/Ciclomotor;Av. Génova Y Ottone Bis;2;1;0;0;0;1;Avenida;ROSARIO;Constitución;Asfalto;No existe;II;Dentro;Urbana;Otra Señal;Funciona;Intersección;Bueno;Buena;Diurna;Buen Tiempo;Múltiple;S/D;Colisión;Ninguna;Horizontal,Vertical
10479;2021;27/12/2021;Lunes;09:30:00;Ruta Nacional 11;695.0;1;Automóvil; ;5;5;0;0;0;0;Ruta;MARGARITA;Constitución;Asfalto;Natural;XIX;Fuera;Rural;Otra Señal;No existe;Intersección;Bueno;S/D;Diurna;S/D;Múltiple;S/D;Colisión;Ninguna;Horizontal
10480;2021;27/12/2021;Lunes;;;0.0;1;Moto/Ciclomotor;Estanislao López ;1;1;0;0;0;0;Calle;LARRECHEA;Constitución;Ripio;S/D;XV;Dentro;Urbana;Otra Señal;S/D;Intersección;Bueno;S/D;S/D;S/D;Múltiple;S/D;Colisión;S/D;S/D
10481;2021;27/12/2021;Lunes;13:00:00;;0.0;2;Automóvil,Automóvil;Lavalle Y C Pellegrini;2;2;0;0;0;0;Calle;SAN LORENZO;Constitución;Ripio;S/D;XVII;Dentro;Urbana;Otra Señal;S/D;Intersección;S/D;S/D;Diurna;S/D;Múltiple;S/D;Colisión;S/D;S/D
10482;2021;27/12/2021;Lunes;09:05:00;;0.0;2;Moto/Ciclomotor,Automóvil;San Roque Y 2 de Abril;2;1;0;1;0;0;Calle;CAPITÁN BERMÚDEZ;Constitución;Asfalto;No existe;XVII;Dentro;Urbana;Otra Señal;No existe;Intersección;Bueno;Buena;Diurna;Buen Tiempo;Múltiple;S/D;Colisión;Ninguna;Faltante
10483;2021;27/12/2021;Lunes;;;0.0;2;Moto/Ciclomotor,Automóvil; ;2;1;0;1;0;0;S/D;SAN JERÓNIMO NORTE;Constitución;S/D;S/D;XI;Dentro;Urbana;Otra Señal;S/D;Intersección;S/D;S/D;S/D;S/D;Múltiple;S/D;Colisión;S/D;S/D
10484;2021;27/12/2021;Lunes;01:30:00;;0.0;1;Moto/Ciclomotor;G.Carrasco Y Gallo;1;0;0;0;0;0;Avenida;ROSARIO;Constitución;Asfalto;No existe;II;Dentro;Urbana;Otra Señal;Funciona;Intersección;S/D;S/D;Nocturna;S/D;Múltiple;S/D;Colisión;S/D;Horizontal,Vertical
10485;2021;27/12/2021;Lunes;00:15:00;;0.0;1;Moto/Ciclomotor;Martin Zapata Y San Martin;3;3;0;0;0;0;Calle;SANTA FE;Constitución;Asfalto;No existe;I;Dentro;Urbana;Otra Señal;No existe;Intersección;S/D;S/D;Nocturna;S/D;Múltiple;S/D;Colisión;S/D;Faltante
10486;2021;27/12/2021;Lunes;12:00:00;;0.0;1;Moto/Ciclomotor;Bv. Seguí Y Constitución;1;1;0;0;0;0;Calle;ROSARIO;Constitución;Asfalto;No existe;II;Dentro;Urbana;Otra Señal;No existe;Intersección;Bueno;S/D;Diurna;S/D;Múltiple;S/D;Colisión;Ninguna;Faltante
10487;2021;27/12/2021;Lunes;17:30:00;;0.0;1;Moto/Ciclomotor;Bv. Avellaneda Y Lamadrid;1;1;0;0;0;0;Calle;ROSARIO;Constitución;Asfalto;No existe;II;Dentro;Urbana;Otra Señal;No existe;Intersección;Bueno;S/D;Diurna;S/D;Múltiple;S/D;Colisión;Ninguna;Faltante
10488;2021;27/12/2021;Lunes;08:50:00;;0.0;1;Moto/Ciclomotor;Laprida Y Ameghino;1;1;0;0;0;0;Calle;ROSARIO;Constitución;Asfalto;No existe;II;Dentro;Urbana;Otra Señal;No existe;Intersección;Bueno;S/D;Diurna;S/D;Múltiple;S/D;Colisión;Ninguna;Faltante
10489;2021;27/12/2021;Lunes;10:15:00;;0.0;2;Moto/Ciclomotor,Camión c / Acoplado;Solís 400;2;0;0;1;0;0;Calle;LEHMANN;Constitución;Ripio;No existe;V;Dentro;Urbana;Otra Señal;No existe;Intersección;Bueno;Buena;Diurna;Buen Tiempo;Múltiple;S/D;Colisión;Ninguna;Faltante
10490;2021;27/12/2021;Lunes;;;0.0;2;Moto/Ciclomotor,Moto/Ciclomotor; ;3;2;0;0;0;0;Camino Rural;HELVECIA;Constitución;Tierra;No existe;VII;Dentro;Rural;Otra Señal;No existe;Intersección;S/D;Buena;Diurna;S/D;Múltiple;S/D;Colisión;S/D;S/D
10491;2021;27/12/2021;Lunes;20:30:00;;0.0;2;Bicicleta,Moto/Ciclomotor;Juan José Paso 4400;2;1;0;0;0;0;Calle;SANTO TOMÉ;Constitución;Ripio;No existe;I;Dentro;Urbana;Otra Señal;No existe;Intersección;Bueno;Buena;Nocturna,Con luz artificial;Buen Tiempo;Múltiple;Ciclista;Colisión;Ninguna;Faltante
10492;2021;27/12/2021;Lunes;12:10:00;;0.0;1;Moto/Ciclomotor;Oroño  Y URIBURU;1;0;0;0;0;0;Calle;PUEBLO ESTHER;Rosario;Ripio;No existe;II;Dentro;Urbana;Otra Señal;No existe;Intersección;Bueno;Buena;Diurna;Buen Tiempo;Múltiple;S/D;Colisión;Ninguna;Faltante
10493;2021;28/12/2021;Martes;09:10:00;;0.0;2;Moto/Ciclomotor,Pickup/Utilitario;Av. Urquiza Y J Castelli;2;1;0;1;0;0;Avenida;SANTA FE;Constitución;Asfalto;No existe;I;Dentro;Urbana;Otra Señal;No existe;Intersección;Bueno;Buena;Diurna;S/D;Múltiple;S/D;Colisión;Ninguna;Vertical
10494;2021;28/12/2021;Martes;16:00:00;;0.0;2;Automóvil,Moto/Ciclomotor;CAITO Y CANILLITA;2;1;0;1;0;0;Calle;COLASTINE;Constitución;Arena;No existe;I;Dentro;Urbana;Otra Señal;No existe;Intersección;Bueno;Buena;Diurna;Buen Tiempo;Múltiple;S/D;Colisión;Ninguna;Faltante
10495;2021;28/12/2021;Martes;12:30:00;;0.0;2;Moto/Ciclomotor,Automóvil;1ro de Mayo Y Rivadavia;2;1;0;1;0;0;Calle;LAGUNA PAIVA;Constitución;Asfalto;No existe;I;Dentro;Urbana;Otra Señal;No existe;Intersección;Bueno;Buena;Diurna;Buen Tiempo;Múltiple;S/D;Colisión;Ninguna;Faltante
10496;2021;28/12/2021;Martes;02:15:00;;0.0;2;Automóvil,Moto/Ciclomotor;Mariano Candioti 3300;2;1;0;1;0;0;Calle;SANTO TOMÉ;Constitución;Asfalto;No existe;I;Dentro;Urbana;Otra Señal;No existe;Intersección;Bueno;Buena;Nocturna;Buen Tiempo;Múltiple;S/D;Colisión;Ninguna;Faltante
10497;2021;28/12/2021;Martes;14:05:00;;0.0;2;Bicicleta,Pickup/Utilitario;Calle 6 Y Calle 7;2;1;0;1;0;0;Calle;SAUCE VIEJO;Constitución;Tierra;No existe;I;Dentro;Urbana;Otra Señal;No existe;Intersección;Bueno;Buena;Diurna;Buen Tiempo;Múltiple;Ciclista;Colisión;Otro;Faltante
10498;2021;28/12/2021;Martes;08:50:00;Ruta Provincial 6;0.0;2;Moto/Ciclomotor,Automóvil;Av. Los Colonizadores ;2;1;0;1;0;0;Ruta;ESPERANZA;Constitución;Asfalto;Pavimento;XI;Dentro;Urbana;Otra Señal;Funciona;Intersección;Bueno;Buena;Diurna;Buen Tiempo;Múltiple;S/D;Colisión;Ninguna;Horizontal,Vertical
10499;2021;28/12/2021;Martes;22:30:00;;0.0;2;Peatón,Automóvil;Calle 1333 Y Nicolas Laguna;2;1;0;1;0;0;Calle;ROSARIO;Constitución;Asfalto;No existe;II;Dentro;Urbana;Otra Señal;No existe;Intersección;Bueno;Buena;Diurna;Buen Tiempo;Múltiple;Peatón;Colisión;Ninguna;Faltante
10500;2021;28/12/2021;Martes;22:15:00;Ruta Nacional 11;0.0;2;Automóvil,Moto/Ciclomotor;Calle 9-Mariano Moreno Y Ruta Nacional 11;2;1;0;1;0;0;Ruta;RECONQUISTA;Constitución;Asfalto;No existe;IX;Dentro;Urbana;Otra Señal;Funciona;Intersección;Bueno;Buena;Nocturna;Otro;Múltiple;S/D;Colisión;Ninguna;Horizontal,Vertical
10501;2021;28/12/2021;Martes;19:30:00;Autopista Nacional Rosario -Cordoba;312.0;3;Automóvil,Automóvil,Automóvil; ;5;5;0;0;0;0;Autopista;ROLDÁN;Constitución;Asfalto;Ripio;XVII;Dentro;Urbana;Otra Señal;No existe;Intersección;Bueno;S/D;Nocturna;Buen Tiempo;Múltiple;S/D;Colisión;Ninguna;Horizontal
10502;2021;28/12/2021;Martes;;;0.0;2;Moto/Ciclomotor,Automóvil;1ro de Mayo Y Urquiza;2;1;0;1;0;0;Calle;RAFAELA;Constitución;Asfalto;No existe;V;Dentro;Urbana;Otra Señal;No existe;Intersección;Bueno;S/D;Diurna;S/D;Múltiple;S/D;Colisión;S/D;Horizontal
10503;2021;28/12/2021;Martes;;Ruta Provincial 70;0.0;2;Pickup/Utilitario,Moto/Ciclomotor;Bv H Irigoyen Y Las Heras;3;2;0;1;0;0;Ruta;RAFAELA;Constitución;Asfalto;No existe;V;Dentro;Urbana;Otra Señal;No existe;Intersección;S/D;S/D;S/D;S/D;Múltiple;S/D;Colisión;S/D;Horizontal
10504;2021;28/12/2021;Martes;;;0.0;2;Automóvil,Moto/Ciclomotor;José Ingenieros Y Roca;2;1;0;1;0;0;Calle;SUNCHALES;Constitución;Asfalto;No existe;V;Dentro;Urbana;Otra Señal;No existe;Intersección;S/D;S/D;S/D;S/D;Múltiple;S/D;Colisión;S/D;S/D
10505;2021;28/12/2021;Martes;19:45:00;Ruta Nacional 11;0.0;2;Moto/Ciclomotor,Pickup/Utilitario;Calle 137 Y Ruta Nacional 11;3;2;0;1;0;0;Ruta;LAS TOSCAS;Constitución;Asfalto;Ripio;IX;Dentro;Urbana;Otra Señal;No existe;Intersección;S/D;S/D;Diurna;S/D;Múltiple;S/D;Colisión;S/D;Horizontal,Vertical
10506;2021;28/12/2021;Martes;13:25:00;;0.0;2;Automóvil,Moto/Ciclomotor;Calle 10-Ludueña Y Calle 25-Rivadavia;2;1;0;1;0;0;Calle;RECONQUISTA;Constitución;Asfalto;No existe;IX;Dentro;Urbana;Otra Señal;No existe;Intersección;S/D;S/D;Diurna;S/D;Múltiple;S/D;Colisión;S/D;Faltante