ID_Accidente;A�o;Fecha;Dia;Hopra;Ruta/Autop;km;Participantes;Tipo;Lugar;Total;Heridos Leves;Heridos Graves;Ilesos;Fallecidos;Sin datos;desc_tipo_via;desc_loc;desc_dpto;|;desc_tipo_banquina;desc_unidad_regional;desc_lugar_calzada;desc_zona;desc_prioridad;desc_estado_semaforo;desc_lugar_via;desc_estado_via;desc_estado_visibilidad;desc_luminosidad;desc_estado_clima;desc_tipo_colision;desc_tipo_atropello;desc_tipo_hecho;desc_pres_calzada;desc_senializacion
10507;2021;28/12/2021;Martes;20:40:00;;0.0;2;Automóvil,Bicicleta;Calle 301 Y Calle 332;2;1;0;1;0;0;Calle;AVELLANEDA;Constitución;S/D;No existe;IX;Dentro;Urbana;Otra Señal;S/D;Intersección;S/D;S/D;Nocturna;S/D;Múltiple;Ciclista;Colisión;S/D;S/D
10508;2021;28/12/2021;Martes;22:00:00;;0.0;1;Moto/Ciclomotor;Garzón Y J.J.Paso;1;1;0;0;0;0;Calle;ROSARIO;Constitución;Asfalto;No existe;II;Dentro;Urbana;Otra Señal;No existe;Intersección;Bueno;S/D;Nocturna;S/D;Múltiple;S/D;Colisión;Ninguna;Faltante
10509;2021;28/12/2021;Martes;21:30:00;;0.0;1;Moto/Ciclomotor;Bv. Seguí Y F.More;1;1;0;0;0;0;Calle;ROSARIO;Constitución;Asfalto;No existe;II;Dentro;Urbana;Otra Señal;Funciona;Intersección;Bueno;S/D;Nocturna;S/D;Múltiple;S/D;Colisión;Ninguna;Horizontal,Vertical
10510;2021;28/12/2021;Martes;07:45:00;;0.0;1;Automóvil; ;1;1;0;0;0;0;S/D;ROSARIO;Constitución;S/D;S/D;II;S/D;S/D;Otra Señal;S/D;Intersección;S/D;S/D;Diurna;S/D;Múltiple;S/D;Colisión;S/D;S/D
10511;2021;28/12/2021;Martes;16:55:00;;0.0;2;Automóvil,Moto/Ciclomotor;Dorrego Y Eva Perón;4;1;0;2;0;0;Calle;SAN JORGE;San MARTÍN;Asfalto;No existe;XVIII;Dentro;Urbana;Otra Señal;No existe;Intersección;Bueno;Buena;Diurna;Buen Tiempo;Múltiple;S/D;Colisión;Ninguna;Faltante
10512;2021;28/12/2021;Martes;08:35:00;Ruta Nacional 11;0.0;2;Moto/Ciclomotor,Automóvil;Av. San Martin Y Pte. Perón;2;0;0;1;0;0;Ruta;FRAY LUIS BELTRÁN;San Lorenzo;Asfalto;Natural;XVII;Dentro;Urbana;Otra Señal;No existe;Intersección;Bueno;Buena;Diurna;Buen Tiempo;Múltiple;S/D;Colisión;Ninguna;Horizontal
10513;2021;28/12/2021;Martes;;;0.0;2;Automóvil,Moto/Ciclomotor;Almafuerte Y Arenales;2;0;0;1;0;0;Calle;RAFAELA;Castellanos;Asfalto;No existe;V;Dentro;Urbana;Otra Señal;No existe;Intersección;Bueno;S/D;S/D;S/D;Múltiple;S/D;Colisión;S/D;Faltante
10514;2021;28/12/2021;Martes;12:20:00;;0.0;2;Peatón,Pickup/Utilitario;Patricio Boyle Y Vuelta de Obligado;2;0;0;1;0;0;Calle;VENADO TUERTO;General LÓPEZ;Tierra;No existe;VIII;Dentro;Urbana;Otra Señal;No existe;Intersección;S/D;S/D;Diurna;S/D;Múltiple;Peatón;Colisión;S/D;S/D
10515;2021;29/12/2021;Miercoles;01:30:00;;0.0;2;Moto/Ciclomotor,Automóvil;4 de Enero Y Hernandarias;2;1;0;1;0;0;Calle;SANTA FE;Constitución;Asfalto;No existe;I;Dentro;Urbana;Otra Señal;No existe;Intersección;Bueno;Buena;Nocturna;Buen Tiempo;Múltiple;S/D;Colisión;Ninguna;Faltante
10516;2021;29/12/2021;Miercoles;13:20:00;;0.0;2;Moto/Ciclomotor,Pickup/Utilitario;Av. Gral. Paz Y Pedro Diaz Colodrero;2;1;0;1;0;0;Calle;SANTA FE;Constitución;Asfalto;No existe;I;Dentro;Urbana;Otra Señal;No existe;Intersección;Bueno;S/D;Diurna;Buen Tiempo;Múltiple;S/D;Colisión;Ninguna;Faltante
10517;2021;29/12/2021;Miercoles;18:30:00;Ruta Nacional 11;479.5;2;Automóvil,Automóvil; ;2;1;0;1;0;0;Ruta;RECREO;Constitución;Asfalto;Ripio;I;Dentro;Rural;Otra Señal;No existe;Intersección;Bueno;Buena;Diurna;Buen Tiempo;Múltiple;S/D;Colisión;Ninguna;Horizontal
10518;2021;29/12/2021;Miercoles;10:30:00;;0.0;2;Pickup/Utilitario,Moto/Ciclomotor;Libertad Y Rivadavia;2;1;0;1;0;0;Calle;PROGRESO;Constitución;Asfalto;Natural;XI;Dentro;Urbana;Otra Señal;No existe;Intersección;Bueno;Buena;Diurna;Buen Tiempo;Múltiple;S/D;Colisión;Ninguna;Faltante
10519;2021;29/12/2021;Miercoles;09:15:00;Autovía Nacional 19;18.0;1;Automóvil; ;3;3;0;0;0;0;Autovía;SAN AGUSTÍN;Constitución;Asfalto;Pavimento;XI;Dentro;Rural;Otra Señal;No existe;Intersección;Bueno;Buena;Diurna;Buen Tiempo;Múltiple;S/D;Colisión;Ninguna;Horizontal
10520;2021;29/12/2021;Miercoles;;Ruta Provincial 1;93.0;2;Moto/Ciclomotor,Pickup/Utilitario; ;3;2;0;0;0;1;Ruta;HELVECIA;Constitución;Asfalto;Ripio;VII;Dentro;Rural;Otra Señal;No existe;Intersección;Bueno;Buena;Diurna;S/D;Múltiple;S/D;Colisión;Ninguna;Faltante
10521;2021;29/12/2021;Miercoles;02:15:00;;0.0;2;Moto/Ciclomotor,Moto/Ciclomotor;4 de enero Y 12 de septiembre;2;1;0;1;0;0;Calle;SANTO TOMÉ;Constitución;Ripio;No existe;I;Dentro;Urbana;Otra Señal;No existe;Intersección;Bueno;Buena;Nocturna,Con luz artificial;Buen Tiempo;Múltiple;S/D;Colisión;Ninguna;Faltante
10522;2021;29/12/2021;Miercoles;22:00:00;Ruta Nacional 11;0.0;2;Moto/Ciclomotor,Automóvil;Juan José Paso Y Ruta 11 Avenida Richieri;2;1;0;1;0;0;Ruta;SANTO TOMÉ;Constitución;Asfalto;Natural;I;Dentro;Urbana;Otra Señal;No existe;Intersección;Bueno;Buena;Nocturna,Con luz artificial;Buen Tiempo;Múltiple;S/D;Colisión;Ninguna;Horizontal
10523;2021;29/12/2021;Miercoles;20:40:00;;0.0;2;Automóvil,Moto/Ciclomotor;Belgrano Y E Alemán;4;1;0;3;0;0;Calle;VERA;Constitución;Asfalto;No existe;XIX;Dentro;Urbana;Otra Señal;No existe;Intersección;Bueno;Buena;Nocturna,Con luz artificial;Buen Tiempo;Múltiple;S/D;Colisión;Ninguna;Faltante
10524;2021;29/12/2021;Miercoles;17:40:00;;0.0;2;Automóvil,Moto/Ciclomotor;Belgrano Y Sarmiento D;2;1;0;1;0;0;Calle;VERA;Constitución;Asfalto;No existe;XIX;Dentro;Urbana;Otra Señal;No existe;Intersección;Bueno;Buena;Diurna;Buen Tiempo;Múltiple;S/D;Colisión;Ninguna;Faltante
10525;2021;29/12/2021;Miercoles;15:05:00;;0.0;2;Pickup/Utilitario,Moto/Ciclomotor;Avenida 18 Y Calle 15;2;1;0;1;0;0;Avenida;LAS PAREJAS;Constitución;Asfalto;Pavimento;III;Dentro;Urbana;Otra Señal;No existe;Intersección;Bueno;Buena;Diurna;Buen Tiempo;Múltiple;S/D;Colisión;Ninguna;Faltante
10526;2021;29/12/2021;Miercoles;19:55:00;;0.0;2;Moto/Ciclomotor,Automóvil;Calle 16 Gral. Obligado Y Calle 17-Bartolome Mitre;2;1;0;1;0;0;Calle;RECONQUISTA;Constitución;Asfalto;No existe;IX;Dentro;Urbana;Otra Señal;No existe;Intersección;Bueno;Buena;Nocturna;Buen Tiempo;Múltiple;S/D;Colisión;Ninguna;Horizontal
10527;2021;29/12/2021;Miercoles;12:15:00;;0.0;2;Moto/Ciclomotor,Peatón;Calle 30-Lucas Funes 1630;2;1;0;1;0;0;Calle;RECONQUISTA;Constitución;Asfalto;No existe;IX;Dentro;Urbana;Otra Señal;No existe;Intersección;Con baches;Buena;Diurna;Buen Tiempo;Múltiple;Peatón;Colisión;Ninguna;Faltante
10528;2021;29/12/2021;Miercoles;19:15:00;;0.0;2;Moto/Ciclomotor,Pickup/Utilitario;Brigadier López Y Leiva;3;2;0;1;0;0;Calle;MARGARITA;Constitución;S/D;S/D;XIX;Dentro;Urbana;Otra Señal;S/D;Intersección;S/D;S/D;Nocturna;S/D;Múltiple;S/D;Colisión;S/D;S/D
10529;2021;29/12/2021;Miercoles;19:45:00;Autopista Provincial Brigadier E.LÓPEZ;16.0;2;Camión c / Acoplado,Camión; ;3;1;0;2;0;0;Autopista;SAN LORENZO;Constitución;Asfalto;Natural;XVII;Dentro;Rural;Otra Señal;No existe;Intersección;Bueno;S/D;Nocturna;S/D;Múltiple;S/D;Colisión;Ninguna;Horizontal
10530;2021;29/12/2021;Miercoles;17:30:00;;0.0;2;Automóvil,Moto/Ciclomotor;Chile Y Leandro N Alem;2;1;0;1;0;0;Avenida;VENADO TUERTO;Constitución;Asfalto;No existe;VIII;Dentro;Urbana;Otra Señal;No existe;Intersección;Bueno;Buena;Diurna;Buen Tiempo;Múltiple;S/D;Colisión;Ninguna;Horizontal
10531;2021;29/12/2021;Miercoles;;Ruta Provincial 61;66.0;1;Pickup/Utilitario; ;3;3;0;0;0;0;Ruta;VIDELA;Constitución;S/D;S/D;XVI;Dentro;Rural;Otra Señal;S/D;Intersección;S/D;S/D;S/D;S/D;Múltiple;S/D;Colisión;S/D;S/D
10532;2021;29/12/2021;Miercoles;19:00:00;;0.0;2;Moto/Ciclomotor,Bicicleta;Calle 301 Y Calle 306;2;1;0;1;0;0;Calle;AVELLANEDA;Constitución;Asfalto;No existe;IX;Dentro;Urbana;Otra Señal;S/D;Intersección;S/D;S/D;S/D;S/D;Múltiple;Ciclista;Colisión;S/D;S/D
10533;2021;29/12/2021;Miercoles;11:10:00;;0.0;2;Automóvil,Moto/Ciclomotor;Bv Sarmiento Y Bv Urquiza;2;1;0;1;0;0;Avenida;VILLA OCAMPO;Constitución;Asfalto;No existe;IX;Dentro;Urbana;Otra Señal;S/D;Intersección;S/D;S/D;Diurna;S/D;Múltiple;S/D;Colisión;S/D;S/D
10534;2021;29/12/2021;Miercoles;09:00:00;;0.0;2;Camión Chasis,Bicicleta;Atlántico Y Urquiza;2;1;0;1;0;0;Calle;CAÑADA DE GÓMEZ;Constitución;Asfalto;No existe;X;Dentro;Urbana;Otra Señal;S/D;Intersección;S/D;S/D;S/D;S/D;Múltiple;Ciclista;Colisión;S/D;S/D
10535;2021;29/12/2021;Miercoles;18:30:00;;0.0;1;Moto/Ciclomotor;Mariano Moreno Y Tucumán;2;2;0;0;0;0;Calle;ROSARIO;Constitución;Asfalto;No existe;II;Dentro;Urbana;Otra Señal;No existe;Intersección;Bueno;S/D;Diurna;S/D;Múltiple;S/D;Colisión;Ninguna;Faltante
10536;2021;29/12/2021;Miercoles;06:50:00;;0.0;1;Otros;Bv. 27 De Febrero ;1;1;0;0;0;0;Calle;ROSARIO;Constitución;S/D;S/D;II;Dentro;Urbana;Otra Señal;S/D;Intersección;S/D;S/D;Diurna;S/D;Múltiple;S/D;Colisión;S/D;S/D
10537;2021;30/12/2021;Jueves;12:45:00;;0.0;2;Automóvil,Moto/Ciclomotor;Balcarce Y General Manuel Belgrano;2;1;0;1;0;0;Calle;SANTO TOMÉ;Constitución;Asfalto;No existe;I;Dentro;Urbana;Otra Señal;No existe;Intersección;Bueno;Buena;Diurna;Buen Tiempo;Múltiple;S/D;Colisión;Ninguna;Faltante
10538;2021;30/12/2021;Jueves;19:15:00;;0.0;2;Moto/Ciclomotor,Automóvil;Calle 8 Y Calle 27;2;1;0;1;0;0;Calle;SAUCE VIEJO;Constitución;Tierra;No existe;I;Dentro;Urbana;Otra Señal;No existe;Intersección;Bueno;Buena;Nocturna;Buen Tiempo;Múltiple;S/D;Colisión;Ninguna;Faltante
10539;2021;30/12/2021;Jueves;12:15:00;;0.0;2;Tractor,Pickup/Utilitario;ADOLFO KESS Y CARLOS KESS;2;1;0;1;0;0;Calle;ESPERANZA;Constitución;Asfalto;No existe;XI;Dentro;Rural;Otra Señal;No existe;Intersección;Bueno;Buena;Diurna;Buen Tiempo;Múltiple;S/D;Colisión;Ninguna;Faltante
10540;2021;30/12/2021;Jueves;04:20:00;;0.0;2;Tractor,Moto/Ciclomotor; ;2;1;0;0;0;1;Camino Rural;SANTA MARGARITA;Constitución;Tierra;No existe;XII;Dentro;Rural;Otra Señal;No existe;Intersección;Bueno;Buena;Nocturna;Buen Tiempo;Múltiple;S/D;Colisión;Ninguna;Faltante
10541;2021;30/12/2021;Jueves;11:40:00;;0.0;2;Moto/Ciclomotor,Pickup/Utilitario;Buenos Aires ;3;1;0;2;0;0;Calle;HELVECIA;Constitución;Ripio;No existe;VII;Dentro;Urbana;Otra Señal;No existe;Intersección;Bueno;Buena;Diurna;S/D;Múltiple;S/D;Colisión;Ninguna;Faltante
10542;2021;30/12/2021;Jueves;03:30:00;Ruta Nacional 11;715.0;1;Moto/Ciclomotor; ;1;1;0;0;0;0;Ruta;VERA;Constitución;Asfalto;Pavimento;XIX;Dentro;Urbana;Otra Señal;No existe;Intersección;S/D;S/D;Nocturna;S/D;Múltiple;S/D;Colisión;Ninguna;Horizontal
10543;2021;30/12/2021;Jueves;13:15:00;Ruta Provincial 3;5.0;1;Moto/Ciclomotor; ;2;2;0;0;0;0;Ruta;VERA;Constitución;Asfalto;No existe;XIX;Dentro;Urbana;Otra Señal;No existe;Intersección;Bueno;Buena;Diurna;Buen Tiempo;Múltiple;S/D;Colisión;Ninguna;Faltante
10544;2021;30/12/2021;Jueves;12:30:00;;0.0;2;Automóvil,Moto/Ciclomotor;Avenida 21 Y Calle 8;2;1;0;1;0;0;Calle;LAS PAREJAS;Constitución;Asfalto;No existe;III;Dentro;Urbana;Otra Señal;No existe;Intersección;Deteriorada;Buena;Diurna;Buen Tiempo;Múltiple;S/D;Colisión;Ninguna;Faltante
10545;2021;30/12/2021;Jueves;03:00:00;;0.0;2;Moto/Ciclomotor,Moto/Ciclomotor;Colombia Y La Paz;3;3;0;0;0;0;Calle;ROSARIO;Constitución;Asfalto;No existe;II;Dentro;Urbana;Otra Señal;No existe;Intersección;Bueno;Buena;Nocturna;Buen Tiempo;Múltiple;S/D;Colisión;Ninguna;Faltante
10546;2021;30/12/2021;Jueves;;;0.0;2;Moto/Ciclomotor,Automóvil;Cerrito Y Fray Luis Beltrán;2;1;0;1;0;0;Calle;CASILDA;Constitución;Asfalto;No existe;IV;Dentro;Urbana;Otra Señal;No existe;Intersección;Bueno;S/D;Diurna;Buen Tiempo;Múltiple;S/D;Colisión;Ninguna;Faltante
10547;2021;30/12/2021;Jueves;00:15:00;;0.0;2;Automóvil,Moto/Ciclomotor;Marcos Paz Y Matienzo;3;2;0;1;0;0;Calle;ROSARIO;Constitución;Asfalto;No existe;II;S/D;Urbana;Otra Señal;No existe;Intersección;Bueno;S/D;Nocturna;S/D;Múltiple;S/D;Colisión;Ninguna;Faltante
10548;2021;30/12/2021;Jueves;06:55:00;;0.0;2;Automóvil,Moto/Ciclomotor;Calle 2 Y Calle 21;2;1;0;1;0;0;Calle;AVELLANEDA;Constitución;Asfalto;No existe;IX;Dentro;Urbana;Otra Señal;No existe;Intersección;Bueno;S/D;Diurna;S/D;Múltiple;Ciclista;Colisión;S/D;Horizontal,Vertical
10549;2021;30/12/2021;Jueves;18:30:00;;0.0;2;Moto/Ciclomotor,Automóvil;Almte. Brown Y Sarmiento;4;3;0;1;0;0;Calle;CAÑADA DE GÓMEZ;Constitución;Asfalto;No existe;X;Dentro;Urbana;Otra Señal;No existe;Intersección;S/D;S/D;Diurna;S/D;Múltiple;S/D;Colisión;S/D;Faltante
10550;2021;30/12/2021;Jueves;17:30:00;Ruta Nacional A008;17.0;1;Moto/Ciclomotor;Bv. Avellaneda Y Av. Circunvalación;1;1;0;0;0;0;Ruta;ROSARIO;Constitución;Asfalto;No existe;II;Dentro;Urbana;Otra Señal;No existe;Intersección;Bueno;S/D;Diurna;S/D;Múltiple;S/D;Colisión;Ninguna;Faltante
10551;2021;30/12/2021;Jueves;18:00:00;;0.0;1;Moto/Ciclomotor;Av. Provincias Unidas Y Marcos Paz;1;1;0;0;0;0;Calle;ROSARIO;Constitución;Asfalto;No existe;II;Dentro;Urbana;Otra Señal;Funciona;Intersección;Bueno;S/D;Diurna;S/D;Múltiple;S/D;Colisión;Ninguna;Horizontal,Vertical
10552;2021;30/12/2021;Jueves;06:00:00;;0.0;1;Moto/Ciclomotor;PJE CELEDONIO ESCALADA ;2;2;0;0;0;0;Calle;ROSARIO;Constitución;Asfalto;No existe;II;Dentro;Urbana;Otra Señal;No existe;Intersección;Bueno;S/D;Diurna;S/D;Múltiple;S/D;Colisión;Ninguna;Faltante
10553;2021;30/12/2021;Jueves;13:50:00;;0.0;1;Moto/Ciclomotor;Riobamba Y Mariano Moreno;1;1;0;0;0;0;Calle;ROSARIO;Constitución;Asfalto;No existe;II;Dentro;Urbana;Otra Señal;Funciona;Intersección;Bueno;S/D;Diurna;S/D;Múltiple;S/D;Colisión;Ninguna;Horizontal,Vertical
10554;2021;30/12/2021;Jueves;07:20:00;;0.0;1;Moto/Ciclomotor;Rivarola Y Calle 1724;1;1;0;0;0;0;Calle;ROSARIO;Constitución;Asfalto;No existe;II;Dentro;Urbana;Otra Señal;No existe;Intersección;Bueno;S/D;Diurna;S/D;Múltiple;S/D;Colisión;Ninguna;Horizontal
10555;2021;30/12/2021;Jueves;04:00:00;Autopista Nacional Rosario -Cordoba;358.0;2;Camión,Moto/Ciclomotor; ;2;0;0;1;0;0;Autopista;CAÑADA DE GÓMEZ;Iriondo;Asfalto;Pavimento;X;Dentro;Rural;Otra Señal;No existe;Intersección;S/D;S/D;Nocturna;S/D;Múltiple;S/D;Colisión;S/D;Horizontal
10556;2021;30/12/2021;Jueves;01:00:00;;0.0;1;Moto/Ciclomotor;Centeno Y Crespo;1;0;0;0;0;0;Calle;ROSARIO;Rosario;Asfalto;S/D;II;Dentro;Urbana;Otra Señal;S/D;Intersección;S/D;S/D;Nocturna;S/D;Múltiple;S/D;Colisión;S/D;S/D
10557;2021;30/12/2021;Jueves;12:00:00;;0.0;2;Moto/Ciclomotor,Automóvil;Corrientes Y H Irigoyen;3;0;0;1;0;0;Calle;LAGUNA PAIVA;La Capital;Asfalto;No existe;I;Dentro;Urbana;Otra Señal;No existe;Intersección;Bueno;Buena;Diurna;Buen Tiempo;Lateral;S/D;Colisión;Ninguna;Faltante
10558;2021;31/12/2021;Viernes;16:20:00;Ruta Provincial 2;327.0;2;Automóvil,Pickup/Utilitario; ;3;2;0;0;1;0;Ruta;LOGROÑO;9 de Julio;Asfalto;Pavimento;XII;Dentro;Rural;Otra Señal;No existe;Intersección;Bueno;Buena;Diurna;Buen Tiempo;Múltiple;S/D;Colisión;Ninguna;S/D
10559;2021;31/12/2021;Viernes;21:00:00;Ruta Provincial 2;276.0;1;Automóvil; ;1;0;0;0;1;0;Ruta;ESTEBAN RAMS;9 de Julio;Asfalto;Natural;XII;Dentro;Urbana;Otra Señal;No existe;Intersección;Bueno;Buena;Nocturna;Buen Tiempo;Múltiple;S/D;Colisión;Ninguna;Faltante
10560;2021;31/12/2021;Viernes;22:30:00;Ruta Provincial 18;2.0;2;Moto/Ciclomotor,Automóvil; ;2;0;0;1;1;0;Ruta;ROSARIO;Rosario;Asfalto;Natural;II;Dentro;Urbana;Otra Señal;No existe;Intersección;Bueno;Buena;Nocturna;Buen Tiempo;Múltiple;S/D;Colisión;Ninguna;Vertical
10561;2021;31/12/2021;Viernes;10:50:00;;0.0;1;Moto/Ciclomotor;Juan B Justo Y Carlos Avale;1;0;0;0;1;0;Calle;SAN GENARO;San JERÓNIMO;Asfalto,Tierra;No existe;XV;S/D;Urbana;Otra Señal;No existe;Intersección;Bueno;S/D;Diurna;S/D;Múltiple;S/D;Colisión;Ninguna;Faltante
10562;2021;31/12/2021;Viernes;02:00:00;;0.0;2;Moto/Ciclomotor,Automóvil;Av. Almte. Brown Y Regis Martínez;2;1;0;1;0;0;Avenida;SANTA FE;Constitución;Asfalto;No existe;I;Dentro;Urbana;Otra Señal;No existe;Intersección;Bueno;Buena;Nocturna;Buen Tiempo;Múltiple;S/D;Colisión;Ninguna;Horizontal
10563;2021;31/12/2021;Viernes;21:30:00;;0.0;2;Moto/Ciclomotor,Pickup/Utilitario;Moreno Y Rivadavia;3;1;0;2;0;0;Calle;LAGUNA PAIVA;Constitución;Asfalto;No existe;I;Dentro;Urbana;Otra Señal;No existe;Intersección;Bueno;Buena;Nocturna,Con luz artificial;Buen Tiempo;Múltiple;S/D;Colisión;Ninguna;Faltante
10564;2021;31/12/2021;Viernes;18:55:00;Ruta Provincial 2;13.0;1;Automóvil; ;2;2;0;0;0;0;Ruta;MONTE VERA;Constitución;Hormigón;Natural;I;Dentro;Urbana;Otra Señal;No existe;Intersección;Bueno;Buena;Diurna;Buen Tiempo;Múltiple;S/D;Colisión;Ninguna;Horizontal
10565;2021;31/12/2021;Viernes;21:40:00;Ruta Nacional 11;0.0;2;Moto/Ciclomotor,Pickup/Utilitario;Independencia Y Ruta Nacional 11;3;2;0;1;0;0;Ruta;SAN JUSTO;Constitución;Asfalto;Pavimento;XVI;Dentro;Urbana;Otra Señal;No existe;Intersección;Bueno;Buena;Nocturna;Buen Tiempo;Múltiple;S/D;Colisión;Ninguna;Horizontal
10566;2021;31/12/2021;Viernes;20:50:00;;0.0;1;Moto/Ciclomotor;1ro de Mayo Y Alvear;2;1;0;1;0;0;Calle;VERA;Constitución;Asfalto;No existe;XIX;Dentro;Urbana;Otra Señal;No existe;Intersección;Bueno;Buena;Nocturna,Con luz artificial;Buen Tiempo;Múltiple;S/D;Colisión;Ninguna;Horizontal
10567;2021;31/12/2021;Viernes;19:00:00;;0.0;2;Automóvil,Moto/Ciclomotor;Bolivia Y La Plata;2;1;0;1;0;0;Calle;ARMSTRONG;Constitución;Ripio;No existe;III;Dentro;Urbana;Otra Señal;No existe;Intersección;Bueno;Buena;Diurna;Buen Tiempo;Múltiple;S/D;Colisión;Ninguna;Faltante
10568;2021;31/12/2021;Viernes;17:10:00;;0.0;2;Moto/Ciclomotor,Automóvil;Alberdi Y Mariano Moreno;2;1;0;1;0;0;Calle;CORONDA;Constitución;Asfalto;No existe;II;Dentro;Urbana;Otra Señal;No existe;Intersección;Bueno;Buena;Diurna;Buen Tiempo;Múltiple;S/D;Colisión;Ninguna;Faltante
10569;2021;31/12/2021;Viernes;18:35:00;;0.0;1;Moto/Ciclomotor;Estados Unidos Y Pavón;1;1;0;0;0;0;Calle;VENADO TUERTO;Constitución;Asfalto;No existe;IX;Dentro;Urbana;Otra Señal;No existe;Intersección;S/D;S/D;Diurna;S/D;Múltiple;S/D;Colisión;S/D;S/D
10570;2021;31/12/2021;Viernes;;;0.0;2;Moto/Ciclomotor,Pickup/Utilitario;R Casabella Y Vélez Sarsfield;2;1;0;1;0;0;Calle;RAFAELA;Constitución;Asfalto;No existe;V;Dentro;Urbana;Otra Señal;No existe;Intersección;S/D;S/D;S/D;S/D;Múltiple;S/D;Colisión;S/D;Horizontal
10571;2021;31/12/2021;Viernes;11:30:00;;0.0;2;Automóvil,Moto/Ciclomotor;Estanislao del Campo Y J M Williner;2;1;0;1;0;0;Calle;RAFAELA;Constitución;Asfalto;No existe;VIII;Dentro;Urbana;Otra Señal;No existe;Intersección;S/D;S/D;Diurna;S/D;Múltiple;S/D;Colisión;S/D;Horizontal
10572;2021;31/12/2021;Viernes;;Ruta Provincial 70;0.0;1;Moto/Ciclomotor;Av. Luis Fanti Y Ituzaingó;1;1;0;0;0;0;Ruta;RAFAELA;Constitución;Asfalto;Pavimento;V;Dentro;Urbana;Otra Señal;No existe;Intersección;S/D;S/D;Diurna;S/D;Múltiple;S/D;Colisión;S/D;Faltante
10573;2021;31/12/2021;Viernes;22:35:00;;0.0;1;Automóvil;A Méndez Y Urquiza;2;2;0;0;0;0;Calle;VERA;Constitución;S/D;No existe;XIX;Dentro;Urbana;Otra Señal;S/D;Intersección;S/D;S/D;Nocturna;S/D;Múltiple;S/D;Colisión;S/D;S/D
10574;2021;31/12/2021;Viernes;18:30:00;Ruta Nacional 9;0.0;2;Moto/Ciclomotor,Moto/Ciclomotor;Av. Santa Fe Y Suipacha;2;2;0;0;0;0;Ruta;CAÑADA DE GÓMEZ;Constitución;Asfalto;Ripio;X;Dentro;Urbana;Otra Señal;No existe;Intersección;S/D;S/D;Diurna;S/D;Múltiple;S/D;Colisión;S/D;Horizontal
10575;2021;31/12/2021;Viernes;;Ruta Secundaria 98-s;0.0;1;Automóvil; ;2;2;0;0;0;0;Ruta;GARABATO;Constitución;S/D;S/D;XIX;Dentro;Rural;Otra Señal;S/D;Intersección;S/D;S/D;S/D;S/D;Múltiple;S/D;Colisión;S/D;S/D
10576;2021;31/12/2021;Viernes;21:27:00;;0.0;1;Moto/Ciclomotor;Rivarola Y M.Gonzalez;1;1;0;0;0;0;Calle;ROSARIO;Constitución;Asfalto;No existe;II;Dentro;Urbana;Otra Señal;No existe;Intersección;Bueno;S/D;Nocturna;S/D;Múltiple;S/D;Colisión;Ninguna;Horizontal
10577;2021;31/12/2021;Viernes;18:22:00;;0.0;1;Moto/Ciclomotor;Bv. Avellaneda Bis Y Alberdi;1;1;0;0;0;0;Calle;ROSARIO;Constitución;Asfalto;No existe;II;Dentro;Urbana;Otra Señal;Funciona;Intersección;Bueno;S/D;Diurna;S/D;Múltiple;S/D;Colisión;Ninguna;Horizontal,Vertical
10578;2021;31/12/2021;Viernes;00:30:00;;0.0;1;Moto/Ciclomotor;Av. Génova Y Olmos Bis;1;1;0;0;0;0;Calle;ROSARIO;Constitución;Asfalto;No existe;II;Dentro;Urbana;Otra Señal;No existe;Intersección;Bueno;S/D;Nocturna;S/D;Múltiple;S/D;Colisión;Ninguna;Faltante
10579;2021;31/12/2021;Viernes;;;0.0;2;Automóvil,Moto/Ciclomotor;Laprida ;2;0;0;1;0;0;Calle;CAÑADA ROSQUÍN;San MARTÍN;Asfalto;No existe;XVIII;Dentro;Urbana;Otra Señal;No existe;Intersección;Bueno;Buena;Diurna;Buen Tiempo;Múltiple;S/D;Colisión;Ninguna;Faltante
10580;2021;31/12/2021;Viernes;;;0.0;2;Moto/Ciclomotor,Automóvil;Carlos Pellegrini Y Magdalena de De Lorenzi;2;0;0;1;0;0;Calle;RAFAELA;Castellanos;Asfalto;No existe;V;Dentro;Urbana;Otra Señal;S/D;Intersección;S/D;S/D;S/D;S/D;Múltiple;S/D;Colisión;S/D;S/D
10581;2021;31/12/2021;Viernes;04:00:00;Autopista Nacional Rosario -Cordoba;356.0;1;Automóvil; ;5;4;0;0;0;0;Autopista;CAÑADA DE GÓMEZ;Iriondo;Asfalto;Pavimento;X;Dentro;Rural;Otra Señal;S/D;Intersección;S/D;S/D;Nocturna;S/D;Múltiple;S/D;Colisión;S/D;Horizontal